scene_id,im_id,obj_id,score,R,t,time,instance_id,track_id,tracking_mode,source
1,358,1,0.740103354,-0.537169054 0.829571303 -0.152515117 0.139598892 -0.0908855325 -0.986028382 -0.831842267 -0.550954875 -0.0669863392,4947.30139 691.997886 6448.68946,0,0,0,factor_graph_prior_initial,sequence_factor_graph|prior|initial
1,380,1,1,0.443620541 0.892067943 -0.0861138814 0.19932775 -0.191888984 -0.960961532 -0.873767282 0.409137389 -0.262939791,3866.84704 -30.1726516 14962.369,0,0,0,factor_graph_prior_initial,sequence_factor_graph|prior|initial
1,381,1,0.563617643,0.413310242 0.906603782 -0.0851130238 0.127951578 -0.150364836 -0.980315668 -0.901555898 0.39428416 -0.178148711,3984.03883 5.3471718 15496.6183,0,0,0,factor_graph_prior_initial,sequence_factor_graph|prior|initial
1,382,1,0.778232545,0.479985277 0.860008545 -0.173203453 0.164035847 -0.281933551 -0.945307206 -0.861804139 0.425321966 -0.276396184,5664.1717 45.2072695 21360.8055,0,0,0,factor_graph_prior_initial,sequence_factor_graph|prior|initial
1,384,1,0.527252772,0.705156279 0.69142369 -0.157123848 0.0250054781 -0.245709087 -0.969021037 -0.708610858 0.679382312 -0.190552686,4403.77378 -159.872353 18537.5462,0,0,0,factor_graph_prior_initial,sequence_factor_graph|prior|initial
1,385,1,0.932044753,0.460066622 0.882567418 -0.0970229612 0.0899631835 -0.155048163 -0.983802161 -0.883314966 0.443886043 -0.150731059,4616.20855 -240.353853 19711.5173,0,0,0,factor_graph_prior_initial,sequence_factor_graph|prior|initial
1,387,1,0.592156846,0.477970438 0.861911706 -0.169270411 0.0935275629 -0.241552175 -0.965870148 -0.873382422 0.445825929 -0.1960673,4209.35726 -175.055906 19281.5037,0,0,0,factor_graph_prior_initial,sequence_factor_graph|prior|initial
1,388,1,0.626536472,0.517022742 0.821221363 -0.241418635 0.0274710321 -0.297814545 -0.9542284 -0.855530728 0.486725765 -0.176536691,4600.36945 -415.716171 21206.522,0,0,0,factor_graph_prior_initial,sequence_factor_graph|prior|initial
1,389,1,0.589791131,0.507524252 0.850741497 -0.136594429 0.0979132268 -0.214445827 -0.97181582 -0.856056151 0.479845696 -0.192135303,4915.52544 -391.870379 22925.3998,0,0,0,factor_graph_prior_initial,sequence_factor_graph|prior|initial
1,390,1,0.724032752,0.485183447 0.85887983 -0.164080654 0.121153721 -0.251867064 -0.9601483 -0.865978521 0.44596908 -0.226258218,4434.12971 -215.118155 21718.586,0,0,0,factor_graph_prior_initial,sequence_factor_graph|prior|initial
1,391,1,0.868911171,0.492579484 0.857006589 -0.151344502 0.122107938 -0.240246461 -0.963001189 -0.861658345 0.455874264 -0.222987786,4434.02958 -290.784746 21977.972,0,0,0,factor_graph_prior_initial,sequence_factor_graph|prior|initial
1,392,1,0.892208192,0.46885397 0.875878257 -0.114075561 0.193570573 -0.227900242 -0.954249398 -0.861804147 0.425321947 -0.27639619,5515.66553 -499.795347 26347.8203,0,0,0,factor_graph_prior_initial,sequence_factor_graph|prior|initial
1,393,1,0.367879441,0.461017372 0.884036523 -0.077087016 0.211557528 -0.193857355 -0.957947148 -0.861804151 0.425321938 -0.27639619,5701.3588 -533.902943 27512.3978,0,0,0,factor_graph_prior_initial,sequence_factor_graph|prior|initial
1,394,1,0.367879441,0.537211303 0.839999308 -0.0761917173 0.112845744 -0.161101726 -0.980465232 -0.835864734 0.518119094 -0.181336015,5603.58429 -600.567162 27327.9552,0,0,0,factor_graph_prior_initial,sequence_factor_graph|prior|initial
1,395,1,0.367879441,0.466738328 0.878286015 -0.103773832 0.198617617 -0.218437412 -0.955424586 -0.86180414 0.425321963 -0.276396188,5889.72092 -576.428056 29098.3219,0,0,0,factor_graph_prior_initial,sequence_factor_graph|prior|initial
1,396,1,1,0.507001521 0.846899761 -0.160344169 0.108865228 -0.247453692 -0.962764266 -0.855042584 0.470667043 -0.217657334,5720.61682 -483.406603 28936.2354,0,0,0,factor_graph_prior_initial,sequence_factor_graph|prior|initial
1,397,1,0.52347277,-0.0432522071 0.989007327 0.141399273 -0.0440991171 0.139503822 -0.989239077 -0.998090434 -0.0490223565 0.0375805017,4068.82858 -309.432805 23037.9791,0,0,0,factor_graph_prior_initial,sequence_factor_graph|prior|initial
1,398,1,0.448881228,-0.724244424 0.677401678 0.12882927 -0.00602337185 0.180610513 -0.983536253 -0.689517029 -0.713096634 -0.126725915,4700.34695 -529.8509 26099.184,0,0,0,factor_graph_prior_initial,sequence_factor_graph|prior|initial
1,399,1,0.451830259,-0.73867004 0.66453299 0.112971134 -0.0163015154 0.149936048 -0.988561299 -0.673870041 -0.732062215 -0.0999203719,4799.92151 -529.473722 26685.2055,0,0,0,factor_graph_prior_initial,sequence_factor_graph|prior|initial
1,400,1,0.467124955,-0.749624727 0.649262093 0.128536004 0.0568975215 0.256699504 -0.964815027 -0.659412952 -0.715935821 -0.229369699,4472.94474 -490.06319 25565.9046,0,0,0,factor_graph_prior_initial,sequence_factor_graph|prior|initial
1,401,1,0.883042578,-0.424354339 0.904157465 0.0492206547 0.129578246 0.114434347 -0.984943784 -0.896176809 -0.411587243 -0.16571985,3896.84963 -387.136787 22567.9493,0,0,0,factor_graph_prior_initial,sequence_factor_graph|prior|initial
1,402,1,0.799034891,-0.718909793 0.694896931 0.0169400319 -0.0332410147 -0.0100266276 -0.999397069 -0.694308105 -0.719039444 0.0303073199,4425.32682 -532.258689 25091.2666,0,0,0,factor_graph_prior_initial,sequence_factor_graph|prior|initial
1,403,1,0.404685057,-0.430123691 0.902515788 0.0214210636 0.158190217 0.0987093526 -0.982462375 -0.888802265 -0.419191741 -0.1852264,4061.62548 -378.317475 22843.3285,0,0,0,factor_graph_prior_initial,sequence_factor_graph|prior|initial
1,404,1,0.447610849,-0.166012239 0.984619768 -0.0544412464 0.0420272959 -0.0480927262 -0.997958314 -0.985227711 -0.167961313 -0.0333969252,3896.22974 -440.972507 21463.9015,0,0,0,factor_graph_prior_initial,sequence_factor_graph|prior|initial
1,405,1,0.433161283,-0.715038352 0.69456897 -0.0793353747 0.0267193379 -0.0862491129 -0.995915241 -0.698574429 -0.714237381 0.0431130005,4917.3398 -682.516813 27994.0014,0,0,0,factor_graph_prior_initial,sequence_factor_graph|prior|initial
1,406,1,0.632636001,-0.438456626 0.898750602 0.00177270571 0.0106592055 0.00717235536 -0.999917466 -0.898689139 -0.438401543 -0.0127247341,4258.93784 -479.629844 24749.2409,0,0,0,factor_graph_prior_initial,sequence_factor_graph|prior|initial
1,407,1,0.470257025,-0.452598359 0.886229291 0.0987540845 0.0721892925 0.146797795 -0.98652882 -0.888787619 -0.439372338 -0.130416707,4183.63428 -509.826779 24119.7338,0,0,0,factor_graph_prior_initial,sequence_factor_graph|prior|initial
1,408,1,0.864721003,-0.570599833 0.814658043 0.103673062 -0.00290937307 0.124235382 -0.99224851 -0.821223092 -0.566478458 -0.0685185441,4558.9819 -598.895729 26300.5371,0,0,0,factor_graph_prior_initial,sequence_factor_graph|prior|initial
1,409,1,0.499492721,-0.0995670569 0.995028758 -0.00204245702 -0.0541417921 -0.00746726471 -0.998505336 -0.993556776 -0.0993076553 0.0546161337,4137.19416 -592.087507 23977.0374,0,0,0,factor_graph_prior_initial,sequence_factor_graph|prior|initial
1,410,1,1,0.0257573143 0.999467885 0.020012669 0.0252163277 0.0193633506 -0.999494471 -0.999350138 0.0262489392 -0.0247041619,4322.14451 -524.990797 24785.9058,0,0,0,factor_graph_prior_initial,sequence_factor_graph|prior|initial
1,411,1,0.407593792,-0.422531282 0.905681922 0.0347501491 0.121927612 0.0947920546 -0.988002087 -0.898109667 -0.413224785 -0.150480243,4237.95605 -514.163673 24817.1825,0,0,0,factor_graph_prior_initial,sequence_factor_graph|prior|initial
1,412,1,0.452361307,-0.468115059 0.882486813 0.0456652601 0.0828329113 0.0952708053 -0.991999084 -0.879776676 -0.460587123 -0.117696651,4428.02477 -538.954318 25982.2254,0,0,0,factor_graph_prior_initial,sequence_factor_graph|prior|initial
1,413,1,1,-0.463851361 0.883566914 0.0644315407 0.100338434 0.124657622 -0.987113305 -0.880212539 -0.45140889 -0.146478328,4426.01252 -527.732968 26244.833,0,0,0,factor_graph_prior_initial,sequence_factor_graph|prior|initial
1,414,1,0.501268728,-0.440126802 0.89651064 0.0505674851 0.08881049 0.0995008868 -0.991066229 -0.893532929 -0.431703887 -0.123412556,4298.95878 -518.739283 25865.3698,0,0,0,factor_graph_prior_initial,sequence_factor_graph|prior|initial
1,415,1,1,-0.30063784 0.953053355 -0.0361412656 -0.00674616722 -0.0400183728 -0.99917617 -0.953714516 -0.30014635 0.0184604944,4207.21912 -557.049632 25116.4589,0,0,0,factor_graph_prior_initial,sequence_factor_graph|prior|initial
1,416,1,0.367879441,0.0458268298 0.997380353 -0.0559672548 0.0935974771 -0.0600666917 -0.993796511 -0.994554882 0.0403041497 -0.0961049508,4169.16656 -508.324564 24870.2965,0,0,0,factor_graph_prior_initial,sequence_factor_graph|prior|initial
1,417,1,0.463528926,0.493015847 0.858335141 -0.142113199 0.132870555 -0.235711248 -0.962697057 -0.859814393 0.455742245 -0.230256847,5568.09378 -886.682272 33070.5795,0,0,0,factor_graph_prior_initial,sequence_factor_graph|prior|initial
1,418,1,0.492777544,0.495415656 0.860195988 -0.120938788 0.174588968 -0.23498669 -0.95619033 -0.850930091 0.452597081 -0.266596815,5900.8441 -997.310817 34219.9478,0,0,0,factor_graph_prior_initial,sequence_factor_graph|prior|initial
1,419,1,0.45406267,0.538249058 0.824721747 -0.173556881 0.119392159 -0.278471527 -0.952994817 -0.8342862 0.492227232 -0.248352347,5954.13828 -1050.59969 34739.727,0,0,0,factor_graph_prior_initial,sequence_factor_graph|prior|initial
1,420,1,1,-0.319333901 0.947362769 0.0230139861 -0.0069644198 0.0219387061 -0.99973506 -0.947616672 -0.319409576 -0.000407940603,4511.56473 -708.194017 29100.5421,0,0,0,factor_graph_prior_initial,sequence_factor_graph|prior|initial
1,421,1,0.775431266,-0.52655965 0.84992261 0.0191439814 0.0312866304 0.0418768539 -0.998632803 -0.849562288 -0.525240789 -0.0486418761,4616.42694 -739.968121 28932.8957,0,0,0,factor_graph_prior_initial,sequence_factor_graph|prior|initial
1,422,1,1,-0.537885888 0.839635676 0.0754367483 0.0842010887 0.142545537 -0.986200257 -0.838802091 -0.524111345 -0.147371471,4920.46356 -890.232503 30703.598,0,0,0,factor_graph_prior_initial,sequence_factor_graph|prior|initial
1,423,1,0.965845362,-0.45454907 0.890206402 0.0302936506 0.0463563844 0.0576068356 -0.997262522 -0.889514603 -0.451900448 -0.0674518836,4473.66571 -679.041266 28325.9811,0,0,0,factor_graph_prior_initial,sequence_factor_graph|prior|initial
1,424,1,0.754490192,-0.447245221 0.892639541 0.0562704356 0.0745731471 0.0999103115 -0.992197952 -0.891297121 -0.439559529 -0.111251349,4350.12722 -696.009576 28005.3711,0,0,0,factor_graph_prior_initial,sequence_factor_graph|prior|initial
1,425,1,0.968493807,-0.768490448 0.610647732 0.191132882 0.0245543823 0.326633912 -0.944831927 -0.639389955 -0.721401161 -0.266009119,5064.39829 -1091.10415 33182.5104,0,0,0,factor_graph_prior_initial,sequence_factor_graph|prior|initial
1,426,1,0.777387211,-0.563221558 0.823933908 0.062565096 0.118171072 0.155254157 -0.980781191 -0.817812371 -0.545003726 -0.184807642,4765.67364 -874.843121 31521.4672,0,0,0,factor_graph_prior_initial,sequence_factor_graph|prior|initial
1,427,1,0.533742811,-0.450779998 0.888909088 0.0814740879 0.0409902934 0.111791054 -0.992885973 -0.891693439 -0.44423349 -0.0868298151,4316.64515 -779.03223 28826.0975,0,0,0,factor_graph_prior_initial,sequence_factor_graph|prior|initial
1,428,1,0.673080924,-0.320907056 0.946731047 0.0268139158 -0.0499383782 0.0113581892 -0.998687714 -0.945793223 -0.321824977 0.0436332901,4322.61276 -763.648212 27437.8204,0,0,0,factor_graph_prior_initial,sequence_factor_graph|prior|initial
1,429,1,0.973950616,-0.328962846 0.944311872 -0.00765075662 -0.0312531144 -0.018983933 -0.999331203 -0.943825561 -0.328503727 0.0357576956,4409.59024 -685.897529 27525.835,0,0,0,factor_graph_prior_initial,sequence_factor_graph|prior|initial
1,430,1,1,-0.288187172 0.957431051 -0.0165510266 0.0177176043 -0.0119499575 -0.999771616 -0.957410174 -0.288414599 -0.01351956,4319.10849 -727.561593 26647.9492,0,0,0,factor_graph_prior_initial,sequence_factor_graph|prior|initial
1,431,1,0.492545428,-0.547542278 0.831812333 0.091025802 0.050343636 0.141330911 -0.988681492 -0.835262218 -0.536762346 -0.119261106,4696.61951 -908.101201 29933.3324,0,0,0,factor_graph_prior_initial,sequence_factor_graph|prior|initial
1,432,1,0.398328741,-0.454116363 0.889403519 0.0523422442 0.0510979806 0.0846524296 -0.995099474 -0.889475871 -0.44921637 -0.0838887771,4692.33465 -838.271797 29875.8125,0,0,0,factor_graph_prior_initial,sequence_factor_graph|prior|initial
1,433,1,0.895937074,-0.453365276 0.887160606 0.0860580363 0.0450569026 0.119238027 -0.991842814 -0.890185263 -0.445789583 -0.0940310899,4703.7344 -863.57975 30056.7741,0,0,0,factor_graph_prior_initial,sequence_factor_graph|prior|initial
1,434,1,0.465875134,-0.183215366 0.982946812 0.0157383065 0.0407835939 0.0235953846 -0.998889361 -0.982226465 -0.182370016 -0.0444111406,4273.98539 -748.878479 26899.7421,0,0,0,factor_graph_prior_initial,sequence_factor_graph|prior|initial
1,435,1,0.485344613,-0.0621947563 0.995174925 0.0758859727 0.0825498293 0.0809018897 -0.993297745 -0.994644327 -0.055513537 -0.0871831935,4307.77216 -800.582945 27270.7291,0,0,0,factor_graph_prior_initial,sequence_factor_graph|prior|initial
1,436,1,0.541937626,-0.351249278 0.936276874 0.00309199079 -0.00744776638 0.000508270666 -0.999972136 -0.936252357 -0.351262519 0.00679464172,4283.9179 -750.76443 26563.1943,0,0,0,factor_graph_prior_initial,sequence_factor_graph|prior|initial
1,437,1,0.984081217,-0.346620455 0.935962938 0.061867914 0.0219901519 0.0740470621 -0.99701227 -0.93774767 -0.344224362 -0.0462481935,4434.73768 -806.089163 27309.0801,0,0,0,factor_graph_prior_initial,sequence_factor_graph|prior|initial
1,438,1,0.475877293,-0.074917907 0.991579459 0.105628994 0.0507049198 0.109577634 -0.992684116 -0.995899753 -0.0690139066 -0.0584872839,4231.21977 -746.426165 26373.93,0,0,0,factor_graph_prior_initial,sequence_factor_graph|prior|initial
1,439,1,0.9007797,-0.151147387 0.987518218 -0.0442971363 0.0274919169 -0.0405952334 -0.998797388 -0.988128869 -0.152183429 -0.0210129053,4388.39626 -903.514028 27094.4672,0,0,0,factor_graph_prior_initial,sequence_factor_graph|prior|initial
1,440,1,0.696023493,-0.321555046 0.946737289 -0.0170545519 -0.0576521797 -0.0375526408 -0.997630205 -0.945134159 -0.319809794 0.0666567094,4646.2059 -923.958719 29045.4674,0,0,0,factor_graph_prior_initial,sequence_factor_graph|prior|initial
1,441,1,1,-0.28918578 0.956945213 -0.025048833 -0.0276320032 -0.0345005467 -0.999022615 -0.956874107 -0.288210985 0.0364193807,4689.61906 -955.089808 30292.1085,0,0,0,factor_graph_prior_initial,sequence_factor_graph|prior|initial
1,442,1,0.449365845,-0.451611609 0.887133111 0.0950883699 0.0230069393 0.118119308 -0.992732849 -0.891917953 -0.446141987 -0.0737542684,4722.86797 -1021.57521 32622.9401,0,0,0,factor_graph_prior_initial,sequence_factor_graph|prior|initial
1,443,1,0.561113657,-0.360241835 0.932065853 0.0384586302 0.0096421144 0.0449447536 -0.998942941 -0.932809118 -0.359490215 -0.0251780661,4358.15525 -987.510264 31842.3767,0,0,0,factor_graph_prior_initial,sequence_factor_graph|prior|initial
1,444,1,0.98618957,-0.260419149 0.964342694 0.0471702793 0.0653015395 0.06633663 -0.995658154 -0.963284784 -0.256208157 -0.0802483912,4092.67473 -967.149436 30909.6928,0,0,0,factor_graph_prior_initial,sequence_factor_graph|prior|initial
1,445,1,0.8987142,-0.300573227 0.952120965 0.0558695222 0.0423893175 0.0718562539 -0.996513836 -0.952816289 -0.297157108 -0.061957824,3718.56904 -863.025069 29581.7814,0,0,0,factor_graph_prior_initial,sequence_factor_graph|prior|initial
1,446,1,0.475586093,-0.253559032 0.967309066 -0.00458118655 0.0534836586 0.00929054985 -0.998525505 -0.965840212 -0.253430179 -0.0540909307,3810.10604 -918.053508 30860.9982,0,0,0,factor_graph_prior_initial,sequence_factor_graph|prior|initial
1,447,1,0.501794239,-0.265998044 0.960594287 -0.0806452556 -0.0653498285 -0.101436099 -0.992693365 -0.961755915 -0.258784339 0.0897564756,3786.94153 -1003.6552 32663.7726,0,0,0,factor_graph_prior_initial,sequence_factor_graph|prior|initial
1,448,1,0.478898988,-0.0182232387 0.999303623 0.0325604341 -0.019789146 0.0321989717 -0.999285553 -0.999638086 -0.0188545624 0.0191885958,3404.95372 -868.661404 31557.7507,0,0,0,factor_graph_prior_initial,sequence_factor_graph|prior|initial
1,449,1,0.957622481,-0.283238263 0.958371464 0.0360586195 0.0566760183 0.0542589954 -0.996917143 -0.957373446 -0.280321421 -0.0696849022,3228.31392 -962.414086 31740.5872,0,0,0,factor_graph_prior_initial,sequence_factor_graph|prior|initial
1,450,1,0.964132952,-0.309355977 0.950907776 -0.00856040309 0.031657185 0.00130110846 -0.999497939 -0.950419224 -0.30947166 -0.0305055691,3123.37208 -1011.19328 32828.5103,0,0,0,factor_graph_prior_initial,sequence_factor_graph|prior|initial
1,451,1,0.469517618,-0.171301747 0.98518095 -0.00861436688 0.0545257317 0.000749916702 -0.998512084 -0.983708624 -0.171516569 -0.0538461742,2840.58881 -991.103649 31949.8482,0,0,0,factor_graph_prior_initial,sequence_factor_graph|prior|initial
1,452,1,0.888329724,-0.262993211 0.964135288 0.035745171 -0.0267276299 0.0297545209 -0.999199831 -0.964427397 -0.263738156 0.0179438142,2636.42979 -981.283665 32117.2256,0,0,0,factor_graph_prior_initial,sequence_factor_graph|prior|initial
1,453,1,0.49007792,-0.727247152 0.677094167 -0.112494754 0.0172007961 -0.145866691 -0.98915471 -0.686160122 -0.721294945 0.0944345773,3001.91832 -1474.03705 39859.7069,0,0,0,factor_graph_prior_initial,sequence_factor_graph|prior|initial
1,454,1,0.367879441,-0.0416591884 0.999131366 -0.00101292437 0.107729784 0.00348393845 -0.994174107 -0.993307005 -0.0415256086 -0.107781344,2083.2963 -902.876019 33389.8735,0,0,0,factor_graph_prior_initial,sequence_factor_graph|prior|initial
1,455,1,0.865489016,-0.281709375 0.954797873 -0.0948728052 -0.00692053609 -0.100896702 -0.994872837 -0.959474822 -0.279608435 0.0350312601,2064.87989 -992.551982 34257.988,0,0,0,factor_graph_prior_initial,sequence_factor_graph|prior|initial
1,456,1,0.50221072,0.376521618 0.914450722 0.148362218 0.156241504 0.0951718977 -0.983123035 -0.913137483 0.393347412 -0.107040879,2242.98835 -1343.22619 40121.3837,0,0,0,factor_graph_prior_initial,sequence_factor_graph|prior|initial
1,457,1,0.521299231,-0.369561131 0.929129892 0.011925322 -0.0202128059 0.00479252825 -0.999784214 -0.928986551 -0.369722429 0.01700919,1546.46921 -1228.59073 38152.7519,0,0,0,factor_graph_prior_initial,sequence_factor_graph|prior|initial
1,458,1,0.71544826,-0.470479226 0.882336714 0.0114551892 0.0185994581 0.0228947326 -0.999564851 -0.882215029 -0.470061437 -0.0271824808,1017.55607 -1283.39112 38585.7315,0,0,0,factor_graph_prior_initial,sequence_factor_graph|prior|initial
1,459,1,0.594331765,-0.320281738 0.946125732 0.0475994522 -0.0674259356 0.0273515284 -0.997349305 -0.944919759 -0.322642206 0.0550332176,721.691072 -1361.00233 37931.2325,0,0,0,factor_graph_prior_initial,sequence_factor_graph|prior|initial
1,460,1,0.626447129,-0.137037457 0.989513201 0.0456547954 0.0443686442 0.0521749047 -0.997651844 -0.989571705 -0.13469003 -0.0510532754,408.53703 -1266.48569 34154.0871,0,0,0,factor_graph_prior_initial,sequence_factor_graph|prior|initial
1,461,1,0.537987796,-0.123987445 0.992185188 -0.0139880761 0.068680585 -0.00548214701 -0.997623638 -0.989904082 -0.124653515 -0.0674641418,158.764943 -1152.03893 31635.3455,0,0,0,factor_graph_prior_initial,sequence_factor_graph|prior|initial
1,462,1,0.530767898,-0.0621101526 0.99757861 0.0312929009 0.0199457236 0.0325877916 -0.999269835 -0.99786998 -0.0614406424 -0.02192146,-230.765224 -952.748895 28086.3113,0,0,0,factor_graph_prior_initial,sequence_factor_graph|prior|initial
1,463,1,0.842484799,-0.698700846 0.693347329 -0.176313949 0.0229325592 -0.224617601 -0.974177105 -0.71504631 -0.684701697 0.141040279,-868.776441 -1696.16032 42413.8718,0,0,0,factor_graph_prior_initial,sequence_factor_graph|prior|initial
1,464,1,0.560916657,-0.679959243 0.71757538 -0.150801197 -0.0110905799 -0.215702562 -0.976396131 -0.733166029 -0.662237102 0.154627278,-1514.15634 -1804.56042 44376.5793,0,0,0,factor_graph_prior_initial,sequence_factor_graph|prior|initial
1,465,1,0.949006418,-0.741158015 0.66095663 -0.117563302 -0.0398200394 -0.218094017 -0.975115052 -0.670148612 -0.718032961 0.187961448,-2229.96664 -2106.22716 48822.3114,0,0,0,factor_graph_prior_initial,sequence_factor_graph|prior|initial
1,466,1,0.367879441,0.27640109 0.959189533 0.0596479383 -0.00519716797 0.0635568227 -0.997964689 -0.961028317 0.275528527 0.0225522442,-2078.36962 -1365.89408 39928.051,0,0,0,factor_graph_prior_initial,sequence_factor_graph|prior|initial
1,467,1,0.759726338,0.604231172 0.788192255 -0.116865993 0.106752152 -0.225421446 -0.968395141 -0.789625651 0.572658835 -0.220347884,-2799.40629 -1929.77929 43481.4796,0,0,0,factor_graph_prior_initial,sequence_factor_graph|prior|initial
1,468,1,0.367879441,0.9420365 0.331317879 0.0528743303 0.0913050087 -0.101514213 -0.990635281 -0.322847684 0.938042284 -0.125881076,-3520.89047 -1993.11614 46042.8658,0,0,0,factor_graph_prior_initial,sequence_factor_graph|prior|initial
1,469,1,0.952926045,0.799546671 0.590687824 -0.108687693 0.0489898546 -0.244501379 -0.968410589 -0.598602635 0.768964869 -0.224427975,-4139.19687 -1839.70439 46700.1534,0,0,0,factor_graph_prior_initial,sequence_factor_graph|prior|initial
1,470,1,1,0.490345969 0.869563299 -0.0584850396 0.0274747714 -0.0824962092 -0.996212584 -0.871094695 0.486881962 -0.0643427365,-3672.56403 -1783.04935 39261.9667,0,0,0,factor_graph_prior_initial,sequence_factor_graph|prior|initial
1,471,1,0.82991826,-0.295265056 0.954508311 0.0416224703 -0.0194654239 0.0375457929 -0.999105305 -0.955217066 -0.295811083 0.00749394829,-3652.07481 -1471.73607 34333.1642,0,0,0,factor_graph_prior_initial,sequence_factor_graph|prior|initial
1,472,1,0.966775239,0.460808907 0.887482054 -0.00554568461 0.00964106267 -0.0112540452 -0.999890192 -0.887447013 0.46070484 -0.0137422344,-3569.13567 -1671.13638 32034.7252,0,0,0,factor_graph_prior_initial,sequence_factor_graph|prior|initial
1,473,1,0.761693264,0.277705544 0.96058459 -0.0125250472 -0.0763893699 0.00908386428 -0.997036683 -0.957624297 0.277839395 0.0759010911,-3578.2001 -1858.16228 30118.885,0,0,0,factor_graph_prior_initial,sequence_factor_graph|prior|initial
1,474,1,0.74909349,0.0204751458 0.99970679 0.0129267881 0.0394178774 0.0121122572 -0.9991494 -0.999013013 0.0209672762 -0.0391583195,-3521.93952 -1638.34667 28668.5371,0,0,0,factor_graph_prior_initial,sequence_factor_graph|prior|initial
1,475,1,0.835304536,0.314391857 0.946646997 0.0708323663 0.0259360844 0.0660223367 -0.997481013 -0.948938923 0.315437022 -0.00379543139,-3927.3324 -2333.23145 29679.3575,0,0,0,factor_graph_prior_initial,sequence_factor_graph|prior|initial
1,476,1,0.728606742,0.736592046 0.66159481 -0.140443817 0.0862102425 -0.297803765 -0.950726413 -0.670820358 0.688189817 -0.276396134,-5582.36504 -2169.5075 43386.3258,0,0,0,factor_graph_prior_initial,sequence_factor_graph|prior|initial
1,477,1,0.683354833,0.736600235 0.676277549 -0.00829279088 0.0667661067 -0.084912178 -0.994148987 -0.673024799 0.731736701 -0.107698749,-5109.45797 -1865.88621 36687.4733,0,0,0,factor_graph_prior_initial,sequence_factor_graph|prior|initial
1,478,1,0.806270357,0.714211935 0.697509051 0.0581587138 0.0665603805 0.0150319729 -0.997669161 -0.69675751 0.716418288 -0.0356904534,-5055.85527 -1504.88305 34378.7498,0,0,0,factor_graph_prior_initial,sequence_factor_graph|prior|initial
1,479,1,0.766582795,0.307660719 0.942102117 0.133373469 0.045222452 0.125535915 -0.991057851 -0.95042086 0.310941047 -0.00398169786,-4392.80128 -1270.48016 28134.3842,0,0,0,factor_graph_prior_initial,sequence_factor_graph|prior|initial
1,480,1,0.766995151,0.483038792 0.875524604 -0.0114102101 0.0839729962 -0.0592924268 -0.99470244 -0.871562999 0.479521716 -0.102160966,-4731.01521 -1395.88416 32706.1539,0,0,0,factor_graph_prior_initial,sequence_factor_graph|prior|initial
1,481,1,0.593431661,0.673984053 0.732407082 -0.0965679168 0.104179122 -0.223643143 -0.969087434 -0.731363252 0.643089116 -0.227033438,-5257.39765 -1610.53312 36999.9352,0,0,0,factor_graph_prior_initial,sequence_factor_graph|prior|initial
1,482,1,0.86304904,0.455419188 0.889053906 0.0466531281 0.142147128 -0.0208844685 -0.989625198 -0.878855823 0.457325913 -0.135887647,-5474.88976 -1584.61034 37561.7752,0,0,0,factor_graph_prior_initial,sequence_factor_graph|prior|initial
1,483,1,0.536954621,0.450987667 0.889186819 -0.0771811162 -0.0376853794 -0.0674266386 -0.997012267 -0.89173423 0.452548836 0.0031007602,-5100.65651 -1496.69862 36349.308,0,0,0,factor_graph_prior_initial,sequence_factor_graph|prior|initial
1,484,1,1,0.502896919 0.863751649 -0.0320589734 0.0460372265 -0.0638048777 -0.996899951 -0.863119495 0.499862007 -0.0718520067,-4562.2592 -1297.89734 34138.0653,0,0,0,factor_graph_prior_initial,sequence_factor_graph|prior|initial
1,485,1,0.74568287,0.314277327 0.946875885 0.0682335733 -0.0342164159 0.0831268038 -0.99595139 -0.948714393 0.310670232 0.0585235688,-4045.27473 -1242.42282 30776.5865,0,0,0,factor_graph_prior_initial,sequence_factor_graph|prior|initial
1,486,1,0.715484222,-0.27817273 0.953590198 0.11526347 -0.0480295178 0.106040635 -0.993201162 -0.959329504 -0.281817528 0.0163028645,-4628.63827 -1572.99542 35038.4216,0,0,0,factor_graph_prior_initial,sequence_factor_graph|prior|initial
1,487,1,0.768331297,0.475821837 0.87126946 0.120345785 0.0401915704 0.115146229 -0.99253513 -0.87862291 0.477106775 0.0197714024,-4247.09463 -1334.71704 34156.6277,0,0,0,factor_graph_prior_initial,sequence_factor_graph|prior|initial
1,488,1,0.963144267,-0.281215109 0.959408061 0.0213127753 -0.0294391389 0.0135738309 -0.999474406 -0.959193098 -0.281694734 0.0244269809,-4420.52841 -1453.67968 36585.0296,0,0,0,factor_graph_prior_initial,sequence_factor_graph|prior|initial
1,489,1,0.986329173,0.487427925 0.869638513 -0.0783764988 0.0595170109 -0.122643003 -0.990664635 -0.871132449 0.478212872 -0.111537909,-4070.95098 -1529.47736 36396.1945,0,0,0,factor_graph_prior_initial,sequence_factor_graph|prior|initial
1,490,1,0.905947103,0.343666183 0.937686101 -0.0513646793 0.0039956455 -0.0561556631 -0.998414031 -0.939083377 0.342915904 -0.0230454636,-3558.90346 -1391.82031 33962.6083,0,0,0,factor_graph_prior_initial,sequence_factor_graph|prior|initial
1,491,1,0.695642265,0.312165658 0.943172823 0.113919393 0.0719580162 0.0960934121 -0.992767898 -0.947298604 0.318105458 -0.037871782,-3248.38161 -1338.27794 32687.7327,0,0,0,factor_graph_prior_initial,sequence_factor_graph|prior|initial
1,492,1,0.987996376,0.561090284 0.818800667 0.12142142 0.0558887309 0.108878797 -0.992482674 -0.825865693 0.563658474 0.0153291047,-3493.95752 -1673.88451 37855.381,0,0,0,factor_graph_prior_initial,sequence_factor_graph|prior|initial
1,493,1,0.841823758,0.627890943 0.769854119 0.114357332 0.115348802 0.0532621927 -0.991896059 -0.769706189 0.635993533 -0.0553589022,-3637.85481 -1826.59388 43255.6763,0,0,0,factor_graph_prior_initial,sequence_factor_graph|prior|initial
1,494,1,0.964839625,0.325686086 0.945316469 0.0174741987 0.0295652667 0.00829030638 -0.999528472 -0.945015592 0.326049145 -0.025248496,-2778.89967 -1468.29236 38250.7477,0,0,0,factor_graph_prior_initial,sequence_factor_graph|prior|initial
1,495,1,0.576218464,-0.325683111 0.945399104 0.0122900574 -0.0104357635 0.00940353422 -0.999901329 -0.945421391 -0.325779232 0.00680338913,-2725.43716 -1624.32265 38987.9875,0,0,0,factor_graph_prior_initial,sequence_factor_graph|prior|initial
1,496,1,0.597453749,-0.316218888 0.94825349 0.0286519282 -0.00676802176 0.0279460136 -0.999586522 -0.948662115 -0.316282056 -0.00241925712,-2548.96832 -1803.64096 40218.7729,0,0,0,factor_graph_prior_initial,sequence_factor_graph|prior|initial
1,497,1,0.965339271,0.728467905 0.684396769 -0.0305871357 0.0232076968 -0.0692748125 -0.997327631 -0.684686727 0.725811313 -0.0663477503,-2359.83515 -1969.30969 44470.5429,0,0,0,factor_graph_prior_initial,sequence_factor_graph|prior|initial
1,498,1,0.555015806,0.989472461 0.143591613 -0.0180471244 0.00613648444 -0.166218672 -0.986069823 -0.144591125 0.975578189 -0.165349946,-2152.1709 -1959.81443 48816.3605,0,0,0,factor_graph_prior_initial,sequence_factor_graph|prior|initial
1,499,1,0.748226519,0.986438672 0.0427420503 0.158467229 0.148455113 0.179417504 -0.972507295 -0.0699987504 0.982844075 0.170639088,-1679.15964 -2285.12812 53498.1613,0,0,0,factor_graph_prior_initial,sequence_factor_graph|prior|initial
1,500,1,0.671086191,0.456298473 0.889028716 -0.0376781888 0.0675684667 -0.0768387088 -0.994751384 -0.887257689 0.45135768 -0.0951316927,-783.491135 -1846.95435 47631.7406,0,0,0,factor_graph_prior_initial,sequence_factor_graph|prior|initial
1,501,1,0.941701805,0.512317363 0.839226618 -0.182289889 0.0481229014 -0.239982279 -0.969583773 -0.857446853 0.487962283 -0.163333108,-340.609163 -1820.25898 45300.4761,0,0,0,factor_graph_prior_initial,sequence_factor_graph|prior|initial
1,502,1,0.894609326,0.749823452 0.644843508 -0.148127111 0.0404635742 -0.268153057 -0.962526175 -0.660399492 0.715730947 -0.227160124,33.9581892 -2051.60499 48246.0175,0,0,0,factor_graph_prior_initial,sequence_factor_graph|prior|initial
1,503,1,0.707874972,0.984719975 0.159591287 0.069693552 0.0659592199 0.0285847649 -0.997412799 -0.161170566 0.98676924 0.0176214722,340.130836 -2218.50085 52112.9608,0,0,0,factor_graph_prior_initial,sequence_factor_graph|prior|initial
1,504,1,0.830739002,0.980611762 0.194345984 -0.0251039884 0.00965317702 -0.175859464 -0.984367952 -0.195722733 0.965040459 -0.174325915,847.574592 -2020.99085 51138.3018,0,0,0,factor_graph_prior_initial,sequence_factor_graph|prior|initial
1,505,1,0.975232409,0.466303518 0.883434557 0.0458738643 0.00657964636 0.0483918282 -0.998806758 -0.884600326 0.466048939 0.0167525928,995.970011 -1877.57754 49590.5762,0,0,0,factor_graph_prior_initial,sequence_factor_graph|prior|initial
1,506,1,0.704537141,0.446948078 0.89350115 -0.0435098957 0.0972567582 -0.0968848032 -0.990532411 -0.889257296 0.438484926 -0.130201502,1474.85447 -2321.84505 53407.4593,0,0,0,factor_graph_prior_initial,sequence_factor_graph|prior|initial
1,507,1,0.720344005,0.428419876 0.8980996 -0.0993655791 0.0693011745 -0.142303794 -0.987394034 -0.900918285 0.416133078 -0.123205131,1602.02634 -1984.00271 50130.0163,0,0,0,factor_graph_prior_initial,sequence_factor_graph|prior|initial
1,508,1,0.872635861,-0.339297773 0.939165425 -0.0533415983 0.00324056096 -0.0555381109 -0.998451309 -0.94067344 -0.338945162 0.0158005346,1845.7619 -1835.44886 46837.7571,0,0,0,factor_graph_prior_initial,sequence_factor_graph|prior|initial
1,509,1,0.988190407,-0.55518362 0.83151101 -0.0189891788 0.022478644 -0.00782193451 -0.999716724 -0.831423995 -0.5554532 -0.01434863,2156.71396 -1888.12745 48978.0273,0,0,0,factor_graph_prior_initial,sequence_factor_graph|prior|initial
1,510,1,0.912154302,-0.0428421407 0.998516489 0.0336061344 -0.0323880951 0.032231274 -0.998955533 -0.99855674 -0.0438858322 0.0309591902,1982.60117 -1470.23225 42367.5461,0,0,0,factor_graph_prior_initial,sequence_factor_graph|prior|initial
1,511,1,0.559310662,-0.639142679 0.73818012 0.21583963 -0.00684303419 0.27517414 -0.961370046 -0.769057741 -0.615929625 -0.170824145,2647.57466 -2027.5209 52272.3312,0,0,0,factor_graph_prior_initial,sequence_factor_graph|prior|initial
1,512,1,0.468577292,-0.2785646 0.960058213 -0.0262676992 0.0286942752 -0.0190185559 -0.999407291 -0.959988751 -0.279153224 -0.0222502781,2562.3219 -1653.5238 46707.3288,0,0,0,factor_graph_prior_initial,sequence_factor_graph|prior|initial
1,513,1,1,-0.707662061 0.69217615 0.14179769 0.0403955859 0.239997626 -0.969932645 -0.705395353 -0.680656534 -0.197798076,3154.02985 -2216.72821 55311.1763,0,0,0,factor_graph_prior_initial,sequence_factor_graph|prior|initial
1,514,1,0.531521659,-0.484412217 0.868446765 0.105569981 -0.0477489977 0.0942474745 -0.994403061 -0.873535825 -0.486741852 -0.00418716556,3090.67988 -2117.16199 53262.043,0,0,0,factor_graph_prior_initial,sequence_factor_graph|prior|initial
1,515,1,0.637214893,-0.438795587 0.8985803 -0.00344620299 0.0149070582 0.00344471358 -0.99988295 -0.89846325 -0.438795599 -0.014906714,3003.87716 -1824.59068 50513.4583,0,0,0,factor_graph_prior_initial,sequence_factor_graph|prior|initial
1,516,1,0.883052132,-0.334952413 0.939655268 -0.0696768102 0.101630833 -0.0374874848 -0.994115618 -0.936737986 -0.340062737 -0.0829414239,2933.22492 -1680.34959 47811.676,0,0,0,factor_graph_prior_initial,sequence_factor_graph|prior|initial
1,517,1,1,-0.439068256 0.898418597 -0.00794301715 0.0919859645 0.0361568558 -0.995103645 -0.893732426 -0.437649068 -0.0985172288,3035.29549 -1803.51186 48531.9252,0,0,0,factor_graph_prior_initial,sequence_factor_graph|prior|initial
1,518,1,0.509539859,-0.274750346 0.961228166 0.0235087414 0.0540973656 0.0398644916 -0.997739594 -0.959992564 -0.272857538 -0.0629526944,3166.87346 -1912.33087 48799.0417,0,0,0,factor_graph_prior_initial,sequence_factor_graph|prior|initial
1,519,1,0.606404252,-0.187432363 0.982277339 0.000582786853 0.00133603822 0.000848235921 -0.999998748 -0.982276603 -0.187431349 -0.00147134693,3111.70936 -1862.54537 46268.8675,0,0,0,factor_graph_prior_initial,sequence_factor_graph|prior|initial
1,520,1,0.469680961,-0.0398124463 0.995524826 0.0857046679 -0.0781895182 0.0824057566 -0.993526895 -0.996143247 -0.0462559429 0.0745588317,3108.82473 -1733.71744 45531.8871,0,0,0,factor_graph_prior_initial,sequence_factor_graph|prior|initial
1,521,1,0.703394338,-0.896047729 0.442827018 0.0316654347 -0.0415511791 -0.0126376274 -0.99905645 -0.442009012 -0.896517999 0.029723902,4037.65345 -2408.95319 60111.7401,0,0,0,factor_graph_prior_initial,sequence_factor_graph|prior|initial
1,522,1,0.741460367,-0.512190039 0.852145027 0.107285681 0.00665516276 0.128848596 -0.991641946 -0.858846361 -0.507195123 -0.0716661311,4208.57048 -2503.50666 60952.7855,0,0,0,factor_graph_prior_initial,sequence_factor_graph|prior|initial
1,523,1,0.941674132,-0.748115106 0.65000785 -0.133467538 -0.0746194053 -0.282267612 -0.956429265 -0.659360094 -0.705559912 0.259671864,4926.7149 -3034.53207 67124.1226,0,0,0,factor_graph_prior_initial,sequence_factor_graph|prior|initial
1,524,1,0.951995195,-0.767971635 0.637413811 -0.0626354615 -0.0776266856 -0.189705106 -0.978767628 -0.635762271 -0.746803593 0.195168462,5156.41785 -3050.47178 69088.2416,0,0,0,factor_graph_prior_initial,sequence_factor_graph|prior|initial
1,525,1,0.454889665,-0.0321171011 0.997958058 0.0552105661 -0.00207730838 0.0551722943 -0.998474688 -0.999481954 -0.0321828018 0.000301092482,3514.49156 -1898.65923 58509.1057,0,0,0,factor_graph_prior_initial,sequence_factor_graph|prior|initial
1,526,1,1,-0.433974594 0.898787573 0.0620237851 -0.0724277121 0.0338161508 -0.996800228 -0.898009063 -0.437078215 0.0504217772,3969.09094 -2127.82669 56921.7072,0,0,0,factor_graph_prior_initial,sequence_factor_graph|prior|initial
1,527,1,0.650969956,-0.343932656 0.93840135 0.0333651589 0.0123758696 0.0400599215 -0.999120634 -0.938912757 -0.343217291 -0.025391448,3982.05233 -2133.97479 52912.0293,0,0,0,factor_graph_prior_initial,sequence_factor_graph|prior|initial
1,528,1,0.955658778,-0.308495394 0.951186834 -0.00861381516 0.010680302 -0.00559129401 -0.999927332 -0.951165876 -0.308564975 -0.00843407416,4287.98532 -2144.59467 54597.95,0,0,0,factor_graph_prior_initial,sequence_factor_graph|prior|initial
1,529,1,0.880402483,-0.301416605 0.952712014 -0.0385726349 0.00858375907 -0.037741147 -0.999250682 -0.953453905 -0.301521846 0.00319795801,4407.09352 -2166.05306 54592.6018,0,0,0,factor_graph_prior_initial,sequence_factor_graph|prior|initial
1,530,1,0.990400585,-0.0222405009 0.998193485 0.0558133155 0.00064415934 0.0558414204 -0.998439443 -0.999752442 -0.0221698407 -0.00188493682,3813.9286 -1887.51733 48079.6509,0,0,0,factor_graph_prior_initial,sequence_factor_graph|prior|initial
1,531,1,0.865586557,-0.382090448 0.917963841 0.106532982 0.00950570883 0.119177795 -0.992827424 -0.924076042 -0.378337204 -0.0542625943,4104.99239 -2035.40587 51282.9018,0,0,0,factor_graph_prior_initial,sequence_factor_graph|prior|initial
1,532,1,0.466757324,-0.271346302 0.961951245 0.0319528867 -0.0281910656 0.0252408441 -0.999283825 -0.962068838 -0.272052756 0.0202694209,4215.28769 -2004.42123 50362.9227,0,0,0,factor_graph_prior_initial,sequence_factor_graph|prior|initial
1,533,1,0.699015518,-0.326505513 0.943801007 -0.0513206505 0.0489191108 -0.0373500289 -0.998104151 -0.943928531 -0.328397068 -0.0339749157,4184.20553 -2033.68068 50719.6808,0,0,0,factor_graph_prior_initial,sequence_factor_graph|prior|initial
1,534,1,0.569431038,0.369550681 0.929210529 0.000295203134 0.0512335103 -0.0200585573 -0.998485244 -0.92779708 0.369006026 -0.0550193707,5195.8518 -2647.74776 61478.6339,0,0,0,factor_graph_prior_initial,sequence_factor_graph|prior|initial
1,535,1,0.969687014,0.527616971 0.847199359 -0.0622380807 0.086567053 -0.126507116 -0.988181205 -0.845060044 0.515993407 -0.140086853,6176.91183 -3042.32025 70686.6913,0,0,0,factor_graph_prior_initial,sequence_factor_graph|prior|initial
1,536,1,0.918200132,0.767057168 0.638921915 -0.0583274185 0.0400944301 -0.138472122 -0.989554399 -0.640324713 0.75670619 -0.131833244,7105.44157 -3566.1869 78027.0538,0,0,0,factor_graph_prior_initial,sequence_factor_graph|prior|initial
1,537,1,0.466188504,0.307865069 0.934053467 0.181006133 0.0464194278 0.175273695 -0.983424816 -0.950296973 0.31116435 0.0106024208,5233.77705 -2570.97578 67177.3148,0,0,0,factor_graph_prior_initial,sequence_factor_graph|prior|initial
1,538,1,0.940330142,-0.287598436 0.956670126 0.0454907648 0.0623865246 0.0661092118 -0.995860178 -0.95571704 -0.283569819 -0.0786962302,4446.01536 -2169.88039 58517.8719,0,0,0,factor_graph_prior_initial,sequence_factor_graph|prior|initial
1,539,1,0.367879441,-0.275386794 0.960980311 -0.0260567741 -0.00747658629 -0.0292449836 -0.999544312 -0.961304434 -0.275066488 0.0152385345,4324.58401 -2122.9713 54858.9783,0,0,0,factor_graph_prior_initial,sequence_factor_graph|prior|initial
1,540,1,0.852419715,-0.55123455 0.834350325 8.15627379e-05 0.0109599419 0.00733870903 -0.999913008 -0.834278341 -0.551185703 -0.013189781,5118.54792 -2747.9744 66366.2033,0,0,0,factor_graph_prior_initial,sequence_factor_graph|prior|initial
1,541,1,0.367879441,0.00377767523 0.999951782 0.00906440265 -0.0629514239 0.0092842905 -0.997973407 -0.998009443 0.00319940236 0.0629834615,4595.35599 -2186.19299 56774.9901,0,0,0,factor_graph_prior_initial,sequence_factor_graph|prior|initial
1,542,1,0.367879441,0.497066698 0.859926769 -0.115976936 0.14637722 -0.214842205 -0.965617179 -0.855276801 0.462999761 -0.232664595,5846.77792 -3090.21401 70202.8351,0,0,0,factor_graph_prior_initial,sequence_factor_graph|prior|initial
1,543,1,0.697114123,0.530921111 0.842712147 -0.0892132855 0.0854764733 -0.157993886 -0.983733554 -0.843099369 0.514659274 -0.155914352,6730.53122 -3428.07341 76519.4016,0,0,0,factor_graph_prior_initial,sequence_factor_graph|prior|initial
1,544,1,0.736301705,-0.256672534 0.965830967 -0.0359131504 -0.00767063535 -0.0391925118 -0.999202236 -0.966467988 -0.256192293 0.0174681785,4946.01917 -2381.6762 62427.4445,0,0,0,factor_graph_prior_initial,sequence_factor_graph|prior|initial
1,545,1,1,0.00775637787 0.999738509 -0.0215116796 -0.0322709536 -0.0212508662 -0.999253214 -0.99944906 0.00844478793 0.0320976852,4420.01629 -2164.26253 54572.4373,0,0,0,factor_graph_prior_initial,sequence_factor_graph|prior|initial
1,546,1,0.367879441,-0.250993013 0.96567364 -0.0669098526 0.0427507446 -0.0579966292 -0.997401005 -0.967044405 -0.253201129 -0.0267265185,4584.01728 -2148.20623 55398.1323,0,0,0,factor_graph_prior_initial,sequence_factor_graph|prior|initial
1,547,1,0.872486296,-0.92959694 0.367453871 0.0287607688 0.088892703 0.299242732 -0.950027302 -0.357697661 -0.880585851 -0.310839096,5623.0588 -3174.7005 76973.4344,0,0,0,factor_graph_prior_initial,sequence_factor_graph|prior|initial
1,548,1,0.579302467,-0.970593682 0.197472913 0.137667547 -0.0389969223 0.435351634 -0.899415474 -0.237543985 -0.878335587 -0.414848709,6925.99583 -4017.19379 86491.9128,0,0,0,factor_graph_prior_initial,sequence_factor_graph|prior|initial
1,549,1,1,-0.698681705 0.705612363 0.118131575 0.10414423 0.263670035 -0.9589745 -0.707812019 -0.657715217 -0.257706886,7614.21013 -3805.42612 87398.2544,0,0,0,factor_graph_prior_initial,sequence_factor_graph|prior|initial
1,550,1,0.868762829,-0.795581524 0.540418455 0.273857503 -0.0210747713 0.427064868 -0.903975361 -0.605479886 -0.72495758 -0.328375723,7382.19786 -3863.90162 87710.9375,0,0,0,factor_graph_prior_initial,sequence_factor_graph|prior|initial
1,551,1,0.519646969,-0.871599491 0.423232369 0.247363477 -0.060300657 0.408203023 -0.910897427 -0.486495795 -0.808853914 -0.330268357,8068.56251 -4329.30803 93530.8456,0,0,0,factor_graph_prior_initial,sequence_factor_graph|prior|initial
1,553,1,0.68755125,0.0247568343 0.997399104 0.0676913997 -0.00534550371 0.0678432598 -0.997681672 -0.999679211 0.0243375952 0.00701118496,3358.80136 -2079.108 50809.1164,0,0,0,factor_graph_prior_initial,sequence_factor_graph|prior|initial
1,554,1,0.582183283,-0.24283162 0.97005526 0.00505936567 0.0561582155 0.0192642958 -0.998236015 -0.968441562 -0.242119144 -0.0591545525,3543.67828 -2449.81718 56611.6142,0,0,0,factor_graph_prior_initial,sequence_factor_graph|prior|initial
1,555,1,0.931072147,-0.176500374 0.983794856 0.0315483763 0.139040973 0.056649573 -0.988664975 -0.974430719 -0.170113221 -0.146786465,2752.56824 -2602.45466 57220.6535,0,0,0,factor_graph_prior_initial,sequence_factor_graph|prior|initial
1,556,1,0.858985499,-0.116951501 0.99249632 -0.0356847418 0.0781786195 -0.026619477 -0.996583919 -0.990055781 -0.119341769 -0.0744788044,1982.85127 -2248.20566 54373.8785,0,0,0,factor_graph_prior_initial,sequence_factor_graph|prior|initial
1,557,1,0.959884423,-0.120145254 0.991547577 0.0489746891 0.129095355 0.0645175034 -0.989531142 -0.984326931 -0.112565066 -0.135755658,1165.7002 -2296.62204 53729.2252,0,0,0,factor_graph_prior_initial,sequence_factor_graph|prior|initial
1,558,1,0.561248395,0.0614888815 0.996726486 0.0524921903 0.0917888113 0.0467219797 -0.994681794 -0.993878228 0.0659800667 -0.088615457,480.607241 -2443.1808 54959.6786,0,0,0,factor_graph_prior_initial,sequence_factor_graph|prior|initial
1,559,1,0.507239709,-0.160517264 0.986448749 0.0339569449 0.0802533485 0.0473326991 -0.995650047 -0.983765017 -0.157093863 -0.0867635306,-431.076914 -2636.42359 56620.9335,0,0,0,factor_graph_prior_initial,sequence_factor_graph|prior|initial
1,560,1,0.537409976,0.284039523 0.958707533 -0.0141920652 -0.0161288843 -0.0100221031 -0.999819692 -0.958676905 0.284217211 0.0126162095,-979.287565 -2567.29293 53906.1546,0,0,0,factor_graph_prior_initial,sequence_factor_graph|prior|initial
1,561,1,1,-0.124348804 0.991112915 -0.0472500183 0.115611341 -0.0328231231 -0.992752064 -0.985480285 -0.12891017 -0.110502377,-2268.81599 -2598.63353 55299.427,0,0,0,factor_graph_prior_initial,sequence_factor_graph|prior|initial
1,562,1,0.609124072,-0.315579693 0.948771027 0.0155883408 0.0791833912 0.0427013477 -0.995945072 -0.945589471 -0.313065703 -0.0886025855,-4726.69029 -3223.62328 63297.1802,0,0,0,factor_graph_prior_initial,sequence_factor_graph|prior|initial
1,563,1,0.834780273,-0.287783233 0.956987045 -0.0368321401 0.101379611 -0.00780145903 -0.994817225 -0.952314541 -0.290025745 -0.0947738451,-5963.35506 -2942.59501 62467.9413,0,0,0,factor_graph_prior_initial,sequence_factor_graph|prior|initial
1,564,1,0.843546237,0.474702599 0.879926589 -0.0196631781 0.113501734 -0.0833555919 -0.99003495 -0.872797112 0.467740359 -0.13944231,-7590.93094 -3200.56629 66267.9291,0,0,0,factor_graph_prior_initial,sequence_factor_graph|prior|initial
1,565,1,0.471760029,0.467389538 0.882451358 -0.0531659649 -0.00283538167 -0.0586423569 -0.99827503 -0.884046933 0.466734051 -0.0249067377,-8741.89663 -3217.59605 65434.7763,0,0,0,factor_graph_prior_initial,sequence_factor_graph|prior|initial
1,566,1,0.574220038,0.467159507 0.87735031 -0.109628593 0.0577952724 -0.15402573 -0.986375071 -0.882282098 0.454458478 -0.122661284,-10673.1672 -3385.59055 69496.1395,0,0,0,factor_graph_prior_initial,sequence_factor_graph|prior|initial
1,567,1,0.612879942,0.376625615 0.922681622 0.0825334479 -0.0335630451 0.102626542 -0.994153567 -0.925757348 0.371653625 0.0696197893,-10618.9575 -2720.28685 62833.046,0,0,0,factor_graph_prior_initial,sequence_factor_graph|prior|initial
1,568,1,0.621945287,-0.443029297 0.890558942 -0.103100987 0.0585455204 -0.086017853 -0.994571944 -0.894593463 -0.44666061 -0.0140298078,-13582.4099 -3249.26353 68639.8468,0,0,0,factor_graph_prior_initial,sequence_factor_graph|prior|initial
1,569,1,0.534472818,0.0558212216 0.996809601 0.0570491917 0.00264750122 0.0569903063 -0.998371221 -0.99843727 0.0558813389 0.000542213879,-12915.9155 -2671.33784 61072.2122,0,0,0,factor_graph_prior_initial,sequence_factor_graph|prior|initial
1,570,1,0.637957526,0.513754903 0.850992165 0.108941424 -0.0425253546 0.152083743 -0.987452343 -0.856882427 0.50267571 0.114322512,-14512.7802 -3011.01422 61449.276,0,0,0,factor_graph_prior_initial,sequence_factor_graph|prior|initial
1,571,1,0.97994005,0.535994316 0.841509709 0.0676128897 0.0867256216 0.0247802951 -0.995923995 -0.839755179 0.53967337 -0.0596983553,-16008.9321 -2842.02766 61795.5284,0,0,0,factor_graph_prior_initial,sequence_factor_graph|prior|initial
1,572,1,0.872232527,0.484946472 0.874060158 0.0290819396 0.0301008584 0.0165520308 -0.99940981 -0.874025662 0.485535652 -0.0182831122,-16814.7755 -2725.88301 59289.4936,0,0,0,factor_graph_prior_initial,sequence_factor_graph|prior|initial
1,573,1,0.449872674,0.698189574 0.714534364 0.0444067649 -0.00922330595 0.0710006671 -0.997433625 -0.715853511 0.695988181 0.0561622946,-19113.4052 -3210.99567 62099.1287,0,0,0,factor_graph_prior_initial,sequence_factor_graph|prior|initial
1,574,1,0.93689889,0.696764277 0.707661137 0.117197518 0.0756338002 0.0899949959 -0.993066176 -0.713301529 0.700797129 0.00918219722,-21834.3353 -3533.27894 65981.6284,0,0,0,factor_graph_prior_initial,sequence_factor_graph|prior|initial
1,575,1,0.402188862,0.586959797 0.809366475 -0.0201023879 0.000881923694 -0.0254687013 -0.999675231 -0.8096156 0.586751442 -0.0156629032,-23637.9356 -3630.06282 66511.6272,0,0,0,factor_graph_prior_initial,sequence_factor_graph|prior|initial
1,576,1,0.602288924,0.732226355 0.673736665 -0.0996166188 0.117663064 -0.269209386 -0.955866994 -0.670820369 0.688189808 -0.276396128,-29134.6073 -4674.84188 77324.028,0,0,0,factor_graph_prior_initial,sequence_factor_graph|prior|initial
1,577,1,0.559778604,0.716766232 0.697157121 0.0147687973 0.14091957 -0.124075689 -0.982215301 -0.682925943 0.706099973 -0.187176346,-29668.6001 -4252.65074 75160.5301,0,0,0,factor_graph_prior_initial,sequence_factor_graph|prior|initial
1,578,1,0.548916412,0.563996263 0.824123315 0.0522396163 -0.0419212958 0.0917539759 -0.994898896 -0.824712568 0.558929307 0.0862972168,-25185.2951 -3378.02744 63712.883,0,0,0,factor_graph_prior_initial,sequence_factor_graph|prior|initial
1,579,1,0.492541159,0.763803433 0.641952817 -0.0670887255 0.0395925431 -0.150344207 -0.987840599 -0.644233456 0.751859828 -0.140249966,-26721.6034 -3225.28243 62233.4671,0,0,0,factor_graph_prior_initial,sequence_factor_graph|prior|initial
1,580,1,0.551820779,0.95494638 0.293695568 0.0426652684 0.00174059591 0.138216347 -0.990400531 -0.296773284 0.945853664 0.131477995,-31614.6202 -4269.8555 71401.5579,0,0,0,factor_graph_prior_initial,sequence_factor_graph|prior|initial
1,581,1,0.63674638,0.986795762 0.161405818 0.0135013518 0.0102240155 0.0211183205 -0.999724705 -0.161646509 0.98666214 0.0191892536,-36158.1802 -4682.00111 75517.1661,0,0,0,factor_graph_prior_initial,sequence_factor_graph|prior|initial
1,582,1,0.963894254,0.725997247 0.687222524 -0.0255577718 0.136752639 -0.180691052 -0.973986376 -0.673963436 0.703616335 -0.2251607,-31094.677 -3683.86269 63648.6778,0,0,0,factor_graph_prior_initial,sequence_factor_graph|prior|initial
1,583,1,0.963429233,0.762170357 0.647371572 0.00252876078 0.127247986 -0.145980696 -0.981069613 -0.634747428 0.748063957 -0.193638888,-31829.5994 -3696.31863 61571.5523,0,0,0,factor_graph_prior_initial,sequence_factor_graph|prior|initial
1,585,1,0.556163687,-0.123697175 0.992219512 -0.0141226115 0.136163537 0.00287438907 -0.990682204 -0.982933619 -0.124467574 -0.135459672,-33946.8956 -3456.18701 57657.0129,0,0,0,factor_graph_prior_initial,sequence_factor_graph|prior|initial
1,586,1,0.397483521,0.258585302 0.965893094 -0.0135710126 -0.121891701 0.0186894095 -0.992367432 -0.958267215 0.258265826 0.122567159,-29938.7512 -3122.07699 49895.092,0,0,0,factor_graph_prior_initial,sequence_factor_graph|prior|initial
1,587,1,1,-0.726632214 0.686336992 -0.0307759506 0.0498709558 0.00801527201 -0.998723507 -0.68521421 -0.727239499 -0.0400524366,-36625.5875 -3771.7185 60391.2163,0,0,0,factor_graph_prior_initial,sequence_factor_graph|prior|initial
1,588,1,0.367879441,-0.824812469 0.552952714 -0.11801562 -0.0281649052 -0.248649805 -0.968183873 -0.564704461 -0.795246233 0.220663321,-38208.4999 -3566.46371 60268.7607,0,0,0,factor_graph_prior_initial,sequence_factor_graph|prior|initial
1,589,1,0.826165885,-0.639858232 0.765541556 -0.0672872095 -0.0449933906 -0.124725424 -0.991170603 -0.767174712 -0.631181189 0.1142509,-39862.3924 -4004.38356 61044.5709,0,0,0,factor_graph_prior_initial,sequence_factor_graph|prior|initial
1,590,1,0.770128898,0.121509531 0.977298593 -0.173559484 -0.0436726035 -0.169421894 -0.984575505 -0.991629032 0.127215102 0.0220947992,-37400.8102 -3497.5419 56821.5904,0,0,0,factor_graph_prior_initial,sequence_factor_graph|prior|initial
1,591,1,0.69112803,0.157287672 0.978496794 0.133433928 -0.00737048748 0.136275108 -0.990643615 -0.987525323 0.154832555 0.0286463928,-34628.1891 -3034.68871 51020.2446,0,0,0,factor_graph_prior_initial,sequence_factor_graph|prior|initial
1,593,1,0.827974133,0.493643254 0.868410584 -0.0466839899 -0.0265749127 -0.0385925574 -0.998901591 -0.869258369 0.494341655 0.00402697987,-29613.4949 -2289.83307 37469.2307,0,0,0,factor_graph_prior_initial,sequence_factor_graph|prior|initial
1,594,1,0.562120998,0.371386703 0.914312105 -0.161571318 -0.0672361324 -0.14707668 -0.986837247 -0.926040614 0.377361662 0.00685248643,-30027.1225 -2257.28822 37765.5754,0,0,0,factor_graph_prior_initial,sequence_factor_graph|prior|initial
1,595,1,0.567173941,0.885040486 0.463902366 -0.0387031362 0.000556002046 -0.0841939971 -0.996449227 -0.465513726 0.881876389 -0.0747730268,-33248.8441 -2657.15909 41181.118,0,0,0,factor_graph_prior_initial,sequence_factor_graph|prior|initial
1,596,1,1,0.955015941 0.293663798 0.0413052907 0.0335283441 0.0314696427 -0.998942196 -0.294653022 0.955390619 0.0202079496,-34912.2276 -2768.99099 42543.7012,0,0,0,factor_graph_prior_initial,sequence_factor_graph|prior|initial
1,597,1,1,0.885831114 0.463491657 0.0218796779 0.115002775 -0.173623594 -0.978074235 -0.44953042 0.868924813 -0.207104009,-32291.9273 -2318.46857 38884.7466,0,0,0,factor_graph_prior_initial,sequence_factor_graph|prior|initial
1,598,1,0.600981251,0.899167773 0.435293768 -0.0449071451 -0.0105490234 -0.0810294816 -0.996655879 -0.437476895 0.896634574 -0.0682671744,-31927.2842 -2473.24538 37893.5547,0,0,0,factor_graph_prior_initial,sequence_factor_graph|prior|initial
1,599,1,0.635780831,0.802316093 0.586811521 -0.109275461 -0.0555739788 -0.10883989 -0.992504615 -0.594306672 0.802375297 -0.0547125446,-32351.6502 -2681.61964 37821.1441,0,0,0,factor_graph_prior_initial,sequence_factor_graph|prior|initial
1,600,1,0.668771145,-0.872223596 0.370802523 -0.318953738 -0.206860298 -0.870585565 -0.446418628 -0.443209674 -0.323397996 0.836049593,-6142.61055 -356.38833 8446.02203,0,0,0,factor_graph_prior_initial,sequence_factor_graph|prior|initial
1,602,1,0.883291573,0.947585649 -0.303105455 -0.101037228 -0.0383953612 0.205911919 -0.977816996 0.317186435 0.930444713 0.183481336,-1797.21379 -47.911007 4510.71548,0,0,0,factor_graph_prior_initial,sequence_factor_graph|prior|initial
1,606,1,0.97967413,-0.626490888 0.655382757 0.421879851 0.0827457744 0.594133809 -0.80009884 -0.775024067 -0.466345858 -0.426449571,-2448.16136 -3270.64967 56898.2506,0,0,0,factor_graph_prior_initial,sequence_factor_graph|prior|initial
1,607,1,0.747113563,-0.661595952 0.61591406 0.427715637 0.136047418 0.659519372 -0.739273493 -0.737415687 -0.430910743 -0.520128865,-1806.04815 -3370.66054 58619.6632,0,0,0,factor_graph_prior_initial,sequence_factor_graph|prior|initial
1,609,1,0.529490636,-0.498754102 0.864748181 0.05877864 -0.0281175357 0.0516372486 -0.998270003 -0.866287337 -0.499543969 -0.0014397017,-454.642355 -3228.57404 47121.2349,0,0,0,factor_graph_prior_initial,sequence_factor_graph|prior|initial
1,610,1,0.563301181,-0.272909674 0.961289244 -0.0379907897 0.00398759083 -0.0383591878 -0.999256059 -0.962031397 -0.272858137 0.00663536528,-315.365672 -3453.95851 57088.1653,0,0,0,factor_graph_prior_initial,sequence_factor_graph|prior|initial
1,611,1,0.589382741,0.573672347 0.812262249 0.105499176 0.0564431402 0.0892926184 -0.994404847 -0.817137816 0.576417268 0.00537807395,148.102969 -3902.07171 65245.3308,0,0,0,factor_graph_prior_initial,sequence_factor_graph|prior|initial
1,612,1,0.606097706,0.448851282 0.893490502 -0.0143961394 0.0837804008 -0.0581159492 -0.994788109 -0.889670372 0.445305804 -0.100942411,867.941439 -4132.45249 72372.8943,0,0,0,factor_graph_prior_initial,sequence_factor_graph|prior|initial
1,613,1,0.994009472,-0.705839016 0.703173263 0.0856658904 0.0317161136 0.152182904 -0.987843334 -0.707661904 -0.694541378 -0.129718554,1164.71183 -4411.76748 78229.9347,0,0,0,factor_graph_prior_initial,sequence_factor_graph|prior|initial
1,614,1,0.498536988,-0.564097585 0.825450759 -0.0206145372 0.0665806979 0.0205870489 -0.997568636 -0.823019395 -0.564098589 -0.0665721921,1472.29564 -3973.32335 77977.3407,0,0,0,factor_graph_prior_initial,sequence_factor_graph|prior|initial
1,615,1,0.77762739,-0.546359062 0.836814821 -0.0351102687 0.0284690249 -0.0233410763 -0.999322125 -0.837067076 -0.546988254 -0.0110706934,1840.88576 -4346.70496 81087.0895,0,0,0,factor_graph_prior_initial,sequence_factor_graph|prior|initial
1,616,1,0.660972606,-0.75048907 0.66054472 -0.0211383223 -0.0369035456 -0.0738207646 -0.996588492 -0.659851714 -0.747148692 0.0797781192,2271.88897 -4860.13412 85887.8021,0,0,0,factor_graph_prior_initial,sequence_factor_graph|prior|initial
1,617,1,0.93949525,-0.576248705 0.784618903 -0.228715122 -0.0679239619 -0.324861518 -0.943319315 -0.814446907 -0.528051297 0.240495454,2376.03807 -4687.15286 87620.3918,0,0,0,factor_graph_prior_initial,sequence_factor_graph|prior|initial
1,618,1,0.968210718,-0.302241114 0.946279507 -0.114914766 -0.0495067429 -0.135972769 -0.989474855 -0.951945057 -0.293370926 0.0879437774,2142.27319 -3880.29194 82792.6483,0,0,0,factor_graph_prior_initial,sequence_factor_graph|prior|initial
1,619,1,1,-0.840517196 0.541720315 0.00836326713 -0.00158746938 0.0129739594 -0.999914575 -0.541782543 -0.84045867 -0.0100448716,2649.18375 -3742.40112 80877.7237,0,0,0,factor_graph_prior_initial,sequence_factor_graph|prior|initial
1,620,1,0.610199357,-0.700064976 0.702903513 0.125839904 0.0336405236 0.208495318 -0.977444637 -0.713286299 -0.680041435 -0.169606312,2913.33127 -4840.42597 88116.7908,0,0,0,factor_graph_prior_initial,sequence_factor_graph|prior|initial
1,621,1,0.953757667,-0.193938004 0.980987494 -0.00718238593 0.0448831331 0.00155904755 -0.998991028 -0.979986507 -0.194064694 -0.0443321508,2557.04331 -3327.54087 78453.7735,0,0,0,factor_graph_prior_initial,sequence_factor_graph|prior|initial
1,622,1,0.988977809,-0.269463328 0.962309784 0.0367341163 0.0170387482 0.0429033077 -0.998933925 -0.962859905 -0.268550156 -0.0279574222,2635.02574 -3431.09274 76045.105,0,0,0,factor_graph_prior_initial,sequence_factor_graph|prior|initial
1,623,1,1,-0.00828246505 0.991734012 0.128043159 -0.0480063086 0.127505555 -0.99067539 -0.998812693 -0.0143521137 0.0465534287,2240.26608 -2885.41818 66400.0397,0,0,0,factor_graph_prior_initial,sequence_factor_graph|prior|initial
1,624,1,1,-0.180325451 0.980688806 0.0757112816 0.032554813 0.0828815232 -0.996027528 -0.983068114 -0.177144347 -0.0468717888,2525.23303 -3062.31594 71205.0781,0,0,0,factor_graph_prior_initial,sequence_factor_graph|prior|initial
1,625,1,0.977250694,-0.690837068 0.55243616 0.466431597 0.0278711716 0.664992848 -0.746329492 -0.722473075 -0.502592082 -0.474798752,2845.73317 -4497.04266 91901.5045,0,0,0,factor_graph_prior_initial,sequence_factor_graph|prior|initial
1,626,1,0.926604275,-0.691148451 0.713466008 -0.115239204 0.0258363242 -0.134959937 -0.990514159 -0.722250858 -0.687569685 0.0748440123,3717.12685 -4398.31829 95071.6248,0,0,0,factor_graph_prior_initial,sequence_factor_graph|prior|initial
1,627,1,0.963988218,-0.900559985 0.3990655 -0.172448368 0.0536200682 -0.291686032 -0.955010025 -0.431412334 -0.869290507 0.241282849,4315.57083 -5424.07417 104938.934,0,0,0,factor_graph_prior_initial,sequence_factor_graph|prior|initial
1,628,1,0.948033041,-0.241188616 0.970405399 -0.0118917274 0.0503246004 0.000269023272 -0.998732878 -0.969172578 -0.241481448 -0.0489001493,3292.9244 -3575.27447 91275.9476,0,0,0,factor_graph_prior_initial,sequence_factor_graph|prior|initial
1,629,1,0.480861808,0.0172750171 0.998589871 0.0501980478 0.0727849586 0.0488163744 -0.996152253 -0.997198036 0.02086221 -0.0718390187,2861.2268 -3042.38629 78954.5975,0,0,0,factor_graph_prior_initial,sequence_factor_graph|prior|initial
1,630,1,1,0.0641826313 0.989326517 0.13081908 -0.0198757413 0.132330643 -0.991006335 -0.997740219 0.061005268 0.0281569268,2608.60372 -2810.1449 71258.8196,0,0,0,factor_graph_prior_initial,sequence_factor_graph|prior|initial
1,631,1,0.719769892,-0.262447326 0.964781465 0.0178360715 0.0414735997 0.0297450384 -0.998696737 -0.964054636 -0.261365562 -0.0478194661,3074.05615 -3104.76899 83358.2611,0,0,0,factor_graph_prior_initial,sequence_factor_graph|prior|initial
1,632,1,0.446854269,-0.330986467 0.942448775 0.047310301 0.0980209999 0.0842032624 -0.991615699 -0.938530683 -0.323573973 -0.120249912,3261.12223 -3172.5378 84303.421,0,0,0,factor_graph_prior_initial,sequence_factor_graph|prior|initial
1,633,1,0.893746659,-0.2617315 0.963689675 -0.052903998 0.0807024916 -0.0327704516 -0.99619938 -0.961760745 -0.265006242 -0.0691950985,3246.81115 -3080.82175 83964.9353,0,0,0,factor_graph_prior_initial,sequence_factor_graph|prior|initial
1,634,1,0.569349402,-0.804062907 0.594421694 -0.0120702781 0.00455085889 -0.014147815 -0.999889558 -0.594526813 -0.804029035 0.00867060403,3694.36502 -3999.06063 99452.0493,0,0,0,factor_graph_prior_initial,sequence_factor_graph|prior|initial
1,635,1,0.925163137,-0.464048788 0.881120249 0.0910265282 0.204822702 0.206708358 -0.956723218 -0.861804144 -0.425321951 -0.276396194,4276.98517 -4905.34687 107277.71,0,0,0,factor_graph_prior_initial,sequence_factor_graph|prior|initial
1,636,1,0.820215569,-0.705109856 0.709041676 0.00894388204 -0.0702867131 -0.0573349105 -0.995877747 -0.70560603 -0.70283185 0.0902636193,3261.95288 -4142.43221 96097.2137,0,0,0,factor_graph_prior_initial,sequence_factor_graph|prior|initial
1,637,1,0.767460164,0.0920238659 0.990189918 -0.105145297 0.109954863 -0.115052389 -0.987255223 -0.989667387 0.0792898055 -0.119463762,2884.53078 -3032.77636 80943.2831,0,0,0,factor_graph_prior_initial,sequence_factor_graph|prior|initial
1,638,1,0.882962269,-0.675913454 0.635875885 0.37256256 -0.00489970444 0.501636927 -0.865064383 -0.736964718 -0.586534102 -0.335947544,3123.6341 -4216.16364 88673.9273,0,0,0,factor_graph_prior_initial,sequence_factor_graph|prior|initial
1,639,1,1,-0.989435545 -0.0855868888 0.117013618 -0.1449213 0.605563619 -0.782489949 -0.00388830952 -0.791181135 -0.611569532,3511.12604 -6029.82378 106050.606,0,0,0,factor_graph_prior_initial,sequence_factor_graph|prior|initial
1,640,1,0.709851586,-0.997239228 -0.0356657157 0.0651297017 -0.0742229987 0.504832028 -0.86002068 -0.00220630633 -0.862480481 -0.506085518,255.875111 -139.850616 23896.5683,0,0,0,factor_graph_prior_initial,sequence_factor_graph|prior|initial
1,641,1,0.367879441,-0.939113296 0.276322212 0.204235778 -0.0394777507 0.503682364 -0.862986433 -0.341332279 -0.818504802 -0.462106226,-726.303637 807.896793 8619.88449,0,0,0,factor_graph_prior_initial,sequence_factor_graph|prior|initial
1,642,1,0.693983192,-0.92605197 0.304610486 0.222800808 -0.0875270188 0.40091505 -0.911924418 -0.367105937 -0.863990494 -0.344606525,-985.938907 1065.02795 6190.58084,0,0,0,factor_graph_prior_initial,sequence_factor_graph|prior|initial
1,643,1,0.74803169,-0.939078273 0.299682321 0.168292911 -0.0251635574 0.428384773 -0.90324597 -0.342780969 -0.852453513 -0.39474576,-762.684226 1068.83216 5952.08549,0,0,0,factor_graph_prior_initial,sequence_factor_graph|prior|initial
1,644,1,0.770994602,-0.921293066 0.323201924 0.21623969 -0.0809751102 0.384436789 -0.919593055 -0.380344737 -0.864724737 -0.328007637,-997.524798 878.075361 6118.258,0,0,0,factor_graph_prior_initial,sequence_factor_graph|prior|initial
1,646,1,0.627078882,-0.994087647 0.0120828506 0.107906231 -0.0941598591 0.398956962 -0.912122395 -0.0540709808 -0.916890041 -0.395460468,3951.69759 -5037.00209 119525.62,0,0,0,factor_graph_prior_initial,sequence_factor_graph|prior|initial
1,647,1,0.772186652,-0.202500939 0.978810246 0.0303952609 0.0307798516 0.0373847233 -0.998826803 -0.978798228 -0.201327804 -0.0376980757,2820.06574 -3260.70976 80502.9449,0,0,0,factor_graph_prior_initial,sequence_factor_graph|prior|initial
1,650,1,1,-0.991736775 0.0466149251 0.119520782 -0.0791978309 0.510466879 -0.856242529 -0.100925082 -0.858632991 -0.502556976,4366.09554 -4632.93219 128970.886,0,0,0,factor_graph_prior_initial,sequence_factor_graph|prior|initial
1,651,1,0.388737101,-0.720105811 0.67680426 -0.152917017 0.0486852843 -0.170557219 -0.984144287 -0.692154147 -0.716132829 0.0898688368,3603.04666 -3274.98293 104508.926,0,0,0,factor_graph_prior_initial,sequence_factor_graph|prior|initial
1,652,1,0.461840972,-0.992237024 0.111537151 -0.0550013902 -0.00688360591 -0.490852097 -0.871215722 -0.124170468 -0.864073887 0.487809401,3688.12227 -4079.22792 133433.258,0,0,0,factor_graph_prior_initial,sequence_factor_graph|prior|initial
1,654,1,0.729078852,-0.633565362 0.678477279 0.371838022 -0.035084448 0.454914837 -0.889843566 -0.772893275 -0.576819793 -0.264414283,3633.08501 -3700.69027 107888.657,0,0,0,factor_graph_prior_initial,sequence_factor_graph|prior|initial
1,655,1,0.651952155,-0.873212798 0.379759429 0.305421324 -0.0722416624 0.518920014 -0.851764734 -0.481954926 -0.765836011 -0.425693145,230.79896 -355.245113 23929.8706,0,0,0,factor_graph_prior_initial,sequence_factor_graph|prior|initial
1,656,1,0.677449823,-0.967972599 0.246049304 0.0498877489 -0.112641194 -0.248051081 -0.962175983 -0.224368021 -0.936979403 0.267821937,96.750021 889.978707 5405.40886,0,0,0,factor_graph_prior_initial,sequence_factor_graph|prior|initial
1,657,1,0.692533874,-0.963427805 0.241816509 0.115462722 -0.0712340845 0.184264805 -0.980291889 -0.258326478 -0.952665344 -0.160300259,166.024566 1111.27949 3040.48395,0,0,0,factor_graph_prior_initial,sequence_factor_graph|prior|initial
1,658,1,0.528815672,-0.972508421 0.231454413 -0.0256168903 -0.111183153 -0.55816585 -0.822246429 -0.204611038 -0.79679341 0.568554821,272.092521 942.371905 2471.9491,0,0,0,factor_graph_prior_initial,sequence_factor_graph|prior|initial
1,659,1,0.84946197,-0.991196452 0.0554388701 0.120233624 -0.074459835 0.517482056 -0.852448271 -0.109477512 -0.853896278 -0.508798409,-52.2295833 255.741477 5478.95813,0,0,0,factor_graph_prior_initial,sequence_factor_graph|prior|initial
1,660,1,0.423932464,-0.93168948 0.307447253 -0.19347067 0.03030161 -0.464967318 -0.884809135 -0.361989677 -0.830229836 0.423889011,5571.40779 -4784.14822 143667.862,0,0,0,factor_graph_prior_initial,sequence_factor_graph|prior|initial
1,661,1,0.451960615,-0.838898097 0.52272238 -0.151694747 0.0265851981 -0.239018622 -0.97065098 -0.54363886 -0.818310095 0.186615589,-154.21921 -2839.3414 27016.4585,0,0,0,factor_graph_prior_initial,sequence_factor_graph|prior|initial
1,662,1,1,-0.24371833 0.96982587 -0.00625762428 -0.015456075 -0.0103353309 -0.99982713 -0.969722891 -0.24357948 0.017508611,-124.155708 -3334.58567 30936.5082,0,0,0,factor_graph_prior_initial,sequence_factor_graph|prior|initial
1,663,1,1,-0.502549115 0.790877982 0.349222571 0.0223702021 0.415696437 -0.90922827 -0.864259198 -0.449119683 -0.226599977,-121.114567 -4034.14392 33136.9743,0,0,0,factor_graph_prior_initial,sequence_factor_graph|prior|initial
1,664,1,0.560324641,-0.714553281 0.601812799 0.356700103 0.0281879195 0.534230246 -0.844868916 -0.699012911 -0.593649222 -0.398699826,-109.25477 -4478.44267 34904.0718,0,0,0,factor_graph_prior_initial,sequence_factor_graph|prior|initial
1,665,1,0.57139521,-0.997621799 0.0376617171 0.0577264421 -0.0359571994 0.430146118 -0.902042902 -0.0588032895 -0.901973343 -0.427768934,225.415513 -116.176128 10415.1764,0,0,0,factor_graph_prior_initial,sequence_factor_graph|prior|initial
1,666,1,0.756704007,-0.867805897 0.49261917 -0.0651097466 0.0214046992 -0.0938499166 -0.995356234 -0.496442106 -0.865169663 0.0708991458,643.107057 754.273593 4540.10487,0,0,0,factor_graph_prior_initial,sequence_factor_graph|prior|initial
1,667,1,0.738957996,-0.970770251 0.167780992 0.171623593 -0.141118821 0.179396156 -0.973602844 -0.194140664 -0.969363997 -0.150475396,486.816764 745.613992 2834.60569,0,0,0,factor_graph_prior_initial,sequence_factor_graph|prior|initial
1,668,1,0.94170838,-0.965621225 0.257986428 0.0319163436 -0.015723226 0.0645889263 -0.997788079 -0.259477225 -0.963987175 -0.0583120593,416.47166 665.732145 2409.26838,0,0,0,factor_graph_prior_initial,sequence_factor_graph|prior|initial
1,669,1,0.525436801,-0.960042603 0.210401499 0.184524821 -0.13401234 0.23320763 -0.963148428 -0.245680469 -0.949392127 -0.195692863,389.467388 565.435886 2462.9755,0,0,0,factor_graph_prior_initial,sequence_factor_graph|prior|initial
1,670,1,0.645988008,-0.268782503 0.963165283 -0.00828273425 0.0758994049 0.0126066106 -0.997035784 -0.960205835 -0.268614429 -0.0764921081,946.273267 -1282.50456 14062.7422,0,0,0,factor_graph_prior_initial,sequence_factor_graph|prior|initial
1,671,1,0.416272645,-0.501848805 0.863910358 0.0425049389 0.0641406836 0.0861754848 -0.994213135 -0.86257391 -0.496218378 -0.098658865,1673.2353 -3552.11782 20581.4037,0,0,0,factor_graph_prior_initial,sequence_factor_graph|prior|initial
1,672,1,0.626728583,-0.245887787 0.966424255 0.0745879073 0.0511399353 0.089777754 -0.994648009 -0.967948296 -0.240757377 -0.0714981271,2629.14157 -5508.76045 25507.8506,0,0,0,factor_graph_prior_initial,sequence_factor_graph|prior|initial
1,673,1,0.62456662,-0.745412647 0.658983587 -0.100501829 0.0637504688 -0.0796035088 -0.994785987 -0.663547936 -0.747933094 0.0173269496,3657.74012 -6986.25517 30021.3909,0,0,0,factor_graph_prior_initial,sequence_factor_graph|prior|initial
1,674,1,0.467997052,-0.347091876 0.937097109 0.0370976799 0.158029588 0.097432323 -0.982615689 -0.924420835 -0.335195391 -0.181907038,4834.19991 -7448.24171 33854.0688,0,0,0,factor_graph_prior_initial,sequence_factor_graph|prior|initial
1,675,1,1,-0.279396356 0.960074091 0.0139791198 0.0217154302 0.0208733776 -0.999546268 -0.959930266 -0.278966023 -0.0266803675,6561.99694 -7146.97075 38740.1505,0,0,0,factor_graph_prior_initial,sequence_factor_graph|prior|initial
1,676,1,0.957519359,-0.162050178 0.986782506 -0.000158591538 0.0445758405 0.00715972671 -0.998980347 -0.985775195 -0.161892013 -0.0451468946,8279.72698 -7044.02637 43220.2225,0,0,0,factor_graph_prior_initial,sequence_factor_graph|prior|initial
1,677,1,0.52531676,-0.0859841517 0.996054797 0.0219446531 0.140816795 0.0339551804 -0.989453221 -0.986294761 -0.0819871201 -0.143180851,10961.8359 -6429.33559 48889.2899,0,0,0,factor_graph_prior_initial,sequence_factor_graph|prior|initial
1,679,1,1,-0.951799087 0.280922797 0.123129527 0.0843604581 0.62571677 -0.775475233 -0.294892881 -0.727709355 -0.619255426,42383.9645 -8886.05881 129944.443,0,0,0,factor_graph_prior_initial,sequence_factor_graph|prior|initial
1,681,1,0.626958839,-0.997649843 -0.0401592991 -0.0555159507 0.0446512138 -0.995615637 -0.0821935005 -0.0519717153 -0.0844791875 0.995068946,70690.3992 -14120.3461 200550.171,0,0,0,factor_graph_prior_initial,sequence_factor_graph|prior|initial
1,682,1,1,-0.995956041 0.0715092857 -0.0543873741 -0.0722486893 -0.997317432 0.0117501792 -0.0534012293 0.0156320785 0.998450773,65749.7482 -12788.599 184765.503,0,0,0,factor_graph_prior_initial,sequence_factor_graph|prior|initial
1,694,1,0.769180484,-0.711727502 0.701015486 0.0449583247 -0.0360392255 0.0274773169 -0.998972558 -0.701530567 -0.712616506 0.00570769301,59974.884 -5051.84698 67980.8578,0,0,0,factor_graph_prior_initial,sequence_factor_graph|prior|initial
1,695,1,0.367879441,-0.699510028 0.714557719 -0.00964301887 -0.0418002145 -0.0543832584 -0.997644828 -0.713399231 -0.697459481 0.0679103005,62244.4763 -5334.19752 69624.939,0,0,0,factor_graph_prior_initial,sequence_factor_graph|prior|initial
1,700,1,1,-0.828547379 0.556091428 -0.0653572094 0.052853567 -0.0385288746 -0.997858721 -0.55741882 -0.830227589 0.00253158245,55091.301 -4637.41827 75097.6486,0,0,0,factor_graph_prior_initial,sequence_factor_graph|prior|initial
1,701,1,0.703027109,-0.831737547 0.5480642 -0.0885340895 0.00130177235 -0.157546557 -0.987510703 -0.555167504 -0.821464981 0.130323932,48193.0504 -4007.28416 67590.9348,0,0,0,factor_graph_prior_initial,sequence_factor_graph|prior|initial
1,702,1,0.537481729,-0.853172765 0.520475758 -0.0346585956 0.032009892 -0.0140783315 -0.999388397 -0.520645369 -0.85376038 -0.00464912383,48892.0212 -4109.47514 67214.5996,0,0,0,factor_graph_prior_initial,sequence_factor_graph|prior|initial
1,703,1,0.995343863,-0.819115871 0.57102559 -0.0545798978 0.030250086 -0.0520163589 -0.998187974 -0.572829924 -0.819282658 0.0253338519,50557.6935 -4312.42037 68802.8107,0,0,0,factor_graph_prior_initial,sequence_factor_graph|prior|initial
1,717,1,0.94575266,-0.833453768 0.548350393 -0.0683129836 0.110387446 0.0440852422 -0.99291042 -0.541451225 -0.835085827 -0.0972740107,48283.2298 -4751.01757 65541.8396,0,0,0,factor_graph_prior_initial,sequence_factor_graph|prior|initial
1,718,1,0.96445839,-0.791961659 0.609107156 -0.0422516713 0.0433463384 -0.0129366106 -0.998976346 -0.609030234 -0.792982419 -0.0161572653,45676.9943 -4494.79342 62500.4692,0,0,0,factor_graph_prior_initial,sequence_factor_graph|prior|initial
1,719,1,0.441206949,-0.899916246 0.433388654 -0.0482185004 0.032955579 -0.0426663576 -0.998545698 -0.434815684 -0.900196565 0.0241135743,52521.9345 -5680.25684 74817.1768,0,0,0,factor_graph_prior_initial,sequence_factor_graph|prior|initial
1,721,1,0.516966327,-0.795983324 0.591093148 -0.130458567 0.0432886496 -0.15938263 -0.986267342 -0.603768698 -0.790699733 0.101278292,49975.9026 -5236.70769 67775.032,0,0,0,factor_graph_prior_initial,sequence_factor_graph|prior|initial
1,722,1,1,-0.789869957 0.612627324 -0.0281640474 -0.0224846156 -0.0748218072 -0.996943398 -0.612862051 -0.786822381 0.0728741875,49045.3491 -5066.82014 66674.4995,0,0,0,factor_graph_prior_initial,sequence_factor_graph|prior|initial
1,736,1,0.899737238,-0.842346392 0.538249919 -0.0271952176 -0.0123832078 -0.0697776071 -0.99748571 -0.53879422 -0.839891725 0.0654421762,48697.8874 -6165.0486 67638.6032,0,0,0,factor_graph_prior_initial,sequence_factor_graph|prior|initial
1,737,1,0.999835618,-0.751128962 0.658406237 -0.0480261367 0.0597324143 -0.0046675013 -0.998203513 -0.657447581 -0.752648285 -0.0358222988,44565.7501 -5574.29981 62751.6022,0,0,0,factor_graph_prior_initial,sequence_factor_graph|prior|initial
1,743,1,0.959590593,-0.804475732 0.593976861 -0.00320697121 0.0348877354 0.0418604358 -0.998514171 -0.592960068 -0.803392303 -0.0543982123,44736.351 -6669.68679 62007.267,0,0,0,factor_graph_prior_initial,sequence_factor_graph|prior|initial
1,744,1,1,-0.927779191 0.361672972 -0.0917520228 0.104992608 0.0170831417 -0.994326264 -0.358053522 -0.932148501 -0.0538223718,48167.366 -7217.87357 67040.4129,0,0,0,factor_graph_prior_initial,sequence_factor_graph|prior|initial
1,745,1,0.679981896,-0.986400833 0.161528027 -0.0303659995 0.0343727648 0.0220684164 -0.999165401 -0.160723086 -0.986621347 -0.0273204692,53191.0248 -8017.39883 73640.564,0,0,0,factor_graph_prior_initial,sequence_factor_graph|prior|initial
1,747,1,1,-0.831128223 0.555375866 -0.0279915079 0.018790917 -0.0222587415 -0.999575635 -0.55576324 -0.831301507 0.00806384645,47638.6337 -7251.88112 66379.7379,0,0,0,factor_graph_prior_initial,sequence_factor_graph|prior|initial
1,750,1,1,-0.760011199 0.649772701 0.0133571707 0.0791043416 0.112885399 -0.990454133 -0.645077887 -0.751699623 -0.137194009,43937.5992 -5478.46031 61803.6003,0,0,0,factor_graph_prior_initial,sequence_factor_graph|prior|initial
1,751,1,1,-0.799547855 0.597870819 -0.0572163525 0.039366082 -0.0428926059 -0.998303829 -0.599310887 -0.800444069 0.0107588593,45930.8205 -5678.32708 64428.8788,0,0,0,factor_graph_prior_initial,sequence_factor_graph|prior|initial
1,752,1,1,-0.7819742 0.617154834 -0.0873857072 0.110555392 -0.000645781105 -0.993869754 -0.613427955 -0.786841467 -0.0677248106,46678.1387 -5654.40941 65403.9536,0,0,0,factor_graph_prior_initial,sequence_factor_graph|prior|initial
1,753,1,0.458964303,-0.83154246 0.55376637 -0.0433583406 0.0546803236 0.00392922617 -0.998496181 -0.552763241 -0.832662818 -0.0335474427,44532.4173 -5272.6922 63188.6597,0,0,0,factor_graph_prior_initial,sequence_factor_graph|prior|initial
1,754,1,1,-0.827958631 0.55750411 -0.0606108293 0.0771064757 0.00611964598 -0.997004083 -0.555462958 -0.830151623 -0.0480539909,45291.069 -5430.9082 63977.1233,0,0,0,factor_graph_prior_initial,sequence_factor_graph|prior|initial
1,755,1,0.510152127,-0.822695728 0.562740399 -0.0805914618 0.055744048 -0.0612259726 -0.996566095 -0.565742292 -0.824363163 0.0190009183,46676.1169 -5518.16511 65619.4763,0,0,0,factor_graph_prior_initial,sequence_factor_graph|prior|initial
1,756,1,0.501333979,-0.830576635 0.555822424 -0.0346970628 0.0283577528 -0.0200115552 -0.999397506 -0.556181886 -0.831060149 0.000859255277,43081.4819 -4963.69219 61535.3851,0,0,0,factor_graph_prior_initial,sequence_factor_graph|prior|initial
1,757,1,0.754052526,-0.838620076 0.540091041 -0.070838092 0.0680914076 -0.0250856177 -0.997363661 -0.540444196 -0.841232654 -0.0157382566,43622.7798 -4939.29482 62011.8828,0,0,0,factor_graph_prior_initial,sequence_factor_graph|prior|initial
1,758,1,0.470505151,-0.84606831 0.525469438 -0.0897233799 0.117091774 0.018988252 -0.992939556 -0.5200557 -0.850600562 -0.0775935068,48083.5152 -5675.38309 69307.312,0,0,0,factor_graph_prior_initial,sequence_factor_graph|prior|initial
1,759,1,0.498376104,-0.896774853 0.439261468 0.0533312932 0.075691794 0.271033636 -0.959589246 -0.435965155 -0.856498763 -0.276304638,51169.426 -5774.16182 72954.0482,0,0,0,factor_graph_prior_initial,sequence_factor_graph|prior|initial
1,760,1,0.651887972,-0.775486369 0.628781798 -0.0570468368 0.178590541 0.131795539 -0.97505659 -0.605579318 -0.766331121 -0.214500125,48534.9236 -5270.25986 70950.9583,0,0,0,factor_graph_prior_initial,sequence_factor_graph|prior|initial
1,761,1,1,-0.632511076 0.773627029 0.0378280157 0.13349302 0.156990259 -0.978536495 -0.762960912 -0.613885395 -0.202571886,50667.4728 -10671.0291 89672.4777,0,0,0,factor_graph_prior_initial,sequence_factor_graph|prior|initial
1,762,1,0.500439075,-0.662156231 0.743278548 0.0953211762 0.0336576628 0.156573157 -0.987092705 -0.74860957 -0.650401297 -0.12869291,54819.3779 -14286.3503 110146.851,0,0,0,factor_graph_prior_initial,sequence_factor_graph|prior|initial
1,763,1,0.367879441,-0.721280747 0.682951264 0.115462786 -0.0946570034 0.0679434382 -0.993188673 -0.686144398 -0.72729723 0.0156398262,72754.1809 -15439.3806 130680.099,0,0,0,factor_graph_prior_initial,sequence_factor_graph|prior|initial
1,764,1,0.476182523,-0.940191363 0.333899225 -0.0674648666 0.0734034469 0.00518518042 -0.997288849 -0.332644157 -0.942594516 -0.0293844159,55913.6581 -6375.09918 88481.7963,0,0,0,factor_graph_prior_initial,sequence_factor_graph|prior|initial
1,765,1,0.516934429,-0.980664244 -0.195670795 0.00325289206 0.00329213957 -0.0331146708 -0.999446137 0.195670139 -0.980110381 0.0331185491,54481.4644 -5057.9071 82742.6071,0,0,0,factor_graph_prior_initial,sequence_factor_graph|prior|initial
1,766,1,0.514182297,-0.887900104 -0.441173195 0.130382579 -0.0554187637 -0.178777992 -0.982327435 0.456686069 -0.879434274 0.134287725,50857.4371 -4481.97079 76725.0824,0,0,0,factor_graph_prior_initial,sequence_factor_graph|prior|initial
1,767,1,0.531546292,-0.900058528 -0.38521452 0.203726336 -0.0123738174 -0.444728884 -0.895579761 0.435593314 -0.808595074 0.395515451,55502.7122 -4880.11074 86929.0619,0,0,0,factor_graph_prior_initial,sequence_factor_graph|prior|initial
1,768,1,0.761789564,-0.890606663 -0.447839489 0.0791174087 -0.0147828548 -0.145370216 -0.989266884 0.45453409 -0.882217259 0.122847337,50566.5054 -4224.23363 78016.8915,0,0,0,factor_graph_prior_initial,sequence_factor_graph|prior|initial
1,769,1,1,-0.946464353 0.321260758 -0.0315713953 0.109748675 0.22826072 -0.967394579 -0.303579407 -0.919069404 -0.251298577,50938.427 -4256.52885 78633.7585,0,0,0,factor_graph_prior_initial,sequence_factor_graph|prior|initial
1,770,1,0.983062814,-0.892928291 0.449704163 -0.0211005354 0.0462568929 0.0450241784 -0.997914387 -0.44781622 -0.892042033 -0.06100528,49851.6045 -4123.54422 76863.1516,0,0,0,factor_graph_prior_initial,sequence_factor_graph|prior|initial
1,771,1,0.443731015,-0.812160786 0.583046674 -0.0212469674 -0.0413913152 -0.0939053357 -0.994720336 -0.581963587 -0.80699341 0.1003993,45820.4689 -3839.81037 70404.8843,0,0,0,factor_graph_prior_initial,sequence_factor_graph|prior|initial
1,772,1,0.477840882,-0.598039008 0.801267381 0.0178865455 -0.126840501 -0.072586328 -0.989263722 -0.791366434 -0.593887033 0.145042612,37486.4769 -2951.50208 57656.7841,0,0,0,factor_graph_prior_initial,sequence_factor_graph|prior|initial
1,773,1,0.887147149,-0.833835174 0.545908769 -0.0818689072 0.12061998 0.035459928 -0.992065227 -0.538674041 -0.837093907 -0.0954152398,39491.0278 -3001.56355 63617.1112,0,0,0,factor_graph_prior_initial,sequence_factor_graph|prior|initial
1,774,1,0.456817067,-0.854428571 0.518691188 -0.0301872166 0.092572971 0.0948077917 -0.991181985 -0.511255378 -0.849688728 -0.12902327,44822.8149 -3634.07803 73217.8574,0,0,0,factor_graph_prior_initial,sequence_factor_graph|prior|initial
1,775,1,0.937137027,-0.922186692 0.375836915 0.0912048159 0.0079427592 0.254182188 -0.96712374 -0.386663442 -0.891144224 -0.237388613,49092.6857 -3918.48207 78856.1478,0,0,0,factor_graph_prior_initial,sequence_factor_graph|prior|initial
1,776,1,0.408578033,-0.798961137 0.599604347 -0.046213957 0.128341559 0.0949269111 -0.987176441 -0.587528337 -0.794646783 -0.15279707,41850.647 -3308.02107 70105.6213,0,0,0,factor_graph_prior_initial,sequence_factor_graph|prior|initial
1,777,1,1,-0.817256568 0.575839034 -0.0223854612 0.0221046392 -0.00749202707 -0.99972759 -0.575849883 -0.817528762 -0.00660580577,41034.6413 -3130.28955 66861.4807,0,0,0,factor_graph_prior_initial,sequence_factor_graph|prior|initial
1,778,1,0.998507822,-0.835978696 0.548663931 -0.0103686921 -0.00521088168 -0.0268306403 -0.999626412 -0.548737156 -0.835612355 0.0252888665,39591.1064 -3040.40408 64477.9205,0,0,0,factor_graph_prior_initial,sequence_factor_graph|prior|initial
1,779,1,0.624841145,-0.886213046 -0.4613323 -0.0424139951 0.00816614814 0.0759821467 -0.997075738 0.46320595 -0.883967886 -0.0635690617,40106.2241 -3038.06591 66801.1246,0,0,0,factor_graph_prior_initial,sequence_factor_graph|prior|initial
1,780,1,0.557906774,-0.970614971 0.239635023 0.0219461382 0.00870591791 0.126109213 -0.991978162 -0.24048032 -0.962637794 -0.124489733,46425.2968 -3884.24134 80589.2715,0,0,0,factor_graph_prior_initial,sequence_factor_graph|prior|initial
1,781,1,0.981298048,-0.96888306 0.247289226 0.0106609159 -0.0110414345 -0.000152020326 -0.99993903 -0.247272528 -0.968941699 0.00287771772,46044.5175 -3527.57549 77960.083,0,0,0,factor_graph_prior_initial,sequence_factor_graph|prior|initial
1,782,1,0.465357765,-0.952418724 0.300492114 -0.0510202343 0.0685540718 0.0480916141 -0.996487599 -0.29698302 -0.952571092 -0.0664033117,41957.8133 -3139.02426 71832.5424,0,0,0,factor_graph_prior_initial,sequence_factor_graph|prior|initial
1,783,1,0.734703907,-0.994210202 -0.105422356 -0.0207894453 0.0160832476 0.0452967108 -0.998844101 0.106242191 -0.993395357 -0.0433389181,45466.6405 -3486.17554 78816.1316,0,0,0,factor_graph_prior_initial,sequence_factor_graph|prior|initial
1,784,1,0.973728585,-0.952989139 0.299095321 -0.0485148385 0.0875183487 0.118417203 -0.989099542 -0.290090053 -0.94684706 -0.139026637,44003.9482 -3300.10033 76384.3842,0,0,0,factor_graph_prior_initial,sequence_factor_graph|prior|initial
1,785,1,0.969858138,-0.846278207 0.532376408 -0.0197118323 0.050139314 0.0427570007 -0.997826582 -0.530376513 -0.845427229 -0.0628773057,41636.2305 -3167.49167 73230.896,0,0,0,factor_graph_prior_initial,sequence_factor_graph|prior|initial
1,786,1,0.9960117,-0.800327986 0.595528851 -0.069429837 0.00998206518 -0.102549843 -0.994677781 -0.599479335 -0.796761519 0.0761289015,39735.5194 -2920.84098 70195.4193,0,0,0,factor_graph_prior_initial,sequence_factor_graph|prior|initial
1,787,1,0.416712021,-0.830547032 0.555034021 0.0461396003 -0.0377318256 0.0265792289 -0.998934359 -0.555668909 -0.831402899 -0.00113285281,36766.7465 -2597.32294 65580.2689,0,0,0,factor_graph_prior_initial,sequence_factor_graph|prior|initial
1,788,1,0.73745683,-0.805866315 0.589828323 0.0517883455 -0.0310505434 0.0452465932 -0.99849317 -0.591282798 -0.806260067 -0.0181482154,34627.9259 -2394.5334 62625.4959,0,0,0,factor_graph_prior_initial,sequence_factor_graph|prior|initial
1,789,1,0.498822527,-0.834998068 0.549567293 -0.027459358 0.042906575 0.015277555 -0.998962273 -0.548577481 -0.835309755 -0.0363367792,36661.0184 -2549.55077 68112.3734,0,0,0,factor_graph_prior_initial,sequence_factor_graph|prior|initial
1,790,1,0.705644873,-0.504404482 0.858189991 0.0953208115 -0.0414311035 0.0862113681 -0.995415021 -0.862472946 -0.506041045 -0.00792964211,27412.6244 -1836.24947 53689.3349,0,0,0,factor_graph_prior_initial,sequence_factor_graph|prior|initial
1,791,1,1,-0.659132491 0.751946478 -0.0109933114 0.141005889 0.109215908 -0.983966069 -0.738689176 -0.650114128 -0.178016635,28892.7135 -2174.08419 56807.1136,0,0,0,factor_graph_prior_initial,sequence_factor_graph|prior|initial
1,792,1,1,-0.776008727 0.620783079 0.111529475 0.0880383899 0.281708208 -0.95545263 -0.624547594 -0.731620704 -0.273260771,31277.6737 -2606.79483 62333.5762,0,0,0,factor_graph_prior_initial,sequence_factor_graph|prior|initial
1,793,1,0.527243807,-0.93983631 0.341176805 -0.0174956486 0.0158905182 -0.00749893195 -0.999845617 -0.341255331 -0.93996923 0.00162629233,31964.5195 -2652.55761 64092.3538,0,0,0,factor_graph_prior_initial,sequence_factor_graph|prior|initial
1,794,1,0.772820879,-0.776547176 0.630050594 0.00327608598 -0.0197826721 -0.0191847074 -0.999620224 -0.629748465 -0.776317072 0.0273619147,30569.9883 -2486.16004 62488.2317,0,0,0,factor_graph_prior_initial,sequence_factor_graph|prior|initial
1,795,1,0.414000232,-0.116464406 0.972475466 0.201810577 -0.0490893078 0.197308749 -0.979111586 -0.991980989 -0.123938391 0.0247587012,26670.4369 -2326.25198 57570.6863,0,0,0,factor_graph_prior_initial,sequence_factor_graph|prior|initial
1,796,1,0.721459981,-0.928350455 0.368475105 0.0489032715 0.000381027327 0.132507636 -0.991181911 -0.371705916 -0.920145545 -0.123153923,28112.6728 -2657.54867 62526.5884,0,0,0,factor_graph_prior_initial,sequence_factor_graph|prior|initial
1,797,1,0.428076175,-0.513048585 0.829273694 0.221554261 -0.0251195911 0.243497605 -0.969576156 -0.857991932 -0.503005027 -0.104095085,22466.1217 -2031.53014 53558.2428,0,0,0,factor_graph_prior_initial,sequence_factor_graph|prior|initial
1,798,1,1,-0.43887411 0.896158911 0.065488336 0.0158127445 0.0805738786 -0.996623202 -0.898409413 -0.436356571 -0.0495325212,20229.6848 -1924.41833 48794.9333,0,0,0,factor_graph_prior_initial,sequence_factor_graph|prior|initial
1,799,1,0.691487646,-0.943666412 0.330469556 -0.0168396988 0.0480002263 0.0863586274 -0.995107113 -0.327398352 -0.939857468 -0.0973563495,21683.4183 -2217.51022 54757.843,0,0,0,factor_graph_prior_initial,sequence_factor_graph|prior|initial
1,800,1,0.558056689,-0.907502283 0.356707401 0.221809459 0.00812767409 0.54287142 -0.839776496 -0.419968507 -0.760296292 -0.495556254,25177.9633 -2957.11064 66880.3177,0,0,0,factor_graph_prior_initial,sequence_factor_graph|prior|initial
1,801,1,0.455574547,-0.962353275 -0.270304209 -0.0284922596 -0.0606971488 0.315903102 -0.946847974 0.264937786 -0.90947285 -0.32041708,25935.4134 -2848.70672 68501.4191,0,0,0,factor_graph_prior_initial,sequence_factor_graph|prior|initial
1,802,1,0.813237533,-0.686031452 0.727570471 -0.00143409346 0.0955796105 0.0881683692 -0.991509393 -0.721266514 -0.680343699 -0.130027177,23384.2545 -2703.40824 65415.0696,0,0,0,factor_graph_prior_initial,sequence_factor_graph|prior|initial
1,803,1,0.401154303,-0.4230725 0.905728003 0.0258155888 0.0679090217 0.0601059597 -0.995879329 -0.903547467 -0.419576046 -0.0869362812,16648.9773 -1755.10716 53255.6343,0,0,0,factor_graph_prior_initial,sequence_factor_graph|prior|initial
1,804,1,0.938429162,-0.421508185 0.904291217 0.067736588 0.0504785512 0.0979784218 -0.993907513 -0.905418558 -0.415520907 -0.0869460173,14790.8249 -1542.33944 46119.1635,0,0,0,factor_graph_prior_initial,sequence_factor_graph|prior|initial
1,805,1,1,-0.454396901 0.886551096 0.0868942499 0.0607672438 0.128168704 -0.989888946 -0.888724253 -0.444522145 -0.112112728,15419.9142 -1786.03482 48819.8509,0,0,0,factor_graph_prior_initial,sequence_factor_graph|prior|initial
1,806,1,0.84626414,-0.44033927 0.892840427 0.0945372867 0.0177195473 0.113916828 -0.993332258 -0.897656585 -0.435728043 -0.0659827809,14880.1384 -1768.01205 48072.4907,0,0,0,factor_graph_prior_initial,sequence_factor_graph|prior|initial
1,807,1,0.689452323,-0.257981856 0.959595553 0.112346501 -0.096888268 0.090000859 -0.99121769 -0.961279369 -0.266601237 0.0697549625,12970.171 -1521.63041 43649.8413,0,0,0,factor_graph_prior_initial,sequence_factor_graph|prior|initial
1,808,1,0.969454553,-0.71005085 0.699937289 0.0769128225 0.078351232 0.187084598 -0.979214194 -0.699777733 -0.689265656 -0.187680527,15418.8976 -2004.41313 58829.4067,0,0,0,factor_graph_prior_initial,sequence_factor_graph|prior|initial
1,809,1,0.669681654,-0.944792665 0.324365845 0.0464070923 0.000147954801 0.142050357 -0.989859421 -0.327668732 -0.935205055 -0.134256127,14823.1945 -1913.33604 56733.6426,0,0,0,factor_graph_prior_initial,sequence_factor_graph|prior|initial
1,810,1,0.47166269,-0.948425612 0.31606149 -0.0243719687 0.0394600388 0.0414250459 -0.998362094 -0.314534201 -0.947833899 -0.0517603732,14948.6561 -2162.59313 58928.2608,0,0,0,factor_graph_prior_initial,sequence_factor_graph|prior|initial
1,811,1,0.880894777,-0.712305505 0.699905165 0.0524750231 0.108919302 0.184088328 -0.976856219 -0.693366753 -0.690104519 -0.207360312,13760.2158 -2005.25188 57960.8727,0,0,0,factor_graph_prior_initial,sequence_factor_graph|prior|initial
1,812,1,0.473897735,-0.337805009 0.936611724 -0.0929852363 -0.00837517862 -0.101779911 -0.994771685 -0.941178853 -0.33526009 0.0422260541,10298.0461 -1500.49806 49398.5748,0,0,0,factor_graph_prior_initial,sequence_factor_graph|prior|initial
1,813,1,0.367879441,-0.933412907 0.284002166 -0.219278622 0.0409433392 -0.522838539 -0.851447887 -0.356460359 -0.803730447 0.476396244,12322.5088 -2273.95105 64064.8804,0,0,0,factor_graph_prior_initial,sequence_factor_graph|prior|initial
1,814,1,0.949503686,-0.888103184 0.459571709 0.00815959741 -0.0228005276 -0.0263170503 -0.999393591 -0.459078284 -0.887750673 0.0338507336,10790.0715 -1643.19885 55102.6535,0,0,0,factor_graph_prior_initial,sequence_factor_graph|prior|initial
1,815,1,0.525304275,-0.598699438 0.799960835 0.0402696428 0.00357637631 0.0529451894 -0.998591016 -0.800965787 -0.597711861 -0.0345592162,9366.08601 -1472.14651 49302.0668,0,0,0,factor_graph_prior_initial,sequence_factor_graph|prior|initial
1,816,1,0.78354241,-0.342466362 0.939485894 0.00911293489 0.0982657742 0.0454632518 -0.994121185 -0.934377134 -0.339557576 -0.107888943,8552.46735 -1379.64451 46626.3046,0,0,0,factor_graph_prior_initial,sequence_factor_graph|prior|initial
1,817,1,0.531719668,-0.397989387 0.91706295 -0.0244947539 0.099035217 0.016404481 -0.994948702 -0.912028768 -0.398404867 -0.0973503376,7755.476 -1209.35404 44433.9561,0,0,0,factor_graph_prior_initial,sequence_factor_graph|prior|initial
1,818,1,0.642444555,-0.289750882 0.957086932 -0.00538810167 0.0754963821 0.01724318 -0.996996975 -0.954119868 -0.289287535 -0.0772528273,7248.13223 -1240.33844 43850.193,0,0,0,factor_graph_prior_initial,sequence_factor_graph|prior|initial
1,819,1,0.982705125,-0.291146965 0.956676224 0.00201172882 0.0526689211 0.0181283925 -0.998447468 -0.955227423 -0.290588994 -0.055665131,6468.35995 -1116.88745 41160.0876,0,0,0,factor_graph_prior_initial,sequence_factor_graph|prior|initial
1,820,1,0.798244445,-0.25434477 0.967111134 0.00218923243 0.0401828718 0.0128295361 -0.999109974 -0.966278467 -0.254030426 -0.0421244282,6397.67218 -1209.41961 42939.1594,0,0,0,factor_graph_prior_initial,sequence_factor_graph|prior|initial
1,821,1,0.509106556,-0.267788626 0.963403068 0.0119908073 0.04635928 0.0253150077 -0.998604009 -0.962361714 -0.266858911 -0.0514417438,6218.32275 -1237.61714 43234.7183,0,0,0,factor_graph_prior_initial,sequence_factor_graph|prior|initial
1,822,1,0.532972923,-0.175960945 0.98306686 0.0511594973 0.0891342897 0.0676681174 -0.993718322 -0.980353418 -0.17029555 -0.0995319122,5897.46237 -1144.41562 42659.111,0,0,0,factor_graph_prior_initial,sequence_factor_graph|prior|initial
1,823,1,0.422670868,-0.322960075 0.946334583 -0.0121509903 0.112882901 0.0257703853 -0.99327405 -0.939656448 -0.322159501 -0.115147799,5929.18253 -1259.33433 44856.3919,0,0,0,factor_graph_prior_initial,sequence_factor_graph|prior|initial
1,824,1,0.458957828,0.0484894734 0.998373624 0.0299812862 0.0839407508 0.0258372086 -0.996135728 -0.99529027 0.0508187486 -0.082551399,5755.92804 -1251.09458 45037.2162,0,0,0,factor_graph_prior_initial,sequence_factor_graph|prior|initial
1,825,1,1,-0.139631192 0.989880235 -0.0253031825 0.0903161691 -0.012715441 -0.995831967 -0.986076123 -0.141334491 -0.0876267185,5578.3 -1452.75116 45318.3899,0,0,0,factor_graph_prior_initial,sequence_factor_graph|prior|initial
1,826,1,0.973428689,-0.117424706 0.989686445 -0.0820498563 0.123240647 -0.0674602817 -0.990081236 -0.985405085 -0.126371875 -0.114048094,5192.44099 -1359.67541 43627.6779,0,0,0,factor_graph_prior_initial,sequence_factor_graph|prior|initial
1,827,1,0.985120498,-0.168799239 0.98558208 -0.011609503 0.146476581 0.013435624 -0.989122892 -0.974705816 -0.168663712 -0.146632617,5156.28433 -1298.6511 43953.3463,0,0,0,factor_graph_prior_initial,sequence_factor_graph|prior|initial
1,828,1,0.97722459,-0.133220552 0.990585515 0.0315059017 0.123272886 0.0481042041 -0.991206225 -0.983390096 -0.128165217 -0.128520804,4855.44252 -1266.98124 42568.8171,0,0,0,factor_graph_prior_initial,sequence_factor_graph|prior|initial
1,829,1,0.479476327,-0.0992041593 0.993254846 0.0600278715 0.168461401 0.0762189945 -0.982757051 -0.980703467 -0.0873812077 -0.174886344,4671.88931 -1217.26453 41495.8496,0,0,0,factor_graph_prior_initial,sequence_factor_graph|prior|initial
1,830,1,0.404374119,0.15393904 0.98553774 -0.0708387925 0.125687395 -0.0906421744 -0.987920379 -0.9800538 0.143175972 -0.13782304,5039.58178 -1432.0029 45810.9055,0,0,0,factor_graph_prior_initial,sequence_factor_graph|prior|initial
1,831,1,0.429750786,-0.00179799587 0.996822791 0.0796309665 0.0773800553 0.0795310215 -0.993824503 -0.997000047 0.00437495624 -0.0772771991,4429.17299 -1175.07184 41587.429,0,0,0,factor_graph_prior_initial,sequence_factor_graph|prior|initial
1,832,1,0.414809294,-0.571873792 0.805538554 0.155138661 0.066587047 0.234071987 -0.969936323 -0.817634717 -0.544350938 -0.187498068,4979.05827 -1465.02054 46793.9148,0,0,0,factor_graph_prior_initial,sequence_factor_graph|prior|initial
1,833,1,0.98567798,-0.277043427 0.96072202 -0.0161288413 0.0489763273 -0.00264473969 -0.998796438 -0.959608388 -0.27749992 -0.0463199283,4948.04335 -1424.98839 46164.3753,0,0,0,factor_graph_prior_initial,sequence_factor_graph|prior|initial
1,834,1,1,-0.325104028 0.945489244 -0.0189066195 0.0515268465 -0.00225266525 -0.998669069 -0.944273454 -0.325645535 -0.0479857286,5082.40938 -1511.33168 47040.596,0,0,0,factor_graph_prior_initial,sequence_factor_graph|prior|initial
1,835,1,0.405575646,-0.269499562 0.962993534 0.00366599837 0.118572484 0.0369606281 -0.992257264 -0.955672827 -0.266978212 -0.124145408,4503.56007 -1305.41086 43199.234,0,0,0,factor_graph_prior_initial,sequence_factor_graph|prior|initial
1,836,1,0.505630974,-0.316413779 0.948614606 0.00355663227 0.0402032696 0.0171556513 -0.999044234 -0.947768969 -0.315968373 -0.0435656932,4234.58433 -1241.81056 40142.1738,0,0,0,factor_graph_prior_initial,sequence_factor_graph|prior|initial
1,837,1,0.367879441,-0.255172549 0.966880386 -0.00541204067 -0.000921156638 -0.00584043284 -0.99998252 -0.966895093 -0.255163103 0.00238096642,4248.22903 -1317.54482 39280.4451,0,0,0,factor_graph_prior_initial,sequence_factor_graph|prior|initial
1,838,1,0.620773107,-0.723620235 0.667910322 0.173981484 0.00777440534 0.259946286 -0.965591781 -0.690154558 -0.697369149 -0.193294998,5254.77695 -2051.90516 51918.0565,0,0,0,factor_graph_prior_initial,sequence_factor_graph|prior|initial
1,839,1,1,-0.273425841 0.961785974 0.0143544294 -0.0118156623 0.0115636539 -0.999863327 -0.961820513 -0.273558078 0.00820233651,4513.8669 -1491.4577 44251.8349,0,0,0,factor_graph_prior_initial,sequence_factor_graph|prior|initial
1,840,1,0.555054888,-0.234057235 0.970636066 -0.0555233078 -0.0543926871 -0.0700935703 -0.996056387 -0.97070008 -0.230114143 0.0692014112,4242.2781 -1313.94994 39823.41,0,0,0,factor_graph_prior_initial,sequence_factor_graph|prior|initial
1,841,1,0.467697658,-0.291666924 0.95650257 0.00576536746 -0.0597301565 -0.0121972144 -0.998140038 -0.95465319 -0.291468801 0.0606895722,4054.67176 -1208.06873 37822.197,0,0,0,factor_graph_prior_initial,sequence_factor_graph|prior|initial
1,842,1,0.439515829,-0.406138218 0.90732545 0.108684295 0.0860619725 0.156384723 -0.98393961 -0.909750012 -0.390261895 -0.141600031,4200.5291 -1302.30117 39002.6512,0,0,0,factor_graph_prior_initial,sequence_factor_graph|prior|initial
1,843,1,0.46968124,-0.347780905 0.930808352 0.112446674 0.0652281412 0.143663659 -0.987474578 -0.935304085 -0.336090114 -0.110678376,4274.47891 -1324.01824 39106.0944,0,0,0,factor_graph_prior_initial,sequence_factor_graph|prior|initial
1,844,1,0.471425107,-0.437112484 0.894018417 0.0983043598 0.0308367488 0.12413174 -0.991786472 -0.898878063 -0.430490861 -0.0818281547,4329.22268 -1326.72477 39818.1305,0,0,0,factor_graph_prior_initial,sequence_factor_graph|prior|initial
1,845,1,0.504643487,-0.762854256 0.641804948 0.0783568245 -0.0593424798 0.0511778661 -0.99692492 -0.643841482 -0.765158307 -0.000954955806,4549.23964 -1274.94633 38326.889,0,0,0,factor_graph_prior_initial,sequence_factor_graph|prior|initial
1,846,1,0.442748786,-0.213121074 0.975489034 0.0547772907 0.0631601439 0.0697036852 -0.995566267 -0.974982156 -0.20871641 -0.0764673521,4002.72751 -1185.91058 34408.8478,0,0,0,factor_graph_prior_initial,sequence_factor_graph|prior|initial
1,847,1,0.377685788,-0.283233786 0.959048143 0.00229827587 0.0403926701 0.0143232988 -0.999081216 -0.958199903 -0.282880722 -0.0427953574,4077.83699 -1260.40709 35066.3071,0,0,0,factor_graph_prior_initial,sequence_factor_graph|prior|initial
1,848,1,0.990540709,-0.247064376 0.968564384 0.0290211596 0.00183029267 0.0304160303 -0.99953565 -0.96899734 -0.246896534 -0.00928747384,3900.25306 -1165.35318 33581.9092,0,0,0,factor_graph_prior_initial,sequence_factor_graph|prior|initial
1,849,1,0.550880563,-0.197831794 0.979380547 0.0409429524 0.0112757517 0.0440393944 -0.99896616 -0.980171127 -0.197165605 -0.0197556443,3721.97866 -1165.80808 32061.3708,0,0,0,factor_graph_prior_initial,sequence_factor_graph|prior|initial
1,850,1,0.946965465,-0.296620401 0.953082636 -0.0604137925 0.0456402042 -0.0490411347 -0.997753446 -0.953904245 -0.298711325 -0.0289522851,4102.14233 -1161.3059 34619.5946,0,0,0,factor_graph_prior_initial,sequence_factor_graph|prior|initial
1,851,1,0.566163501,-0.265662726 0.958417366 0.104208778 0.081088999 0.129924298 -0.988202535 -0.960649723 -0.254078394 -0.112233148,4303.91169 -1197.96145 35462.8334,0,0,0,factor_graph_prior_initial,sequence_factor_graph|prior|initial
1,852,1,1,-0.450379242 0.889947716 0.0717746566 0.00651294158 0.0836619871 -0.996472907 -0.892813597 -0.448323249 -0.0434757999,4180.61495 -1113.21521 35567.3065,0,0,0,factor_graph_prior_initial,sequence_factor_graph|prior|initial
1,853,1,0.382538512,-0.408203279 0.911643816 0.0477036355 0.0153719661 0.0591124049 -0.99813297 -0.912761626 -0.406707852 -0.0381436353,4048.18535 -997.866452 34250.0801,0,0,0,factor_graph_prior_initial,sequence_factor_graph|prior|initial
1,854,1,0.416447698,-0.26712835 0.963660871 -0.00041314239 -0.0256496621 -0.00753869629 -0.999642568 -0.963319542 -0.267022273 0.0267313752,4151.57604 -900.61599 33766.4375,0,0,0,factor_graph_prior_initial,sequence_factor_graph|prior|initial
1,855,1,0.438616854,-0.393095795 0.91646943 0.0745619222 0.0972865164 0.122088839 -0.987739667 -0.914336387 -0.38102244 -0.137152727,4358.04558 -990.487635 35268.8332,0,0,0,factor_graph_prior_initial,sequence_factor_graph|prior|initial
1,856,1,0.580240314,-0.38931811 0.920706673 0.0270301943 0.115966938 0.0781059989 -0.990177319 -0.913774085 -0.382359353 -0.137179613,4195.1642 -856.807411 34013.8435,0,0,0,factor_graph_prior_initial,sequence_factor_graph|prior|initial
1,857,1,0.973212976,-0.274320904 0.961430901 0.0199666053 -0.019323137 0.0152479135 -0.999697013 -0.961444048 -0.274623605 0.0143950396,4414.47735 -926.444769 34395.05,0,0,0,factor_graph_prior_initial,sequence_factor_graph|prior|initial
1,858,1,0.407374149,-0.401363432 0.915901669 -0.00561491777 0.108519753 0.0414661991 -0.993229086 -0.909467349 -0.399255164 -0.116036439,4328.56655 -852.062225 34162.8113,0,0,0,factor_graph_prior_initial,sequence_factor_graph|prior|initial
1,859,1,0.586706211,-0.381625659 0.9240901 0.020477875 0.0851681969 0.0572153856 -0.994722463 -0.92038483 -0.377867551 -0.100537947,4444.24534 -911.974967 34679.1573,0,0,0,factor_graph_prior_initial,sequence_factor_graph|prior|initial
1,860,1,0.474151909,-0.406729006 0.909145894 0.0895838081 0.0266740705 0.109838069 -0.993591512 -0.913159356 -0.401732923 -0.0689249504,4425.54855 -1012.76386 34846.6225,0,0,0,factor_graph_prior_initial,sequence_factor_graph|prior|initial
1,861,1,0.422577147,-0.297723648 0.954550213 -0.0139470653 0.0843982314 0.0117657661 -0.996362637 -0.95091407 -0.297817826 -0.0840652966,4700.65928 -1119.40908 35659.4505,0,0,0,factor_graph_prior_initial,sequence_factor_graph|prior|initial
1,862,1,0.442516866,-0.413770587 0.909705262 0.0350747494 0.0592378495 0.0653496575 -0.996102555 -0.908451858 -0.410080186 -0.0809287495,4370.23592 -997.516453 34175.6973,0,0,0,factor_graph_prior_initial,sequence_factor_graph|prior|initial
1,863,1,0.425618265,-0.390463955 0.920434356 0.0183982624 0.0948661953 0.0601060806 -0.993673822 -0.915717372 -0.386248437 -0.110787363,4370.89491 -996.094346 33694.6259,0,0,0,factor_graph_prior_initial,sequence_factor_graph|prior|initial
1,864,1,0.388285726,-0.687996516 0.722126479 -0.0720703976 0.0312716875 -0.0697175483 -0.997076499 -0.725039913 -0.68823892 0.0253833167,5250.82922 -1312.52491 38659.153,0,0,0,factor_graph_prior_initial,sequence_factor_graph|prior|initial
1,865,1,0.443371618,-0.409044265 0.911622946 0.0403285777 0.078284903 0.0790898054 -0.993788849 -0.909150297 -0.40334651 -0.103717545,4867.97094 -1048.77448 37095.9511,0,0,0,factor_graph_prior_initial,sequence_factor_graph|prior|initial
1,866,1,0.579746757,-0.521328948 0.84563333 0.114544314 0.084533542 0.184743448 -0.979144493 -0.84915853 -0.500773532 -0.167796488,4978.07884 -1126.37949 37678.0281,0,0,0,factor_graph_prior_initial,sequence_factor_graph|prior|initial
1,867,1,0.448277585,-0.49796179 0.866777134 0.02704544 0.035351397 0.0514507537 -0.998049647 -0.866478121 -0.496034495 -0.056262292,4997.06221 -1168.14709 37573.0896,0,0,0,factor_graph_prior_initial,sequence_factor_graph|prior|initial
1,868,1,0.631718479,-0.373531361 0.927584817 0.00779290164 0.101449011 0.0492004563 -0.993623376 -0.922053372 -0.37035891 -0.112480475,4686.35893 -1019.38331 35554.8096,0,0,0,factor_graph_prior_initial,sequence_factor_graph|prior|initial
1,869,1,0.47619794,-0.171672045 0.984736717 0.0286759127 0.0192482491 0.0324552505 -0.999287827 -0.984966098 -0.170997824 -0.0245261168,4414.38055 -856.571913 33010.437,0,0,0,factor_graph_prior_initial,sequence_factor_graph|prior|initial
1,870,1,0.971286277,0.0168514101 0.998838064 0.0451503282 -0.0601543971 0.0460877381 -0.99712455 -0.998046832 0.014086964 0.0608611449,4423.1801 -860.15147 32795.2957,0,0,0,factor_graph_prior_initial,sequence_factor_graph|prior|initial
1,871,1,0.429721194,-0.395214595 0.914703556 0.0843968534 0.094219372 0.131757648 -0.986794118 -0.91374402 -0.38204362 -0.13825534,4596.04454 -839.984417 34486.2556,0,0,0,factor_graph_prior_initial,sequence_factor_graph|prior|initial
1,872,1,0.454014381,-0.887671343 0.460213869 0.0155814181 -0.0472543933 -0.0573821502 -0.997233328 -0.458046513 -0.885951739 0.0726836175,5959.19466 -1263.77797 43912.0369,0,0,0,factor_graph_prior_initial,sequence_factor_graph|prior|initial
1,873,1,0.682865573,-0.697137283 0.694025563 -0.17980024 0.023185043 -0.228833824 -0.973189362 -0.716562672 -0.682615264 0.143437577,6161.79895 -1196.71452 44660.0227,0,0,0,factor_graph_prior_initial,sequence_factor_graph|prior|initial
1,874,1,0.483874509,-0.890713262 0.447637015 -0.0790631835 0.0330775806 -0.10964318 -0.993420478 -0.453360516 -0.887468014 0.0828538851,6073.78721 -1129.04096 44832.9353,0,0,0,factor_graph_prior_initial,sequence_factor_graph|prior|initial
1,875,1,1,-0.726334765 0.678164777 -0.111939021 -0.0172883502 -0.180831743 -0.983362087 -0.687123658 -0.712314829 0.143068732,6195.82605 -1229.24578 45810.524,0,0,0,factor_graph_prior_initial,sequence_factor_graph|prior|initial
1,876,1,0.422537359,-0.737371983 0.638333468 -0.220936513 0.0350424401 -0.290488128 -0.956236725 -0.674577339 -0.712844324 0.191829044,5983.00266 -1067.80338 44068.367,0,0,0,factor_graph_prior_initial,sequence_factor_graph|prior|initial
1,877,1,0.513385489,-0.707906366 0.701585272 -0.0815271887 -0.00630435387 -0.121699331 -0.99254699 -0.706278155 -0.702116357 0.0905747727,6034.78289 -1177.59967 44860.672,0,0,0,factor_graph_prior_initial,sequence_factor_graph|prior|initial
1,878,1,0.474788097,-0.718585316 0.677053629 -0.158850643 0.00767168678 -0.220686497 -0.975314624 -0.695396498 -0.702065419 0.153387933,6304.97503 -1293.49482 45918.1862,0,0,0,factor_graph_prior_initial,sequence_factor_graph|prior|initial
1,879,1,0.434700818,-0.884290033 0.463107169 -0.0596899276 0.0146540421 -0.100245455 -0.994854817 -0.466708042 -0.880614898 0.0818596644,6272.94016 -1362.26559 46271.4767,0,0,0,factor_graph_prior_initial,sequence_factor_graph|prior|initial
1,880,1,0.628838179,-0.681505612 0.722838984 -0.114253684 0.01546128 -0.14186747 -0.989764906 -0.73164954 -0.676296846 0.0855074611,6108.97541 -1401.81684 45280.1628,0,0,0,factor_graph_prior_initial,sequence_factor_graph|prior|initial
1,881,1,0.417991949,-0.679978679 0.720463157 -0.136241827 0.0125449551 -0.174351573 -0.984603551 -0.73312456 -0.67121857 0.109517174,6122.3979 -1345.95919 44748.3177,0,0,0,factor_graph_prior_initial,sequence_factor_graph|prior|initial
1,882,1,0.470523153,-0.891470613 0.452856003 -0.0141981495 -0.0413832914 -0.112591234 -0.992779249 -0.451184629 -0.884445959 0.119112449,6092.69762 -1358.88624 44031.498,0,0,0,factor_graph_prior_initial,sequence_factor_graph|prior|initial
1,883,1,0.480589383,-0.695525126 0.708824347 -0.117528054 0.0228316343 -0.141687349 -0.989648125 -0.718138925 -0.691008494 0.0823634932,6017.36736 -1341.43949 43123.455,0,0,0,factor_graph_prior_initial,sequence_factor_graph|prior|initial
1,884,1,0.426095424,-0.381176214 0.923774331 0.0366835014 0.0784362942 0.0718502635 -0.99432655 -0.921169062 -0.376136312 -0.0998450466,4983.6297 -1015.28668 37493.0267,0,0,0,factor_graph_prior_initial,sequence_factor_graph|prior|initial
1,885,1,0.484379364,-0.715264695 0.698761696 -0.0113361891 0.0488426794 0.0338016105 -0.998234363 -0.697144755 -0.714555487 -0.0583064921,5674.74747 -1252.44808 41906.0974,0,0,0,factor_graph_prior_initial,sequence_factor_graph|prior|initial
1,886,1,0.711102062,-0.518479922 0.85265726 0.0644528266 0.113744688 0.143478051 -0.983095211 -0.847490836 -0.502383962 -0.171375723,5407.8393 -1136.3672 40059.1698,0,0,0,factor_graph_prior_initial,sequence_factor_graph|prior|initial
1,887,1,0.939175095,-0.677808596 0.735238361 0.000245165088 -0.00732090373 -0.00641563098 -0.999952621 -0.735201953 -0.677778277 0.00973117908,5405.50184 -1122.85542 39249.9847,0,0,0,factor_graph_prior_initial,sequence_factor_graph|prior|initial
1,888,1,0.435700616,-0.0701009248 0.997538317 0.00177945714 -0.00488650996 0.00144043106 -0.999987024 -0.997527936 -0.0701087105 0.00477350537,4581.88248 -929.019094 34191.9632,0,0,0,factor_graph_prior_initial,sequence_factor_graph|prior|initial
1,889,1,0.445825251,-0.751235542 0.650676712 -0.110747355 -0.0419892483 -0.214564083 -0.975806926 -0.658697247 -0.728410647 0.188509591,5900.89321 -1463.88149 45507.0877,0,0,0,factor_graph_prior_initial,sequence_factor_graph|prior|initial
1,890,1,1,-0.727021157 0.676982321 -0.114608792 -0.039770104 -0.20815804 -0.977286329 -0.685462309 -0.705949834 0.178258956,6503.93105 -1669.49773 47863.5063,0,0,0,factor_graph_prior_initial,sequence_factor_graph|prior|initial
1,891,1,0.483199923,-0.738621998 0.66471748 -0.11219722 -0.0369670503 -0.206123944 -0.977827366 -0.673105475 -0.718097202 0.176820324,6914.51073 -1802.81091 49884.9144,0,0,0,factor_graph_prior_initial,sequence_factor_graph|prior|initial
1,892,1,0.521576097,-0.418650699 0.904693555 0.07912752 0.0588999316 0.113996523 -0.991733629 -0.906235284 -0.410529371 -0.101011113,5107.28359 -1164.60097 41726.5854,0,0,0,factor_graph_prior_initial,sequence_factor_graph|prior|initial
1,893,1,0.432392253,-0.688282659 0.725251478 -0.0166515454 -0.0230649476 -0.0448197381 -0.998728792 -0.72507585 -0.687023642 0.0475765359,5360.40068 -1482.12409 40363.2317,0,0,0,factor_graph_prior_initial,sequence_factor_graph|prior|initial
1,894,1,0.390078777,-0.387456715 0.91745306 0.090317091 0.0563997734 0.121376211 -0.991002967 -0.920161051 -0.378876891 -0.0987721727,4651.90029 -1157.99177 35567.0013,0,0,0,factor_graph_prior_initial,sequence_factor_graph|prior|initial
1,895,1,0.487219587,-0.501065308 0.863974863 0.0498095691 0.0809837585 0.104114742 -0.991262706 -0.861611971 -0.492653587 -0.122136217,4880.28955 -1315.05167 37498.9548,0,0,0,factor_graph_prior_initial,sequence_factor_graph|prior|initial
1,896,1,0.51353686,-0.402147835 0.912005858 0.0807615834 0.109494842 0.135481508 -0.984710943 -0.909003849 -0.387156397 -0.154343533,4643.11934 -1147.29714 35296.1502,0,0,0,factor_graph_prior_initial,sequence_factor_graph|prior|initial
1,897,1,0.713561828,-0.699704047 0.703636893 -0.123731038 0.0284986645 -0.145560579 -0.988938797 -0.713864184 -0.695490648 0.0817966141,5684.45921 -1562.14797 42892.5438,0,0,0,factor_graph_prior_initial,sequence_factor_graph|prior|initial
1,898,1,0.765114811,-0.719323061 0.689776567 -0.0823566735 -0.010723474 -0.129565641 -0.99151286 -0.694592932 -0.712334916 0.100596354,6105.093 -1684.68189 44905.7045,0,0,0,factor_graph_prior_initial,sequence_factor_graph|prior|initial
1,899,1,0.478551351,-0.523548482 0.845271445 0.106832441 0.114758363 0.194210185 -0.974224267 -0.844231902 -0.49779372 -0.198680415,5186.91206 -1342.42678 40375.9117,0,0,0,factor_graph_prior_initial,sequence_factor_graph|prior|initial
1,900,1,0.441490599,-0.401298202 0.915747064 -0.01915903 0.118619547 0.0312176293 -0.992448922 -0.908234087 -0.400540603 -0.121153081,4490.07511 -1039.92271 35905.8304,0,0,0,factor_graph_prior_initial,sequence_factor_graph|prior|initial
1,901,1,0.954257851,-0.275600128 0.957231662 -0.0880460964 0.0335377188 -0.0819625629 -0.996070961 -0.960687145 -0.27747015 -0.00951447345,4263.72004 -949.273884 33068.4319,0,0,0,factor_graph_prior_initial,sequence_factor_graph|prior|initial
1,902,1,0.437961497,-0.692679887 0.692081517 -0.203021543 0.0266326513 -0.256751985 -0.966110304 -0.720753269 -0.674612179 0.15941497,5353.33538 -1308.83038 42033.5159,0,0,0,factor_graph_prior_initial,sequence_factor_graph|prior|initial
1,903,1,0.469912717,-0.487564132 0.87305079 -0.00797092028 0.0892850973 0.0407763009 -0.995171073 -0.868509867 -0.485921405 -0.0978314864,5126.42622 -1141.07668 39364.0213,0,0,0,factor_graph_prior_initial,sequence_factor_graph|prior|initial
1,904,1,0.430359445,-0.29701657 0.953599833 -0.0492799811 0.0554286349 -0.0343036443 -0.997873202 -0.953262201 -0.299116398 -0.0426679862,4575.92869 -938.147247 35380.6229,0,0,0,factor_graph_prior_initial,sequence_factor_graph|prior|initial
1,905,1,0.42560123,-0.709211705 0.696609377 -0.108416484 -0.0119703797 -0.165659766 -0.986110314 -0.704893941 -0.69806319 0.125826524,5687.83617 -1494.29131 43951.7326,0,0,0,factor_graph_prior_initial,sequence_factor_graph|prior|initial
1,906,1,0.530335975,-0.89043432 0.454832741 -0.0159342445 -0.032909017 -0.0992676694 -0.994516428 -0.453920388 -0.885027179 0.103359438,6276.83783 -1616.12976 46455.8411,0,0,0,factor_graph_prior_initial,sequence_factor_graph|prior|initial
1,907,1,0.550582461,-0.702691895 0.706855348 -0.0811148368 0.0175811424 -0.0967210755 -0.995156237 -0.711277023 -0.700714314 0.0555377913,5665.52067 -1326.87259 43010.994,0,0,0,factor_graph_prior_initial,sequence_factor_graph|prior|initial
1,908,1,1,-0.298904131 0.953468077 -0.0394328159 0.0921372616 -0.012293941 -0.995670419 -0.949824745 -0.301243233 -0.0841752279,4972.53799 -1196.19584 37672.8287,0,0,0,factor_graph_prior_initial,sequence_factor_graph|prior|initial
1,909,1,0.403905641,-0.415571351 0.907785754 0.0567932803 0.0750201887 0.0964368732 -0.992507884 -0.906461485 -0.4081972 -0.10817866,4791.11242 -1175.48394 35839.18,0,0,0,factor_graph_prior_initial,sequence_factor_graph|prior|initial
1,910,1,0.562523667,-0.274444308 0.961601588 -0.00164569459 0.144060028 0.0394230001 -0.988783361 -0.950750772 -0.271603045 -0.14934777,4708.36353 -1287.96482 34787.5137,0,0,0,factor_graph_prior_initial,sequence_factor_graph|prior|initial
1,911,1,0.426488807,-0.72486675 0.675564962 -0.134833885 0.124003621 -0.0645733709 -0.99017846 -0.677636552 -0.734467332 -0.0369654122,5810.45961 -1713.4645 43210.6438,0,0,0,factor_graph_prior_initial,sequence_factor_graph|prior|initial
1,912,1,0.402826927,-0.731490115 0.681239003 -0.0289073017 -0.0455796642 -0.0911542923 -0.994793139 -0.680326911 -0.726363762 0.0977291087,5956.65407 -1681.32794 42747.7684,0,0,0,factor_graph_prior_initial,sequence_factor_graph|prior|initial
1,913,1,0.551052089,-0.694526678 0.718091477 -0.0444671069 0.067405278 0.00341049664 -0.997719849 -0.716302466 -0.69594037 -0.0507718366,6175.58432 -1721.88306 44130.0087,0,0,0,factor_graph_prior_initial,sequence_factor_graph|prior|initial
1,914,1,0.510186841,-0.389949903 0.920833448 -0.00219859377 0.104782706 0.0420005009 -0.993607841 -0.914854993 -0.387687656 -0.112865512,5258.65698 -1336.63583 39914.2265,0,0,0,factor_graph_prior_initial,sequence_factor_graph|prior|initial
1,915,1,0.420627189,-0.330991131 0.943365347 0.0225098368 0.0242530458 0.0323511699 -0.999182261 -0.943322141 -0.330174535 -0.0335874333,4766.82472 -1170.52186 35413.8947,0,0,0,factor_graph_prior_initial,sequence_factor_graph|prior|initial
1,916,1,0.423120106,-0.751789849 0.644227259 0.140652981 0.0207915505 0.236356591 -0.971443911 -0.659074908 -0.727397278 -0.19108497,5374.96853 -1586.70831 40726.9707,0,0,0,factor_graph_prior_initial,sequence_factor_graph|prior|initial
1,917,1,0.419961276,-0.404695415 0.912442836 0.0605779883 0.0497440977 0.0881132321 -0.994867621 -0.913097555 -0.399604968 -0.0810476666,4624.62664 -1212.89086 35370.1172,0,0,0,factor_graph_prior_initial,sequence_factor_graph|prior|initial
1,918,1,0.443964066,-0.650336675 0.757053409 -0.0627084126 0.0540644976 -0.0362132718 -0.997880569 -0.757719763 -0.65234863 -0.0173788934,5128.31259 -1360.99684 37087.5359,0,0,0,factor_graph_prior_initial,sequence_factor_graph|prior|initial
1,919,1,0.527839524,-0.698982845 0.713130184 -0.0535567258 0.0124651493 -0.0627292973 -0.997952732 -0.715029791 -0.698219432 0.0349574285,5607.81193 -1555.5836 39447.9561,0,0,0,factor_graph_prior_initial,sequence_factor_graph|prior|initial
1,920,1,0.794177536,-0.65014214 0.757845114 -0.0546441281 0.0634610422 -0.0175060762 -0.997830764 -0.757157773 -0.652199602 -0.0367122029,4518.38446 -1088.53197 34205.3299,0,0,0,factor_graph_prior_initial,sequence_factor_graph|prior|initial
1,921,1,0.901816486,-0.258275272 0.963520082 -0.0701636348 0.0579715268 -0.0570393926 -0.996687418 -0.964330434 -0.261487207 -0.0411248656,4245.10384 -890.911222 29895.7214,0,0,0,factor_graph_prior_initial,sequence_factor_graph|prior|initial
1,922,1,0.98135993,-0.25258074 0.964891565 0.0720224768 0.034856163 0.0834614692 -0.995901216 -0.966947784 -0.249035039 -0.0547131773,3995.04066 -723.213494 28200.9068,0,0,0,factor_graph_prior_initial,sequence_factor_graph|prior|initial
1,923,1,0.981426984,0.00965636527 0.999091142 0.0415168102 -0.0111756234 0.0416239808 -0.999070843 -0.999890924 0.00918341676 0.0115674027,3950.34623 -780.613184 27679.3327,0,0,0,factor_graph_prior_initial,sequence_factor_graph|prior|initial
1,924,1,0.435256115,-0.860853919 0.505644991 -0.0570409759 0.0340786803 -0.0545562169 -0.997928987 -0.507709733 -0.861014961 0.0297332191,5146.67368 -1085.44016 36280.5252,0,0,0,factor_graph_prior_initial,sequence_factor_graph|prior|initial
1,925,1,0.646181047,-0.8666013 0.497270055 -0.0415292604 0.0311257308 -0.0291950591 -0.999089004 -0.498029493 -0.867104458 0.00982258225,5344.44237 -1093.66369 36658.4511,0,0,0,factor_graph_prior_initial,sequence_factor_graph|prior|initial
1,926,1,0.957610875,-0.550142823 0.835022381 -0.00897200047 0.0352653041 0.0124969528 -0.999299847 -0.834325615 -0.550074039 -0.0363224271,4942.70277 -934.069932 34294.9829,0,0,0,factor_graph_prior_initial,sequence_factor_graph|prior|initial
1,927,1,0.616325468,-0.861899657 0.506887255 0.0139388692 -0.0383476484 -0.0377463609 -0.998551286 -0.505626779 -0.861185533 0.0519715097,5087.74185 -891.013682 34597.8012,0,0,0,factor_graph_prior_initial,sequence_factor_graph|prior|initial
1,928,1,0.491529561,-0.252995721 0.9673702 -0.0137135153 0.0508656412 -0.000854862582 -0.99870514 -0.966129314 -0.253365674 -0.048989629,4452.40927 -829.474628 31731.7352,0,0,0,factor_graph_prior_initial,sequence_factor_graph|prior|initial
1,929,1,0.517495257,-0.370165777 0.925126089 0.0843742716 0.0491354624 0.110197022 -0.992694476 -0.927665351 -0.363315753 -0.0862476644,4256.0482 -970.217049 31209.774,0,0,0,factor_graph_prior_initial,sequence_factor_graph|prior|initial
1,930,1,0.920338928,-0.344723608 0.934246631 0.0913721289 0.02488268 0.106398729 -0.994012154 -0.938374385 -0.340385873 -0.0599247137,4123.13557 -788.215578 28958.2424,0,0,0,factor_graph_prior_initial,sequence_factor_graph|prior|initial
1,931,1,0.92055329,-0.702477305 0.701928157 -0.117569121 0.0619608959 -0.104248919 -0.992619268 -0.709003866 -0.704577197 0.0297404021,5038.76543 -1199.9253 35395.4544,0,0,0,factor_graph_prior_initial,sequence_factor_graph|prior|initial
1,932,1,0.566472788,-0.287711825 0.957670479 0.00944245392 0.0890648962 0.0365716712 -0.995354187 -0.953566647 -0.285534179 -0.095816924,4633.42285 -946.276903 32774.0784,0,0,0,factor_graph_prior_initial,sequence_factor_graph|prior|initial
1,933,1,0.938961578,-0.873260396 0.486293419 0.030577624 -0.0297339097 0.00945373946 -0.999513142 -0.486345737 -0.873744435 0.00620382838,5115.13138 -908.403754 34667.4995,0,0,0,factor_graph_prior_initial,sequence_factor_graph|prior|initial
1,934,1,0.953988243,-0.862303961 0.5063774 0.00371590029 0.0285030572 0.0558612708 -0.99803161 -0.505588227 -0.860500696 -0.062602699,5541.02993 -968.124747 36856.3118,0,0,0,factor_graph_prior_initial,sequence_factor_graph|prior|initial
1,935,1,0.475886488,-0.364722693 0.930368111 0.0373166908 0.0721615406 0.0682001476 -0.995058517 -0.928315716 -0.360227592 -0.0920109377,5180.66406 -1029.36852 36403.5721,0,0,0,factor_graph_prior_initial,sequence_factor_graph|prior|initial
1,936,1,0.413588368,-0.288891639 0.957086448 -0.0229598151 -0.0178354144 -0.0293586505 -0.99940981 -0.957195654 -0.28831164 0.025551502,5078.70722 -973.096013 35389.3929,0,0,0,factor_graph_prior_initial,sequence_factor_graph|prior|initial
1,937,1,0.890938813,0.572078647 0.792504215 -0.211336441 0.135383534 -0.345370503 -0.928649834 -0.808948281 0.502649266 -0.304871112,6184.60417 -1240.61716 42045.5856,0,0,0,factor_graph_prior_initial,sequence_factor_graph|prior|initial
1,938,1,0.399841704,0.596900755 0.773070706 -0.214641961 0.0675762591 -0.315020029 -0.946676202 -0.799464156 0.550567039 -0.24027692,6341.21132 -1221.84813 42417.4538,0,0,0,factor_graph_prior_initial,sequence_factor_graph|prior|initial
1,939,1,0.367879441,-0.366718979 0.926942372 0.0793412211 0.0451751455 0.102924417 -0.993662805 -0.929234307 -0.360810758 -0.0796190937,4970.59631 -977.72038 36843.6012,0,0,0,factor_graph_prior_initial,sequence_factor_graph|prior|initial
1,940,1,0.426978366,-0.857261458 0.514457771 -0.0208804922 0.0285449432 0.0069957291 -0.99956803 -0.514089466 -0.857487179 -0.0206823368,5747.96867 -1290.90011 40304.6227,0,0,0,factor_graph_prior_initial,sequence_factor_graph|prior|initial
1,941,1,0.427924846,-0.491069041 0.869370564 0.0551907564 0.048725241 0.0906691167 -0.994688374 -0.86975689 -0.485771483 -0.0868850865,5295.65716 -1233.18911 38112.6595,0,0,0,factor_graph_prior_initial,sequence_factor_graph|prior|initial
1,942,1,0.434101765,-0.351914354 0.934845938 0.0471100812 0.0809953701 0.0805535218 -0.993454015 -0.932521334 -0.345795029 -0.104066133,4675.29869 -1107.3283 34188.4766,0,0,0,factor_graph_prior_initial,sequence_factor_graph|prior|initial
1,943,1,0.434308577,-0.374377303 0.926546047 0.0367975201 0.0768132678 0.070535104 -0.994547395 -0.924089475 -0.369509434 -0.0975777717,4500.92506 -1057.93452 32454.9942,0,0,0,factor_graph_prior_initial,sequence_factor_graph|prior|initial
1,944,1,0.446712704,-0.72363888 0.657456534 0.209994469 0.0257070711 0.329725303 -0.943726852 -0.689699875 -0.677519099 -0.255503331,5131.29616 -1446.33138 37716.2743,0,0,0,factor_graph_prior_initial,sequence_factor_graph|prior|initial
1,945,1,0.374377202,-0.401419102 0.915466901 -0.0279831596 0.0431645594 -0.0116094993 -0.999000521 -0.914876782 -0.402225772 -0.0348554506,4845.54815 -1248.71647 35329.5631,0,0,0,factor_graph_prior_initial,sequence_factor_graph|prior|initial
1,946,1,0.600875285,-0.717150252 0.68227378 -0.142119687 -0.0071868842 -0.21115508 -0.977426151 -0.696881528 -0.699940013 0.156333342,5973.57416 -1784.22499 43600.3456,0,0,0,factor_graph_prior_initial,sequence_factor_graph|prior|initial
1,947,1,0.443990628,-0.730910788 0.671374984 -0.122576714 0.0712679249 -0.1035398 -0.992068744 -0.678741705 -0.733849536 0.0278308549,6349.92981 -1860.25763 45001.4458,0,0,0,factor_graph_prior_initial,sequence_factor_graph|prior|initial
1,948,1,0.405207531,-0.676700844 0.736183288 -0.0104944699 0.000267239641 -0.0140081943 -0.999901845 -0.736258037 -0.676637227 0.00928261955,5671.88358 -1438.26962 41127.8534,0,0,0,factor_graph_prior_initial,sequence_factor_graph|prior|initial
1,949,1,0.399381734,-0.402425999 0.913130405 0.0651627098 0.0708787185 0.102045916 -0.992251399 -0.91270451 -0.394689111 -0.105787443,4858.03223 -1202.87561 36765.1367,0,0,0,factor_graph_prior_initial,sequence_factor_graph|prior|initial
1,950,1,0.37004033,-0.509476151 0.860282311 0.018665407 0.0881147983 0.0737364716 -0.993377428 -0.855961351 -0.50445741 -0.113370576,5130.04446 -1329.31232 37572.6089,0,0,0,factor_graph_prior_initial,sequence_factor_graph|prior|initial
1,951,1,0.452194104,-0.742898204 0.625331926 0.238877039 -0.0448523825 0.309548681 -0.949825183 -0.667900084 -0.716337627 -0.201915533,5474.4916 -1571.07723 39163.0783,0,0,0,factor_graph_prior_initial,sequence_factor_graph|prior|initial
1,952,1,0.462787238,-0.396246478 0.915207194 0.0733792854 0.093705124 0.11981525 -0.988364131 -0.913349921 -0.384759791 -0.133235975,4784.2288 -1150.21968 35167.1371,0,0,0,factor_graph_prior_initial,sequence_factor_graph|prior|initial
1,953,1,0.452738032,-0.372463921 0.927100481 0.0418966035 0.101315925 0.085495957 -0.991173812 -0.922499708 -0.364931691 -0.125774202,4837.26692 -1187.63316 34724.2737,0,0,0,factor_graph_prior_initial,sequence_factor_graph|prior|initial
1,954,1,0.412696288,-0.554313311 0.827375711 0.0904775437 0.094489165 0.170560414 -0.980806272 -0.826927174 -0.535124824 -0.172721948,4892.14087 -1216.14218 35169.5557,0,0,0,factor_graph_prior_initial,sequence_factor_graph|prior|initial
1,955,1,0.618224191,0.224444361 0.974469556 0.00581490501 0.165802437 -0.0323068884 -0.985629655 -0.960278231 0.222183144 -0.168820526,5506.91319 -1423.21706 38204.361,0,0,0,factor_graph_prior_initial,sequence_factor_graph|prior|initial
1,956,1,0.586157807,-0.516220457 0.856285442 0.0170786699 0.172723443 0.123618063 -0.977182269 -0.838858183 -0.501491591 -0.211714743,5562.50668 -1459.75077 38713.9854,0,0,0,factor_graph_prior_initial,sequence_factor_graph|prior|initial
1,957,1,0.472413936,-0.412277048 0.910261946 0.0380896986 0.0727233789 0.0745551684 -0.994561631 -0.908151389 -0.407264921 -0.0969347092,4787.43219 -1126.30117 34915.3404,0,0,0,factor_graph_prior_initial,sequence_factor_graph|prior|initial
1,958,1,0.367879441,-0.883309085 0.468787231 0.00189554278 -0.0256883075 -0.0443648286 -0.998685072 -0.468086714 -0.88219629 0.0512302067,5616.43362 -1479.79057 39434.8526,0,0,0,factor_graph_prior_initial,sequence_factor_graph|prior|initial
1,959,1,0.410635208,-0.667386972 0.743654006 -0.0396654679 0.0157364506 -0.0391685001 -0.999108699 -0.744544824 -0.667416323 0.0144380722,5445.64676 -1447.05009 38522.4304,0,0,0,factor_graph_prior_initial,sequence_factor_graph|prior|initial
1,960,1,0.511570224,-0.875221841 0.464428752 0.135250375 -0.0212092119 0.242490454 -0.969921929 -0.483256555 -0.85176541 -0.202382774,5989.23206 -1975.734 43371.8414,0,0,0,factor_graph_prior_initial,sequence_factor_graph|prior|initial
1,961,1,0.425670232,-0.400612941 0.913850344 0.0662330814 0.065886981 0.100832743 -0.992719328 -0.913875362 -0.393332311 -0.100605742,4929.32606 -1482.14865 38437.7708,0,0,0,factor_graph_prior_initial,sequence_factor_graph|prior|initial
1,962,1,0.49018135,-0.728665784 0.679786558 -0.083285111 0.00275181039 -0.118700242 -0.992926322 -0.68486393 -0.723740622 0.0846221611,5454.9799 -1846.17662 40856.3309,0,0,0,factor_graph_prior_initial,sequence_factor_graph|prior|initial
1,963,1,0.402787483,-0.75236387 0.648042681 -0.118276335 0.00828162877 -0.170228198 -0.985369867 -0.658695698 -0.742336207 0.122706697,6025.10357 -2127.44403 43793.026,0,0,0,factor_graph_prior_initial,sequence_factor_graph|prior|initial
1,964,1,0.514530981,-0.319033599 0.946942404 0.0389569748 -0.016281119 0.0356229248 -0.999232672 -0.94760355 -0.319423058 0.00405237208,4672.8363 -1484.55143 36074.482,0,0,0,factor_graph_prior_initial,sequence_factor_graph|prior|initial
1,965,1,0.558891628,-0.275709953 0.961142019 -0.0137855224 0.00950159578 -0.0116156461 -0.999887392 -0.961193915 -0.275809891 -0.00592983372,4464.91146 -1569.23497 33338.2835,0,0,0,factor_graph_prior_initial,sequence_factor_graph|prior|initial
1,966,1,0.475389665,-0.0275940556 0.997124388 0.0705799015 -0.0137196688 0.070222357 -0.997437011 -0.999525057 -0.0284916652 0.0117424967,4274.89758 -1510.04982 31397.8195,0,0,0,factor_graph_prior_initial,sequence_factor_graph|prior|initial
1,967,1,0.469886162,-0.401917508 0.915673658 -0.00201702762 0.0804694006 0.0331260868 -0.996206474 -0.91213321 -0.400555133 -0.0869976647,4304.6875 -1490.1346 31979.5284,0,0,0,factor_graph_prior_initial,sequence_factor_graph|prior|initial
1,968,1,0.577024637,-0.195465854 0.980287301 0.0288081207 0.0350235852 0.0363335609 -0.998725799 -0.980084919 -0.194207828 -0.0414351463,4477.38504 -1558.72703 31706.2759,0,0,0,factor_graph_prior_initial,sequence_factor_graph|prior|initial
1,969,1,0.946555553,-0.287692757 0.956493719 0.0485040465 0.0270964556 0.0587540386 -0.997904677 -0.957339365 -0.28577566 -0.0428207009,4348.89317 -1464.61642 30718.502,0,0,0,factor_graph_prior_initial,sequence_factor_graph|prior|initial
1,970,1,0.617974642,-0.016450582 0.979829143 0.199158806 0.0700492028 0.199825746 -0.977324296 -0.997407884 -0.00212663797 -0.0719235001,4269.23561 -1593.60933 31135.4008,0,0,0,factor_graph_prior_initial,sequence_factor_graph|prior|initial
1,971,1,0.663455812,-0.29756394 0.954410046 0.0236043332 0.00541495107 0.0264111293 -0.999636499 -0.954686535 -0.297327959 -0.0130270834,4325.00839 -1516.83521 31009.6416,0,0,0,factor_graph_prior_initial,sequence_factor_graph|prior|initial
1,972,1,0.527577559,-0.253225828 0.965829099 -0.0552343361 0.0533961012 -0.0430541776 -0.997644824 -0.96593247 -0.255578734 -0.0406690785,4119.6847 -1398.94199 29632.8602,0,0,0,factor_graph_prior_initial,sequence_factor_graph|prior|initial
1,973,1,0.55833549,-0.345790922 0.937190343 0.0458573851 -0.0355310239 0.0357587738 -0.99872862 -0.937638621 -0.346980651 0.0209342731,4622.67447 -1547.57738 33059.4215,0,0,0,factor_graph_prior_initial,sequence_factor_graph|prior|initial
1,974,1,0.495143497,-0.0275277936 0.997428998 0.0661635368 -0.0237795014 0.0655164799 -0.997568106 -0.999338159 -0.0290341848 0.0219148401,4215.2133 -1307.67393 30657.917,0,0,0,factor_graph_prior_initial,sequence_factor_graph|prior|initial
1,975,1,0.5151818,-0.287402994 0.957776018 0.00803852378 0.0313814056 0.0178041624 -0.999348898 -0.957295527 -0.286963605 -0.0351733273,4422.78528 -1372.86115 30912.9753,0,0,0,factor_graph_prior_initial,sequence_factor_graph|prior|initial
1,976,1,1,0.0125258276 0.997569522 0.0685430632 0.00910223159 0.0684318471 -0.99761427 -0.999880119 0.0131198392 -0.0082229433,4308.10595 -1233.14738 30079.0558,0,0,0,factor_graph_prior_initial,sequence_factor_graph|prior|initial
1,977,1,0.843362245,-0.428791816 0.893573427 0.132906393 0.0205853081 0.156743557 -0.987424783 -0.903168768 -0.420663747 -0.085604839,4435.34899 -1387.95495 31112.8769,0,0,0,factor_graph_prior_initial,sequence_factor_graph|prior|initial
1,978,1,0.431668764,-0.918063174 0.39389387 -0.0448065594 -0.021650083 -0.162671355 -0.986442753 -0.395842497 -0.904646699 0.157870416,5630.65004 -2080.20639 39833.374,0,0,0,factor_graph_prior_initial,sequence_factor_graph|prior|initial
1,979,1,0.367879441,-0.74841912 0.644765211 -0.155391903 0.0301053197 -0.201028731 -0.979122627 -0.662542445 -0.737472218 0.131042883,5793.29729 -2015.5704 39733.8867,0,0,0,factor_graph_prior_initial,sequence_factor_graph|prior|initial
1,980,1,0.593636374,-0.781584131 0.62131805 0.0555889126 -0.0458386167 0.0316678957 -0.998446777 -0.622113388 -0.782918275 0.0037292352,6258.78763 -2318.49599 43160.4614,0,0,0,factor_graph_prior_initial,sequence_factor_graph|prior|initial
1,981,1,0.566874323,-0.748060357 0.661115185 0.0577270751 -0.0573135766 0.0223013929 -0.998107109 -0.66115116 -0.749952906 0.0212080878,6220.08038 -2241.26053 44016.3612,0,0,0,factor_graph_prior_initial,sequence_factor_graph|prior|initial
1,982,1,1,-0.0619568888 0.98869918 0.13651108 -0.00668099304 0.13635995 -0.99063683 -0.998056465 -0.0622888055 -0.0018429459,4639.79721 -1500.03958 37461.4639,0,0,0,factor_graph_prior_initial,sequence_factor_graph|prior|initial
1,983,1,0.593405232,-0.877389981 0.450075326 0.166189717 -0.0446239107 0.268333843 -0.962291876 -0.477698156 -0.851721286 -0.215349304,5340.3635 -1974.74515 42441.0858,0,0,0,factor_graph_prior_initial,sequence_factor_graph|prior|initial
1,984,1,0.707522842,-0.581880704 0.808940193 0.0838487377 -0.0442117079 0.0714837692 -0.996461437 -0.812071531 -0.583528778 -0.00583039842,5369.51303 -1814.84544 41621.5172,0,0,0,factor_graph_prior_initial,sequence_factor_graph|prior|initial
1,985,1,0.454799076,-0.456760767 0.889423927 0.0171662372 0.0669607348 0.0536167253 -0.99631396 -0.887065872 -0.453927665 -0.0840464963,4785.17818 -1519.1524 38285.1715,0,0,0,factor_graph_prior_initial,sequence_factor_graph|prior|initial
1,986,1,0.951159886,-0.373975438 0.927402264 0.00821054629 -0.00785176178 0.00568663091 -0.999953005 -0.927405371 -0.37402233 0.00515508136,4421.86356 -1530.26462 35676.5442,0,0,0,factor_graph_prior_initial,sequence_factor_graph|prior|initial
1,987,1,0.936228489,-0.0427698563 0.993375347 0.106659085 0.0181404855 0.107511312 -0.99403835 -0.998920248 -0.0405800298 -0.0226185544,3563.05432 -1202.01814 30374.5804,0,0,0,factor_graph_prior_initial,sequence_factor_graph|prior|initial
1,988,1,0.97026391,-0.034330602 0.998878351 0.0326105643 0.0222574859 0.0333858621 -0.99919467 -0.999162656 -0.0335771253 -0.0233786775,3160.03084 -1220.7315 29083.6849,0,0,0,factor_graph_prior_initial,sequence_factor_graph|prior|initial
1,989,1,0.95746482,-0.0580844844 0.99829917 0.00499593692 0.0786688783 0.00956593548 -0.996854904 -0.995207215 -0.0575087784 -0.0790907084,3043.27464 -1290.60125 29194.603,0,0,0,factor_graph_prior_initial,sequence_factor_graph|prior|initial
1,990,1,0.410222041,-0.213341596 0.976501014 0.0305144571 0.0652303191 0.0454011574 -0.996836867 -0.974797604 -0.210676301 -0.0733834282,3128.46875 -1485.10301 31422.6456,0,0,0,factor_graph_prior_initial,sequence_factor_graph|prior|initial
1,991,1,0.994983137,-0.0557958786 0.996675632 0.0593675352 -0.0493408958 0.056635078 -0.997174982 -0.99722229 -0.0585675016 0.0460168645,2687.56866 -1317.55984 29767.8642,0,0,0,factor_graph_prior_initial,sequence_factor_graph|prior|initial
1,992,1,0.520135863,-0.0503695498 0.996167613 0.0715052165 0.0217162464 0.0726715871 -0.997119474 -0.998494523 -0.0486716341 -0.0252934564,2369.24314 -1241.01174 29761.8885,0,0,0,factor_graph_prior_initial,sequence_factor_graph|prior|initial
1,993,1,0.951674013,-0.0443565877 0.996626849 0.0690464838 -0.0168578339 0.0683579653 -0.997518422 -0.998873519 -0.0454104876 0.0137688438,2055.10354 -1184.63504 28992.8322,0,0,0,factor_graph_prior_initial,sequence_factor_graph|prior|initial
1,994,1,0.451572855,-0.363094432 0.92923243 0.068480109 0.0193817572 0.0810125863 -0.996524615 -0.93155074 -0.360505274 -0.0474253763,2099.13206 -1521.52348 33593.6356,0,0,0,factor_graph_prior_initial,sequence_factor_graph|prior|initial
1,995,1,0.55850297,-0.69393748 0.701693884 0.161482097 0.03183887 0.253953579 -0.966692229 -0.719330981 -0.665682562 -0.198569047,2026.91627 -2051.10121 39749.2905,0,0,0,factor_graph_prior_initial,sequence_factor_graph|prior|initial
1,996,1,1,-0.764083795 0.635718119 -0.109719768 0.00683611954 -0.162088953 -0.986752471 -0.645080787 -0.75471163 0.119503697,1947.55054 -2308.08878 43532.5241,0,0,0,factor_graph_prior_initial,sequence_factor_graph|prior|initial
1,997,1,0.694694099,-0.74281688 0.660272731 -0.110738448 -0.0140377895 -0.180730312 -0.983432506 -0.669347461 -0.728955743 0.143518296,1186.01918 -2210.81471 44126.0948,0,0,0,factor_graph_prior_initial,sequence_factor_graph|prior|initial
1,998,1,0.983586177,-0.739984805 0.646089012 -0.187060089 0.0255745654 -0.250878217 -0.967680764 -0.672137211 -0.720853042 0.169122623,781.342864 -2095.49952 44790.5197,0,0,0,factor_graph_prior_initial,sequence_factor_graph|prior|initial
1,999,1,0.978018842,-0.314155077 0.941544904 -0.121654351 -0.0115262229 -0.131915199 -0.99119399 -0.949301709 -0.309986409 0.0522942859,164.286643 -1758.46696 41290.7486,0,0,0,factor_graph_prior_initial,sequence_factor_graph|prior|initial
1,1000,1,0.949796718,0.581901539 0.804875141 -0.116475775 0.14594643 -0.244246561 -0.958667438 -0.800056397 0.540850834 -0.259596103,-207.951009 -1943.76206 41120.0371,0,0,0,factor_graph_prior_initial,sequence_factor_graph|prior|initial
1,1001,1,0.739023921,0.556854661 0.823653775 -0.107272296 0.0847085812 -0.184789882 -0.979120603 -0.826279216 0.536140988 -0.17267165,-423.401892 -1923.88773 40669.2543,0,0,0,factor_graph_prior_initial,sequence_factor_graph|prior|initial
1,1002,1,0.642834621,0.436346623 0.871810193 0.222595175 0.0901774158 0.203771144 -0.974856581 -0.895248378 0.445448435 0.0102972605,-689.821184 -1792.95516 38064.2586,0,0,0,factor_graph_prior_initial,sequence_factor_graph|prior|initial
1,1003,1,0.619475343,0.808891725 0.583518829 0.0721107049 0.111544356 -0.0318815742 -0.993247916 -0.577279858 0.811473562 -0.0908769733,-1143.12935 -2083.9355 41559.7572,0,0,0,factor_graph_prior_initial,sequence_factor_graph|prior|initial
1,1004,1,0.543621786,0.434842378 0.900352662 0.0166490041 0.0593799345 -0.0102206139 -0.998183131 -0.898546676 0.435040943 -0.0579072382,-1275.75219 -1888.75771 39061.6875,0,0,0,factor_graph_prior_initial,sequence_factor_graph|prior|initial
1,1005,1,1,-0.0313468244 0.999188926 0.0252757992 0.0405477546 0.0265386708 -0.998825099 -0.998685764 -0.0302851181 -0.0413467704,-1317.25454 -1368.77084 32772.7699,0,0,0,factor_graph_prior_initial,sequence_factor_graph|prior|initial
1,1006,1,1,0.361866139 0.931878911 0.0255850237 0.0366048483 0.013220156 -0.999242369 -0.931511128 0.362528514 -0.0293273593,-1457.66616 -1249.10939 31931.9592,0,0,0,factor_graph_prior_initial,sequence_factor_graph|prior|initial
1,1007,1,0.584450714,0.709250887 0.704693215 -0.01925232 0.0612871342 -0.0888440611 -0.994158247 -0.702287025 0.703927699 -0.106201357,-1942.67881 -1644.12236 39414.8979,0,0,0,factor_graph_prior_initial,sequence_factor_graph|prior|initial
1,1008,1,0.367879441,0.729625092 0.683721908 -0.0130988052 0.0281013999 -0.0491154419 -0.998397709 -0.683269739 0.728087925 -0.0550494016,-2195.31918 -1846.86196 42517.1623,0,0,0,factor_graph_prior_initial,sequence_factor_graph|prior|initial
1,1009,1,0.422040878,0.41257861 0.90068451 0.136184813 0.268459354 0.0226369958 -0.963024995 -0.870464511 0.433883601 -0.232457641,-2063.07364 -1705.02424 40098.3315,0,0,0,factor_graph_prior_initial,sequence_factor_graph|prior|initial
1,1010,1,0.783138652,0.481403443 0.875610787 0.0394521849 0.0888200307 -0.00395417758 -0.996039842 -0.871987229 0.483001153 -0.0796753317,-1954.67389 -1674.24119 36864.9063,0,0,0,factor_graph_prior_initial,sequence_factor_graph|prior|initial
1,1011,1,0.964970209,-0.701115209 0.702283399 0.123432133 0.0348447272 0.206642497 -0.97779585 -0.712196117 -0.681246582 -0.169351071,-2648.39125 -2045.6655 41490.9439,0,0,0,factor_graph_prior_initial,sequence_factor_graph|prior|initial
1,1012,1,0.985067346,-0.909213787 0.390559346 0.144200161 -0.0484483714 0.244751189 -0.968374727 -0.413500961 -0.887445915 -0.203609191,-2969.61427 -2054.73661 42226.3336,0,0,0,factor_graph_prior_initial,sequence_factor_graph|prior|initial
1,1013,1,0.9657359,-0.763839864 0.626158101 0.156443904 -0.037889557 0.198473023 -0.979373698 -0.644292669 -0.754012263 -0.127876754,-2949.50652 -2004.08292 41905.5748,0,0,0,factor_graph_prior_initial,sequence_factor_graph|prior|initial
1,1014,1,0.645611362,-0.70447926 0.697456519 0.131390167 0.0170256644 0.201682821 -0.979302898 -0.70952033 -0.687661576 -0.153956025,-3104.99597 -2019.65117 43098.0492,0,0,0,factor_graph_prior_initial,sequence_factor_graph|prior|initial
1,1015,1,0.899272072,0.510908477 0.85372499 -0.100628874 0.140667856 -0.198510688 -0.969951577 -0.848047807 0.481401235 -0.221512457,-2467.96322 -1623.37458 38747.9095,0,0,0,factor_graph_prior_initial,sequence_factor_graph|prior|initial
1,1016,1,0.651740043,0.486539901 0.872743433 -0.0399728124 0.10175621 -0.102050611 -0.989561189 -0.867712279 0.477393521 -0.138458758,-2173.69032 -1389.98628 34616.6573,0,0,0,factor_graph_prior_initial,sequence_factor_graph|prior|initial
1,1017,1,0.996030827,0.508369756 0.859047238 -0.0599836105 0.0574521615 -0.103335206 -0.992985944 -0.859220251 0.501357834 -0.101886614,-2202.14725 -1441.98298 35081.4362,0,0,0,factor_graph_prior_initial,sequence_factor_graph|prior|initial
1,1018,1,0.697882639,0.485399334 0.869157387 -0.0946198863 0.11717959 -0.171922999 -0.978116264 -0.866404311 0.463689464 -0.185298815,-2201.20835 -1386.63733 35407.5508,0,0,0,factor_graph_prior_initial,sequence_factor_graph|prior|initial
1,1019,1,0.610992725,-0.465273046 0.875088656 0.133194732 0.00072015292 0.150848268 -0.988556666 -0.885166919 -0.45985285 -0.0708158309,-2582.27682 -1506.65963 37559.5016,0,0,0,factor_graph_prior_initial,sequence_factor_graph|prior|initial
1,1020,1,0.879949019,0.513292125 0.849928736 -0.118963598 0.0546057675 -0.170680825 -0.983812109 -0.856474988 0.49848691 -0.134020135,-2660.35128 -1512.65621 39627.7237,0,0,0,factor_graph_prior_initial,sequence_factor_graph|prior|initial
1,1021,1,0.604338465,0.99766672 0.0313403451 0.0606539187 0.065633757 -0.19567783 -0.978469415 -0.018796942 0.980167317 -0.197278243,-2847.54443 -1798.51699 44732.4867,0,0,0,factor_graph_prior_initial,sequence_factor_graph|prior|initial
1,1022,1,0.724051547,0.999682294 -0.022816054 0.0107115895 0.00497033106 -0.238184127 -0.971207299 0.0247104488 0.970951981 -0.237995051,-2567.69419 -1555.9082 42117.9237,0,0,0,factor_graph_prior_initial,sequence_factor_graph|prior|initial
1,1023,1,0.72001691,0.654647115 0.722483713 -0.222383542 0.0621740312 -0.344647563 -0.936670939 -0.753373443 0.599362446 -0.270542258,-2589.34784 -1501.51837 40445.4956,0,0,0,factor_graph_prior_initial,sequence_factor_graph|prior|initial
1,1024,1,0.925623478,0.50389527 0.846577508 -0.171452851 0.0469431495 -0.225041845 -0.973217606 -0.862488201 0.482351212 -0.153138536,-2234.20358 -1158.23019 35348.1369,0,0,0,factor_graph_prior_initial,sequence_factor_graph|prior|initial
1,1025,1,0.927536959,0.501547863 0.863310555 -0.0560769662 -0.00478296462 -0.0620511074 -0.998061513 -0.865116677 0.500843833 -0.0269924165,-2278.35441 -1329.01621 36137.9776,0,0,0,factor_graph_prior_initial,sequence_factor_graph|prior|initial
1,1026,1,0.461274262,0.807697535 0.589422473 -0.0143471407 0.16211075 -0.245408033 -0.955769325 -0.566872823 0.769646701 -0.293767182,-2532.2094 -1405.33721 38501.545,0,0,0,factor_graph_prior_initial,sequence_factor_graph|prior|initial
1,1027,1,0.454519564,0.454007241 0.88979028 -0.0463754536 0.226210145 -0.16545243 -0.959924197 -0.861804152 0.425321938 -0.276396189,-2790.52615 -1554.24201 41595.3903,0,0,0,factor_graph_prior_initial,sequence_factor_graph|prior|initial
1,1028,1,0.926883482,0.490454215 0.866135215 -0.0962520227 0.129525456 -0.181671368 -0.974791604 -0.861787572 0.465623564 -0.201288047,-2428.42984 -1394.67239 38499.3362,0,0,0,factor_graph_prior_initial,sequence_factor_graph|prior|initial
1,1029,1,0.600506612,0.558529076 0.78432213 -0.269970495 0.107017031 -0.390883446 -0.914197728 -0.822552507 0.481714572 -0.302255596,-2195.27745 -1321.29908 35820.694,0,0,0,factor_graph_prior_initial,sequence_factor_graph|prior|initial
1,1030,1,0.921759885,0.550159744 0.831040494 -0.0818288007 0.0814791831 -0.150946348 -0.98517833 -0.831074845 0.535338114 -0.150757105,-2021.8451 -1246.84751 34252.7237,0,0,0,factor_graph_prior_initial,sequence_factor_graph|prior|initial
1,1031,1,0.75406745,0.476663982 0.874994423 -0.0847125058 0.0304007096 -0.112714078 -0.99316229 -0.878559756 0.470829371 -0.0803271925,-2116.25314 -1286.00729 33924.8581,0,0,0,factor_graph_prior_initial,sequence_factor_graph|prior|initial
1,1032,1,1,0.474195127 0.875893065 -0.0891645633 0.0553789144 -0.130748303 -0.989867697 -0.878676367 0.464452602 -0.110506215,-2170.75825 -1265.02585 34336.9179,0,0,0,factor_graph_prior_initial,sequence_factor_graph|prior|initial
1,1033,1,0.881061405,0.753322489 0.652431139 -0.0826972512 0.106107957 -0.244678002 -0.96378098 -0.649034921 0.717263051 -0.253549577,-2469.18511 -1544.62957 39851.5778,0,0,0,factor_graph_prior_initial,sequence_factor_graph|prior|initial
1,1034,1,0.985205328,0.789507464 0.605339226 -0.10120467 0.129958932 -0.326047545 -0.936377955 -0.599823841 0.726124934 -0.33608621,-2520.28823 -1607.84638 42086.6508,0,0,0,factor_graph_prior_initial,sequence_factor_graph|prior|initial
1,1035,1,0.995087986,0.999925361 -0.0105364618 -0.0061850777 -0.00844154967 -0.229834735 -0.973193061 0.00883246579 0.973172635 -0.229906525,-2801.84555 -1921.49639 46223.6938,0,0,0,factor_graph_prior_initial,sequence_factor_graph|prior|initial
1,1036,1,0.883145463,0.960644919 0.267169266 0.0760389585 0.0932007205 -0.0521342564 -0.994281472 -0.261677217 0.962238329 -0.0749828766,-2594.48504 -1832.87537 45934.7572,0,0,0,factor_graph_prior_initial,sequence_factor_graph|prior|initial
1,1037,1,0.807757017,0.979756011 0.199484765 0.0168519036 0.0780831425 -0.303272208 -0.949699421 -0.184339852 0.931789567 -0.312709166,-2909.10172 -1911.20613 47632.0992,0,0,0,factor_graph_prior_initial,sequence_factor_graph|prior|initial
1,1038,1,0.367879441,0.571653668 0.739184424 -0.356115811 0.0589757779 -0.469920454 -0.88073641 -0.81837274 0.482473993 -0.312225728,-2231.83274 -1385.26988 41325.6302,0,0,0,factor_graph_prior_initial,sequence_factor_graph|prior|initial
1,1039,1,0.784559327,0.771814895 0.631146685 -0.0771727214 0.0744235837 -0.210205913 -0.974820293 -0.631476759 0.746637352 -0.209212253,-2298.88129 -1385.40494 40149.3492,0,0,0,factor_graph_prior_initial,sequence_factor_graph|prior|initial
1,1040,1,0.903569596,0.549800702 0.814393557 -0.185694166 0.0201354613 -0.235166577 -0.971746492 -0.835053143 0.530527865 -0.145692939,-2098.37246 -1245.95749 37123.6496,0,0,0,factor_graph_prior_initial,sequence_factor_graph|prior|initial
1,1041,1,0.606007118,0.569695482 0.818984844 -0.0686358732 0.0651727869 -0.128269045 -0.989595655 -0.819267701 0.559294982 -0.12644982,-1941.21397 -1166.92972 35091.4383,0,0,0,factor_graph_prior_initial,sequence_factor_graph|prior|initial
1,1042,1,0.943843387,0.957188896 0.276532119 0.0855535189 0.105589397 -0.0583672304 -0.992695394 -0.269518639 0.959230553 -0.0850673244,-2242.09905 -1458.23467 41055.4657,0,0,0,factor_graph_prior_initial,sequence_factor_graph|prior|initial
1,1043,1,0.790543823,0.959480806 0.263559991 0.0996630065 0.0983659534 0.0181474256 -0.994984829 -0.264046819 0.964472292 -0.00851322319,-2290.72142 -1372.98453 40885.6697,0,0,0,factor_graph_prior_initial,sequence_factor_graph|prior|initial
1,1044,1,1,0.507733138 0.855023081 0.105558474 0.0569144472 0.0889692143 -0.994406971 -0.859632367 0.510901174 -0.00349054766,-2045.03822 -1203.50432 36663.5323,0,0,0,factor_graph_prior_initial,sequence_factor_graph|prior|initial
1,1045,1,1,0.759833139 0.649101363 -0.0363458617 0.131486683 -0.208187415 -0.969210634 -0.636682694 0.731659361 -0.243535882,-2032.78732 -1143.51773 37039.917,0,0,0,factor_graph_prior_initial,sequence_factor_graph|prior|initial
1,1046,1,0.787597912,0.543349791 0.826563929 -0.146843716 0.0549066659 -0.209531334 -0.976259124 -0.837708937 0.522387492 -0.159232676,-1897.38774 -1054.30615 34795.8145,0,0,0,factor_graph_prior_initial,sequence_factor_graph|prior|initial
1,1047,1,0.951876407,-0.246516484 0.963916346 -0.100473381 0.0742974644 -0.0845708093 -0.993643631 -0.966286453 -0.252414452 -0.0507684419,-1825.14358 -1013.88264 33042.2211,0,0,0,factor_graph_prior_initial,sequence_factor_graph|prior|initial
1,1048,1,0.959833469,-0.715998183 0.690220521 -0.104605131 -0.0131766353 -0.163177307 -0.986508765 -0.697977777 -0.70496014 0.125929439,-2217.96846 -1345.44277 37686.0313,0,0,0,factor_graph_prior_initial,sequence_factor_graph|prior|initial
1,1049,1,0.914489294,-0.823969924 0.564451716 0.0496772019 -0.0470371555 0.0192324975 -0.998707974 -0.564677846 -0.825242008 0.0107032037,-2548.6114 -1408.01907 40722.5227,0,0,0,factor_graph_prior_initial,sequence_factor_graph|prior|initial
1,1050,1,1,-0.538198173 0.84221721 0.0318260647 -0.0691116291 -0.00646680344 -0.997587973 -0.839979946 -0.539099575 0.0616874252,-2383.8439 -1225.09658 39045.6009,0,0,0,factor_graph_prior_initial,sequence_factor_graph|prior|initial
1,1051,1,0.625208974,0.591496911 0.804849337 0.0484659499 0.0944028055 -0.00943235992 -0.995489398 -0.800761834 0.593404225 -0.0815592473,-2327.2419 -1236.47022 40362.8693,0,0,0,factor_graph_prior_initial,sequence_factor_graph|prior|initial
1,1052,1,0.72796118,0.769900676 0.636470743 -0.0464536472 0.0295427042 -0.108261326 -0.993683407 -0.63747955 0.763665161 -0.102153535,-2203.11737 -1238.30354 40507.8468,0,0,0,factor_graph_prior_initial,sequence_factor_graph|prior|initial
1,1053,1,0.648918296,0.614944504 0.782720364 0.0958753805 0.0168255435 0.10852999 -0.993950775 -0.788390866 0.612837721 0.0535702253,-2186.6715 -1057.82294 37868.3472,0,0,0,factor_graph_prior_initial,sequence_factor_graph|prior|initial
1,1054,1,0.63147953,-0.559556138 0.816166837 -0.144113231 0.00181540581 -0.172675968 -0.984977012 -0.828790464 -0.551411557 0.0951402237,-2442.96551 -1104.74777 40965.7364,0,0,0,factor_graph_prior_initial,sequence_factor_graph|prior|initial
1,1055,1,0.587563537,0.511302246 0.852671461 -0.107337756 0.12672609 -0.198338527 -0.971906542 -0.850006183 0.483335503 -0.209466655,-2120.34583 -794.704914 36609.3102,0,0,0,factor_graph_prior_initial,sequence_factor_graph|prior|initial
1,1056,1,0.945846153,0.522693918 0.82415433 -0.21808418 0.040582656 -0.279575062 -0.959265778 -0.851553942 0.492551952 -0.179578556,-1998.71433 -759.590864 35389.9384,0,0,0,factor_graph_prior_initial,sequence_factor_graph|prior|initial
1,1057,1,0.617856003,0.530444079 0.84229386 -0.0957608057 -0.00192866455 -0.111763395 -0.993732974 -0.847717736 0.527304463 -0.0576597289,-1993.75176 -667.009294 33738.7085,0,0,0,factor_graph_prior_initial,sequence_factor_graph|prior|initial
1,1058,1,0.736003683,0.467120318 0.867521172 -0.170896533 0.0144025232 -0.200719253 -0.979542929 -0.884076454 0.455103063 -0.106254535,-2093.62555 -794.371128 35590.8737,0,0,0,factor_graph_prior_initial,sequence_factor_graph|prior|initial
1,1059,1,0.889873456,-0.680880164 0.699709689 -0.216352843 0.0105142959 -0.286035687 -0.958161278 -0.732319364 -0.654667807 0.187399071,-2437.91032 -841.633856 38558.754,0,0,0,factor_graph_prior_initial,sequence_factor_graph|prior|initial
1,1060,1,0.525940966,-0.711473402 0.683421388 -0.16352616 0.0254482661 -0.207496066 -0.977904785 -0.70225208 -0.699914701 0.130236043,-2995.12839 -1007.47967 40677.1355,0,0,0,factor_graph_prior_initial,sequence_factor_graph|prior|initial
1,1061,1,0.367879441,-0.700217088 0.696810745 -0.155405328 0.0183508471 -0.200037154 -0.979616447 -0.713694105 -0.688795995 0.127282366,-3044.82937 -1093.51194 41850.193,0,0,0,factor_graph_prior_initial,sequence_factor_graph|prior|initial
1,1062,1,0.619314966,0.635018904 0.765097161 0.106664548 0.0243791918 0.118160337 -0.992695215 -0.77211181 0.632980623 0.0563815974,-2588.55796 -868.075848 38324.2874,0,0,0,factor_graph_prior_initial,sequence_factor_graph|prior|initial
1,1063,1,0.969504728,0.902836169 0.418082395 -0.100468718 0.0122960271 -0.258664163 -0.965889051 -0.429808865 0.870804204 -0.238672114,-2528.26834 -1085.24191 41021.3089,0,0,0,factor_graph_prior_initial,sequence_factor_graph|prior|initial
1,1064,1,0.964924585,0.748764863 0.660405995 -0.0567018642 0.0663643765 -0.159807488 -0.984914888 -0.659505079 0.733706677 -0.163485664,-2824.43094 -959.554911 41647.9607,0,0,0,factor_graph_prior_initial,sequence_factor_graph|prior|initial
1,1065,1,0.927916271,0.579440104 0.788354883 -0.206750438 0.0044167237 -0.256710563 -0.966478235 -0.815002858 0.55910309 -0.152230341,-2443.91704 -713.278055 36997.6654,0,0,0,factor_graph_prior_initial,sequence_factor_graph|prior|initial
1,1066,1,0.879364862,0.484113727 0.852335757 -0.197882936 0.151418399 -0.304343524 -0.940450683 -0.861804135 0.425321968 -0.276396194,-3365.08775 -962.183297 49063.0493,0,0,0,factor_graph_prior_initial,sequence_factor_graph|prior|initial
1,1067,1,0.780232996,0.733983517 0.67900652 0.0147764489 0.125280604 -0.11397671 -0.985552677 -0.667512522 0.725230622 -0.168723373,-3434.05914 -1108.85262 46825.6531,0,0,0,factor_graph_prior_initial,sequence_factor_graph|prior|initial
1,1068,1,0.60183231,0.971589355 0.235479995 -0.0237338691 0.0337538971 -0.23712405 -0.970892815 -0.234253706 0.942508014 -0.238335571,-3389.50419 -1034.55126 45442.421,0,0,0,factor_graph_prior_initial,sequence_factor_graph|prior|initial
1,1069,1,0.735069076,0.978702743 0.204599 -0.0167388646 0.0280066973 -0.213857922 -0.976463217 -0.203363137 0.955198429 -0.215033477,-3158.15067 -987.684786 42765.0185,0,0,0,factor_graph_prior_initial,sequence_factor_graph|prior|initial
1,1070,1,0.636473814,0.512148688 0.853520443 -0.0959508957 0.0104376091 -0.117890713 -0.99297172 -0.858833382 0.507547666 -0.0692862868,-2457.83401 -797.379375 34598.32,0,0,0,factor_graph_prior_initial,sequence_factor_graph|prior|initial
1,1071,1,0.961629678,-0.756899629 0.650804419 0.0596369027 -0.0142220798 0.0748288842 -0.997094966 -0.653376373 -0.75554897 -0.0473821624,-3261.73639 -946.866333 40488.4109,0,0,0,factor_graph_prior_initial,sequence_factor_graph|prior|initial
1,1072,1,0.968413047,-0.748655677 0.651753411 0.121376142 -0.0879476812 0.0838268257 -0.992591693 -0.657099599 -0.753784156 -0.00543722768,-3606.2851 -857.469797 41566.1163,0,0,0,factor_graph_prior_initial,sequence_factor_graph|prior|initial
1,1073,1,0.96956597,-0.679331124 0.720814145 0.137608836 0.0335916748 0.217869585 -0.975399633 -0.733062632 -0.657996818 -0.172218944,-3570.97745 -801.670253 41564.5981,0,0,0,factor_graph_prior_initial,sequence_factor_graph|prior|initial
1,1074,1,1,0.507718053 0.861506842 0.00532349463 -0.0501651852 0.0357317631 -0.998101546 -0.860061528 0.506487119 0.0613593115,-2693.36319 -649.342179 36438.385,0,0,0,factor_graph_prior_initial,sequence_factor_graph|prior|initial
1,1075,1,0.580015377,0.975146682 0.207863433 -0.0766925132 -0.0223617936 -0.252043901 -0.967457401 -0.220428897 0.945127856 -0.241131575,-2774.40238 -932.479143 39236.2442,0,0,0,factor_graph_prior_initial,sequence_factor_graph|prior|initial
1,1076,1,0.672619826,0.990421537 0.138012651 -0.00420574662 0.0358150817 -0.286198645 -0.957500713 -0.13335089 0.948178698 -0.288400236,-2960.24156 -823.445082 39979.0154,0,0,0,factor_graph_prior_initial,sequence_factor_graph|prior|initial
1,1077,1,0.661371024,0.987609977 0.156715237 -0.00817724494 0.0349335897 -0.27035223 -0.962127495 -0.152990775 0.949921053 -0.272477185,-3127.0988 -768.683434 41654.4724,0,0,0,factor_graph_prior_initial,sequence_factor_graph|prior|initial
1,1078,1,0.554082128,0.900716347 0.426071908 0.0846923412 0.041488798 0.109695656 -0.993098959 -0.43242195 0.89801425 0.0811274591,-2945.80173 -671.537399 38351.5663,0,0,0,factor_graph_prior_initial,sequence_factor_graph|prior|initial
1,1079,1,0.41354814,0.970058679 0.241876544 -0.0219521342 0.0369020981 -0.236125409 -0.971021641 -0.240050816 0.94113789 -0.237981254,-3195.03641 -875.360489 40393.0473,0,0,0,factor_graph_prior_initial,sequence_factor_graph|prior|initial
1,1080,1,0.548239202,0.9660666 0.250537098 -0.0628210701 -0.00652285945 -0.219474465 -0.975596439 -0.258210721 0.942900908 -0.210392732,-3196.10381 -1006.10089 40419.838,0,0,0,factor_graph_prior_initial,sequence_factor_graph|prior|initial
1,1081,1,0.367879441,0.998710372 -0.0506260749 0.00382006169 -0.0210691845 -0.481740272 -0.876060728 0.0461917936 0.87485045 -0.482185657,-2939.58473 -1027.52614 41079.4182,0,0,0,factor_graph_prior_initial,sequence_factor_graph|prior|initial
1,1082,1,0.53990346,0.995954147 -0.0702947743 0.0559819801 0.0651143936 0.13518456 -0.988678537 0.0619310353 0.988323722 0.139214825,-3280.82347 -1125.44513 44545.1584,0,0,0,factor_graph_prior_initial,sequence_factor_graph|prior|initial
1,1083,1,0.367879441,0.998245997 -0.0461990273 -0.0370213421 -0.0495788119 -0.31060118 -0.949246464 0.0323553908 0.949416956 -0.312346877,-3286.84139 -1163.64026 45913.2805,0,0,0,factor_graph_prior_initial,sequence_factor_graph|prior|initial
1,1084,1,0.367879441,0.5612653 0.822411847 -0.0928440483 0.0374774533 -0.137319835 -0.98981751 -0.826786976 0.552070663 -0.10789476,-2799.01338 -907.990336 40445.8275,0,0,0,factor_graph_prior_initial,sequence_factor_graph|prior|initial
1,1085,1,0.367879441,0.979588566 0.199195653 -0.0269691272 0.0234222842 -0.246363018 -0.968894556 -0.19964378 0.948486349 -0.246000012,-2787.47582 -968.0022 39140.5563,0,0,0,factor_graph_prior_initial,sequence_factor_graph|prior|initial
1,1086,1,0.871752094,0.76174044 0.644805176 -0.0630696975 0.077098181 -0.186872525 -0.979354139 -0.643278612 0.741151094 -0.192061666,-2818.06445 -1153.56016 39830.9784,0,0,0,factor_graph_prior_initial,sequence_factor_graph|prior|initial
1,1087,1,0.447007279,0.975909278 0.21058851 -0.0570399868 0.00379488004 -0.277784037 -0.960636054 -0.218143713 0.937277178 -0.271891177,-2658.82158 -1074.81217 39567.852,0,0,0,factor_graph_prior_initial,sequence_factor_graph|prior|initial
1,1088,1,0.568893167,0.969285478 0.243211712 0.0365202141 0.0819462234 -0.179375666 -0.980361763 -0.231884625 0.953243114 -0.193796509,-2865.15975 -1040.14039 41653.2211,0,0,0,factor_graph_prior_initial,sequence_factor_graph|prior|initial
1,1089,1,0.367879441,0.90909246 0.401743728 -0.110240085 0.0523234822 -0.37263665 -0.926501042 -0.413295479 0.836506966 -0.3597818,-2563.14945 -1124.74859 41134.1553,0,0,0,factor_graph_prior_initial,sequence_factor_graph|prior|initial
1,1090,1,0.531793275,0.956684063 0.283226603 0.0673668709 0.111286689 -0.141950918 -0.983598094 -0.269018358 0.948489656 -0.167321532,-2586.05933 -1122.0547 39917.7284,0,0,0,factor_graph_prior_initial,sequence_factor_graph|prior|initial
1,1091,1,0.608729023,0.992737957 0.0838707162 0.0862383414 0.104358473 -0.243838818 -0.964184598 -0.0598385976 0.96618235 -0.25082067,-2996.06657 -1483.06 45230.8769,0,0,0,factor_graph_prior_initial,sequence_factor_graph|prior|initial
1,1092,1,0.728578792,0.996392555 0.0392812851 0.075225369 0.084316692 -0.357732938 -0.930009591 -0.00962137962 0.932997388 -0.359754505,-2827.0309 -1333.20189 46188.5681,0,0,0,factor_graph_prior_initial,sequence_factor_graph|prior|initial
1,1093,1,0.604159043,0.74367138 0.667773678 0.0321121998 0.106289607 -0.0706751521 -0.991820318 -0.660041967 0.741001577 -0.123536489,-2498.54612 -1205.22583 43653.862,0,0,0,factor_graph_prior_initial,sequence_factor_graph|prior|initial
1,1094,1,0.597965182,0.522166216 0.852479406 0.0249260015 0.0367126856 0.00673155106 -0.99930319 -0.85205318 0.522717466 -0.0277818199,-2088.44638 -899.26827 37608.5243,0,0,0,factor_graph_prior_initial,sequence_factor_graph|prior|initial
1,1095,1,1,0.999639751 -0.0267626181 -0.00203214614 -0.0120891336 -0.381366832 -0.924344737 0.023962892 0.92403631 -0.381552982,-2359.89428 -1291.03053 42330.8487,0,0,0,factor_graph_prior_initial,sequence_factor_graph|prior|initial
1,1096,1,0.601570383,0.997803437 0.00781265484 0.0657819441 0.0639246306 -0.374036528 -0.925208256 0.0173765172 0.927381064 -0.373714355,-2218.07075 -1218.67323 43466.8999,0,0,0,factor_graph_prior_initial,sequence_factor_graph|prior|initial
1,1097,1,0.82283018,0.97325105 0.229250846 0.0150480355 0.066387088 -0.217922632 -0.973705541 -0.219943511 0.948658936 -0.227312726,-2200.15168 -1167.75715 41895.6451,0,0,0,factor_graph_prior_initial,sequence_factor_graph|prior|initial
1,1098,1,0.663029278,0.975173689 0.163003634 0.149886932 0.127674969 0.139164581 -0.982004237 -0.180929211 0.976761503 0.114898154,-2455.14488 -1760.50043 45663.2919,0,0,0,factor_graph_prior_initial,sequence_factor_graph|prior|initial
1,1099,1,0.529317307,0.918470657 0.38438964 -0.0930390128 0.0460186349 -0.337525233 -0.940190939 -0.392802671 0.859256261 -0.327696109,-2028.12028 -1419.61598 41905.838,0,0,0,factor_graph_prior_initial,sequence_factor_graph|prior|initial
1,1100,1,0.56252698,0.790771776 0.596872688 -0.135731329 0.0630751099 -0.300019225 -0.951845573 -0.608852634 0.744131345 -0.274894546,-1818.45295 -1406.98075 39005.5046,0,0,0,factor_graph_prior_initial,sequence_factor_graph|prior|initial
1,1101,1,0.491474986,0.971266138 0.237971101 -0.00344159598 0.0621876308 -0.267720708 -0.961487556 -0.229727639 0.933646281 -0.274826917,-1962.44895 -1489.80355 39916.0156,0,0,0,factor_graph_prior_initial,sequence_factor_graph|prior|initial
1,1102,1,0.977816936,0.534873134 0.840738898 0.0840763691 0.0711389918 0.0543432264 -0.995984969 -0.841932286 0.53870671 -0.0307425858,-1773.68045 -1372.30814 36018.1465,0,0,0,factor_graph_prior_initial,sequence_factor_graph|prior|initial
1,1103,1,0.704110249,0.526888269 0.849393248 0.0303292355 0.0415006875 0.0099310699 -0.999089119 -0.848920753 0.527667021 -0.0300178395,-1489.51805 -1143.82863 33313.2019,0,0,0,factor_graph_prior_initial,sequence_factor_graph|prior|initial
1,1104,1,0.689585336,0.543090346 0.813283332 -0.208861433 0.135961105 -0.330632536 -0.93391472 -0.82859366 0.478803037 -0.290138239,-1697.85285 -1483.26802 36762.001,0,0,0,factor_graph_prior_initial,sequence_factor_graph|prior|initial
1,1105,1,0.855834826,0.771261866 0.632944165 -0.0673559089 0.0773440512 -0.198225975 -0.977099975 -0.631801418 0.748390371 -0.201838601,-1862.50472 -1538.19978 39524.7192,0,0,0,factor_graph_prior_initial,sequence_factor_graph|prior|initial
1,1106,1,0.987684579,0.999763497 -0.000187749344 0.0217465968 0.0208921118 -0.269385732 -0.962805716 0.00603898904 0.963032342 -0.269318099,-1960.513 -1628.70967 41202.713,0,0,0,factor_graph_prior_initial,sequence_factor_graph|prior|initial
1,1107,1,0.906032616,0.519057805 0.846373188 -0.119295522 0.11501024 -0.207458984 -0.971459425 -0.846966138 0.490523391 -0.205024788,-1739.81535 -1474.34866 37185.2036,0,0,0,factor_graph_prior_initial,sequence_factor_graph|prior|initial
1,1108,1,0.471124102,-0.0566402788 0.990863852 -0.122395695 0.163278434 -0.111748844 -0.980230763 -0.984952807 -0.0755051212 -0.155457213,-1541.59582 -1054.53753 30742.2028,0,0,0,factor_graph_prior_initial,sequence_factor_graph|prior|initial
1,1109,1,0.88807292,0.57120938 0.79516433 -0.203552285 0.101376417 -0.314437963 -0.943849347 -0.814519899 0.518500199 -0.260220824,-1656.94261 -1314.65483 33443.5577,0,0,0,factor_graph_prior_initial,sequence_factor_graph|prior|initial
1,1110,1,0.96680411,0.543137571 0.839623649 -0.00580576728 0.121293224 -0.085300706 -0.988944763 -0.830836646 0.536428856 -0.148170677,-1798.11931 -1361.72175 35735.2867,0,0,0,factor_graph_prior_initial,sequence_factor_graph|prior|initial
1,1111,1,0.975633221,0.492853201 0.853171364 -0.170863528 0.111739408 -0.256803186 -0.959982515 -0.86290789 0.454038266 -0.221899135,-1898.02837 -1296.72027 35225.7233,0,0,0,factor_graph_prior_initial,sequence_factor_graph|prior|initial
1,1112,1,0.947890437,0.374319535 0.920642376 0.110916638 0.0834877196 0.0856675045 -0.992819661 -0.923533804 0.380891971 -0.0447953122,-1677.89328 -1081.87211 30066.1564,0,0,0,factor_graph_prior_initial,sequence_factor_graph|prior|initial
1,1113,1,0.56994551,0.799137371 0.582194207 -0.14976437 0.0477888733 -0.30986712 -0.949578112 -0.59924593 0.751686286 -0.275448801,-1944.60452 -1490.29052 35364.9063,0,0,0,factor_graph_prior_initial,sequence_factor_graph|prior|initial
1,1114,1,0.965853287,0.56688378 0.799027916 -0.200492319 0.10201707 -0.309592935 -0.945380734 -0.817456603 0.515467365 -0.2570177,-1865.27598 -1512.57527 35443.3327,0,0,0,factor_graph_prior_initial,sequence_factor_graph|prior|initial
1,1115,1,0.709353028,0.558371188 0.823462474 -0.10065371 0.138087543 -0.211892333 -0.967488227 -0.818017999 0.526318528 -0.232024483,-1999.56119 -1424.22199 35849.1936,0,0,0,factor_graph_prior_initial,sequence_factor_graph|prior|initial
1,1116,1,1,0.561850787 0.825380584 -0.055412851 0.0842238663 -0.123712627 -0.988737339 -0.822939872 0.550855768 -0.139024781,-2021.80958 -1470.63255 34649.7726,0,0,0,factor_graph_prior_initial,sequence_factor_graph|prior|initial
1,1117,1,0.946680874,0.5323661 0.833036522 -0.150454276 0.156728182 -0.271656903 -0.949546631 -0.831878965 0.481926012 -0.275181226,-2069.8607 -1391.59179 34038.4636,0,0,0,factor_graph_prior_initial,sequence_factor_graph|prior|initial
1,1118,1,1,0.487495336 0.859354876 -0.154458715 0.0735202544 -0.216676361 -0.973471174 -0.870024753 0.463206813 -0.168808705,-2108.55341 -1362.52904 33562.5114,0,0,0,factor_graph_prior_initial,sequence_factor_graph|prior|initial
1,1119,1,0.973657977,0.187343923 0.981755844 0.032522578 0.0633490323 0.0209645157 -0.997771211 -0.980249537 0.188986647 -0.0582657081,-1862.64539 -1013.99457 28542.2039,0,0,0,factor_graph_prior_initial,sequence_factor_graph|prior|initial
1,1120,1,0.533334286,0.554824288 0.82829042 -0.0781344341 0.103054611 -0.161613492 -0.98145852 -0.825560268 0.536484911 -0.175026238,-2309.99613 -1435.56976 34568.5616,0,0,0,factor_graph_prior_initial,sequence_factor_graph|prior|initial
1,1121,1,0.922953003,0.472217185 0.87169346 -0.131001685 0.185214859 -0.243416826 -0.952073372 -0.861804146 0.425321949 -0.27639619,-2637.42352 -1795.46118 39158.1535,0,0,0,factor_graph_prior_initial,sequence_factor_graph|prior|initial
1,1122,1,0.367879441,0.454925715 0.889108351 -0.0502885023 0.224357352 -0.169078572 -0.959727157 -0.861804138 0.425321968 -0.276396185,-2547.75429 -1753.80313 39224.9298,0,0,0,factor_graph_prior_initial,sequence_factor_graph|prior|initial
1,1123,1,0.588877851,0.546409237 0.835844259 -0.052927505 0.204298723 -0.194307685 -0.959430329 -0.812218553 0.513428572 -0.276933429,-2241.69898 -1325.04034 35809.8869,0,0,0,factor_graph_prior_initial,sequence_factor_graph|prior|initial
1,1124,1,0.582826996,0.820260178 0.564386541 0.0929573681 0.083720083 0.042303041 -0.99559098 -0.565830529 0.824426034 -0.012550988,-2586.98225 -1629.38499 38604.0916,0,0,0,factor_graph_prior_initial,sequence_factor_graph|prior|initial
1,1125,1,0.746053706,0.567540536 0.806454605 -0.165917782 0.119449744 -0.280033379 -0.952529824 -0.81463458 0.52078045 -0.25526109,-2559.32212 -1504.30214 36748.7984,0,0,0,factor_graph_prior_initial,sequence_factor_graph|prior|initial
1,1126,1,0.962420566,0.996457112 0.0345133721 0.0766945341 0.0837810492 -0.327706599 -0.941057448 -0.00734576102 0.944148936 -0.329437137,-3009.09233 -1895.69747 42421.1044,0,0,0,factor_graph_prior_initial,sequence_factor_graph|prior|initial
1,1127,1,0.562035855,0.99855477 -0.0463942544 -0.0271282968 -0.0355516025 -0.191669668 -0.980815386 0.0403045269 0.980362337 -0.193042051,-2905.36547 -1861.99641 41870.9946,0,0,0,factor_graph_prior_initial,sequence_factor_graph|prior|initial
1,1128,1,0.764184669,0.996616383 0.042077963 0.0706061572 0.0775047496 -0.195110992 -0.977714025 -0.0273641772 0.979878128 -0.197712053,-3103.71256 -1902.90964 44306.6711,0,0,0,factor_graph_prior_initial,sequence_factor_graph|prior|initial
1,1129,1,0.94887656,0.999429763 -0.0175153317 0.0288680178 0.0226815735 -0.28509701 -0.958230265 0.0250139065 0.958338619 -0.284537162,-3455.89471 -2372.50733 47361.618,0,0,0,factor_graph_prior_initial,sequence_factor_graph|prior|initial
1,1130,1,0.693078227,0.998945519 -0.00550251629 0.0455803946 0.041782311 -0.302519997 -0.952226806 0.0190286243 0.953127155 -0.301971087,-2941.44535 -1926.96726 45277.7672,0,0,0,factor_graph_prior_initial,sequence_factor_graph|prior|initial
1,1131,1,0.778263643,0.53038126 0.841051989 -0.10642965 0.143543199 -0.212823627 -0.966489241 -0.835518443 0.497330529 -0.233604957,-2495.27597 -1437.92772 39106.8382,0,0,0,factor_graph_prior_initial,sequence_factor_graph|prior|initial
1,1132,1,0.929922971,-0.234594463 0.970420526 -0.0570038631 0.0964592316 -0.035112544 -0.99471741 -0.967295743 -0.238853745 -0.0853688099,-2172.06597 -1120.10884 31897.1138,0,0,0,factor_graph_prior_initial,sequence_factor_graph|prior|initial
1,1133,1,1,-0.220963375 0.974588263 -0.0367818584 0.037899628 -0.0291050184 -0.998857606 -0.974545435 -0.222104967 -0.0305053895,-2078.87363 -1109.90977 29569.6392,0,0,0,factor_graph_prior_initial,sequence_factor_graph|prior|initial
1,1134,1,0.92256617,0.494262372 0.858999779 -0.133506883 0.123869456 -0.221602947 -0.967237557 -0.860442366 0.461531704 -0.215933834,-2081.22301 -1165.84468 31330.616,0,0,0,factor_graph_prior_initial,sequence_factor_graph|prior|initial
1,1135,1,0.973404535,0.509834167 0.857426673 -0.0699186873 0.135168204 -0.160106927 -0.977801272 -0.849587358 0.489065714 -0.197524806,-2275.92635 -1430.36783 35053.8483,0,0,0,factor_graph_prior_initial,sequence_factor_graph|prior|initial
1,1136,1,0.969925535,-0.220920711 0.975240709 -0.00997989727 0.01877569 -0.00597803274 -0.999805849 -0.975111026 -0.221065199 -0.016990146,-2054.80504 -1212.73375 31760.3436,0,0,0,factor_graph_prior_initial,sequence_factor_graph|prior|initial
1,1137,1,0.936589134,0.475706708 0.871909063 -0.116093557 0.150919334 -0.21093273 -0.96577986 -0.866560144 0.441907196 -0.231930049,-2148.89622 -1471.77064 33005.6076,0,0,0,factor_graph_prior_initial,sequence_factor_graph|prior|initial
1,1138,1,0.956520794,0.553041577 0.830075301 -0.0715542315 0.0908772011 -0.145471928 -0.985179807 -0.828182557 0.538342746 -0.155886945,-2257.9329 -1550.34745 33956.1577,0,0,0,factor_graph_prior_initial,sequence_factor_graph|prior|initial
1,1139,1,0.973253834,0.779312727 0.626585039 -0.00792860503 0.126835168 -0.170116272 -0.97722735 -0.613664822 0.760560085 -0.212046794,-2474.61319 -1740.24463 39014.0533,0,0,0,factor_graph_prior_initial,sequence_factor_graph|prior|initial
1,1140,1,0.943905548,0.494500141 0.865399615 -0.0809513287 0.117406984 -0.158787837 -0.980307106 -0.861211479 0.475257751 -0.180124566,-2134.58562 -1382.03239 34594.5435,0,0,0,factor_graph_prior_initial,sequence_factor_graph|prior|initial
1,1141,1,0.965393285,0.519306241 0.843718614 -0.135867321 0.0870542139 -0.21038593 -0.97373473 -0.850142689 0.493838699 -0.182703987,-2254.06694 -1669.10887 36808.4526,0,0,0,factor_graph_prior_initial,sequence_factor_graph|prior|initial
1,1142,1,1,0.545095984 0.834308405 -0.0824612305 0.0861859815 -0.153602363 -0.984366949 -0.833931859 0.529467468 -0.15563372,-2057.44123 -1617.20705 35690.7158,0,0,0,factor_graph_prior_initial,sequence_factor_graph|prior|initial
1,1143,1,0.87242937,0.545450969 0.823456798 -0.15621185 0.145232502 -0.276418271 -0.950000242 -0.825463967 0.495491514 -0.270365304,-1929.00383 -1527.26901 34290.8821,0,0,0,factor_graph_prior_initial,sequence_factor_graph|prior|initial
1,1144,1,0.89104548,0.758430628 0.651604636 0.0139420111 0.122221258 -0.12118144 -0.985077166 -0.640191335 0.748816704 -0.171547654,-2145.77413 -1927.13428 39128.8223,0,0,0,factor_graph_prior_initial,sequence_factor_graph|prior|initial
1,1145,1,0.990551764,0.610484595 0.791998855 0.00680975661 -0.00578560751 0.0130569461 -0.999898016 -0.792006999 0.610382937 0.012553259,-2032.4626 -1715.56091 38154.1061,0,0,0,factor_graph_prior_initial,sequence_factor_graph|prior|initial
1,1146,1,0.996315748,0.616225294 0.779234644 0.114279295 -0.0139960698 0.155915933 -0.987671166 -0.787445552 0.607028494 0.106985564,-1864.46774 -1759.26864 38243.0534,0,0,0,factor_graph_prior_initial,sequence_factor_graph|prior|initial
1,1147,1,0.956332816,0.602059775 0.78859724 0.12505367 0.0768295617 0.0986763786 -0.992149278 -0.794746026 0.60694099 -0.00117850201,-1753.36123 -1729.32923 37513.443,0,0,0,factor_graph_prior_initial,sequence_factor_graph|prior|initial
1,1148,1,0.957222263,0.83245855 0.540046502 0.123945705 0.112065642 0.0549699886 -0.992179214 -0.542636208 0.839838125 -0.0147604212,-1820.64438 -1840.27922 39608.8905,0,0,0,factor_graph_prior_initial,sequence_factor_graph|prior|initial
1,1149,1,0.912688813,0.601215197 0.797970761 0.0422250155 0.101267639 -0.0236695248 -0.994577608 -0.792644405 0.6022312 -0.0950390932,-1729.78878 -1906.00348 40083.5686,0,0,0,factor_graph_prior_initial,sequence_factor_graph|prior|initial
1,1150,1,0.91255334,-0.259821675 0.965634448 -0.00654294877 0.0145336138 -0.00286452392 -0.999890278 -0.965547239 -0.259888259 -0.0132898928,-1417.94181 -1340.06214 33686.882,0,0,0,factor_graph_prior_initial,sequence_factor_graph|prior|initial
1,1151,1,0.988913675,0.514491188 0.852470076 -0.0927016036 0.109256277 -0.172395051 -0.978949954 -0.850506839 0.493532892 -0.181833441,-1325.08981 -1414.85929 34287.117,0,0,0,factor_graph_prior_initial,sequence_factor_graph|prior|initial
1,1152,1,0.776309035,0.492036438 0.869506959 -0.0431021137 0.120601326 -0.117111161 -0.985768886 -0.862180644 0.479836039 -0.162486651,-1207.63254 -1436.3842 34128.6545,0,0,0,factor_graph_prior_initial,sequence_factor_graph|prior|initial
1,1153,1,0.821861851,0.562648196 0.816099232 0.131943363 0.0969821528 0.0933413223 -0.99089952 -0.820988105 0.570323979 -0.0266287338,-1161.81135 -1488.77251 33918.354,0,0,0,factor_graph_prior_initial,sequence_factor_graph|prior|initial
1,1154,1,0.6653676,0.99931615 0.0188674068 0.031800213 0.0349518551 -0.201342956 -0.978897023 -0.0120664995 0.979339081 -0.201864719,-1076.97284 -1787.21929 38943.3823,0,0,0,factor_graph_prior_initial,sequence_factor_graph|prior|initial
1,1155,1,0.985449216,0.998315464 0.0330351778 0.0476960397 0.0534749204 -0.204968971 -0.977306581 -0.0225092885 0.978210815 -0.206390247,-902.616858 -2248.07835 44729.6333,0,0,0,factor_graph_prior_initial,sequence_factor_graph|prior|initial
1,1156,1,0.966904999,0.449347772 0.893166012 0.0184676737 0.129368247 -0.0446024421 -0.990592994 -0.88394029 0.447509885 -0.135589329,-512.199759 -1749.68433 38398.8762,0,0,0,factor_graph_prior_initial,sequence_factor_graph|prior|initial
1,1157,1,0.907351518,-0.342546637 0.939486127 0.00525540709 0.0347804977 0.0182709373 -0.999227947 -0.938856815 -0.342099387 -0.0389344432,-416.561544 -1422.29557 33191.4558,0,0,0,factor_graph_prior_initial,sequence_factor_graph|prior|initial
1,1158,1,0.978122361,0.505165035 0.862577509 0.0277187512 0.107229523 -0.0308644208 -0.993755109 -0.856335283 0.504982603 -0.108085401,-105.586603 -1564.83269 35210.6895,0,0,0,factor_graph_prior_initial,sequence_factor_graph|prior|initial
1,1159,1,0.839392677,0.577306576 0.807570211 0.1206129 0.0381313837 0.120889133 -0.991933372 -0.815636631 0.577248796 0.0389963218,49.8724207 -1513.07619 36816.7114,0,0,0,factor_graph_prior_initial,sequence_factor_graph|prior|initial
1,1160,1,0.629282112,0.998645223 0.029584546 0.0428074037 0.0487973793 -0.246757791 -0.967847823 -0.018070278 0.968625494 -0.247867138,525.564432 -1970.23463 44759.3536,0,0,0,factor_graph_prior_initial,sequence_factor_graph|prior|initial
1,1161,1,0.638491007,0.995424903 0.077602282 0.0557418043 0.0703383171 -0.200323046 -0.977201718 -0.0646667153 0.97665171 -0.204864963,902.723789 -1955.04558 46366.7221,0,0,0,factor_graph_prior_initial,sequence_factor_graph|prior|initial
1,1162,1,0.978001696,0.603793935 0.782856838 0.150226682 0.0420230989 0.156934892 -0.986714497 -0.796031999 0.602085219 0.0618582653,1106.80354 -1597.58806 41974.041,0,0,0,factor_graph_prior_initial,sequence_factor_graph|prior|initial
1,1163,1,1,0.999432999 0.028393357 -0.0180968778 -0.0123316526 -0.191454939 -0.981423933 -0.0313306567 0.98109063 -0.190996247,1575.03986 -2010.6113 46731.842,0,0,0,factor_graph_prior_initial,sequence_factor_graph|prior|initial
1,1164,1,0.653392212,0.998610603 0.0518928913 0.00916471554 0.0204264795 -0.220872002 -0.975088877 -0.048575952 0.973921294 -0.221625112,1902.22657 -1819.78464 45139.6446,0,0,0,factor_graph_prior_initial,sequence_factor_graph|prior|initial
1,1165,1,0.367879441,0.35812727 0.92664267 0.114360051 0.0932093122 0.0863892611 -0.991891587 -0.929008548 0.365882848 -0.0554333756,1889.09101 -1156.28743 33126.4801,0,0,0,factor_graph_prior_initial,sequence_factor_graph|prior|initial
1,1166,1,0.826455371,-0.333430687 0.940388977 0.0670264876 0.0181626007 0.077489032 -0.996827753 -0.942599648 -0.331155587 -0.0429171307,2615.32259 -1380.92244 36205.0629,0,0,0,factor_graph_prior_initial,sequence_factor_graph|prior|initial
1,1167,1,0.954781519,-0.735712651 0.672330517 0.0818448021 0.0189182321 0.141193164 -0.989801289 -0.677029539 -0.726660971 -0.116596902,2666.51368 -1508.31866 34658.6647,0,0,0,factor_graph_prior_initial,sequence_factor_graph|prior|initial
1,1168,1,0.783541131,-0.586392262 0.807045838 0.0694343683 -0.0512457255 0.0485857544 -0.997503534 -0.808404596 -0.588486568 0.0128673391,2602.02312 -1292.34505 30417.7208,0,0,0,factor_graph_prior_initial,sequence_factor_graph|prior|initial
1,1169,1,0.938543936,-0.709576251 0.651339709 0.268808719 0.0629391891 0.438552794 -0.896498804 -0.701812085 -0.619215657 -0.35218144,3411.31115 -1196.93613 31460.1097,0,0,0,factor_graph_prior_initial,sequence_factor_graph|prior|initial
1,1170,1,0.975557201,-0.753443723 0.645569908 0.124747946 -0.0353278097 0.149706215 -0.988099183 -0.656562642 -0.748884199 -0.0899886371,3445.29939 -1788.13767 39950.84,0,0,0,factor_graph_prior_initial,sequence_factor_graph|prior|initial
1,1171,1,0.937311171,-0.91968618 0.3867765 0.0676850727 -0.00833670342 0.153105286 -0.988174717 -0.3925657 -0.909374901 -0.137584375,3735.15391 -2065.8505 44763.3286,0,0,0,factor_graph_prior_initial,sequence_factor_graph|prior|initial
1,1172,1,0.752953024,-0.888696772 0.458491355 0.00193013856 0.00569706641 0.0152518628 -0.999867453 -0.458460022 -0.888567982 -0.0161663369,4012.61139 -1902.95696 45421.5431,0,0,0,factor_graph_prior_initial,sequence_factor_graph|prior|initial
1,1173,1,0.865299805,-0.743695256 0.66015001 0.105448233 -0.0342513478 0.119900973 -0.992194841 -0.66764078 -0.74150234 -0.0665587569,3699.54634 -1630.4872 42611.7744,0,0,0,factor_graph_prior_initial,sequence_factor_graph|prior|initial
1,1174,1,0.530915429,-0.575880229 0.81745524 -0.011353059 0.0190387868 -0.000473345881 -0.999818634 -0.817312356 -0.575991932 -0.0152907655,3690.98735 -1416.8247 39373.7106,0,0,0,factor_graph_prior_initial,sequence_factor_graph|prior|initial
1,1175,1,0.744898234,-0.315970755 0.948767898 -0.00139901778 0.0090926812 0.00155366037 -0.999957454 -0.948725358 -0.315970032 -0.00911775527,3282.38869 -1190.86635 33650.7721,0,0,0,factor_graph_prior_initial,sequence_factor_graph|prior|initial
1,1176,1,0.561916276,-0.747090945 0.652325282 0.127776546 -0.0288882061 0.160181584 -0.986664751 -0.664093812 -0.740819537 -0.100825704,4071.90466 -1650.74742 41428.1998,0,0,0,factor_graph_prior_initial,sequence_factor_graph|prior|initial
1,1177,1,0.923599821,-0.335715644 0.941678629 0.0231595841 0.0913113064 0.0570042133 -0.994189502 -0.9375272 -0.331650237 -0.105123112,3778.07045 -1300.9541 36381.3248,0,0,0,factor_graph_prior_initial,sequence_factor_graph|prior|initial
1,1178,1,0.672075637,-0.826956412 0.554289705 0.0943716903 -0.0250406531 0.131368926 -0.99101724 -0.561708161 -0.82189119 -0.0947565998,4240.1824 -1505.90575 38554.184,0,0,0,factor_graph_prior_initial,sequence_factor_graph|prior|initial
1,1179,1,0.628417537,-0.304766619 0.952274802 -0.0170296925 0.0765561982 0.00667080425 -0.997042952 -0.949345278 -0.305169138 -0.0749355769,3740.3965 -1254.16684 34242.7826,0,0,0,factor_graph_prior_initial,sequence_factor_graph|prior|initial
1,1180,1,0.501771106,-0.240322545 0.970592064 -0.0140042507 0.014386563 -0.0108640487 -0.999837486 -0.970586473 -0.240484962 -0.011352608,3766.97922 -1327.79253 33764.7972,0,0,0,factor_graph_prior_initial,sequence_factor_graph|prior|initial
1,1181,1,0.92842865,0.452914467 0.891351145 0.0190163275 0.181479412 -0.0712887364 -0.980807391 -0.872888142 0.447672929 -0.194049582,4829.84495 -1886.88588 42345.2415,0,0,0,factor_graph_prior_initial,sequence_factor_graph|prior|initial
1,1182,1,0.990545937,0.481797296 0.875069832 -0.0460885564 0.119138619 -0.117521224 -0.985897942 -0.86814593 0.469512036 -0.160876019,5217.89742 -2027.66442 44559.288,0,0,0,factor_graph_prior_initial,sequence_factor_graph|prior|initial
1,1183,1,0.529833922,-0.486796884 0.86542924 0.118579188 -0.0176096122 0.12599911 -0.991874047 -0.873337675 -0.484929329 -0.0460961009,4188.04073 -1626.16706 39087.1506,0,0,0,factor_graph_prior_initial,sequence_factor_graph|prior|initial
1,1184,1,1,-0.766574579 0.637087771 -0.0805145137 7.96778387e-05 -0.125287322 -0.992120497 -0.642155283 -0.760540768 0.095991314,4609.49898 -2029.57916 43365.6425,0,0,0,factor_graph_prior_initial,sequence_factor_graph|prior|initial
1,1185,1,0.494918918,-0.315380657 0.948965247 1.93840146e-05 0.0229155366 0.00763620731 -0.999708241 -0.948688526 -0.315288197 -0.02415436,3497.50137 -1473.77491 35910.5453,0,0,0,factor_graph_prior_initial,sequence_factor_graph|prior|initial
1,1186,1,0.96432858,-0.0267182463 0.996454411 0.0797793325 -0.00874759286 0.0795717099 -0.996790762 -0.999604729 -0.0273303782 0.00659056095,3047.70684 -1287.50753 31100.3361,0,0,0,factor_graph_prior_initial,sequence_factor_graph|prior|initial
1,1187,1,1,-0.288351654 0.957433667 0.0131945791 0.0694487306 0.0346555941 -0.996983382 -0.955002721 -0.28656546 -0.0764855507,2904.43587 -1289.24298 30987.9742,0,0,0,factor_graph_prior_initial,sequence_factor_graph|prior|initial
1,1188,1,0.696021288,-0.0774962885 0.991691931 0.10267151 0.0351703983 0.105636377 -0.993782672 -0.996372103 -0.0734034707 -0.0430646274,2663.33222 -1219.12742 29737.1197,0,0,0,factor_graph_prior_initial,sequence_factor_graph|prior|initial
1,1189,1,0.780299258,0.0845033312 0.9931236 0.0810228528 0.0794284364 0.0743411854 -0.994064642 -0.99325239 0.0904372922 -0.0726001769,2676.56112 -1360.56018 31260.8032,0,0,0,factor_graph_prior_initial,sequence_factor_graph|prior|initial
1,1190,1,0.513729171,-0.196440695 0.98009953 0.0285650949 0.061350734 0.0413616929 -0.997258892 -0.978594472 -0.194149741 -0.0682549453,2795.42065 -1524.11044 33224.6475,0,0,0,factor_graph_prior_initial,sequence_factor_graph|prior|initial
1,1191,1,0.448773204,0.00209655448 0.990098863 0.14035614 0.0223850443 0.140274811 -0.989859529 -0.999747225 0.00521717283 -0.0218693131,2434.86142 -1288.10239 30519.8574,0,0,0,factor_graph_prior_initial,sequence_factor_graph|prior|initial
1,1192,1,0.643523037,-0.152384102 0.981576028 0.115271793 0.0666045243 0.126568079 -0.989719333 -0.986074502 -0.143139869 -0.0846643675,2378.26705 -1414.64281 30837.6236,0,0,0,factor_graph_prior_initial,sequence_factor_graph|prior|initial
1,1193,1,0.482492214,-0.456199345 0.889249133 0.0334385539 0.0658068962 0.071186033 -0.995289908 -0.887441046 -0.451850116 -0.090993747,2481.57048 -1654.46532 36072.773,0,0,0,factor_graph_prior_initial,sequence_factor_graph|prior|initial
1,1194,1,0.528368099,-0.1823753 0.980130652 0.0779945849 0.0531199544 0.0890310562 -0.994611352 -0.981793013 -0.177249475 -0.068301561,2156.72874 -1558.79664 33846.0846,0,0,0,factor_graph_prior_initial,sequence_factor_graph|prior|initial
1,1195,1,0.8000984,-0.185835082 0.981182048 0.0524128823 0.115702121 0.0748224777 -0.99046182 -0.975745019 -0.177998272 -0.127429485,2019.91773 -1553.22695 32832.4547,0,0,0,factor_graph_prior_initial,sequence_factor_graph|prior|initial
1,1196,1,0.614009804,-0.0752252029 0.988588903 0.130511108 -0.00445080031 0.130547773 -0.99143203 -0.997156637 -0.0751615545 -0.00542047094,1567.50584 -1319.5436 30289.217,0,0,0,factor_graph_prior_initial,sequence_factor_graph|prior|initial
1,1197,1,0.548937073,-0.375891704 0.918942869 0.11937098 0.0705976706 0.156842281 -0.985097187 -0.923970452 -0.361862547 -0.123830938,1416.29791 -1691.22553 35283.6647,0,0,0,factor_graph_prior_initial,sequence_factor_graph|prior|initial
1,1198,1,0.655962144,-0.195855648 0.972785477 0.123810262 0.0716539869 0.140114472 -0.987539184 -0.978011386 -0.184543628 -0.0971461686,1103.92022 -1549.45481 33579.0939,0,0,0,factor_graph_prior_initial,sequence_factor_graph|prior|initial
1,1199,1,0.558616491,-0.00759689311 0.996679072 0.0810747468 -0.0092803383 0.0810033231 -0.996670626 -0.999928079 -0.00832400129 0.00863414538,702.933311 -1315.99665 30197.8817,0,0,0,factor_graph_prior_initial,sequence_factor_graph|prior|initial
1,1200,1,0.867016561,-0.252991634 0.966618451 0.0405463 -0.0357457839 0.0325418112 -0.998830951 -0.966807877 -0.254145234 0.0263197283,417.274982 -1516.10267 32033.1688,0,0,0,factor_graph_prior_initial,sequence_factor_graph|prior|initial
1,1201,1,0.576163705,-0.243532005 0.969860808 -0.00788514991 0.0626806384 0.007625142 -0.998004506 -0.967865332 -0.243540284 -0.0626484608,185.505316 -1462.00514 31999.7406,0,0,0,factor_graph_prior_initial,sequence_factor_graph|prior|initial
1,1202,1,0.995335758,-0.723875162 0.675795856 0.138941393 -0.0168757652 0.183980944 -0.982784931 -0.689724553 -0.713758343 -0.121774663,-270.972282 -2045.91775 41659.874,0,0,0,factor_graph_prior_initial,sequence_factor_graph|prior|initial
1,1203,1,0.971426244,0.282346987 0.959290032 0.00654326393 0.052561856 -0.00865922512 -0.998580127 -0.957871302 0.282290016 -0.0528669707,-442.22638 -1472.77141 36670.0325,0,0,0,factor_graph_prior_initial,sequence_factor_graph|prior|initial
1,1204,1,0.966918875,-0.453318712 0.889714426 0.0539479793 0.0053414315 0.0632344617 -0.997984405 -0.891332494 -0.452116846 -0.0334177134,-816.448927 -1536.77785 36419.9181,0,0,0,factor_graph_prior_initial,sequence_factor_graph|prior|initial
1,1205,1,0.950584785,-0.712555178 0.662495614 0.231007964 0.0204294796 0.348702777 -0.937010677 -0.701318583 -0.662952437 -0.26200441,-1444.65089 -1912.17709 39519.4435,0,0,0,factor_graph_prior_initial,sequence_factor_graph|prior|initial
1,1206,1,0.907413409,-0.72809621 0.630289437 0.269464534 -0.107531962 0.283216531 -0.953008538 -0.676988025 -0.722857954 -0.138432623,-2042.43207 -1998.20924 41442.5812,0,0,0,factor_graph_prior_initial,sequence_factor_graph|prior|initial
1,1207,1,1,-0.697668774 0.684581573 0.211202158 -0.00941491856 0.286015476 -0.958178745 -0.716358598 -0.670479841 -0.193098787,-2421.39101 -1873.67678 41459.3506,0,0,0,factor_graph_prior_initial,sequence_factor_graph|prior|initial
1,1208,1,0.632348329,-0.285670873 0.955565667 0.0727076961 0.121583946 0.111395127 -0.986310534 -0.950583766 -0.272920102 -0.148003787,-2271.88182 -1459.2905 36875.2403,0,0,0,factor_graph_prior_initial,sequence_factor_graph|prior|initial
1,1209,1,0.989237683,0.759194071 0.648111259 -0.0598009845 0.0714607956 -0.174326015 -0.982091541 -0.646929453 0.741324649 -0.178661824,-2745.6429 -1710.38032 39117.0921,0,0,0,factor_graph_prior_initial,sequence_factor_graph|prior|initial
1,1210,1,0.478550573,0.963849899 0.263961683 0.0362987962 0.0785988258 -0.151504175 -0.985326702 -0.254589075 0.952560085 -0.166774362,-3474.01309 -2043.48683 43755.4626,0,0,0,factor_graph_prior_initial,sequence_factor_graph|prior|initial
1,1211,1,0.984514256,0.958286336 0.269886641 0.0940664653 0.141498232 -0.162037427 -0.976586976 -0.248325491 0.949160194 -0.193466735,-3963.53769 -2153.44906 44820.7741,0,0,0,factor_graph_prior_initial,sequence_factor_graph|prior|initial
1,1212,1,0.962254863,0.765947927 0.642887112 0.00446469908 0.0812093534 -0.0898607315 -0.992637945 -0.637752941 0.760671552 -0.121037088,-4023.83947 -1924.19124 42453.5484,0,0,0,factor_graph_prior_initial,sequence_factor_graph|prior|initial
1,1213,1,0.98729151,0.636568667 0.771191406 -0.00664427499 0.0670952051 -0.0639612576 -0.995694326 -0.768295884 0.633382011 -0.0924589781,-4103.04356 -1826.91169 40239.8758,0,0,0,factor_graph_prior_initial,sequence_factor_graph|prior|initial
1,1214,1,0.843914498,-0.669492607 0.730501468 0.134711742 -0.0043845996 0.177462698 -0.98411776 -0.742805778 -0.659450222 -0.115607008,-4746.43612 -1834.57446 40388.1149,0,0,0,factor_graph_prior_initial,sequence_factor_graph|prior|initial
1,1215,1,0.96023769,-0.918061075 0.381590309 0.107483478 -0.0250058307 0.21484371 -0.976328269 -0.395649555 -0.899016694 -0.187697665,-5825.61874 -2155.25389 44664.9933,0,0,0,factor_graph_prior_initial,sequence_factor_graph|prior|initial
1,1216,1,0.983552615,-0.703219847 0.702814418 0.107395256 0.00107814096 0.152108004 -0.98836329 -0.710971648 -0.694920894 -0.1077231,-5513.99517 -1911.99529 42168.3807,0,0,0,factor_graph_prior_initial,sequence_factor_graph|prior|initial
1,1217,1,0.96348933,-0.916572756 0.376484524 0.134735986 -0.0619456822 0.199195597 -0.977999922 -0.39504065 -0.904754396 -0.159255666,-6000.52166 -2026.93415 42882.5302,0,0,0,factor_graph_prior_initial,sequence_factor_graph|prior|initial
1,1218,1,1,-0.916094357 0.361981176 0.172455086 -0.0444069157 0.335862251 -0.940863739 -0.398496116 -0.86957816 -0.291607045,-6954.95176 -2282.08423 46611.969,0,0,0,factor_graph_prior_initial,sequence_factor_graph|prior|initial
1,1219,1,0.963525425,-0.916473322 0.393592921 0.071841926 0.0011247746 0.182095672 -0.983280174 -0.400094219 -0.901069242 -0.167328529,-6325.3684 -1936.78832 43592.6399,0,0,0,factor_graph_prior_initial,sequence_factor_graph|prior|initial
1,1220,1,0.946305327,-0.910520684 0.365843054 0.192642007 -0.0790789771 0.303232555 -0.949629682 -0.405830751 -0.879891401 -0.247169019,-6968.54496 -2144.14859 45630.8136,0,0,0,factor_graph_prior_initial,sequence_factor_graph|prior|initial
1,1221,1,0.951705473,-0.723442866 0.668739151 0.171517831 0.00281505878 0.25129352 -0.967906836 -0.690378515 -0.699742463 -0.183679044,-6676.76878 -1966.76958 43514.7896,0,0,0,factor_graph_prior_initial,sequence_factor_graph|prior|initial
1,1222,1,0.991107758,0.480930698 0.872715428 -0.0841037789 0.0756409317 -0.136868329 -0.987697074 -0.873489618 0.468652155 -0.131837189,-4836.59458 -1299.2419 34632.0572,0,0,0,factor_graph_prior_initial,sequence_factor_graph|prior|initial
1,1223,1,0.997183024,0.624360791 0.778343812 0.0659887343 0.084411488 0.0167544213 -0.996290113 -0.776561848 0.627614691 -0.0552403556,-4953.42207 -1443.16506 36103.1532,0,0,0,factor_graph_prior_initial,sequence_factor_graph|prior|initial
1,1224,1,0.996865301,0.632958274 0.773323282 0.0365366193 0.0562622715 0.00112120368 -0.998415394 -0.772138835 0.634010918 -0.0427992493,-4762.95137 -1328.40943 33531.9748,0,0,0,factor_graph_prior_initial,sequence_factor_graph|prior|initial
1,1225,1,0.979182397,0.637155191 0.755639463 0.151796789 0.0634645912 0.144844134 -0.987417046 -0.768118161 0.638771617 0.0443318423,-4768.67104 -1473.76454 33159.6642,0,0,0,factor_graph_prior_initial,sequence_factor_graph|prior|initial
1,1226,1,0.75434028,0.646371364 0.748945371 0.145893422 0.0683029668 0.133643644 -0.988672889 -0.759959712 0.649014798 0.035228234,-5068.40992 -1588.48977 34838.1424,0,0,0,factor_graph_prior_initial,sequence_factor_graph|prior|initial
1,1227,1,0.840266733,0.662721586 0.748843769 0.00575402886 0.0343670443 -0.0227372403 -0.999150601 -0.748076872 0.66235642 -0.0408040069,-4845.80326 -1393.10324 33595.8061,0,0,0,factor_graph_prior_initial,sequence_factor_graph|prior|initial
1,1228,1,0.934264122,0.850761186 0.517811666 0.089869255 0.0884564136 0.0274764471 -0.995701013 -0.518054888 0.855053287 -0.0224278681,-5221.14229 -1579.77021 35803.8254,0,0,0,factor_graph_prior_initial,sequence_factor_graph|prior|initial
1,1229,1,0.990392259,0.995257696 0.0949039765 0.0213390368 0.0262873609 -0.0511994626 -0.998342421 -0.0936541184 0.994168924 -0.0534514342,-5544.36731 -1741.84656 38655.6473,0,0,0,factor_graph_prior_initial,sequence_factor_graph|prior|initial
1,1230,1,1,0.641703671 0.76602809 0.0376478982 0.0410300831 0.0147291634 -0.99904934 -0.76585438 0.642638325 -0.021978438,-4847.42355 -1480.84962 34740.9401,0,0,0,factor_graph_prior_initial,sequence_factor_graph|prior|initial
1,1231,1,0.792137702,0.643263586 0.757023918 0.114572018 0.00966247929 0.141602682 -0.989876415 -0.765583827 0.637858502 0.083773121,-4950.91105 -1521.07489 35216.7664,0,0,0,factor_graph_prior_initial,sequence_factor_graph|prior|initial
1,1232,1,0.975333599,0.62365216 0.761939223 0.174661399 0.0783722779 0.161365855 -0.983777844 -0.777763312 0.627223789 0.0409212514,-4784.01136 -1488.63733 34703.5294,0,0,0,factor_graph_prior_initial,sequence_factor_graph|prior|initial
1,1233,1,0.858909704,0.550336121 0.832557414 0.0630738197 0.0408391392 0.0486108426 -0.99798254 -0.833943835 0.55180172 -0.00724862562,-4308.81262 -1175.03488 31522.0222,0,0,0,factor_graph_prior_initial,sequence_factor_graph|prior|initial
1,1234,1,0.651705221,0.620824119 0.77990933 0.0794911984 0.122275852 0.00382393795 -0.992488788 -0.774355234 0.625880831 -0.092990085,-4495.29314 -1323.78006 34047.6837,0,0,0,factor_graph_prior_initial,sequence_factor_graph|prior|initial
1,1235,1,0.911575404,0.612404953 0.785485031 0.0892941207 0.110655659 0.0266685144 -0.993500939 -0.782761457 0.618305795 -0.0705864337,-4299.30067 -1219.03598 32493.2556,0,0,0,factor_graph_prior_initial,sequence_factor_graph|prior|initial
1,1236,1,0.964771547,0.626807437 0.770771145 0.114123964 0.0295538877 0.122844191 -0.991985823 -0.778613514 0.625156898 0.0542203687,-4260.64587 -1204.91052 31618.2919,0,0,0,factor_graph_prior_initial,sequence_factor_graph|prior|initial
1,1237,1,0.810196172,0.653462221 0.752695097 0.0802322705 0.11959057 0.00200397896 -0.992821273 -0.747452488 0.658366217 -0.0887057115,-4894.50216 -1565.01722 36486.5265,0,0,0,factor_graph_prior_initial,sequence_factor_graph|prior|initial
1,1238,1,0.852135805,0.841376758 0.540247542 -0.0147561633 0.0237941487 -0.064306222 -0.997646505 -0.539924986 0.839045471 -0.0669604909,-4891.82568 -1583.8455 36904.6364,0,0,0,factor_graph_prior_initial,sequence_factor_graph|prior|initial
1,1239,1,0.660252329,0.598852674 0.800858856 0.000753457036 0.0674240986 -0.0494797354 -0.996496737 -0.798015956 0.596805537 -0.0836282584,-4735.92424 -1471.16232 35311.9469,0,0,0,factor_graph_prior_initial,sequence_factor_graph|prior|initial
1,1240,1,0.963392883,0.543803752 0.834480763 0.0889906514 0.0678035994 0.0620054722 -0.99577005 -0.836468859 0.547537376 -0.022861991,-4373.82603 -1198.22645 32267.3569,0,0,0,factor_graph_prior_initial,sequence_factor_graph|prior|initial
1,1241,1,0.951592574,0.840557943 0.532542168 0.0993034907 0.0792004693 0.0605328382 -0.995019126 -0.535900765 0.844236113 0.00870376834,-4884.35459 -1537.32049 35226.0742,0,0,0,factor_graph_prior_initial,sequence_factor_graph|prior|initial
1,1242,1,0.99205607,-0.330951836 0.93971652 0.0860450113 0.0643742828 0.113453994 -0.991455568 -0.941449326 -0.322584955 -0.0980413847,-4752.07615 -1416.55064 32839.8895,0,0,0,factor_graph_prior_initial,sequence_factor_graph|prior|initial
1,1243,1,0.871527799,-0.269995825 0.962797028 0.011141713 0.0549202831 0.0269517771 -0.998126928 -0.961293928 -0.268878198 -0.0601539527,-4770.7262 -1299.57986 31577.4059,0,0,0,factor_graph_prior_initial,sequence_factor_graph|prior|initial
1,1244,1,0.941713117,-0.239753993 0.962416252 0.12756559 0.110305732 0.157551663 -0.98133079 -0.964546872 -0.221206759 -0.14393367,-4721.2553 -1186.15961 29779.8729,0,0,0,factor_graph_prior_initial,sequence_factor_graph|prior|initial
1,1245,1,0.856089378,-0.221477251 0.97033033 0.0969890641 0.0214546833 0.104283578 -0.994316163 -0.974929497 -0.218137541 -0.0439145701,-5182.24716 -1360.38423 31592.1745,0,0,0,factor_graph_prior_initial,sequence_factor_graph|prior|initial
1,1246,1,0.981303451,0.629991047 0.770687248 0.0956684211 0.0608015695 0.0738628612 -0.995413204 -0.774218606 0.632918197 -0.000326052998,-5640.80238 -1509.38857 35215.9843,0,0,0,factor_graph_prior_initial,sequence_factor_graph|prior|initial
1,1247,1,0.759017501,0.36328165 0.931300338 0.0265729781 -0.0016533732 0.0291659696 -0.999573215 -0.9316779 0.363082671 0.0121352486,-4618.14022 -1062.7712 28633.5907,0,0,0,factor_graph_prior_initial,sequence_factor_graph|prior|initial
1,1248,1,0.7415421,0.366319191 0.929986864 0.0305726007 -0.0399851232 0.0485591524 -0.998019638 -0.929629733 0.364371297 0.0549737887,-4224.36094 -967.94641 26050.1518,0,0,0,factor_graph_prior_initial,sequence_factor_graph|prior|initial
1,1249,1,0.566136089,-0.278136025 0.960541362 0.000801895252 -0.0134086742 -0.00304788115 -0.999905454 -0.960448103 -0.278120481 0.0137273117,-4771.16966 -1270.7119 30528.7113,0,0,0,factor_graph_prior_initial,sequence_factor_graph|prior|initial
1,1250,1,0.980977852,0.568554403 0.822333862 0.0226475241 0.0675012534 -0.0191971281 -0.997534486 -0.819871619 0.56868136 -0.0664231781,-4557.19662 -1240.29839 30547.4052,0,0,0,factor_graph_prior_initial,sequence_factor_graph|prior|initial
1,1251,1,0.947583033,-0.204452476 0.978876134 -0.000836399397 0.078706796 0.0155873619 -0.99677594 -0.975707141 -0.20385914 -0.0802310789,-4312.13379 -1212.92758 30706.0337,0,0,0,factor_graph_prior_initial,sequence_factor_graph|prior|initial
1,1252,1,0.953973878,-0.225626281 0.968109666 0.108887359 0.0434982894 0.121668994 -0.991617141 -0.973242354 -0.218998474 -0.069562837,-4186.62214 -1295.5749 31402.6089,0,0,0,factor_graph_prior_initial,sequence_factor_graph|prior|initial
1,1253,1,0.904980729,0.523951306 0.847845403 0.0814444655 0.0652544287 0.0553821139 -0.996330608 -0.849244893 0.527343336 -0.0263081365,-3576.83873 -1152.82869 29998.8575,0,0,0,factor_graph_prior_initial,sequence_factor_graph|prior|initial
1,1254,1,0.976665752,0.583638207 0.80521804 0.104834877 0.0879974978 0.0656252288 -0.993956624 -0.807231617 0.589336268 -0.0325557819,-3802.92463 -1475.51787 34979.5227,0,0,0,factor_graph_prior_initial,sequence_factor_graph|prior|initial
1,1255,1,0.943935877,-0.206265646 0.978203093 0.0239414384 0.0949026382 0.044351596 -0.994498077 -0.973882936 -0.202858683 -0.101982265,-2841.40444 -1164.82818 30718.6584,0,0,0,factor_graph_prior_initial,sequence_factor_graph|prior|initial
1,1256,1,0.98022273,0.534968963 0.827420303 -0.170832815 0.0811674435 -0.251597701 -0.964422336 -0.840963765 0.502069955 -0.201756552,-2420.69244 -1255.03397 31231.9889,0,0,0,factor_graph_prior_initial,sequence_factor_graph|prior|initial
1,1257,1,0.8752617,0.771458096 0.626868154 -0.109035422 0.0782299898 -0.263510668 -0.961479171 -0.63145267 0.733211051 -0.252327328,-2497.56384 -1651.63934 37276.4893,0,0,0,factor_graph_prior_initial,sequence_factor_graph|prior|initial
1,1258,1,0.837455194,0.619900052 0.782530736 0.0580480203 0.0303729292 0.0499922118 -0.998287666 -0.784092731 0.620601664 0.007222424,-2150.88415 -1411.21459 36835.4607,0,0,0,factor_graph_prior_initial,sequence_factor_graph|prior|initial
1,1259,1,0.95539311,0.822547931 0.564439247 0.0694495313 0.122487209 -0.056582041 -0.990855871 -0.555348345 0.823533126 -0.115678029,-1830.1264 -1589.63442 39961.1092,0,0,0,factor_graph_prior_initial,sequence_factor_graph|prior|initial
1,1260,1,0.936708659,-0.192839812 0.981230022 -0.000671204881 0.025171806 0.00426315965 -0.99967405 -0.980907328 -0.192793851 -0.0255214387,-1315.03868 -1058.62451 32487.2894,0,0,0,factor_graph_prior_initial,sequence_factor_graph|prior|initial
1,1261,1,0.943435156,-0.220183298 0.97490951 0.0327225034 0.069100228 0.0490502154 -0.996403149 -0.973007952 -0.217130199 -0.0781665076,-958.716869 -1018.73004 29285.8582,0,0,0,factor_graph_prior_initial,sequence_factor_graph|prior|initial
1,1262,1,1,0.510773109 0.857446051 -0.0624267636 0.101865513 -0.132462202 -0.985939746 -0.853659328 0.497232375 -0.155002313,-779.251337 -1594.7125 35814.682,0,0,0,factor_graph_prior_initial,sequence_factor_graph|prior|initial
1,1263,1,0.887829129,0.511557244 0.85918041 0.0108723935 0.131714223 -0.0659064626 -0.989094385 -0.849093958 0.507410446 -0.146881209,-527.206182 -1709.2185 38321.1479,0,0,0,factor_graph_prior_initial,sequence_factor_graph|prior|initial
1,1264,1,0.9281641,0.538249421 0.842760244 0.00653699952 0.0832108027 -0.0454228927 -0.99549622 -0.838667707 0.536369213 -0.0945756021,-210.709333 -1835.84869 39567.7032,0,0,0,factor_graph_prior_initial,sequence_factor_graph|prior|initial
1,1265,1,0.797698835,0.538560806 0.840350986 -0.0613390541 0.118322498 -0.147505329 -0.981958229 -0.834237403 0.521586425 -0.178873017,125.465557 -1786.91769 39283.4206,0,0,0,factor_graph_prior_initial,sequence_factor_graph|prior|initial
1,1266,1,0.927919333,0.50819767 0.853764475 -0.113231398 0.14672792 -0.215381801 -0.965443731 -0.848649542 0.474022047 -0.234727615,425.915778 -1477.6125 36818.4204,0,0,0,factor_graph_prior_initial,sequence_factor_graph|prior|initial
1,1267,1,0.999655507,0.75791217 0.650695396 -0.0465257259 0.0682511637 -0.150020794 -0.986324257 -0.64877648 0.744371724 -0.158113303,768.155158 -1645.68138 39067.5926,0,0,0,factor_graph_prior_initial,sequence_factor_graph|prior|initial
1,1268,1,0.884446127,0.972357101 0.225900759 0.0590805806 0.0690029057 -0.0362755939 -0.996956709 -0.223070094 0.973474668 -0.0508606401,1128.2748 -1592.70585 38931.2859,0,0,0,factor_graph_prior_initial,sequence_factor_graph|prior|initial
1,1269,1,0.554743028,0.960979011 0.274684682 0.0326751682 0.0517221551 -0.0623850005 -0.996711057 -0.271742819 0.959508435 -0.0741579598,1463.69493 -1648.03433 40614.1777,0,0,0,factor_graph_prior_initial,sequence_factor_graph|prior|initial
1,1270,1,0.704009805,0.992399985 0.0881732039 0.0858356341 0.0824342682 0.0415254877 -0.995731 -0.0913611591 0.995239228 0.0339413999,1608.53362 -1523.93699 40719.2917,0,0,0,factor_graph_prior_initial,sequence_factor_graph|prior|initial
1,1271,1,0.777274675,0.524965935 0.842517451 -0.120727428 0.176225827 -0.246366717 -0.953020408 -0.832679545 0.479027959 -0.277807469,1651.28541 -1332.49223 37928.4058,0,0,0,factor_graph_prior_initial,sequence_factor_graph|prior|initial
1,1272,1,0.536647322,-0.216489431 0.975393085 0.0417211671 0.0549054519 0.0548310477 -0.996984928 -0.97473982 -0.213545981 -0.0654247404,1395.07675 -898.483455 30299.0341,0,0,0,factor_graph_prior_initial,sequence_factor_graph|prior|initial
1,1273,1,0.74484936,0.0390155754 0.997871547 0.0522509332 0.0417154352 0.0506185969 -0.997846471 -0.998367471 0.0411112247 -0.0396517322,1479.22432 -793.295979 27201.6754,0,0,0,factor_graph_prior_initial,sequence_factor_graph|prior|initial
1,1274,1,0.555935824,-0.292441536 0.956104235 0.018510513 0.0581508923 0.0371007251 -0.997618168 -0.954513709 -0.290668587 -0.0664481075,1808.40731 -1083.06563 29465.4026,0,0,0,factor_graph_prior_initial,sequence_factor_graph|prior|initial
1,1275,1,0.94739627,-0.431676597 0.894888287 0.113270781 0.00691121127 0.12885098 -0.991639884 -0.902001968 -0.427284893 -0.0618067146,1818.13455 -1133.72767 30676.6033,0,0,0,factor_graph_prior_initial,sequence_factor_graph|prior|initial
1,1276,1,0.957841309,-0.889709762 0.455211846 -0.0346224671 0.0401920784 0.00255904316 -0.999188695 -0.45475393 -0.890379484 -0.0205727159,2475.15821 -1501.08981 37587.2498,0,0,0,factor_graph_prior_initial,sequence_factor_graph|prior|initial
1,1277,1,0.874945484,-0.710230391 0.700129425 0.0734273853 0.0301349719 0.134446353 -0.990462549 -0.703324019 -0.701243871 -0.116586267,3014.59312 -1730.40032 41227.5696,0,0,0,factor_graph_prior_initial,sequence_factor_graph|prior|initial
1,1278,1,0.615444623,0.308998414 0.946050688 0.0975093623 0.103053019 0.0686178127 -0.992306238 -0.945462879 0.316669688 -0.0762905846,2789.31117 -1182.28614 36792.4385,0,0,0,factor_graph_prior_initial,sequence_factor_graph|prior|initial
1,1279,1,0.548788977,-0.447152946 0.894350605 0.0138289311 0.0810475027 0.0559091308 -0.99514093 -0.890778056 -0.443859398 -0.0974848155,2669.97623 -1140.54894 33317.6346,0,0,0,factor_graph_prior_initial,sequence_factor_graph|prior|initial
1,1280,1,0.545937534,-0.171355448 0.979386884 0.106951583 0.0732119606 0.120915429 -0.989959326 -0.982485277 -0.161804789 -0.0924223514,2545.26949 -1093.10007 29738.2774,0,0,0,factor_graph_prior_initial,sequence_factor_graph|prior|initial
1,1281,1,0.822626367,0.0426108923 0.997314101 0.0595726128 0.00932420815 0.059227206 -0.99820098 -0.999048233 0.0430897019 -0.00677544017,2616.86563 -1001.25515 28278.7266,0,0,0,factor_graph_prior_initial,sequence_factor_graph|prior|initial
1,1282,1,0.945493586,0.030163693 0.999540649 -0.00293983469 0.0506872453 -0.00446699281 -0.998704586 -0.998258962 0.0299756064 -0.0507987031,2757.24077 -968.317449 28275.3735,0,0,0,factor_graph_prior_initial,sequence_factor_graph|prior|initial
1,1283,1,0.974002103,-0.321276336 0.946926632 0.0105578787 -0.0090873555 0.00806561644 -0.99992618 -0.946941886 -0.321348563 0.00601376725,3094.33866 -1044.08383 30340.1852,0,0,0,factor_graph_prior_initial,sequence_factor_graph|prior|initial
1,1284,1,1,-0.296476726 0.9550394 0.00113819561 -0.00152313616 0.000718943714 -0.999998582 -0.955038863 -0.29647804 0.00124150496,3297.80626 -1001.37067 31101.5816,0,0,0,factor_graph_prior_initial,sequence_factor_graph|prior|initial
1,1285,1,0.957521024,-0.884904188 0.464758495 0.0307265283 -0.0218346004 0.0245040066 -0.999461257 -0.465261032 -0.885098354 -0.0115358821,4169.50655 -1293.27726 37835.2432,0,0,0,factor_graph_prior_initial,sequence_factor_graph|prior|initial
1,1286,1,0.367879441,-0.411291834 0.910248369 0.0478218981 0.0433351956 0.0719324405 -0.996467654 -0.910473003 -0.407766637 -0.0690310165,3520.41817 -1040.93456 34659.7214,0,0,0,factor_graph_prior_initial,sequence_factor_graph|prior|initial
1,1287,1,0.514430495,-0.678043438 0.73104404 0.0763656176 0.078508496 0.175331994 -0.981374092 -0.730817017 -0.659418913 -0.176275876,4159.86204 -1427.88219 39555.7251,0,0,0,factor_graph_prior_initial,sequence_factor_graph|prior|initial
1,1288,1,0.840185117,-0.338566343 0.940925948 0.00558489076 0.0179991165 0.012410595 -0.999760976 -0.940770356 -0.338384894 -0.0211376456,3617.74325 -1016.17289 35257.8506,0,0,0,factor_graph_prior_initial,sequence_factor_graph|prior|initial
1,1289,1,0.968526311,-0.279560256 0.958451502 0.0567166795 0.0143186498 0.0632272966 -0.99789643 -0.960021375 -0.278160075 -0.0313995706,3516.86692 -964.891195 32153.8925,0,0,0,factor_graph_prior_initial,sequence_factor_graph|prior|initial
1,1290,1,0.930247175,-0.280924857 0.958387316 0.0507442319 0.02283922 0.0595344575 -0.997964938 -0.959457969 -0.279194199 -0.0386135277,3745.01181 -995.748639 32190.7234,0,0,0,factor_graph_prior_initial,sequence_factor_graph|prior|initial
1,1291,1,0.859177671,-0.288595352 0.953653902 0.0851877763 0.0782924683 0.112180887 -0.990598677 -0.954244734 -0.279212613 -0.107038801,3776.89171 -951.296568 31199.789,0,0,0,factor_graph_prior_initial,sequence_factor_graph|prior|initial
1,1292,1,0.857739667,-0.296011894 0.954694907 0.0305711266 -0.0202413311 0.0257287078 -0.999464017 -0.954969762 -0.296472037 0.0117082922,4059.26275 -1043.78784 32716.7816,0,0,0,factor_graph_prior_initial,sequence_factor_graph|prior|initial
1,1293,1,0.795557156,-0.328993286 0.942068448 0.0653487289 0.0244785094 0.0776852948 -0.996677379 -0.944014947 -0.326300527 -0.0486183718,3913.55252 -902.443707 31167.3088,0,0,0,factor_graph_prior_initial,sequence_factor_graph|prior|initial
1,1294,1,0.985601058,-0.267800601 0.963362363 -0.0146900073 -0.00649930715 -0.0170528556 -0.999833466 -0.963452436 -0.267660528 0.0108279529,4110.87561 -1058.28226 32747.5357,0,0,0,factor_graph_prior_initial,sequence_factor_graph|prior|initial
1,1295,1,0.466267958,-0.330066828 0.943017715 0.0421126822 0.0368925343 0.0574659143 -0.99766558 -0.94323636 -0.327742669 -0.0537579054,4135.37169 -1039.93297 32852.2568,0,0,0,factor_graph_prior_initial,sequence_factor_graph|prior|initial
1,1296,1,0.835773578,-0.319142909 0.94567193 0.062067742 -0.00666429133 0.0632515508 -0.997975365 -0.94768317 -0.318910398 -0.0138840507,4136.74068 -1008.13997 33045.5742,0,0,0,factor_graph_prior_initial,sequence_factor_graph|prior|initial
1,1297,1,1,-0.329505094 0.942468992 0.0563790097 -0.0173694629 0.0536526517 -0.998408581 -0.943994012 -0.329959987 -0.0013086419,4260.84614 -1011.26683 33960.8498,0,0,0,factor_graph_prior_initial,sequence_factor_graph|prior|initial
1,1298,1,0.482446469,-0.424234629 0.903852413 0.0554598587 0.0968408238 0.106176004 -0.989620387 -0.900359281 -0.414460459 -0.13257335,4447.99089 -1122.41602 36129.9515,0,0,0,factor_graph_prior_initial,sequence_factor_graph|prior|initial
1,1299,1,0.521516522,-0.397934736 0.917301846 0.0143272227 0.0633059306 0.0430357938 -0.997065835 -0.915226915 -0.395860131 -0.0751960842,4461.77864 -1107.46539 36576.6792,0,0,0,factor_graph_prior_initial,sequence_factor_graph|prior|initial
1,1300,1,0.423926855,-0.421230754 0.903022512 0.0843504273 0.00150661196 0.0937007151 -0.99559927 -0.906952249 -0.419249948 -0.0408301274,4581.78139 -1147.11988 37472.8928,0,0,0,factor_graph_prior_initial,sequence_factor_graph|prior|initial
1,1301,1,0.696777024,-0.320575363 0.941968819 0.0996302161 0.0430862602 0.119573604 -0.991889978 -0.946242575 -0.313682796 -0.078918265,4228.63197 -948.361576 35105.8884,0,0,0,factor_graph_prior_initial,sequence_factor_graph|prior|initial
1,1302,1,0.96007407,-0.874144616 0.484143167 -0.0384263534 0.0271193905 -0.0303386622 -0.999171709 -0.48490796 -0.874462669 0.0133907106,5187.29496 -1118.05904 40772.8958,0,0,0,factor_graph_prior_initial,sequence_factor_graph|prior|initial
1,1303,1,0.954484157,-0.303431189 0.952257594 -0.033689586 0.0193235016 -0.0291996355 -0.999386804 -0.952657397 -0.303896127 -0.00954087099,4453.52936 -810.877204 37450.3517,0,0,0,factor_graph_prior_initial,sequence_factor_graph|prior|initial
1,1304,1,1,-0.875790633 0.481287773 0.0367810693 -0.0433973926 -0.00261951123 -0.999054455 -0.480736345 -0.876558736 0.0231807778,4930.88531 -903.331518 39147.9721,0,0,0,factor_graph_prior_initial,sequence_factor_graph|prior|initial
1,1305,1,0.798574288,-0.258034583 0.964207517 0.0610083494 0.0253214332 0.069874407 -0.997234372 -0.965803799 -0.255776137 -0.0424451297,4334.14793 -972.783089 35401.6342,0,0,0,factor_graph_prior_initial,sequence_factor_graph|prior|initial
1,1306,1,0.762776235,-0.515761976 0.853105196 0.0787471155 -0.00345813111 0.0898419328 -0.995950033 -0.856724942 -0.513945475 -0.0433869032,4078.61853 -960.937977 32452.7321,0,0,0,factor_graph_prior_initial,sequence_factor_graph|prior|initial
1,1307,1,0.88797201,-0.291682029 0.952199121 0.090765791 0.0493231702 0.109738753 -0.992735932 -0.955242806 -0.285086374 -0.0789743015,3805.94563 -996.950924 30497.9362,0,0,0,factor_graph_prior_initial,sequence_factor_graph|prior|initial
1,1308,1,0.914369775,-0.259782366 0.963156118 0.0695946391 0.0634999774 0.0889512347 -0.994009774 -0.963577125 -0.253806953 -0.084268354,3783.39481 -1029.93155 29925.2911,0,0,0,factor_graph_prior_initial,sequence_factor_graph|prior|initial
1,1309,1,0.79103622,-0.267814558 0.961070497 0.0679622091 -0.0628627825 0.0529583053 -0.996616119 -0.961417512 -0.271180599 0.0462325606,3625.68355 -966.951847 28591.383,0,0,0,factor_graph_prior_initial,sequence_factor_graph|prior|initial
1,1310,1,0.992846574,-0.32249656 0.946563159 0.00376232702 0.00945345123 0.00719525892 -0.999929428 -0.946523429 -0.322438234 -0.0112687349,4093.12439 -911.841571 32304.6341,0,0,0,factor_graph_prior_initial,sequence_factor_graph|prior|initial
1,1311,1,0.9525642,-0.309476791 0.949016007 0.0599394282 0.00593529201 0.0649605516 -0.997870181 -0.950888473 -0.308461904 -0.0257364702,4412.22572 -955.907822 34515.9149,0,0,0,factor_graph_prior_initial,sequence_factor_graph|prior|initial
1,1312,1,0.963108824,-0.265118598 0.963980969 0.021279587 0.0508882952 0.036027285 -0.998054315 -0.962872012 -0.263519879 -0.0586068514,4032.41253 -906.312823 32051.3458,0,0,0,factor_graph_prior_initial,sequence_factor_graph|prior|initial
1,1313,1,0.963615269,-0.24513177 0.969330357 0.0175805326 0.0186080652 0.0228346627 -0.999566065 -0.969311176 -0.244698259 -0.0236348637,4054.61359 -936.872661 31560.7471,0,0,0,factor_graph_prior_initial,sequence_factor_graph|prior|initial
1,1314,1,0.966923453,-0.334745054 0.942261968 0.00938787673 0.000447223937 0.0101214962 -0.999948676 -0.942308627 -0.334723675 -0.00380952289,4273.09465 -980.585039 33228.3401,0,0,0,factor_graph_prior_initial,sequence_factor_graph|prior|initial
1,1315,1,0.65243402,-0.199177218 0.979308057 0.0358352627 0.013137791 0.0392331359 -0.999143713 -0.979875418 -0.198535868 -0.0206802914,4081.09379 -1008.39841 31808.9561,0,0,0,factor_graph_prior_initial,sequence_factor_graph|prior|initial
1,1316,1,0.949295789,-0.26303316 0.964713439 0.0118969361 0.0110064268 0.0153308452 -0.999821896 -0.96472401 -0.26285537 -0.0146505685,4033.03909 -951.383233 31216.2819,0,0,0,factor_graph_prior_initial,sequence_factor_graph|prior|initial
1,1317,1,0.921317405,-0.317135993 0.948341345 0.00857060055 -0.031526975 -0.00151001342 -0.999501761 -0.947855903 -0.317248188 0.0303772135,4292.95969 -1037.66227 32525.013,0,0,0,factor_graph_prior_initial,sequence_factor_graph|prior|initial
1,1318,1,1,-0.273663227 0.960794167 0.0445309656 -0.0366512771 0.0358477388 -0.998684947 -0.961127006 -0.274935462 0.0254041254,4377.83289 -1022.41683 32611.557,0,0,0,factor_graph_prior_initial,sequence_factor_graph|prior|initial
1,1319,1,0.967148714,-0.295161528 0.955432914 -0.0052554306 0.0223305058 0.00139935648 -0.999749664 -0.95518638 -0.295204995 -0.0217483364,4480.54314 -1055.01235 33048.5764,0,0,0,factor_graph_prior_initial,sequence_factor_graph|prior|initial
1,1320,1,0.897702025,-0.0286378808 0.999151944 0.0295848544 0.0132978265 0.0299751854 -0.999462183 -0.999501395 -0.0282290646 -0.014144975,4085.94275 -865.089655 30657.0492,0,0,0,factor_graph_prior_initial,sequence_factor_graph|prior|initial
1,1321,1,0.938546741,-0.280727744 0.95967464 0.0147145613 0.0488563473 0.029599476 -0.998367131 -0.958543161 -0.279550453 -0.0551955917,3996.71841 -926.192999 29853.6968,0,0,0,factor_graph_prior_initial,sequence_factor_graph|prior|initial
1,1322,1,0.971689841,0.0847247252 0.996267588 -0.0165110282 0.183424179 -0.0318819209 -0.982516724 -0.979375971 0.0802149377 -0.185440751,4312.57248 -1048.02287 31937.0213,0,0,0,factor_graph_prior_initial,sequence_factor_graph|prior|initial
1,1323,1,0.367879441,-0.24133367 0.970218847 0.0208194471 0.0607682724 0.0365200975 -0.997483584 -0.9685377 -0.239461212 -0.0677720523,4058.07209 -939.418256 30086.2579,0,0,0,factor_graph_prior_initial,sequence_factor_graph|prior|initial
1,1324,1,0.964266409,-0.297812525 0.954446881 0.0184078998 0.00520556645 0.0209062551 -0.999767888 -0.954610183 -0.297647576 -0.0111945813,4397.87102 -1039.08837 32299.0036,0,0,0,factor_graph_prior_initial,sequence_factor_graph|prior|initial
1,1325,1,0.609131704,0.312462929 0.946615207 -0.0792878843 0.117608151 -0.121375078 -0.985614739 -0.942621473 0.298643166 -0.149254876,5192.13247 -1214.48207 37429.1191,0,0,0,factor_graph_prior_initial,sequence_factor_graph|prior|initial
1,1326,1,0.652559159,0.0843105911 0.996208474 0.0214569671 -0.0217777764 0.0233707242 -0.999489639 -0.996201512 0.0838002772 0.023665605,4656.20565 -919.572115 34982.0137,0,0,0,factor_graph_prior_initial,sequence_factor_graph|prior|initial
1,1327,1,0.691612059,-0.649073242 0.758950132 0.0519482791 -0.0373268795 0.0364314955 -0.998638799 -0.759809602 -0.650128789 0.00468253129,5777.71473 -1441.24162 42278.4691,0,0,0,factor_graph_prior_initial,sequence_factor_graph|prior|initial
1,1328,1,0.632677946,0.0290048972 0.985265591 0.168553944 -0.0344963151 0.169511093 -0.984924359 -0.998983844 0.0227531398 0.038904684,4575.57297 -1000.26178 37515.1062,0,0,0,factor_graph_prior_initial,sequence_factor_graph|prior|initial
1,1329,1,0.367879441,-0.679068035 0.733299273 0.0337458172 -0.0391702139 0.0097082973 -0.99918539 -0.733029534 -0.679836691 0.022130895,5174.87717 -1401.08871 40812.6106,0,0,0,factor_graph_prior_initial,sequence_factor_graph|prior|initial
1,1330,1,0.367879441,-0.269370604 0.962762522 -0.0229739951 0.020172791 -0.018209634 -0.999630666 -0.962825289 -0.269734566 -0.014516467,4482.88441 -1121.76752 36571.0106,0,0,0,factor_graph_prior_initial,sequence_factor_graph|prior|initial
1,1331,1,1,-0.318068377 0.947953971 -0.0146893043 0.0261940279 -0.00670121375 -0.999634416 -0.947705851 -0.318336868 -0.0226992886,4295.76492 -1075.19209 34002.2736,0,0,0,factor_graph_prior_initial,sequence_factor_graph|prior|initial
1,1332,1,0.575123979,-0.376391476 0.926349593 0.0143487993 0.0739912472 0.0454949671 -0.99622061 -0.923501355 -0.37390726 -0.0856656796,4285.18963 -1103.29401 33786.5105,0,0,0,factor_graph_prior_initial,sequence_factor_graph|prior|initial
1,1333,1,1,-0.385573357 0.921507786 0.0464390605 0.108836743 0.0954030474 -0.989470981 -0.916235641 -0.376459371 -0.137078779,4011.65915 -1023.44108 32210.5675,0,0,0,factor_graph_prior_initial,sequence_factor_graph|prior|initial
1,1334,1,0.887076337,-0.418787271 0.908005768 0.0119476748 0.0568295392 0.0393374055 -0.997608627 -0.906304378 -0.417106813 -0.0680755541,4165.7033 -1034.15656 33204.9026,0,0,0,factor_graph_prior_initial,sequence_factor_graph|prior|initial
1,1335,1,0.428436705,-0.234902562 0.971735373 0.0234766271 0.0558425759 0.0376037847 -0.997731207 -0.970413516 -0.233058622 -0.0630974317,3993.75677 -1229.13623 32571.0297,0,0,0,factor_graph_prior_initial,sequence_factor_graph|prior|initial
1,1336,1,0.614837435,-0.279437569 0.959213664 0.0427058709 0.0100401323 0.0473943578 -0.998825796 -0.960111369 -0.278680679 -0.0228743962,3713.85431 -909.587204 29129.7874,0,0,0,factor_graph_prior_initial,sequence_factor_graph|prior|initial
1,1337,1,0.883138743,-0.219776432 0.975007285 0.0325440396 -0.052259474 0.0215450741 -0.9984011 -0.97414951 -0.221125766 0.0462182684,3892.75193 -1208.41312 30233.2325,0,0,0,factor_graph_prior_initial,sequence_factor_graph|prior|initial
1,1338,1,0.655867648,-0.392849544 0.918677402 0.0412439951 0.0197062979 0.0532494534 -0.998386778 -0.919391591 -0.391403024 -0.039022754,3687.03747 -1252.06339 30099.5293,0,0,0,factor_graph_prior_initial,sequence_factor_graph|prior|initial
1,1339,1,0.679337314,0.377265188 0.924181244 -0.059665788 0.0275558494 -0.0756000822 -0.996757394 -0.925695227 0.374397725 -0.0539878785,3985.65245 -1255.96595 30429.0619,0,0,0,factor_graph_prior_initial,sequence_factor_graph|prior|initial
1,1340,1,0.640169801,0.435113129 0.895805485 0.0906040686 0.0680604414 0.067617511 -0.995387185 -0.897799722 0.439272586 -0.0315476499,3919.09504 -900.784612 33024.6391,0,0,0,factor_graph_prior_initial,sequence_factor_graph|prior|initial
1,1341,1,0.589003358,0.852964065 0.501447928 0.14492163 0.179190746 -0.0205372401 -0.983599969 -0.490247876 0.864944043 -0.107372356,5517.24291 -1159.71386 44169.4336,0,0,0,factor_graph_prior_initial,sequence_factor_graph|prior|initial
1,1342,1,0.876033745,0.67439775 0.716311263 0.179125234 0.113352909 0.139280795 -0.983743858 -0.72961551 0.683739011 0.0127346899,6249.88413 -1406.65245 48120.5444,0,0,0,factor_graph_prior_initial,sequence_factor_graph|prior|initial
1,1343,1,0.367879441,-0.235944241 0.971723851 0.00911438474 -0.0483158122 -0.00236293776 -0.998829314 -0.970564731 -0.236108393 0.0475071487,4427.03819 -767.094135 39747.261,0,0,0,factor_graph_prior_initial,sequence_factor_graph|prior|initial
1,1344,1,0.562824869,-0.628282658 0.777318123 0.0322092693 0.00186768199 0.0429077629 -0.999077292 -0.777982913 -0.62764278 -0.0284099864,5066.17546 -1020.65527 42155.3726,0,0,0,factor_graph_prior_initial,sequence_factor_graph|prior|initial
1,1345,1,0.632153298,-0.321952296 0.945537697 0.0480123142 -0.0207089251 0.0436671377 -0.998831478 -0.946529376 -0.322570371 0.00552233413,4412.44459 -808.24703 37108.9325,0,0,0,factor_graph_prior_initial,sequence_factor_graph|prior|initial
1,1346,1,0.70243495,-0.419505364 0.90546947 0.0643450705 0.00770397615 0.0744326855 -0.997196282 -0.907720165 -0.417833476 -0.038200626,4349.94841 -887.595594 35764.267,0,0,0,factor_graph_prior_initial,sequence_factor_graph|prior|initial
1,1347,1,1,-0.309633486 0.949961566 0.0412326006 0.0134222065 0.0477259947 -0.998770281 -0.950761247 -0.308699291 -0.0275281465,4234.03454 -807.097077 33597.6982,0,0,0,factor_graph_prior_initial,sequence_factor_graph|prior|initial
1,1348,1,0.524406693,-0.406794991 0.911149044 0.065766671 0.0216147677 0.0815726694 -0.996432989 -0.913263728 -0.403922417 -0.0528776282,4533.041 -1014.69445 36322.3534,0,0,0,factor_graph_prior_initial,sequence_factor_graph|prior|initial
1,1349,1,0.561749569,-0.413059454 0.906229958 0.0901618073 0.0158263414 0.106130301 -0.994226275 -0.910566535 -0.409247631 -0.0581804287,4550.17042 -1033.82266 36458.4503,0,0,0,factor_graph_prior_initial,sequence_factor_graph|prior|initial
1,1350,1,0.5736907,-0.404497902 0.913086679 0.0515185824 -0.0095852012 0.0520969795 -0.998596029 -0.914488694 -0.404423814 -0.0123209994,4472.10217 -1095.46781 36358.5396,0,0,0,factor_graph_prior_initial,sequence_factor_graph|prior|initial
1,1351,1,0.743329182,-0.433356753 0.899742224 0.0516319234 -0.0141081491 0.0505111431 -0.998623845 -0.901112027 -0.433488818 -0.00919564747,4434.76486 -1077.60525 35451.1719,0,0,0,factor_graph_prior_initial,sequence_factor_graph|prior|initial
1,1352,1,1,-0.42567122 0.903229099 0.0546004328 0.0164311766 0.0680456059 -0.997546897 -0.904728705 -0.423729855 -0.0438061729,4452.04782 -1069.88895 35638.7672,0,0,0,factor_graph_prior_initial,sequence_factor_graph|prior|initial
1,1353,1,0.490903003,-0.435614078 0.896624243 0.0794061863 -0.0305000264 0.0734625967 -0.996831478 -0.899616653 -0.436655716 -0.00465427826,4512.8746 -1058.1733 36266.5863,0,0,0,factor_graph_prior_initial,sequence_factor_graph|prior|initial
1,1354,1,0.50477607,-0.304086489 0.947831992 0.0956343132 -0.0262351546 0.0920181586 -0.995411661 -0.952283111 -0.305200218 -0.00311495987,4582.96347 -1311.50997 36598.6137,0,0,0,factor_graph_prior_initial,sequence_factor_graph|prior|initial
1,1355,1,0.367879441,-0.431170279 0.900692856 0.0533345063 0.0269291471 0.071931295 -0.997045992 -0.901868622 -0.428460346 -0.0552695269,4474.80774 -1149.77729 36570.7054,0,0,0,factor_graph_prior_initial,sequence_factor_graph|prior|initial
1,1356,1,0.632290659,-0.867825412 0.496732233 0.0116680742 -0.00464399806 0.0153732524 -0.99987104 -0.49684755 -0.867767683 -0.0110344756,5198.17162 -1289.00313 41988.0867,0,0,0,factor_graph_prior_initial,sequence_factor_graph|prior|initial
1,1357,1,0.513184127,-0.398015402 0.910495261 0.112170049 -0.00465608219 0.120265832 -0.992730805 -0.917366917 -0.395644423 -0.0436283127,4619.40193 -1036.37612 39022.9683,0,0,0,factor_graph_prior_initial,sequence_factor_graph|prior|initial
1,1358,1,0.540590056,-0.407065574 0.908743671 0.0921008129 -0.0440747843 0.0811733366 -0.995725014 -0.912334934 -0.409384697 0.00700981047,4457.62539 -1034.58953 37399.0402,0,0,0,factor_graph_prior_initial,sequence_factor_graph|prior|initial
1,1359,1,0.589017764,-0.419837029 0.905964677 0.0544506537 -0.00520645585 0.0575890925 -0.998326795 -0.907584576 -0.41941805 -0.0194611684,4497.86472 -1052.21117 37275.8598,0,0,0,factor_graph_prior_initial,sequence_factor_graph|prior|initial
1,1360,1,0.367879441,-0.346367836 0.93682469 -0.0488755819 0.011887945 -0.04771315 -0.998790334 -0.938023453 -0.346529877 0.00538938012,4049.87526 -987.270355 33778.5301,0,0,0,factor_graph_prior_initial,sequence_factor_graph|prior|initial
1,1361,1,1,0.0142401133 0.999174226 0.0380537205 -0.00625631406 0.0381458695 -0.999252596 -0.999879032 0.0139913942 0.00679434926,3778.08046 -839.680552 31516.1705,0,0,0,factor_graph_prior_initial,sequence_factor_graph|prior|initial
1,1362,1,1,-0.279981726 0.959140275 0.0407451393 -0.0445937803 0.0294029238 -0.998572412 -0.958969044 -0.281399007 0.0345394093,3933.81953 -857.726574 32643.5318,0,0,0,factor_graph_prior_initial,sequence_factor_graph|prior|initial
1,1363,1,0.464952499,-0.303416941 0.952779856 -0.0121944958 -0.0515709551 -0.029199362 -0.998242372 -0.951461295 -0.302254765 0.0579953483,3844.29145 -944.682896 31927.7725,0,0,0,factor_graph_prior_initial,sequence_factor_graph|prior|initial
1,1364,1,0.640676523,-0.858268272 0.512847075 -0.0190643994 0.0369353628 0.0246757146 -0.999012957 -0.511870445 -0.858125275 -0.0401205757,4958.83942 -1342.11648 41755.2795,0,0,0,factor_graph_prior_initial,sequence_factor_graph|prior|initial
1,1365,1,0.649954147,-0.321857154 0.946651792 0.0160735117 0.014262485 0.0218227353 -0.999660117 -0.946680809 -0.321518512 -0.0205254104,4356.1058 -1226.02665 38261.3487,0,0,0,factor_graph_prior_initial,sequence_factor_graph|prior|initial
1,1366,1,0.449186222,-0.825344809 0.529604532 0.195767681 0.0346108562 0.393521133 -0.918663816 -0.56356724 -0.751438725 -0.343120691,5012.56418 -1691.19859 44547.5998,0,0,0,factor_graph_prior_initial,sequence_factor_graph|prior|initial
1,1367,1,0.542745754,-0.86796751 0.496280564 0.0183848556 -0.0273135095 -0.0107405035 -0.999569214 -0.495869311 -0.868095757 0.022877572,4910.78758 -1192.5503 41517.231,0,0,0,factor_graph_prior_initial,sequence_factor_graph|prior|initial
1,1368,1,0.507173101,-0.30778885 0.951451128 -0.00260293135 0.0221210161 0.00442096605 -0.999745525 -0.9511975 -0.307768105 -0.0224077898,4161.34739 -1025.71201 37078.0411,0,0,0,factor_graph_prior_initial,sequence_factor_graph|prior|initial
1,1369,1,0.476537993,-0.898678901 0.437473176 0.0315190964 -0.0241985264 0.0222992457 -0.999458441 -0.43793911 -0.898954929 -0.00945365546,4867.02442 -1290.78984 40264.6484,0,0,0,factor_graph_prior_initial,sequence_factor_graph|prior|initial
1,1370,1,0.607080339,-0.869861532 0.493223362 0.00846344799 -0.00112292079 0.0151770634 -0.999884191 -0.493294693 -0.869770298 -0.0126480929,4947.72005 -1291.65876 40019.4473,0,0,0,factor_graph_prior_initial,sequence_factor_graph|prior|initial
1,1371,1,0.743547568,-0.876670529 0.475255063 0.0747088199 -0.0415082301 0.0799902894 -0.995931032 -0.479297246 -0.876204416 -0.0503981328,4924.00503 -1285.40421 39455.6808,0,0,0,factor_graph_prior_initial,sequence_factor_graph|prior|initial
1,1372,1,0.44994485,-0.276084573 0.959276693 0.05971209 0.0586056 0.0788130266 -0.995165258 -0.959344929 -0.271250313 -0.077978047,4302.75345 -1050.34518 36128.7498,0,0,0,factor_graph_prior_initial,sequence_factor_graph|prior|initial
1,1373,1,0.396177247,-0.344063529 0.938755734 0.0189198322 0.0329397285 0.0322055073 -0.998938326 -0.938368405 -0.343075031 -0.0420030995,3913.58352 -1033.94568 33253.1281,0,0,0,factor_graph_prior_initial,sequence_factor_graph|prior|initial
1,1374,1,0.694505572,-0.307937406 0.950374429 0.0443057431 0.0568916804 0.0648792305 -0.996270055 -0.949704107 -0.304268188 -0.0740471402,3775.07734 -980.77935 32195.3125,0,0,0,factor_graph_prior_initial,sequence_factor_graph|prior|initial
1,1375,1,0.92025739,-0.88071001 0.469821099 0.0601499275 -0.0502057827 0.0336791396 -0.998170875 -0.470987535 -0.882118955 -0.00607381942,4224.41864 -1040.86399 33005.7602,0,0,0,factor_graph_prior_initial,sequence_factor_graph|prior|initial
1,1376,1,0.503727637,-0.277948946 0.957346293 -0.0789459179 0.0348362239 -0.0720844785 -0.996789981 -0.959963969 -0.279806902 -0.013314525,3954.38147 -1022.57383 31480.442,0,0,0,factor_graph_prior_initial,sequence_factor_graph|prior|initial
1,1377,1,0.510947534,-0.2828733 0.954482174 0.0945858128 0.0509833148 0.113436684 -0.992236272 -0.957801335 -0.27585485 -0.0807508742,3615.36884 -875.530422 29064.6324,0,0,0,factor_graph_prior_initial,sequence_factor_graph|prior|initial
1,1378,1,0.743902793,-0.324981701 0.945419095 -0.0238668975 0.0685866914 -0.0016090686 -0.997643863 -0.943229961 -0.325852951 -0.0643202498,3653.75209 -918.717325 29884.676,0,0,0,factor_graph_prior_initial,sequence_factor_graph|prior|initial
1,1379,1,0.901248714,-0.312563296 0.948522559 0.0510797613 0.122160665 0.0934662349 -0.988099608 -0.942009001 -0.302603732 -0.145086261,3712.08954 -896.971703 30388.4583,0,0,0,factor_graph_prior_initial,sequence_factor_graph|prior|initial
1,1380,1,0.430117173,-0.334191943 0.941992897 0.0310664921 0.00399480077 0.0343770236 -0.999400951 -0.942496571 -0.333867641 -0.0152515982,3866.09626 -925.900638 31363.5559,0,0,0,factor_graph_prior_initial,sequence_factor_graph|prior|initial
1,1381,1,0.516050501,-0.28266827 0.958270094 0.0426271704 0.0477255143 0.0584346336 -0.997149773 -0.95802971 -0.279828197 -0.0622515499,3772.98856 -842.507303 30456.6326,0,0,0,factor_graph_prior_initial,sequence_factor_graph|prior|initial
1,1382,1,0.509198686,-0.313068683 0.949602199 0.0156096957 -0.00150393779 0.0159402105 -0.999871816 -0.949729297 -0.313052029 -0.00356223806,3784.32369 -792.651534 30856.4892,0,0,0,factor_graph_prior_initial,sequence_factor_graph|prior|initial
1,1383,1,0.590254086,-0.300705217 0.953543709 0.0181870064 -0.0159737392 0.0140313532 -0.999773955 -0.953583354 -0.300927759 0.0110123574,3957.14593 -847.674668 32006.4087,0,0,0,factor_graph_prior_initial,sequence_factor_graph|prior|initial
1,1384,1,0.986218587,-0.260606044 0.965301307 -0.0166696179 0.0341418384 -0.00804079593 -0.999384651 -0.964841347 -0.261014812 -0.0308616812,3976.90368 -838.740468 32234.9739,0,0,0,factor_graph_prior_initial,sequence_factor_graph|prior|initial
1,1385,1,0.611838141,-0.311175502 0.948920344 0.0521534958 0.00529440456 0.0566081479 -0.998382435 -0.950337717 -0.310396033 -0.022639037,4003.48043 -910.27087 32667.3012,0,0,0,factor_graph_prior_initial,sequence_factor_graph|prior|initial
1,1386,1,0.95570555,-0.301177869 0.95267826 0.0411828151 0.0117700935 0.0468988713 -0.998830296 -0.953495336 -0.300340854 -0.0253380143,3856.67968 -908.600509 32032.5813,0,0,0,factor_graph_prior_initial,sequence_factor_graph|prior|initial
1,1387,1,1,-0.281743322 0.955224567 0.0903699425 -0.0214764549 0.0878835301 -0.995899215 -0.959249427 -0.282528779 -0.00424576035,3928.60174 -838.472426 32238.3575,0,0,0,factor_graph_prior_initial,sequence_factor_graph|prior|initial
1,1388,1,0.993025412,-0.316169739 0.948276234 -0.0284408292 0.00767472908 -0.0274211023 -0.999594509 -0.948671595 -0.31625981 0.00139195957,4014.78958 -921.799004 32693.6798,0,0,0,factor_graph_prior_initial,sequence_factor_graph|prior|initial
1,1389,1,0.489626537,-0.0444401278 0.993238524 0.107248818 -0.00738026817 0.107025543 -0.99422888 -0.998984788 -0.0449751835 0.00257413788,3448.30155 -697.231472 29296.8197,0,0,0,factor_graph_prior_initial,sequence_factor_graph|prior|initial
1,1390,1,1,0.0206222362 0.997903635 0.0613437807 0.0181928574 0.0609721196 -0.997973657 -0.9996218 0.0216964671 -0.016897337,3500.82421 -726.933181 29809.864,0,0,0,factor_graph_prior_initial,sequence_factor_graph|prior|initial
1,1391,1,1,-0.328011857 0.943256963 0.0517157955 0.00928387731 0.0579607104 -0.998275696 -0.944627986 -0.326966142 -0.0277688821,3868.13545 -859.005868 32149.8375,0,0,0,factor_graph_prior_initial,sequence_factor_graph|prior|initial
1,1392,1,0.592526698,-0.00374457619 0.999932651 0.010985019 -0.0497655989 0.0107851434 -0.998702691 -0.998753905 -0.00428639437 0.0497218615,3761.74331 -885.616183 31612.2341,0,0,0,factor_graph_prior_initial,sequence_factor_graph|prior|initial
1,1393,1,0.936854533,-0.259155331 0.965835625 -0.000246388446 0.0336219525 0.00876657305 -0.999396173 -0.965250267 -0.25900713 -0.0347451836,3760.78916 -947.409809 31794.3249,0,0,0,factor_graph_prior_initial,sequence_factor_graph|prior|initial
1,1394,1,0.968919428,-0.00766019111 0.998426024 0.0555589501 0.135751977 0.0560845277 -0.989154147 -0.990713239 -3.48725083e-05 -0.135967925,3648.71836 -881.332636 31771.4367,0,0,0,factor_graph_prior_initial,sequence_factor_graph|prior|initial
1,1395,1,0.935409531,0.0200248284 0.999233685 0.0336310762 0.0768632493 0.0319996577 -0.996528004 -0.996840532 0.022540296 -0.0761635602,3606.96125 -901.05778 31945.0817,0,0,0,factor_graph_prior_initial,sequence_factor_graph|prior|initial
1,1396,1,0.678240339,0.141765814 0.981249488 0.130582911 0.0916913671 0.118331537 -0.988731683 -0.985644534 0.152141678 -0.0731967403,3931.9942 -998.116791 34027.8587,0,0,0,factor_graph_prior_initial,sequence_factor_graph|prior|initial
1,1397,1,0.711245599,0.233509074 0.969713316 -0.0716212001 0.131224153 -0.104411273 -0.985838987 -0.963459254 0.220803918 -0.151630788,4309.88312 -1131.66904 36622.3984,0,0,0,factor_graph_prior_initial,sequence_factor_graph|prior|initial
1,1398,1,0.878136835,0.53484963 0.837285156 -0.113531673 0.157057349 -0.230539185 -0.960304469 -0.830222177 0.495787506 -0.254805585,5006.36625 -1451.40028 42137.989,0,0,0,factor_graph_prior_initial,sequence_factor_graph|prior|initial
1,1399,1,0.660345146,0.246483566 0.967574531 -0.0551849439 0.107471232 -0.0838794323 -0.990663502 -0.963169656 0.238251479 -0.124661329,4597.54562 -1174.7936 39447.3991,0,0,0,factor_graph_prior_initial,sequence_factor_graph|prior|initial
1,1400,1,0.603174942,0.194955918 0.980315376 -0.0312082299 0.17226729 -0.0655483593 -0.982866926 -0.965565208 0.186239566 -0.181655314,4167.08469 -1040.65204 37332.4966,0,0,0,factor_graph_prior_initial,sequence_factor_graph|prior|initial
1,1401,1,0.958546715,-0.583156842 0.812359565 -0.000187814354 -0.00178672236 -0.00151380406 -0.999997258 -0.812357622 -0.583154907 0.00233424619,3975.88205 -1079.7683 36716.5604,0,0,0,factor_graph_prior_initial,sequence_factor_graph|prior|initial
1,1402,1,0.621393988,-0.545079476 0.834828299 0.0771367329 -0.06660411 0.0485963113 -0.99659535 -0.835734562 -0.548361294 0.029114144,4126.9474 -1083.44305 37226.5587,0,0,0,factor_graph_prior_initial,sequence_factor_graph|prior|initial
1,1403,1,0.974553838,-0.391929028 0.916257308 0.0828503654 0.00740012892 0.0931920102 -0.995620654 -0.919965692 -0.389599532 -0.0433050761,3555.74942 -820.225894 33216.7587,0,0,0,factor_graph_prior_initial,sequence_factor_graph|prior|initial
1,1404,1,0.663371271,-0.866208565 0.498823141 0.0292949957 -0.0532712234 -0.0338946733 -0.998004673 -0.496834881 -0.866040776 0.0559327753,4329.69856 -1175.57943 39248.6687,0,0,0,factor_graph_prior_initial,sequence_factor_graph|prior|initial
1,1405,1,0.367879441,-0.880786768 0.473508092 0.00218061044 -0.0222697835 -0.036823743 -0.999073605 -0.472989139 -0.880019374 0.0429787883,5273.1328 -1363.54744 45253.2272,0,0,0,factor_graph_prior_initial,sequence_factor_graph|prior|initial
1,1406,1,0.623785898,-0.672885593 0.739746191 -0.000742700041 0.0258053939 0.0224696157 -0.999414428 -0.739296327 -0.672510736 -0.0342089225,5273.91958 -1302.42419 44752.0027,0,0,0,factor_graph_prior_initial,sequence_factor_graph|prior|initial
1,1407,1,0.983819325,-0.514736033 0.857348257 -0.000884524279 0.0183913272 0.010010341 -0.999780752 -0.857151431 -0.514639446 -0.0209204555,5467.98277 -1375.50521 44647.6021,0,0,0,factor_graph_prior_initial,sequence_factor_graph|prior|initial
1,1408,1,0.98954838,-0.275228233 0.959825225 -0.0546347678 0.0124298 -0.0532721253 -0.998502669 -0.961298559 -0.275495225 0.00273155731,4259.86385 -944.765627 38153.5378,0,0,0,factor_graph_prior_initial,sequence_factor_graph|prior|initial
1,1409,1,0.483482026,-0.448910349 0.889996271 0.0799132999 -0.0325943314 0.0730623446 -0.996794614 -0.892982143 -0.450076139 -0.00378960922,4479.38108 -1150.03121 38279.9339,0,0,0,factor_graph_prior_initial,sequence_factor_graph|prior|initial
1,1410,1,0.850508163,-0.993425648 0.0490453421 0.103440978 -0.0894463857 0.231397079 -0.968738735 -0.0714480629 -0.971622327 -0.225488864,4428.76291 -1444.02885 39786.1137,0,0,0,factor_graph_prior_initial,sequence_factor_graph|prior|initial
1,1411,1,0.569694824,-0.957447638 0.270883343 0.099580297 -0.109397647 -0.0213476618 -0.993768802 -0.267069609 -0.962375442 0.0500732687,3874.04871 -1201.16663 36088.0661,0,0,0,factor_graph_prior_initial,sequence_factor_graph|prior|initial
1,1412,1,0.849491227,-0.999300482 0.00177107762 0.0373551732 -0.0346234145 0.333699081 -0.942043599 -0.0141338193 -0.942677987 -0.333404332,4501.48439 -1609.007 40043.2816,0,0,0,factor_graph_prior_initial,sequence_factor_graph|prior|initial
1,1413,1,0.783374429,-0.998654484 0.0323798102 0.0405064195 -0.0329723843 0.206412243 -0.977909407 -0.0400255418 -0.977929207 -0.205066872,4079.50068 -1454.4673 38317.4591,0,0,0,factor_graph_prior_initial,sequence_factor_graph|prior|initial
1,1414,1,1,-0.923679884 0.377639687 0.0648362429 -0.0641547964 0.0143985069 -0.997836081 -0.37775605 -0.925840672 0.010927786,4227.66399 -1408.80656 38287.7846,0,0,0,factor_graph_prior_initial,sequence_factor_graph|prior|initial
1,1415,1,0.988876188,-0.269165009 0.962764221 0.025204234 0.0540624933 0.0412329818 -0.997685866 -0.961575501 -0.267179522 -0.0631479102,4347.64767 -1078.51076 34701.4694,0,0,0,factor_graph_prior_initial,sequence_factor_graph|prior|initial
1,1416,1,0.521994711,-0.0882882618 0.995435551 0.0362387345 0.0866254933 0.0439158832 -0.995272535 -0.992321121 -0.0847316839 -0.0901073527,4129.5433 -967.312276 31003.0937,0,0,0,factor_graph_prior_initial,sequence_factor_graph|prior|initial
1,1417,1,1,-0.264407699 0.960292801 -0.0890297967 0.0168889893 -0.0876904497 -0.996004592 -0.964263103 -0.264854905 0.00696765517,4175.76218 -974.328101 30650.7721,0,0,0,factor_graph_prior_initial,sequence_factor_graph|prior|initial
1,1418,1,0.956951837,-0.393043602 0.913532381 0.104763141 0.0735026499 0.144781575 -0.986729779 -0.916577377 -0.380127458 -0.124052522,4370.12577 -1125.67472 32368.0687,0,0,0,factor_graph_prior_initial,sequence_factor_graph|prior|initial
1,1419,1,0.467600499,-0.411258873 0.905811413 0.101842151 0.0735666967 0.144347519 -0.986788597 -0.908545035 -0.398333375 -0.126001751,4673.98119 -1216.3713 34871.4523,0,0,0,factor_graph_prior_initial,sequence_factor_graph|prior|initial
1,1420,1,0.508952469,-0.878307956 0.477534034 0.0231598958 -0.0177604834 0.0158191247 -0.99971712 -0.477765319 -0.878470831 -0.0054128278,5605.12638 -1497.33651 40986.2976,0,0,0,factor_graph_prior_initial,sequence_factor_graph|prior|initial
1,1421,1,0.998117316,-0.279067869 0.959978918 0.0236981442 0.00948709798 0.0274336256 -0.999578607 -0.960224515 -0.278725445 -0.0167632575,4608.01649 -1065.91082 35830.78,0,0,0,factor_graph_prior_initial,sequence_factor_graph|prior|initial
1,1422,1,0.952386914,0.0386435767 0.999154716 0.014018816 0.0804440213 0.0108730975 -0.996699822 -0.996009756 0.0396437759 -0.0799558479,4195.33682 -909.15066 32307.869,0,0,0,factor_graph_prior_initial,sequence_factor_graph|prior|initial
1,1423,1,0.883338103,-0.215511426 0.976455433 -0.00946640181 0.0678315256 0.00529876034 -0.997682719 -0.974142551 -0.215654146 -0.0673764051,4342.1936 -982.034981 32084.1751,0,0,0,factor_graph_prior_initial,sequence_factor_graph|prior|initial
1,1424,1,1,-0.278435058 0.959971385 0.0304771718 -0.00269953839 0.0309496874 -0.999517298 -0.960451264 -0.278382931 -0.00602599839,4387.09068 -962.154925 32304.5158,0,0,0,factor_graph_prior_initial,sequence_factor_graph|prior|initial
1,1425,1,0.675847564,-0.681687161 0.723494921 0.108893128 0.000195469758 0.149013622 -0.988835124 -0.731643749 -0.674054923 -0.101722094,4309.67093 -1010.80036 31982.4944,0,0,0,factor_graph_prior_initial,sequence_factor_graph|prior|initial
1,1426,1,1,-0.73565643 0.659830169 0.15308091 -0.046467233 0.176304594 -0.983238265 -0.675759139 -0.730438798 -0.099039126,4034.19209 -890.667319 31065.3152,0,0,0,factor_graph_prior_initial,sequence_factor_graph|prior|initial
1,1427,1,0.70877415,-0.95032148 0.311269697 -0.000511063602 0.000384116021 -0.000469142367 -0.999999816 -0.311269879 -0.950321501 0.000326272391,4835.58559 -1123.08979 34233.9706,0,0,0,factor_graph_prior_initial,sequence_factor_graph|prior|initial
1,1428,1,0.860774203,-0.827356455 0.556369125 -0.0770369618 0.0504604428 -0.0629742818 -0.996738674 -0.559405971 -0.828545495 0.0240275462,4849.7324 -1238.91592 34225.5936,0,0,0,factor_graph_prior_initial,sequence_factor_graph|prior|initial
1,1429,1,0.916852095,-0.86135899 0.507711162 -0.0170313528 -0.0242219455 -0.0745359953 -0.996924111 -0.507418948 -0.858297012 0.0765000017,4755.47028 -1091.21037 34647.213,0,0,0,factor_graph_prior_initial,sequence_factor_graph|prior|initial
1,1430,1,0.891281328,-0.568123975 0.821856009 -0.04228297 0.208185014 0.0938231051 -0.97357908 -0.796174697 -0.561916298 -0.22440126,5273.8328 -1119.22312 39291.6451,0,0,0,factor_graph_prior_initial,sequence_factor_graph|prior|initial
1,1431,1,1,-0.311841959 0.950114178 0.00613519168 -0.033218521 -0.0044491323 -0.99943821 -0.949553117 -0.311870572 0.0329488139,4613.77478 -808.120012 36367.8818,0,0,0,factor_graph_prior_initial,sequence_factor_graph|prior|initial
1,1432,1,1,-0.286611099 0.958001366 -0.00935206753 -0.0170485835 -0.0148600924 -0.999744229 -0.957895309 -0.286378353 0.0205916336,4201.06173 -664.101243 33455.5511,0,0,0,factor_graph_prior_initial,sequence_factor_graph|prior|initial
1,1433,1,0.662274629,-0.397362786 0.916827599 0.0391148338 0.050758652 0.0645185761 -0.99662476 -0.916256719 -0.394036175 -0.0721742142,4173.91443 -705.162525 33491.2605,0,0,0,factor_graph_prior_initial,sequence_factor_graph|prior|initial
1,1434,1,0.880124566,-0.534445824 0.840965627 0.0845249961 0.0268287991 0.116834763 -0.992788927 -0.844776821 -0.528324192 -0.085003949,4769.44447 -945.696712 38816.5398,0,0,0,factor_graph_prior_initial,sequence_factor_graph|prior|initial
1,1435,1,0.367879441,-0.280386572 0.959882472 0.00300167943 -0.00822291558 0.000725070066 -0.999965928 -0.959851944 -0.280401701 0.00768973262,3984.40528 -756.734431 33895.0996,0,0,0,factor_graph_prior_initial,sequence_factor_graph|prior|initial
1,1436,1,0.673031347,-0.293596439 0.953686529 0.065445662 -0.00731805074 0.0662185177 -0.997778309 -0.955901447 -0.293423093 -0.0124623946,3823.81845 -727.687061 31324.5888,0,0,0,factor_graph_prior_initial,sequence_factor_graph|prior|initial
1,1437,1,1,-0.269905429 0.962772665 0.0148275028 0.00760071619 0.0175288222 -0.999817468 -0.962856837 -0.269743463 -0.0120488861,4087.34035 -811.753631 32554.9812,0,0,0,factor_graph_prior_initial,sequence_factor_graph|prior|initial
1,1438,1,0.479456786,-0.424713906 0.904623491 0.0356992619 0.0390039794 0.057679411 -0.997572942 -0.90448703 -0.422290687 -0.0597811639,4062.75177 -887.226582 32731.3652,0,0,0,factor_graph_prior_initial,sequence_factor_graph|prior|initial
1,1439,1,0.579706641,-0.0541730665 0.998525467 -0.00348864645 -0.0345546599 -0.00536635757 -0.999388402 -0.997933492 -0.0540193854 0.03479442,4030.44796 -976.203322 31426.1322,0,0,0,factor_graph_prior_initial,sequence_factor_graph|prior|initial
1,1440,1,0.824000095,0.187023682 0.977315772 0.0993781849 -0.0690034346 0.113982967 -0.991083452 -0.97992891 0.178498641 0.0887556591,4738.88731 -1168.60449 37230.7663,0,0,0,factor_graph_prior_initial,sequence_factor_graph|prior|initial
1,1441,1,0.971617731,0.0459449296 0.998929067 -0.00545730763 0.0308748356 -0.00688048736 -0.999499576 -0.998466729 0.0457534442 -0.0311578943,4401.74675 -988.295734 34973.526,0,0,0,factor_graph_prior_initial,sequence_factor_graph|prior|initial
1,1442,1,0.535169362,0.322476001 0.944976497 0.0550331572 0.0600540259 0.0375976189 -0.997486808 -0.944670706 0.324970519 -0.0446253132,4668.01071 -1103.48928 37117.7444,0,0,0,factor_graph_prior_initial,sequence_factor_graph|prior|initial
1,1443,1,0.652853498,0.289238841 0.950850043 0.11056712 -0.0364636752 0.126364186 -0.991313519 -0.956562227 0.28269469 0.0712209179,5291.99028 -1402.8995 40553.8063,0,0,0,factor_graph_prior_initial,sequence_factor_graph|prior|initial
1,1444,1,0.916057372,0.205412022 0.978511779 -0.0179053128 0.0974611274 -0.038656981 -0.994488294 -0.973810675 0.202534779 -0.10330747,5225.75426 -1247.64252 40407.8598,0,0,0,factor_graph_prior_initial,sequence_factor_graph|prior|initial
1,1445,1,0.517816302,-0.643158256 0.765609847 -0.0137484901 -0.00521865699 -0.0223368273 -0.999736881 -0.765715498 -0.64291728 0.0183615701,5333.21714 -1372.66481 42368.5265,0,0,0,factor_graph_prior_initial,sequence_factor_graph|prior|initial
1,1446,1,0.367879441,-0.879090791 0.475953224 0.0258439459 -0.0538502118 -0.0452971914 -0.997521087 -0.473602719 -0.878303303 0.0654505258,5830.82247 -1423.84279 45173.7976,0,0,0,factor_graph_prior_initial,sequence_factor_graph|prior|initial
1,1447,1,1,-0.615225325 0.785827624 0.0630297059 -0.0307198466 0.0559937019 -0.997958414 -0.787752556 -0.615905553 -0.0103082394,5693.00556 -1246.4273 45043.9377,0,0,0,factor_graph_prior_initial,sequence_factor_graph|prior|initial
1,1448,1,0.556824743,-0.434294381 0.89730307 0.0789657522 -0.00959190769 0.0830528529 -0.996498981 -0.900719926 -0.433531341 -0.0274625392,4751.38855 -1030.95579 40397.9378,0,0,0,factor_graph_prior_initial,sequence_factor_graph|prior|initial
1,1449,1,1,-0.285292312 0.956707891 0.0576047528 -0.0322097853 0.050498304 -0.998204614 -0.957899173 -0.286635539 0.0164085779,4257.50589 -885.8549 35537.838,0,0,0,factor_graph_prior_initial,sequence_factor_graph|prior|initial
1,1450,1,0.992329516,-0.306064695 0.9518122 0.0194406564 -0.012272044 0.0164743786 -0.999788974 -0.951931615 -0.306238684 0.00663845556,4088.38034 -883.950651 33480.3963,0,0,0,factor_graph_prior_initial,sequence_factor_graph|prior|initial
1,1451,1,0.378174562,-0.405709494 0.913631135 -0.0260375809 0.0303845251 -0.0149900121 -0.999425875 -0.9134969 -0.406267706 -0.021678658,4082.20816 -915.48419 33285.9955,0,0,0,factor_graph_prior_initial,sequence_factor_graph|prior|initial
1,1452,1,0.664776546,-0.89057727 0.453132343 0.0392836594 -0.023051953 0.0412907275 -0.998881216 -0.454247436 -0.890486471 -0.026326998,4834.6138 -1168.31839 38832.4661,0,0,0,factor_graph_prior_initial,sequence_factor_graph|prior|initial
1,1453,1,0.996465513,-0.285594639 0.957393647 0.0428148094 -0.0421615429 0.0320804003 -0.99859564 -0.957422637 -0.286998699 0.031203203,4338.02748 -977.245569 35350.09,0,0,0,factor_graph_prior_initial,sequence_factor_graph|prior|initial
1,1454,1,1,-0.293420766 0.954514987 0.0529659715 -0.00499618951 0.0538728124 -0.998535306 -0.955970341 -0.293255623 -0.0110384641,4257.4749 -985.637307 34268.3678,0,0,0,factor_graph_prior_initial,sequence_factor_graph|prior|initial
1,1455,1,1,-0.26413917 0.964412359 0.0118026113 0.012100335 0.0155498759 -0.999805873 -0.964408669 -0.263945078 -0.015777044,4187.08658 -943.238258 33233.963,0,0,0,factor_graph_prior_initial,sequence_factor_graph|prior|initial
1,1456,1,1,-0.303404995 0.952801132 0.0107429459 -0.00746081215 0.00889857657 -0.999932574 -0.952832485 -0.303464689 0.00440879769,3990.165 -821.192741 31539.8598,0,0,0,factor_graph_prior_initial,sequence_factor_graph|prior|initial
1,1457,1,1,-0.282740258 0.95916003 0.00836561398 -0.0166411418 0.00381508177 -0.999854248 -0.959052146 -0.282838262 0.0148828408,4024.47557 -782.529294 31848.0186,0,0,0,factor_graph_prior_initial,sequence_factor_graph|prior|initial
1,1458,1,1,-0.279180264 0.960216247 0.00656805095 0.0340723698 0.016741697 -0.999279135 -0.959634021 -0.278755224 -0.0373907944,3843.44578 -688.73924 30308.6739,0,0,0,factor_graph_prior_initial,sequence_factor_graph|prior|initial
1,1459,1,1,-0.271279693 0.96065732 0.0595385764 -0.00607762419 0.0601473009 -0.99817101 -0.962481372 -0.271145378 -0.0104782271,4078.72629 -688.923657 32248.5619,0,0,0,factor_graph_prior_initial,sequence_factor_graph|prior|initial
1,1460,1,0.864049215,-0.340502984 0.939913162 -0.0249191917 0.0665770934 -0.00233440297 -0.997778553 -0.937883366 -0.341405622 -0.0617818152,4129.59051 -871.072531 32622.8943,0,0,0,factor_graph_prior_initial,sequence_factor_graph|prior|initial
1,1461,1,0.475455705,-0.321614649 0.94429145 0.0698403495 0.0416903494 0.0878095913 -0.995264483 -0.945952394 -0.317179968 -0.0676086914,4046.47779 -914.417982 32770.1874,0,0,0,factor_graph_prior_initial,sequence_factor_graph|prior|initial
1,1462,1,0.991520796,-0.299568956 0.951345387 0.072113759 0.0902537851 0.103503699 -0.990525738 -0.949796133 -0.290222222 -0.116869017,4087.84389 -923.33585 33396.7209,0,0,0,factor_graph_prior_initial,sequence_factor_graph|prior|initial
1,1463,1,0.939412285,-0.327718443 0.943874978 0.0412389153 0.03781491 0.0567189824 -0.997673789 -0.944018355 -0.325396655 -0.054280404,4213.12857 -1052.08385 34813.6978,0,0,0,factor_graph_prior_initial,sequence_factor_graph|prior|initial
1,1464,1,0.473126278,0.0292048474 0.99546136 0.0905746 0.0356427531 0.0895185248 -0.99534719 -0.998937771 0.0322972909 -0.0328666086,4156.84795 -930.057287 34728.1189,0,0,0,factor_graph_prior_initial,sequence_factor_graph|prior|initial
1,1465,1,0.824957463,-0.881545373 -0.043510552 0.470089977 -0.0448591382 0.998958521 0.00833855461 -0.469963203 -0.013737017 -0.882579108,4141.29829 -2007.96413 35602.6955,0,0,0,factor_graph_prior_initial,sequence_factor_graph|prior|initial
1,1466,1,0.660229111,-0.664728517 -0.294330115 0.686662786 -0.0373487318 0.931065688 0.362934921 -0.746150836 0.215607208 -0.629898771,3624.36914 -458.81474 31799.305,0,0,0,factor_graph_prior_initial,sequence_factor_graph|prior|initial
1,1467,1,0.764740599,-0.686100684 -0.308264681 0.658967934 -0.0764125014 0.931314729 0.356109541 -0.723482537 0.193973612 -0.662530948,3418.41912 -703.383625 30616.6821,0,0,0,factor_graph_prior_initial,sequence_factor_graph|prior|initial
1,1468,1,0.49214875,-0.447165285 -0.376711757 0.811253019 -0.0883936203 0.921155811 0.379023139 -0.890072905 0.0977763985 -0.445207817,2975.05713 -729.836881 27433.9008,0,0,0,factor_graph_prior_initial,sequence_factor_graph|prior|initial
1,1469,1,0.440517503,-0.682812862 -0.1840851 0.707021408 -0.0399977997 0.975703587 0.215412827 -0.729497616 0.118807348 -0.673585958,3112.78796 -1229.24113 28909.7824,0,0,0,factor_graph_prior_initial,sequence_factor_graph|prior|initial
1,1470,1,0.431422054,-0.282747177 0.958652632 -0.0322360763 -0.000588362816 -0.0337807767 -0.999429094 -0.959194291 -0.282566789 0.0101154548,3959.62358 -1136.80124 32534.3628,0,0,0,factor_graph_prior_initial,sequence_factor_graph|prior|initial
1,1471,1,0.80435383,-0.273802219 0.961727346 -0.0106234151 0.0627027515 0.00682718421 -0.998008895 -0.959739918 -0.273923167 -0.062172249,3879.71616 -1205.14488 30836.0138,0,0,0,factor_graph_prior_initial,sequence_factor_graph|prior|initial
1,1472,1,0.373819812,-0.497753923 0.864876097 0.0650412896 0.0764183857 0.118432621 -0.990017144 -0.863945173 -0.487814566 -0.125042737,4125.55122 -1250.314 32842.3042,0,0,0,factor_graph_prior_initial,sequence_factor_graph|prior|initial
1,1473,1,0.413470764,-0.267775652 0.959985068 -0.082005305 0.076529427 -0.0636523512 -0.995033479 -0.960437112 -0.272721558 -0.0564225573,3935.43959 -997.65265 31678.4973,0,0,0,factor_graph_prior_initial,sequence_factor_graph|prior|initial
1,1474,1,0.419693749,-0.377517689 0.925978635 -0.00663035126 0.0856978858 0.0278074255 -0.99593304 -0.922028344 -0.376550547 -0.0898522064,4102.39029 -1068.07554 33351.9859,0,0,0,factor_graph_prior_initial,sequence_factor_graph|prior|initial
1,1475,1,0.786596737,-0.0273214488 0.991272045 0.128970041 -0.143928501 0.123772943 -0.981817114 -0.98921086 -0.0453871307 0.139290643,3222.4977 -1130.28753 30233.7456,0,0,0,factor_graph_prior_initial,sequence_factor_graph|prior|initial
1,1476,1,1,0.00434531933 0.999141283 0.0412045522 0.211361121 0.0393563628 -0.976615356 -0.977398381 0.0129527459 -0.211008606,3107.29694 -905.387461 28051.1036,0,0,0,factor_graph_prior_initial,sequence_factor_graph|prior|initial
1,1477,1,1,-0.00520931038 0.997945339 0.0638589398 0.263043842 0.0629783483 -0.962726163 -0.964769817 0.0117825615 -0.26283145,3173.75898 -828.854561 28189.6553,0,0,0,factor_graph_prior_initial,sequence_factor_graph|prior|initial
1,1478,1,0.628856729,-0.14219086 0.979832768 0.140390551 0.106225447 0.156117658 -0.982009894 -0.984122916 -0.124719782 -0.126281678,3104.32553 -955.210805 27422.1935,0,0,0,factor_graph_prior_initial,sequence_factor_graph|prior|initial
1,1479,1,0.716807145,-0.796336169 0.453890982 0.399789548 -0.00347994114 0.657519328 -0.753429641 -0.604844274 -0.601374518 -0.522026908,3931.39982 -1179.87597 35533.2413,0,0,0,factor_graph_prior_initial,sequence_factor_graph|prior|initial
1,1480,1,0.53292229,-0.218886639 0.975338554 0.0283433325 -0.0171131486 0.0252059509 -0.999535792 -0.975600215 -0.219270074 0.0111738677,3603.32131 -1655.40814 32837.5587,0,0,0,factor_graph_prior_initial,sequence_factor_graph|prior|initial
1,1481,1,0.892886428,-0.660833643 0.708497921 -0.247648121 0.11441656 -0.231006481 -0.96620125 -0.741759898 -0.666833338 0.0715929595,4087.7142 -1635.84268 35113.8802,0,0,0,factor_graph_prior_initial,sequence_factor_graph|prior|initial
1,1482,1,0.728374784,-0.232336304 0.972603923 -0.00783908232 -0.0377527516 -0.0170713742 -0.99914128 -0.971902553 -0.231840845 0.0406847743,4035.57539 -1805.32444 33020.0958,0,0,0,factor_graph_prior_initial,sequence_factor_graph|prior|initial
1,1483,1,0.704676628,-0.237393884 0.971272216 0.0165658014 0.0674328368 0.0334889889 -0.997161622 -0.96907015 -0.235602992 -0.073445722,4069.62633 -1906.89158 32594.0437,0,0,0,factor_graph_prior_initial,sequence_factor_graph|prior|initial
1,1484,1,0.765144024,-0.27577926 0.957947637 0.0792598526 0.0477290848 0.0960028435 -0.994236083 -0.960035278 -0.270406691 -0.0721975571,3567.0445 -1756.71196 30419.8952,0,0,0,factor_graph_prior_initial,sequence_factor_graph|prior|initial
1,1485,1,0.567305185,-0.878456822 0.472386872 0.0718627521 -0.0664124256 0.02822887 -0.997392862 -0.473183899 -0.880939143 0.00657451462,4425.51756 -673.889041 33282.2495,0,0,0,factor_graph_prior_initial,sequence_factor_graph|prior|initial
1,1486,1,0.443516459,-0.881618552 0.462915166 0.0919688998 -0.0613973955 0.08071812 -0.994844181 -0.467952016 -0.882719737 -0.0427408065,4571.26331 -580.215335 33537.262,0,0,0,factor_graph_prior_initial,sequence_factor_graph|prior|initial
1,1487,1,0.476708564,-0.860342755 0.504877926 0.0700615796 -0.0563352144 0.0424251889 -0.997510124 -0.506593218 -0.862147542 -0.0080577977,4554.98648 -668.795943 33646.5569,0,0,0,factor_graph_prior_initial,sequence_factor_graph|prior|initial
1,1488,1,0.457151886,-0.339598608 0.940538822 -0.00771423529 0.0704796325 0.0172676407 -0.99736375 -0.93792612 -0.339247038 -0.0721528973,4127.37703 -698.314011 32558.8379,0,0,0,factor_graph_prior_initial,sequence_factor_graph|prior|initial
1,1489,1,0.488520176,-0.354457489 0.934038272 0.0439590179 0.0303993195 0.0584972351 -0.997824611 -0.934577857 -0.352350082 -0.0491289109,4028.04899 -839.88297 32318.0809,0,0,0,factor_graph_prior_initial,sequence_factor_graph|prior|initial
1,1490,1,0.528665415,-0.376786887 0.924623071 0.055711915 0.0491423488 0.0800130976 -0.995581706 -0.924995498 -0.372384317 -0.0755860355,4177.3901 -836.2028 33543.2968,0,0,0,factor_graph_prior_initial,sequence_factor_graph|prior|initial
1,1491,1,0.460534286,-0.376316466 0.922659474 0.0841748956 0.0240421041 0.100547715 -0.994641711 -0.926179191 -0.372276313 -0.0600204359,4056.99778 -853.665471 32647.6936,0,0,0,factor_graph_prior_initial,sequence_factor_graph|prior|initial
1,1492,1,0.632237905,-0.825524219 0.562538608 0.0453880878 -0.0187101328 0.0530993451 -0.998413937 -0.564056464 -0.825064103 -0.0333096233,4636.127 -782.8933 34631.7596,0,0,0,factor_graph_prior_initial,sequence_factor_graph|prior|initial
1,1493,1,0.495639745,-0.875302373 0.468549495 0.119612401 -0.111514128 0.0451078562 -0.992738576 -0.470542617 -0.882284904 0.0127668749,4813.87806 -527.551651 35174.1409,0,0,0,factor_graph_prior_initial,sequence_factor_graph|prior|initial
1,1494,1,0.802358088,-0.850428584 0.519489773 0.0830758668 -0.0876210098 0.0158433697 -0.996027884 -0.518742501 -0.854329774 0.0320445641,5234.32541 -998.47275 38661.2091,0,0,0,factor_graph_prior_initial,sequence_factor_graph|prior|initial
1,1495,1,0.615811186,-0.864192027 0.50190821 0.0355005573 -0.0228998754 0.0312487743 -0.999249273 -0.502640763 -0.864356213 -0.0155113062,5471.65155 -956.026435 40694.9005,0,0,0,factor_graph_prior_initial,sequence_factor_graph|prior|initial
1,1496,1,0.584655112,-0.377664741 0.924512743 0.0514347258 0.0468905208 0.0745729804 -0.996112519 -0.924754358 -0.373784775 -0.0715144693,4450.62304 -574.890375 37372.2534,0,0,0,factor_graph_prior_initial,sequence_factor_graph|prior|initial
1,1497,1,0.456983824,-0.474570105 0.871332719 0.124749783 0.0349254626 0.160254466 -0.986457662 -0.879524546 -0.463786372 -0.106483677,4241.00351 -664.500594 34945.2209,0,0,0,factor_graph_prior_initial,sequence_factor_graph|prior|initial
1,1498,1,1,-0.852793967 0.52192617 0.0183173045 -0.0118981755 0.0156479464 -0.999806769 -0.522111946 -0.852847123 -0.00713450505,4913.94949 -839.144349 37798.7595,0,0,0,factor_graph_prior_initial,sequence_factor_graph|prior|initial
1,1499,1,0.458598173,-0.39636567 0.914372738 0.0825636175 -0.0260327519 0.0786998277 -0.996558394 -0.91772357 -0.397150894 -0.00739027126,4597.53752 -876.253307 36539.7987,0,0,0,factor_graph_prior_initial,sequence_factor_graph|prior|initial
1,1500,1,0.484126751,-0.308953311 0.950875273 -0.0195976365 0.0060559175 -0.0186384876 -0.999807948 -0.951057926 -0.309012657 2.43407603e-10,5327.93283 -555.854917 38463.1805,0,0,0,factor_graph_prior_initial,sequence_factor_graph|prior|initial
1,1501,1,0.551325727,-0.863038236 0.504688449 -0.0213206949 0.0142472238 -0.0178708802 -0.99973879 -0.504937639 -0.863116563 0.00823284362,5703.12262 -792.520046 42515.6364,0,0,0,factor_graph_prior_initial,sequence_factor_graph|prior|initial
1,1502,1,0.486613736,-0.852469268 0.522154104 0.0255193635 -0.0231859086 0.0110038073 -0.999670611 -0.522262922 -0.852780164 0.00272620977,5969.13147 -1056.37002 45058.1055,0,0,0,factor_graph_prior_initial,sequence_factor_graph|prior|initial
1,1503,1,0.494388292,-0.23433001 0.972027216 0.0158914305 -0.0495478745 0.00438383303 -0.998762129 -0.970893637 -0.234827326 0.0471346188,5057.56283 -925.084889 41895.6833,0,0,0,factor_graph_prior_initial,sequence_factor_graph|prior|initial
1,1504,1,0.536846061,0.0115622393 0.997044741 0.0759480001 0.00452718139 0.0759001021 -0.997105149 -0.999922907 0.0118725987 -0.00363622725,4457.71933 -949.724376 38080.7838,0,0,0,factor_graph_prior_initial,sequence_factor_graph|prior|initial
1,1505,1,0.577421838,-0.627401239 0.777930004 -0.0345339619 -0.00413570984 -0.0476767115 -0.998854257 -0.778685162 -0.626539576 0.0331297206,4716.29047 -1101.97854 38706.6727,0,0,0,factor_graph_prior_initial,sequence_factor_graph|prior|initial
1,1506,1,0.679487674,-0.624007893 0.779666352 0.0522927282 -0.0548255036 0.023072163 -0.998229352 -0.779492343 -0.62576997 0.0283483885,5003.50142 -1011.12413 39173.2712,0,0,0,factor_graph_prior_initial,sequence_factor_graph|prior|initial
1,1507,1,0.658312358,-0.609191108 0.79285791 0.0162027638 -0.0411247764 -0.0111808246 -0.999091458 -0.791956405 -0.609303967 0.0394173632,5026.83353 -1158.8912 38775.0092,0,0,0,factor_graph_prior_initial,sequence_factor_graph|prior|initial
1,1508,1,0.367879441,-0.253665266 0.964981294 0.0668209179 0.00271800425 0.0697911964 -0.997557919 -0.967288243 -0.252864175 -0.0203264256,4444.67402 -905.261874 33866.787,0,0,0,factor_graph_prior_initial,sequence_factor_graph|prior|initial
1,1509,1,0.510722636,-0.407816465 0.911657805 0.0506535002 -0.0449854669 0.0353473861 -0.998362094 -0.911955064 -0.409427171 0.0265961059,4541.45384 -1161.47828 34477.1194,0,0,0,factor_graph_prior_initial,sequence_factor_graph|prior|initial
1,1510,1,0.580526373,-0.196179047 0.978444496 0.0644992191 -0.062497281 0.0531671139 -0.996627989 -0.978574408 -0.199548555 0.0507198469,4233.66022 -889.116466 30810.5698,0,0,0,factor_graph_prior_initial,sequence_factor_graph|prior|initial
1,1511,1,0.518092317,-0.661999196 0.749363017 0.0145648031 -0.00919002993 0.0113155612 -0.999893745 -0.749448203 -0.662062706 -0.000604223847,4749.03488 -1010.34832 35489.151,0,0,0,factor_graph_prior_initial,sequence_factor_graph|prior|initial
1,1512,1,1,0.0154296316 0.996781951 0.0786617313 -0.0075340847 0.0787847649 -0.996863179 -0.999852571 0.0147885875 0.00872545955,4314.14413 -875.916779 31836.7138,0,0,0,factor_graph_prior_initial,sequence_factor_graph|prior|initial
1,1513,1,0.497896563,-0.285270784 0.956392543 0.0627206843 0.0320991718 0.0749366741 -0.99667153 -0.957909298 -0.282307986 -0.0520766523,4166.33511 -897.794962 30632.2231,0,0,0,factor_graph_prior_initial,sequence_factor_graph|prior|initial
1,1514,1,1,-0.246492238 0.963389463 0.105462404 -0.0586567006 0.0937904289 -0.993862539 -0.967368062 -0.251165479 0.0333906345,4082.29971 -980.38435 29850.2846,0,0,0,factor_graph_prior_initial,sequence_factor_graph|prior|initial
1,1515,1,0.491496259,-0.27836748 0.960214138 0.0223686112 0.0479918007 0.0371653781 -0.998156061 -0.9592749 -0.276780678 -0.0564280382,4549.85952 -1077.35252 33590.6067,0,0,0,factor_graph_prior_initial,sequence_factor_graph|prior|initial
1,1516,1,0.367879441,-0.273100981 0.954218996 0.121991644 -0.0378433703 0.116057472 -0.992521306 -0.961240726 -0.275675117 0.0044154534,4327.72923 -1054.69775 31706.9187,0,0,0,factor_graph_prior_initial,sequence_factor_graph|prior|initial
1,1517,1,0.556797289,-0.861818814 0.506634004 0.024296468 -0.0431474415 -0.0255003492 -0.998743226 -0.505377711 -0.861784032 0.0438366417,5298.49958 -1303.55239 38331.81,0,0,0,factor_graph_prior_initial,sequence_factor_graph|prior|initial
1,1518,1,0.966093813,-0.417646229 0.90814597 0.0290262776 -0.0178369096 0.0237450334 -0.999558912 -0.908434627 -0.417979749 0.00628149389,5018.08214 -1206.72011 37404.3541,0,0,0,factor_graph_prior_initial,sequence_factor_graph|prior|initial
1,1519,1,0.451443881,-0.551858123 0.832681237 0.0457664728 -0.0084855955 0.0492702277 -0.998749438 -0.833894841 -0.551556346 -0.0201243792,5029.54817 -1371.69075 37320.0302,0,0,0,factor_graph_prior_initial,sequence_factor_graph|prior|initial
1,1520,1,0.560270389,-0.634592973 0.769447701 0.0724016079 0.0614649496 0.143632602 -0.987720474 -0.77039848 -0.622350312 -0.138442304,5920.9342 -2096.87471 45624.9466,0,0,0,factor_graph_prior_initial,sequence_factor_graph|prior|initial
1,1521,1,0.770166062,-0.670100554 0.742109006 0.0154748306 -0.00462674379 0.0166715813 -0.999850315 -0.742255913 -0.670071848 -0.00773808764,5640.89823 -1700.98352 44134.2812,0,0,0,factor_graph_prior_initial,sequence_factor_graph|prior|initial
1,1522,1,0.459031062,-0.638968598 0.7151172 0.283419337 0.0574421742 0.411773447 -0.909474037 -0.767085085 -0.564845128 -0.304188189,6526.13401 -2281.04663 49531.2843,0,0,0,factor_graph_prior_initial,sequence_factor_graph|prior|initial
1,1523,1,0.655400393,-0.861930024 0.506237135 0.0282948051 -0.0156798343 0.0291649267 -0.999451625 -0.506784743 -0.861901021 -0.0172004115,6141.16955 -1734.63154 47916.5077,0,0,0,factor_graph_prior_initial,sequence_factor_graph|prior|initial
1,1524,1,0.621819889,-0.337411542 0.941194597 0.0174980573 0.0622975902 0.0408728915 -0.997220345 -0.939293597 -0.335383567 -0.0724251406,5187.72125 -1344.95807 43529.8843,0,0,0,factor_graph_prior_initial,sequence_factor_graph|prior|initial
1,1525,1,0.701084449,-0.880354563 0.4727571 0.0384261245 0.0106852717 0.100760382 -0.994853341 -0.474195812 -0.875413085 -0.0937564002,5017.9925 -1268.13352 38021.1334,0,0,0,factor_graph_prior_initial,sequence_factor_graph|prior|initial
1,1526,1,0.586669829,-0.872079315 0.489007945 0.0186787874 0.0170169327 0.0684495662 -0.997509439 -0.489068596 -0.869589493 -0.0680148661,4900.95139 -1187.59954 34630.3711,0,0,0,factor_graph_prior_initial,sequence_factor_graph|prior|initial
1,1527,1,0.527522749,-0.864468596 0.500755668 0.0440205404 -0.0315266593 0.0333901224 -0.998945028 -0.501697236 -0.864944426 -0.0130775589,4935.09865 -1276.6403 33347.5838,0,0,0,factor_graph_prior_initial,sequence_factor_graph|prior|initial
1,1528,1,0.507172944,-0.683440494 0.728881273 0.040511485 0.00987717223 0.0647225075 -0.997854417 -0.729939403 -0.681573977 -0.0514332684,4897.15767 -1416.44168 34702.2781,0,0,0,factor_graph_prior_initial,sequence_factor_graph|prior|initial
1,1529,1,0.573611044,-0.376109605 0.926146033 0.0281973496 0.0768076424 0.0614899018 -0.995148018 -0.923386241 -0.372118956 -0.094262036,4367.24329 -1234.20405 32428.7872,0,0,0,factor_graph_prior_initial,sequence_factor_graph|prior|initial
1,1530,1,0.504739458,-0.829956643 0.557602189 0.0158672376 0.0262536022 0.067458421 -0.997376614 -0.557209762 -0.827362774 -0.0706266307,5196.99383 -1317.23499 39517.498,0,0,0,factor_graph_prior_initial,sequence_factor_graph|prior|initial
1,1531,1,0.39384327,-0.867351216 0.497603558 0.00962115418 -0.0444138346 -0.0581326632 -0.997320412 -0.495710882 -0.865454385 0.0725219183,5680.90582 -1603.55055 42948.1316,0,0,0,factor_graph_prior_initial,sequence_factor_graph|prior|initial
1,1532,1,0.50772337,-0.751783571 0.657560936 0.049346502 0.014531334 0.0913366653 -0.995714042 -0.659249802 -0.747844388 -0.078220642,5672.45245 -1634.71437 43274.1356,0,0,0,factor_graph_prior_initial,sequence_factor_graph|prior|initial
1,1533,1,0.529133658,-0.840897665 0.541188094 -0.00256203343 -0.00301600152 -0.00942011991 -0.999951081 -0.541185754 -0.840848802 0.00955358095,5915.38382 -1719.96534 43955.3413,0,0,0,factor_graph_prior_initial,sequence_factor_graph|prior|initial
1,1534,1,0.436331935,-0.649401902 0.741617902 0.168166752 0.00317855793 0.223787723 -0.974632727 -0.760438733 -0.632393819 -0.147685448,5851.90058 -1884.17506 44525.0931,0,0,0,factor_graph_prior_initial,sequence_factor_graph|prior|initial
1,1535,1,0.393045643,-0.172022417 0.974371796 0.144940993 0.0319410348 0.152573971 -0.987775761 -0.984575065 -0.165290009 -0.0573685867,4466.52889 -1377.74444 37599.2432,0,0,0,factor_graph_prior_initial,sequence_factor_graph|prior|initial
1,1536,1,0.41185416,-0.631106621 0.775691796 -0.00258272806 -0.0301569812 -0.0278626393 -0.999156759 -0.775109663 -0.630496559 0.040976819,4241.60957 -1163.37144 33257.9269,0,0,0,factor_graph_prior_initial,sequence_factor_graph|prior|initial
1,1537,1,0.418204569,-0.620947889 0.783666783 -0.0170320936 0.0340008101 0.00521997079 -0.999408173 -0.783114081 -0.6211595 -0.0298866353,4410.1944 -1199.70512 33971.6568,0,0,0,factor_graph_prior_initial,sequence_factor_graph|prior|initial
1,1538,1,0.508232548,-0.341543316 0.939651703 -0.0200709041 0.142563935 0.0306873469 -0.989309765 -0.928990682 -0.340753524 -0.144441503,4144.85598 -1043.63561 31426.0883,0,0,0,factor_graph_prior_initial,sequence_factor_graph|prior|initial
1,1539,1,0.508419307,-0.517340832 0.853203586 0.066348348 0.0783917156 0.124450945 -0.989124209 -0.852181437 -0.506513181 -0.131267648,4349.11966 -1086.64954 31316.2098,0,0,0,factor_graph_prior_initial,sequence_factor_graph|prior|initial
1,1540,1,0.964842106,-0.876633007 0.478750596 -0.0480878095 0.0561140562 0.00246378672 -0.998421325 -0.477876326 -0.877947491 -0.0290244746,5287.60672 -1561.80048 38642.0326,0,0,0,factor_graph_prior_initial,sequence_factor_graph|prior|initial
1,1541,1,0.982663127,-0.295484005 0.953255595 -0.0631899821 0.0613263027 -0.0470806556 -0.997006769 -0.953377306 -0.298474761 -0.0445480605,4498.74878 -1338.58562 34002.8076,0,0,0,factor_graph_prior_initial,sequence_factor_graph|prior|initial
1,1542,1,1,-0.259751465 0.965095826 -0.0334547986 0.0157978833 -0.0303924677 -0.99941319 -0.965546272 -0.260127556 -0.00735198322,4202.17896 -1174.81673 31315.4068,0,0,0,factor_graph_prior_initial,sequence_factor_graph|prior|initial
1,1543,1,0.508922699,0.0471974907 0.998831765 0.0103683187 -0.00523158868 0.010626924 -0.999929847 -0.998871877 0.0471399369 0.0057270411,4194.66543 -1279.51801 31168.6649,0,0,0,factor_graph_prior_initial,sequence_factor_graph|prior|initial
1,1544,1,0.495975867,0.0118175819 0.990183852 0.139270542 -0.0192849602 0.139480058 -0.990037072 -0.999744185 0.00901401734 0.0207439732,4101.79234 -1261.44338 30107.7118,0,0,0,factor_graph_prior_initial,sequence_factor_graph|prior|initial
1,1545,1,0.43337566,-0.285175224 0.958094513 -0.0270184147 0.00279770059 -0.0273567603 -0.999621819 -0.958471316 -0.285142966 0.00512100868,3925.90404 -1281.6292 28975.5783,0,0,0,factor_graph_prior_initial,sequence_factor_graph|prior|initial
1,1546,1,0.980225311,-0.269769557 0.959579075 -0.0802021472 -0.0034351988 -0.0842486552 -0.996438841 -0.962918784 -0.268533355 0.0260240673,4063.51709 -1363.43849 29656.6296,0,0,0,factor_graph_prior_initial,sequence_factor_graph|prior|initial
1,1547,1,0.497118927,-0.243203034 0.969827552 -0.0169353061 0.00128429345 -0.0171375426 -0.999852317 -0.969974554 -0.243188867 0.00292235918,4056.15759 -1346.00008 29613.4472,0,0,0,factor_graph_prior_initial,sequence_factor_graph|prior|initial
1,1548,1,0.639685298,-0.246803114 0.969006489 -0.0107073059 -0.0494112301 -0.0236180897 -0.998499232 -0.967805122 -0.245903658 0.0537088207,4240.63444 -1418.12038 30684.2384,0,0,0,factor_graph_prior_initial,sequence_factor_graph|prior|initial
1,1549,1,0.824727187,-0.256773297 0.966143242 0.0251934417 -0.0100113194 0.0234071261 -0.999675887 -0.966419809 -0.256942294 0.00366204366,4168.32399 -1378.26335 30153.656,0,0,0,factor_graph_prior_initial,sequence_factor_graph|prior|initial
1,1550,1,0.450139977,-0.394557239 0.918077842 0.0381793316 0.103428256 0.085659242 -0.990941517 -0.913031862 -0.387034327 -0.128752664,4305.81045 -1366.14621 31447.7215,0,0,0,factor_graph_prior_initial,sequence_factor_graph|prior|initial
1,1551,1,0.644446075,-0.47345885 0.876263835 0.0894338185 0.058085593 0.132375163 -0.989496276 -0.878898618 -0.463290953 -0.113572497,4273.51809 -1365.50188 31145.4525,0,0,0,factor_graph_prior_initial,sequence_factor_graph|prior|initial
1,1552,1,1,-0.327274995 0.944619468 -0.0241896414 0.0849890901 0.00393054699 -0.996374129 -0.941099321 -0.328144194 -0.0815687188,4086.9832 -1245.83066 30088.8863,0,0,0,factor_graph_prior_initial,sequence_factor_graph|prior|initial
1,1553,1,0.429367845,-0.297885568 0.95429803 0.0240719561 0.0607286872 0.0441101748 -0.997179181 -0.952667946 -0.295583428 -0.0710930509,3952.8203 -1177.26517 28812.7155,0,0,0,factor_graph_prior_initial,sequence_factor_graph|prior|initial
1,1554,1,0.700564152,-0.386541765 0.921292511 0.0424920264 0.119376215 0.0956653441 -0.988229458 -0.914513413 -0.376919422 -0.146959064,4195.61672 -1353.15156 30624.6662,0,0,0,factor_graph_prior_initial,sequence_factor_graph|prior|initial
1,1555,1,1,-0.322784775 0.946072078 0.0275247653 0.0101880394 0.0325527971 -0.99941809 -0.946417557 -0.32231652 -0.0201461669,4333.67252 -1330.51944 31253.3073,0,0,0,factor_graph_prior_initial,sequence_factor_graph|prior|initial
1,1556,1,0.756694789,-0.0317446732 0.995814597 0.0857062691 -0.00389713515 0.0856255143 -0.99631977 -0.999488413 -0.0319618544 0.0011626701,3754.74954 -1137.3688 28026.5579,0,0,0,factor_graph_prior_initial,sequence_factor_graph|prior|initial
1,1557,1,0.392129764,-0.328355608 0.941184351 0.0797158174 0.0144971212 0.089406895 -0.995889673 -0.944442919 -0.32585031 -0.043001719,3923.81668 -1220.41559 28654.0756,0,0,0,factor_graph_prior_initial,sequence_factor_graph|prior|initial
1,1558,1,0.978655009,-0.273150716 0.961948119 0.00667105391 0.0488067073 0.0207841229 -0.998591972 -0.960732321 -0.27244052 -0.0526267183,4166.76044 -1266.97862 29796.7281,0,0,0,factor_graph_prior_initial,sequence_factor_graph|prior|initial
1,1559,1,1,-0.28908783 0.955859717 0.05253977 0.0466391306 0.0688808999 -0.9965341 -0.95616579 -0.285635472 -0.064493096,4189.20565 -1267.5252 29801.3725,0,0,0,factor_graph_prior_initial,sequence_factor_graph|prior|initial
1,1560,1,0.733059969,-0.287084586 0.955129092 0.0728756411 0.00530093189 0.0776610544 -0.996965727 -0.957890568 -0.285827184 -0.0273583659,4239.59064 -1229.78401 30392.8337,0,0,0,factor_graph_prior_initial,sequence_factor_graph|prior|initial
1,1561,1,0.426545965,-0.21529706 0.974592005 0.0617867195 -0.0250203151 0.057744621 -0.998017807 -0.976228026 -0.216416223 0.0119523519,4204.42009 -1278.47898 30434.7935,0,0,0,factor_graph_prior_initial,sequence_factor_graph|prior|initial
1,1562,1,0.974409022,-0.289634547 0.95622425 -0.0417972768 0.0342653759 -0.0332820739 -0.998858442 -0.956523765 -0.290736111 -0.023125745,4368.02769 -1320.45138 31213.5429,0,0,0,factor_graph_prior_initial,sequence_factor_graph|prior|initial
1,1563,1,0.976578615,-0.296713443 0.951165411 0.0851204607 0.0115280939 0.0926955846 -0.995627758 -0.954896977 -0.294434863 -0.0384691502,4207.13615 -1312.66296 30436.8057,0,0,0,factor_graph_prior_initial,sequence_factor_graph|prior|initial
1,1564,1,0.985156119,-0.286902754 0.956988911 0.0431165059 0.0708611791 0.0660863371 -0.995294574 -0.955335283 -0.282497468 -0.0867737148,4042.16623 -1252.32863 29557.4093,0,0,0,factor_graph_prior_initial,sequence_factor_graph|prior|initial
1,1565,1,1,-0.273007063 0.959545486 0.068844782 0.0259929729 0.0788947705 -0.996544018 -0.961660808 -0.270274075 -0.0464802694,3979.71964 -1232.06115 29350.5516,0,0,0,factor_graph_prior_initial,sequence_factor_graph|prior|initial
1,1566,1,0.969830634,-0.277436941 0.960328854 -0.0282353682 0.00382967343 -0.0282834076 -0.999592608 -0.960736216 -0.277432048 0.00416911622,4138.52644 -1274.83618 30132.0038,0,0,0,factor_graph_prior_initial,sequence_factor_graph|prior|initial
1,1567,1,0.975930291,-0.282263016 0.958818061 -0.0315517822 0.0172781292 -0.0278028726 -0.99946409 -0.959181451 -0.282656904 -0.00871885964,4099.21169 -1263.74805 29941.0381,0,0,0,factor_graph_prior_initial,sequence_factor_graph|prior|initial
1,1568,1,1,-0.280206688 0.956662646 0.0792514599 0.0200757414 0.0883808436 -0.995884427 -0.959729741 -0.277462445 -0.0439706153,4317.50345 -1335.28638 31003.4294,0,0,0,factor_graph_prior_initial,sequence_factor_graph|prior|initial
1,1569,1,0.44750541,-0.0705359523 0.994370609 0.0790681409 -0.0405140528 0.0763443487 -0.996258075 -0.996686155 -0.0734753829 0.034900962,3999.04776 -1241.0866 30025.7072,0,0,0,factor_graph_prior_initial,sequence_factor_graph|prior|initial
1,1570,1,1,-0.253901573 0.9643661 -0.0743775282 0.0680999296 -0.0588830608 -0.995939348 -0.964829721 -0.257935671 -0.0507227617,4057.64151 -1272.94552 29929.2946,0,0,0,factor_graph_prior_initial,sequence_factor_graph|prior|initial
1,1571,1,1,-0.247142632 0.968822127 -0.0174415098 0.0750440131 0.00119140413 -0.997179511 -0.966068794 -0.24775445 -0.0729987471,3990.03434 -1252.1261 29338.3522,0,0,0,factor_graph_prior_initial,sequence_factor_graph|prior|initial
1,1572,1,0.953347778,-0.27018374 0.962782683 0.00708891601 0.06140976 0.0245801154 -0.997809931 -0.960848369 -0.26915669 -0.065765401,3976.79806 -1273.60523 29103.5595,0,0,0,factor_graph_prior_initial,sequence_factor_graph|prior|initial
1,1573,1,0.974482636,-0.236445311 0.970727285 0.0422155531 0.056537011 0.0571189344 -0.996765265 -0.969998547 -0.233293732 -0.0683875234,4069.75842 -1325.68789 29687.1166,0,0,0,factor_graph_prior_initial,sequence_factor_graph|prior|initial
1,1574,1,0.975168001,-0.242804468 0.969950813 -0.0155373681 0.054170705 -0.00243478235 -0.998528721 -0.968561575 -0.243288905 -0.0519517434,3878.83139 -1208.19592 28570.4842,0,0,0,factor_graph_prior_initial,sequence_factor_graph|prior|initial
1,1575,1,0.960726463,-0.291836083 0.954441437 0.0622353933 0.0184510256 0.0706736155 -0.997328832 -0.956290364 -0.289908233 -0.0382355346,3959.13506 -1257.15029 29302.0592,0,0,0,factor_graph_prior_initial,sequence_factor_graph|prior|initial
1,1576,1,0.683846314,-0.295141542 0.955392317 0.0108161868 -0.00864281745 0.00865039779 -0.999925233 -0.95541445 -0.295212958 0.00570418964,4263.34286 -1364.50899 31292.7456,0,0,0,factor_graph_prior_initial,sequence_factor_graph|prior|initial
1,1577,1,0.973239048,-0.233302074 0.972329993 -0.0120219384 0.0977180233 0.0111424767 -0.995151764 -0.967481953 -0.23334573 -0.0976137278,3953.74656 -1216.50231 29410.4424,0,0,0,factor_graph_prior_initial,sequence_factor_graph|prior|initial
1,1578,1,1,-0.0129805839 0.999416791 0.0315845215 0.0242519094 0.0318925641 -0.999197032 -0.999621603 -0.012204176 -0.0246517496,3886.11555 -1244.01438 29259.655,0,0,0,factor_graph_prior_initial,sequence_factor_graph|prior|initial
1,1579,1,0.524311848,-0.274933457 0.961456435 -0.00362176028 0.0286884853 0.00443825679 -0.999578548 -0.961035153 -0.274921488 -0.0288029541,4057.80983 -1346.48919 30127.0199,0,0,0,factor_graph_prior_initial,sequence_factor_graph|prior|initial
1,1580,1,0.994008275,0.0454372551 0.998652423 -0.0250757566 0.0757631217 -0.0284743277 -0.996719199 -0.996090059 0.0433883669 -0.0769548204,3966.09187 -1092.66162 29761.9781,0,0,0,factor_graph_prior_initial,sequence_factor_graph|prior|initial
1,1581,1,0.975426087,0.021215257 0.999503683 0.023287349 0.0108212849 0.0230616612 -0.999675477 -0.999716366 0.0214603712 -0.010326655,3932.94477 -1068.92967 29801.6644,0,0,0,factor_graph_prior_initial,sequence_factor_graph|prior|initial
1,1582,1,0.77926874,-0.32675156 0.939960002 0.0985322953 0.0536670975 0.122539734 -0.991011532 -0.943585323 -0.318526621 -0.0904849743,4313.26437 -1228.67346 32128.8414,0,0,0,factor_graph_prior_initial,sequence_factor_graph|prior|initial
1,1583,1,0.957829897,-0.415119275 0.900810079 0.127346724 0.0808126581 0.175935086 -0.981079079 -0.90617068 -0.396973609 -0.145830902,4683.38633 -1626.73879 34738.2317,0,0,0,factor_graph_prior_initial,sequence_factor_graph|prior|initial
1,1584,1,1,-0.435240653 0.894188401 0.104845975 -0.00595120606 0.113594905 -0.993509326 -0.900294484 -0.433039608 -0.0441196213,4719.4891 -1323.25733 35549.7475,0,0,0,factor_graph_prior_initial,sequence_factor_graph|prior|initial
1,1585,1,0.959455664,-0.25793445 0.964188765 -0.0617239436 0.0603074358 -0.0476938367 -0.997039774 -0.9642784 -0.260893319 -0.0458458685,4332.58724 -1314.41462 33321.6438,0,0,0,factor_graph_prior_initial,sequence_factor_graph|prior|initial
1,1586,1,0.593257306,-0.31084128 0.950461434 -0.000872031408 0.0486325247 0.0149886089 -0.99870427 -0.949216822 -0.310480923 -0.0508824176,4022.36414 -1174.60418 31051.9524,0,0,0,factor_graph_prior_initial,sequence_factor_graph|prior|initial
1,1587,1,1,-0.287063859 0.957791431 0.015162949 0.0615374292 0.0342355101 -0.997517456 -0.955932783 -0.285418122 -0.0687678,3898.38672 -1237.25438 29857.0557,0,0,0,factor_graph_prior_initial,sequence_factor_graph|prior|initial
1,1588,1,0.962557962,-0.219293306 0.975508874 0.0171138067 0.0517668686 0.029149613 -0.998233686 -0.97428468 -0.218020037 -0.0568913547,3887.68935 -1196.17021 29380.0564,0,0,0,factor_graph_prior_initial,sequence_factor_graph|prior|initial
1,1589,1,0.480396804,-0.268756923 0.962554299 -0.0354815052 0.0461255677 -0.0239331959 -0.998648904 -0.962102982 -0.270030411 -0.0379661514,3830.59716 -1134.69315 29270.7958,0,0,0,factor_graph_prior_initial,sequence_factor_graph|prior|initial
1,1590,1,0.708879058,-0.217401967 0.975577261 -0.0313909661 0.107327067 -0.00807265668 -0.994190994 -0.970163535 -0.219508178 -0.102950834,4171.84591 -1231.42481 31568.5558,0,0,0,factor_graph_prior_initial,sequence_factor_graph|prior|initial
1,1591,1,0.968562993,-0.304882705 0.951500671 0.0411462039 0.0356579717 0.0545771247 -0.99787266 -0.951722147 -0.302766925 -0.0505682053,4113.71517 -1198.62378 30983.4614,0,0,0,factor_graph_prior_initial,sequence_factor_graph|prior|initial
1,1592,1,0.959003592,-0.275244052 0.961256438 -0.0150589757 0.040314202 -0.00410958174 -0.999178601 -0.960528749 -0.275625058 -0.0376211483,4002.2583 -1188.24315 30643.4498,0,0,0,factor_graph_prior_initial,sequence_factor_graph|prior|initial
1,1593,1,0.912812965,-0.329387311 0.943985158 -0.0199002865 0.030591346 -0.0103958156 -0.999477912 -0.943699194 -0.329824118 -0.0254535269,4097.94331 -1270.25497 31239.7461,0,0,0,factor_graph_prior_initial,sequence_factor_graph|prior|initial
1,1594,1,0.411431648,-0.422755835 0.906105996 -0.0157932841 0.0601662782 0.0106741089 -0.998131295 -0.904244172 -0.422916052 -0.0590295673,4140.54918 -1251.71721 31777.6909,0,0,0,factor_graph_prior_initial,sequence_factor_graph|prior|initial
1,1595,1,0.951013527,-0.240068914 0.970686011 0.0116440867 0.0459862725 0.0233530342 -0.998669064 -0.969666014 -0.239213929 -0.050244569,4012.95376 -1207.35848 30778.5053,0,0,0,factor_graph_prior_initial,sequence_factor_graph|prior|initial
1,1596,1,0.970065399,-0.301093034 0.953259099 -0.0252996948 0.000524086177 -0.0263654422 -0.999652234 -0.953594626 -0.301001584 0.00743886108,4192.13772 -1243.27981 31802.0916,0,0,0,factor_graph_prior_initial,sequence_factor_graph|prior|initial
1,1597,1,0.976804832,-0.251924219 0.967744426 -0.00221647072 0.0284014128 0.00510409144 -0.999583567 -0.967330113 -0.251882261 -0.0287711532,3914.59918 -1123.4957 30253.5801,0,0,0,factor_graph_prior_initial,sequence_factor_graph|prior|initial
1,1598,1,0.960217012,-0.258699326 0.965717129 0.0215658359 0.054783275 0.036958121 -0.997814056 -0.964403158 -0.256952377 -0.062466188,3979.72441 -1181.08976 30431.2019,0,0,0,factor_graph_prior_initial,sequence_factor_graph|prior|initial
1,1599,1,0.989848117,-0.266738126 0.962926225 0.040297114 0.0410737916 0.0531318861 -0.997742425 -0.962893408 -0.264480789 -0.0537233308,4092.60225 -1213.03785 31106.2202,0,0,0,factor_graph_prior_initial,sequence_factor_graph|prior|initial
1,1600,1,0.976381593,-0.263489169 0.964232944 0.0287799892 0.0308031015 0.0382289033 -0.998794133 -0.964170435 -0.262284923 -0.0397742672,4089.16807 -1252.2887 31397.4953,0,0,0,factor_graph_prior_initial,sequence_factor_graph|prior|initial
1,1601,1,0.997292328,-0.277744618 0.959009372 0.0562045468 0.00346457907 0.0595060706 -0.998221931 -0.9606487 -0.277056044 -0.0198500546,4210.8779 -1287.45401 32044.7006,0,0,0,factor_graph_prior_initial,sequence_factor_graph|prior|initial
1,1602,1,1,-0.282018149 0.958822665 -0.0335389601 0.0397006501 -0.0232651255 -0.998940735 -0.958587305 -0.283050935 -0.0315046955,4271.85535 -1348.51527 32350.4105,0,0,0,factor_graph_prior_initial,sequence_factor_graph|prior|initial
1,1603,1,0.966339793,-0.276608085 0.960845342 -0.0162541105 0.0281490774 -0.00880555531 -0.999564951 -0.960570454 -0.276945285 -0.0246112221,4279.66928 -1368.78788 32468.2617,0,0,0,factor_graph_prior_initial,sequence_factor_graph|prior|initial
1,1604,1,0.994979768,-0.281647977 0.959270765 -0.0217719257 0.0607521452 -0.00481692841 -0.99814126 -0.957592603 -0.282447158 -0.0569210786,4186.18441 -1333.80747 32077.0531,0,0,0,factor_graph_prior_initial,sequence_factor_graph|prior|initial
1,1605,1,0.892593856,-0.126689915 0.982404001 -0.137229894 0.170202301 -0.11476384 -0.978703447 -0.977231212 -0.1473487 -0.152668001,3990.81898 -1326.47181 30514.5226,0,0,0,factor_graph_prior_initial,sequence_factor_graph|prior|initial
1,1606,1,0.422145956,-0.419260951 0.905862934 0.0602710582 0.100077906 0.112098001 -0.988644755 -0.902332903 -0.408468338 -0.13765518,4020.78962 -1381.3864 31282.7053,0,0,0,factor_graph_prior_initial,sequence_factor_graph|prior|initial
1,1607,1,0.969392629,-0.271052726 0.96246476 -0.0138566164 0.0596034337 0.00241435585 -0.998219215 -0.960717362 -0.271395942 -0.0580206222,3866.89472 -1273.35227 30003.5973,0,0,0,factor_graph_prior_initial,sequence_factor_graph|prior|initial
1,1608,1,0.428552705,0.000840859548 0.999346148 -0.036146493 0.036790285 -0.0361529501 -0.998668834 -0.999322655 -0.000490099554 -0.0367966292,3684.00836 -1212.35502 28772.6059,0,0,0,factor_graph_prior_initial,sequence_factor_graph|prior|initial
1,1609,1,0.969143448,-0.285289253 0.957504368 0.0423724731 0.0920703718 0.071384139 -0.993190491 -0.954008956 -0.279445324 -0.108522911,3726.28641 -1175.30811 28662.0808,0,0,0,factor_graph_prior_initial,sequence_factor_graph|prior|initial
1,1610,1,0.593399042,-0.309885263 0.948035115 -0.0721147973 0.0604607277 -0.0560458375 -0.996595888 -0.948849632 -0.313190492 -0.0399511139,3770.66636 -1211.65383 29011.1179,0,0,0,factor_graph_prior_initial,sequence_factor_graph|prior|initial
1,1611,1,0.435258221,-0.312645363 0.949178013 0.0362488176 -0.00706954295 0.0358356054 -0.999332693 -0.949843618 -0.312692995 -0.00449358113,3790.5829 -1135.45668 28926.2505,0,0,0,factor_graph_prior_initial,sequence_factor_graph|prior|initial
1,1612,1,0.999069013,-0.270985444 0.961678535 -0.0417286902 0.0363762897 -0.0330887728 -0.998790218 -0.961895865 -0.272175546 -0.0260157212,3972.48173 -1201.45249 30186.3022,0,0,0,factor_graph_prior_initial,sequence_factor_graph|prior|initial
1,1613,1,0.539018201,0.0164305639 0.998781178 0.0465423981 0.0114758093 0.0463572406 -0.998859005 -0.999799151 0.0169459284 -0.0107001467,3510.71692 -908.942938 27409.483,0,0,0,factor_graph_prior_initial,sequence_factor_graph|prior|initial
1,1614,1,1,-0.282892974 0.958525512 -0.0346468953 0.0700109992 -0.0153904572 -0.997427488 -0.956592925 -0.284590893 -0.0627534766,3737.54406 -1035.34687 28752.9945,0,0,0,factor_graph_prior_initial,sequence_factor_graph|prior|initial
1,1615,1,0.481043341,-0.412002596 0.911158151 0.0066846081 0.0788557814 0.0429633292 -0.995959797 -0.907764081 -0.409810902 -0.0895510911,3940.63711 -1210.0662 30898.6931,0,0,0,factor_graph_prior_initial,sequence_factor_graph|prior|initial
1,1616,1,0.962280933,-0.402097586 0.912259226 0.0781065615 0.0705191271 0.115909925 -0.99075322 -0.912877091 -0.392871472 -0.110938825,4008.25024 -1303.98393 31485.0636,0,0,0,factor_graph_prior_initial,sequence_factor_graph|prior|initial
1,1617,1,0.605529135,0.0847451614 0.993300525 0.0785641477 0.137858091 0.0664009974 -0.988223686 -0.986819844 0.0945778792 -0.131307351,3822.92318 -1187.89637 30480.2151,0,0,0,factor_graph_prior_initial,sequence_factor_graph|prior|initial
1,1618,1,0.475202953,-0.363128485 0.92707219 0.0931389178 0.1511814 0.157262897 -0.97591627 -0.91939213 -0.340302124 -0.197262709,4105.41201 -1367.31982 32347.2939,0,0,0,factor_graph_prior_initial,sequence_factor_graph|prior|initial
1,1619,1,0.420643519,-0.254738149 0.966475826 -0.0321395873 0.0636342236 -0.0164101867 -0.997838359 -0.964914069 -0.256232674 -0.0573206382,3824.54324 -1179.33285 30666.6546,0,0,0,factor_graph_prior_initial,sequence_factor_graph|prior|initial
1,1620,1,0.544250619,-0.115714558 0.99328135 -0.00151695542 0.0805085165 0.00785681027 -0.996722955 -0.990014404 -0.115457484 -0.0808767553,3789.51669 -1195.64188 29682.3788,0,0,0,factor_graph_prior_initial,sequence_factor_graph|prior|initial
1,1621,1,0.527818495,-0.297123202 0.954124357 0.0369393204 0.0177007085 0.0441837002 -0.9988666 -0.954675069 -0.296132591 -0.0300166796,3780.32899 -1114.34889 29466.6767,0,0,0,factor_graph_prior_initial,sequence_factor_graph|prior|initial
1,1622,1,1,-0.257000807 0.96583629 0.0333293498 -0.0491122852 0.0213903727 -0.998564187 -0.965162457 -0.258268682 0.0419370843,3973.77253 -1167.1381 30759.7656,0,0,0,factor_graph_prior_initial,sequence_factor_graph|prior|initial
1,1623,1,0.536389461,-0.323697205 0.946132047 -0.00736675492 0.0533990258 0.0104945998 -0.998518106 -0.944652668 -0.323610897 -0.0539196022,3993.00909 -1112.16652 30953.1441,0,0,0,factor_graph_prior_initial,sequence_factor_graph|prior|initial
1,1624,1,1,-0.259283362 0.965512996 0.0235964693 0.0344855491 0.0336718146 -0.998837803 -0.965185415 -0.258168286 -0.0420267871,4080.513 -1161.89957 31412.014,0,0,0,factor_graph_prior_initial,sequence_factor_graph|prior|initial
1,1625,1,0.495028503,-0.492166731 0.869973465 0.0302998202 0.0889063865 0.084861053 -0.992418388 -0.865948938 -0.485741467 -0.119111984,4003.50237 -1131.96325 30787.8933,0,0,0,factor_graph_prior_initial,sequence_factor_graph|prior|initial
1,1626,1,0.612205328,-0.277783699 0.959121399 0.0540588385 -0.0177277421 0.0511458735 -0.998533839 -0.960480059 -0.278334765 0.00279556686,3893.08333 -1117.82026 28411.541,0,0,0,factor_graph_prior_initial,sequence_factor_graph|prior|initial
1,1627,1,0.782712014,-0.405349239 0.913537396 0.0337849043 0.00465220989 0.0390181958 -0.99922767 -0.914150071 -0.404879001 -0.0200659637,3874.07017 -1413.98931 27479.1851,0,0,0,factor_graph_prior_initial,sequence_factor_graph|prior|initial
1,1628,1,0.774777533,0.0598761659 0.998182905 0.00676261437 0.00667818906 0.00637404408 -0.999957386 -0.998183473 0.0599187764 -0.00628440083,4029.03748 -1335.79183 28531.5895,0,0,0,factor_graph_prior_initial,sequence_factor_graph|prior|initial
1,1629,1,0.793668648,-0.51425781 0.854061511 -0.0782166292 0.0941236324 -0.0344459392 -0.994964431 -0.85245507 -0.519030262 -0.0626732784,4159.4491 -1141.2003 29292.5568,0,0,0,factor_graph_prior_initial,sequence_factor_graph|prior|initial
1,1630,1,0.457118072,-0.299455125 0.951407005 -0.0717728287 0.044726799 -0.061144082 -0.997126328 -0.953061457 -0.301804758 -0.0242434812,4047.07813 -1033.26249 30313.7875,0,0,0,factor_graph_prior_initial,sequence_factor_graph|prior|initial
1,1631,1,0.425182865,-0.403502968 0.913533904 -0.0513922386 0.100734451 -0.0114727811 -0.994847197 -0.909416255 -0.406600765 -0.0873950351,3880.88942 -1127.31552 30414.1865,0,0,0,factor_graph_prior_initial,sequence_factor_graph|prior|initial
1,1632,1,0.411503992,-0.274883546 0.960745589 -0.0375093354 0.0581883579 -0.0223174588 -0.998056134 -0.959715141 -0.276531816 -0.049769506,3827.63767 -1092.03506 30056.9725,0,0,0,factor_graph_prior_initial,sequence_factor_graph|prior|initial
1,1633,1,0.945434755,-0.29152689 0.952620225 -0.0867570122 0.0952623496 -0.0613327768 -0.993560957 -0.951807311 -0.297914412 -0.0728686873,3669.47556 -1000.98372 29337.4977,0,0,0,factor_graph_prior_initial,sequence_factor_graph|prior|initial
1,1634,1,0.962208897,-0.378832785 0.925104955 -0.0258175114 0.0858634716 0.00735747265 -0.996279746 -0.921473377 -0.379640212 -0.0822199748,3609.15947 -977.734506 29004.6959,0,0,0,factor_graph_prior_initial,sequence_factor_graph|prior|initial
1,1635,1,0.529466266,-0.37381214 0.927504428 -0.000143998101 0.0816137375 0.0327381355 -0.996126203 -0.923906749 -0.37237582 -0.0879350154,3752.58541 -967.286587 30479.4102,0,0,0,factor_graph_prior_initial,sequence_factor_graph|prior|initial
1,1636,1,0.982413982,-0.341849057 0.938619573 0.046179204 0.0901573457 0.0816693483 -0.992573307 -0.93542016 -0.335146854 -0.112542039,3490.64589 -830.96242 29178.5583,0,0,0,factor_graph_prior_initial,sequence_factor_graph|prior|initial
1,1637,1,0.960849908,-0.223642243 0.974359593 -0.0246481415 0.0539891938 -0.0128657688 -0.998458632 -0.973174863 -0.224628261 -0.0497275595,3741.37354 -912.008405 29944.2577,0,0,0,factor_graph_prior_initial,sequence_factor_graph|prior|initial
1,1638,1,0.378821411,-0.379450408 0.923913856 0.0489956616 0.104074389 0.0952434093 -0.989998593 -0.919339931 -0.370556177 -0.132295921,3841.41445 -1002.10667 31132.0457,0,0,0,factor_graph_prior_initial,sequence_factor_graph|prior|initial
1,1639,1,0.578542621,-0.196533366 0.980116947 0.0273021275 0.0277650415 0.0333971604 -0.999056421 -0.980103943 -0.195589877 -0.0337766441,3908.05769 -1028.94902 30818.8839,0,0,0,factor_graph_prior_initial,sequence_factor_graph|prior|initial
1,1640,1,0.60842399,-0.253066009 0.966507399 -0.0426736827 0.110655025 -0.0149029634 -0.993747134 -0.961099922 -0.256205678 -0.103177467,3914.60085 -1000.93937 30970.2415,0,0,0,factor_graph_prior_initial,sequence_factor_graph|prior|initial
1,1641,1,0.952643961,-0.365808756 0.93042727 0.0221144742 0.0915052883 0.0596023475 -0.994019287 -0.926180726 -0.361597367 -0.106942076,3915.87186 -1020.10548 31560.482,0,0,0,factor_graph_prior_initial,sequence_factor_graph|prior|initial
1,1642,1,0.985363956,0.0231554109 0.99867253 0.0460109113 0.0471583153 0.0448809139 -0.997878648 -0.998619007 0.0252760872 -0.046056478,3692.83652 -936.488152 30423.7022,0,0,0,factor_graph_prior_initial,sequence_factor_graph|prior|initial
1,1643,1,0.560842151,-0.382737604 0.921324771 0.0683563706 0.0986874346 0.114339235 -0.98852786 -0.918571019 -0.37160087 -0.134685103,3882.00808 -1090.0867 32296.5012,0,0,0,factor_graph_prior_initial,sequence_factor_graph|prior|initial
1,1644,1,0.722533432,-0.339995984 0.940026393 0.0274428612 0.0671958399 0.0533899066 -0.996310312 -0.938023161 -0.336897459 -0.0813182168,3926.17416 -995.295882 31175.2167,0,0,0,factor_graph_prior_initial,sequence_factor_graph|prior|initial
1,1645,1,0.880630994,-0.283613127 0.95675402 0.0646942014 0.0826939588 0.0916146732 -0.992355007 -0.955366581 -0.276095087 -0.105100901,3790.46249 -895.524502 29645.2713,0,0,0,factor_graph_prior_initial,sequence_factor_graph|prior|initial
1,1646,1,0.939749088,-0.275441738 0.959807792 0.0538595537 0.0671765501 0.0751073732 -0.994910143 -0.958967758 -0.27042168 -0.0851642816,3777.30465 -940.673947 29946.3215,0,0,0,factor_graph_prior_initial,sequence_factor_graph|prior|initial
1,1647,1,1,-0.277122144 0.960714799 -0.0151786564 0.0221687164 -0.00940009783 -0.999710051 -0.960578922 -0.277378284 -0.0186928387,3779.20556 -964.597166 29887.4187,0,0,0,factor_graph_prior_initial,sequence_factor_graph|prior|initial
1,1648,1,0.883066827,-0.396917253 0.916513932 0.0495873563 0.0657290438 0.0822689698 -0.9944403 -0.91549789 -0.391451182 -0.0928955579,3714.22458 -953.634143 29871.9826,0,0,0,factor_graph_prior_initial,sequence_factor_graph|prior|initial
1,1649,1,0.965229432,-0.387825289 0.919553347 0.0633497147 0.0941033966 0.10787081 -0.989701187 -0.916916624 -0.377869726 -0.128368122,3790.96413 -932.441235 30194.0422,0,0,0,factor_graph_prior_initial,sequence_factor_graph|prior|initial
1,1650,1,0.583186649,-0.158046886 0.986628303 0.0398217662 0.00567576182 0.0412356812 -0.999133327 -0.987415296 -0.157683892 -0.0121170383,3663.28669 -945.266545 28717.701,0,0,0,factor_graph_prior_initial,sequence_factor_graph|prior|initial
1,1651,1,0.725690768,0.471916355 0.881320182 -0.0238681945 0.101880423 -0.0814044757 -0.991460383 -0.875737023 0.465454669 -0.128205377,4377.12669 -1333.22382 33230.732,0,0,0,factor_graph_prior_initial,sequence_factor_graph|prior|initial
1,1652,1,0.610047441,0.237193595 0.962425386 0.132198999 0.0690327732 0.119040107 -0.990486713 -0.96900654 0.244063168 -0.0382033426,4267.52806 -1143.28194 32169.4221,0,0,0,factor_graph_prior_initial,sequence_factor_graph|prior|initial
1,1653,1,0.570542164,0.62123663 0.772839607 0.129553048 0.0240743446 0.146424791 -0.988928818 -0.783253136 0.617477711 0.0723588368,5048.56014 -1583.55856 36867.1455,0,0,0,factor_graph_prior_initial,sequence_factor_graph|prior|initial
1,1654,1,0.476437328,0.557530888 0.828573658 -0.0512347776 0.1456787 -0.158410284 -0.976567406 -0.817274143 0.537002677 -0.20902416,4686.33795 -1321.49184 34711.5326,0,0,0,factor_graph_prior_initial,sequence_factor_graph|prior|initial
1,1655,1,0.997971883,0.365682929 0.92971109 -0.0437410992 0.104214153 -0.0876005271 -0.990689436 -0.924886699 0.357719773 -0.128923071,4414.30569 -1231.63366 31951.8242,0,0,0,factor_graph_prior_initial,sequence_factor_graph|prior|initial
1,1656,1,0.738727014,0.330243415 0.943302119 0.0334723599 0.0179882944 0.0291658269 -0.999412715 -0.943724381 0.330651579 -0.007336574,3905.55429 -1009.86791 28728.8437,0,0,0,factor_graph_prior_initial,sequence_factor_graph|prior|initial
1,1657,1,1,-0.686204505 0.715291925 0.132215129 0.00962496429 0.190674426 -0.981606145 -0.727344992 -0.672309992 -0.137726309,4033.89883 -1204.63264 30832.3441,0,0,0,factor_graph_prior_initial,sequence_factor_graph|prior|initial
1,1658,1,1,-0.724649462 0.67388963 0.144069165 -0.0367233813 0.171002627 -0.984585951 -0.688138468 -0.718770386 -0.0991694557,3929.15082 -1131.19507 30678.73,0,0,0,factor_graph_prior_initial,sequence_factor_graph|prior|initial
1,1659,1,1,-0.858089388 0.492562248 0.145137986 0.00401567141 0.289072542 -0.957298772 -0.513484642 -0.820865091 -0.250028049,3913.40017 -1182.30116 31036.6707,0,0,0,factor_graph_prior_initial,sequence_factor_graph|prior|initial
1,1660,1,0.777031892,-0.734007259 0.60347722 0.311526225 -0.000657030307 0.458074625 -0.888913498 -0.679141305 -0.652673642 -0.335833597,3801.67246 -1229.60424 30592.7353,0,0,0,factor_graph_prior_initial,sequence_factor_graph|prior|initial
1,1661,1,0.902007495,-0.655167167 0.724879434 0.212851568 -0.0466840313 0.242358535 -0.969062919 -0.754040175 -0.644834976 -0.124945061,3577.33393 -947.179496 28468.2312,0,0,0,factor_graph_prior_initial,sequence_factor_graph|prior|initial
1,1662,1,0.774993276,-0.710746537 0.638779366 0.294618877 -0.0499459258 0.371939089 -0.926912465 -0.701672833 -0.673514837 -0.232449993,3458.65607 -1045.31419 28004.2229,0,0,0,factor_graph_prior_initial,sequence_factor_graph|prior|initial
1,1663,1,0.682864307,-0.715042417 0.678416314 0.168717656 -0.0571866843 0.183769863 -0.981304398 -0.696738133 -0.711322671 -0.0926068671,3384.56464 -912.530422 26874.2428,0,0,0,factor_graph_prior_initial,sequence_factor_graph|prior|initial
1,1664,1,0.687248467,-0.725772114 0.678006266 0.116457462 -0.0309528197 0.136930136 -0.990096996 -0.687238504 -0.722189477 -0.0783938686,3393.785 -815.197825 26237.7605,0,0,0,factor_graph_prior_initial,sequence_factor_graph|prior|initial
1,1665,1,0.54463614,-0.285752627 0.956855356 -0.0526617788 -0.0161289793 -0.0597475208 -0.998083208 -0.958167674 -0.284355518 0.0325061113,4370.24784 -2155.52378 32943.6798,0,0,0,factor_graph_prior_initial,sequence_factor_graph|prior|initial
1,1666,1,0.622491233,-0.598709546 0.800640624 -0.0228357475 0.0084049054 -0.0222287011 -0.999717581 -0.800922117 -0.598732391 0.00657922684,5297.28556 -1313.40814 36914.9017,0,0,0,factor_graph_prior_initial,sequence_factor_graph|prior|initial
1,1667,1,0.506763728,-0.883358678 0.463675172 0.0684308437 -0.0906626434 -0.0257971082 -0.995547485 -0.459845333 -0.885629632 0.0648261161,5889.72712 -1277.19963 40049.7284,0,0,0,factor_graph_prior_initial,sequence_factor_graph|prior|initial
1,1668,1,0.685242812,-0.338616555 0.939284644 0.0555264421 0.00637059152 0.0612999241 -0.998099061 -0.940902888 -0.337619129 -0.0267409679,4591.74728 -870.100081 35042.7933,0,0,0,factor_graph_prior_initial,sequence_factor_graph|prior|initial
1,1669,1,0.534914564,-0.392614484 0.914791625 0.0949218129 0.0149164719 0.109529337 -0.993871633 -0.919582169 -0.388792499 -0.0566482677,4405.62153 -972.643733 32430.4657,0,0,0,factor_graph_prior_initial,sequence_factor_graph|prior|initial
1,1670,1,0.763200328,-0.729218196 0.658086295 0.187518671 0.0186267423 0.293025969 -0.955923023 -0.68402768 -0.6935836 -0.225937872,3151.52836 -928.165615 25094.4023,0,0,0,factor_graph_prior_initial,sequence_factor_graph|prior|initial
1,1671,1,0.83232088,-0.730688345 0.665055266 0.154259637 -0.0289232148 0.195593456 -0.98025846 -0.682098226 -0.720725116 -0.123682323,3020.3712 -838.717699 23691.8869,0,0,0,factor_graph_prior_initial,sequence_factor_graph|prior|initial
1,1672,1,0.728333147,-0.680700047 0.714163907 0.163148272 0.0702587565 0.285327557 -0.955851397 -0.729185266 -0.639185496 -0.24439875,3407.0425 -1097.1638 25595.1767,0,0,0,factor_graph_prior_initial,sequence_factor_graph|prior|initial
1,1673,1,0.905539185,-0.70444608 0.664834858 0.248496142 0.0368211807 0.38387523 -0.922650534 -0.708801751 -0.64080763 -0.294899406,3615.60321 -1070.09697 26040.0867,0,0,0,factor_graph_prior_initial,sequence_factor_graph|prior|initial
1,1674,1,0.806741978,-0.696743866 0.676607021 0.238224525 0.00556021417 0.337187772 -0.941420995 -0.717298452 -0.654604724 -0.238695592,3539.29424 -1132.08699 25810.2417,0,0,0,factor_graph_prior_initial,sequence_factor_graph|prior|initial
1,1675,1,0.586512754,-0.301794098 0.95301628 -0.0260824107 0.00933241534 -0.0244036114 -0.999658627 -0.953327451 -0.301934486 -0.00152907785,4299.89719 -749.959588 28944.0327,0,0,0,factor_graph_prior_initial,sequence_factor_graph|prior|initial
1,1676,1,1,-0.285177441 0.957444322 -0.0444319358 -0.0123669734 -0.0500286815 -0.998671212 -0.958394953 -0.284249012 0.0261077399,4377.19488 -602.547646 28723.6233,0,0,0,factor_graph_prior_initial,sequence_factor_graph|prior|initial
1,1677,1,0.542535711,-0.201707766 0.978464404 0.043833624 -0.0327484644 0.0379909905 -0.998741319 -0.978898113 -0.202889364 0.0243801289,4348.80018 -675.804019 28820.5357,0,0,0,factor_graph_prior_initial,sequence_factor_graph|prior|initial
1,1678,1,0.608857949,-0.311542385 0.948880654 0.0506640629 -0.00546394542 0.0515278192 -0.998656612 -0.950216548 -0.311400688 -0.0108684676,4366.1108 -722.747922 29305.9483,0,0,0,factor_graph_prior_initial,sequence_factor_graph|prior|initial
1,1679,1,0.791100492,-0.887891188 0.459325674 -0.0258682079 0.0367291519 0.0147249406 -0.999216766 -0.458585006 -0.888145879 -0.0299447875,5524.01686 -1016.38317 36821.5218,0,0,0,factor_graph_prior_initial,sequence_factor_graph|prior|initial
1,1680,1,0.478806234,-0.408858838 0.908511282 0.0862652978 0.0183039827 0.10267195 -0.994546849 -0.912414059 -0.40505027 -0.0586077091,4795.94803 -829.167128 34132.7782,0,0,0,factor_graph_prior_initial,sequence_factor_graph|prior|initial
1,1681,1,0.489214425,-0.424988733 0.904737233 0.0288983747 0.0277989284 0.0449547223 -0.998602169 -0.904771682 -0.423591327 -0.0442559761,4594.244 -838.219345 32648.2849,0,0,0,factor_graph_prior_initial,sequence_factor_graph|prior|initial
1,1682,1,0.488782903,-0.524053678 0.85133594 -0.0243897571 0.0298089002 -0.0102852045 -0.999502698 -0.851163423 -0.524520097 -0.0199873888,5144.91367 -927.862108 35007.6828,0,0,0,factor_graph_prior_initial,sequence_factor_graph|prior|initial
1,1683,1,0.507678383,-0.518462959 0.850704721 0.0865889033 -0.0163171427 0.0914007486 -0.995680498 -0.854944391 -0.51763634 -0.0335068323,5046.38481 -863.487482 34862.8197,0,0,0,factor_graph_prior_initial,sequence_factor_graph|prior|initial
1,1684,1,0.522795634,-0.423125604 0.902467386 0.0807300442 -0.00695857428 0.085859739 -0.996282933 -0.906044315 -0.422114584 -0.0300495676,4546.17548 -675.627112 32640.7204,0,0,0,factor_graph_prior_initial,sequence_factor_graph|prior|initial
1,1685,1,0.518288313,-0.411017327 0.908933937 0.0700275237 0.0581743429 0.10281042 -0.99299837 -0.909769478 -0.404065731 -0.0951334986,4116.84179 -690.290093 30032.5775,0,0,0,factor_graph_prior_initial,sequence_factor_graph|prior|initial
1,1686,1,0.951247565,-0.415596399 0.904875221 0.092089451 0.0625837615 0.129456585 -0.989608137 -0.907393468 -0.405514274 -0.110432186,4062.17527 -669.867158 29480.7034,0,0,0,factor_graph_prior_initial,sequence_factor_graph|prior|initial
1,1687,1,0.614723189,-0.252153483 0.96768725 -8.38189236e-05 -0.0383127923 -0.0100698414 -0.999215056 -0.966928514 -0.251952346 0.0396139462,3999.62091 -653.152347 27921.1025,0,0,0,factor_graph_prior_initial,sequence_factor_graph|prior|initial
1,1688,1,0.970261034,-0.268872136 0.96239333 -0.0388181879 0.0198433598 -0.034758924 -0.999198708 -0.962971451 -0.269426975 -0.009751411,4132.8969 -602.342963 28169.136,0,0,0,factor_graph_prior_initial,sequence_factor_graph|prior|initial
1,1689,1,0.974122411,-0.229629411 0.972991427 -0.0236223583 -0.0113667076 -0.0269502702 -0.999572149 -0.973211761 -0.229262655 0.0172482837,4053.29323 -589.532018 27296.9551,0,0,0,factor_graph_prior_initial,sequence_factor_graph|prior|initial
1,1690,1,0.965586022,-0.276074232 0.961048294 -0.0130074853 0.00544110901 -0.0119704814 -0.999913547 -0.961120915 -0.27612114 -0.00192442707,4241.24432 -602.665424 28616.8289,0,0,0,factor_graph_prior_initial,sequence_factor_graph|prior|initial
1,1691,1,1,-0.262044881 0.965055544 0.00052620954 0.0242355356 0.00712584855 -0.99968088 -0.964751325 -0.261948504 -0.0252559301,4251.63364 -585.894525 28668.2377,0,0,0,factor_graph_prior_initial,sequence_factor_graph|prior|initial
1,1692,1,0.96121087,-0.283086119 0.956438243 -0.0713311795 0.00958552425 -0.0715483236 -0.997391074 -0.959046593 -0.283031315 0.0110863752,4234.80606 -649.957538 28494.6365,0,0,0,factor_graph_prior_initial,sequence_factor_graph|prior|initial
1,1693,1,0.986296291,-0.293588937 0.955887107 -0.00923981071 0.035035922 0.00110057635 -0.999385448 -0.955289495 -0.293732237 -0.0338135031,4250.96512 -667.158484 28627.1019,0,0,0,factor_graph_prior_initial,sequence_factor_graph|prior|initial
1,1694,1,0.367879441,-0.264533837 0.963476521 -0.0416514533 0.0186887286 -0.0380602879 -0.999100669 -0.964195302 -0.265074346 -0.0079379172,4195.3845 -668.993294 28378.9349,0,0,0,factor_graph_prior_initial,sequence_factor_graph|prior|initial
1,1695,1,0.443019009,0.290680531 0.955109079 0.0571968147 0.0290724405 0.0509340502 -0.998278777 -0.956378388 0.291843056 -0.0129618152,5028.25165 -778.45329 33521.1258,0,0,0,factor_graph_prior_initial,sequence_factor_graph|prior|initial
1,1696,1,0.467657558,-0.325957808 0.945242209 -0.0163912829 0.0960613277 0.0158673965 -0.995248937 -0.940491217 -0.32598373 -0.0959733234,4898.77033 -633.608103 34335.9261,0,0,0,factor_graph_prior_initial,sequence_factor_graph|prior|initial
1,1697,1,0.952181591,-0.587551648 0.806983142 0.059676373 0.0273782217 0.093531596 -0.995239807 -0.808723373 -0.583120956 -0.0770484067,5384.96971 -683.849573 37208.5342,0,0,0,factor_graph_prior_initial,sequence_factor_graph|prior|initial
1,1698,1,0.526542789,-0.625872072 0.699075589 0.345799756 0.12107184 0.525086045 -0.842393171 -0.770471128 -0.485363747 -0.413275059,6496.49048 -1268.10408 44575.3517,0,0,0,factor_graph_prior_initial,sequence_factor_graph|prior|initial
1,1699,1,0.818436498,-0.561539894 0.827201147 0.0202783004 0.0566622245 0.0628911278 -0.996410607 -0.825507323 -0.558375293 -0.0821869343,5726.44234 -947.116971 42761.8103,0,0,0,factor_graph_prior_initial,sequence_factor_graph|prior|initial
1,1700,1,0.854674472,-0.298639412 0.954109357 0.0221322329 0.00105566086 0.0235207415 -0.999722792 -0.954365437 -0.298533263 -0.00803143633,4518.53704 -751.681745 36968.4792,0,0,0,factor_graph_prior_initial,sequence_factor_graph|prior|initial
1,1701,1,0.567156703,-0.555567667 0.830706331 0.0356589139 -0.034604389 0.0197488792 -0.999205944 -0.830750927 -0.55636047 0.0177742463,5096.65728 -981.290698 37375.2289,0,0,0,factor_graph_prior_initial,sequence_factor_graph|prior|initial
1,1702,1,0.678751603,-0.611782323 0.791017425 -0.00371787628 -0.00415990732 -0.00791725333 -0.999960005 -0.791015224 -0.611742389 0.00813419481,5269.04964 -1077.94428 37394.6686,0,0,0,factor_graph_prior_initial,sequence_factor_graph|prior|initial
1,1703,1,0.951746256,-0.595653271 0.803240479 0.0013831956 0.00906560643 0.00844460375 -0.999923249 -0.80319051 -0.595595014 -0.0123119179,5442.54112 -1108.17349 37893.2838,0,0,0,factor_graph_prior_initial,sequence_factor_graph|prior|initial
1,1704,1,0.701349367,-0.611553631 0.791134725 -0.0103924379 0.039888505 0.0177105416 -0.999047168 -0.790196851 -0.611385462 -0.0423881275,5485.34727 -1079.20563 37795.0325,0,0,0,factor_graph_prior_initial,sequence_factor_graph|prior|initial
1,1705,1,1,-0.398498715 0.91638587 0.0378907831 0.0868118101 0.0788137612 -0.993102261 -0.913051194 -0.392460607 -0.110960299,4642.24911 -872.135043 33189.8155,0,0,0,factor_graph_prior_initial,sequence_factor_graph|prior|initial
1,1706,1,0.97439225,-0.442859971 0.894699701 0.0582021619 0.0751593714 0.101732225 -0.99196856 -0.893435009 -0.434928729 -0.112298198,4303.87497 -884.215593 30800.4055,0,0,0,factor_graph_prior_initial,sequence_factor_graph|prior|initial
1,1707,1,0.462233576,-0.431178042 0.901799514 0.029036735 0.075841612 0.0682927357 -0.994778444 -0.899073715 -0.426724429 -0.0978402569,4274.17803 -934.408724 30248.2052,0,0,0,factor_graph_prior_initial,sequence_factor_graph|prior|initial
1,1708,1,0.487990285,-0.415029905 0.908513826 0.0485057412 0.0811101732 0.0900496474 -0.992628934 -0.906185035 -0.408036383 -0.11106301,4361.62901 -962.996423 30710.2699,0,0,0,factor_graph_prior_initial,sequence_factor_graph|prior|initial
1,1709,1,0.986259797,-0.435533861 0.898579549 0.0535261562 0.0529414186 0.0849287207 -0.994979557 -0.89861419 -0.430513537 -0.0845614097,4405.10941 -921.827912 30417.9668,0,0,0,factor_graph_prior_initial,sequence_factor_graph|prior|initial
1,1710,1,0.549484748,-0.243507281 0.967185558 -0.0725003506 0.00906987577 -0.0724763854 -0.997328888 -0.96985666 -0.243514415 0.00887627466,4115.66687 -978.0761 28637.5122,0,0,0,factor_graph_prior_initial,sequence_factor_graph|prior|initial
1,1711,1,0.779279842,-0.237132114 0.970080261 0.0520830886 0.0799901025 0.0729272524 -0.994124338 -0.968178674 -0.231572674 -0.094890213,4107.33271 -1035.03132 28105.5832,0,0,0,factor_graph_prior_initial,sequence_factor_graph|prior|initial
1,1712,1,0.842687366,-0.263849103 0.964418173 -0.0167701649 0.082181474 0.00515367085 -0.996604056 -0.961056635 -0.264331283 -0.0806170985,4255.22947 -713.618517 28065.8512,0,0,0,factor_graph_prior_initial,sequence_factor_graph|prior|initial
1,1713,1,0.961368641,-0.365555756 0.920373915 0.138855487 0.0867576013 0.182222572 -0.979422306 -0.926737346 -0.345986692 -0.146461943,4151.77965 -802.589774 28014.6465,0,0,0,factor_graph_prior_initial,sequence_factor_graph|prior|initial
1,1714,1,0.830201558,-0.303262827 0.952755023 0.017015383 0.0402494455 0.0306477062 -0.99871953 -0.952056532 -0.302189649 -0.0476421715,4412.72736 -917.066097 29241.4227,0,0,0,factor_graph_prior_initial,sequence_factor_graph|prior|initial
1,1715,1,0.397316784,-0.303713779 0.951037424 -0.0573215339 0.103337684 -0.0269270983 -0.994281778 -0.947142684 -0.307900551 -0.0900998739,4043.6902 -1820.34993 28963.3598,0,0,0,factor_graph_prior_initial,sequence_factor_graph|prior|initial
1,1716,1,0.820438593,-0.256019358 0.963666551 -0.076163425 0.0573231051 -0.0635160797 -0.996333162 -0.964970544 -0.2594465 -0.038979013,3708.1089 -1857.97 26851.9573,0,0,0,factor_graph_prior_initial,sequence_factor_graph|prior|initial
1,1717,1,0.948285742,-0.223593134 0.974536354 -0.0168821086 0.0248195832 -0.0116222232 -0.999624386 -0.974366512 -0.223928156 -0.0215889368,3322.63541 -2038.75065 25532.9208,0,0,0,factor_graph_prior_initial,sequence_factor_graph|prior|initial
1,1718,1,0.970145434,-0.234321605 0.971063127 -0.0461496253 0.0147800474 -0.0439073295 -0.998926272 -0.972046776 -0.234752101 -0.00406392313,3613.11722 -2063.39264 25517.7994,0,0,0,factor_graph_prior_initial,sequence_factor_graph|prior|initial
1,1719,1,0.823852876,-0.319351979 0.947627863 0.0039681264 0.0407488801 0.0179157128 -0.999008787 -0.946759654 -0.318873736 -0.0443361926,3817.99221 -2443.91155 26931.1428,0,0,0,factor_graph_prior_initial,sequence_factor_graph|prior|initial
1,1720,1,0.443545571,-0.30768169 0.950754363 0.037391435 0.0316746589 0.0495106911 -0.998271209 -0.950961983 -0.305965412 -0.0453483533,3917.7177 -1089.81609 28387.4302,0,0,0,factor_graph_prior_initial,sequence_factor_graph|prior|initial
1,1721,1,0.420039382,-0.566047656 0.821272927 0.0714200901 0.0355472655 0.110871541 -0.993198819 -0.823605757 -0.559659075 -0.0919525831,4015.85674 -878.045261 28975.75,0,0,0,factor_graph_prior_initial,sequence_factor_graph|prior|initial
1,1722,1,0.526267353,-0.29742471 0.9546844 -0.0107813441 0.0470728123 0.00338466491 -0.998885726 -0.95358413 -0.297600806 -0.0459463626,3712.62121 -750.428319 27714.6988,0,0,0,factor_graph_prior_initial,sequence_factor_graph|prior|initial
1,1723,1,0.809728896,-0.87580007 0.476798577 0.0750823234 -0.0553905866 0.0552458257 -0.996935194 -0.479485267 -0.877274767 -0.0219741451,4160.44712 -1022.9516 30745.1363,0,0,0,factor_graph_prior_initial,sequence_factor_graph|prior|initial
1,1724,1,0.904550357,-0.308997007 0.951009791 -0.0100611617 0.00310902625 -0.00956874762 -0.999949385 -0.951057928 -0.309012648 -2.67856785e-11,4631.61469 -977.400661 32917.099,0,0,0,factor_graph_prior_initial,sequence_factor_graph|prior|initial
1,1725,1,0.995894089,-0.878943907 0.472879739 0.0619867768 -0.0236878253 0.0865263772 -0.995967908 -0.476336535 -0.876868256 -0.0648503394,4727.63872 -1187.23083 35161.7851,0,0,0,factor_graph_prior_initial,sequence_factor_graph|prior|initial
1,1726,1,0.775112433,-0.876978891 0.474741398 0.0743547519 -0.0402629754 0.0815950465 -0.995851968 -0.478839135 -0.876334898 -0.0524426322,4926.52178 -1121.33241 37574.5506,0,0,0,factor_graph_prior_initial,sequence_factor_graph|prior|initial
1,1727,1,0.367879441,-0.872043303 0.486534506 0.0531474508 0.00320314031 0.114261932 -0.993445495 -0.489418243 -0.866157252 -0.101199791,4970.25967 -1302.52695 38922.9851,0,0,0,factor_graph_prior_initial,sequence_factor_graph|prior|initial
1,1728,1,0.96650232,-0.356198485 0.93232457 0.0623982013 0.146915692 0.121827044 -0.981618027 -0.922788393 -0.340483579 -0.180367718,4702.78978 -1248.29543 39162.5099,0,0,0,factor_graph_prior_initial,sequence_factor_graph|prior|initial
1,1729,1,0.470668341,-0.402711667 0.914535653 -0.0380506628 0.128396048 0.0152813619 -0.991605231 -0.906276872 -0.404216551 -0.123576746,4093.894 -1091.55607 36490.7227,0,0,0,factor_graph_prior_initial,sequence_factor_graph|prior|initial
1,1730,1,0.532467383,-0.730134179 0.681688955 0.0469494423 0.00413104093 0.0731119458 -0.997315185 -0.683291311 -0.727979953 -0.0561976155,4232.28264 -1186.17487 36844.8982,0,0,0,factor_graph_prior_initial,sequence_factor_graph|prior|initial
1,1731,1,0.969666366,-0.382953716 0.92139257 -0.0661980609 0.127410785 -0.0182929058 -0.991681331 -0.914938765 -0.388202397 -0.110390015,4199.04423 -1244.04383 37299.2439,0,0,0,factor_graph_prior_initial,sequence_factor_graph|prior|initial
1,1732,1,0.57076175,-0.880538054 0.471485469 0.0485199686 -0.00327523581 0.0963129848 -0.99534571 -0.473964142 -0.876598689 -0.0832630222,4547.58263 -1246.01924 38641.14,0,0,0,factor_graph_prior_initial,sequence_factor_graph|prior|initial
1,1733,1,0.972803729,-0.616578114 0.786754203 0.0291419681 0.00221776893 0.0387509028 -0.999246441 -0.787290614 -0.616048855 -0.0256377976,4518.47744 -1350.00837 39466.6252,0,0,0,factor_graph_prior_initial,sequence_factor_graph|prior|initial
1,1734,1,0.943225284,-0.874786852 0.481042433 0.0578458418 -0.0424501852 0.0428354986 -0.998179895 -0.482644741 -0.875650214 -0.0170515906,4890.07282 -1506.57773 42562.3589,0,0,0,factor_graph_prior_initial,sequence_factor_graph|prior|initial
1,1735,1,0.990166083,-0.48363266 0.875271071 5.88378656e-05 -0.0155897448 -0.00854693071 -0.999841942 -0.875132225 -0.483557135 0.0177788275,4978.58143 -2000.69499 45863.9793,0,0,0,factor_graph_prior_initial,sequence_factor_graph|prior|initial
1,1736,1,0.605758093,-0.741808835 0.669465903 -0.0391798137 0.0182942652 -0.0382003133 -0.999102625 -0.670361822 -0.74185992 0.0160899432,2551.79405 -1193.8467 34169.632,0,0,0,factor_graph_prior_initial,sequence_factor_graph|prior|initial
1,1737,1,0.935572739,-0.227084293 0.973468443 -0.0281409665 0.0240746031 -0.0232757622 -0.999439169 -0.973577494 -0.22763442 -0.0181503064,1093.51611 -862.15806 21467.1288,0,0,0,factor_graph_prior_initial,sequence_factor_graph|prior|initial
1,1738,1,0.726759207,0.145511523 0.984744499 0.0954183858 0.017807601 0.0938223897 -0.99542968 -0.989196283 0.146545662 -0.00388369826,445.683748 -722.461224 16195.5204,0,0,0,factor_graph_prior_initial,sequence_factor_graph|prior|initial
1,1739,1,0.709738889,0.721747449 0.689733512 -0.0578645256 0.120188748 -0.207218647 -0.970883668 -0.681641611 0.693778145 -0.232457737,696.792126 -1723.7345 35952.137,0,0,0,factor_graph_prior_initial,sequence_factor_graph|prior|initial
1,1740,1,1,0.216714131 0.973801672 -0.068886056 0.0842056364 -0.0889461812 -0.992470648 -0.972596728 0.20928182 -0.101275484,3030.62177 -2015.49149 44380.7144,0,0,0,factor_graph_prior_initial,sequence_factor_graph|prior|initial
1,1741,1,0.452875404,-0.25889513 0.965884925 -0.00629467096 0.0508106547 0.00711083702 -0.998682989 -0.964568084 -0.258873999 -0.0509182065,3661.2606 -1402.41289 40373.127,0,0,0,factor_graph_prior_initial,sequence_factor_graph|prior|initial
1,1742,1,0.49293937,-0.281206693 0.957142661 -0.0692872462 0.0117710197 -0.0687550398 -0.997564127 -0.95957503 -0.28133729 0.00806783223,3664.47949 -1619.81297 39057.7202,0,0,0,factor_graph_prior_initial,sequence_factor_graph|prior|initial
1,1743,1,0.403432307,-0.485683022 0.872947928 0.045540277 0.0286058938 0.0679419258 -0.997279097 -0.873666816 -0.483058806 -0.0579696956,3789.15215 -1616.24455 39278.141,0,0,0,factor_graph_prior_initial,sequence_factor_graph|prior|initial
1,1744,1,0.742760924,-0.0502109116 0.998336707 -0.0283316614 0.106909797 -0.0228317943 -0.994006541 -0.99300008 -0.0529389068 -0.10558557,3320.60957 -1359.80773 35622.4022,0,0,0,factor_graph_prior_initial,sequence_factor_graph|prior|initial
1,1745,1,0.705374142,0.285743896 0.953475243 0.0961009203 0.0544339605 0.0839710851 -0.994980302 -0.956758783 0.289540702 -0.0279072087,3921.28825 -2484.91192 40253.1433,0,0,0,factor_graph_prior_initial,sequence_factor_graph|prior|initial
1,1746,1,0.760060036,0.517533768 0.855451837 -0.0189987705 0.0292983187 -0.0399067972 -0.998773776 -0.855161042 0.516342524 -0.0457164157,4577.08549 -2438.46464 44228.8704,0,0,0,factor_graph_prior_initial,sequence_factor_graph|prior|initial
1,1747,1,0.786382359,0.4860802 0.873725124 -0.0181782126 0.037343952 -0.0415485137 -0.998438356 -0.873115954 0.484642269 -0.0528242589,4332.79657 -2492.7659 43740.9744,0,0,0,factor_graph_prior_initial,sequence_factor_graph|prior|initial
1,1748,1,0.948342505,-0.0958758972 0.995393068 -0.000672436481 0.0561783172 0.00473660078 -0.998409516 -0.993806726 -0.0957611845 -0.0563736334,3750.93031 -2517.63535 40058.9447,0,0,0,factor_graph_prior_initial,sequence_factor_graph|prior|initial
1,1749,1,0.666410736,-0.255051353 0.965202789 -0.0577267987 0.023667392 -0.0534516495 -0.998289926 -0.966637813 -0.255981439 -0.00921091726,4075.68169 -3052.66047 42514.7514,0,0,0,factor_graph_prior_initial,sequence_factor_graph|prior|initial
1,1750,1,0.457640809,-0.336197107 0.941384567 -0.0276875757 0.0640387548 -0.00648036743 -0.997926371 -0.939611911 -0.337273037 -0.0581064147,3559.23724 -1529.45352 39695.7092,0,0,0,factor_graph_prior_initial,sequence_factor_graph|prior|initial
1,1751,1,0.408916904,-0.246213158 0.969131605 -0.0127676427 0.0166096434 -0.00895219691 -0.999821973 -0.969073372 -0.246381391 -0.0138927817,3853.24359 -1536.40366 41978.5881,0,0,0,factor_graph_prior_initial,sequence_factor_graph|prior|initial
1,1752,1,0.408489995,-0.276220463 0.961023036 0.0117038335 0.0825856485 0.0358660944 -0.995938369 -0.957539486 -0.274131989 -0.0892736599,3844.39206 -1597.15915 42026.1078,0,0,0,factor_graph_prior_initial,sequence_factor_graph|prior|initial
1,1753,1,0.427123547,-0.258548032 0.965987793 -0.00452750515 0.0589285624 0.0110938314 -0.998200557 -0.964199326 -0.258349589 -0.0597925602,3834.40995 -1514.65988 42735.7368,0,0,0,factor_graph_prior_initial,sequence_factor_graph|prior|initial
1,1754,1,1,-0.282801511 0.958170252 -0.0439667343 0.0221101139 -0.0393136964 -0.99898227 -0.958923588 -0.283485805 -0.0100672806,3996.88768 -1513.0384 43926.5289,0,0,0,factor_graph_prior_initial,sequence_factor_graph|prior|initial
1,1755,1,1,-0.288106107 0.957327234 0.0227911991 0.010217395 0.0268721828 -0.99958666 -0.957543981 -0.287754155 -0.0175234305,4190.78207 -1667.58513 46035.6903,0,0,0,factor_graph_prior_initial,sequence_factor_graph|prior|initial
1,1756,1,1,-0.281641694 0.95949834 0.00639466424 0.038322226 0.017907355 -0.999104966 -0.958754068 -0.281144557 -0.04181357,4158.6647 -1482.84423 46658.9813,0,0,0,factor_graph_prior_initial,sequence_factor_graph|prior|initial
1,1757,1,1,-0.293294324 0.955740501 0.0232063547 0.00317701366 0.0252481085 -0.999676167 -0.956016917 -0.293125619 -0.0104415275,4287.49323 -1397.7679 47662.2276,0,0,0,factor_graph_prior_initial,sequence_factor_graph|prior|initial
1,1758,1,0.740598527,-0.282753702 0.952331117 -0.11452418 -0.0178485422 -0.124599583 -0.992046558 -0.959026472 -0.278460747 0.0522287155,4197.85595 -1707.48162 46921.8292,0,0,0,factor_graph_prior_initial,sequence_factor_graph|prior|initial
1,1759,1,1,-0.311986175 0.948776722 0.0498734348 0.0211530889 0.0594171542 -0.998009092 -0.949851132 -0.310310062 -0.038606889,4316.00189 -1553.78687 47507.2098,0,0,0,factor_graph_prior_initial,sequence_factor_graph|prior|initial
1,1760,1,0.506767003,-0.8239098 0.495824836 0.274463793 -0.0577688131 0.408299831 -0.911018118 -0.563768929 -0.766452203 -0.30775902,5062.93726 -2326.55048 56330.7953,0,0,0,factor_graph_prior_initial,sequence_factor_graph|prior|initial
1,1761,1,0.510317421,-0.584464163 0.809544429 0.0551312932 0.0290262687 0.0887600258 -0.995630018 -0.810900189 -0.58030981 -0.0753751084,4482.58305 -1842.11385 52989.4676,0,0,0,factor_graph_prior_initial,sequence_factor_graph|prior|initial
1,1762,1,0.782209526,-0.318567806 0.94276338 -0.0985482694 0.0782749509 -0.0774458671 -0.993919096 -0.944662683 -0.324344487 -0.0491229973,3901.79443 -1534.01661 47045.7764,0,0,0,factor_graph_prior_initial,sequence_factor_graph|prior|initial
1,1763,1,1,-0.424721096 0.901793102 0.0798823676 -0.0226138475 0.0776410519 -0.996724877 -0.90504177 -0.42513653 -0.0125827809,4000.65136 -1637.8541 46784.1034,0,0,0,factor_graph_prior_initial,sequence_factor_graph|prior|initial
1,1764,1,0.588906952,0.363931651 0.921874999 0.133042248 0.0248036622 0.133194515 -0.990779491 -0.93109534 0.363875951 0.0256078236,4417.37461 -1892.62199 48178.5927,0,0,0,factor_graph_prior_initial,sequence_factor_graph|prior|initial
1,1765,1,0.620588161,0.111621 0.992681473 0.0460895448 -0.0143518852 0.0479848504 -0.998744951 -0.993647209 0.110819439 0.0196029676,4469.78474 -2024.08981 45827.9953,0,0,0,factor_graph_prior_initial,sequence_factor_graph|prior|initial
1,1766,1,0.468843236,0.499908443 0.866078208 0.000292760635 0.0317762726 -0.018003757 -0.999332844 -0.865495128 0.499584229 -0.0365209674,4914.96468 -1991.38939 49113.163,0,0,0,factor_graph_prior_initial,sequence_factor_graph|prior|initial
1,1767,1,0.367879441,0 0.999636843 -0.0269477818 0 -0.0269477818 -0.999636843 -1 0 0,4784.30414 -1542.85431 49828.8116,0,0,0,factor_graph_prior_initial,sequence_factor_graph|prior|initial
1,1768,1,0.843300046,-0.324532919 0.943980558 -0.0598255056 -0.0344507163 -0.0750034222 -0.996587997 -0.94524681 -0.321364581 0.056861886,4523.08273 -1928.29847 46142.6811,0,0,0,factor_graph_prior_initial,sequence_factor_graph|prior|initial
1,1769,1,0.577153115,-0.277697587 0.960646703 0.00647780818 -0.0254180655 -0.00060669692 -0.999676725 -0.96033222 -0.277772468 0.0245862591,4321.70105 -1620.21112 43645.3362,0,0,0,factor_graph_prior_initial,sequence_factor_graph|prior|initial
1,1770,1,0.672860319,-0.312135185 0.950032413 -0.00316880846 -0.0578715801 -0.0223428815 -0.998073983 -0.948273434 -0.311350624 0.0619538764,4178.70378 -1705.4528 42090.2634,0,0,0,factor_graph_prior_initial,sequence_factor_graph|prior|initial
1,1771,1,0.770521836,-0.268610336 0.963151522 -0.0136979524 -0.0129424963 -0.0178280527 -0.999757297 -0.963161969 -0.268367858 0.0172543842,3950.34575 -1546.8514 39643.4174,0,0,0,factor_graph_prior_initial,sequence_factor_graph|prior|initial
1,1772,1,0.638045717,-0.288301759 0.951982067 0.103015729 -0.0393140187 0.0957248636 -0.994631167 -0.956732201 -0.290803878 0.00982859418,4186.49101 -1492.98763 41342.8993,0,0,0,factor_graph_prior_initial,sequence_factor_graph|prior|initial
1,1773,1,1,-0.295798962 0.95473209 0.0314580845 0.0286114341 0.0417718961 -0.998717425 -0.954821638 -0.294519516 -0.0396723378,4274.0593 -1321.00856 41658.3862,0,0,0,factor_graph_prior_initial,sequence_factor_graph|prior|initial
1,1774,1,0.893200242,-0.280063936 0.959973642 0.00384697231 -0.00789326721 0.00170445034 -0.999967395 -0.959948899 -0.28008517 0.0070999734,4329.30899 -1617.03479 41746.4027,0,0,0,factor_graph_prior_initial,sequence_factor_graph|prior|initial
1,1775,1,0.498713565,-0.34676682 0.934294149 -0.0827479011 0.0237439454 -0.0794496145 -0.996556062 -0.937650787 -0.347537338 0.00536666093,4351.67265 -1593.30547 42551.9562,0,0,0,factor_graph_prior_initial,sequence_factor_graph|prior|initial
1,1776,1,0.524770292,-0.712026415 0.700941331 -0.0412266296 -0.000140983013 -0.0588573404 -0.998266394 -0.702152665 -0.710786229 0.0420068018,4944.46754 -1577.85153 47349.926,0,0,0,factor_graph_prior_initial,sequence_factor_graph|prior|initial
1,1777,1,1,-0.487875129 0.867163362 0.100027808 -0.0202477963 0.103317885 -0.994442277 -0.872678569 -0.487188996 -0.0328480795,4987.83684 -1801.27192 48282.4326,0,0,0,factor_graph_prior_initial,sequence_factor_graph|prior|initial
1,1778,1,0.367879441,-0.303275162 0.952689291 -0.0201814498 -0.007841361 -0.0236732621 -0.999688996 -0.952870762 -0.303022592 0.014649893,4440.50694 -1585.55317 44359.0851,0,0,0,factor_graph_prior_initial,sequence_factor_graph|prior|initial
1,1779,1,1,-0.433769498 0.899108791 0.0587146104 -0.0574433926 0.0374362275 -0.997646624 -0.899190903 -0.436121441 0.0354091656,4488.99221 -1545.18282 44161.4914,0,0,0,factor_graph_prior_initial,sequence_factor_graph|prior|initial
1,1780,1,0.656340144,-0.426937783 0.904126724 0.0167031752 0.0313379494 0.0332531747 -0.998955534 -0.903737828 -0.425968418 -0.0425305142,4346.73071 -1564.75914 42480.0606,0,0,0,factor_graph_prior_initial,sequence_factor_graph|prior|initial
1,1781,1,0.367879441,-0.406100209 0.912924235 0.0406443376 0.0183854611 0.0526302901 -0.998444804 -0.913643582 -0.404721379 -0.0381577048,4345.57581 -1723.5024 41526.2642,0,0,0,factor_graph_prior_initial,sequence_factor_graph|prior|initial
1,1782,1,0.551127779,-0.624898917 0.779555219 -0.0423674882 0.0558464927 -0.00949393028 -0.998394228 -0.778705665 -0.626261547 -0.0376026781,4842.16118 -1679.36921 45240.7227,0,0,0,factor_graph_prior_initial,sequence_factor_graph|prior|initial
1,1783,1,0.486541119,-0.43064275 0.902489558 0.00770839552 -0.0360448696 -0.00866421649 -0.999312613 -0.901802411 -0.43062458 0.0362613004,4442.28077 -1408.06091 41802.0325,0,0,0,factor_graph_prior_initial,sequence_factor_graph|prior|initial
1,1784,1,0.986950004,-0.414214817 0.90792511 0.0640162437 0.0397034402 0.0882906776 -0.995303166 -0.909312775 -0.409727653 -0.0726190571,4110.66628 -1407.77731 38973.8693,0,0,0,factor_graph_prior_initial,sequence_factor_graph|prior|initial
1,1785,1,0.521067551,-0.39251763 0.91729636 -0.0670618937 0.0743206713 -0.0410419068 -0.996389482 -0.916736793 -0.396084523 -0.0520644093,4288.40065 -1366.75394 38864.6584,0,0,0,factor_graph_prior_initial,sequence_factor_graph|prior|initial
1,1786,1,0.492071844,-0.648457458 0.760798983 -0.0262265602 0.0656663989 0.0215799883 -0.997608254 -0.758413376 -0.648628716 -0.0639526338,4901.60418 -1445.94872 43536.335,0,0,0,factor_graph_prior_initial,sequence_factor_graph|prior|initial
1,1787,1,0.961162065,-0.528780049 0.843532009 0.0940500394 0.027859465 0.127998859 -0.991382944 -0.848301544 -0.521603338 -0.0911835932,4746.11807 -1502.96783 41598.3772,0,0,0,factor_graph_prior_initial,sequence_factor_graph|prior|initial
1,1789,1,1,-0.42480561 0.903826668 0.0513570652 -0.0570583753 0.0298859303 -0.99792343 -0.903484662 -0.426853822 0.0388751703,4553.15733 -1179.18408 39526.577,0,0,0,factor_graph_prior_initial,sequence_factor_graph|prior|initial
1,1790,1,0.82515281,0.246235887 0.967432277 -0.0586743287 0.0673163407 -0.0774630247 -0.994720056 -0.96686938 0.240986034 -0.0841981774,4464.41555 -1929.83413 38779.7966,0,0,0,factor_graph_prior_initial,sequence_factor_graph|prior|initial
1,1791,1,0.927426569,-0.392661808 0.918213718 0.051964154 0.0651502681 0.0841319929 -0.994322508 -0.917372415 -0.387046995 -0.0928572903,5168.29014 -3481.41456 42665.2832,0,0,0,factor_graph_prior_initial,sequence_factor_graph|prior|initial
1,1792,1,0.893901099,-0.679343664 0.7241866 0.118515632 0.0067573393 0.167671707 -0.985819728 -0.733789155 -0.668909536 -0.118800286,4891.82377 -3188.42626 41616.4093,0,0,0,factor_graph_prior_initial,sequence_factor_graph|prior|initial
1,1793,1,0.84888067,-0.471133081 0.851511838 0.230133025 0.146520775 0.332828788 -0.931534573 -0.869807612 -0.405157484 -0.281570827,5036.91769 -4103.01781 40693.5234,0,0,0,factor_graph_prior_initial,sequence_factor_graph|prior|initial
1,1794,1,0.729379036,-0.53356455 0.830314494 0.16089348 0.021372274 0.203411697 -0.978860004 -0.845489265 -0.518846338 -0.126278979,4562.65306 -4089.08844 37726.9554,0,0,0,factor_graph_prior_initial,sequence_factor_graph|prior|initial
1,1795,1,0.519511659,-0.282333438 0.959297542 0.00600469964 0.0679221594 0.0262332143 -0.997345677 -0.956908778 -0.281176182 -0.0725640741,4651.23177 -1783.48017 39934.7305,0,0,0,factor_graph_prior_initial,sequence_factor_graph|prior|initial
1,1796,1,0.482334443,-0.38450748 0.92219229 0.0414171168 -0.0112784777 0.0401699216 -0.999129208 -0.923052974 -0.384639776 -0.0050447102,5236.08685 -1718.68384 45629.6387,0,0,0,factor_graph_prior_initial,sequence_factor_graph|prior|initial
1,1797,1,0.484895201,-0.310235264 0.9457773 0.0962256701 0.0315299768 0.111400737 -0.993275257 -0.950136801 -0.305115019 -0.0643807733,4910.91585 -1266.80827 43535.3088,0,0,0,factor_graph_prior_initial,sequence_factor_graph|prior|initial
1,1798,1,1,-0.871835279 0.487918572 0.0428802223 -0.0169488638 0.0574412143 -0.99820501 -0.489505855 -0.870997115 -0.0418096117,5997.25294 -1614.2571 49383.6937,0,0,0,factor_graph_prior_initial,sequence_factor_graph|prior|initial
1,1799,1,0.871232875,-0.657121167 0.746702725 0.103086431 0.0706262981 0.197147644 -0.977826535 -0.750468985 -0.635269901 -0.182286739,7066.09583 -2267.31014 57241.5657,0,0,0,factor_graph_prior_initial,sequence_factor_graph|prior|initial
1,1800,1,0.671608789,-0.877336882 0.476107174 -0.060016285 0.0380633743 -0.055629047 -0.997725708 -0.478363016 -0.877625984 0.0306831691,6185.5793 -1568.84098 52735.1685,0,0,0,factor_graph_prior_initial,sequence_factor_graph|prior|initial
1,1801,1,0.367879441,-0.862094384 0.506625718 -0.0111199982 -0.00727730385 -0.034318976 -0.999384435 -0.506695484 -0.861482785 0.0332730658,5898.02933 -1663.90991 49219.3184,0,0,0,factor_graph_prior_initial,sequence_factor_graph|prior|initial
1,1802,1,0.367879441,-0.860874006 0.508270259 0.0236069836 -0.0176486987 0.0165399627 -0.999707434 -0.508512014 -0.861038776 -0.00526851528,5789.24847 -1371.41514 45907.0168,0,0,0,factor_graph_prior_initial,sequence_factor_graph|prior|initial
1,1803,1,0.367879441,-0.869082354 0.494047228 0.024762826 -0.0161682889 0.0216623076 -0.999634599 -0.494403123 -0.869165163 -0.0108384309,5550.29058 -1270.10858 43346.4432,0,0,0,factor_graph_prior_initial,sequence_factor_graph|prior|initial
1,1804,1,0.502277843,-0.42014573 0.905685847 0.0566631439 0.00584971995 0.0651435038 -0.99785876 -0.907437792 -0.418914634 -0.0326677735,4690.59086 -1280.66516 37965.1108,0,0,0,factor_graph_prior_initial,sequence_factor_graph|prior|initial
1,1805,1,0.490775279,-0.341857992 0.938479811 -0.0488749138 0.089699283 -0.0191846914 -0.995784106 -0.93546093 -0.344800799 -0.0776225261,4066.63513 -973.749101 32580.9631,0,0,0,factor_graph_prior_initial,sequence_factor_graph|prior|initial
1,1806,1,0.97756096,-0.296555457 0.955015608 -0.000222613833 0.00380000081 0.000946894317 -0.999992332 -0.955008074 -0.296554029 -0.00390986677,3937.59608 -1058.31194 30886.3506,0,0,0,factor_graph_prior_initial,sequence_factor_graph|prior|initial
1,1807,1,0.993676944,-0.296060949 0.954028306 0.0466680487 -0.0281191911 0.040131922 -0.998798648 -0.954755061 -0.297017543 0.0149450094,4059.34954 -925.774276 31645.3705,0,0,0,factor_graph_prior_initial,sequence_factor_graph|prior|initial
1,1808,1,0.994267146,-0.296032605 0.955107283 -0.0116092547 -0.0040697536 -0.0134151355 -0.999901731 -0.955169165 -0.295956268 0.00785836882,4091.39585 -940.259457 31116.8194,0,0,0,factor_graph_prior_initial,sequence_factor_graph|prior|initial
1,1809,1,0.544240636,-0.876687668 0.478597237 0.0486149799 -0.0324399464 0.0420118347 -0.998590334 -0.47996498 -0.877028899 -0.0213055887,4940.04297 -1066.34343 37018.9781,0,0,0,factor_graph_prior_initial,sequence_factor_graph|prior|initial
1,1810,1,0.512823121,-0.663094993 0.746739681 0.0518158222 0.00393368115 0.0726983178 -0.997346219 -0.748524921 -0.661131457 -0.0511433263,5401.30615 -1285.26378 40184.3796,0,0,0,factor_graph_prior_initial,sequence_factor_graph|prior|initial
1,1811,1,0.367879441,-0.773130095 0.631508634 0.0588786962 -0.0541945498 0.0267164719 -0.998172921 -0.631927849 -0.77490843 0.0135690177,5852.84138 -1471.38822 43584.8579,0,0,0,factor_graph_prior_initial,sequence_factor_graph|prior|initial
1,1812,1,0.367879441,-0.337265131 0.940359099 0.0444634185 -0.045417372 0.0309228201 -0.99848938 -0.940313508 -0.338775063 0.03227945,4704.85449 -866.110742 36562.0346,0,0,0,factor_graph_prior_initial,sequence_factor_graph|prior|initial
1,1813,1,0.526948617,-0.28446546 0.958373411 -0.0244909448 -0.0304269675 -0.0345589621 -0.998939376 -0.95820332 -0.283418564 0.0389912277,4492.48791 -1019.76252 33117.2333,0,0,0,factor_graph_prior_initial,sequence_factor_graph|prior|initial
1,1814,1,0.533930625,-0.00577201091 0.992227189 0.124305628 -0.0110888182 0.124236546 -0.992190667 -0.999921858 -0.00710533786 0.0102855322,4320.09697 -934.922576 31315.6796,0,0,0,factor_graph_prior_initial,sequence_factor_graph|prior|initial
1,1815,1,0.570502297,-0.451793833 0.891442305 0.0348274263 -0.000451074657 0.0388105774 -0.999246484 -0.892122261 -0.451469109 -0.0171322725,4772.8467 -935.88829 34822.0406,0,0,0,factor_graph_prior_initial,sequence_factor_graph|prior|initial
1,1816,1,0.608012492,-0.439811669 0.895630465 0.0664211215 0.0143429773 0.0809535581 -0.99661467 -0.897975487 -0.437370085 -0.048450327,4932.41024 -1062.13701 35067.8749,0,0,0,factor_graph_prior_initial,sequence_factor_graph|prior|initial
1,1817,1,0.634081316,-0.426725232 0.902691315 0.0552627075 0.0277591252 0.0741501965 -0.996860662 -0.903955202 -0.423851553 -0.056699681,4936.85627 -1015.23411 35119.8807,0,0,0,factor_graph_prior_initial,sequence_factor_graph|prior|initial
1,1818,1,1,-0.455781194 0.888215899 0.0577582935 0.00204748815 0.0659363193 -0.997821732 -0.890089496 -0.454670121 -0.0318711459,4927.49214 -1153.41449 35059.2766,0,0,0,factor_graph_prior_initial,sequence_factor_graph|prior|initial
1,1819,1,0.537406852,-0.0407225017 0.994602109 0.0954375277 -0.0125486684 0.095000127 -0.995398165 -0.999091692 -0.0417327174 0.00861228918,4348.94991 -910.332322 30973.4402,0,0,0,factor_graph_prior_initial,sequence_factor_graph|prior|initial
1,1820,1,0.966023108,-0.29401085 0.955603119 -0.0195012617 -0.0326880902 -0.0304440711 -0.999001825 -0.955242958 -0.293079917 0.0401877281,4524.34969 -979.559779 31964.1457,0,0,0,factor_graph_prior_initial,sequence_factor_graph|prior|initial
1,1821,1,0.452141325,-0.259533315 0.965116579 0.0345318455 0.00151183323 0.0361630819 -0.999344758 -0.965732972 -0.259311051 -0.0108446198,4428.5717 -1060.96327 30529.707,0,0,0,factor_graph_prior_initial,sequence_factor_graph|prior|initial
1,1822,1,1,-0.288423924 0.95672112 -0.0386825299 0.0190145506 -0.0346684388 -0.999217967 -0.957313996 -0.288933898 -0.00819241502,4224.02811 -879.267752 30042.6826,0,0,0,factor_graph_prior_initial,sequence_factor_graph|prior|initial
1,1823,1,0.943218344,-0.28124141 0.959452484 0.0188201999 0.000136764392 0.0196518633 -0.999806874 -0.959637041 -0.281184521 -0.00565813668,4098.58227 -986.387312 29900.2876,0,0,0,factor_graph_prior_initial,sequence_factor_graph|prior|initial
1,1824,1,0.975092933,-0.300864142 0.948905221 0.0951821908 0.00745722919 0.102144344 -0.994741636 -0.953637855 -0.298572293 -0.037807774,4034.4944 -925.707519 30266.7313,0,0,0,factor_graph_prior_initial,sequence_factor_graph|prior|initial
1,1825,1,0.954194052,-0.845733115 0.530529892 0.0572147809 -0.0121678997 0.0880207927 -0.996044317 -0.533467375 -0.843083847 -0.0679866647,4515.89537 -978.025079 33385.2501,0,0,0,factor_graph_prior_initial,sequence_factor_graph|prior|initial
1,1826,1,0.367879441,-0.845643652 0.529038906 0.0707435524 -0.0198479827 0.101280741 -0.994659876 -0.533378732 -0.842531927 -0.0751470607,4716.66813 -1054.37851 35009.182,0,0,0,factor_graph_prior_initial,sequence_factor_graph|prior|initial
1,1827,1,0.585852058,-0.269362541 0.961220172 0.0591574302 -0.0187266233 0.0561883044 -0.998244553 -0.962856757 -0.269997509 0.00286538361,4071.22564 -834.165454 32796.3371,0,0,0,factor_graph_prior_initial,sequence_factor_graph|prior|initial
1,1828,1,0.965417736,-0.265973565 0.96397319 0.00370826155 -0.00271701013 0.00309715792 -0.999991513 -0.963976494 -0.265981383 0.00179536279,3822.47376 -1036.82864 31849.0334,0,0,0,factor_graph_prior_initial,sequence_factor_graph|prior|initial
1,1829,1,0.962786589,-0.338742244 0.938211739 0.0707984804 0.169784001 0.134965454 -0.976195533 -0.925433458 -0.318658216 -0.205011844,3834.5561 -1057.93095 32517.6697,0,0,0,factor_graph_prior_initial,sequence_factor_graph|prior|initial
1,1830,1,0.623774437,-0.878575838 0.477552996 0.00690164228 0.00235677888 0.0187853794 -0.999820761 -0.47759705 -0.878402098 -0.0176298673,4497.35785 -1291.12101 38961.1969,0,0,0,factor_graph_prior_initial,sequence_factor_graph|prior|initial
1,1831,1,0.883779057,-0.407910745 0.906541355 0.108589115 0.0255673003 0.130228743 -0.99115427 -0.912663759 -0.401526146 -0.0762995188,3864.50458 -1187.07657 35978.7598,0,0,0,factor_graph_prior_initial,sequence_factor_graph|prior|initial
1,1832,1,0.990442844,-0.449036845 0.889156583 0.0881276473 0.00432223341 0.10079089 -0.994898243 -0.893502787 -0.44636506 -0.0491019656,3717.64302 -1290.55834 35552.8641,0,0,0,factor_graph_prior_initial,sequence_factor_graph|prior|initial
1,1833,1,0.945890705,-0.41055996 0.901523043 0.136735959 0.0214945401 0.159484114 -0.986966465 -0.911580224 -0.402269836 -0.0848556146,3338.3894 -1090.77263 34173.3856,0,0,0,factor_graph_prior_initial,sequence_factor_graph|prior|initial
1,1834,1,0.487484134,-0.902627131 0.430280781 0.0110775822 -0.00086045076 0.0239326028 -0.999713204 -0.430422493 -0.902377792 -0.0212319812,3711.99799 -1540.01927 39765.5907,0,0,0,factor_graph_prior_initial,sequence_factor_graph|prior|initial
1,1835,1,0.536956166,-0.313684196 0.949306272 0.020489704 0.0391998338 0.0345074214 -0.998635374 -0.948717871 -0.312452941 -0.0480370808,2973.70172 -1221.12548 35663.5857,0,0,0,factor_graph_prior_initial,sequence_factor_graph|prior|initial
1,1836,1,0.672894272,-0.443360299 0.880005104 0.170360388 -0.0517308737 0.164623363 -0.984999018 -0.894849463 -0.445522351 -0.0274640306,2528.72586 -1160.54511 34558.0139,0,0,0,factor_graph_prior_initial,sequence_factor_graph|prior|initial
1,1837,1,0.948159802,-0.582070463 0.811749774 -0.0475003246 0.013831018 -0.0485238134 -0.99872626 -0.813020713 -0.581986034 0.0170169528,2301.3773 -1399.4509 37016.0637,0,0,0,factor_graph_prior_initial,sequence_factor_graph|prior|initial
1,1838,1,0.941220907,-0.585417125 0.810378002 -0.0239641997 0.0472588119 0.00460149187 -0.998872079 -0.809353689 -0.585889341 -0.0409912937,2063.74311 -1376.12629 38592.9604,0,0,0,factor_graph_prior_initial,sequence_factor_graph|prior|initial
1,1839,1,0.938004267,-0.300399752 0.953458217 0.0260272595 0.0468629531 0.0420084301 -0.998017613 -0.952661458 -0.298584529 -0.0573011897,1547.79494 -1286.99028 34710.537,0,0,0,factor_graph_prior_initial,sequence_factor_graph|prior|initial
1,1840,1,0.512020296,-0.0398937769 0.998173579 0.0453650997 0.0109797362 0.0458364214 -0.998888616 -0.999143599 -0.0393513428 -0.0127882706,1094.25986 -1117.35535 29464.4985,0,0,0,factor_graph_prior_initial,sequence_factor_graph|prior|initial
1,1841,1,0.9824635,-0.244811068 0.969349443 -0.0207171232 0.0439376948 -0.010253879 -0.99898165 -0.968574736 -0.245472027 -0.0400807169,1047.47462 -1155.79951 30292.8429,0,0,0,factor_graph_prior_initial,sequence_factor_graph|prior|initial
1,1842,1,0.720482294,-0.47960125 0.877466544 0.00592493193 0.0465003698 0.0321574547 -0.998400528 -0.876253592 -0.478558629 -0.0562252743,712.123275 -1434.66723 33595.0737,0,0,0,factor_graph_prior_initial,sequence_factor_graph|prior|initial
1,1843,1,0.93196143,0.271587043 0.957967443 0.0924059374 0.0120193167 0.0926311676 -0.995627944 -0.962338825 0.271510305 0.0136433107,531.738341 -1294.82722 31591.2743,0,0,0,factor_graph_prior_initial,sequence_factor_graph|prior|initial
1,1844,1,0.987088897,-0.0209473749 0.999573676 -0.0203389788 0.0233333051 -0.0198491238 -0.999530674 -0.999508261 -0.0214121194 -0.0229075705,240.182012 -981.150866 27126.5335,0,0,0,factor_graph_prior_initial,sequence_factor_graph|prior|initial
1,1845,1,0.600601197,-0.346030184 0.931569077 0.111544459 0.0635952289 0.141904067 -0.987835453 -0.936065574 -0.334727189 -0.108346439,-75.6995678 -1421.57054 30083.2424,0,0,0,factor_graph_prior_initial,sequence_factor_graph|prior|initial
1,1846,1,0.906509362,-0.692436273 0.712184977 0.115432085 0.0680015923 0.223704921 -0.972281797 -0.718267214 -0.665393618 -0.203331114,-487.824649 -1728.84703 36635.9406,0,0,0,factor_graph_prior_initial,sequence_factor_graph|prior|initial
1,1847,1,1,-0.696331905 0.702255103 0.148187884 0.0347253726 0.23919317 -0.970350852 -0.716879367 -0.670540378 -0.190943906,-876.496017 -1848.71984 39095.932,0,0,0,factor_graph_prior_initial,sequence_factor_graph|prior|initial
1,1848,1,0.367879441,-0.706252137 0.690711254 0.155325087 0.0162763845 0.235181499 -0.971815179 -0.707773268 -0.683818416 -0.177339718,-1326.43199 -1895.0845 40546.6118,0,0,0,factor_graph_prior_initial,sequence_factor_graph|prior|initial
1,1849,1,0.980545537,-0.0316409477 0.995290603 0.0916267718 -0.0458331654 0.090131416 -0.99487469 -0.998447881 -0.035678323 0.0427654754,-1116.65368 -1222.35048 32132.0648,0,0,0,factor_graph_prior_initial,sequence_factor_graph|prior|initial
1,1850,1,0.761276669,-0.716292447 0.684157447 0.13730884 0.0230230552 0.219837856 -0.975264711 -0.697420296 -0.695413477 -0.173219591,-1747.79403 -1985.09097 40229.2557,0,0,0,factor_graph_prior_initial,sequence_factor_graph|prior|initial
1,1851,1,0.917937645,-0.58201476 0.802727089 0.129953994 0.125550856 0.246599135 -0.960950493 -0.803427534 -0.542971535 -0.244307409,-1769.65451 -1646.4982 38063.1638,0,0,0,factor_graph_prior_initial,sequence_factor_graph|prior|initial
1,1852,1,0.865320369,-0.732895186 0.656489951 0.178565368 -0.0450000678 0.215112881 -0.975551866 -0.678851708 -0.723012719 -0.128113102,-1935.91261 -1882.98965 38851.5282,0,0,0,factor_graph_prior_initial,sequence_factor_graph|prior|initial
1,1853,1,0.92354152,-0.544543782 0.833086108 0.0971576317 0.0156703117 0.12592383 -0.991916141 -0.838586019 -0.538619276 -0.0816257579,-1314.65936 -1394.09232 33258.3351,0,0,0,factor_graph_prior_initial,sequence_factor_graph|prior|initial
1,1854,1,0.991303939,-0.72944896 0.676962304 0.098113468 0.025779358 0.170538072 -0.985013802 -0.683549295 -0.715987992 -0.141850473,-1540.95447 -1617.06173 36518.6806,0,0,0,factor_graph_prior_initial,sequence_factor_graph|prior|initial
1,1855,1,0.663018236,0.458516399 0.883161858 -0.0989335333 0.11444823 -0.16908097 -0.978934742 -0.881285603 0.437534865 -0.178602709,-1276.54314 -1792.40739 36416.9655,0,0,0,factor_graph_prior_initial,sequence_factor_graph|prior|initial
1,1856,1,0.94648661,0.823935857 0.549729404 0.137576477 0.141730302 0.0351538505 -0.989280915 -0.54867315 0.834602774 -0.0489487965,-1305.98879 -2081.01988 39364.0633,0,0,0,factor_graph_prior_initial,sequence_factor_graph|prior|initial
1,1857,1,0.858152956,0.449756441 0.892886214 -0.0217566453 0.0311787014 -0.040040302 -0.998711501 -0.892606874 0.448498587 -0.0458474165,-1034.62207 -1553.73049 35303.0243,0,0,0,factor_graph_prior_initial,sequence_factor_graph|prior|initial
1,1858,1,0.779073266,-0.551063903 0.834363178 0.0129097608 0.0204521308 0.0289706836 -0.999371007 -0.834212374 -0.550453255 -0.0330292029,-1185.85587 -1934.19218 37779.2168,0,0,0,factor_graph_prior_initial,sequence_factor_graph|prior|initial
1,1859,1,0.920002086,-0.45233807 0.885982852 0.102101206 -0.0428809498 0.0927446119 -0.994766134 -0.890815073 -0.45434879 -0.00396013252,-1249.52185 -1670.76945 35488.0562,0,0,0,factor_graph_prior_initial,sequence_factor_graph|prior|initial
1,1860,1,0.982043955,0.517721758 0.848745259 -0.107683173 0.0887568716 -0.178467929 -0.979934394 -0.850932664 0.497775736 -0.167728704,-978.24645 -1547.7953 35070.1714,0,0,0,factor_graph_prior_initial,sequence_factor_graph|prior|initial
1,1861,1,0.616899046,0.507263651 0.861105274 -0.0343699879 0.145382807 -0.124816964 -0.981470613 -0.849439479 0.492867561 -0.18850501,-848.024428 -1414.31141 32444.1681,0,0,0,factor_graph_prior_initial,sequence_factor_graph|prior|initial
1,1862,1,0.908685745,0.514577994 0.853188874 -0.0853125635 0.139443742 -0.181441064 -0.973465245 -0.846028918 0.48902749 -0.212337428,-888.368845 -1797.29998 35917.4232,0,0,0,factor_graph_prior_initial,sequence_factor_graph|prior|initial
1,1863,1,0.859771432,-0.369490165 0.918700978 0.139518928 0.126656783 0.198534113 -0.971875643 -0.92056237 -0.341427473 -0.189716113,-996.697485 -1600.19147 34852.3865,0,0,0,factor_graph_prior_initial,sequence_factor_graph|prior|initial
1,1864,1,0.598189253,0.463011019 0.883320463 -0.0732513209 0.12181647 -0.145275878 -0.981863365 -0.877941652 0.445690339 -0.174867313,-892.525911 -1618.43097 35680.8472,0,0,0,factor_graph_prior_initial,sequence_factor_graph|prior|initial
1,1865,1,0.974036774,-0.260327629 0.964203691 0.0504060329 0.0496709521 0.0655111786 -0.996614811 -0.964241838 -0.256942655 -0.0649472851,-809.781313 -1413.57756 31122.4995,0,0,0,factor_graph_prior_initial,sequence_factor_graph|prior|initial
1,1866,1,0.785429277,-0.115735584 0.98999233 0.0807493712 0.00214331196 0.0815443932 -0.996667406 -0.993277746 -0.115176814 -0.0115594504,-841.961086 -1431.68151 30537.8914,0,0,0,factor_graph_prior_initial,sequence_factor_graph|prior|initial
1,1867,1,0.834479274,-0.779648803 0.626175165 0.00723926382 0.00562372656 0.0185609947 -0.999811914 -0.626191758 -0.77946145 -0.0179924952,-1223.81115 -1838.48643 39572.2809,0,0,0,factor_graph_prior_initial,sequence_factor_graph|prior|initial
1,1868,1,0.527190312,-0.718343666 0.683646131 0.128881125 0.0319725599 0.217503504 -0.975535741 -0.694953331 -0.696649261 -0.178100182,-1582.39532 -1968.38105 40448.2727,0,0,0,factor_graph_prior_initial,sequence_factor_graph|prior|initial
1,1869,1,0.52268648,-0.791964453 0.608213627 0.0535582819 -0.0652030414 0.00296866635 -0.997867602 -0.60707567 -0.793767832 0.0373063001,-1527.29917 -1957.88634 40984.7145,0,0,0,factor_graph_prior_initial,sequence_factor_graph|prior|initial
1,1870,1,0.977517691,-0.459755322 0.887940767 0.0136469239 0.0804592193 0.0569542603 -0.995129402 -0.884393214 -0.456418018 -0.0976280451,-1463.56344 -1603.31857 37250.7744,0,0,0,factor_graph_prior_initial,sequence_factor_graph|prior|initial
1,1871,1,0.871966657,-0.779448329 0.622496839 0.0704129785 0.077413089 0.20724247 -0.975221909 -0.621665116 -0.754684201 -0.2097242,-1700.70493 -2096.4787 40412.9219,0,0,0,factor_graph_prior_initial,sequence_factor_graph|prior|initial
1,1872,1,0.98711861,0.272854558 0.958679258 0.0805262113 0.0419497436 0.0717667786 -0.996538885 -0.961140265 0.27528823 -0.0206344565,-1324.70798 -1463.23562 36274.2043,0,0,0,factor_graph_prior_initial,sequence_factor_graph|prior|initial
1,1873,1,0.963865083,0.502385849 0.862833841 -0.0559126274 0.0796807776 -0.110590561 -0.990666796 -0.860964246 0.493241818 -0.124310404,-1170.26973 -1505.60975 35544.9333,0,0,0,factor_graph_prior_initial,sequence_factor_graph|prior|initial
1,1874,1,0.974202966,0.664627444 0.747069386 0.0125575881 0.109418199 -0.0806904215 -0.990715254 -0.739119759 0.659830575 -0.135372055,-1253.06988 -1811.21147 36555.9464,0,0,0,factor_graph_prior_initial,sequence_factor_graph|prior|initial
1,1875,1,0.957791083,0.491829271 0.852116468 -0.178889613 0.0615824461 -0.238986435 -0.969068154 -0.868511123 0.465599623 -0.17001594,-1226.13907 -1630.06091 34107.2235,0,0,0,factor_graph_prior_initial,sequence_factor_graph|prior|initial
1,1876,1,0.827427159,0.512760097 0.853617884 -0.0917256323 0.104403216 -0.16804531 -0.980235044 -0.852160226 0.493048965 -0.175287382,-1176.08368 -1540.8982 34488.2507,0,0,0,factor_graph_prior_initial,sequence_factor_graph|prior|initial
1,1877,1,0.949644316,0.778656857 0.62450082 -0.0607636783 0.0494362201 -0.157602524 -0.986264419 -0.625499448 0.764957626 -0.153591246,-1309.44085 -1762.17639 38136.776,0,0,0,factor_graph_prior_initial,sequence_factor_graph|prior|initial
1,1878,1,0.976511017,0.762908233 0.645592119 -0.0343779618 0.122098161 -0.196095718 -0.972953498 -0.634872481 0.738076747 -0.228428648,-1540.95054 -1854.55954 40232.2121,0,0,0,factor_graph_prior_initial,sequence_factor_graph|prior|initial
1,1879,1,0.968738456,0.517267902 0.846483989 -0.126090344 0.0763632219 -0.192395482 -0.978341779 -0.852409864 0.496436134 -0.164160252,-1432.08909 -1408.66375 36495.9335,0,0,0,factor_graph_prior_initial,sequence_factor_graph|prior|initial
1,1880,1,0.961182139,0.496022375 0.868164263 0.0158939163 0.101206681 -0.0396250103 -0.994075986 -0.862391449 0.494692502 -0.107518916,-1339.39993 -1528.16749 36164.7186,0,0,0,factor_graph_prior_initial,sequence_factor_graph|prior|initial
1,1881,1,0.974017929,0.472990521 0.879726487 -0.0485929637 0.127608819 -0.122971836 -0.984171691 -0.87177747 0.45930299 -0.17042537,-1219.39683 -1514.79292 34801.754,0,0,0,factor_graph_prior_initial,sequence_factor_graph|prior|initial
1,1882,1,0.898863724,-0.324295414 0.945056582 -0.0412376129 0.0987761106 -0.00952475074 -0.995064098 -0.940784654 -0.326768015 -0.0902601805,-1303.8584 -1313.51912 33226.9249,0,0,0,factor_graph_prior_initial,sequence_factor_graph|prior|initial
1,1883,1,0.587375657,-0.414269684 0.901966209 0.121809634 0.0351974979 0.149610471 -0.988118335 -0.909473345 -0.405060076 -0.0937260362,-1478.50049 -1147.23015 32776.722,0,0,0,factor_graph_prior_initial,sequence_factor_graph|prior|initial
1,1884,1,0.906051386,-0.314274791 0.940370489 0.130133391 0.0171704534 0.142687065 -0.989618905 -0.949176765 -0.308777825 -0.0609895351,-1403.45812 -1502.98572 35102.7718,0,0,0,factor_graph_prior_initial,sequence_factor_graph|prior|initial
1,1885,1,0.959406457,0.0100585077 0.989538418 0.143918541 0.0967706291 0.142286985 -0.985083681 -0.995255883 0.0238355595 -0.0943270605,-1109.36832 -1128.14629 29195.1218,0,0,0,factor_graph_prior_initial,sequence_factor_graph|prior|initial
1,1886,1,0.586582213,0.605332854 0.782455195 0.146068489 0.0717589166 0.129116694 -0.989029594 -0.792731224 0.609173823 0.02201044,-1195.97137 -1245.34845 34448.2651,0,0,0,factor_graph_prior_initial,sequence_factor_graph|prior|initial
1,1887,1,0.994223438,0.609590066 0.784288536 0.115288527 0.108642204 0.0614060409 -0.992182528 -0.785236794 0.617349813 -0.0477743229,-1236.42802 -1496.79685 38785.2058,0,0,0,factor_graph_prior_initial,sequence_factor_graph|prior|initial
1,1888,1,0.997136243,-0.424752176 0.904259927 0.0435840894 0.0314550918 0.0628546257 -0.997526878 -0.904763044 -0.422330771 -0.0551412181,-1326.35283 -1528.57506 36867.8551,0,0,0,factor_graph_prior_initial,sequence_factor_graph|prior|initial
1,1889,1,0.879345023,-0.810586604 0.579524631 0.084264814 -0.0665189845 0.0518445764 -0.996437336 -0.581828653 -0.813303966 -0.00347512912,-1504.96602 -1524.10436 38814.2509,0,0,0,factor_graph_prior_initial,sequence_factor_graph|prior|initial
1,1890,1,0.922908324,-0.708931804 0.699471538 0.0903065056 0.054360724 0.181855738 -0.981821472 -0.703178931 -0.69113534 -0.166947095,-1378.34585 -1651.32129 40435.9627,0,0,0,factor_graph_prior_initial,sequence_factor_graph|prior|initial
1,1891,1,0.367879441,-0.0311112432 0.997128879 0.0690368635 0.0181331409 0.0696220008 -0.997408625 -0.99935143 -0.0297787672 -0.0202471055,-795.219302 -971.382856 31411.0241,0,0,0,factor_graph_prior_initial,sequence_factor_graph|prior|initial
1,1892,1,0.936632058,-0.368556497 0.92570983 0.0850142311 0.0649702959 0.116878874 -0.991018763 -0.927332178 -0.359723004 -0.10322011,-676.772773 -1279.42693 31969.0208,0,0,0,factor_graph_prior_initial,sequence_factor_graph|prior|initial
1,1893,1,0.720887176,-0.896731673 0.44232136 0.0149706659 -0.0193930008 -0.00547722175 -0.999796935 -0.442149543 -0.896839905 0.0134895367,-615.501106 -1304.05319 35901.329,0,0,0,factor_graph_prior_initial,sequence_factor_graph|prior|initial
1,1894,1,0.842081299,-0.7250235 0.668016287 0.167616122 -0.00633064969 0.236897718 -0.97151397 -0.688695032 -0.705431578 -0.167527436,-614.468098 -1727.08344 41706.8901,0,0,0,factor_graph_prior_initial,sequence_factor_graph|prior|initial
1,1895,1,1,-0.419494776 0.905318718 0.0664992563 0.0330181275 0.0884255389 -0.995535397 -0.907157063 -0.415426217 -0.0669859805,-203.385085 -1430.66812 36581.234,0,0,0,factor_graph_prior_initial,sequence_factor_graph|prior|initial
1,1896,1,0.967968657,-0.263205438 0.960243537 0.0930335803 -0.00992271252 0.0937342056 -0.995547808 -0.964688777 -0.262956742 -0.0151431321,41.0275646 -1052.65009 31406.1947,0,0,0,factor_graph_prior_initial,sequence_factor_graph|prior|initial
1,1897,1,0.769820551,-0.457586431 0.888799951 -0.0254814756 0.0348685904 -0.0106988387 -0.999334637 -0.888481198 -0.458170472 -0.026095558,218.398899 -1149.32632 33921.4783,0,0,0,factor_graph_prior_initial,sequence_factor_graph|prior|initial
1,1898,1,0.367879441,-0.593175195 0.804927323 -0.0153359991 0.00979154291 -0.01183472 -0.999882026 -0.80501386 -0.593255378 -0.000861418104,676.356912 -1536.39019 38915.9317,0,0,0,factor_graph_prior_initial,sequence_factor_graph|prior|initial
1,1899,1,0.783597795,-0.718428153 0.691026144 0.079648331 -0.00297830781 0.111446008 -0.993766027 -0.695594794 -0.714186709 -0.0780078613,818.55613 -1520.8993 39876.049,0,0,0,factor_graph_prior_initial,sequence_factor_graph|prior|initial
1,1900,1,1,-0.914091957 0.382239644 0.135383712 -0.038353201 0.250871276 -0.967260376 -0.403689146 -0.889357328 -0.214659302,1117.53047 -1634.37855 42074.7566,0,0,0,factor_graph_prior_initial,sequence_factor_graph|prior|initial
1,1901,1,0.963510958,-0.901725113 0.404191875 0.153364759 -0.0450315246 0.26500777 -0.963194188 -0.429958117 -0.875442637 -0.220762785,1408.90813 -1717.43393 41907.1884,0,0,0,factor_graph_prior_initial,sequence_factor_graph|prior|initial
1,1902,1,0.54967426,-0.999816037 -0.00467752157 0.0186014173 -0.0190598015 0.133658129 -0.9908442 0.00214846449 -0.991016461 -0.133722693,1601.83072 -1636.15179 40560.9283,0,0,0,factor_graph_prior_initial,sequence_factor_graph|prior|initial
1,1903,1,0.77187651,-0.899311348 0.418504391 0.126858875 -0.0454216967 0.199129206 -0.978920032 -0.434943639 -0.886116039 -0.160069975,2088.88745 -1569.4809 39959.4498,0,0,0,factor_graph_prior_initial,sequence_factor_graph|prior|initial
1,1904,1,1,-0.998578867 0.00298143774 0.0532105047 -0.0520201146 0.162463589 -0.985342321 -0.0115825063 -0.986710035 -0.162077612,2602.38171 -1773.37217 40537.4603,0,0,0,factor_graph_prior_initial,sequence_factor_graph|prior|initial
1,1905,1,0.414823446,-0.415121664 0.907927434 0.0578081231 0.0380140477 0.0807968304 -0.996005424 -0.908971362 -0.411265908 -0.0680545114,2473.54889 -1038.89084 35346.4966,0,0,0,factor_graph_prior_initial,sequence_factor_graph|prior|initial
1,1906,1,0.422472074,-0.699605391 0.704752838 0.117795308 0.0546616884 0.217161785 -0.97460395 -0.712435539 -0.675399287 -0.190450535,3237.01763 -1623.81268 38475.4028,0,0,0,factor_graph_prior_initial,sequence_factor_graph|prior|initial
1,1907,1,0.476870399,-0.376316757 0.921928448 0.0918348247 0.0792450522 0.130786655 -0.988238368 -0.923095835 -0.364613202 -0.122275478,2939.32772 -1138.7794 32900.9438,0,0,0,factor_graph_prior_initial,sequence_factor_graph|prior|initial
1,1908,1,0.495914337,-0.721672129 0.683139754 0.111845493 0.0363381557 0.198734466 -0.979379472 -0.691280606 -0.70272661 -0.168245164,3804.40497 -1411.73959 38402.9541,0,0,0,factor_graph_prior_initial,sequence_factor_graph|prior|initial
1,1909,1,0.493282926,-0.418957238 0.908005079 -0.0012687455 0.102191122 0.0457628975 -0.993711594 -0.902237112 -0.41645232 -0.111962755,3458.64463 -1053.69508 33308.9943,0,0,0,factor_graph_prior_initial,sequence_factor_graph|prior|initial
1,1910,1,0.400987029,-0.406999379 0.913252052 0.0179498161 0.0765358531 0.0536776858 -0.995620896 -0.910216331 -0.403843282 -0.0917433096,3563.59053 -1081.38442 31570.694,0,0,0,factor_graph_prior_initial,sequence_factor_graph|prior|initial
1,1911,1,0.775419198,-0.259636461 0.965628841 0.0122413181 -0.032804009 0.003849846 -0.999454389 -0.96514911 -0.259896365 0.0306769368,3626.13368 -972.045004 28826.1528,0,0,0,factor_graph_prior_initial,sequence_factor_graph|prior|initial
1,1912,1,0.957551656,-0.303870939 0.952712794 -0.000885874244 0.0613968192 0.0186547936 -0.997939091 -0.950732814 -0.303299078 -0.0641621848,3836.13276 -1028.33295 28706.5887,0,0,0,factor_graph_prior_initial,sequence_factor_graph|prior|initial
1,1913,1,0.916136597,-0.296156255 0.955073399 -0.0112372432 0.0425974535 0.00145378444 -0.999091259 -0.954189148 -0.296365803 -0.0411142421,3898.90814 -980.629921 28285.099,0,0,0,factor_graph_prior_initial,sequence_factor_graph|prior|initial
1,1914,1,0.963744514,-0.268161763 0.961900462 -0.0532613419 0.0830999186 -0.0319841385 -0.99602782 -0.959783138 -0.27152259 -0.0713569271,4107.17344 -945.413172 29181.6692,0,0,0,factor_graph_prior_initial,sequence_factor_graph|prior|initial
1,1915,1,0.957805072,-0.460097935 0.887062642 0.0378121542 0.0557558195 0.0713702658 -0.995890342 -0.886115782 -0.456098842 -0.0822962164,4731.72045 -1217.59319 34579.6814,0,0,0,factor_graph_prior_initial,sequence_factor_graph|prior|initial
1,1916,1,0.624511217,-0.885592817 0.464367266 0.00940234339 -0.0154978899 -0.00931162415 -0.999836541 -0.46420381 -0.885593776 0.0154430202,6011.20472 -1564.76831 42970.15,0,0,0,factor_graph_prior_initial,sequence_factor_graph|prior|initial
1,1917,1,0.972703465,-0.451046117 0.892486691 0.00499071025 0.0488828613 0.0302871479 -0.998345208 -0.891160965 -0.45005577 -0.0572882036,5150.45118 -1140.88881 39452.7473,0,0,0,factor_graph_prior_initial,sequence_factor_graph|prior|initial
1,1918,1,0.580491942,-0.432976221 0.900465077 -0.0411611026 0.0825484169 -0.00586187175 -0.996569816 -0.897617597 -0.434888817 -0.0717939155,5023.05651 -1202.08895 37837.8296,0,0,0,factor_graph_prior_initial,sequence_factor_graph|prior|initial
1,1919,1,0.672650414,-0.441930598 0.896188628 0.0392847367 0.014064885 0.0507103124 -0.998614362 -0.896938976 -0.440765706 -0.0350152286,4885.7336 -1335.20687 36935.6194,0,0,0,factor_graph_prior_initial,sequence_factor_graph|prior|initial
1,1920,1,0.982719171,-0.253068382 0.957869997 0.135799347 0.000831779789 0.140583943 -0.990068413 -0.967448036 -0.250442056 -0.036374088,4189.32199 -1000.06497 32582.386,0,0,0,factor_graph_prior_initial,sequence_factor_graph|prior|initial
1,1921,1,0.406928027,-0.419950808 0.906505275 0.0434684344 0.0548403413 0.0731563483 -0.995811571 -0.905888435 -0.41580805 -0.0804351262,4160.31504 -1048.65026 33193.7866,0,0,0,factor_graph_prior_initial,sequence_factor_graph|prior|initial
1,1922,1,0.89680034,-0.233854931 0.968867395 0.0812886405 0.0304404533 0.0908619829 -0.995398151 -0.97179486 -0.230304303 -0.0507412854,3818.26305 -1103.6514 30992.8722,0,0,0,factor_graph_prior_initial,sequence_factor_graph|prior|initial
1,1923,1,0.999865835,-0.281981558 0.959419762 -0.000347555603 0.0325625513 0.00920835985 -0.999427279 -0.958867082 -0.281831379 -0.0338377429,3588.02271 -977.08714 29976.0246,0,0,0,factor_graph_prior_initial,sequence_factor_graph|prior|initial
1,1924,1,0.826390746,-0.31599736 0.947596851 0.0469667534 -0.0271461982 0.0404527086 -0.998812626 -0.948371632 -0.316897122 0.0129407028,3599.17045 -1012.02309 31205.574,0,0,0,factor_graph_prior_initial,sequence_factor_graph|prior|initial
1,1925,1,0.931381984,-0.54020599 0.839867628 0.0529136723 0.0867400155 0.118113747 -0.989204384 -0.837050571 -0.5297844 -0.136655885,3892.10176 -1371.84262 36041.5154,0,0,0,factor_graph_prior_initial,sequence_factor_graph|prior|initial
1,1926,1,0.418337943,-0.419897951 0.907563066 0.00387183545 0.0879153929 0.0449207496 -0.995114571 -0.903303158 -0.417506176 -0.0986508943,3382.11918 -1118.5441 33900.6195,0,0,0,factor_graph_prior_initial,sequence_factor_graph|prior|initial
1,1927,1,0.973289842,-0.330454676 0.941601449 -0.0647025351 -0.00396019979 -0.069936453 -0.997543588 -0.943813554 -0.329386708 0.0268397577,3205.79791 -937.596738 32467.4454,0,0,0,factor_graph_prior_initial,sequence_factor_graph|prior|initial
1,1928,1,0.979367564,-0.292018169 0.956347222 -0.0111973052 -0.0311529583 -0.0212125669 -0.999289508 -0.955905269 -0.291461863 0.0359875001,3031.30078 -1069.68558 32394.6075,0,0,0,factor_graph_prior_initial,sequence_factor_graph|prior|initial
1,1929,1,0.965956554,-0.225899251 0.974100588 0.00987786304 0.0624152377 0.0245920867 -0.997747246 -0.972149097 -0.224773827 -0.0663540537,2704.25463 -1158.31709 31349.2069,0,0,0,factor_graph_prior_initial,sequence_factor_graph|prior|initial
1,1930,1,0.992265272,-0.00531878889 0.999836591 0.0172772036 0.0422703447 0.0174868018 -0.998953167 -0.999092052 -0.00458290765 -0.042356446,2145.95079 -883.271813 28108.4557,0,0,0,factor_graph_prior_initial,sequence_factor_graph|prior|initial
1,1931,1,0.529752596,-0.182682633 0.982911839 -0.0226135551 0.123475159 0.000118279968 -0.992347656 -0.975387585 -0.184076895 -0.121386803,2049.26372 -982.804418 29195.5585,0,0,0,factor_graph_prior_initial,sequence_factor_graph|prior|initial
1,1932,1,0.965005751,-0.294353505 0.954912055 -0.0387166846 0.06253272 -0.0211804688 -0.997818143 -0.953648611 -0.296132327 -0.0534787029,1685.99629 -1105.34978 30162.7655,0,0,0,factor_graph_prior_initial,sequence_factor_graph|prior|initial
1,1933,1,0.974832637,-0.148441336 0.987993143 -0.0428336269 0.144085694 -0.021243696 -0.989337161 -0.978368276 -0.153030243 -0.139202235,1430.45974 -1011.53147 30401.1898,0,0,0,factor_graph_prior_initial,sequence_factor_graph|prior|initial
1,1934,1,0.367879441,-0.213879909 0.97679208 -0.0115159704 -0.00949268866 -0.0138664512 -0.999858795 -0.976813838 -0.213740391 0.0122381384,1029.21188 -973.572373 27975.7805,0,0,0,factor_graph_prior_initial,sequence_factor_graph|prior|initial
1,1935,1,0.571682687,-0.464260561 0.883211847 0.0663246973 -0.040236634 0.0537749348 -0.997742086 -0.884784236 -0.465880983 0.0105718905,834.554434 -1322.13283 33235.3706,0,0,0,factor_graph_prior_initial,sequence_factor_graph|prior|initial
1,1936,1,0.639347611,-0.335830214 0.941922169 -0.000834081998 -0.00503691049 -0.00268134166 -0.99998372 -0.94190907 -0.335820545 0.00564485319,723.915279 -1260.72097 33887.6114,0,0,0,factor_graph_prior_initial,sequence_factor_graph|prior|initial
1,1937,1,0.990902562,0.0341332067 0.996623197 0.0746801715 0.0461697736 0.0730715029 -0.99625745 -0.998350277 0.0374534281 -0.0435197027,295.008123 -741.612077 29213.7794,0,0,0,factor_graph_prior_initial,sequence_factor_graph|prior|initial
1,1938,1,0.820265416,-0.323734294 0.941235972 0.096285783 -0.060858266 0.0808401728 -0.994867397 -0.944188741 -0.32793248 0.0311112529,43.7855721 -1199.04613 32184.7458,0,0,0,factor_graph_prior_initial,sequence_factor_graph|prior|initial
1,1939,1,1,-0.248111075 0.96850604 -0.0209032357 0.0567589149 -0.00700719272 -0.998363323 -0.967067381 -0.248891442 -0.0532327898,-206.743568 -1245.37659 32021.1563,0,0,0,factor_graph_prior_initial,sequence_factor_graph|prior|initial
1,1940,1,0.619130289,0.302057615 0.950001415 0.079110735 0.113231807 0.0466449252 -0.992473077 -0.946540942 0.308741902 -0.0934809224,-415.93653 -1150.07734 30408.3443,0,0,0,factor_graph_prior_initial,sequence_factor_graph|prior|initial
1,1941,1,0.997789216,-0.30907906 0.950295058 0.0375424867 0.138688713 0.0840909135 -0.986759423 -0.940869585 -0.299779956 -0.157785939,-743.864059 -1242.46728 31950.5138,0,0,0,factor_graph_prior_initial,sequence_factor_graph|prior|initial
1,1942,1,0.67364767,-0.0237499768 0.99820121 0.0550480062 -0.052856286 0.0537327381 -0.997155457 -0.998319664 -0.0265920521 0.0514850574,-872.584999 -1033.86807 27546.7415,0,0,0,factor_graph_prior_initial,sequence_factor_graph|prior|initial
1,1943,1,0.97750234,-0.700075437 0.70116271 0.13514894 0.0023444233 0.191521885 -0.981485543 -0.714065043 -0.686797074 -0.13572359,-1434.81362 -1641.88755 34710.2814,0,0,0,factor_graph_prior_initial,sequence_factor_graph|prior|initial
1,1944,1,0.953776079,-0.689193322 0.705415728 0.165533123 0.00887140079 0.236652579 -0.971553835 -0.724523197 -0.668119905 -0.169357403,-1942.80875 -1664.29746 38406.7955,0,0,0,factor_graph_prior_initial,sequence_factor_graph|prior|initial
1,1945,1,0.858813653,-0.758925367 0.610451174 0.22667521 -0.0946352989 0.241008642 -0.965898025 -0.644264268 -0.754495989 -0.125137343,-2447.75033 -1586.74824 39897.8348,0,0,0,factor_graph_prior_initial,sequence_factor_graph|prior|initial
1,1946,1,0.981537369,-0.724865608 0.645865322 0.239641055 -0.0922579077 0.253718804 -0.96286824 -0.682684648 -0.720058855 -0.124325852,-2658.67424 -1560.92405 38715.0192,0,0,0,factor_graph_prior_initial,sequence_factor_graph|prior|initial
1,1947,1,0.989930234,-0.73685301 0.655312625 0.166171616 -0.0492673115 0.193092456 -0.979942874 -0.674255422 -0.730260685 -0.109995266,-3247.83349 -1624.45545 40200.0237,0,0,0,factor_graph_prior_initial,sequence_factor_graph|prior|initial
1,1948,1,0.943246853,-0.910329375 0.411464643 0.0446909047 0.0258334606 0.164256483 -0.986079327 -0.41307755 -0.896502457 -0.160157057,-3477.92482 -1478.07825 40034.6947,0,0,0,factor_graph_prior_initial,sequence_factor_graph|prior|initial
1,1949,1,0.720811751,-0.726862265 0.670446356 0.148905784 -0.00903968563 0.207457847 -0.978202191 -0.686723767 -0.712364321 -0.144732657,-3503.22104 -1500.05877 38739.4791,0,0,0,factor_graph_prior_initial,sequence_factor_graph|prior|initial
1,1950,1,0.969890543,-0.706199651 0.70417632 0.0736054629 0.0404293967 0.14389837 -0.988766263 -0.706857494 -0.695290565 -0.130090402,-3631.9263 -1601.11451 38580.5283,0,0,0,factor_graph_prior_initial,sequence_factor_graph|prior|initial
1,1951,1,0.581931982,-0.705957362 0.689882173 0.160270992 0.00594065229 0.232049991 -0.97268572 -0.70822942 -0.685722531 -0.16791575,-3727.98991 -1462.63337 38250.4234,0,0,0,factor_graph_prior_initial,sequence_factor_graph|prior|initial
1,1952,1,0.699602217,-0.752049615 0.659001509 -0.0117638546 0.0215552679 0.00675230291 -0.999744856 -0.658753935 -0.752111307 -0.0192830209,-3772.47977 -1615.02612 38257.9842,0,0,0,factor_graph_prior_initial,sequence_factor_graph|prior|initial
1,1953,1,0.970094553,-0.750952739 0.660341822 -0.00431991097 0.00281371526 -0.00334206087 -0.999990457 -0.660349958 -0.750957727 0.000651715904,-3930.91321 -1732.02801 38758.0566,0,0,0,factor_graph_prior_initial,sequence_factor_graph|prior|initial
1,1954,1,0.984316833,-0.734905383 0.675229476 -0.0630811668 0.0472817022 -0.0417752934 -0.998007648 -0.676519415 -0.736423777 -0.00122511102,-3961.01999 -1608.90448 39117.2867,0,0,0,factor_graph_prior_initial,sequence_factor_graph|prior|initial
1,1955,1,0.933587791,-0.990907044 0.132781907 0.0217300331 -0.0149114847 0.052131879 -0.998528875 -0.133719396 -0.989773324 -0.0496778707,-3901.26228 -1476.8188 37537.5175,0,0,0,factor_graph_prior_initial,sequence_factor_graph|prior|initial
1,1956,1,0.882262287,-0.708428881 0.694632778 0.124955294 -0.0225366299 0.154691046 -0.987705817 -0.7054223 -0.702535397 -0.0939329228,-3684.88097 -1654.09517 36635.3951,0,0,0,factor_graph_prior_initial,sequence_factor_graph|prior|initial
1,1957,1,0.951669803,-0.559307154 0.827855385 -0.0427898293 0.0505025864 -0.01749365 -0.998570709 -0.827420689 -0.560668738 -0.0320245145,-3571.44666 -1546.5343 36950.9583,0,0,0,factor_graph_prior_initial,sequence_factor_graph|prior|initial
1,1958,1,0.553493218,0.468188869 0.882129524 0.0514459495 0.114099131 -0.00261882815 -0.993465918 -0.876230889 0.470999623 -0.101876318,-2833.07409 -1329.3792 33299.0532,0,0,0,factor_graph_prior_initial,sequence_factor_graph|prior|initial
1,1959,1,0.959580194,0.999586332 0.00465744075 0.0283808686 0.0286310818 -0.25464726 -0.966610073 0.00272518129 0.967022793 -0.254675268,-3085.53791 -1809.2742 37603.0502,0,0,0,factor_graph_prior_initial,sequence_factor_graph|prior|initial
1,1960,1,0.986421075,0.999986159 0.00399387439 0.0034249669 0.00429550177 -0.243847236 -0.969804142 -0.00303810722 0.969805431 -0.243861017,-3199.11313 -1837.12661 40259.1286,0,0,0,factor_graph_prior_initial,sequence_factor_graph|prior|initial
1,1961,1,0.938893088,0.999485506 -0.0263457026 -0.0182928431 -0.023034459 -0.192732694 -0.980980898 0.022319002 0.980897555 -0.193240393,-3237.36405 -1702.67248 41030.4756,0,0,0,factor_graph_prior_initial,sequence_factor_graph|prior|initial
1,1962,1,0.970147395,0.743384351 0.666345054 -0.0579997865 0.0652325219 -0.15852758 -0.985197302 -0.665675915 0.728596785 -0.161314291,-2890.63644 -1525.85101 37282.5775,0,0,0,factor_graph_prior_initial,sequence_factor_graph|prior|initial
1,1963,1,0.975376902,0.530522842 0.828617712 -0.178712623 -0.0169561711 -0.200412064 -0.979564951 -0.847501034 0.522711863 -0.0922729942,-2288.82718 -1258.42655 31575.7065,0,0,0,factor_graph_prior_initial,sequence_factor_graph|prior|initial
1,1964,1,1,0.471564675 0.860847574 -0.191228168 0.0963707479 -0.26586309 -0.959181681 -0.876549734 0.433887396 -0.208332166,-2306.30827 -1061.30993 30835.825,0,0,0,factor_graph_prior_initial,sequence_factor_graph|prior|initial
1,1965,1,0.839497609,0.999386045 0.0125238818 0.0327213259 0.0348194755 -0.251318008 -0.967278069 -0.00389061779 0.967823543 -0.251599785,-2970.90793 -1639.20021 38789.1579,0,0,0,factor_graph_prior_initial,sequence_factor_graph|prior|initial
1,1966,1,0.649045013,0.999574988 -0.01817838 -0.0227901344 -0.0262509945 -0.22129576 -0.974853359 0.0126778947 0.975037298 -0.221678907,-3003.15666 -1840.64662 40035.1524,0,0,0,factor_graph_prior_initial,sequence_factor_graph|prior|initial
1,1967,1,0.591488522,0.999619961 0.0201980921 0.0187608939 0.0166330093 0.100803383 -0.99476732 -0.0219835635 0.99470132 0.100429119,-3081.39539 -1730.1116 41114.6049,0,0,0,factor_graph_prior_initial,sequence_factor_graph|prior|initial
1,1968,1,0.834797528,0.99938343 0.0342723013 -0.00762684774 -0.00119122288 -0.18400088 -0.982925357 -0.0350904607 0.9823284 -0.183846605,-2912.00972 -1445.67561 40475.7767,0,0,0,factor_graph_prior_initial,sequence_factor_graph|prior|initial
1,1969,1,0.657430643,0.999934268 -0.0111173197 -0.00280428195 -0.00487483381 -0.190856604 -0.981605824 0.01037761 0.981554971 -0.190898254,-2893.15891 -1532.75549 39957.4203,0,0,0,factor_graph_prior_initial,sequence_factor_graph|prior|initial
1,1970,1,0.613968669,0.582390079 0.812861932 0.00879066121 0.0728062976 -0.0413869618 -0.996487011 -0.809642538 0.580984164 -0.0832848236,-2554.85868 -1484.88319 35846.7789,0,0,0,factor_graph_prior_initial,sequence_factor_graph|prior|initial
1,1971,1,1,0.486866713 0.872871916 -0.0324872698 0.0587362114 -0.069825201 -0.995828549 -0.871499203 0.482927593 -0.0852647554,-2263.2277 -1252.88498 32730.9914,0,0,0,factor_graph_prior_initial,sequence_factor_graph|prior|initial
1,1972,1,0.367879441,-0.259544705 0.962936765 -0.0734120684 0.0817369961 -0.053840693 -0.995198595 -0.962265873 -0.264299008 -0.0647334919,-2268.2476 -1114.86936 30314.2414,0,0,0,factor_graph_prior_initial,sequence_factor_graph|prior|initial
1,1973,1,1,0.484181831 0.874153799 -0.0377238682 0.0946961338 -0.0952147405 -0.990942377 -0.869827912 0.47622399 -0.128880233,-2261.65128 -1267.48919 30669.6091,0,0,0,factor_graph_prior_initial,sequence_factor_graph|prior|initial
1,1974,1,0.990237232,0.99972532 0.0142256736 -0.0186256651 -0.0149082277 -0.227212796 -0.973731015 -0.018083969 0.973741226 -0.226938305,-2749.59087 -1858.01804 38965.1642,0,0,0,factor_graph_prior_initial,sequence_factor_graph|prior|initial
1,1975,1,0.554188467,0.957902649 0.28677385 0.013537886 0.0617507393 -0.15975429 -0.985223535 -0.280373611 0.944584208 -0.170737555,-2472.57757 -1366.08469 36791.6679,0,0,0,factor_graph_prior_initial,sequence_factor_graph|prior|initial
1,1976,1,0.479702646,0.453722602 0.880703148 -0.136006492 0.0497181278 -0.177399839 -0.982882193 -0.889754971 0.439193878 -0.124277228,-2274.63007 -1143.90743 32762.2528,0,0,0,factor_graph_prior_initial,sequence_factor_graph|prior|initial
1,1977,1,0.604909696,0.979762509 0.200144008 0.00279308065 0.0581459566 -0.271233503 -0.960755658 -0.191531911 0.941474781 -0.277381982,-2569.70119 -1666.72289 36789.2189,0,0,0,factor_graph_prior_initial,sequence_factor_graph|prior|initial
1,1978,1,1,0.652044598 0.617525577 -0.439886353 0.158485397 -0.678383104 -0.71741114 -0.741431197 0.398068495 -0.540204825,-2752.38037 -1802.16992 40503.1128,0,0,0,factor_graph_prior_initial,sequence_factor_graph|prior|initial
1,1979,1,0.863703531,0.964824348 0.26219907 -0.0191213369 0.0250589705 -0.164125144 -0.986121182 -0.261698349 0.950954565 -0.164922374,-3078.57203 -1691.33031 42488.0714,0,0,0,factor_graph_prior_initial,sequence_factor_graph|prior|initial
1,1980,1,0.975587723,0.999759519 0.0108937218 -0.0190323761 -0.0151447267 -0.284696894 -0.958497948 -0.0158600684 0.958555687 -0.284463447,-3317.99221 -1885.59783 42978.6568,0,0,0,factor_graph_prior_initial,sequence_factor_graph|prior|initial
1,1981,1,0.689070993,0.515499587 0.85116164 -0.098914298 0.0959411122 -0.172040009 -0.980406823 -0.851501896 0.495909365 -0.170347948,-2883.17919 -1450.53244 36316.3261,0,0,0,factor_graph_prior_initial,sequence_factor_graph|prior|initial
1,1982,1,0.646178715,0.785350819 0.599421981 -0.154652448 0.0241808144 -0.279335149 -0.959889141 -0.618578515 0.750110101 -0.233870599,-3085.98518 -1317.92331 36192.9893,0,0,0,factor_graph_prior_initial,sequence_factor_graph|prior|initial
1,1983,1,0.742790507,0.788576657 0.599666944 -0.136185214 0.0451610597 -0.277339404 -0.959710026 -0.613275904 0.750654655 -0.245784975,-3266.26444 -1440.01758 36839.7827,0,0,0,factor_graph_prior_initial,sequence_factor_graph|prior|initial
1,1984,1,1,0.814355346 0.573886766 0.0864832392 0.0536868447 0.0738850021 -0.995820631 -0.577878095 0.815594867 0.0293584768,-3643.95595 -1647.20082 40249.485,0,0,0,factor_graph_prior_initial,sequence_factor_graph|prior|initial
1,1985,1,0.79550465,0.48015785 0.875088169 -0.0605733967 0.0799213421 -0.112410762 -0.990442527 -0.873533639 0.470727647 -0.123913131,-3052.35028 -1212.02898 33787.7808,0,0,0,factor_graph_prior_initial,sequence_factor_graph|prior|initial
1,1986,1,0.623946536,0.464954117 0.885317114 0.00559257374 0.099890992 -0.0461824613 -0.993926038 -0.879681453 0.462688652 -0.10990793,-3152.8511 -1354.36273 32989.4104,0,0,0,factor_graph_prior_initial,sequence_factor_graph|prior|initial
1,1987,1,1,0.789957352 0.600665162 -0.123161458 0.0899215884 -0.312179182 -0.945758038 -0.606532349 0.736033641 -0.300621005,-3383.55875 -1343.8822 34918.8881,0,0,0,factor_graph_prior_initial,sequence_factor_graph|prior|initial
1,1988,1,0.652906534,0.531175571 0.841176382 -0.101364724 0.142671777 -0.20673269 -0.967939233 -0.835163024 0.49968379 -0.229823484,-3289.17766 -1169.95788 33425.1289,0,0,0,factor_graph_prior_initial,sequence_factor_graph|prior|initial
1,1989,1,0.91285541,0.777619719 0.625647466 -0.0622319974 0.0686184122 -0.182839023 -0.980745331 -0.624979269 0.758376648 -0.185110165,-3620.70131 -1429.8681 36534.42,0,0,0,factor_graph_prior_initial,sequence_factor_graph|prior|initial
1,1990,1,0.89484103,0.497096725 0.863753086 -0.0826162917 0.107389297 -0.155724575 -0.981945719 -0.861024032 0.479249896 -0.170168013,-3354.63214 -1256.28746 33429.3175,0,0,0,factor_graph_prior_initial,sequence_factor_graph|prior|initial
1,1991,1,0.849301677,0.489765771 0.871012512 -0.0382974396 0.0925792134 -0.0956344451 -0.991101984 -0.866924782 0.481862281 -0.127476131,-3270.40052 -1141.31582 32270.5688,0,0,0,factor_graph_prior_initial,sequence_factor_graph|prior|initial
1,1992,1,0.63280214,0.526614784 0.83495636 -0.159764662 0.0619128814 -0.225106172 -0.972365161 -0.847846486 0.502170379 -0.170238792,-3017.36069 -1195.25278 31140.3599,0,0,0,factor_graph_prior_initial,sequence_factor_graph|prior|initial
1,1993,1,0.867454966,0.490964635 0.870171674 -0.0418925426 0.156014919 -0.135132298 -0.978467479 -0.85709572 0.473857067 -0.202104943,-3214.94889 -1270.29848 34530.9067,0,0,0,factor_graph_prior_initial,sequence_factor_graph|prior|initial
1,1994,1,0.627095479,0.487468964 0.871382931 -0.0553696309 0.0348416006 -0.0827765525 -0.995958887 -0.872444882 0.48356988 -0.0707113764,-3050.57359 -1206.40731 32689.9147,0,0,0,factor_graph_prior_initial,sequence_factor_graph|prior|initial
1,1995,1,0.917493769,0.473077087 0.878064702 -0.0721141316 0.0371096499 -0.101639964 -0.994128861 -0.88023914 0.467623455 -0.0806682117,-3017.78746 -1358.54554 33109.1537,0,0,0,factor_graph_prior_initial,sequence_factor_graph|prior|initial
1,1996,1,0.730849397,0.458865259 0.887418538 0.0439432926 0.137173715 -0.0218915719 -0.99030507 -0.877853089 0.460444457 -0.131775779,-2842.18669 -1184.15236 33471.8056,0,0,0,factor_graph_prior_initial,sequence_factor_graph|prior|initial
1,1997,1,1,0.440094824 0.897926769 0.00663800091 0.0533154909 -0.0187503937 -0.998401663 -0.896367115 0.439745313 -0.0561253577,-2430.75299 -1095.85547 31368.7134,0,0,0,factor_graph_prior_initial,sequence_factor_graph|prior|initial
1,1998,1,0.802510833,0.474887935 0.879974202 -0.0112629029 0.0947021822 -0.0638224861 -0.993457693 -0.874935967 0.470714451 -0.113644006,-2068.3856 -947.480977 28916.3322,0,0,0,factor_graph_prior_initial,sequence_factor_graph|prior|initial
1,1999,1,1,0.512263709 0.858717362 -0.0137979855 0.134682178 -0.0961905421 -0.986208949 -0.848201983 0.503340711 -0.164928848,-2119.92073 -1323.16649 32588.8252,0,0,0,factor_graph_prior_initial,sequence_factor_graph|prior|initial
1,2000,1,0.999760914,0.491788201 0.870623337 -0.0126242169 0.12873269 -0.0870411732 -0.987852078 -0.8611459 0.484188847 -0.154883506,-2019.24896 -1134.02927 32789.7148,0,0,0,factor_graph_prior_initial,sequence_factor_graph|prior|initial
1,2001,1,0.940114836,0.207944871 0.978101977 -0.00868641287 -0.00331107812 -0.00817660464 -0.999961089 -0.978134943 0.207965541 0.00153828906,-1672.39594 -859.847665 28392.519,0,0,0,factor_graph_prior_initial,sequence_factor_graph|prior|initial
1,2002,1,0.885800873,0.485863086 0.865542406 -0.121545895 0.117064832 -0.202252323 -0.972311587 -0.866159851 0.458181558 -0.199591514,-1566.76233 -1134.28354 30308.7311,0,0,0,factor_graph_prior_initial,sequence_factor_graph|prior|initial
1,2003,1,0.764090005,0.54194921 0.82701135 -0.149476692 0.0573064585 -0.213812916 -0.975192292 -0.838455141 0.519938712 -0.163268832,-1427.43766 -1216.00509 33146.3432,0,0,0,factor_graph_prior_initial,sequence_factor_graph|prior|initial
1,2004,1,0.98323253,0.50764095 0.858967882 -0.0668942706 0.108279414 -0.140633022 -0.98412292 -0.854737524 0.492337822 -0.16439962,-1055.20928 -1240.33022 34933.9981,0,0,0,factor_graph_prior_initial,sequence_factor_graph|prior|initial
1,2005,1,0.979088744,0.531546828 0.840314613 -0.106439285 0.124008001 -0.201511362 -0.97160444 -0.837902134 0.503253935 -0.21131846,-470.62701 -1016.02626 33520.5917,0,0,0,factor_graph_prior_initial,sequence_factor_graph|prior|initial
1,2006,1,1,-0.534027451 0.845408755 -0.0099357369 0.0195116326 0.000574755859 -0.999809465 -0.845241964 -0.534119562 -0.0168022404,-63.2316768 -1194.24522 35705.2307,0,0,0,factor_graph_prior_initial,sequence_factor_graph|prior|initial
1,2007,1,0.66485474,0.511288162 0.859264974 -0.0157518281 0.0968416552 -0.075816231 -0.992407977 -0.853935659 0.505881017 -0.121976584,795.020938 -1221.29452 35475.502,0,0,0,factor_graph_prior_initial,sequence_factor_graph|prior|initial
1,2008,1,0.670533615,0.537768721 0.820710428 -0.1929746 0.0747944515 -0.274427857 -0.958694498 -0.839768178 0.501122485 -0.208963304,1207.70812 -1112.61165 35298.214,0,0,0,factor_graph_prior_initial,sequence_factor_graph|prior|initial
1,2009,1,0.590347165,0.533797745 0.845305651 -0.0227667254 0.130349326 -0.108855534 -0.985474264 -0.835505249 0.523076312 -0.168291861,1550.86136 -1296.34345 35402.6146,0,0,0,factor_graph_prior_initial,sequence_factor_graph|prior|initial
1,2010,1,0.979848,0.528403723 0.831301289 -0.172417148 0.0929674862 -0.258519121 -0.961522184 -0.84388776 0.492042713 -0.213886457,1939.57984 -1278.61309 35398.6092,0,0,0,factor_graph_prior_initial,sequence_factor_graph|prior|initial
1,2011,1,1,0.515782706 0.824826702 -0.231579599 0.0648510304 -0.307123898 -0.949457348 -0.854261402 0.474695505 -0.211900057,2400.99454 -1175.45187 36970.1233,0,0,0,factor_graph_prior_initial,sequence_factor_graph|prior|initial
1,2012,1,1,0.679834656 0.692933996 -0.240140206 0.0462057529 -0.367270613 -0.928965729 -0.731908375 0.620447237 -0.281700828,3098.74201 -1508.8017 40381.1188,0,0,0,factor_graph_prior_initial,sequence_factor_graph|prior|initial
1,2013,1,1,0.186049426 0.981490786 -0.0454031683 0.0746973896 -0.0602054935 -0.99538716 -0.979696847 0.181799711 -0.0845159971,2579.75578 -1170.44377 34457.1114,0,0,0,factor_graph_prior_initial,sequence_factor_graph|prior|initial
1,2014,1,0.966619492,0.548927363 0.825606314 -0.130587004 0.097979619 -0.218706281 -0.970859185 -0.830107671 0.520136307 -0.200946454,3308.94232 -1144.69421 38307.4379,0,0,0,factor_graph_prior_initial,sequence_factor_graph|prior|initial
1,2015,1,0.962106818,0.355292627 0.93440115 0.0257223751 0.047107953 0.0095842424 -0.998843823 -0.933567346 0.356093574 -0.0406125148,3241.03093 -1167.45079 37733.9211,0,0,0,factor_graph_prior_initial,sequence_factor_graph|prior|initial
1,2016,1,0.420373093,-0.314558812 0.948293397 0.0423366027 -0.0754647298 0.0194768087 -0.996958238 -0.946233496 -0.316796919 0.0654361032,3021.86441 -963.671744 33045.2499,0,0,0,factor_graph_prior_initial,sequence_factor_graph|prior|initial
1,2017,1,0.55151357,-0.732223038 0.679133107 -0.0512605676 -0.0590889814 -0.138328764 -0.988622094 -0.678496805 -0.720862939 0.141416791,3677.09875 -1179.43454 36852.5314,0,0,0,factor_graph_prior_initial,sequence_factor_graph|prior|initial
1,2018,1,0.536260622,-0.401030333 0.912874995 0.0763800671 0.057076506 0.108116127 -0.992498451 -0.914284936 -0.393662477 -0.0954615614,3318.80331 -871.30487 32776.68,0,0,0,factor_graph_prior_initial,sequence_factor_graph|prior|initial
1,2019,1,0.98549713,-0.268181584 0.962441607 -0.0422467799 -0.00470447783 -0.0451610387 -0.998968642 -0.963356894 -0.267706244 0.0166391441,3381.54316 -684.152722 31001.2245,0,0,0,factor_graph_prior_initial,sequence_factor_graph|prior|initial
1,2020,1,0.53331009,-0.714693835 0.692958881 -0.0949774288 -0.0138452942 -0.149780819 -0.988622281 -0.699300386 -0.705247259 0.116641647,4269.39583 -1303.41482 39088.0203,0,0,0,factor_graph_prior_initial,sequence_factor_graph|prior|initial
1,2021,1,0.532394546,-0.702042055 0.692098922 -0.167737994 0.04013197 -0.196717915 -0.979638447 -0.711003782 -0.694479045 0.110328956,4668.77222 -1392.41672 40761.7798,0,0,0,factor_graph_prior_initial,sequence_factor_graph|prior|initial
1,2022,1,0.609496657,-0.692969989 0.71588465 -0.0854503519 0.0022835669 -0.116341941 -0.993206594 -0.720962814 -0.688457494 0.078986703,4940.52029 -1241.71937 42377.5406,0,0,0,factor_graph_prior_initial,sequence_factor_graph|prior|initial
1,2023,1,0.481218834,-0.690547821 0.700975112 -0.178262724 0.0686003129 -0.181876179 -0.98092561 -0.720026183 -0.689604921 0.0775070868,5111.39631 -1298.61891 42667.0456,0,0,0,factor_graph_prior_initial,sequence_factor_graph|prior|initial
1,2024,1,0.53964428,-0.271863097 0.957381735 -0.0975226621 0.0811164913 -0.0781811632 -0.993633645 -0.958911138 -0.278043016 -0.056404874,4197.91794 -1085.0563 37562.8204,0,0,0,factor_graph_prior_initial,sequence_factor_graph|prior|initial
1,2025,1,0.983294735,-0.272742064 0.959246153 -0.0738822283 -0.0166137138 -0.0814781551 -0.99653665 -0.961943736 -0.270570005 0.0381591612,4074.1086 -796.153843 34462.8181,0,0,0,factor_graph_prior_initial,sequence_factor_graph|prior|initial
1,2026,1,0.563514131,-0.397721171 0.915105472 0.0663313364 -0.00562457528 0.0698621129 -0.997540801 -0.917489092 -0.397116181 -0.0226385617,3959.28669 -856.801867 33175.106,0,0,0,factor_graph_prior_initial,sequence_factor_graph|prior|initial
1,2027,1,1,-0.290252227 0.954718383 -0.0653180906 0.022396277 -0.0614606614 -0.997858203 -0.956688064 -0.291093448 -0.00354304351,3998.6918 -934.454679 31682.766,0,0,0,factor_graph_prior_initial,sequence_factor_graph|prior|initial
1,2028,1,0.442337638,-0.544111306 0.836086498 0.0700161007 0.0942873568 0.143855269 -0.985096724 -0.833698255 -0.529400632 -0.157105664,4101.75943 -916.999996 32434.7572,0,0,0,factor_graph_prior_initial,sequence_factor_graph|prior|initial
1,2029,1,0.970290182,-0.282296681 0.957613402 -0.0573162915 0.0106220846 -0.056622556 -0.99833915 -0.959268344 -0.282436647 0.00581250904,4102.67162 -843.209267 31367.0807,0,0,0,factor_graph_prior_initial,sequence_factor_graph|prior|initial
1,2030,1,1,-0.287267747 0.956669511 0.0475466861 0.0399629222 0.0615661875 -0.997302647 -0.957016304 -0.28459278 -0.0559172892,4148.9439 -931.617916 30886.198,0,0,0,factor_graph_prior_initial,sequence_factor_graph|prior|initial
1,2031,1,0.974396733,-0.229190895 0.972451846 -0.0425316459 0.0880952151 -0.0227924623 -0.995851262 -0.969386799 -0.231986877 -0.0804445297,4166.91399 -956.707776 30332.2372,0,0,0,factor_graph_prior_initial,sequence_factor_graph|prior|initial
1,2032,1,0.453208271,-0.342718243 0.939254585 -0.0185750104 0.0616329401 0.00275016618 -0.998095094 -0.937414309 -0.343210229 -0.0588315537,4103.04928 -817.569911 30155.838,0,0,0,factor_graph_prior_initial,sequence_factor_graph|prior|initial
1,2033,1,0.973649712,0.0317549302 0.998371061 -0.047400929 0.0589243589 -0.0492123364 -0.997048678 -0.997757257 0.0288681418 -0.060391109,4379.12464 -1077.30865 30500.7172,0,0,0,factor_graph_prior_initial,sequence_factor_graph|prior|initial
1,2034,1,0.472468169,-0.403263393 0.908326743 0.11100074 0.0864552983 0.15857675 -0.983554216 -0.910990734 -0.387034808 -0.142477858,4575.19722 -1085.98149 32044.1475,0,0,0,factor_graph_prior_initial,sequence_factor_graph|prior|initial
1,2035,1,0.943814985,-0.263087596 0.960930393 -0.0860098665 -0.00252210255 -0.0898351826 -0.995953452 -0.964768654 -0.261806073 0.0260580872,4601.45807 -1035.64334 31588.8119,0,0,0,factor_graph_prior_initial,sequence_factor_graph|prior|initial
1,2036,1,0.426890057,-0.417370879 0.905907867 0.0716413709 0.0785423952 0.114502489 -0.990313219 -0.905335651 -0.407701014 -0.118942178,4709.07402 -1209.83505 32264.0266,0,0,0,factor_graph_prior_initial,sequence_factor_graph|prior|initial
1,2037,1,0.638622689,-0.245856996 0.96930492 0.00151994633 0.0898927137 0.0243618823 -0.995653453 -0.965128819 -0.244651735 -0.0931229889,4395.59746 -1006.72197 29830.1277,0,0,0,factor_graph_prior_initial,sequence_factor_graph|prior|initial
1,2038,1,0.991836414,-0.274020737 0.959744521 -0.0616692018 0.0396187084 -0.0528039828 -0.99781867 -0.96090738 -0.275866261 -0.023554452,4511.83653 -970.981359 30166.8873,0,0,0,factor_graph_prior_initial,sequence_factor_graph|prior|initial
1,2039,1,0.489266355,-0.234032578 0.972221266 0.00381602652 0.0423624835 0.0141186188 -0.999002545 -0.971305396 -0.233637484 -0.0444899241,4495.1973 -1123.9543 29810.4973,0,0,0,factor_graph_prior_initial,sequence_factor_graph|prior|initial
1,2040,1,0.420403198,-0.408905135 0.908428847 0.0869115681 0.00831810258 0.0989437848 -0.995058258 -0.912538985 -0.406161492 -0.048015026,4860.83269 -1274.13678 33025.0549,0,0,0,factor_graph_prior_initial,sequence_factor_graph|prior|initial
1,2041,1,0.556234471,-0.888050381 0.457256553 -0.0477803912 0.0091912666 -0.0862491927 -0.996231197 -0.459654263 -0.885142656 0.0723908616,6088.11188 -1660.29441 41315.8569,0,0,0,factor_graph_prior_initial,sequence_factor_graph|prior|initial
1,2042,1,0.44511894,-0.381505551 0.920494094 0.0845229992 0.0384565458 0.107165002 -0.993497235 -0.923566245 -0.375774248 -0.0762830666,4766.97206 -1155.7076 36121.6125,0,0,0,factor_graph_prior_initial,sequence_factor_graph|prior|initial
1,2043,1,0.802803396,-0.249665566 0.967838945 -0.0309011719 0.100568592 -0.0058227311 -0.994913089 -0.963095563 -0.251503226 -0.0958804649,4086.5016 -1027.71151 32041.5916,0,0,0,factor_graph_prior_initial,sequence_factor_graph|prior|initial
1,2044,1,1,-0.264551492 0.964279414 -0.0133311767 0.00760854734 -0.0117362457 -0.99990218 -0.964341546 -0.264627045 -0.00423192425,4062.03699 -925.700426 31393.3449,0,0,0,factor_graph_prior_initial,sequence_factor_graph|prior|initial
1,2045,1,0.968994398,-0.292422657 0.95572247 -0.0329173207 0.0519957778 -0.0184807006 -0.998476291 -0.954874562 -0.293688652 -0.0442893576,3782.29046 -956.228018 30356.884,0,0,0,factor_graph_prior_initial,sequence_factor_graph|prior|initial
1,2046,1,0.463484219,-0.280544367 0.957964544 -0.0599899256 0.12231058 -0.0263110408 -0.99214306 -0.952016271 -0.285677549 -0.109787784,3552.18148 -1041.53907 29608.6807,0,0,0,factor_graph_prior_initial,sequence_factor_graph|prior|initial
1,2047,1,0.965030285,-0.429021568 0.902409304 0.0399742571 0.0753358697 0.079845563 -0.993956333 -0.900147211 -0.42341721 -0.102239258,3457.31497 -930.023134 31002.9469,0,0,0,factor_graph_prior_initial,sequence_factor_graph|prior|initial
1,2048,1,0.427692362,-0.412237856 0.910086223 0.0424619508 0.0193142017 0.0553255568 -0.998281546 -0.910871512 -0.410709325 -0.0403848778,3431.40435 -1066.99967 32497.2687,0,0,0,factor_graph_prior_initial,sequence_factor_graph|prior|initial
1,2049,1,0.437831202,-0.210376991 0.977016869 0.0343447189 0.0571022201 0.0473513682 -0.997244797 -0.975951258 -0.2078362 -0.0657514706,3124.06087 -1022.86732 30325.5653,0,0,0,factor_graph_prior_initial,sequence_factor_graph|prior|initial
1,2050,1,0.855881999,-0.412479014 0.910835733 0.015470295 0.0445470593 0.037129622 -0.998317059 -0.909877257 -0.41109568 -0.0558902434,3023.3531 -864.523292 31614.8796,0,0,0,factor_graph_prior_initial,sequence_factor_graph|prior|initial
1,2051,1,0.455560926,-0.496166465 0.868182774 -0.00880401808 0.0576401135 0.0228200878 -0.998076581 -0.866311986 -0.495719593 -0.0613647159,3131.10757 -1216.23051 34404.7318,0,0,0,factor_graph_prior_initial,sequence_factor_graph|prior|initial
1,2052,1,0.952813276,-0.296531445 0.953450161 -0.0547895329 0.0613461208 -0.0382349789 -0.997383948 -0.953050762 -0.299116829 -0.0471525952,2791.67843 -1101.18937 32410.5492,0,0,0,factor_graph_prior_initial,sequence_factor_graph|prior|initial
1,2053,1,0.512375377,-0.71838094 0.68275334 -0.133329298 0.00535842652 -0.186224866 -0.982492538 -0.695629292 -0.706518348 0.130121911,3140.75494 -1366.76538 39764.843,0,0,0,factor_graph_prior_initial,sequence_factor_graph|prior|initial
1,2054,1,0.975273401,-0.411453104 0.911235068 0.0188942687 0.125400023 0.0771311567 -0.989103442 -0.902763079 -0.40460034 -0.146004752,2454.90265 -962.400138 35923.9006,0,0,0,factor_graph_prior_initial,sequence_factor_graph|prior|initial
1,2055,1,0.489367065,-0.443735603 0.895455517 -0.0354701425 0.0259603408 -0.0267193536 -0.999305827 -0.895781656 -0.444348391 -0.0113900019,1863.31952 -1063.96425 32936.0619,0,0,0,factor_graph_prior_initial,sequence_factor_graph|prior|initial
1,2056,1,0.506846003,-0.399533114 0.915016646 0.0558375214 0.0654891468 0.0892436812 -0.993854485 -0.914376543 -0.393421025 -0.0955794652,1729.5593 -996.565342 31761.961,0,0,0,factor_graph_prior_initial,sequence_factor_graph|prior|initial
1,2057,1,0.951688748,-0.10590624 0.9898632 -0.0946293462 0.0918559731 -0.0850189001 -0.992136214 -0.990124411 -0.113765687 -0.0819208155,1645.54334 -1022.65191 28495.0523,0,0,0,factor_graph_prior_initial,sequence_factor_graph|prior|initial
1,2058,1,0.428339399,-0.683269046 0.725178323 -0.0852045236 0.0669998912 -0.0539313328 -0.996294347 -0.727086257 -0.686445782 -0.0117372585,1871.34433 -1495.34738 35481.4644,0,0,0,factor_graph_prior_initial,sequence_factor_graph|prior|initial
1,2059,1,0.892172424,-0.410599974 0.911706606 0.0140970132 0.0620851934 0.0433787594 -0.997127731 -0.909699451 -0.408545404 -0.0744147984,1482.13315 -1029.50525 32096.7751,0,0,0,factor_graph_prior_initial,sequence_factor_graph|prior|initial
1,2060,1,0.921887947,-0.751016388 0.657269435 -0.0630180477 0.0184593179 -0.0745035209 -0.997049888 -0.660025483 -0.749964075 0.0438206197,1625.70167 -1564.94403 37912.2467,0,0,0,factor_graph_prior_initial,sequence_factor_graph|prior|initial
1,2061,1,0.556675852,-0.715913166 0.689712156 -0.108468803 -0.0153577633 -0.170876126 -0.985172822 -0.6980204 -0.703632355 0.132924904,1603.98865 -1627.1646 37368.3014,0,0,0,factor_graph_prior_initial,sequence_factor_graph|prior|initial
1,2062,1,0.718753396,-0.706614148 0.672547781 -0.219945287 0.0248512474 -0.287054096 -0.95759196 -0.707162543 -0.682113941 0.186122834,1653.07117 -1550.06027 38577.6672,0,0,0,factor_graph_prior_initial,sequence_factor_graph|prior|initial
1,2063,1,0.679681596,-0.434666936 0.900505202 0.0124513435 0.0840963717 0.0543502456 -0.994974297 -0.896656264 -0.431435316 -0.0993534749,1088.76371 -1061.84971 33326.7212,0,0,0,factor_graph_prior_initial,sequence_factor_graph|prior|initial
1,2064,1,0.891503585,-0.677153611 0.712329927 -0.184523878 -0.0136285882 -0.262863606 -0.964736744 -0.735715467 -0.65076017 0.187707091,1187.2139 -1683.32028 38007.2174,0,0,0,factor_graph_prior_initial,sequence_factor_graph|prior|initial
1,2065,1,0.942194844,0.139337866 0.990233356 0.00478114899 0.0806124334 -0.00653066052 -0.996724127 -0.986958254 0.139266833 -0.0807350888,1197.39819 -1857.99325 29280.7865,0,0,0,factor_graph_prior_initial,sequence_factor_graph|prior|initial
1,2066,1,0.913573675,0.0455135536 0.97987602 0.194348919 0.132172975 0.186933274 -0.973440422 -0.990181206 0.0699924077 -0.121005131,1087.0626 -1861.4918 25499.8951,0,0,0,factor_graph_prior_initial,sequence_factor_graph|prior|initial
1,2067,1,0.88462633,-0.269667594 0.955016561 0.123380535 0.172822222 0.174045443 -0.969453796 -0.947318251 -0.240107375 -0.2119825,507.502079 -1298.7144 26197.134,0,0,0,factor_graph_prior_initial,sequence_factor_graph|prior|initial
1,2068,1,1,-0.750324119 0.646116506 0.139811222 -0.0421485836 0.164304853 -0.985508707 -0.659725104 -0.745343798 -0.0960489985,198.467195 -1413.94305 30657.0187,0,0,0,factor_graph_prior_initial,sequence_factor_graph|prior|initial
1,2069,1,0.902705539,0.0553742894 0.998261031 0.0202138886 0.000270513671 0.0202299509 -0.999795317 -0.99846563 0.0553684233 0.000850175897,914.705276 -1863.04188 24728.4393,0,0,0,factor_graph_prior_initial,sequence_factor_graph|prior|initial
1,2070,1,0.511952905,-0.703933349 0.687682556 0.177681013 -0.0254925448 0.225538106 -0.973900761 -0.709808404 -0.690090766 -0.141233016,464.569509 -1633.64232 33026.2756,0,0,0,factor_graph_prior_initial,sequence_factor_graph|prior|initial
1,2071,1,0.683252616,-0.725556125 0.640501385 0.251647144 -0.0787882701 0.285958857 -0.954997351 -0.683637856 -0.71273102 -0.157015204,83.6354494 -1636.07442 36228.0426,0,0,0,factor_graph_prior_initial,sequence_factor_graph|prior|initial
1,2072,1,0.501437964,-0.324509989 0.945766053 0.014826997 0.0365299681 0.0281946491 -0.998934744 -0.945176612 -0.323622674 -0.043698249,212.448478 -1175.15898 33352.8404,0,0,0,factor_graph_prior_initial,sequence_factor_graph|prior|initial
1,2073,1,0.54759256,0.410235223 0.911962435 -0.0056195202 0.0605247623 -0.0333736018 -0.997608619 -0.909969128 0.408914074 -0.0688873366,100.994498 -1331.40254 33193.8248,0,0,0,factor_graph_prior_initial,sequence_factor_graph|prior|initial
1,2074,1,0.891866653,0.474511361 0.858135948 -0.196065457 0.0411891568 -0.244140379 -0.968864763 -0.879285177 0.451661566 -0.151193279,96.1060897 -1362.04433 33470.4933,0,0,0,factor_graph_prior_initial,sequence_factor_graph|prior|initial
1,2075,1,0.590818224,0.507400083 0.855848666 -0.100340507 0.114052521 -0.182119522 -0.976639392 -0.854129486 0.484102821 -0.190019158,9.78908315 -1260.86485 34270.3667,0,0,0,factor_graph_prior_initial,sequence_factor_graph|prior|initial
1,2076,1,0.874189932,0.469006599 0.875698121 -0.114828613 0.193200487 -0.228591408 -0.954159075 -0.861804143 0.425321959 -0.276396183,-152.355269 -1834.86128 40308.1894,0,0,0,factor_graph_prior_initial,sequence_factor_graph|prior|initial
1,2077,1,0.613971329,0.437311232 0.899137977 -0.0176006652 0.0670861778 -0.052132783 -0.996384272 -0.896804511 0.434549273 -0.0831179818,-276.66539 -1384.5619 35759.8991,0,0,0,factor_graph_prior_initial,sequence_factor_graph|prior|initial
1,2078,1,0.964043228,0.473301302 0.874093304 -0.109301298 0.174470234 -0.214638192 -0.960984175 -0.863450065 0.435765238 -0.254091799,-281.137407 -1360.93414 33325.9926,0,0,0,factor_graph_prior_initial,sequence_factor_graph|prior|initial
1,2079,1,0.977884069,0.467890088 0.88140411 -0.0648510668 0.125297175 -0.138792861 -0.982363049 -0.874859694 0.451512278 -0.175377249,-285.62662 -1520.39027 35305.6145,0,0,0,factor_graph_prior_initial,sequence_factor_graph|prior|initial
1,2081,1,0.916809649,0.526193797 0.848999438 -0.0481668167 0.161134021 -0.155163755 -0.974658933 -0.834958631 0.505098173 -0.218448898,-86.7187306 -1742.34176 37825.1877,0,0,0,factor_graph_prior_initial,sequence_factor_graph|prior|initial
1,2082,1,0.602231321,0.75611729 0.654141562 0.0196331441 0.0783806235 -0.0607338825 -0.995071793 -0.64972542 0.753929846 -0.0971939621,-165.491685 -1639.86087 38495.0943,0,0,0,factor_graph_prior_initial,sequence_factor_graph|prior|initial
1,2083,1,0.923516327,0.761671061 0.647203019 0.0313918378 0.121579578 -0.0951605732 -0.98800955 -0.636455498 0.756354889 -0.151167724,-87.350361 -1739.98618 41531.1623,0,0,0,factor_graph_prior_initial,sequence_factor_graph|prior|initial
1,2084,1,0.654921817,0.759701753 0.6361022 -0.13500829 0.0807470802 -0.29829132 -0.951053204 -0.645238836 0.711615261 -0.277975834,25.7204175 -1677.53232 39250.8087,0,0,0,factor_graph_prior_initial,sequence_factor_graph|prior|initial
1,2085,1,0.963753848,0.48944303 0.86099793 -0.13830432 0.112014213 -0.219359521 -0.969192559 -0.864811156 0.458872494 -0.203807994,46.7718914 -1677.47796 37615.8257,0,0,0,factor_graph_prior_initial,sequence_factor_graph|prior|initial
1,2086,1,0.859624866,0.484460804 0.867849953 -0.110155294 0.138352647 -0.200342164 -0.969908017 -0.863803377 0.454642142 -0.217127265,137.818053 -1562.58476 36646.5225,0,0,0,factor_graph_prior_initial,sequence_factor_graph|prior|initial
1,2087,1,0.923298625,0.470432241 0.87328644 -0.126745019 0.174672836 -0.232942508 -0.956675069 -0.864975669 0.427911885 -0.262123085,241.567984 -1545.98773 34023.2887,0,0,0,factor_graph_prior_initial,sequence_factor_graph|prior|initial
1,2088,1,0.919334619,-0.369212647 0.928536448 0.0387567579 0.10347986 0.0825189699 -0.991202572 -0.923565883 -0.361953981 -0.126551869,170.426458 -1429.77357 32568.3746,0,0,0,factor_graph_prior_initial,sequence_factor_graph|prior|initial
1,2089,1,0.983166137,-0.393706977 0.914527709 0.0929186992 0.0840302912 0.136464971 -0.987074578 -0.9153872 -0.380810163 -0.130575241,196.673989 -1347.73874 32164.4325,0,0,0,factor_graph_prior_initial,sequence_factor_graph|prior|initial
1,2090,1,0.771254351,0.52595712 0.837523004 -0.148068655 0.0989657723 -0.2331771 -0.967385247 -0.844733617 0.49414943 -0.205527267,411.77398 -1491.68396 29369.9379,0,0,0,factor_graph_prior_initial,sequence_factor_graph|prior|initial
1,2091,1,1,0.51728289 0.837746674 -0.174925475 0.0891621716 -0.256039 -0.962545655 -0.851157165 0.482311662 -0.207139907,510.146558 -1270.84243 28532.6347,0,0,0,factor_graph_prior_initial,sequence_factor_graph|prior|initial
1,2092,1,0.857130305,0.774430787 0.617702066 -0.136752015 0.055758122 -0.28195276 -0.957806699 -0.630196785 0.73412996 -0.252794805,641.500652 -1460.28709 33008.8196,0,0,0,factor_graph_prior_initial,sequence_factor_graph|prior|initial
1,2093,1,0.869175541,0.752359649 0.630253873 -0.191663806 0.122235502 -0.419462214 -0.899505382 -0.647312475 0.653323432 -0.392625843,850.722373 -1663.49709 36281.1661,0,0,0,factor_graph_prior_initial,sequence_factor_graph|prior|initial
1,2094,1,0.759597807,0.784702993 0.583341457 -0.209651992 0.0703659153 -0.419859525 -0.904857236 -0.615865124 0.695291827 -0.370512381,806.539774 -1875.83923 37486.8965,0,0,0,factor_graph_prior_initial,sequence_factor_graph|prior|initial
1,2095,1,0.487564049,0.552258115 0.814935134 -0.175760352 0.158222983 -0.309451939 -0.937659312 -0.818520899 0.490020637 -0.299838812,892.62867 -1425.22359 39305.3627,0,0,0,factor_graph_prior_initial,sequence_factor_graph|prior|initial
1,2096,1,0.418981168,-0.262719806 0.964709027 0.0177424836 0.0744871735 0.0386118317 -0.996474178 -0.961992705 -0.260471916 -0.0820025416,922.867119 -1623.73734 42056.6559,0,0,0,factor_graph_prior_initial,sequence_factor_graph|prior|initial
1,2097,1,0.376798295,0.165660871 0.984909281 0.0501017391 0.0111096444 0.0489366719 -0.998740095 -0.986120201 0.166008766 -0.00283510024,796.45741 -1541.97013 39729.7668,0,0,0,factor_graph_prior_initial,sequence_factor_graph|prior|initial
1,2098,1,1,-0.282877171 0.959034357 -0.0152842308 0.0570140955 0.000905726958 -0.998372963 -0.957460129 -0.283288336 -0.054934686,766.56729 -1374.14038 38852.8366,0,0,0,factor_graph_prior_initial,sequence_factor_graph|prior|initial
1,2099,1,0.633055828,-0.271334162 0.962214088 0.0228434053 -0.000552619797 0.0235780238 -0.999721847 -0.962485048 -0.271271313 -0.00586578477,676.018715 -1284.62791 38454.4945,0,0,0,factor_graph_prior_initial,sequence_factor_graph|prior|initial
1,2100,1,0.600670007,-0.998594374 -0.00338410693 0.0528944646 -0.0524631948 -0.078905219 -0.995500668 0.00754253002 -0.996876379 0.0786167667,423.583746 -1727.6299 39799.9763,0,0,0,factor_graph_prior_initial,sequence_factor_graph|prior|initial
1,2101,1,0.90443489,-0.999664723 0.0183316653 0.0182863939 -0.0201532687 -0.107449099 -0.994006306 -0.0162569344 -0.994041569 0.107782517,245.50429 -1959.05983 42214.7217,0,0,0,factor_graph_prior_initial,sequence_factor_graph|prior|initial
1,2102,1,0.588885346,-0.99912953 -0.00471184041 0.0414485322 -0.0407451399 0.323288611 -0.94542282 -0.00894515694 -0.946288684 -0.323199182,47.6067513 -1678.94506 41791.6756,0,0,0,factor_graph_prior_initial,sequence_factor_graph|prior|initial
1,2103,1,0.775692899,-0.422226044 0.892389179 0.159269335 0.0638318974 0.204531865 -0.976776436 -0.904240376 -0.402253986 -0.143321575,46.269998 -1406.35359 36331.7871,0,0,0,factor_graph_prior_initial,sequence_factor_graph|prior|initial
1,2104,1,0.963939576,0.311549786 0.948003755 0.0650047054 0.0502917297 0.0518631644 -0.997387063 -0.948898031 0.314004925 -0.0315187909,65.1661754 -1132.42221 30198.2918,0,0,0,factor_graph_prior_initial,sequence_factor_graph|prior|initial
1,2105,1,0.698141758,0.376255842 0.925177211 0.0497862404 0.0569214444 0.0305511376 -0.997911107 -0.924765641 0.378303789 -0.0411673792,-67.780599 -1180.69828 31795.7916,0,0,0,factor_graph_prior_initial,sequence_factor_graph|prior|initial
1,2106,1,0.637658779,-0.533651711 0.845704271 -0.000370202212 0.0749986678 0.046889223 -0.99608062 -0.842372276 -0.531587892 -0.0884492077,-75.5307972 -1046.38255 31202.6043,0,0,0,factor_graph_prior_initial,sequence_factor_graph|prior|initial
1,2107,1,0.564851243,-0.298750164 0.953614888 0.0369727727 0.0583107367 0.0569099562 -0.99667503 -0.952548265 -0.295600919 -0.0726078454,-150.632039 -1279.23298 30943.2487,0,0,0,factor_graph_prior_initial,sequence_factor_graph|prior|initial
1,2108,1,0.580038327,0.294164326 0.952759091 0.075613909 -0.053419021 0.0953805527 -0.994006518 -0.954260844 0.288362037 0.0789530139,-99.0777314 -1170.00687 31303.688,0,0,0,factor_graph_prior_initial,sequence_factor_graph|prior|initial
1,2109,1,0.584307668,0.46892618 0.88126526 -0.0589896589 0.0466178189 -0.0913898623 -0.994723415 -0.882006245 0.463701882 -0.0839377633,-90.9777507 -1196.73431 33817.4286,0,0,0,factor_graph_prior_initial,sequence_factor_graph|prior|initial
1,2110,1,0.387000794,0.40743596 0.913136657 -0.0133185412 0.0726792457 -0.0469598107 -0.996249218 -0.910337116 0.404939775 -0.0854991991,-52.9526584 -1520.0671 38311.4166,0,0,0,factor_graph_prior_initial,sequence_factor_graph|prior|initial
1,2111,1,0.668102647,0.0821490824 0.996583205 -0.00856998175 -0.00493339728 -0.00819230724 -0.999954273 -0.996607842 0.082187605 0.00424355035,189.539298 -1255.72991 33789.1922,0,0,0,factor_graph_prior_initial,sequence_factor_graph|prior|initial
1,2112,1,0.614031704,0.48093983 0.87217537 -0.089481861 0.0109455591 -0.108025281 -0.99408789 -0.876685277 0.477117032 -0.0615001074,717.665076 -1209.03683 36659.4658,0,0,0,factor_graph_prior_initial,sequence_factor_graph|prior|initial
1,2113,1,0.597333587,0.0362129437 0.998241706 -0.0469267323 -0.0567906537 -0.0448260116 -0.997379291 -0.997729144 0.0387830399 0.0550675173,907.001793 -1088.72199 32038.9557,0,0,0,factor_graph_prior_initial,sequence_factor_graph|prior|initial
1,2114,1,0.581585619,0.590745876 0.789817802 0.164945898 0.0656546215 0.156697798 -0.985461958 -0.804182057 0.592987048 0.0407133892,1404.61743 -1396.50238 35673.3475,0,0,0,factor_graph_prior_initial,sequence_factor_graph|prior|initial
1,2115,1,0.367879441,-0.303142037 0.948271405 -0.0942668921 0.0350727729 -0.0877522907 -0.995524704 -0.952299746 -0.305091588 -0.00665709946,2181.10776 -2083.10342 25960.5618,0,0,0,factor_graph_prior_initial,sequence_factor_graph|prior|initial
1,2116,1,0.369601885,-0.299916358 0.953755687 0.020006675 -0.0611516981 0.00170778365 -0.998127023 -0.952003492 -0.300578064 0.0578115876,3412.32109 -1172.60587 30664.0549,0,0,0,factor_graph_prior_initial,sequence_factor_graph|prior|initial
1,2117,1,0.961375657,-0.339313466 0.938447513 -0.064673317 0.115360021 -0.0267197543 -0.99296431 -0.933572942 -0.344386877 -0.0991929526,3052.91605 -1716.60233 23915.4224,0,0,0,factor_graph_prior_initial,sequence_factor_graph|prior|initial
1,2118,1,0.847985962,-0.266001341 0.96376955 -0.0197873984 0.0378241778 -0.0100760099 -0.999233609 -0.963230304 -0.266545922 -0.0337735586,3356.13561 -1130.19156 24434.9613,0,0,0,factor_graph_prior_initial,sequence_factor_graph|prior|initial
1,2119,1,0.699077262,-0.285116793 0.958491031 0.00183271422 0.0403100587 0.0139011442 -0.999090515 -0.957644774 -0.284783606 -0.0426002794,4428.85685 -1979.29788 25821.3272,0,0,0,factor_graph_prior_initial,sequence_factor_graph|prior|initial
1,2120,1,1,0.154207946 0.978266992 -0.138613139 0.0610575496 -0.149458417 -0.986881025 -0.986150032 0.143721518 -0.0827782608,6101.44424 -1348.47808 33129.9477,0,0,0,factor_graph_prior_initial,sequence_factor_graph|prior|initial
1,2121,1,0.977992269,-0.422714156 0.904254743 0.060300108 0.0827849138 0.104787238 -0.991043033 -0.902474044 -0.41393598 -0.1191537,6950.6855 -838.999987 33500.8507,0,0,0,factor_graph_prior_initial,sequence_factor_graph|prior|initial
1,2122,1,0.478250267,-0.436347412 0.899731017 -0.00922130035 0.115131768 0.04566604 -0.992299999 -0.892381988 -0.434049201 -0.123513881,7581.89392 -929.2835 34582.1495,0,0,0,factor_graph_prior_initial,sequence_factor_graph|prior|initial
1,2123,1,0.58422814,-0.866837547 0.487745077 0.103428272 -0.0594410033 0.104867086 -0.992708246 -0.495034782 -0.866664661 -0.0619106705,9059.38244 -1068.83669 37893.8332,0,0,0,factor_graph_prior_initial,sequence_factor_graph|prior|initial
1,2124,1,0.735152261,-0.739490927 0.669232613 -0.0726696572 0.0593631337 -0.0427005551 -0.997322757 -0.670543949 -0.741825028 -0.00815107201,10675.1204 -1175.84038 42239.1167,0,0,0,factor_graph_prior_initial,sequence_factor_graph|prior|initial
1,2125,1,0.439914582,-0.302262136 0.953221551 0.00250513982 0.086668098 0.0300990453 -0.99578245 -0.949276694 -0.300770214 -0.0917117005,7950.65594 -744.934559 36516.1743,0,0,0,factor_graph_prior_initial,sequence_factor_graph|prior|initial
1,2126,1,0.422741157,-0.435600843 0.900111561 -0.0071472934 0.122134425 0.05123535 -0.991190255 -0.891815613 -0.432636241 -0.132252769,7867.04063 -779.087067 33122.4594,0,0,0,factor_graph_prior_initial,sequence_factor_graph|prior|initial
1,2127,1,1,-0.307593331 0.951283079 0.0211387389 0.0219057686 0.0292895607 -0.999330906 -0.951265725 -0.306924462 -0.0298478605,7613.38091 -652.332187 30070.6291,0,0,0,factor_graph_prior_initial,sequence_factor_graph|prior|initial
1,2128,1,1,-0.364953034 0.928522752 -0.0682259561 -0.0148001661 -0.079057066 -0.99676022 -0.930908286 -0.362760911 0.0425944071,7981.1058 -620.339513 29826.5667,0,0,0,factor_graph_prior_initial,sequence_factor_graph|prior|initial
1,2129,1,1,-0.331418819 0.940576259 -0.0740126088 0.00617872842 -0.0762806842 -0.99706724 -0.943463507 -0.330904151 0.019469289,8445.35255 -773.262918 30726.0704,0,0,0,factor_graph_prior_initial,sequence_factor_graph|prior|initial
1,2130,1,1,-0.286016678 0.958149566 0.0119945614 0.0649944559 0.0318870743 -0.997376025 -0.956017877 -0.284486598 -0.0713946447,8222.42641 -628.608882 29686.6245,0,0,0,factor_graph_prior_initial,sequence_factor_graph|prior|initial
1,2131,1,0.456441514,-0.322863449 0.944929225 -0.0535532802 0.00773102741 -0.0539486144 -0.998513785 -0.946413981 -0.322797627 0.010112762,8556.36501 -623.246551 30728.487,0,0,0,factor_graph_prior_initial,sequence_factor_graph|prior|initial
1,2132,1,0.428129634,-0.297889168 0.95410154 0.030859286 0.0414962879 0.0452387692 -0.998113977 -0.953698119 -0.296046797 -0.0530678116,8770.85876 -687.428832 31134.4833,0,0,0,factor_graph_prior_initial,sequence_factor_graph|prior|initial
1,2133,1,0.960880002,-0.262665281 0.964881966 0.00312114405 0.0278756478 0.0108217519 -0.999552819 -0.964484265 -0.262460819 -0.0297392084,8636.58619 -573.256373 30797.039,0,0,0,factor_graph_prior_initial,sequence_factor_graph|prior|initial
1,2134,1,1,-0.317208951 0.947745163 -0.0340233412 -0.0139426896 -0.0405328547 -0.999080922 -0.948253175 -0.316443034 0.0260715009,8719.32125 -595.062375 31086.607,0,0,0,factor_graph_prior_initial,sequence_factor_graph|prior|initial
1,2135,1,0.999101325,-0.331334443 0.942997587 0.0311935436 0.0579897054 0.0533517122 -0.99689056 -0.941729622 -0.328495274 -0.0723614121,8597.23473 -725.321591 30839.5767,0,0,0,factor_graph_prior_initial,sequence_factor_graph|prior|initial
1,2136,1,0.980609606,-0.295521173 0.954071997 -0.0491310585 -0.000648354393 -0.0516283132 -0.998666159 -0.95533597 -0.295095141 0.0158758365,8686.20968 -618.054926 31089.1056,0,0,0,factor_graph_prior_initial,sequence_factor_graph|prior|initial
1,2137,1,0.862671823,-0.262176913 0.964999444 -0.00627216839 0.0189234694 -0.00135724711 -0.999820014 -0.96483427 -0.262248416 -0.0179052985,8626.20926 -656.170487 31038.3244,0,0,0,factor_graph_prior_initial,sequence_factor_graph|prior|initial
1,2138,1,0.511944265,-0.184298313 0.982704478 -0.0180566056 0.123783608 0.00498176157 -0.99229673 -0.975044486 -0.185113725 -0.122560836,8221.26579 -775.331616 30195.013,0,0,0,factor_graph_prior_initial,sequence_factor_graph|prior|initial
1,2139,1,0.958904469,-0.253889117 0.966843703 -0.0274512432 0.00670775577 -0.0266205083 -0.999623106 -0.967210072 -0.253977564 0.0002733059,8443.61877 -716.543674 30796.5717,0,0,0,factor_graph_prior_initial,sequence_factor_graph|prior|initial
1,2140,1,0.439726492,-0.329584094 0.943393874 0.0371796105 0.0483083634 0.0561791691 -0.997251324 -0.94288951 -0.326882087 -0.0640895746,7970.54005 -669.029951 29513.7119,0,0,0,factor_graph_prior_initial,sequence_factor_graph|prior|initial
1,2141,1,0.986373614,-0.289913182 0.955467027 -0.0550736458 0.059070259 -0.0395712443 -0.997469208 -0.955228272 -0.292432687 -0.0449674595,8033.50449 -785.752594 29633.9016,0,0,0,factor_graph_prior_initial,sequence_factor_graph|prior|initial
1,2142,1,0.44880676,-0.146866598 0.98790297 -0.0497787593 0.0583336289 -0.0415866697 -0.997430567 -0.987434752 -0.14939301 -0.0515202725,8836.22646 -868.8761 32397.831,0,0,0,factor_graph_prior_initial,sequence_factor_graph|prior|initial
1,2143,1,0.752382865,-0.266021731 0.963858207 0.0144843095 0.0503565922 0.0289003331 -0.998313069 -0.962650847 -0.26484359 -0.0562247313,8433.74825 -885.376394 31149.3301,0,0,0,factor_graph_prior_initial,sequence_factor_graph|prior|initial
1,2144,1,1,-0.252211838 0.967648742 -0.00671575484 0.0402315781 0.00355150051 -0.999184071 -0.966835358 -0.252276236 -0.0398257664,8391.20197 -835.352182 30895.9923,0,0,0,factor_graph_prior_initial,sequence_factor_graph|prior|initial
1,2145,1,0.372933726,-0.315486501 0.948928356 0.00180074035 0.0100099891 0.00522551774 -0.999936245 -0.948877267 -0.315448362 -0.0111473428,7919.00635 -773.904324 29688.2439,0,0,0,factor_graph_prior_initial,sequence_factor_graph|prior|initial
1,2146,1,0.467711631,-0.28770414 0.956769842 -0.0426356378 0.0176667202 -0.0392083905 -0.999074867 -0.957556377 -0.288191207 -0.00562256877,7884.32789 -835.705698 29254.3392,0,0,0,factor_graph_prior_initial,sequence_factor_graph|prior|initial
1,2147,1,0.453301556,-0.249963671 0.967759597 -0.0309762054 0.0273284729 -0.024927556 -0.999315652 -0.967869474 -0.250639141 -0.0202164085,7774.94669 -817.397356 28886.2877,0,0,0,factor_graph_prior_initial,sequence_factor_graph|prior|initial
1,2148,1,0.966582088,-0.305576567 0.952104435 0.0109593185 0.047456508 0.0267246406 -0.998515735 -0.950984144 -0.30460292 -0.0533499757,7859.39837 -735.780716 28909.4009,0,0,0,factor_graph_prior_initial,sequence_factor_graph|prior|initial
1,2149,1,0.865791272,-0.310749928 0.950400536 -0.013164469 0.0470252069 0.00153955096 -0.998892517 -0.949327716 -0.31102484 -0.0451711972,7857.02991 -845.486641 28784.5249,0,0,0,factor_graph_prior_initial,sequence_factor_graph|prior|initial
1,2150,1,0.410444569,-0.233463416 0.972200727 -0.0179047674 -0.00804829584 -0.0203450414 -0.999760623 -0.972332278 -0.233263427 0.0125743819,8174.55101 -862.581551 30033.2012,0,0,0,factor_graph_prior_initial,sequence_factor_graph|prior|initial
1,2151,1,0.78991017,-0.144423943 0.989265124 -0.022276435 0.0526260115 -0.0148015595 -0.99850459 -0.988115493 -0.14538029 -0.0499233782,9426.57185 -1651.93439 34801.6739,0,0,0,factor_graph_prior_initial,sequence_factor_graph|prior|initial
1,2152,1,0.587643075,0.00591179857 0.977304425 -0.211757201 -0.0706787574 -0.210822927 -0.974965747 -0.997481611 0.0207305369 0.0678283196,9753.16811 -2068.54987 34222.4846,0,0,0,factor_graph_prior_initial,sequence_factor_graph|prior|initial
1,2153,1,0.677470436,-0.154558289 0.982028961 -0.108309069 0.0545868795 -0.100970923 -0.993390731 -0.986474535 -0.159449026 -0.0380000035,9361.59134 -1282.26268 34194.4618,0,0,0,factor_graph_prior_initial,sequence_factor_graph|prior|initial
1,2154,1,0.73778,0 0.998089222 0.0617891977 0 0.0617891977 -0.998089222 -1 0 0,6645.89691 -369.346082 27222.3759,0,0,0,factor_graph_prior_initial,sequence_factor_graph|prior|initial
1,2155,1,1,-0.239753932 0.970045069 -0.0391230956 0.00444775803 -0.0392005183 -0.999221465 -0.970823501 -0.239741285 0.00508395265,7174.59679 -598.579288 27325.0294,0,0,0,factor_graph_prior_initial,sequence_factor_graph|prior|initial
1,2156,1,1,-0.274049546 0.961616792 0.0137837184 0.019038856 0.0197543552 -0.999623573 -0.961527102 -0.27368396 -0.0237217557,6875.52166 -615.775168 25391.9106,0,0,0,factor_graph_prior_initial,sequence_factor_graph|prior|initial
1,2157,1,0.553221852,-0.103124918 0.994166206 0.0316039066 0.0886909232 0.0408373746 -0.995221698 -0.9907064 -0.0998291763 -0.0923848695,6938.61532 -637.212813 25751.7567,0,0,0,factor_graph_prior_initial,sequence_factor_graph|prior|initial
1,2158,1,1,-0.27673906 0.960933396 0.00474342397 0.0390478325 0.0161772353 -0.999106383 -0.960151425 -0.276306541 -0.0419992391,6971.1256 -656.768441 25214.1476,0,0,0,factor_graph_prior_initial,sequence_factor_graph|prior|initial
1,2159,1,0.997375672,-0.184656681 0.979305642 0.0828394219 0.0888968489 0.100586605 -0.990948881 -0.978774366 -0.175621168 -0.105631174,7359.67302 -613.753974 26898.7751,0,0,0,factor_graph_prior_initial,sequence_factor_graph|prior|initial
1,2160,1,0.535842555,-0.342869375 0.939150234 -0.0209148186 0.0599117514 -0.000357070449 -0.998203614 -0.937470626 -0.343506492 -0.0561437068,7850.43716 -725.101769 28567.44,0,0,0,factor_graph_prior_initial,sequence_factor_graph|prior|initial
1,2161,1,0.966914908,-0.289799887 0.955434111 0.0562288694 0.0350387575 0.0693017943 -0.996980214 -0.956445665 -0.286954563 -0.0535608763,8145.30754 -762.879193 29458.5514,0,0,0,factor_graph_prior_initial,sequence_factor_graph|prior|initial
1,2162,1,1,-0.260832201 0.965383599 0.00103414473 -0.0280399214 -0.00650518425 -0.999585637 -0.964976852 -0.260753119 0.0287660417,8372.81036 -660.770774 30384.1114,0,0,0,factor_graph_prior_initial,sequence_factor_graph|prior|initial
1,2163,1,1,-0.342938759 0.939346803 -0.00453778825 0.0084580019 -0.00174274545 -0.999962712 -0.939319684 -0.342964352 -0.00734734208,7966.17174 -677.155495 29494.6194,0,0,0,factor_graph_prior_initial,sequence_factor_graph|prior|initial
1,2164,1,1,-0.305266166 0.950491288 -0.0581281361 0.00512732655 -0.0594003666 -0.998221071 -0.952253264 -0.305021161 0.0132594429,8045.40634 -767.804205 29768.5738,0,0,0,factor_graph_prior_initial,sequence_factor_graph|prior|initial
1,2165,1,0.854308063,-0.174678149 0.982729476 -0.0610763554 0.10692934 -0.0427298236 -0.993348015 -0.978802156 -0.180047047 -0.097618648,8296.76914 -691.213071 30814.7564,0,0,0,factor_graph_prior_initial,sequence_factor_graph|prior|initial
1,2166,1,0.95399671,-0.238001555 0.969061743 -0.0653804104 0.00656082168 -0.0657091418 -0.99781725 -0.971242614 -0.237911006 0.00928103662,8282.30953 -810.609996 30868.0439,0,0,0,factor_graph_prior_initial,sequence_factor_graph|prior|initial
1,2167,1,1,-0.312367592 0.948969533 -0.043397161 -0.0345703724 -0.0570084328 -0.997774989 -0.949332069 -0.310172315 0.050613817,8323.04573 -725.943029 30888.5059,0,0,0,factor_graph_prior_initial,sequence_factor_graph|prior|initial
1,2168,1,0.719583844,-0.264141507 0.963926098 -0.0327985091 -0.0161508527 -0.0384221571 -0.999131066 -0.9643487 -0.263382262 0.0257171149,8445.39833 -708.180964 31249.0788,0,0,0,factor_graph_prior_initial,sequence_factor_graph|prior|initial
1,2169,1,1,-0.289227339 0.956498755 -0.038179538 -0.0022309292 -0.0405575798 -0.999174712 -0.957257838 -0.288903468 0.0138642419,8312.78706 -822.183967 30992.2962,0,0,0,factor_graph_prior_initial,sequence_factor_graph|prior|initial
1,2170,1,0.450180456,-0.291729395 0.95648879 -0.00481204211 0.0373510617 0.006364754 -0.999281936 -0.955771342 -0.291699649 -0.0375826576,7850.65222 -758.924127 29700.1839,0,0,0,factor_graph_prior_initial,sequence_factor_graph|prior|initial
1,2171,1,0.419089905,-0.53855521 0.842545732 -0.00865886258 0.0297685544 0.00875598409 -0.999518467 -0.842064201 -0.538553639 -0.0297969493,7643.68725 -788.370967 29071.6228,0,0,0,factor_graph_prior_initial,sequence_factor_graph|prior|initial
1,2172,1,0.486494805,-0.676448107 0.73110103 -0.0889339205 0.0596712857 -0.0659511458 -0.996037039 -0.734069 -0.679074171 0.000986789326,8325.32501 -992.270291 31099.2889,0,0,0,factor_graph_prior_initial,sequence_factor_graph|prior|initial
1,2173,1,0.422914082,-0.273307353 0.960627222 -0.0499843026 0.0261746352 -0.0445166312 -0.998665689 -0.96157058 -0.274250997 -0.0129773445,8239.73846 -938.431382 30842.001,0,0,0,factor_graph_prior_initial,sequence_factor_graph|prior|initial
1,2174,1,0.528241591,-0.120377006 0.990626752 -0.0645601663 0.0399487212 -0.0601465148 -0.997389842 -0.991924128 -0.122641899 -0.0323340146,8316.3166 -800.55064 31078.8612,0,0,0,factor_graph_prior_initial,sequence_factor_graph|prior|initial
1,2175,1,1,-0.315757419 0.94738487 -0.0525277216 -0.00597637945 -0.0573446257 -0.998336555 -0.948821129 -0.314918248 0.0237689224,7974.26701 -867.650688 29998.0183,0,0,0,factor_graph_prior_initial,sequence_factor_graph|prior|initial
1,2176,1,1,-0.266626449 0.963793043 -0.00364779507 -0.0013784035 -0.00416612136 -0.999990372 -0.963798961 -0.266618853 0.00243929385,8227.6001 -970.022142 30740.4652,0,0,0,factor_graph_prior_initial,sequence_factor_graph|prior|initial
1,2177,1,0.421210465,-0.536824038 0.84250875 -0.0447097127 0.0305038841 -0.0335764673 -0.998970537 -0.843142613 -0.537635217 -0.00767513451,7992.9781 -872.529507 30320.961,0,0,0,factor_graph_prior_initial,sequence_factor_graph|prior|initial
1,2178,1,0.991925941,-0.304995027 0.952328001 0.00702932062 -0.0284231415 -0.00172466486 -0.999594493 -0.951929703 -0.305071145 0.0275941678,8114.97593 -858.288348 30478.9734,0,0,0,factor_graph_prior_initial,sequence_factor_graph|prior|initial
1,2179,1,0.988106708,-0.257020973 0.966297515 -0.0144683026 0.047054734 -0.00244042808 -0.998889331 -0.965259588 -0.25741631 -0.0448416314,7911.19862 -945.297301 29911.7279,0,0,0,factor_graph_prior_initial,sequence_factor_graph|prior|initial
1,2180,1,0.491440259,-0.251608143 0.967387257 -0.029244442 0.0189397871 -0.0252891867 -0.999500746 -0.967643853 -0.25203641 -0.0119591434,7874.91226 -865.620613 29562.5458,0,0,0,factor_graph_prior_initial,sequence_factor_graph|prior|initial
1,2181,1,0.822181422,-0.295337287 0.955088687 -0.0241140259 0.0561210961 -0.00785332769 -0.998393083 -0.953743314 -0.29621601 -0.0512812435,7916.05377 -817.47967 29501.4572,0,0,0,factor_graph_prior_initial,sequence_factor_graph|prior|initial
1,2182,1,0.438551908,-0.123261333 0.992034072 -0.0259816052 0.081473456 -0.0159766445 -0.996547451 -0.989024125 -0.124952579 -0.0788551418,7776.17025 -952.63046 29227.0374,0,0,0,factor_graph_prior_initial,sequence_factor_graph|prior|initial
1,2183,1,0.487477613,-0.138074946 0.989921802 -0.031466402 0.0644084948 -0.0227287858 -0.997664747 -0.988325278 -0.13977921 -0.0606210974,7996.44995 -908.876121 29889.7552,0,0,0,factor_graph_prior_initial,sequence_factor_graph|prior|initial
1,2184,1,0.473278145,-0.161807961 0.984132239 -0.0728142793 0.0698442146 -0.062180529 -0.995618083 -0.984347484 -0.166184588 -0.0586746387,7975.39711 -790.994525 29901.3824,0,0,0,factor_graph_prior_initial,sequence_factor_graph|prior|initial
1,2185,1,0.912462775,-0.289627488 0.956607451 -0.0319077219 0.046417452 -0.0192593471 -0.998736451 -0.956013252 -0.290742604 -0.0388252442,7905.48992 -872.316062 29479.0859,0,0,0,factor_graph_prior_initial,sequence_factor_graph|prior|initial
1,2186,1,0.522083309,-0.259870555 0.965530703 0.0147565854 0.0208091247 0.0208774841 -0.999565461 -0.965419223 -0.259450559 -0.0255172922,7869.27843 -869.807899 28854.8183,0,0,0,factor_graph_prior_initial,sequence_factor_graph|prior|initial
1,2187,1,0.783452037,-0.495651871 0.868505539 0.0052299912 -0.0203043515 -0.00556710076 -0.999778346 -0.868283915 -0.495648199 0.0203937856,7668.30444 -830.664992 28013.5918,0,0,0,factor_graph_prior_initial,sequence_factor_graph|prior|initial
1,2188,1,0.427119088,-0.27655325 0.960980081 -0.0059653146 0.0392127655 0.00508207022 -0.99921796 -0.96019824 -0.27657089 -0.0390881496,7761.36446 -788.467765 28316.1182,0,0,0,factor_graph_prior_initial,sequence_factor_graph|prior|initial
1,2189,1,1,-0.186880974 0.982118932 -0.0227575278 0.0993507801 -0.00415221259 -0.995043809 -0.977345857 -0.188215735 -0.0967983125,7963.38844 -880.711079 28965.62,0,0,0,factor_graph_prior_initial,sequence_factor_graph|prior|initial
1,2190,1,0.448623963,-0.166747763 0.984661475 -0.0513513654 0.0713298923 -0.0398974386 -0.996654524 -0.983416102 -0.1698528 -0.0635829883,7890.99026 -840.353608 28767.8757,0,0,0,factor_graph_prior_initial,sequence_factor_graph|prior|initial
1,2191,1,0.429764641,-0.155474244 0.98449261 -0.0812530675 0.147281152 -0.0582321753 -0.987378993 -0.976798865 -0.165479048 -0.135943602,8641.14285 -896.294296 31203.0182,0,0,0,factor_graph_prior_initial,sequence_factor_graph|prior|initial
1,2192,1,0.981871131,-0.270595807 0.96133463 -0.0511237639 0.0430785362 -0.0409602323 -0.998231686 -0.961728729 -0.272319646 -0.0303292215,8456.30646 -939.348161 30570.0245,0,0,0,factor_graph_prior_initial,sequence_factor_graph|prior|initial
1,2193,1,0.440750345,-0.170885336 0.979244081 -0.108991892 0.123122834 -0.0885289944 -0.988434816 -0.977567885 -0.182328406 -0.105439,8652.88258 -872.203469 30936.4872,0,0,0,factor_graph_prior_initial,sequence_factor_graph|prior|initial
1,2194,1,0.989859795,-0.308292384 0.949850149 0.0523497836 0.0042590777 0.0564078434 -0.998398726 -0.951282117 -0.307575761 -0.0214355941,9025.6834 -883.671522 31874.7749,0,0,0,factor_graph_prior_initial,sequence_factor_graph|prior|initial
1,2195,1,1,-0.353679719 0.934569257 -0.0386129589 -0.0385305149 -0.0558027521 -0.997698077 -0.93457266 -0.351377798 0.0557457363,8873.58379 -850.66855 31529.4933,0,0,0,factor_graph_prior_initial,sequence_factor_graph|prior|initial
1,2196,1,0.951369027,-0.309909914 0.950398464 -0.0264311287 0.0245440009 -0.0197933375 -0.999502784 -0.950449071 -0.310404548 -0.0171924292,8528.43857 -911.975682 30394.8803,0,0,0,factor_graph_prior_initial,sequence_factor_graph|prior|initial
1,2197,1,1,-0.316557793 0.947945892 -0.0344927355 0.023094995 -0.0286498125 -0.999322675 -0.948292036 -0.317139991 -0.0128234842,8730.64137 -891.259313 30772.0642,0,0,0,factor_graph_prior_initial,sequence_factor_graph|prior|initial
1,2198,1,1,-0.356116773 0.932916667 -0.0533604365 0.0329881577 -0.0445171906 -0.998463821 -0.933858997 -0.357329976 -0.0149218839,8927.54364 -789.409697 31301.5442,0,0,0,factor_graph_prior_initial,sequence_factor_graph|prior|initial
1,2199,1,0.960520582,-0.111346017 0.993532685 -0.0222456516 0.0690327159 -0.0145980987 -0.997507584 -0.991381132 -0.112604174 -0.0669608194,9501.54018 -919.050455 33137.3825,0,0,0,factor_graph_prior_initial,sequence_factor_graph|prior|initial
1,2200,1,0.968653453,-0.301988322 0.953263098 -0.00961864901 0.0216484732 -0.00322970496 -0.999760428 -0.953065788 -0.302124203 -0.0196613574,8900.97332 -712.725759 31647.8653,0,0,0,factor_graph_prior_initial,sequence_factor_graph|prior|initial
1,2201,1,0.978581645,-0.259352758 0.965781762 -0.00131758144 -0.00576678708 -0.00291285898 -0.999979129 -0.965765443 -0.259339747 0.00632491579,8680.53532 -813.281298 30909.9865,0,0,0,factor_graph_prior_initial,sequence_factor_graph|prior|initial
1,2202,1,0.487010052,-0.15838139 0.98617813 -0.0486624132 0.0952515745 -0.0337942571 -0.994879433 -0.982772849 -0.162205559 -0.0885826383,8602.19669 -821.124494 30636.7416,0,0,0,factor_graph_prior_initial,sequence_factor_graph|prior|initial
1,2203,1,0.926337325,-0.267568377 0.962138726 0.0519252876 0.0293586109 0.0620060081 -0.997643888 -0.963091499 -0.265413502 -0.0448379035,8481.74667 -679.253101 30032.3658,0,0,0,factor_graph_prior_initial,sequence_factor_graph|prior|initial
1,2204,1,1,-0.314332222 0.945520364 0.0847731989 0.0396848508 0.102309228 -0.993960731 -0.948483193 -0.309069673 -0.0696819214,8298.10524 -746.446073 29314.352,0,0,0,factor_graph_prior_initial,sequence_factor_graph|prior|initial
1,2205,1,0.653157162,-0.164677185 0.986146509 -0.0199120117 0.0357481666 -0.0142071852 -0.999259838 -0.985699494 -0.165267116 -0.0329133304,8761.85226 -913.132191 30594.9039,0,0,0,factor_graph_prior_initial,sequence_factor_graph|prior|initial
1,2206,1,1,-0.279080749 0.960037474 -0.0210234301 -0.0181079091 -0.0271508155 -0.999467327 -0.960096891 -0.2785514 0.0249615413,8786.92341 -703.519106 30427.7878,0,0,0,factor_graph_prior_initial,sequence_factor_graph|prior|initial
1,2207,1,0.683982205,-0.303750688 0.952749061 -0.00217873933 0.0150987245 0.00252717534 -0.999882814 -0.952631906 -0.303747989 -0.0151529268,8393.13126 -679.898083 29201.8604,0,0,0,factor_graph_prior_initial,sequence_factor_graph|prior|initial
1,2208,1,0.59382624,-0.321713084 0.946764428 -0.0117392418 0.0267211533 -0.00331491216 -0.99963743 -0.946460074 -0.321910127 -0.0242321868,8154.73652 -791.423321 28263.2408,0,0,0,factor_graph_prior_initial,sequence_factor_graph|prior|initial
1,2209,1,1,-0.298437863 0.954090795 -0.0254085899 0.0372267985 -0.0149652887 -0.999194779 -0.953702788 -0.299143435 -0.031051537,8281.4064 -702.748537 28480.7911,0,0,0,factor_graph_prior_initial,sequence_factor_graph|prior|initial
1,2210,1,0.406847541,-0.35189727 0.934365082 0.0559482365 0.049610962 0.0783048326 -0.995694283 -0.934722988 -0.347606455 -0.0739100074,8291.42857 -750.324607 28272.1806,0,0,0,factor_graph_prior_initial,sequence_factor_graph|prior|initial
1,2211,1,1,-0.292007142 0.955419639 -0.0436479393 -0.00264365604 -0.0464431045 -0.998917439 -0.956412484 -0.291575636 0.0160875191,8547.91641 -855.371833 29037.1494,0,0,0,factor_graph_prior_initial,sequence_factor_graph|prior|initial
1,2212,1,1,-0.33807147 0.940733312 -0.0269910595 0.0160959498 -0.0228958672 -0.999608273 -0.940982785 -0.338373485 -0.00740155664,9015.90252 -834.01978 30498.9395,0,0,0,factor_graph_prior_initial,sequence_factor_graph|prior|initial
1,2213,1,1,-0.282524666 0.959254634 -0.00321866783 0.00214293739 -0.00272421496 -0.999993993 -0.95925764 -0.282529867 -0.0012859647,9172.68753 -745.391548 31057.8518,0,0,0,factor_graph_prior_initial,sequence_factor_graph|prior|initial
1,2214,1,0.491675962,-0.227642159 0.973155565 -0.0338717256 0.03835937 -0.0257957799 -0.998930997 -0.972989006 -0.228698107 -0.0314574274,8898.91338 -792.883992 30580.4672,0,0,0,factor_graph_prior_initial,sequence_factor_graph|prior|initial
1,2215,1,1,-0.343646505 0.933923506 -0.098457934 0.0229337795 -0.0964657441 -0.995072059 -0.938819004 -0.344211047 0.01173172,8743.75248 -769.374907 30576.4484,0,0,0,factor_graph_prior_initial,sequence_factor_graph|prior|initial
1,2216,1,1,-0.332790976 0.942746124 -0.0219068943 -0.0151303793 -0.0285662263 -0.999477385 -0.942879228 -0.332285595 0.0237706888,8677.0916 -830.240309 30665.7925,0,0,0,factor_graph_prior_initial,sequence_factor_graph|prior|initial
1,2217,1,0.871597364,-0.294368062 0.955643794 0.00961157158 0.0147709231 0.014605427 -0.999784227 -0.955577974 -0.294162574 -0.0184151122,8263.09109 -739.426255 29704.5193,0,0,0,factor_graph_prior_initial,sequence_factor_graph|prior|initial
1,2218,1,1,-0.299587452 0.954068548 -0.000750812501 -0.00786678494 -0.00325718246 -0.999963752 -0.95403641 -0.299570686 0.00848126308,8273.37933 -694.230199 30054.9355,0,0,0,factor_graph_prior_initial,sequence_factor_graph|prior|initial
1,2219,1,1,-0.323845239 0.94486443 0.0485331799 0.019511109 0.057956385 -0.998128436 -0.945908863 -0.322292206 -0.0372042523,7823.68755 -835.250974 29062.8204,0,0,0,factor_graph_prior_initial,sequence_factor_graph|prior|initial
1,2220,1,0.652771778,-0.298880373 0.952090464 -0.0647631889 -0.028822537 -0.076840612 -0.996626701 -0.953855222 -0.296005521 0.0504078134,7593.4577 -882.325292 28473.1865,0,0,0,factor_graph_prior_initial,sequence_factor_graph|prior|initial
1,2221,1,1,-0.305333707 0.951745141 -0.0308628254 0.0969765776 -0.00116325214 -0.995285984 -0.9472945 -0.306887331 -0.0919418065,7504.4136 -758.075595 28326.6125,0,0,0,factor_graph_prior_initial,sequence_factor_graph|prior|initial
1,2222,1,0.737389271,-0.320345049 0.943218454 -0.0878521321 0.0116701276 -0.0888029415 -0.995980846 -0.947229042 -0.320082778 0.0174401029,7363.44957 -858.688951 28003.2959,0,0,0,factor_graph_prior_initial,sequence_factor_graph|prior|initial
1,2223,1,1,-0.279980815 0.959284665 -0.0371977769 0.00966194985 -0.0359297529 -0.99930761 -0.959956973 -0.280146362 0.000791081175,7588.96446 -890.01739 29471.3612,0,0,0,factor_graph_prior_initial,sequence_factor_graph|prior|initial
1,2224,1,0.446348491,-0.133975432 0.988389308 -0.0716739814 0.0805157859 -0.0612301445 -0.994870885 -0.987708354 -0.139059143 -0.0713776068,7464.98251 -889.98121 29854.9309,0,0,0,factor_graph_prior_initial,sequence_factor_graph|prior|initial
1,2225,1,0.367879441,0.158425274 0.986968005 0.0282061975 0.233956548 -0.00976994417 -0.972197964 -0.959252713 0.160619753 -0.232455433,9089.75601 -1632.02763 36798.8281,0,0,0,factor_graph_prior_initial,sequence_factor_graph|prior|initial
1,2226,1,0.367879441,0.157377375 0.987001829 0.0325538289 0.234662724 -0.00535587688 -0.972062097 -0.959252713 0.160619751 -0.232455431,9808.64048 -1708.01866 40143.5051,0,0,0,factor_graph_prior_initial,sequence_factor_graph|prior|initial
1,2227,1,0.367879441,0 0.998731641 -0.0503498777 0 -0.0503498777 -0.998731641 -1 0 0,8180.45712 -769.893527 36283.577,0,0,0,factor_graph_prior_initial,sequence_factor_graph|prior|initial
1,2228,1,1,-0.112407451 0.99052534 -0.0788930656 0.0693287987 -0.0713847565 -0.995036549 -0.991240678 -0.117319084 -0.0606477534,7369.65418 -963.204443 33427.1393,0,0,0,factor_graph_prior_initial,sequence_factor_graph|prior|initial
1,2229,1,0.448732678,-0.335943647 0.941878565 0.00257563771 0.0441948448 0.0184945896 -0.998851724 -0.940844664 -0.335444061 -0.0478393169,6538.47694 -864.133239 29715.3149,0,0,0,factor_graph_prior_initial,sequence_factor_graph|prior|initial
1,2230,1,0.984510216,0.212661545 0.947228306 -0.239861633 0.159235599 -0.275790814 -0.947936417 -0.964063842 0.163395112 -0.209482568,6984.13563 -942.019463 31365.942,0,0,0,factor_graph_prior_initial,sequence_factor_graph|prior|initial
1,2231,1,0.847093529,-0.0448803589 0.996247749 -0.0740011942 0.0472167614 -0.0718776345 -0.996295229 -0.99787591 -0.0482081842 -0.0438136982,6942.76905 -937.449157 31498.354,0,0,0,factor_graph_prior_initial,sequence_factor_graph|prior|initial
1,2232,1,0.981730712,-0.321238583 0.94699609 -0.00204417133 0.00905009004 0.000911462409 -0.999958632 -0.946955051 -0.321243794 -0.00886319677,6668.41888 -890.224874 30677.0649,0,0,0,factor_graph_prior_initial,sequence_factor_graph|prior|initial
1,2233,1,1,-0.30032939 0.953800341 -0.00819553989 0.0288414931 0.000492575287 -0.999583876 -0.953399405 -0.300440787 -0.0276569608,6526.64518 -757.724762 30266.1724,0,0,0,factor_graph_prior_initial,sequence_factor_graph|prior|initial
1,2234,1,0.880208613,-0.101716398 0.992402502 -0.0692174064 0.121947765 -0.0566149937 -0.990920524 -0.98731075 -0.109233774 -0.115262594,6425.43221 -784.453154 30614.9769,0,0,0,factor_graph_prior_initial,sequence_factor_graph|prior|initial
1,2235,1,0.567909842,-0.350704738 0.932547937 -0.0857935413 0.136352003 -0.039788193 -0.989861117 -0.926506513 -0.358847105 -0.113200871,6022.54343 -682.027936 29075.531,0,0,0,factor_graph_prior_initial,sequence_factor_graph|prior|initial
1,2236,1,0.585957918,-0.284756927 0.956929685 0.0565603337 0.0196508706 0.0648178977 -0.997703605 -0.958398318 -0.282991553 -0.0372618467,5647.04657 -718.204856 27622.6673,0,0,0,factor_graph_prior_initial,sequence_factor_graph|prior|initial
1,2237,1,0.479614383,-0.384339272 0.922689147 -0.030464117 0.131664951 0.0221229739 -0.991047383 -0.913754707 -0.384909486 -0.129988549,5510.33878 -785.061538 27731.2336,0,0,0,factor_graph_prior_initial,sequence_factor_graph|prior|initial
1,2238,1,0.720135958,-0.396940163 0.917240062 0.0333042749 0.10979866 0.0834780978 -0.990442155 -0.911253401 -0.389489506 -0.133847539,5410.71987 -702.184677 27792.5758,0,0,0,factor_graph_prior_initial,sequence_factor_graph|prior|initial
1,2239,1,0.950207685,-0.389606626 0.920876019 -0.0139296445 0.123646678 0.0373129356 -0.991624548 -0.91264351 -0.388065849 -0.128400627,5634.88913 -892.348886 29306.675,0,0,0,factor_graph_prior_initial,sequence_factor_graph|prior|initial
1,2240,1,0.538268615,-0.394657504 0.918706795 -0.014942568 0.108223163 0.0303287113 -0.993663885 -0.912432574 -0.39377404 -0.111394808,5263.96084 -916.45509 27859.3311,0,0,0,factor_graph_prior_initial,sequence_factor_graph|prior|initial
1,2241,1,0.638523874,-0.2953949 0.955313079 -0.0108983175 0.150296679 0.0352022626 -0.988014023 -0.943479073 -0.293492285 -0.153978952,4923.4643 -771.294594 27093.8683,0,0,0,factor_graph_prior_initial,sequence_factor_graph|prior|initial
1,2242,1,0.41764876,-0.504802226 0.861441073 0.0556236466 0.0558262795 0.0968796077 -0.993729223 -0.861427965 -0.498531462 -0.0969960917,4820.67204 -938.156247 27240.7303,0,0,0,factor_graph_prior_initial,sequence_factor_graph|prior|initial
1,2243,1,0.395563573,-0.142347674 0.989041866 -0.0391577222 0.104176316 -0.0243707668 -0.994260208 -0.984319275 -0.145609935 -0.0995656163,4489.76135 -919.341505 26426.8055,0,0,0,factor_graph_prior_initial,sequence_factor_graph|prior|initial
1,2244,1,0.369236718,-0.298022369 0.954520907 0.00851503281 0.0185396408 0.0147067244 -0.999719958 -0.954378829 -0.297781045 -0.0220794076,4398.04173 -808.606565 26790.4587,0,0,0,factor_graph_prior_initial,sequence_factor_graph|prior|initial
1,2245,1,0.40621496,-0.274062565 0.961663057 0.00968894368 0.0676231465 0.0293195864 -0.997280037 -0.959331445 -0.272661928 -0.0730660828,4241.7922 -908.246577 27192.028,0,0,0,factor_graph_prior_initial,sequence_factor_graph|prior|initial
1,2246,1,0.389389291,-0.277726417 0.960337951 -0.0248808472 0.0944987165 0.00153624514 -0.995523798 -0.956001062 -0.278834466 -0.0911773597,4161.49187 -915.333986 27495.8458,0,0,0,factor_graph_prior_initial,sequence_factor_graph|prior|initial
1,2247,1,0.918159396,-0.302244267 0.948884172 0.0909243179 0.199437628 0.156222457 -0.967377474 -0.932133593 -0.274250565 -0.236460551,4221.17996 -893.510878 28712.5511,0,0,0,factor_graph_prior_initial,sequence_factor_graph|prior|initial
1,2248,1,0.441675928,-0.28161484 0.954672021 0.0964075387 -0.00757549487 0.0982587313 -0.995132068 -0.959497626 -0.280974293 -0.0204390039,3788.66482 -936.543882 27062.6507,0,0,0,factor_graph_prior_initial,sequence_factor_graph|prior|initial
1,2249,1,0.492584439,-0.713085458 0.69835007 0.0617762837 0.0362483236 0.124724173 -0.991529092 -0.700139407 -0.70480569 -0.114253013,3872.23434 -1272.79758 30297.7924,0,0,0,factor_graph_prior_initial,sequence_factor_graph|prior|initial
1,2250,1,0.655232446,-0.848952427 0.525257406 0.058175898 0.109499707 0.282530028 -0.952988246 -0.517000572 -0.80267144 -0.297370085,3710.68358 -2331.61092 32601.902,0,0,0,factor_graph_prior_initial,sequence_factor_graph|prior|initial
1,2251,1,0.707110709,-0.244813874 0.96950777 -0.0109932055 0.060258312 0.00389777757 -0.998175207 -0.96769577 -0.245029572 -0.0593751317,3843.44554 -2182.91688 32308.8875,0,0,0,factor_graph_prior_initial,sequence_factor_graph|prior|initial
1,2252,1,0.602950251,-0.207913161 0.976081629 -0.0635355942 0.00919572017 -0.0630016702 -0.997971056 -0.978104062 -0.208075572 0.00412310287,3675.59719 -1913.68783 29316.0229,0,0,0,factor_graph_prior_initial,sequence_factor_graph|prior|initial
1,2253,1,0.846752188,0.844379561 0.281893113 0.455586907 0.115506745 0.734591707 -0.668605426 -0.523145629 0.617180117 0.587713667,4532.13072 -2735.35371 36474.6628,0,0,0,factor_graph_prior_initial,sequence_factor_graph|prior|initial
1,2254,1,0.456359394,-0.249446237 0.968385189 -0.0025885238 0.074203526 0.016448779 -0.997107454 -0.965541512 -0.24891678 -0.0759606816,3956.45857 -1660.33971 32656.7039,0,0,0,factor_graph_prior_initial,sequence_factor_graph|prior|initial
1,2255,1,1,-0.2972998 0.95399467 0.038820067 0.072466406 0.0630870597 -0.99537362 -0.952030172 -0.293111228 -0.0878883354,3887.45093 -1069.88156 30187.8529,0,0,0,factor_graph_prior_initial,sequence_factor_graph|prior|initial
1,2256,1,0.99483397,-0.319420886 0.947185892 -0.0284461608 0.0256361002 -0.0213702587 -0.999442896 -0.947266112 -0.319972184 -0.0174560454,3940.30499 -979.238093 29482.2464,0,0,0,factor_graph_prior_initial,sequence_factor_graph|prior|initial
1,2257,1,0.978150368,-0.298594642 0.953729708 -0.0352261783 0.000493419713 -0.0367557372 -0.999324158 -0.954379901 -0.29841022 0.0105044772,4107.57542 -1104.71344 30581.0127,0,0,0,factor_graph_prior_initial,sequence_factor_graph|prior|initial
1,2258,1,1,-0.291071894 0.953494328 -0.0782669769 0.0423495932 -0.0688875495 -0.996725146 -0.955763394 -0.293433251 -0.0203288674,3951.8621 -1182.3746 29362.0911,0,0,0,factor_graph_prior_initial,sequence_factor_graph|prior|initial
1,2259,1,1,-0.267864707 0.963456529 -0.000126565542 0.0116215538 0.00309972233 -0.999927663 -0.963386443 -0.267846802 -0.0120271681,3905.98726 -1010.04601 29368.6142,0,0,0,factor_graph_prior_initial,sequence_factor_graph|prior|initial
1,2260,1,0.653173547,-0.0254280253 0.999150299 -0.0324360135 0.0189760407 -0.0319582336 -0.999309052 -0.999496536 -0.0260259629 -0.0181472819,3539.95538 -932.733893 27999.0959,0,0,0,factor_graph_prior_initial,sequence_factor_graph|prior|initial
1,2261,1,0.504061342,-0.38841089 0.921438525 -0.00938216061 0.0974358387 0.0309430697 -0.994760667 -0.916320488 -0.387290035 -0.101799761,3496.46807 -1010.728 28156.786,0,0,0,factor_graph_prior_initial,sequence_factor_graph|prior|initial
1,2262,1,0.526904963,-0.400342607 0.91491408 -0.0515560208 0.106042915 -0.00962869033 -0.994314934 -0.91020915 -0.403533784 -0.0931653812,3365.90385 -898.35304 27657.0625,0,0,0,factor_graph_prior_initial,sequence_factor_graph|prior|initial
1,2263,1,1,-0.10442645 0.992917701 -0.056652943 0.0232565103 -0.0545108317 -0.998242307 -0.994260656 -0.10556045 -0.0173994281,3388.92317 -947.650313 27009.3002,0,0,0,factor_graph_prior_initial,sequence_factor_graph|prior|initial
1,2264,1,0.494592054,-0.39002515 0.920383293 0.0278383814 0.052172005 0.0522725174 -0.997269104 -0.919325005 -0.387507648 -0.0684058382,3603.50871 -1097.61333 29499.5956,0,0,0,factor_graph_prior_initial,sequence_factor_graph|prior|initial
1,2265,1,1,-0.27312893 0.960298215 -0.0568148306 0.02981545 -0.0505815278 -0.998274786 -0.961515276 -0.274351684 -0.0148164449,3654.26612 -941.125453 29550.9815,0,0,0,factor_graph_prior_initial,sequence_factor_graph|prior|initial
1,2266,1,0.42264566,-0.384303007 0.916642511 0.109898613 0.0784603205 0.151037787 -0.985409339 -0.919866934 -0.370073092 -0.129964341,3239.49146 -810.753882 28174.7437,0,0,0,factor_graph_prior_initial,sequence_factor_graph|prior|initial
1,2267,1,0.372856705,-0.399767023 0.916005797 0.0334620212 0.0778163634 0.0702898973 -0.994486774 -0.913307692 -0.394959124 -0.0993798229,3338.25803 -988.117218 29248.7793,0,0,0,factor_graph_prior_initial,sequence_factor_graph|prior|initial
1,2268,1,0.841841672,-0.284678721 0.958558934 0.0110813048 0.0185772544 0.017073886 -0.999681633 -0.958442962 -0.284382228 -0.0226679652,3652.17257 -896.777451 30506.1874,0,0,0,factor_graph_prior_initial,sequence_factor_graph|prior|initial
1,2269,1,0.946739163,-0.400991341 0.916009787 0.0114897328 0.0596636117 0.0386297888 -0.997470798 -0.91413686 -0.399291634 -0.0701426631,3655.27701 -1044.23594 30509.6207,0,0,0,factor_graph_prior_initial,sequence_factor_graph|prior|initial
1,2270,1,0.998769146,-0.272397549 0.956439377 -0.104991877 0.0290161517 -0.100903063 -0.994473044 -0.96174718 -0.27393848 -0.00026644295,3881.74653 -1008.53598 30666.6489,0,0,0,factor_graph_prior_initial,sequence_factor_graph|prior|initial
1,2271,1,1,-0.266537642 0.963758368 0.0112913237 0.0154215645 0.015978037 -0.999753408 -0.963701126 -0.266297786 -0.0191214101,3896.209 -928.12264 30309.7668,0,0,0,factor_graph_prior_initial,sequence_factor_graph|prior|initial
1,2272,1,0.425924026,-0.414856034 0.907305356 0.0684942503 0.0771380267 0.110077441 -0.990925165 -0.906611381 -0.405807772 -0.115654036,3967.54265 -1049.91817 31815.3324,0,0,0,factor_graph_prior_initial,sequence_factor_graph|prior|initial
1,2273,1,1,-0.403098828 0.912499847 0.06968044 0.0502991386 0.0981163152 -0.993903006 -0.913773129 -0.397136271 -0.085448528,3928.52306 -959.666967 32093.7309,0,0,0,factor_graph_prior_initial,sequence_factor_graph|prior|initial
1,2274,1,0.62912163,-0.402955122 0.909303145 0.103898795 0.0188458904 0.121743135 -0.992382709 -0.915025684 -0.39792763 -0.0661936472,3882.62343 -887.254834 31697.9828,0,0,0,factor_graph_prior_initial,sequence_factor_graph|prior|initial
1,2275,1,1,-0.263501834 0.964197247 -0.0298404602 -0.00717644719 -0.0328921825 -0.999433141 -0.9646322 -0.263138317 0.015586661,4012.70962 -924.303472 31413.5456,0,0,0,factor_graph_prior_initial,sequence_factor_graph|prior|initial
1,2276,1,0.989725192,-0.263613376 0.963103283 -0.0542222742 -0.00273390647 -0.0569562437 -0.998372932 -0.964624545 -0.263036221 0.017647462,4044.09361 -911.653399 31095.89,0,0,0,factor_graph_prior_initial,sequence_factor_graph|prior|initial
1,2277,1,0.555525544,-0.306359021 0.951648939 0.0225487629 0.0140890628 0.0282182379 -0.999502491 -0.951811772 -0.305888914 -0.0220527534,3832.6416 -774.057806 29664.4783,0,0,0,factor_graph_prior_initial,sequence_factor_graph|prior|initial
1,2278,1,0.981644953,-0.29048374 0.956453299 0.0285706609 0.022779386 0.0367618276 -0.999064396 -0.956608748 -0.28956114 -0.0324661321,3781.35014 -859.456658 29014.4634,0,0,0,factor_graph_prior_initial,sequence_factor_graph|prior|initial
1,2279,1,1,-0.29982123 0.952689291 -0.049903355 0.0417059421 -0.0391704588 -0.998361803 -0.953083336 -0.30141133 -0.0279886693,3873.80505 -791.091084 29459.8522,0,0,0,factor_graph_prior_initial,sequence_factor_graph|prior|initial
1,2280,1,0.590241519,-0.314866857 0.947485004 -0.055955599 -0.0123582443 -0.0630418596 -0.997934365 -0.949055392 -0.313524944 0.0315590433,4070.68205 -824.054182 30767.8566,0,0,0,factor_graph_prior_initial,sequence_factor_graph|prior|initial
1,2281,1,0.522990673,-0.0105543643 0.999340777 -0.0347364028 0.0432495708 -0.0342496077 -0.99847706 -0.999008549 -0.0120406252 -0.0428595769,3737.65683 -849.940598 28765.6746,0,0,0,factor_graph_prior_initial,sequence_factor_graph|prior|initial
1,2282,1,0.967870804,0.0291436929 0.996319764 -0.0806075265 0.0527159966 -0.0820615423 -0.995232097 -0.998184186 0.0247554325 -0.0549135656,3647.55225 -683.390141 27849.8516,0,0,0,factor_graph_prior_initial,sequence_factor_graph|prior|initial
1,2283,1,0.70621556,0.00684879063 0.999972452 -0.00286156003 0.0331990612 -0.00308742745 -0.99944399 -0.999425293 0.00674998153 -0.0332192918,3497.18118 -597.561181 26717.7353,0,0,0,factor_graph_prior_initial,sequence_factor_graph|prior|initial
1,2284,1,1,0.0104184366 0.995894664 -0.0899181571 0.0699084499 -0.0904284344 -0.993446278 -0.997499005 0.0040641181 -0.0705635751,3595.59679 -833.688974 27361.5513,0,0,0,factor_graph_prior_initial,sequence_factor_graph|prior|initial
1,2285,1,0.874570908,-0.277611479 0.954156235 -0.111882731 0.00811633889 -0.114126815 -0.993433035 -0.960659144 -0.276696492 0.0239386585,3981.72569 -924.321532 29571.7602,0,0,0,factor_graph_prior_initial,sequence_factor_graph|prior|initial
1,2286,1,0.943989274,-0.305543058 0.945148982 -0.115485241 0.00656443097 -0.119191533 -0.992849579 -0.952155632 -0.304116392 0.0302137804,3913.1763 -972.478271 29110.0731,0,0,0,factor_graph_prior_initial,sequence_factor_graph|prior|initial
1,2287,1,1,-0.314421683 0.947589097 -0.0566913452 0.0239593882 -0.0517794571 -0.998371091 -0.948981008 -0.315267808 -0.00642307097,4037.25624 -964.524209 29922.7676,0,0,0,factor_graph_prior_initial,sequence_factor_graph|prior|initial
1,2288,1,1,-0.263181243 0.964739052 -0.0037675604 0.0184687781 0.00113369578 -0.999828795 -0.964569613 -0.263205767 -0.018115919,4150.20704 -956.675053 30513.1149,0,0,0,factor_graph_prior_initial,sequence_factor_graph|prior|initial
1,2289,1,0.96613247,0.0263954848 0.994994114 -0.096384599 0.0753347054 -0.0981239319 -0.992318687 -0.996808889 0.0189316275 -0.0775476172,3907.43494 -1058.73442 29393.3258,0,0,0,factor_graph_prior_initial,sequence_factor_graph|prior|initial
1,2291,1,1,0.00501646692 0.999971076 0.00571687747 0.0317658627 0.0055547124 -0.999479902 -0.999482749 0.00519545941 -0.0317370789,3791.79025 -1070.63818 28318.8114,0,0,0,factor_graph_prior_initial,sequence_factor_graph|prior|initial
1,2292,1,0.962473704,-0.0108380084 0.999866643 0.0122161673 0.0675751535 0.0129213245 -0.997630512 -0.997655319 -0.00998681849 -0.0677061833,3734.46298 -1103.80065 28082.3383,0,0,0,factor_graph_prior_initial,sequence_factor_graph|prior|initial
1,2293,1,1,0.0135541226 0.999551116 0.0267180311 0.000465171184 0.0267141795 -0.999643004 -0.99990803 0.0135617123 -0.000102875112,3676.62764 -998.182297 27848.3467,0,0,0,factor_graph_prior_initial,sequence_factor_graph|prior|initial
1,2294,1,0.741703787,0.0128961916 0.999896232 -0.00641974946 0.0274769339 -0.00677222887 -0.999599497 -0.999539247 0.0127146316 -0.0275614187,3810.56166 -1046.21279 28917.345,0,0,0,factor_graph_prior_initial,sequence_factor_graph|prior|initial
1,2295,1,1,-0.0306460191 0.99909235 -0.0295854141 0.0272805237 -0.0287522243 -0.999214233 -0.999157943 -0.0314290441 -0.0263746214,3681.38003 -1163.15186 28163.6829,0,0,0,factor_graph_prior_initial,sequence_factor_graph|prior|initial
1,2296,1,0.99458763,0.0153662535 0.998873095 -0.0449045365 0.0477177501 -0.045591258 -0.99781985 -0.998742657 0.0131900094 -0.0483645436,3691.75196 -1066.66625 28702.0702,0,0,0,factor_graph_prior_initial,sequence_factor_graph|prior|initial
1,2297,1,0.962857444,-0.327684965 0.944513852 -0.0227188631 0.0273473292 -0.0145542071 -0.999520034 -0.944391173 -0.328148987 -0.0210607364,3842.60559 -1167.86623 29104.0249,0,0,0,factor_graph_prior_initial,sequence_factor_graph|prior|initial
1,2298,1,0.841907589,-0.00853686061 0.998799139 0.0482431536 0.032020025 0.0484932133 -0.998310135 -0.999450769 -0.00697768749 -0.0323955532,3479.11835 -1110.48937 27063.0512,0,0,0,factor_graph_prior_initial,sequence_factor_graph|prior|initial
1,2299,1,0.452966652,-0.0817362583 0.996601921 -0.0101879797 -0.00272472978 -0.0104455902 -0.999941731 -0.99665027 -0.0817037361 0.00356925439,3569.39125 -965.331435 27161.1843,0,0,0,factor_graph_prior_initial,sequence_factor_graph|prior|initial
1,2300,1,0.460029151,-0.168867515 0.982689966 -0.0761852561 0.137210131 -0.0531050794 -0.9891174 -0.976041568 -0.177483186 -0.125867296,3788.58972 -1236.8778 28265.9264,0,0,0,factor_graph_prior_initial,sequence_factor_graph|prior|initial
1,2301,1,0.50332049,-0.0140849996 0.999872044 -0.0075834623 0.0197939223 -0.00730391143 -0.999777402 -0.999704863 -0.0142319708 -0.0196885139,3703.79615 -1036.40831 27558.2924,0,0,0,factor_graph_prior_initial,sequence_factor_graph|prior|initial
1,2302,1,0.452802947,-0.173048364 0.984690745 0.0209380071 0.00529296679 0.0221881828 -0.999739801 -0.984899106 -0.172892513 -0.00905156415,3891.0234 -1082.24487 28267.0174,0,0,0,factor_graph_prior_initial,sequence_factor_graph|prior|initial
1,2303,1,1,-0.126922556 0.991651929 0.0227402053 -0.00671767763 0.0220657369 -0.999733953 -0.991889882 -0.12704155 0.00386095825,3708.86016 -1070.74988 26877.9449,0,0,0,factor_graph_prior_initial,sequence_factor_graph|prior|initial
1,2304,1,0.490873481,-0.18608013 0.982533143 -0.00167556164 0.0919431395 0.0157150269 -0.995640245 -0.978223208 -0.185422923 -0.0932614361,3925.96292 -1077.21972 28104.1718,0,0,0,factor_graph_prior_initial,sequence_factor_graph|prior|initial
1,2305,1,0.425458458,-0.201373026 0.978165849 0.0513855726 0.0842667473 0.0695658328 -0.994011927 -0.9758832 -0.195837095 -0.0964355366,3982.40352 -1047.81699 28446.4531,0,0,0,factor_graph_prior_initial,sequence_factor_graph|prior|initial
1,2306,1,0.450243478,-0.166868867 0.985825284 -0.0174152445 0.149525886 0.00784347697 -0.988726701 -0.974575185 -0.167591735 -0.148715231,3974.93887 -1074.28372 28018.8904,0,0,0,factor_graph_prior_initial,sequence_factor_graph|prior|initial
1,2307,1,0.489721065,-0.131182307 0.991334145 0.00691491538 0.0885092253 0.0186591097 -0.995900575 -0.987399271 -0.130032501 -0.0901899622,3875.1905 -1112.35154 27896.2765,0,0,0,factor_graph_prior_initial,sequence_factor_graph|prior|initial
1,2308,1,0.904075939,0.0449504484 0.998903839 0.0130605363 0.0203201217 0.0121568015 -0.999719613 -0.998782534 0.0452032366 -0.0197513939,4024.34635 -949.802697 28463.3904,0,0,0,factor_graph_prior_initial,sequence_factor_graph|prior|initial
1,2309,1,0.502612876,-0.162728667 0.986663449 0.00382362944 0.0543651962 0.0128356181 -0.998438617 -0.985171968 -0.162266713 -0.055728875,3999.00723 -1065.03236 28147.7642,0,0,0,factor_graph_prior_initial,sequence_factor_graph|prior|initial
1,2310,1,0.46932515,-0.315857536 0.948648496 -0.0173219076 0.134424645 0.0266701151 -0.990564849 -0.939235876 -0.315205864 -0.135945694,4035.13765 -1017.28868 28720.2263,0,0,0,factor_graph_prior_initial,sequence_factor_graph|prior|initial
1,2311,1,1,0.00787858842 0.996344254 0.0850650053 0.0339038659 0.0847525824 -0.995825049 -0.999394044 0.0107297282 -0.0331121912,4200.20437 -1001.28829 29674.9477,0,0,0,factor_graph_prior_initial,sequence_factor_graph|prior|initial
1,2312,1,0.441137648,-0.419413197 0.90667019 0.0451855774 0.0923931688 0.092150515 -0.991449336 -0.903081432 -0.411652097 -0.122419274,4150.65479 -1097.10062 30224.5636,0,0,0,factor_graph_prior_initial,sequence_factor_graph|prior|initial
1,2313,1,0.964317548,0.00656707208 0.999976763 0.00182933163 0.0456140075 0.00152791044 -0.998957971 -0.998937554 0.00664367215 -0.0456029137,3878.08418 -1075.56176 28842.8574,0,0,0,factor_graph_prior_initial,sequence_factor_graph|prior|initial
1,2314,1,0.642651308,0.0487654961 0.997722506 -0.0466017857 0.143937481 -0.0531901696 -0.988156267 -0.988384504 0.041480187 -0.146203509,3917.89532 -1053.98154 28858.8867,0,0,0,factor_graph_prior_initial,sequence_factor_graph|prior|initial
1,2315,1,1,-0.0156564467 0.999696965 -0.0189961359 0.104085686 -0.0172657282 -0.994418455 -0.994445094 -0.0175462853 -0.103783824,3788.20181 -1039.32524 28192.4534,0,0,0,factor_graph_prior_initial,sequence_factor_graph|prior|initial
1,2316,1,0.442312293,-0.154093922 0.987603544 -0.0299048873 0.01378629 -0.028114358 -0.99950964 -0.98796002 -0.154430638 -0.0092831372,3853.93167 -1205.26695 28165.8573,0,0,0,factor_graph_prior_initial,sequence_factor_graph|prior|initial
1,2317,1,0.458769354,-0.182599089 0.983017314 0.0182902217 0.0956136286 0.0362692468 -0.994757546 -0.978527264 -0.179893027 -0.100612584,3926.74303 -1058.54928 28107.0213,0,0,0,factor_graph_prior_initial,sequence_factor_graph|prior|initial
1,2318,1,0.517527341,-0.132426158 0.990882379 -0.0248077225 0.127371867 -0.00780873203 -0.991824295 -0.982974934 -0.134503286 -0.125176458,3787.21333 -1069.85688 27341.4822,0,0,0,factor_graph_prior_initial,sequence_factor_graph|prior|initial
1,2319,1,0.923452391,0.0144734268 0.998947239 -0.0435308436 0.0379177223 -0.0440524258 -0.998309386 -0.999176044 0.0127983673 -0.0385153936,4102.34737 -1275.06316 29080.0629,0,0,0,factor_graph_prior_initial,sequence_factor_graph|prior|initial
1,2320,1,0.577426019,-0.456931025 0.881938451 0.115752353 -0.0278630721 0.115876403 -0.992872755 -0.889065626 -0.456899582 -0.0283740091,4407.52554 -1278.70607 32091.8465,0,0,0,factor_graph_prior_initial,sequence_factor_graph|prior|initial
1,2321,1,0.566477784,-0.316273838 0.948506655 0.0174924208 -0.0389860095 0.0054281217 -0.999225013 -0.947866526 -0.31671069 0.0352617165,4200.95539 -1090.09981 31079.0367,0,0,0,factor_graph_prior_initial,sequence_factor_graph|prior|initial
1,2322,1,0.600661762,-0.336815625 0.94144278 -0.0155153785 0.00213638043 -0.015714031 -0.999874245 -0.941568198 -0.336806415 0.00328145123,4210.33096 -1199.73421 30373.7545,0,0,0,factor_graph_prior_initial,sequence_factor_graph|prior|initial
1,2323,1,0.948056044,-0.329745067 0.944001206 -0.0113979312 -0.00311793532 -0.0131620724 -0.999908515 -0.944064865 -0.329679363 0.00728346317,4413.19275 -1292.6439 31425.7755,0,0,0,factor_graph_prior_initial,sequence_factor_graph|prior|initial
1,2324,1,0.520977562,-0.340290638 0.939756877 0.0325467842 -0.0150019175 0.029182278 -0.999461524 -0.94020063 -0.340595664 0.00416769915,4332.49474 -1105.68249 31003.0479,0,0,0,factor_graph_prior_initial,sequence_factor_graph|prior|initial
1,2325,1,0.405662659,-0.316572296 0.948263289 0.0240565352 0.0504788368 0.0421661843 -0.997834606 -0.947224297 -0.314672446 -0.0612158735,4862.73766 -1268.59212 33953.5866,0,0,0,factor_graph_prior_initial,sequence_factor_graph|prior|initial
1,2326,1,0.946118674,-0.431322335 0.901316036 0.039880414 -0.00164006051 0.0434202352 -0.999055551 -0.902196405 -0.430980379 -0.0172499044,4756.76394 -1261.88326 33967.8917,0,0,0,factor_graph_prior_initial,sequence_factor_graph|prior|initial
1,2327,1,0.850117712,-0.337612408 0.940933744 -0.0257206259 -0.0489775514 -0.0448482971 -0.997792478 -0.940010139 -0.335607388 0.0612259724,4593.23406 -1182.52599 33007.6523,0,0,0,factor_graph_prior_initial,sequence_factor_graph|prior|initial
1,2328,1,0.658382283,-0.0429098548 0.997257596 0.0602995109 -0.0409777047 0.058547553 -0.997443237 -0.998238234 -0.04527108 0.0383530603,4133.43906 -850.40307 30458.1566,0,0,0,factor_graph_prior_initial,sequence_factor_graph|prior|initial
1,2329,1,0.948646237,-0.00373146765 0.999894067 -0.014068771 -0.00628165621 -0.014092029 -0.999880971 -0.999973308 -0.00364264832 0.00633357473,4230.76868 -1083.00281 30470.808,0,0,0,factor_graph_prior_initial,sequence_factor_graph|prior|initial
1,2330,1,0.458354624,0.529869513 0.833514348 -0.156499621 0.111817391 -0.251585553 -0.961354035 -0.840675425 0.491892815 -0.226508914,5392.1423 -1576.43974 38643.2343,0,0,0,factor_graph_prior_initial,sequence_factor_graph|prior|initial
1,2331,1,0.883135302,0.555239101 0.815244727 -0.164576963 0.105082513 -0.265062713 -0.958488092 -0.825025579 0.514895906 -0.232841147,5635.72025 -1452.4287 39258.9455,0,0,0,factor_graph_prior_initial,sequence_factor_graph|prior|initial
1,2332,1,0.452703854,0.0592346649 0.978730185 -0.196414049 0.198729986 -0.204382961 -0.958506128 -0.978262566 0.0177434282 -0.206609592,4502.47717 -1062.70194 33593.6661,0,0,0,factor_graph_prior_initial,sequence_factor_graph|prior|initial
1,2333,1,0.404924462,-0.427737165 0.903791167 0.0142282881 0.0700662997 0.0488456362 -0.996345732 -0.901183461 -0.425177176 -0.0842183968,4189.91518 -1068.58885 31341.9724,0,0,0,factor_graph_prior_initial,sequence_factor_graph|prior|initial
1,2334,1,0.502489847,-0.154099385 0.987937376 0.0152682705 0.0650889873 0.0255694991 -0.997551815 -0.985909125 -0.152728325 -0.0682440874,3782.19199 -917.430818 27850.2197,0,0,0,factor_graph_prior_initial,sequence_factor_graph|prior|initial
1,2335,1,0.919100592,0.0478677673 0.99813841 0.037794076 0.0592729662 0.0349322849 -0.997630418 -0.997093472 0.0499945077 -0.0574904937,4064.73494 -978.043079 29469.183,0,0,0,factor_graph_prior_initial,sequence_factor_graph|prior|initial
1,2336,1,0.444428979,-0.176949486 0.982345742 0.0607101475 0.0844914192 0.0766173001 -0.993474202 -0.9805866 -0.170665263 -0.0965571778,3793.787 -999.029636 27047.4873,0,0,0,factor_graph_prior_initial,sequence_factor_graph|prior|initial
1,2337,1,0.371578925,-0.141657142 0.989812892 -0.0142720965 0.097393393 -0.000411972316 -0.995245878 -0.98511308 -0.142373695 -0.0963428771,3773.68903 -899.135053 26454.8969,0,0,0,factor_graph_prior_initial,sequence_factor_graph|prior|initial
1,2338,1,1,-0.0539934878 0.996592559 0.0623536182 0.00724292459 0.0628339421 -0.997997713 -0.998515019 -0.0534337548 -0.0106108684,3822.11018 -815.986991 27355.2589,0,0,0,factor_graph_prior_initial,sequence_factor_graph|prior|initial
1,2339,1,1,-0.268765377 0.963135334 -0.0116404804 0.0230007799 -0.00566421005 -0.999719401 -0.962931013 -0.268957702 -0.0206305203,4117.19942 -944.804788 28962.5683,0,0,0,factor_graph_prior_initial,sequence_factor_graph|prior|initial
1,2340,1,0.992416485,-0.304891612 0.952123912 -0.0223866193 0.00951074623 -0.0204607542 -0.999745419 -0.952339567 -0.305026906 -0.00281709655,4394.21272 -984.80016 30351.1295,0,0,0,factor_graph_prior_initial,sequence_factor_graph|prior|initial
1,2341,1,0.792730511,-0.41277247 0.910790262 -0.00894349463 0.0914424726 0.0316685592 -0.995306675 -0.9062324 -0.41165301 -0.096356823,4096.12179 -752.385616 29017.4294,0,0,0,factor_graph_prior_initial,sequence_factor_graph|prior|initial
1,2342,1,0.980008522,-0.267100694 0.962423799 -0.0489658095 0.0358815576 -0.0408441709 -0.99852104 -0.963000381 -0.268462632 -0.0236237586,3948.19188 -782.581866 28245.1439,0,0,0,factor_graph_prior_initial,sequence_factor_graph|prior|initial
1,2343,1,0.965097237,-0.245024006 0.96949068 0.00714550532 0.0297410905 0.014882901 -0.99944683 -0.969060733 -0.244675951 -0.0324803781,3999.67217 -953.903377 29105.5565,0,0,0,factor_graph_prior_initial,sequence_factor_graph|prior|initial
1,2344,1,0.970226753,-0.293557097 0.955510628 -0.0286996528 -0.00867234259 -0.0326831197 -0.999428139 -0.955902203 -0.29314033 0.0178808773,4077.27242 -811.142564 30155.2467,0,0,0,factor_graph_prior_initial,sequence_factor_graph|prior|initial
1,2345,1,0.993968683,-0.255618182 0.966060142 -0.0372444168 9.36991088e-05 -0.0384995214 -0.999258614 -0.966777811 -0.25543216 0.00975065868,3865.94224 -827.591658 29468.605,0,0,0,factor_graph_prior_initial,sequence_factor_graph|prior|initial
1,2346,1,0.471855674,-0.147251497 0.987578974 -0.0548157574 0.0855064247 -0.0425022585 -0.995430665 -0.985396188 -0.151265755 -0.078185826,3569.16428 -765.525341 27606.2584,0,0,0,factor_graph_prior_initial,sequence_factor_graph|prior|initial
1,2347,1,0.479189495,-0.312998278 0.948577285 0.0472568725 0.0020134442 0.0504195884 -0.998726094 -0.949751559 -0.312504399 -0.0176911518,3421.79799 -670.142591 27382.5569,0,0,0,factor_graph_prior_initial,sequence_factor_graph|prior|initial
1,2348,1,0.965397056,-0.256594937 0.966363005 -0.017366093 0.0173110095 -0.0133697389 -0.999760761 -0.966363993 -0.256834174 -0.0132981118,3639.34708 -845.473826 29913.2404,0,0,0,factor_graph_prior_initial,sequence_factor_graph|prior|initial
1,2349,1,0.930344736,-0.448547213 0.893672195 0.0124661535 0.0188162988 0.0233872494 -0.99954939 -0.893561047 -0.448110526 -0.0273058887,3293.62416 -799.849629 30360.3935,0,0,0,factor_graph_prior_initial,sequence_factor_graph|prior|initial
1,2350,1,1,-0.259493112 0.961794101 -0.0872664394 -0.000854321445 -0.0905903655 -0.995887873 -0.965744581 -0.258351489 0.0243292572,3185.89759 -838.232398 29985.4259,0,0,0,factor_graph_prior_initial,sequence_factor_graph|prior|initial
1,2351,1,0.758792891,-0.115020694 0.991468917 -0.0613157942 0.135952654 -0.0454328113 -0.989673045 -0.984015811 -0.122168926 -0.129567117,2810.31013 -821.777821 27874.2943,0,0,0,factor_graph_prior_initial,sequence_factor_graph|prior|initial
1,2352,1,0.502558468,-0.400137341 0.915965403 0.0299581089 0.0404234463 0.0502973181 -0.997915891 -0.915563244 -0.398092401 -0.0571523135,2623.28601 -819.075525 28821.9185,0,0,0,factor_graph_prior_initial,sequence_factor_graph|prior|initial
1,2353,1,0.483747452,-0.279893611 0.959015188 -0.044152409 0.119824023 -0.0107336745 -0.992737121 -0.952523895 -0.283151297 -0.111908771,2488.01851 -909.70242 28182.3921,0,0,0,factor_graph_prior_initial,sequence_factor_graph|prior|initial
1,2354,1,0.512945607,-0.0329873935 0.999241958 0.020672245 0.137645331 0.0250284732 -0.990165309 -0.989932116 -0.0298175346 -0.138366614,2122.71452 -854.234695 26226.3412,0,0,0,factor_graph_prior_initial,sequence_factor_graph|prior|initial
1,2355,1,1,-0.167070362 0.983402393 -0.0707617636 0.137544122 -0.0478216602 -0.98934054 -0.976303799 -0.175022347 -0.127271637,2112.24937 -887.158453 28750.2956,0,0,0,factor_graph_prior_initial,sequence_factor_graph|prior|initial
1,2356,1,0.642033795,0.00400318529 0.999677942 -0.0250596721 -0.0113105692 -0.0250130055 -0.999623139 -0.99992802 0.0042851158 0.0112067948,1613.70683 -711.781383 25972.0764,0,0,0,factor_graph_prior_initial,sequence_factor_graph|prior|initial
1,2357,1,0.937451883,-0.136267345 0.989599032 -0.0460973622 0.125237867 -0.0289502298 -0.991704271 -0.982724116 -0.140910043 -0.119990301,1482.9812 -919.372678 26443.4128,0,0,0,factor_graph_prior_initial,sequence_factor_graph|prior|initial
1,2358,1,0.549477713,-0.699882505 0.70650483 0.104954291 0.0589152361 0.203543821 -0.977291619 -0.711824047 -0.6778059 -0.184080658,1559.0446 -1382.19845 36938.6215,0,0,0,factor_graph_prior_initial,sequence_factor_graph|prior|initial
1,2359,1,0.786351972,-0.358227844 0.932278735 0.0502908772 0.113307853 0.0968797428 -0.988825387 -0.926733048 -0.348526435 -0.140339523,1032.53841 -1074.38278 34181.8771,0,0,0,factor_graph_prior_initial,sequence_factor_graph|prior|initial
1,2360,1,0.746506709,0.31142935 0.944185762 0.107354583 0.032756533 0.10223917 -0.994220379 -0.94970457 0.31314597 0.000912026229,571.495533 -992.47992 31265.7604,0,0,0,factor_graph_prior_initial,sequence_factor_graph|prior|initial
1,2361,1,0.587970609,0.02918845 0.993333687 0.111517808 0.0385075217 0.110365092 -0.993144862 -0.99883192 0.0332826336 -0.0350294326,19.0208852 -763.435662 28024.9405,0,0,0,factor_graph_prior_initial,sequence_factor_graph|prior|initial
1,2362,1,0.559957928,0.523412922 0.847774982 -0.0855365028 0.0615117945 -0.137718143 -0.988559564 -0.849855995 0.512163347 -0.124231616,-342.387795 -836.923778 31409.7481,0,0,0,factor_graph_prior_initial,sequence_factor_graph|prior|initial
1,2363,1,0.973552035,-0.681677515 0.722087279 0.117922546 -0.0738935912 0.0924024985 -0.99297609 -0.727911741 -0.685603194 -0.00963108334,-1665.65979 -1480.07441 41543.4875,0,0,0,factor_graph_prior_initial,sequence_factor_graph|prior|initial
1,2364,1,0.741668539,-0.663862288 0.741444604 0.0977075276 -0.0984330859 0.0428847771 -0.994219203 -0.741348629 -0.669642289 0.0445130942,-2767.64274 -1362.9601 43292.5034,0,0,0,factor_graph_prior_initial,sequence_factor_graph|prior|initial
1,2365,1,1,0.500859748 0.857324793 -0.118885288 0.110322273 -0.199471023 -0.973673614 -0.8584687 0.474558226 -0.194489026,-2642.67468 -921.982408 35327.404,0,0,0,factor_graph_prior_initial,sequence_factor_graph|prior|initial
1,2366,1,0.968565448,0.517416463 0.834588624 -0.189055633 0.0763319431 -0.26506081 -0.961205598 -0.852322497 0.482912617 -0.200852598,-2940.33217 -1006.75595 33160.0761,0,0,0,factor_graph_prior_initial,sequence_factor_graph|prior|initial
1,2367,1,0.983359673,0.527051822 0.830214575 -0.181549267 0.103372383 -0.274672776 -0.955964966 -0.843522689 0.485075897 -0.230588046,-3275.17581 -1149.16265 33004.5433,0,0,0,factor_graph_prior_initial,sequence_factor_graph|prior|initial
1,2368,1,0.983164019,0.998972379 -0.0319086017 -0.0321873766 -0.0371020777 -0.16784444 -0.985115059 0.0260311718 0.985296953 -0.168855835,-3884.60374 -1249.25828 37906.2881,0,0,0,factor_graph_prior_initial,sequence_factor_graph|prior|initial
1,2369,1,0.524226973,0.969794392 0.242113586 -0.0296622552 -0.0408712844 0.0414050733 -0.998306144 -0.240475313 0.969364035 0.0500499011,-3903.14484 -1324.8868 38343.8492,0,0,0,factor_graph_prior_initial,sequence_factor_graph|prior|initial
1,2370,1,0.946179651,0.780190888 0.608834517 -0.143606091 0.0358027985 -0.27265603 -0.961445188 -0.624516083 0.744969275 -0.23452173,-3706.66552 -990.639269 35844.2802,0,0,0,factor_graph_prior_initial,sequence_factor_graph|prior|initial
1,2371,1,0.367879441,0.999114414 0.0386234088 0.0166919402 0.0262187995 -0.261218068 -0.964923673 -0.0329084051 0.964506793 -0.261999396,-4402.64606 -1477.19562 41705.5969,0,0,0,factor_graph_prior_initial,sequence_factor_graph|prior|initial
1,2372,1,0.907189932,0.774931696 0.629207109 -0.0598270882 0.0211612212 -0.120431964 -0.992496018 -0.631690644 0.767850608 -0.106641337,-4087.82578 -1326.43843 39416.9388,0,0,0,factor_graph_prior_initial,sequence_factor_graph|prior|initial
1,2373,1,0.570287245,0.486122466 0.873162526 0.0356672263 0.122484194 -0.0276665635 -0.992084766 -0.865264451 0.486643364 -0.120397946,-3178.0014 -893.174767 33021.8544,0,0,0,factor_graph_prior_initial,sequence_factor_graph|prior|initial
1,2374,1,0.632882283,0.487754377 0.871274846 -0.0545509911 0.106323476 -0.121312246 -0.98690357 -0.86648196 0.475566485 -0.151807549,-2951.967 -1005.67091 31490.3908,0,0,0,factor_graph_prior_initial,sequence_factor_graph|prior|initial
1,2375,1,0.661615485,0.505025526 0.861821061 -0.0470497231 0.0767314232 -0.099127212 -0.992111931 -0.859686866 0.497431658 -0.116190529,-2581.70915 -830.579638 28864.2731,0,0,0,factor_graph_prior_initial,sequence_factor_graph|prior|initial
1,2376,1,0.873943953,0.430538978 0.898433279 -0.0863355789 0.00335249199 -0.0972462526 -0.995254705 -0.902565759 0.428206504 -0.0448802926,-2669.13962 -839.761376 29046.6652,0,0,0,factor_graph_prior_initial,sequence_factor_graph|prior|initial
1,2377,1,0.481599906,0.213147269 0.976373547 -0.0355378462 0.0598187564 -0.0493469309 -0.996988765 -0.97518714 0.210379603 -0.0689236149,-2231.25696 -771.992743 24175.0603,0,0,0,factor_graph_prior_initial,sequence_factor_graph|prior|initial
1,2378,1,0.951790214,-0.235962033 0.971130641 -0.0350313848 0.0700088979 -0.0189672435 -0.99736603 -0.969237161 -0.237793024 -0.0635122366,-2348.84286 -896.226883 27060.1311,0,0,0,factor_graph_prior_initial,sequence_factor_graph|prior|initial
1,2379,1,0.95450436,-0.509333368 0.860425301 0.0157423797 -0.0370080622 -0.00362372971 -0.999308397 -0.859773182 -0.509563706 0.0336883595,-2857.11455 -1421.01455 35225.3075,0,0,0,factor_graph_prior_initial,sequence_factor_graph|prior|initial
1,2380,1,0.940803064,0.336854033 0.941177536 0.0267246433 0.0490627949 0.0107991295 -0.998737313 -0.940277726 0.337739878 -0.04253907,-2350.54827 -920.062244 30446.4893,0,0,0,factor_graph_prior_initial,sequence_factor_graph|prior|initial
1,2381,1,0.874343616,0.327654961 0.943714038 0.0452331931 0.0286030101 0.0379460045 -0.998870346 -0.944364387 0.32857863 -0.0145598655,-2275.7175 -786.450744 27648.6607,0,0,0,factor_graph_prior_initial,sequence_factor_graph|prior|initial
1,2382,1,1,0.508621203 0.858735524 -0.0622717552 0.0374859023 -0.0943435591 -0.994833705 -0.860173982 0.503659203 -0.0801756105,-2480.90482 -992.219567 29132.0019,0,0,0,factor_graph_prior_initial,sequence_factor_graph|prior|initial
1,2383,1,0.974430829,0.530566697 0.843880854 -0.0797752153 0.0439374044 -0.121367369 -0.991634744 -0.846503683 0.522623255 -0.101471418,-2556.60391 -1050.9057 30154.3121,0,0,0,factor_graph_prior_initial,sequence_factor_graph|prior|initial
1,2384,1,1,0.433267334 0.900730992 0.0310338217 0.101678379 -0.0146373101 -0.994709634 -0.895511544 0.43413066 -0.0979267357,-2847.14794 -1185.56464 30581.5926,0,0,0,factor_graph_prior_initial,sequence_factor_graph|prior|initial
1,2385,1,0.677880419,0.554110809 0.825698064 -0.105754045 0.0858358993 -0.183036647 -0.979351716 -0.828005682 0.533591879 -0.17229712,-3074.58997 -1265.70654 32075.4814,0,0,0,factor_graph_prior_initial,sequence_factor_graph|prior|initial
1,2386,1,0.990567784,0.569045726 0.814366393 -0.113992722 0.0559537518 -0.17665122 -0.982681802 -0.820399988 0.552812559 -0.146089477,-3187.62255 -1170.35675 32385.4218,0,0,0,factor_graph_prior_initial,sequence_factor_graph|prior|initial
1,2387,1,0.538481629,0.542227896 0.832306191 -0.115131722 0.121773669 -0.2134203 -0.969341503 -0.831360381 0.511583991 -0.217075419,-3230.68237 -1221.11893 31631.8932,0,0,0,factor_graph_prior_initial,sequence_factor_graph|prior|initial
1,2388,1,0.642673652,0.778355287 0.620730925 -0.0941072086 0.0800022449 -0.246735809 -0.965774861 -0.62270594 0.744187181 -0.241707989,-4006.22606 -1304.03137 35326.2062,0,0,0,factor_graph_prior_initial,sequence_factor_graph|prior|initial
1,2389,1,0.839643066,0.744140326 0.667754828 -0.0189384513 0.0885485378 -0.126698253 -0.987981128 -0.662128637 0.733519626 -0.153409993,-4484.2639 -1741.81938 38252.8763,0,0,0,factor_graph_prior_initial,sequence_factor_graph|prior|initial
1,2390,1,0.593445989,0.636290496 0.769350352 0.0568721432 0.0239899044 0.0539524927 -0.998255284 -0.771076449 0.636544707 0.0158728169,-3877.23684 -1160.94565 33945.4651,0,0,0,factor_graph_prior_initial,sequence_factor_graph|prior|initial
1,2391,1,0.560678554,0.464669443 0.882819127 -0.0686490902 0.0520614018 -0.104630738 -0.993147531 -0.883952442 0.457911342 -0.0945795081,-3699.90849 -1170.23873 32842.2813,0,0,0,factor_graph_prior_initial,sequence_factor_graph|prior|initial
1,2392,1,0.904855774,-0.348301448 0.925997939 0.145649989 0.0225662418 0.163617477 -0.986265728 -0.937110915 -0.340231008 -0.0778844976,-3735.95071 -1310.16982 32741.7068,0,0,0,factor_graph_prior_initial,sequence_factor_graph|prior|initial
1,2393,1,0.883272529,-0.244524376 0.96544897 0.0900894848 0.11263731 0.120562931 -0.986294792 -0.963078743 -0.231025681 -0.138226151,-3213.27686 -949.931383 30527.1358,0,0,0,factor_graph_prior_initial,sequence_factor_graph|prior|initial
1,2394,1,0.975769843,0.521107816 0.852874454 -0.0324316157 0.0813432256 -0.0874549066 -0.99284184 -0.849605746 0.514739551 -0.114948995,-2943.36748 -1214.33949 31728.0579,0,0,0,factor_graph_prior_initial,sequence_factor_graph|prior|initial
1,2395,1,1,0.563340717 0.814041917 -0.141361223 0.0701808158 -0.217620084 -0.97350714 -0.823238659 0.538495364 -0.17972438,-2312.31999 -1004.28414 31259.7351,0,0,0,factor_graph_prior_initial,sequence_factor_graph|prior|initial
1,2396,1,0.97472683,0.991091767 0.114861715 0.0674084219 0.0864646851 -0.169970058 -0.981648632 -0.101296432 0.978732326 -0.178387408,-1900.32506 -1506.06441 36620.2316,0,0,0,factor_graph_prior_initial,sequence_factor_graph|prior|initial
1,2397,1,0.763140948,0.832106234 0.542348615 0.116005151 0.0974948853 0.0628670074 -0.993248452 -0.545979819 0.837798137 -0.000564187229,-1496.33753 -1534.39546 37678.2074,0,0,0,factor_graph_prior_initial,sequence_factor_graph|prior|initial
1,2398,1,0.958305715,0.501413086 0.861183751 -0.0833514563 0.105193403 -0.156301287 -0.982091776 -0.858789419 0.483665644 -0.168962359,-826.845765 -1182.73616 35153.5301,0,0,0,factor_graph_prior_initial,sequence_factor_graph|prior|initial
1,2399,1,0.990900978,-0.230795365 0.970960053 0.0630085305 0.113052673 0.0910779391 -0.989405833 -0.966412227 -0.221226998 -0.130789996,-350.224167 -1031.54516 30813.1504,0,0,0,factor_graph_prior_initial,sequence_factor_graph|prior|initial
1,2400,1,0.956204863,-0.525330419 0.844649972 -0.102928982 0.074274159 -0.0749844598 -0.994414742 -0.847650459 -0.530041277 -0.0233440486,-6.80854917 -1298.27213 32773.2887,0,0,0,factor_graph_prior_initial,sequence_factor_graph|prior|initial
1,2401,1,1,0.524403578 0.840154407 -0.138352661 0.0704187241 -0.204723387 -0.976283534 -0.848552939 0.502223961 -0.166520278,542.58275 -1165.30085 34390.6555,0,0,0,factor_graph_prior_initial,sequence_factor_graph|prior|initial
1,2402,1,0.963933469,0.512738954 0.816332403 -0.265895041 0.0690195663 -0.347895143 -0.934989448 -0.855765777 0.461053551 -0.2347223,985.829651 -1166.07559 34349.7276,0,0,0,factor_graph_prior_initial,sequence_factor_graph|prior|initial
1,2403,1,0.89058686,0.535452286 0.829896661 -0.156723899 0.150013938 -0.276073277 -0.949357343 -0.83113577 0.484824791 -0.272320133,1340.79766 -1195.83428 33537.7998,0,0,0,factor_graph_prior_initial,sequence_factor_graph|prior|initial
1,2404,1,0.563990125,0.544522479 0.836932784 -0.0551251746 0.0656952498 -0.108079192 -0.991969265 -0.836169483 0.536528101 -0.113834058,1858.65223 -1429.01027 37382.3051,0,0,0,factor_graph_prior_initial,sequence_factor_graph|prior|initial
1,2405,1,0.589622149,0.533724602 0.835797616 -0.128764883 0.0879340071 -0.206291523 -0.974531384 -0.841074111 0.508808563 -0.183597894,2098.76966 -1142.52853 35703.8116,0,0,0,factor_graph_prior_initial,sequence_factor_graph|prior|initial
1,2406,1,0.967423632,0.999950828 -0.00883803138 0.00449780997 0.00222215116 -0.242327414 -0.970191984 0.00966452986 0.970154273 -0.242295859,2909.67464 -1666.12124 40771.1105,0,0,0,factor_graph_prior_initial,sequence_factor_graph|prior|initial
1,2407,1,0.746930905,0.965842421 0.245104378 0.0840967441 0.0849378641 0.00715648536 -0.996360549 -0.24481417 0.969470282 -0.0139066052,3476.74179 -1375.95963 40669.3611,0,0,0,factor_graph_prior_initial,sequence_factor_graph|prior|initial
1,2408,1,0.591866019,0.520289607 0.853982756 -0.00348964635 0.162843321 -0.10322206 -0.981237616 -0.838320212 0.509959468 -0.192770753,4046.20171 -1427.19364 41796.2532,0,0,0,factor_graph_prior_initial,sequence_factor_graph|prior|initial
1,2409,1,0.959234175,0.545939341 0.819925204 -0.172258226 0.119172753 -0.279506958 -0.952719117 -0.829305789 0.499598359 -0.250306588,3949.50819 -1404.28746 40241.9319,0,0,0,factor_graph_prior_initial,sequence_factor_graph|prior|initial
1,2410,1,1,-0.738078949 0.669673325 0.0823231641 0.0147011021 0.137944487 -0.990330852 -0.674554181 -0.729732113 -0.111658858,4235.76641 -1557.5515 42576.2863,0,0,0,factor_graph_prior_initial,sequence_factor_graph|prior|initial
1,2411,1,1,-0.794370401 0.607115089 -0.0196706519 -0.0363521766 -0.0798397343 -0.996144636 -0.606344939 -0.790592743 0.0854922767,4480.75867 -1407.54509 43754.0245,0,0,0,factor_graph_prior_initial,sequence_factor_graph|prior|initial
1,2412,1,1,-0.762286487 0.636780431 -0.115887856 -0.00724370297 -0.187431537 -0.98225096 -0.647199228 -0.747917176 0.147489176,4571.36393 -1529.71733 43589.9086,0,0,0,factor_graph_prior_initial,sequence_factor_graph|prior|initial
1,2413,1,0.663999775,-0.438959335 0.896979709 0.0523650978 0.0616642616 0.0882171563 -0.994190752 -0.896388432 -0.433180257 -0.0940353357,3759.25303 -1212.74841 38061.9926,0,0,0,factor_graph_prior_initial,sequence_factor_graph|prior|initial
1,2414,1,0.906317531,-0.460049774 0.887753674 0.0157359499 0.0976226252 0.0681892427 -0.992884711 -0.882510073 -0.455240202 -0.11803529,3849.24626 -1127.82407 36490.4709,0,0,0,factor_graph_prior_initial,sequence_factor_graph|prior|initial
1,2415,1,0.668277062,-0.310844128 0.945698132 0.0950314231 0.0286277884 0.109254883 -0.993601439 -0.950029672 -0.306134633 -0.0610344847,3637.9385 -899.503589 32369.8082,0,0,0,factor_graph_prior_initial,sequence_factor_graph|prior|initial
1,2416,1,0.984893827,-0.312696635 0.949646939 -0.0197865194 -0.0230789484 -0.0284210504 -0.999329578 -0.949572628 -0.312030344 0.0308040196,3729.2819 -943.756223 31540.7639,0,0,0,factor_graph_prior_initial,sequence_factor_graph|prior|initial
1,2417,1,0.988196321,-0.262099912 0.964698974 0.0256812414 0.057473263 0.0421682298 -0.997456096 -0.963327805 -0.25995717 -0.0664966872,3758.29077 -878.989697 30282.3448,0,0,0,factor_graph_prior_initial,sequence_factor_graph|prior|initial
1,2418,1,0.614939311,-0.323567563 0.946162971 -0.00892545458 0.00519613965 -0.00765594351 -0.999957192 -0.946190801 -0.32360009 -0.00243917994,3944.00239 -920.448482 30587.1372,0,0,0,factor_graph_prior_initial,sequence_factor_graph|prior|initial
1,2419,1,0.917735799,-0.294343622 0.955377232 -0.0248229014 -0.0229069085 -0.0330187392 -0.999192192 -0.955425092 -0.293537233 0.0316035941,4219.15483 -1000.07617 32379.9973,0,0,0,factor_graph_prior_initial,sequence_factor_graph|prior|initial
1,2420,1,0.940886364,-0.271724551 0.962109129 -0.0226228163 -0.0446599911 -0.0360881196 -0.998350205 -0.961338262 -0.270265927 0.0527738133,4323.53115 -886.781931 33198.3833,0,0,0,factor_graph_prior_initial,sequence_factor_graph|prior|initial
1,2421,1,0.519308461,-0.280685784 0.958853924 -0.0425986197 -0.0394162018 -0.0558609757 -0.99766022 -0.958990017 -0.278349965 0.0534737615,4312.53386 -1087.55565 32796.9398,0,0,0,factor_graph_prior_initial,sequence_factor_graph|prior|initial
1,2422,1,0.666365052,-0.321463593 0.944613647 0.06607735 0.0256884209 0.0784550339 -0.996586631 -0.946573433 -0.318668896 -0.04948607,4371.25921 -981.651664 32394.4626,0,0,0,factor_graph_prior_initial,sequence_factor_graph|prior|initial
1,2423,1,0.459131059,-0.749589988 0.652553737 -0.110853378 0.000299442906 -0.167142572 -0.985932691 -0.66190238 -0.739078468 0.125092996,5440.61232 -1539.04128 39903.511,0,0,0,factor_graph_prior_initial,sequence_factor_graph|prior|initial
1,2424,1,0.447025018,-0.438199931 0.895281891 0.0803190913 0.0153277094 0.0967842044 -0.995187359 -0.89874684 -0.434859924 -0.0561334523,4859.59578 -1084.54788 37054.2412,0,0,0,factor_graph_prior_initial,sequence_factor_graph|prior|initial
1,2425,1,0.663147652,-0.25758812 0.966151802 -0.0141086969 -0.0393448914 -0.0250769172 -0.998910971 -0.965453437 -0.256752494 0.0444726537,4522.75181 -1043.30695 34256.7291,0,0,0,factor_graph_prior_initial,sequence_factor_graph|prior|initial
1,2426,1,0.984650974,-0.329001843 0.943815653 -0.0311416285 -0.0350780903 -0.0451692182 -0.998363295 -0.943677548 -0.327370975 0.0479680067,4426.27001 -1046.19312 32477.4895,0,0,0,factor_graph_prior_initial,sequence_factor_graph|prior|initial
1,2427,1,0.947216702,-0.351178696 0.933008072 -0.0785459213 0.0312526215 -0.0721616742 -0.996903188 -0.935786726 -0.352545927 -0.0038173055,4526.0253 -955.475032 32418.1595,0,0,0,factor_graph_prior_initial,sequence_factor_graph|prior|initial
1,2428,1,0.497153828,-0.0205091725 0.99873624 -0.0458835098 0.0347926201 -0.0451523992 -0.998374045 -0.999184091 -0.022072233 -0.0338226123,3981.69279 -763.650358 29137.1651,0,0,0,factor_graph_prior_initial,sequence_factor_graph|prior|initial
1,2429,1,0.530319031,0.512695428 0.84205256 -0.167603356 0.138304408 -0.273662236 -0.951830275 -0.847357828 0.464818747 -0.256764958,5531.11506 -1457.24225 40595.2415,0,0,0,factor_graph_prior_initial,sequence_factor_graph|prior|initial
1,2430,1,0.429005277,-0.318145125 0.94776338 -0.0229837872 0.0289647944 -0.0145149241 -0.999475041 -0.947599451 -0.318643832 -0.0228339191,4831.85434 -1104.57969 34583.8509,0,0,0,factor_graph_prior_initial,sequence_factor_graph|prior|initial
1,2431,1,0.453375041,-0.021916976 0.999194809 0.0336062462 -0.0103466071 0.0333858278 -0.99938898 -0.999706254 -0.0222512949 0.0096065597,4166.44526 -770.569265 30308.3725,0,0,0,factor_graph_prior_initial,sequence_factor_graph|prior|initial
1,2432,1,0.470089805,-0.766436335 0.626989926 -0.139495436 0.0896091771 -0.110678042 -0.989808348 -0.636038945 -0.771125154 0.0286436216,5450.0246 -1463.33218 40286.5295,0,0,0,factor_graph_prior_initial,sequence_factor_graph|prior|initial
1,2433,1,0.992612693,-0.347886802 0.937411261 0.0153264804 0.0279024965 0.0266926174 -0.999254199 -0.937121243 -0.347199701 -0.0354421237,4744.5116 -1064.69584 33917.1066,0,0,0,factor_graph_prior_initial,sequence_factor_graph|prior|initial
1,2434,1,0.982611126,-0.302958639 0.952625326 -0.0268524144 -0.0423918748 -0.0416196918 -0.998233805 -0.952060393 -0.30128523 0.0529926187,4592.94033 -877.234757 31371.8109,0,0,0,factor_graph_prior_initial,sequence_factor_graph|prior|initial
1,2435,1,0.756781457,-0.458025869 0.882020405 0.110690144 0.0516330305 0.150706058 -0.987229312 -0.887438073 -0.446461296 -0.11456866,4686.06138 -1003.94547 32036.8881,0,0,0,factor_graph_prior_initial,sequence_factor_graph|prior|initial
1,2436,1,0.405971925,-0.187993629 0.982166091 0.00285735374 0.0227146075 0.00725614825 -0.999715657 -0.981907553 -0.187875271 -0.0236736269,4729.3973 -973.06639 30480.3638,0,0,0,factor_graph_prior_initial,sequence_factor_graph|prior|initial
1,2437,1,0.483872514,-0.0496709718 0.998420182 0.026266597 0.0205496804 0.027315123 -0.999415627 -0.998554207 -0.0491021752 -0.0218739844,4259.14621 -817.760408 27768.3334,0,0,0,factor_graph_prior_initial,sequence_factor_graph|prior|initial
1,2438,1,1,0.0263468691 0.996796836 -0.0755109929 0.103838526 -0.0778575401 -0.991542114 -0.994245142 0.0182830801 -0.105557216,4613.81292 -1009.97484 30353.6396,0,0,0,factor_graph_prior_initial,sequence_factor_graph|prior|initial
1,2439,1,0.367879441,-0.337180845 0.940324669 -0.0458104287 -0.0140204119 -0.0536700886 -0.998460289 -0.94133549 -0.336019403 0.031280265,4664.01434 -963.447928 30391.2163,0,0,0,factor_graph_prior_initial,sequence_factor_graph|prior|initial
1,2440,1,0.508643465,0.484928261 0.865216634 -0.127454925 0.104728051 -0.202138634 -0.973741243 -0.868260685 0.458846541 -0.188635188,5758.42905 -1303.33352 38299.4385,0,0,0,factor_graph_prior_initial,sequence_factor_graph|prior|initial
1,2441,1,0.492514094,0.499765268 0.848240126 -0.17528082 0.103185227 -0.259229033 -0.960288039 -0.859992725 0.461832217 -0.217079517,5782.75204 -1297.18208 42158.1802,0,0,0,factor_graph_prior_initial,sequence_factor_graph|prior|initial
1,2442,1,0.986919303,0.500840496 0.848004497 -0.173341198 0.0851560942 -0.247574803 -0.965119245 -0.861340372 0.468609742 -0.196208238,5246.24968 -1251.27017 43954.2007,0,0,0,factor_graph_prior_initial,sequence_factor_graph|prior|initial
1,2443,1,0.931018223,0.00569359498 0.999937561 0.00961542245 0.0571739217 0.00927433357 -0.998321155 -0.998347998 0.00623378773 -0.0571175476,3290.74287 -855.185568 35438.5643,0,0,0,factor_graph_prior_initial,sequence_factor_graph|prior|initial
1,2444,1,0.802931262,-0.307560461 0.950372375 -0.0468925568 -0.0212778169 -0.0561381949 -0.998196252 -0.951290606 -0.306007928 0.0374877385,2593.13297 -908.331573 32047.3061,0,0,0,factor_graph_prior_initial,sequence_factor_graph|prior|initial
1,2445,1,0.572166804,-0.0139741574 0.999251381 0.0360749406 0.0528807187 0.0367665284 -0.997923771 -0.998503056 -0.0120374751 -0.0533549124,2056.67353 -769.181967 28856.2202,0,0,0,factor_graph_prior_initial,sequence_factor_graph|prior|initial
1,2446,1,0.974662571,-0.266523419 0.96380804 -0.00627122799 0.0576158703 0.0094369913 -0.998294223 -0.962104817 -0.266430112 -0.0580458183,1872.08211 -917.580545 29187.1204,0,0,0,factor_graph_prior_initial,sequence_factor_graph|prior|initial
1,2447,1,0.565349611,-0.016003456 0.996057887 0.0872500699 0.00650889324 0.0873631767 -0.996155264 -0.999850751 -0.0153740256 -0.00788134721,1497.15793 -792.323351 26529.7413,0,0,0,factor_graph_prior_initial,sequence_factor_graph|prior|initial
1,2448,1,1,-0.0112853633 0.998169751 0.0594120217 -0.00149737867 0.0593988691 -0.998233205 -0.999935197 -0.0113543867 0.000824300274,1164.75725 -732.666135 25775.135,0,0,0,factor_graph_prior_initial,sequence_factor_graph|prior|initial
1,2449,1,0.662833949,-0.0270081885 0.991006332 0.131061081 0.0511214916 0.132306631 -0.989889665 -0.998327176 -0.0200350887 -0.0542350843,895.22028 -804.021955 25527.0691,0,0,0,factor_graph_prior_initial,sequence_factor_graph|prior|initial
1,2450,1,0.592773777,-0.696085642 0.71121343 -0.0981847035 -0.0151531998 -0.151278408 -0.988375042 -0.717798829 -0.686505863 0.116079887,933.122873 -1517.81988 37358.1657,0,0,0,factor_graph_prior_initial,sequence_factor_graph|prior|initial
1,2451,1,0.483155461,-0.704970194 0.702249348 -0.0993120289 0.000565653918 -0.139469834 -0.990226159 -0.709236707 -0.698136103 0.0979248455,634.117663 -1575.28675 39665.7524,0,0,0,factor_graph_prior_initial,sequence_factor_graph|prior|initial
1,2452,1,0.780089795,-0.709010707 0.674153147 -0.206933205 0.0221612338 -0.27199486 -0.96204349 -0.704849414 -0.68668503 0.177907203,181.689858 -1465.4572 40559.597,0,0,0,factor_graph_prior_initial,sequence_factor_graph|prior|initial
1,2453,1,1,-0.0138611911 0.997492193 0.0694059966 -0.00557013658 0.0693345582 -0.997577913 -0.999888414 -0.0142142189 0.00459510819,-195.53116 -980.747104 32253.7079,0,0,0,factor_graph_prior_initial,sequence_factor_graph|prior|initial
1,2454,1,0.562184912,0.297207742 0.954127403 0.0361725939 0.0324115711 0.0277810388 -0.999088436 -0.954262568 0.298109229 -0.0226680284,-585.97362 -1173.49946 31299.6197,0,0,0,factor_graph_prior_initial,sequence_factor_graph|prior|initial
1,2455,1,0.912666069,0.472409427 0.873413935 -0.118226187 0.0871518681 -0.179770604 -0.979840335 -0.877059796 0.452582178 -0.161044984,-1191.74123 -1471.56119 38294.3039,0,0,0,factor_graph_prior_initial,sequence_factor_graph|prior|initial
1,2456,1,0.706433919,0.795652403 0.602270655 -0.0648637927 0.0760055194 -0.205491943 -0.975702938 -0.600966234 0.77139038 -0.209276052,-1749.69256 -1497.10381 39933.1055,0,0,0,factor_graph_prior_initial,sequence_factor_graph|prior|initial
1,2457,1,0.548652833,0.564536877 0.823549215 -0.0553606777 0.0506445942 -0.101504648 -0.993545133 -0.823852681 0.558089148 -0.0990114326,-2066.34474 -1351.64511 36296.4554,0,0,0,factor_graph_prior_initial,sequence_factor_graph|prior|initial
1,2458,1,0.907053643,0.972547682 0.215792236 0.0870902801 0.145825786 -0.273510214 -0.950750758 -0.181344551 0.937350454 -0.297469797,-3100.03829 -1523.22829 41275.219,0,0,0,factor_graph_prior_initial,sequence_factor_graph|prior|initial
1,2459,1,0.558679075,0.968661003 0.242287909 0.0547031189 0.126550644 -0.291900458 -0.948039586 -0.213730663 0.925251691 -0.313414281,-3783.67782 -1607.30016 43465.0726,0,0,0,factor_graph_prior_initial,sequence_factor_graph|prior|initial
1,2460,1,0.659596078,0.476569423 0.878848669 -0.0225078077 0.130436794 -0.09600383 -0.986797602 -0.869406595 0.467341718 -0.160386692,-3229.1472 -1285.37643 36001.4458,0,0,0,factor_graph_prior_initial,sequence_factor_graph|prior|initial
1,2461,1,1,0.453884477 0.888710763 -0.0646688504 0.0734711494 -0.109653742 -0.991250749 -0.888026391 0.445162033 -0.115064733,-3077.02422 -1055.03523 32069.5038,0,0,0,factor_graph_prior_initial,sequence_factor_graph|prior|initial
1,2462,1,0.6524491,0.448307155 0.891960863 -0.0585364319 0.0655841891 -0.0981311301 -0.993010068 -0.891470363 0.441334454 -0.102491418,-3019.65284 -980.012715 30502.6245,0,0,0,factor_graph_prior_initial,sequence_factor_graph|prior|initial
1,2463,1,0.95087168,0.519683614 0.847702091 -0.10644297 0.14859484 -0.212371293 -0.96582504 -0.841337337 0.486106571 -0.236330037,-2971.41528 -1225.24321 31579.9999,0,0,0,factor_graph_prior_initial,sequence_factor_graph|prior|initial
1,2464,1,0.96482038,0.598684563 0.788600572 0.140306564 0.120811606 0.0842608761 -0.989092847 -0.791821539 0.609105281 -0.0448264159,-3128.91436 -1182.78813 34604.9347,0,0,0,factor_graph_prior_initial,sequence_factor_graph|prior|initial
1,2465,1,0.965814099,-0.271706673 0.961476059 0.0417045715 0.0365503235 0.0536130371 -0.997892638 -0.96168579 -0.269609773 -0.049709281,-2959.5964 -1242.34903 32851.6045,0,0,0,factor_graph_prior_initial,sequence_factor_graph|prior|initial
1,2466,1,0.898902247,-0.743147298 0.656412359 0.129826455 -0.00427276266 0.189364192 -0.981897625 -0.669114219 -0.730249284 -0.137920793,-3437.3188 -1407.07731 36303.8597,0,0,0,factor_graph_prior_initial,sequence_factor_graph|prior|initial
1,2467,1,0.950242049,-0.915519744 0.375951237 0.143123256 -0.0618574709 0.219987093 -0.973539589 -0.397488682 -0.900147958 -0.178147134,-3403.98765 -1409.77991 38227.0393,0,0,0,factor_graph_prior_initial,sequence_factor_graph|prior|initial
1,2468,1,0.525622444,-0.748344432 0.654450189 0.108053514 0.0139353732 0.178376273 -0.983863665 -0.663163944 -0.734763129 -0.142606898,-2857.62334 -1468.0115 37033.9203,0,0,0,factor_graph_prior_initial,sequence_factor_graph|prior|initial
1,2469,1,0.711282707,-0.541682424 0.840542689 -0.00825463447 -0.0591058356 -0.0478825299 -0.997102685 -0.838502625 -0.539625102 0.0756181029,-2453.2721 -1153.59044 35077.8732,0,0,0,factor_graph_prior_initial,sequence_factor_graph|prior|initial
1,2470,1,1,0.546182958 0.819971401 -0.171263185 0.104046496 -0.2692779 -0.957425579 -0.831178984 0.5051102 -0.232390151,-1721.77565 -1047.10114 33031.5361,0,0,0,factor_graph_prior_initial,sequence_factor_graph|prior|initial
1,2471,1,0.670003933,0.512180253 0.852256764 -0.106441519 0.0817430682 -0.171738907 -0.981745292 -0.854979216 0.494129696 -0.15762736,-1203.09722 -1119.93861 31368.9919,0,0,0,factor_graph_prior_initial,sequence_factor_graph|prior|initial
1,2472,1,0.984190125,0.529615594 0.839907243 -0.118588135 0.130246008 -0.218670603 -0.967067291 -0.838178561 0.496728287 -0.225205927,-1018.90659 -1348.15788 34115.6197,0,0,0,factor_graph_prior_initial,sequence_factor_graph|prior|initial
1,2473,1,0.987778321,0.515973523 0.838091719 -0.177125927 0.0583309395 -0.240672959 -0.968851912 -0.854616186 0.489570013 -0.173067552,-711.397648 -1264.20724 33638.3934,0,0,0,factor_graph_prior_initial,sequence_factor_graph|prior|initial
1,2474,1,0.930134458,0.501528015 0.857048259 -0.118059022 0.0738008376 -0.178347289 -0.981196046 -0.861987869 0.48338445 -0.152697041,-203.043044 -1237.17344 33564.1785,0,0,0,factor_graph_prior_initial,sequence_factor_graph|prior|initial
1,2475,1,1,0.49376813 0.869255629 -0.0242422355 0.0781180862 -0.0721043144 -0.99433321 -0.86607771 0.489076292 -0.103507399,75.618051 -1199.43571 34348.5374,0,0,0,factor_graph_prior_initial,sequence_factor_graph|prior|initial
1,2476,1,0.595117853,0.499226384 0.860790204 -0.0990618109 0.0243094253 -0.128197104 -0.991450732 -0.866130515 0.492550228 -0.0849246919,305.80318 -1307.03974 36068.5768,0,0,0,factor_graph_prior_initial,sequence_factor_graph|prior|initial
1,2477,1,0.58024928,0.790210779 0.612626032 -0.0160084532 0.148703247 -0.21701895 -0.964774647 -0.594520201 0.759994816 -0.262590193,776.383102 -1519.96851 39200.4242,0,0,0,factor_graph_prior_initial,sequence_factor_graph|prior|initial
1,2478,1,0.988316001,0.971320057 0.237673393 0.00697896973 0.0586364911 -0.210983712 -0.975729284 -0.23043244 0.948154645 -0.218869045,1416.36968 -1645.6691 42972.9691,0,0,0,factor_graph_prior_initial,sequence_factor_graph|prior|initial
1,2479,1,0.747021364,0.962848166 0.267390779 0.0377568695 0.0743605802 -0.128118259 -0.988967247 -0.259603378 0.955032923 -0.143241764,1954.84591 -1769.39452 44896.4729,0,0,0,factor_graph_prior_initial,sequence_factor_graph|prior|initial
1,2480,1,0.954739177,0.542134439 0.840251095 0.00826729085 0.140127521 -0.0807014345 -0.986839174 -0.828525514 0.536157977 -0.16149333,2013.81874 -1496.51098 41341.5756,0,0,0,factor_graph_prior_initial,sequence_factor_graph|prior|initial
1,2481,1,0.941024891,0.135096044 0.990346532 0.0310290935 0.0354313006 0.0264676093 -0.999021566 -0.990198809 0.136063262 -0.0315135964,2215.25621 -1087.78238 35506.9313,0,0,0,factor_graph_prior_initial,sequence_factor_graph|prior|initial
1,2482,1,1,-0.294140067 0.955742285 0.00618914973 -0.00624413731 0.00455385725 -0.999970136 -0.955741927 -0.294169928 0.00462831419,2424.3598 -1089.60021 32926.4946,0,0,0,factor_graph_prior_initial,sequence_factor_graph|prior|initial
1,2483,1,0.789691075,-0.693025968 0.711431682 0.116533121 -0.00378515035 0.158053559 -0.987423286 -0.720902684 -0.684751074 -0.106842345,3318.62497 -1679.72791 42765.1253,0,0,0,factor_graph_prior_initial,sequence_factor_graph|prior|initial
1,2484,1,0.954194941,-0.696597703 0.681258346 0.225030457 -0.00610103833 0.308011888 -0.951362946 -0.717436003 -0.664090162 -0.21040399,3934.7682 -1738.37185 46328.5408,0,0,0,factor_graph_prior_initial,sequence_factor_graph|prior|initial
1,2485,1,0.824268099,0.380657337 0.924704808 0.00458358581 0.0639180544 -0.0213665071 -0.997726393 -0.922504457 0.380084846 -0.0672386499,3884.47356 -1532.24373 44334.7626,0,0,0,factor_graph_prior_initial,sequence_factor_graph|prior|initial
1,2486,1,0.993276621,0.537657519 0.828057545 -0.158887047 0.123829598 -0.263945704 -0.956555746 -0.834020757 0.49462447 -0.244450425,4563.61151 -1585.1028 46151.8936,0,0,0,factor_graph_prior_initial,sequence_factor_graph|prior|initial
1,2487,1,0.56357476,-0.287003071 0.957927497 0.00203653911 -0.00178684448 0.00159062501 -0.999997139 -0.957927995 -0.287005889 0.00125515319,3857.17034 -1269.67084 40507.6027,0,0,0,factor_graph_prior_initial,sequence_factor_graph|prior|initial
1,2488,1,0.506240557,-0.323387325 0.943066793 -0.0777538485 0.0192938302 -0.0755805997 -0.996953018 -0.946069969 -0.32390214 0.00624643738,3826.48277 -1383.28993 38926.7006,0,0,0,factor_graph_prior_initial,sequence_factor_graph|prior|initial
1,2489,1,0.477004113,-0.00923541411 0.998596563 0.0521499035 -0.0133951371 0.0520239017 -0.998555999 -0.99986763 -0.00992063328 0.0128958756,3657.44352 -1251.59645 36191.2727,0,0,0,factor_graph_prior_initial,sequence_factor_graph|prior|initial
1,2490,1,0.531867392,0.60270203 0.796765876 -0.043753871 0.165543925 -0.178485634 -0.969916536 -0.780605837 0.577327478 -0.239473404,4879.72546 -2029.04558 50665.2031,0,0,0,factor_graph_prior_initial,sequence_factor_graph|prior|initial
1,2491,1,0.740032514,0.505460871 0.862830053 -0.00579710782 0.0948440659 -0.062236648 -0.993544766 -0.857621076 0.501648182 -0.113292501,5413.72871 -2241.52493 55175.6859,0,0,0,factor_graph_prior_initial,sequence_factor_graph|prior|initial
1,2492,1,0.706064961,-0.0502451522 0.997780603 0.0436954495 -0.0226058199 0.0426033215 -0.99883629 -0.998481047 -0.0511744528 0.0204150382,3709.30171 -1327.49867 44046.3104,0,0,0,factor_graph_prior_initial,sequence_factor_graph|prior|initial
1,2493,1,0.655536013,-0.612190589 0.787925361 -0.0663046619 0.0417818499 -0.0515026371 -0.997798454 -0.789605573 -0.613613154 -0.00139154944,4230.61085 -1737.31542 47554.5502,0,0,0,factor_graph_prior_initial,sequence_factor_graph|prior|initial
1,2494,1,0.671263238,-0.460816261 0.883510759 0.0840066239 0.00948099322 0.0995511564 -0.994987275 -0.887444919 -0.45770985 -0.0542513512,4177.19889 -1684.28814 46924.2172,0,0,0,factor_graph_prior_initial,sequence_factor_graph|prior|initial
1,2495,1,0.989611519,-0.29286826 0.955901684 0.0219123918 -0.0205032245 0.01663352 -0.999651411 -0.955932948 -0.293215444 0.0147276368,4180.38988 -1647.93169 45392.2691,0,0,0,factor_graph_prior_initial,sequence_factor_graph|prior|initial
1,2496,1,0.731069417,-0.302012098 0.952130319 0.0472921496 0.0691204972 0.0713488997 -0.995053612 -0.950794957 -0.297249372 -0.087359952,4144.48452 -1551.51069 44513.0463,0,0,0,factor_graph_prior_initial,sequence_factor_graph|prior|initial
1,2497,1,0.38925048,-0.327110624 0.944779416 0.0197609496 -0.0336499072 0.00925260435 -0.999390851 -0.944386745 -0.327576319 0.0287651145,4290.1063 -1556.67222 44080.8716,0,0,0,factor_graph_prior_initial,sequence_factor_graph|prior|initial
1,2498,1,0.972208229,-0.291533734 0.95652144 0.00864961639 -0.0212226635 0.00257235982 -0.999771465 -0.956325091 -0.291650676 0.019550003,4459.76067 -1657.40108 44380.5237,0,0,0,factor_graph_prior_initial,sequence_factor_graph|prior|initial
1,2499,1,0.74200436,-0.432735173 0.897910594 0.0806029502 0.00731668024 0.0929027634 -0.995648303 -0.901491396 -0.430262294 -0.0467720181,4775.42925 -1755.04577 46096.8819,0,0,0,factor_graph_prior_initial,sequence_factor_graph|prior|initial
1,2500,1,0.852342715,-0.319676276 0.947458688 0.0113628468 0.0600998396 0.0322429691 -0.997671489 -0.945618892 -0.318249001 -0.0672494274,5063.46893 -1771.71373 46579.1817,0,0,0,factor_graph_prior_initial,sequence_factor_graph|prior|initial
1,2501,1,0.65871092,-0.490520709 0.87054747 0.0391986738 0.00942901255 0.0502815451 -0.998690573 -0.871378522 -0.489508803 -0.0328725422,5903.27024 -2075.99854 52434.7763,0,0,0,factor_graph_prior_initial,sequence_factor_graph|prior|initial
1,2502,1,0.592272856,0.0837726458 0.996401303 -0.0129068839 0.0258414164 -0.015120315 -0.999551698 -0.99614977 0.0834015582 -0.0270150898,6248.40307 -2035.393 52997.7646,0,0,0,factor_graph_prior_initial,sequence_factor_graph|prior|initial
1,2503,1,0.574046946,-0.0495126446 0.997352679 0.0532553538 -0.0256264417 0.0520346139 -0.998316425 -0.998444682 -0.0507940316 0.0229822289,5129.48036 -1707.68523 46346.6492,0,0,0,factor_graph_prior_initial,sequence_factor_graph|prior|initial
1,2504,1,0.553625858,-0.306591982 0.951643637 -0.0193841525 -0.0304696224 -0.0301668259 -0.999080359 -0.951353225 -0.3057194 0.0382451292,5606.47297 -1874.59147 48496.1815,0,0,0,factor_graph_prior_initial,sequence_factor_graph|prior|initial
1,2505,1,0.573828921,-0.00490868851 0.995994805 0.0892762768 -0.00602514544 0.089246274 -0.995991366 -0.999969801 -0.00542691393 0.00556293139,5019.104 -1747.24782 45596.0503,0,0,0,factor_graph_prior_initial,sequence_factor_graph|prior|initial
1,2506,1,0.492423093,-0.333531701 0.942439318 0.0237641968 0.00389867542 0.0265862719 -0.99963892 -0.942730823 -0.33331862 -0.0125416295,5599.20979 -2072.63184 51070.8961,0,0,0,factor_graph_prior_initial,sequence_factor_graph|prior|initial
1,2507,1,0.367879441,-0.65350633 0.752897899 0.0779373435 0.107635864 0.194356019 -0.975007825 -0.749228935 -0.628784932 -0.208051705,6658.51641 -2869.54451 64604.5532,0,0,0,factor_graph_prior_initial,sequence_factor_graph|prior|initial
1,2508,1,0.485045358,-0.345753731 0.933363186 0.0963717869 0.0931491167 0.136340866 -0.98627299 -0.933690313 -0.332030619 -0.134082319,5327.47459 -2240.59916 59619.0643,0,0,0,factor_graph_prior_initial,sequence_factor_graph|prior|initial
1,2509,1,0.367879441,-0.28078702 0.956789506 -0.0755810169 0.000637928849 -0.0785630165 -0.996908945 -0.95976989 -0.279967308 0.0214491117,3898.70071 -1971.69077 54295.0211,0,0,0,factor_graph_prior_initial,sequence_factor_graph|prior|initial
1,2510,1,1,0.0249877249 0.995806609 0.0880046052 0.00090780756 0.0880094531 -0.996119226 -0.999687346 0.0249706444 0.00129515523,2735.66341 -1827.10123 48123.2224,0,0,0,factor_graph_prior_initial,sequence_factor_graph|prior|initial
1,2511,1,0.564297935,-0.309136838 0.947684295 0.07955433 0.0105500638 0.0870640246 -0.996146853 -0.950959048 -0.307106385 -0.036912827,2371.81377 -1953.29249 51905.159,0,0,0,factor_graph_prior_initial,sequence_factor_graph|prior|initial
1,2512,1,0.532180031,0.0738039986 0.997127177 0.0170400388 0.0720981932 0.0117070192 -0.997328831 -0.994663169 0.0748354116 -0.0710270431,1421.46301 -1393.08214 41928.4439,0,0,0,factor_graph_prior_initial,sequence_factor_graph|prior|initial
1,2513,1,0.515205769,-0.295384351 0.954568286 0.0393379345 0.0679961867 0.0620760796 -0.995752519 -0.95295572 -0.291454882 -0.0832433058,1108.82926 -1857.56385 50643.3754,0,0,0,factor_graph_prior_initial,sequence_factor_graph|prior|initial
1,2514,1,0.367879441,-0.0774352941 0.996250021 -0.0385962567 -0.00815121361 -0.0393438198 -0.999192485 -0.996964058 -0.0770581576 0.011167247,446.344942 -1652.57156 42997.6006,0,0,0,factor_graph_prior_initial,sequence_factor_graph|prior|initial
1,2515,1,0.97793231,-0.246828071 0.967438855 -0.0560175464 0.0203425239 -0.052620612 -0.998407358 -0.968845749 -0.247574501 -0.00669190389,-544.791698 -1960.49201 49753.7766,0,0,0,factor_graph_prior_initial,sequence_factor_graph|prior|initial
1,2516,1,0.367879441,-0.284039994 0.957998921 -0.039488592 -0.0126585886 -0.0449281253 -0.998910018 -0.958728868 -0.283230525 0.0248882987,-1540.04288 -2365.6745 52155.88,0,0,0,factor_graph_prior_initial,sequence_factor_graph|prior|initial
1,2517,1,0.976759594,0.192145692 0.981308902 0.0106241428 -0.0427215279 0.019179735 -0.998902903 -0.980436079 0.19148101 0.0456083191,-2637.29405 -2482.70679 51420.7954,0,0,0,factor_graph_prior_initial,sequence_factor_graph|prior|initial
1,2518,1,0.367879441,0.398173123 0.917291905 0.00580732907 0.0277629698 -0.0057227944 -0.999598153 -0.91689006 0.398174347 -0.0277454104,-3751.73378 -2189.84747 49599.1135,0,0,0,factor_graph_prior_initial,sequence_factor_graph|prior|initial
1,2519,1,0.367879441,0.309350038 0.950943986 -0.0028440354 -0.0113829299 0.000712407238 -0.999934959 -0.95088011 0.309362291 0.0110449119,-4747.86949 -2064.18061 45849.0677,0,0,0,factor_graph_prior_initial,sequence_factor_graph|prior|initial
1,2520,1,0.367879441,-0.396393783 0.897088138 -0.195204615 0.0439811351 -0.193823161 -0.980050122 -0.917026515 -0.397071096 0.0373753414,-7136.65485 -2295.31431 52175.8995,0,0,0,factor_graph_prior_initial,sequence_factor_graph|prior|initial
1,2521,1,0.367879441,-0.315252203 0.938005923 -0.144086558 0.0381280168 -0.139187065 -0.989531816 -0.94824169 -0.31744582 0.00811472337,-8959.83601 -2219.23923 52998.8403,0,0,0,factor_graph_prior_initial,sequence_factor_graph|prior|initial
1,2522,1,0.714584779,-0.311614365 0.949354048 0.040291171 -0.0469350073 0.0269725192 -0.998533719 -0.949048783 -0.313048517 0.0361529147,-10344.943 -2376.90139 51688.4727,0,0,0,factor_graph_prior_initial,sequence_factor_graph|prior|initial
1,2523,1,0.879872559,-0.221485892 0.973875451 0.0501059479 0.0107816953 0.0538245333 -0.998492201 -0.975103971 -0.220611709 -0.0224214031,-11376.4343 -2376.12939 49657.856,0,0,0,factor_graph_prior_initial,sequence_factor_graph|prior|initial
1,2524,1,0.912624461,-0.741944794 0.660638163 0.114346577 0.0240620173 0.196676689 -0.980173097 -0.67002906 -0.724482917 -0.161819533,-15266.3813 -2652.50063 58415.6837,0,0,0,factor_graph_prior_initial,sequence_factor_graph|prior|initial
1,2525,1,0.877629265,-0.780862216 0.624702333 0.00109343489 -0.0618990326 -0.0756302848 -0.995212826 -0.621629077 -0.777191775 0.0977253018,-17170.536 -3016.38913 59087.3871,0,0,0,factor_graph_prior_initial,sequence_factor_graph|prior|initial
1,2526,1,0.537709014,-0.719299548 0.68306744 -0.126597915 -0.00482101717 -0.187137679 -0.982321865 -0.694683322 -0.705973343 0.137901128,-17307.5733 -2375.09203 55864.7346,0,0,0,factor_graph_prior_initial,sequence_factor_graph|prior|initial
1,2527,1,1,0.543234507 0.838905436 -0.0336740195 -0.0124613102 -0.0320473465 -0.999408667 -0.839488527 0.543332897 -0.00695536358,-13268.9095 -1832.86762 43001.3046,0,0,0,factor_graph_prior_initial,sequence_factor_graph|prior|initial
1,2528,1,0.628104277,0.620508963 0.784130636 0.0103813356 -0.138622296 0.122706928 -0.982714032 -0.771850041 0.608343781 0.184838738,-13403.4243 -1875.4108 38500.2327,0,0,0,factor_graph_prior_initial,sequence_factor_graph|prior|initial
1,2529,1,0.57384308,0.95639934 -0.286499354 0.0567311484 0.0819888733 0.0769379866 -0.993659082 0.280317905 0.954986213 0.0970731988,-17006.3267 -2086.84397 46457.5348,0,0,0,factor_graph_prior_initial,sequence_factor_graph|prior|initial
1,2530,1,0.556845333,0.983343074 0.150681217 0.101644329 0.113080486 -0.0693577212 -0.991162101 -0.142299692 0.986146377 -0.0852415401,-17836.1912 -2164.83045 44784.2102,0,0,0,factor_graph_prior_initial,sequence_factor_graph|prior|initial
1,2531,1,0.783093884,0.998883492 -0.0339659983 0.0328341464 0.0211776786 -0.299327644 -0.953915336 0.0422288543 0.953545632 -0.298274121,-19922.6894 -2638.1247 47528.6865,0,0,0,factor_graph_prior_initial,sequence_factor_graph|prior|initial
1,2532,1,0.855170483,0.986813888 0.141638142 0.0783389197 0.10178896 -0.166743661 -0.980732155 -0.125846562 0.975774148 -0.178962159,-21031.3053 -2580.77979 48453.8727,0,0,0,factor_graph_prior_initial,sequence_factor_graph|prior|initial
1,2533,1,0.621721996,0.792835394 0.585770542 0.168181182 0.163778642 0.0610188806 -0.984608172 -0.58701669 0.808176694 -0.0475587754,-17622.4957 -1989.26985 40866.0812,0,0,0,factor_graph_prior_initial,sequence_factor_graph|prior|initial
1,2534,1,0.572483124,0.604962489 0.793129939 0.070464791 0.112578957 0.00240891041 -0.993639862 -0.788255266 0.609047697 -0.0878324411,-14411.6821 -1522.27938 32906.7688,0,0,0,factor_graph_prior_initial,sequence_factor_graph|prior|initial
1,2535,1,0.877010242,0.726902597 0.682126114 0.0794769109 0.232300415 -0.135325238 -0.963184093 -0.646257791 0.718603538 -0.256826446,-15899.4617 -1757.4476 34994.1025,0,0,0,factor_graph_prior_initial,sequence_factor_graph|prior|initial
1,2536,1,0.493374487,0.736853614 0.675935858 0.0125486062 0.100705871 -0.0913895232 -0.990709989 -0.668509596 0.731271954 -0.13541141,-15879.0674 -1706.07603 33720.3102,0,0,0,factor_graph_prior_initial,sequence_factor_graph|prior|initial
1,2537,1,0.654959677,0.912206629 0.409450224 0.0151518651 0.0998284705 -0.186236197 -0.977420255 -0.397383117 0.893121824 -0.210760683,-17652.0538 -1801.26774 36717.1364,0,0,0,factor_graph_prior_initial,sequence_factor_graph|prior|initial
1,2538,1,0.663587032,0.897606359 0.437940828 0.0501064423 0.125522059 -0.144980596 -0.981440186 -0.422548266 0.887236416 -0.185106739,-17326.6449 -1723.39737 35113.2545,0,0,0,factor_graph_prior_initial,sequence_factor_graph|prior|initial
1,2539,1,0.985682372,0.929793761 0.36126136 -0.0705251189 0.0293234369 -0.263693566 -0.964160692 -0.366911023 0.894402557 -0.255774057,-18107.4219 -1665.00139 35973.0377,0,0,0,factor_graph_prior_initial,sequence_factor_graph|prior|initial
1,2540,1,0.749048597,0.946280047 0.321947907 0.0300602413 0.0924040051 -0.180160995 -0.979287249 -0.309863798 0.92945767 -0.200232031,-19240.7055 -1869.84932 37476.429,0,0,0,factor_graph_prior_initial,sequence_factor_graph|prior|initial
1,2541,1,0.527098191,0.988531227 0.12032367 0.0912591292 0.102953329 -0.0948439808 -0.990154145 -0.110483601 0.988193723 -0.106143959,-21979.6391 -2177.17385 41962.8754,0,0,0,factor_graph_prior_initial,sequence_factor_graph|prior|initial
1,2542,1,0.551382175,0.994808096 0.0989284225 0.0238750953 0.0385005776 -0.148681855 -0.98813532 -0.094204875 0.983924221 -0.151718714,-20385.6392 -1930.37844 38907.7263,0,0,0,factor_graph_prior_initial,sequence_factor_graph|prior|initial
1,2543,1,0.798711019,0.989576529 0.114629978 0.0871680011 0.100078819 -0.11217132 -0.988636346 -0.103549613 0.987054995 -0.122474138,-19254.0417 -1871.83321 36228.5156,0,0,0,factor_graph_prior_initial,sequence_factor_graph|prior|initial
1,2544,1,0.828575584,0.948517518 0.315425255 0.0286605506 0.10467196 -0.226776414 -0.96830586 -0.298928586 0.921455027 -0.248117581,-21368.9003 -2171.05746 39364.399,0,0,0,factor_graph_prior_initial,sequence_factor_graph|prior|initial
1,2545,1,0.55411721,0.995009314 0.0946740359 0.0315165441 0.0490365304 -0.188870197 -0.980776971 -0.0869015783 0.977427683 -0.192570091,-22669.8647 -2365.12303 40572.9904,0,0,0,factor_graph_prior_initial,sequence_factor_graph|prior|initial
1,2546,1,0.653583846,0.992708028 0.102826305 0.0629088425 0.0879179401 -0.260571089 -0.961443261 -0.0824694325 0.959963259 -0.267711289,-23438.0722 -2537.88519 41587.0056,0,0,0,factor_graph_prior_initial,sequence_factor_graph|prior|initial
1,2547,1,0.559958823,0.99561692 0.0911956724 0.0207436319 0.0424303049 -0.242781058 -0.969152737 -0.0833463746 0.965785021 -0.24558639,-23435.3046 -2621.0742 41412.1284,0,0,0,factor_graph_prior_initial,sequence_factor_graph|prior|initial
1,2548,1,0.574461634,0.993216275 0.11012936 0.0373223226 0.0576074205 -0.18720949 -0.980629386 -0.101008994 0.976127108 -0.19228378,-21931.1295 -2164.83927 38778.1982,0,0,0,factor_graph_prior_initial,sequence_factor_graph|prior|initial
1,2549,1,0.645104075,0.954241336 0.295535177 0.0456336713 0.0510993485 -0.0107930222 -0.998635252 -0.29463932 0.955270888 -0.0254008029,-21651.7086 -2056.78511 37624.3973,0,0,0,factor_graph_prior_initial,sequence_factor_graph|prior|initial
1,2550,1,0.950941292,0.953799736 0.299719662 -0.02083716 0.0418981279 -0.20136839 -0.978619087 -0.297507327 0.93253359 -0.20462281,-21784.6165 -2016.05272 37073.3376,0,0,0,factor_graph_prior_initial,sequence_factor_graph|prior|initial
1,2551,1,0.727958375,0.914182359 0.404156255 0.030468609 0.0967398612 -0.144582292 -0.984752436 -0.393588635 0.903190834 -0.171272601,-21146.4195 -2120.56661 35664.032,0,0,0,factor_graph_prior_initial,sequence_factor_graph|prior|initial
1,2552,1,0.800164889,0.92527385 0.376361252 0.047122287 0.137660205 -0.217446307 -0.966316083 -0.353437364 0.900593866 -0.253007349,-20397.4304 -1770.71929 33976.3908,0,0,0,factor_graph_prior_initial,sequence_factor_graph|prior|initial
1,2553,1,0.641612776,0.993154118 0.109670392 0.0402156987 0.0619436011 -0.202575325 -0.977305596 -0.0990347791 0.973106183 -0.207981897,-22980.6767 -2373.36159 39072.506,0,0,0,factor_graph_prior_initial,sequence_factor_graph|prior|initial
1,2554,1,0.75046771,0.9810832 0.148449212 0.124252103 0.133802323 -0.0561412526 -0.989416544 -0.139902438 0.98732517 -0.0749420893,-22805.4905 -2391.21985 40588.9969,0,0,0,factor_graph_prior_initial,sequence_factor_graph|prior|initial
1,2555,1,1,0.930893129 0.356542965 0.0794675858 0.108611003 -0.0624434154 -0.992121197 -0.348771606 0.932189859 -0.0968526355,-21434.6313 -2525.67244 42667.8009,0,0,0,factor_graph_prior_initial,sequence_factor_graph|prior|initial
1,2556,1,0.815419929,0.97615011 -0.061183513 0.208296762 0.191533952 -0.208983301 -0.958979001 0.102204249 0.976003359 -0.192280353,-22302.5017 -3177.97279 46750.7668,0,0,0,factor_graph_prior_initial,sequence_factor_graph|prior|initial
1,2557,1,0.63088412,0.902689119 0.429356074 0.0283851405 0.0580786165 -0.0562113029 -0.99672823 -0.426355754 0.901384297 -0.0756777383,-17700.0046 -2267.59958 41803.3714,0,0,0,factor_graph_prior_initial,sequence_factor_graph|prior|initial
1,2558,1,0.584618005,0.921794547 0.38765854 -0.00395852987 0.0771746408 -0.19349721 -0.978060788 -0.379919582 0.901265602 -0.208282081,-17273.7617 -2471.67635 42662.3001,0,0,0,factor_graph_prior_initial,sequence_factor_graph|prior|initial
1,2559,1,0.521453873,0.888270933 0.459150103 -0.0124872724 0.0959606907 -0.212094678 -0.972526294 -0.449184032 0.862668552 -0.232457899,-17012.8117 -2774.02878 49562.1872,0,0,0,factor_graph_prior_initial,sequence_factor_graph|prior|initial
1,2560,1,0.611428353,0.8421476 0.538386002 0.0304620062 0.0464758231 -0.0161861721 -0.998788269 -0.537240559 0.84254289 -0.0386530786,-13455.0934 -2721.43316 46513.4048,0,0,0,factor_graph_prior_initial,sequence_factor_graph|prior|initial
1,2561,1,0.66204179,0.752943878 0.657318881 0.0317396379 0.128674613 -0.0997516142 -0.986657215 -0.645382336 0.746981595 -0.15968762,-11780.7703 -2476.61805 45114.3456,0,0,0,factor_graph_prior_initial,sequence_factor_graph|prior|initial
1,2562,1,1,0.96252459 0.26159897 0.0715010017 0.0700873493 0.0147423518 -0.997431916 -0.261981255 0.965064061 -0.00414490224,-10031.6067 -2773.02361 48863.9297,0,0,0,factor_graph_prior_initial,sequence_factor_graph|prior|initial
1,2563,1,0.663267716,0.96959772 0.244622962 -0.00631403396 0.0348578384 -0.163611551 -0.985908815 -0.242208984 0.955714846 -0.167164415,-9279.85477 -3080.91927 52565.937,0,0,0,factor_graph_prior_initial,sequence_factor_graph|prior|initial
1,2564,1,0.974772581,0.965206206 0.257605159 0.04490614 0.087336383 -0.155714898 -0.983933548 -0.246473803 0.953620707 -0.172795289,-8408.54454 -2981.23384 54621.0594,0,0,0,factor_graph_prior_initial,sequence_factor_graph|prior|initial
1,2565,1,0.701604846,0.900628099 0.433811761 0.0260073604 0.106564029 -0.162426798 -0.980949358 -0.421323076 0.886242005 -0.192514867,-7696.57755 -3055.22609 56208.1413,0,0,0,factor_graph_prior_initial,sequence_factor_graph|prior|initial
1,2566,1,0.663280301,0.734662541 0.667581499 -0.12085484 0.101345869 -0.284129767 -0.953414543 -0.670820368 0.688189812 -0.276396124,-7954.844 -3655.54738 62278.9497,0,0,0,factor_graph_prior_initial,sequence_factor_graph|prior|initial
1,2571,1,0.982279764,0.980542155 0.116612773 -0.157919424 -0.0453148187 -0.648264935 -0.760065222 -0.191006938 0.75243208 -0.630366809,-216.662273 1077.32534 7151.55745,0,0,0,factor_graph_prior_initial,sequence_factor_graph|prior|initial
1,2572,1,1,0.969164321 0.166531608 -0.181625278 -0.0679369662 -0.527925435 -0.846569137 -0.236865123 0.832803674 -0.500332843,35.7358009 953.653336 6636.42788,0,0,0,factor_graph_prior_initial,sequence_factor_graph|prior|initial
1,2573,1,0.581579969,0.977244634 0.168683588 -0.128603157 0.0012355339 -0.610805224 -0.791779927 -0.212111759 0.773603791 -0.597114542,55.6953698 952.686191 6890.66935,0,0,0,factor_graph_prior_initial,sequence_factor_graph|prior|initial
1,2574,1,0.696560101,0.970501763 0.235115867 -0.0533559387 0.0377700891 -0.366845016 -0.929515011 -0.238117088 0.900080698 -0.364904082,82.4991167 987.058818 7021.90495,0,0,0,factor_graph_prior_initial,sequence_factor_graph|prior|initial
1,2575,1,0.615769912,0.599308244 0.790340358 0.127246796 -0.0151377706 0.170115885 -0.985307786 -0.80037521 0.588576847 0.113915843,146.716997 -529.364407 15963.7794,0,0,0,factor_graph_prior_initial,sequence_factor_graph|prior|initial
1,2576,1,0.87649071,0.322487353 0.933402369 0.157359218 0.0174830209 0.160339087 -0.986907149 -0.946412305 0.321016189 0.0353886349,229.313612 -2450.99783 20777.6775,0,0,0,factor_graph_prior_initial,sequence_factor_graph|prior|initial
1,2577,1,0.694571824,0.328547752 0.942030265 0.0680834345 0.052861907 0.05363146 -0.997160612 -0.94300689 0.331213897 -0.0321770206,326.893538 -3965.4572 23893.837,0,0,0,factor_graph_prior_initial,sequence_factor_graph|prior|initial
1,2578,1,0.996270814,0.46460688 0.878055465 -0.11471289 0.00116106385 -0.130147335 -0.991493985 -0.88551629 0.460521738 -0.0614868257,442.394674 -4520.98513 26613.1516,0,0,0,factor_graph_prior_initial,sequence_factor_graph|prior|initial
1,2579,1,0.54396493,-0.303837301 0.952672432 -0.00990618102 -0.0123062141 -0.0143212938 -0.999821713 -0.952644452 -0.303661223 0.0160751341,607.847333 -4155.17807 30166.2636,0,0,0,factor_graph_prior_initial,sequence_factor_graph|prior|initial
1,2580,1,0.720577904,-0.507304949 0.858506138 -0.0748925861 0.0558175582 -0.0539890193 -0.996980234 -0.859957027 -0.509953328 -0.0205308196,738.158286 -4790.30418 32131.8779,0,0,0,factor_graph_prior_initial,sequence_factor_graph|prior|initial
1,2581,1,0.611430051,-0.370055166 0.919320158 0.133826834 0.0424408906 0.160632079 -0.986101468 -0.92803984 -0.359232213 -0.0984594969,887.27361 -4644.31095 33956.6803,0,0,0,factor_graph_prior_initial,sequence_factor_graph|prior|initial
1,2582,1,1,-0.40030388 0.905769223 0.139064441 0.0395456775 0.168687036 -0.984876045 -0.915528778 -0.388750304 -0.103345332,1038.35654 -4714.4742 35700.1266,0,0,0,factor_graph_prior_initial,sequence_factor_graph|prior|initial
1,2583,1,0.966062152,-0.556060487 0.829113075 0.0580365797 -0.0300175138 0.0497483161 -0.9983106 -0.830599593 -0.556863192 -0.00277515978,1189.75818 -4709.80883 37307.8308,0,0,0,factor_graph_prior_initial,sequence_factor_graph|prior|initial
1,2584,1,0.606805551,-0.815637496 0.57731629 -0.0379654522 0.0236705729 -0.0322672911 -0.999198942 -0.578078869 -0.815882787 0.0126530052,1336.71355 -4982.23925 38714.8933,0,0,0,factor_graph_prior_initial,sequence_factor_graph|prior|initial
1,2585,1,0.507532934,-0.723376448 0.68826645 -0.054916383 -0.0406883298 -0.121891825 -0.991709052 -0.689253926 -0.715144515 0.116178088,1484.03561 -5228.35875 40015.0681,0,0,0,factor_graph_prior_initial,sequence_factor_graph|prior|initial
1,2586,1,0.957595899,-0.706436442 0.703185135 -0.0804873901 0.021625681 -0.0922208441 -0.995503715 -0.707446029 -0.705000696 0.0499413075,1645.51497 -4944.87381 41547.4434,0,0,0,factor_graph_prior_initial,sequence_factor_graph|prior|initial
1,2587,1,0.975058644,-0.259582399 0.965699916 -0.00637574673 0.0170971042 -0.00200548289 -0.999851823 -0.965569608 -0.259652942 -0.015990084,1866.96506 -3770.12777 43547.2984,0,0,0,factor_graph_prior_initial,sequence_factor_graph|prior|initial
1,2588,1,0.607349672,-0.949698518 0.295383118 -0.104026621 -0.0265332562 -0.40687831 -0.913096943 -0.312039597 -0.864406649 0.394249205,2033.84876 -4200.96827 44869.7662,0,0,0,factor_graph_prior_initial,sequence_factor_graph|prior|initial
1,2589,1,0.544144448,-0.711076449 0.692610035 -0.121085189 0.0210990843 -0.151115808 -0.988290869 -0.702798059 -0.705305148 0.0928414546,2203.20463 -4483.22821 46137.2375,0,0,0,factor_graph_prior_initial,sequence_factor_graph|prior|initial
1,2590,1,0.427458062,0.894796338 0.446266744 0.0136201213 0.0975030354 -0.165548933 -0.981369813 -0.435697914 0.879454117 -0.191644941,-227.030754 407.502651 17322.5288,0,0,0,factor_graph_prior_initial,sequence_factor_graph|prior|initial
1,2591,1,0.652265437,0.972182935 0.230402002 -0.0421338226 0.0688380854 -0.453006771 -0.888845421 -0.223878672 0.861219938 -0.456265885,-305.295706 982.232094 9673.76614,0,0,0,factor_graph_prior_initial,sequence_factor_graph|prior|initial
1,2592,1,0.645095187,0.888522566 0.441371414 -0.125375137 0.0690982227 -0.398847007 -0.914410466 -0.453600138 0.803811135 -0.384882546,-278.107822 987.691224 6677.41966,0,0,0,factor_graph_prior_initial,sequence_factor_graph|prior|initial
1,2593,1,0.907052655,0.970597266 0.201368798 -0.131877041 0.0231658293 -0.62346909 -0.781504727 -0.239591926 0.755471311 -0.609802269,-331.663996 960.299134 6754.39167,0,0,0,factor_graph_prior_initial,sequence_factor_graph|prior|initial
1,2594,1,1,0.973595371 0.217338608 -0.0698282326 0.0727300942 -0.585266656 -0.807572458 -0.21638481 0.781170193 -0.585619965,-291.896641 927.066028 6928.50399,0,0,0,factor_graph_prior_initial,sequence_factor_graph|prior|initial
1,2595,1,1,0.0993728626 0.990221017 0.0979151228 0.0632126776 0.0919211923 -0.993757844 -0.993040378 0.104942039 -0.0534600499,-182.547182 -252.268136 19705.3185,0,0,0,factor_graph_prior_initial,sequence_factor_graph|prior|initial
1,2596,1,0.876463616,-0.457487308 0.886707051 0.066753039 0.0192943129 0.0849504584 -0.996198348 -0.889006801 -0.454460147 -0.0559721599,-19.6988434 -2066.66851 24711.8263,0,0,0,factor_graph_prior_initial,sequence_factor_graph|prior|initial
1,2597,1,0.693736938,-0.735815751 0.677176342 0.00271705558 0.030204024 0.0368272886 -0.99886509 -0.676507869 -0.734898601 -0.0475515495,146.440729 -3485.06165 27435.6441,0,0,0,factor_graph_prior_initial,sequence_factor_graph|prior|initial
1,2598,1,0.808315549,-0.978227542 0.206953924 0.0155225233 0.00423879596 0.0947028455 -0.995496561 -0.207491947 -0.973756358 -0.0935181672,317.911386 -4361.88078 29477.6173,0,0,0,factor_graph_prior_initial,sequence_factor_graph|prior|initial
1,2599,1,0.400923781,-0.0579624121 0.997692259 0.0353626372 0.0104605501 0.0360272042 -0.999296061 -0.998263961 -0.0575516974 -0.0125246335,563.369751 -3782.6581 31872.9839,0,0,0,factor_graph_prior_initial,sequence_factor_graph|prior|initial
1,2600,1,0.745934231,-0.708563339 0.694854764 0.122942472 -0.017580661 0.15678914 -0.987475613 -0.705428179 -0.701850427 -0.0988790305,757.582664 -4059.53455 33638.5307,0,0,0,factor_graph_prior_initial,sequence_factor_graph|prior|initial
1,2601,1,0.367879441,-0.668917651 0.723757574 0.169482007 0.140048103 0.346626322 -0.927489473 -0.730024455 -0.596678446 -0.33322534,964.360654 -5802.23608 35067.7872,0,0,0,factor_graph_prior_initial,sequence_factor_graph|prior|initial
1,2602,1,0.453782004,-0.673643248 0.712188645 0.197464195 0.0912659297 0.345302815 -0.934043091 -0.733399826 -0.611190068 -0.297609469,1213.88912 -6945.29295 36710.5675,0,0,0,factor_graph_prior_initial,sequence_factor_graph|prior|initial
1,2603,1,0.89243504,-0.26062149 0.965400475 -0.00885219037 0.0423745432 0.00227832938 -0.999099198 -0.964510672 -0.260761829 -0.0415021857,1630.75519 -7102.33021 38812.5038,0,0,0,factor_graph_prior_initial,sequence_factor_graph|prior|initial
1,2604,1,0.984171168,-0.296928802 0.95488966 -0.00436162144 0.130349085 0.0360071359 -0.990814111 -0.9459611 -0.294769781 -0.13516055,2204.20408 -6914.13641 41415.9889,0,0,0,factor_graph_prior_initial,sequence_factor_graph|prior|initial
1,2605,1,0.400307041,-0.444193837 0.895927881 0.00225112381 0.0351371686 0.0199312918 -0.999183728 -0.895241428 -0.443752156 -0.040333726,3322.66855 -6387.88652 44540.5045,0,0,0,factor_graph_prior_initial,sequence_factor_graph|prior|initial
1,2606,1,0.956311928,-0.161057622 0.979908367 -0.117643675 0.138308493 -0.0956141899 -0.985762998 -0.977205814 -0.175035763 -0.120130256,5457.10754 -5861.55605 47737.2284,0,0,0,factor_graph_prior_initial,sequence_factor_graph|prior|initial
1,2607,1,0.367879441,-0.231288328 0.971467034 -0.0525120194 -0.0113225333 -0.0566597297 -0.998329342 -0.972819361 -0.230307355 0.0241042019,8757.08199 -5066.45679 51579.7195,0,0,0,factor_graph_prior_initial,sequence_factor_graph|prior|initial
1,2608,1,0.44907848,-0.34745932 0.937397449 -0.0236229337 0.142294884 0.0278092926 -0.98943358 -0.926835577 -0.347149341 -0.14304946,11841.507 -5600.83771 55003.437,0,0,0,factor_graph_prior_initial,sequence_factor_graph|prior|initial
1,2609,1,0.460226075,-0.315031886 0.948997274 -0.0126128817 0.170014717 0.0433540065 -0.984487393 -0.933729033 -0.312289296 -0.175001398,16254.9324 -5229.12788 58169.1399,0,0,0,factor_graph_prior_initial,sequence_factor_graph|prior|initial
1,2610,1,0.647524149,-0.971222508 0.217004821 0.098161848 -0.0646816755 0.156339259 -0.985583237 -0.229222864 -0.963569896 -0.137803972,1219.14482 203.1703 31707.0885,0,0,0,factor_graph_prior_initial,sequence_factor_graph|prior|initial
1,2623,1,0.77541337,-0.914093598 -0.387647558 -0.119005315 -0.0126569534 0.320607828 -0.947127458 0.405305681 -0.864256901 -0.297972,59452.4841 -5257.21598 95342.2012,0,0,0,factor_graph_prior_initial,sequence_factor_graph|prior|initial
1,2624,1,0.952605283,-0.974071894 -0.202044392 -0.101793957 0.0759971815 0.131581027 -0.988388012 0.213092408 -0.970497036 -0.112814575,52824.2073 -4662.35065 86707.5577,0,0,0,factor_graph_prior_initial,sequence_factor_graph|prior|initial
1,2626,1,0.973195026,-0.955837189 0.292270808 -0.0308713818 0.0221205506 -0.033199214 -0.99920393 -0.293063046 -0.955759168 0.0252678522,46456.5125 -4131.08444 73915.9927,0,0,0,factor_graph_prior_initial,sequence_factor_graph|prior|initial
1,2628,1,0.973700304,-0.89406172 -0.41116524 0.177754851 0.0286960797 -0.4485815 -0.893281127 0.447023687 -0.793547594 0.412858378,54490.1733 -4782.53126 85713.562,0,0,0,factor_graph_prior_initial,sequence_factor_graph|prior|initial
1,2631,1,0.993997966,-0.870089483 0.492865563 0.00527521363 -0.00567223328 0.000689390812 -0.999983675 -0.492861154 -0.870105201 0.00219581675,42818.0656 -4002.39325 66717.4377,0,0,0,factor_graph_prior_initial,sequence_factor_graph|prior|initial
1,2633,1,1,-0.987091495 0.157741712 -0.027711608 0.0525815889 0.155749658 -0.986396077 -0.151279733 -0.975120298 -0.162033473,52268.3945 -4916.32175 81767.601,0,0,0,factor_graph_prior_initial,sequence_factor_graph|prior|initial
1,2637,1,0.957858646,-0.984811707 -0.170600774 0.0322688398 -0.050700095 0.104809993 -0.993199056 0.166058431 -0.979750091 -0.111867583,58412.014 -6343.07384 89404.6631,0,0,0,factor_graph_prior_initial,sequence_factor_graph|prior|initial
1,2639,1,0.876125562,-0.850865182 0.525244227 0.0121220155 -0.0160930663 -0.00299410903 -0.999866015 -0.525137558 -0.85094626 0.0110003733,47786.3846 -5371.03701 72252.5406,0,0,0,factor_graph_prior_initial,sequence_factor_graph|prior|initial
1,2646,1,0.594743223,-0.903880913 -0.250415009 0.346830822 -0.0650373031 -0.720894142 -0.689986801 0.422811359 -0.646222841 0.635316138,64808.5632 -8229.73633 95901.8555,0,0,0,factor_graph_prior_initial,sequence_factor_graph|prior|initial
1,2651,1,1,-0.804279486 0.593796744 0.0232365231 0.0103811676 0.0531356959 -0.998533339 -0.594160534 -0.802858658 -0.0489002537,45470.9282 -5799.47472 63481.0104,0,0,0,factor_graph_prior_initial,sequence_factor_graph|prior|initial
1,2656,1,0.828845858,-0.893402086 0.448912504 -0.0176146551 0.1833311 0.328499856 -0.926540637 -0.410149266 -0.831002652 -0.37578208,58246.7918 -5525.25711 78676.2848,0,0,0,factor_graph_prior_initial,sequence_factor_graph|prior|initial
1,2665,1,1,0.977111385 0.188450532 -0.0986901153 0.0472681431 -0.644663454 -0.76300377 -0.207410377 0.740874772 -0.638815707,-183.9488 652.91816 7252.67363,0,0,0,factor_graph_prior_initial,sequence_factor_graph|prior|initial
1,2666,1,0.864668614,0.991136219 0.0993968031 -0.0881434691 0.0366301226 -0.842231781 -0.537869744 -0.127699764 0.529873479 -0.838407339,-219.138891 705.551267 7344.57445,0,0,0,factor_graph_prior_initial,sequence_factor_graph|prior|initial
1,2667,1,0.879395056,0.982387443 0.0904683262 -0.163494324 -0.0635457305 -0.661072527 -0.747626279 -0.175718104 0.744848035 -0.643680474,-266.324759 639.142215 7158.52213,0,0,0,factor_graph_prior_initial,sequence_factor_graph|prior|initial
1,2669,1,0.937793609,0.987797617 0.134531172 -0.0784680266 0.0823909987 -0.878947426 -0.46974796 -0.132165014 0.457550856 -0.879306331,-159.222633 668.731153 7501.36662,0,0,0,factor_graph_prior_initial,sequence_factor_graph|prior|initial
1,2671,1,0.835159712,0.985808634 0.0189465086 -0.16680038 -0.050176123 -0.914934215 -0.400471895 -0.160198919 0.403158048 -0.900999387,-463.294685 814.941823 6861.89127,0,0,0,factor_graph_prior_initial,sequence_factor_graph|prior|initial
1,2672,1,0.828263852,0.979475919 0.0872317693 -0.181707296 -0.046845738 -0.778293373 -0.626150862 -0.196041832 0.621811904 -0.758233181,335.936725 714.521587 7139.75477,0,0,0,factor_graph_prior_initial,sequence_factor_graph|prior|initial
1,2674,1,0.831403491,0.968046892 0.115300131 -0.222690581 -0.0733307763 -0.71905725 -0.691071103 -0.239807865 0.685319306 -0.687626088,710.891366 716.306388 6819.15045,0,0,0,factor_graph_prior_initial,sequence_factor_graph|prior|initial
1,2675,1,1,0.969820038 0.0283244487 -0.242171054 -0.172499866 -0.622238291 -0.763585821 -0.17231625 0.782315304 -0.598573199,486.272514 690.707684 6907.31239,0,0,0,factor_graph_prior_initial,sequence_factor_graph|prior|initial
1,2676,1,0.791081986,0.971608537 0.162822501 -0.171655714 0.000967370007 -0.728255641 -0.685304885 -0.236592297 0.665682022 -0.707736908,522.993326 343.129486 7011.61242,0,0,0,factor_graph_prior_initial,sequence_factor_graph|prior|initial
1,2677,1,0.776989818,0.97752036 0.0973214015 -0.187036068 -0.0454211018 -0.769062466 -0.63755772 -0.20589043 0.631721036 -0.747353774,-72.8595853 495.952129 6995.05854,0,0,0,factor_graph_prior_initial,sequence_factor_graph|prior|initial
1,2678,1,0.782405504,0.980010829 0.141836157 -0.139503689 0.00383804242 -0.714569095 -0.699554343 -0.198907124 0.68503541 -0.700829824,192.073524 603.595018 7145.75672,0,0,0,factor_graph_prior_initial,sequence_factor_graph|prior|initial
1,2679,1,0.714937584,0.988484107 0.0873522079 -0.123566835 -0.0218480199 -0.725629192 -0.687739006 -0.149739224 0.682518767 -0.715364451,338.355482 857.439041 7034.69038,0,0,0,factor_graph_prior_initial,sequence_factor_graph|prior|initial
1,2680,1,0.996230925,0.975502463 0.152848031 -0.158216383 -0.00838835767 -0.692835579 -0.721046806 -0.219828524 0.704710111 -0.67458067,23.1250226 915.308356 7334.7621,0,0,0,factor_graph_prior_initial,sequence_factor_graph|prior|initial
1,2681,1,0.846507745,0.974545851 0.198597672 -0.104016096 0.0758906046 -0.728815094 -0.680491862 -0.210952601 0.655276677 -0.725335424,229.7194 910.642266 7650.01965,0,0,0,factor_graph_prior_initial,sequence_factor_graph|prior|initial
1,2682,1,0.884578792,0.97665991 0.115614221 -0.181021469 -0.030536997 -0.759477709 -0.649816205 -0.212609765 0.640177289 -0.73822092,589.105725 804.069638 7951.86949,0,0,0,factor_graph_prior_initial,sequence_factor_graph|prior|initial
1,2683,1,0.833226922,0.8484557 0.42277754 -0.318405524 0.10600195 -0.725148084 -0.68038507 -0.518542682 0.543524984 -0.660071268,354.15256 996.211648 7660.43663,0,0,0,factor_graph_prior_initial,sequence_factor_graph|prior|initial
1,2684,1,1,0.968101306 0.238928067 -0.0754535579 0.0835960541 -0.591887681 -0.801673669 -0.236202372 0.769793707 -0.592980681,226.513207 1119.2286 7285.66742,0,0,0,factor_graph_prior_initial,sequence_factor_graph|prior|initial
1,2685,1,0.756999727,0.962346122 0.270447159 -0.0273546393 0.0566608395 -0.297999462 -0.952882926 -0.265856148 0.915453251 -0.302102389,98.4716117 46.9347239 6346.99345,0,0,0,factor_graph_prior_initial,sequence_factor_graph|prior|initial
1,2686,1,0.888720939,0.972671292 0.22368825 -0.0622424736 0.0359874992 -0.410071821 -0.911342966 -0.229380597 0.884197189 -0.406915069,746.398091 36.1301303 5980.23367,0,0,0,factor_graph_prior_initial,sequence_factor_graph|prior|initial
1,2687,1,0.429579101,0.950287763 0.311363369 0.00245338508 0.122625927 -0.366991261 -0.922106445 -0.286209799 0.87656732 -0.386928527,160.385966 -626.811028 5674.50809,0,0,0,factor_graph_prior_initial,sequence_factor_graph|prior|initial
1,2688,1,0.662604989,0.850352292 0.521615813 -0.0694112581 0.0652096063 -0.235347001 -0.96972135 -0.522157722 0.820078492 -0.234142223,-17.0825683 -332.401097 5397.74847,0,0,0,factor_graph_prior_initial,sequence_factor_graph|prior|initial
1,2689,1,0.640027013,0.967348031 0.23437861 -0.0964595996 0.0122434482 -0.423352321 -0.905882393 -0.253155851 0.875122551 -0.412398636,-39.9526358 446.857631 6047.30844,0,0,0,factor_graph_prior_initial,sequence_factor_graph|prior|initial
1,2690,1,0.979821666,0.205490077 0.974959767 0.0850134165 0.147174925 0.0550936905 -0.987574922 -0.967529519 0.21544869 -0.132168423,-871.856093 -680.452466 12974.6361,0,0,0,factor_graph_prior_initial,sequence_factor_graph|prior|initial
1,2691,1,0.664953638,0.5251568 0.850167641 0.03775337 -0.0278001236 0.0614781826 -0.997721197 -0.850551285 0.522910523 0.0559204511,-1983.36577 -2826.95627 15684.4101,0,0,0,factor_graph_prior_initial,sequence_factor_graph|prior|initial
1,2692,1,0.989481623,-0.154211796 0.976909362 -0.147874342 0.0880517753 -0.135480928 -0.986859566 -0.984106502 -0.165205985 -0.0651258464,-3079.73242 -4763.82732 17734.2529,0,0,0,factor_graph_prior_initial,sequence_factor_graph|prior|initial
1,2693,1,0.574516226,0.181989573 0.983279683 -0.00639225448 0.136745003 -0.0317459216 -0.99009747 -0.973745654 0.179313307 -0.14023601,-4290.92216 -5794.12079 19631.1111,0,0,0,factor_graph_prior_initial,sequence_factor_graph|prior|initial
1,2694,1,0.743724451,-0.486997371 0.84381606 -0.22540634 0.0391711832 -0.236717062 -0.970788675 -0.872524601 -0.481600965 0.0822273134,-5355.68333 -7036.55577 21173.481,0,0,0,factor_graph_prior_initial,sequence_factor_graph|prior|initial
1,2695,1,0.553267158,-0.783455324 0.59681404 -0.173236133 0.0430768395 -0.225937548 -0.973188887 -0.619953338 -0.76991248 0.151303112,-6432.30581 -7523.46897 22672.1764,0,0,0,factor_graph_prior_initial,sequence_factor_graph|prior|initial
1,2696,1,1,-0.73326195 0.661047574 -0.159194904 0.0466897598 -0.18462472 -0.981699434 -0.678341344 -0.727275614 0.10451413,-7534.93643 -7476.24016 24117.2771,0,0,0,factor_graph_prior_initial,sequence_factor_graph|prior|initial
1,2697,1,1,-0.806690866 0.58351265 -0.0936100055 0.0615865016 -0.074531688 -0.995315091 -0.587755858 -0.808676706 0.0241875292,-8537.32872 -7711.09629 25437.9063,0,0,0,factor_graph_prior_initial,sequence_factor_graph|prior|initial
1,2698,1,0.621966469,-0.216909542 0.975296496 -0.0417970796 0.0290752407 -0.0363428846 -0.998916325 -0.975758618 -0.217889743 -0.020473862,-9750.37479 -6909.37614 26853.2772,0,0,0,factor_graph_prior_initial,sequence_factor_graph|prior|initial
1,2699,1,0.576756884,0.273890214 0.957409066 0.0913894464 -0.0307571855 0.103693827 -0.994133585 -0.961269029 0.269472579 0.0578479328,-12189.0736 -4556.03981 28887.3596,0,0,0,factor_graph_prior_initial,sequence_factor_graph|prior|initial
1,2700,1,0.594067673,-0.673758251 0.711049728 0.201141998 0.0228964821 0.292156544 -0.956096389 -0.738597028 -0.639572387 -0.21312342,-13263.0386 -5302.88267 30166.3952,0,0,0,factor_graph_prior_initial,sequence_factor_graph|prior|initial
1,2701,1,0.688115862,0.541185027 0.838136198 0.0681650927 0.0639590039 0.0397999169 -0.997158569 -0.838467658 0.544007058 -0.0320672373,-14836.1616 -4931.37884 31706.9283,0,0,0,factor_graph_prior_initial,sequence_factor_graph|prior|initial
1,2702,1,0.548075411,0.773291933 0.618493428 0.139590352 0.055067933 0.153811341 -0.986564541 -0.631654264 0.770589353 0.0848819144,-15922.3919 -5365.26918 33026.8822,0,0,0,factor_graph_prior_initial,sequence_factor_graph|prior|initial
1,2703,1,1,0.478241627 0.875530409 0.0687855321 0.104532652 0.0210175951 -0.994299344 -0.871985017 0.48270567 -0.0814700271,-17515.6536 -4412.6091 35551.7654,0,0,0,factor_graph_prior_initial,sequence_factor_graph|prior|initial
1,2704,1,0.561317365,-0.0437927324 0.985978205 -0.161025389 0.0295215751 -0.159832481 -0.986702617 -0.998604363 -0.0479641268 -0.0221081285,-18737.9589 -4303.39766 37735.9962,0,0,0,factor_graph_prior_initial,sequence_factor_graph|prior|initial
1,2705,1,0.548503018,0.515173257 0.853952902 0.0732185535 -0.0586730562 0.120364906 -0.99099433 -0.855075428 0.50623782 0.112112807,-19560.5354 -4407.33004 39655.838,0,0,0,factor_graph_prior_initial,sequence_factor_graph|prior|initial
1,2706,1,0.562923622,0.505695652 0.854298416 0.120192029 -0.0285644326 0.15582277 -0.987371935 -0.862238935 0.495876477 0.103201447,-20596.8285 -4810.09007 41975.502,0,0,0,factor_graph_prior_initial,sequence_factor_graph|prior|initial
1,2707,1,0.903995738,0.809176759 0.561976216 0.171510075 0.157147319 0.0742726129 -0.984778299 -0.566160484 0.823812061 -0.0282133836,-21742.1474 -4965.78169 44067.5812,0,0,0,factor_graph_prior_initial,sequence_factor_graph|prior|initial
1,2708,1,0.76645072,0.993809364 -0.111054332 0.00314394442 0.0304007089 0.244615183 -0.969143544 0.106858532 0.963239507 0.24647699,-22585.3863 -5929.26121 45445.8771,0,0,0,factor_graph_prior_initial,sequence_factor_graph|prior|initial
1,2709,1,0.507192569,0.969274309 0.222826126 0.10419132 0.0537650153 0.221417516 -0.973695849 -0.240034658 0.949380219 0.20263406,-23491.3025 -6667.65404 46888.0539,0,0,0,factor_graph_prior_initial,sequence_factor_graph|prior|initial
1,2710,1,0.98169582,0.986528779 -0.162332527 0.0202267018 0.0400708664 0.119918579 -0.991974728 0.158604207 0.979422118 0.124807934,-24461.6737 -6561.46479 48324.1043,0,0,0,factor_graph_prior_initial,sequence_factor_graph|prior|initial
1,2711,1,0.601450037,0.98321842 -0.178659716 -0.0369085853 -0.0213614185 0.08817561 -0.995875872 0.181177337 0.979951921 0.082879459,-25441.1411 -5957.27968 50070.8275,0,0,0,factor_graph_prior_initial,sequence_factor_graph|prior|initial
1,2712,1,0.584026112,-0.059572871 0.980536998 -0.187078242 -0.00815114112 -0.187882675 -0.982157655 -0.998190679 -0.0569850501 0.0191852058,-22759.1705 -4273.62823 53231.3576,0,0,0,factor_graph_prior_initial,sequence_factor_graph|prior|initial
1,2713,1,0.989021679,-0.754216698 0.647396508 -0.109703844 0.0205268802 -0.143744185 -0.989401969 -0.65630467 -0.748475364 0.0951252337,-23377.2888 -5295.1932 55587.3909,0,0,0,factor_graph_prior_initial,sequence_factor_graph|prior|initial
1,2714,1,0.574887283,-0.761187329 0.646299135 -0.0537706096 -0.00322893927 -0.086687013 -0.996230363 -0.648524036 -0.758144306 0.0680719165,-24527.9179 -5449.7509 57779.0451,0,0,0,factor_graph_prior_initial,sequence_factor_graph|prior|initial
1,2715,1,1,-0.783749871 0.608987219 -0.121945511 -0.0247502881 -0.226814361 -0.973623474 -0.620583245 -0.760059085 0.192838335,-25204.2294 -6097.94092 59452.6405,0,0,0,factor_graph_prior_initial,sequence_factor_graph|prior|initial
1,2716,1,0.966898105,-0.75573052 0.643599741 -0.1210403 -0.00157565014 -0.186613873 -0.982432074 -0.654880827 -0.742263185 0.142043887,-25834.3945 -5226.38464 61503.1853,0,0,0,factor_graph_prior_initial,sequence_factor_graph|prior|initial
1,2717,1,0.724273724,-0.893302559 0.445453996 -0.0598437566 -0.0244184805 -0.181050599 -0.983170595 -0.448792018 -0.876807515 0.172610273,-26622.6139 -5533.71716 63363.7619,0,0,0,factor_graph_prior_initial,sequence_factor_graph|prior|initial
1,2718,1,0.547879815,-0.349843231 0.936501785 0.0239607992 0.0178169772 0.0322238566 -0.999321859 -0.936638815 -0.349179079 -0.0279589291,-25003.5133 -4681.69546 64995.4681,0,0,0,factor_graph_prior_initial,sequence_factor_graph|prior|initial
1,2719,1,0.965821023,0.620932165 0.781356926 0.0626466265 0.0476509792 0.0421468176 -0.997974464 -0.782414615 0.622659618 -0.0110621079,-21994.8692 -4078.57561 66174.4232,0,0,0,factor_graph_prior_initial,sequence_factor_graph|prior|initial
1,2720,1,1,0.997495078 -0.00801066142 0.0702808497 0.0707134453 0.1379647 -0.987909586 -0.00178246717 0.990404751 0.138185571,-22571.31 -5010.06126 68038.208,0,0,0,factor_graph_prior_initial,sequence_factor_graph|prior|initial
1,2721,1,0.476253623,0.98074155 -0.15180516 0.122886964 0.134943158 0.0718132511 -0.98824754 0.141196163 0.985798179 0.0909153068,-20753.8414 -4218.99033 69209.8083,0,0,0,factor_graph_prior_initial,sequence_factor_graph|prior|initial
1,2722,1,0.636892698,-0.276602869 0.958273704 -0.0721274005 -0.0240183769 -0.0819260839 -0.996348952 -0.960684116 -0.273860596 0.0456771688,-20157.8884 -4290.59982 70687.7213,0,0,0,factor_graph_prior_initial,sequence_factor_graph|prior|initial
1,2723,1,0.573068411,-0.954750811 0.292515961 0.0537150039 -0.0881630621 -0.105878076 -0.990463077 -0.284039017 -0.950381106 0.126876282,-19554.2049 -4248.89898 71684.4025,0,0,0,factor_graph_prior_initial,sequence_factor_graph|prior|initial
1,2724,1,0.585513178,-0.901059752 0.416812308 -0.119828305 0.0289591272 -0.217855278 -0.975551355 -0.432727041 -0.882500186 0.184230102,-20360.2581 -4873.27051 76972.9156,0,0,0,factor_graph_prior_initial,sequence_factor_graph|prior|initial
1,2725,1,0.947549166,-0.864044207 0.502848447 -0.0238966044 -0.0263374802 -0.0925576014 -0.995358944 -0.502726511 -0.859404753 0.0932176204,-20410.0571 -5080.863 81282.4173,0,0,0,factor_graph_prior_initial,sequence_factor_graph|prior|initial
1,2726,1,0.977066567,-0.760278242 0.63049394 -0.156378984 0.0415896191 -0.192993882 -0.980318145 -0.648264837 -0.751818298 0.120507047,-17971.9048 -4799.31831 84010.9711,0,0,0,factor_graph_prior_initial,sequence_factor_graph|prior|initial
1,2727,1,0.82677541,-0.724579024 0.686885782 0.0563308087 -0.066765054 0.0113918474 -0.99770369 -0.685950191 -0.726676096 0.0376056727,-15920.5408 -4681.80609 85583.7021,0,0,0,factor_graph_prior_initial,sequence_factor_graph|prior|initial
1,2728,1,0.503116148,-0.69322268 0.703134812 0.158252179 0.0182283648 0.236608771 -0.971434 -0.720492916 -0.670535403 -0.176839564,-13173.3751 -4723.95945 87231.7657,0,0,0,factor_graph_prior_initial,sequence_factor_graph|prior|initial
1,2729,1,0.9502336,0.139376852 0.990157208 -0.0127591512 0.0401781353 -0.0185289349 -0.999020719 -0.989423979 0.138727724 -0.0423651749,-4375.82397 -3018.23187 78019.3176,0,0,0,factor_graph_prior_initial,sequence_factor_graph|prior|initial
1,2730,1,0.540634376,-0.0407247876 0.998102518 0.0461828545 -0.00248099366 0.0461200433 -0.998932824 -0.999167321 -0.0407959065 0.000598057045,-2978.68562 -2866.96887 65753.1738,0,0,0,factor_graph_prior_initial,sequence_factor_graph|prior|initial
1,2731,1,0.599475723,-0.00733426089 0.999281495 -0.0371847163 -0.0608104172 -0.0375625974 -0.997442301 -0.998122388 -0.00505428394 0.0610422185,-2337.70514 -2761.9679 58572.6433,0,0,0,factor_graph_prior_initial,sequence_factor_graph|prior|initial
1,2732,1,0.633629621,0.00561293911 0.999725793 -0.0227339763 0.0125888317 -0.022803176 -0.999660711 -0.999905004 0.0053248405 -0.0127133726,-2081.67911 -2662.74571 53730.6252,0,0,0,factor_graph_prior_initial,sequence_factor_graph|prior|initial
1,2733,1,1,0.268012691 0.963210941 0.0198464188 0.0401981369 0.00940177108 -0.999147495 -0.96257639 0.268581998 -0.0361994913,-2229.73061 -3054.20542 60956.6193,0,0,0,factor_graph_prior_initial,sequence_factor_graph|prior|initial
1,2734,1,0.557199613,-0.216362326 0.972485178 0.0863708379 0.0388254415 0.0969667806 -0.994530054 -0.975540839 -0.21182545 -0.0587371246,-2482.07426 -3458.58598 68345.7413,0,0,0,factor_graph_prior_initial,sequence_factor_graph|prior|initial
1,2735,1,0.935412218,-0.495836725 0.862766423 0.0988940904 -0.0378961297 0.0922735761 -0.995012297 -0.867588511 -0.497111342 -0.0130571195,-3155.17068 -4762.50172 81785.7208,0,0,0,factor_graph_prior_initial,sequence_factor_graph|prior|initial
1,2736,1,0.992285296,-0.228589238 0.972749577 0.0387971657 0.0148799932 0.0433388212 -0.998949615 -0.973409239 -0.22777183 -0.0243812952,-3004.00567 -3913.44738 77820.755,0,0,0,factor_graph_prior_initial,sequence_factor_graph|prior|initial
1,2737,1,0.816818422,-0.279966649 0.955273255 0.095245383 -0.0214019042 0.0929776565 -0.995438152 -0.959771136 -0.280727916 -0.00558597622,-3466.61329 -4064.74543 78406.5247,0,0,0,factor_graph_prior_initial,sequence_factor_graph|prior|initial
1,2738,1,0.972203947,-0.270956178 0.962569816 -0.00648836449 0.0192925216 -0.0013087086 -0.999813025 -0.962398331 -0.271030693 -0.0182157963,-4038.45024 -4024.2939 78853.8589,0,0,0,factor_graph_prior_initial,sequence_factor_graph|prior|initial
1,2739,1,0.937915343,-0.68991059 0.695887695 0.199408359 -0.0209950836 0.256114837 -0.966418334 -0.723590067 -0.670928838 -0.162086118,-5426.68724 -5580.76477 87117.5766,0,0,0,factor_graph_prior_initial,sequence_factor_graph|prior|initial
1,2740,1,1,-0.447066631 0.894425352 -0.0116067806 -0.0365304375 -0.0312210639 -0.998844719 -0.893754415 -0.446126143 0.0466316453,-9577.78263 -5251.99986 90260.3607,0,0,0,factor_graph_prior_initial,sequence_factor_graph|prior|initial
1,2741,1,0.664728536,-0.424596966 0.903707761 0.055042698 0.0768383339 0.0965438275 -0.992358383 -0.902116005 -0.417122969 -0.110431615,-11927.0678 -5614.26926 92789.505,0,0,0,factor_graph_prior_initial,sequence_factor_graph|prior|initial
1,2742,1,0.959991618,-0.488595671 0.871157592 -0.0485666478 0.0381408706 -0.0342845803 -0.998684055 -0.871676284 -0.48980508 -0.0164754115,-14509.1047 -6121.99688 96467.2928,0,0,0,factor_graph_prior_initial,sequence_factor_graph|prior|initial
1,2743,1,0.367879441,-0.305819656 0.950686909 -0.0516598365 -0.0166109863 -0.0595789141 -0.998085381 -0.951944543 -0.304376007 0.0340122503,-17832.6569 -6071.92087 97949.2798,0,0,0,factor_graph_prior_initial,sequence_factor_graph|prior|initial
1,2744,1,0.648918071,-0.461165517 0.878405098 -0.125422686 0.0661806929 -0.106906357 -0.992064084 -0.884842631 -0.465806306 -0.00883193272,-20451.8356 -6059.7086 99742.6605,0,0,0,factor_graph_prior_initial,sequence_factor_graph|prior|initial
1,2745,1,0.586155407,0.0148675272 0.984442467 -0.175077083 0.0201180333 -0.175355507 -0.984299604 -0.999687062 0.0111118946 -0.0224121492,-16701.7879 -4567.83676 89010.1547,0,0,0,factor_graph_prior_initial,sequence_factor_graph|prior|initial
1,2746,1,1,-0.28378601 0.95852239 -0.0264637343 0.0125390841 -0.0238864382 -0.999636038 -0.958805649 -0.284014554 -0.00524035583,-17954.4888 -4433.12311 80752.3422,0,0,0,factor_graph_prior_initial,sequence_factor_graph|prior|initial
1,2749,1,0.95767659,0.508124055 0.859978157 -0.0474079619 0.142744062 -0.138367923 -0.980040025 -0.849372755 0.491214707 -0.193064845,-24764.3051 -4321.1832 73005.043,0,0,0,factor_graph_prior_initial,sequence_factor_graph|prior|initial
1,2751,1,0.875390407,0.190484214 0.974162126 -0.121342149 0.0718330289 -0.137105357 -0.987948449 -0.979058619 0.179472209 -0.0960934222,-26584.774 -3866.63103 63781.292,0,0,0,factor_graph_prior_initial,sequence_factor_graph|prior|initial
1,2752,1,1,-0.756265391 0.643360486 -0.118953534 0.0120843272 -0.168045982 -0.985705086 -0.654153366 -0.746892116 0.119312782,-30904.7394 -4884.56774 73169.4794,0,0,0,factor_graph_prior_initial,sequence_factor_graph|prior|initial
1,2753,1,0.51539769,-0.749984029 0.653528214 -0.102102057 0.0122554586 -0.140603914 -0.989990072 -0.661342393 -0.74372805 0.0974414019,-35493.1488 -5959.22613 79289.3829,0,0,0,factor_graph_prior_initial,sequence_factor_graph|prior|initial
1,2754,1,0.367879441,-0.782325509 0.620889181 -0.0496328755 -0.0210414229 -0.105982734 -0.994145321 -0.622514302 -0.776700898 0.0959773881,-40654.5143 -6324.23306 83976.4252,0,0,0,factor_graph_prior_initial,sequence_factor_graph|prior|initial
1,2755,1,0.480978203,-0.767725751 0.616982558 -0.173002005 -0.0166673567 -0.289123649 -0.957146653 -0.640561761 -0.731942647 0.232251139,-44686.367 -6273.76366 87448.0057,0,0,0,factor_graph_prior_initial,sequence_factor_graph|prior|initial
1,2756,1,0.51136833,-0.747679939 0.631800613 0.204457074 -0.0102681177 0.296853489 -0.954867829 -0.663979876 -0.716034909 -0.215463996,-42888.2027 -5370.25547 88722.3587,0,0,0,factor_graph_prior_initial,sequence_factor_graph|prior|initial
1,2757,1,0.48972059,0.101291554 0.994258064 0.0345097605 0.13666223 0.0204534046 -0.990406529 -0.98542552 0.105035997 -0.133805767,-30302.4025 -3665.78579 78427.742,0,0,0,factor_graph_prior_initial,sequence_factor_graph|prior|initial
1,2758,1,0.72959315,0.706939996 0.70094939 -0.0943705194 0.0954014488 -0.226713036 -0.96927796 -0.700809821 0.676218273 -0.2271441,-30420.2976 -3595.10374 69988.0142,0,0,0,factor_graph_prior_initial,sequence_factor_graph|prior|initial
1,2759,1,1,0.459307089 0.888111611 -0.0171687071 0.0561726717 -0.0483295233 -0.997250665 -0.88649965 0.457079887 -0.0720856946,-26501.1482 -2969.20252 56970.253,0,0,0,factor_graph_prior_initial,sequence_factor_graph|prior|initial
1,2760,1,0.498213478,0.947108591 0.317556998 0.0462911436 0.0584801107 -0.0289539726 -0.997868601 -0.315539845 0.947797035 -0.0459933246,-32595.2568 -4009.89866 70219.4672,0,0,0,factor_graph_prior_initial,sequence_factor_graph|prior|initial
1,2761,1,0.622699459,0.974333989 0.218309088 0.0549037379 0.0937629117 -0.171843185 -0.980652046 -0.20465042 0.960630554 -0.187901951,-37713.9816 -4780.56288 77453.5751,0,0,0,factor_graph_prior_initial,sequence_factor_graph|prior|initial
1,2762,1,0.659154933,0.974902708 0.191163795 0.114110095 0.162750231 -0.262212815 -0.951187049 -0.151911397 0.945886274 -0.286743935,-37667.3279 -4347.26715 76451.973,0,0,0,factor_graph_prior_initial,sequence_factor_graph|prior|initial
1,2763,1,1,0.867946059 0.49649682 0.0126706856 0.073716869 -0.103554261 -0.991888269 -0.491157268 0.861839557 -0.126479704,-36313.6673 -3979.90799 73314.9338,0,0,0,factor_graph_prior_initial,sequence_factor_graph|prior|initial
1,2764,1,0.563945719,0.800229695 0.599136536 0.0258427066 0.00603875386 0.0350403849 -0.999367653 -0.599663212 0.79987973 0.0244223185,-32780.9982 -3589.35237 66394.7906,0,0,0,factor_graph_prior_initial,sequence_factor_graph|prior|initial
1,2765,1,1,0.705288063 0.706920077 -0.0532236132 0.0638118898 -0.138077906 -0.988363564 -0.706043052 0.693684724 -0.142494605,-30779.5639 -3429.84343 61733.8905,0,0,0,factor_graph_prior_initial,sequence_factor_graph|prior|initial
1,2766,1,0.521439713,0.151805596 0.987312099 -0.0465819698 0.0426251442 -0.0536236577 -0.997651041 -0.987490839 0.149463448 -0.0502246919,-31196.0201 -3353.50752 61843.338,0,0,0,factor_graph_prior_initial,sequence_factor_graph|prior|initial
1,2767,1,0.950609989,0.576127714 0.815678584 0.0523956584 0.0557503115 0.0247386776 -0.998138217 -0.815456167 0.577976163 -0.0312216974,-28821.2662 -3022.11928 55242.6834,0,0,0,factor_graph_prior_initial,sequence_factor_graph|prior|initial
1,2768,1,0.573919478,0.807259333 0.586508807 0.0658770716 0.0532956535 0.0387215946 -0.997827746 -0.587785627 0.809016722 -1.54146768e-09,-37690.6052 -4004.26054 75979.9423,0,0,0,factor_graph_prior_initial,sequence_factor_graph|prior|initial
1,2769,1,0.572619659,0.998353978 0.0447262871 0.0359011562 0.0253143088 0.218055533 -0.975608 -0.0514637692 0.974910942 0.216564393,-44516.4413 -4719.41757 82293.541,0,0,0,factor_graph_prior_initial,sequence_factor_graph|prior|initial
1,2770,1,1,0.304655245 0.952397294 0.0111613878 0.0166895165 0.00637870087 -0.999840373 -0.952316461 0.304792892 -0.0139517457,-32106.8077 -3073.87161 61472.5037,0,0,0,factor_graph_prior_initial,sequence_factor_graph|prior|initial
1,2771,1,0.794853437,0.9834958 0.178709603 -0.0282646165 -0.00369771798 -0.136331961 -0.990656309 -0.180893166 0.974410834 -0.133421093,-38636.3182 -3903.9104 73018.9743,0,0,0,factor_graph_prior_initial,sequence_factor_graph|prior|initial
1,2772,1,0.586129016,0.811403621 0.582265627 0.0509009206 0.0663326452 -0.0052114129 -0.997783955 -0.580710035 0.812981907 -0.0428517785,-35955.7304 -3495.00656 64689.5828,0,0,0,factor_graph_prior_initial,sequence_factor_graph|prior|initial
1,2773,1,0.901339464,0.815268981 0.577998917 0.0354082133 0.068947091 -0.0361760261 -0.996964189 -0.574963293 0.815235271 -0.0693445358,-36330.6007 -3570.56379 65589.6835,0,0,0,factor_graph_prior_initial,sequence_factor_graph|prior|initial
1,2774,1,0.719472304,0.828066978 0.560408164 -0.0157407153 0.0438976803 -0.092803369 -0.994716305 -0.55890793 0.823000744 -0.101448024,-35202.4498 -3464.98013 63639.7591,0,0,0,factor_graph_prior_initial,sequence_factor_graph|prior|initial
1,2775,1,0.571540476,0.997887287 0 0.064968927 0.064968927 0 -0.997887287 0 1 0,-41660.6331 -4333.49037 81518.3792,0,0,0,factor_graph_prior_initial,sequence_factor_graph|prior|initial
1,2776,1,0.463813691,0.996523453 0.0460820425 0.0694078735 0.0730702364 -0.083228299 -0.993847972 -0.0400218453 0.995464462 -0.0863061777,-45820.8084 -4835.95228 84930.9387,0,0,0,factor_graph_prior_initial,sequence_factor_graph|prior|initial
1,2777,1,0.535969848,0.919929307 -0.391997338 -0.00825568801 0.0551671826 0.150253969 -0.987107049 0.388183786 0.907613261 0.159848418,-44124.7482 -4689.45885 82015.8615,0,0,0,factor_graph_prior_initial,sequence_factor_graph|prior|initial
1,2778,1,0.597926274,0.95301788 0.30269906 -0.0114104726 0.0621972446 -0.232410368 -0.970627077 -0.296459816 0.92431526 -0.240318284,-38024.8566 -4097.76831 73505.6686,0,0,0,factor_graph_prior_initial,sequence_factor_graph|prior|initial
1,2779,1,0.668812749,0.805150254 0.591898069 -0.0372792896 0.0726184041 -0.160776531 -0.984315739 -0.58860822 0.789814905 -0.172431958,-37669.8952 -4179.80957 73947.8302,0,0,0,factor_graph_prior_initial,sequence_factor_graph|prior|initial
1,2780,1,0.796085556,0.534463797 0.841356106 0.0804260665 0.0030861185 0.093213915 -0.995641322 -0.845185734 0.532382446 0.0472229383,-29658.5217 -3239.57086 59758.8234,0,0,0,factor_graph_prior_initial,sequence_factor_graph|prior|initial
1,2781,1,0.827365479,-0.555398028 0.822067726 0.125449927 0.110960133 0.222767348 -0.968536297 -0.824148578 -0.524003209 -0.21494129,-30543.0088 -3923.14506 77947.5098,0,0,0,factor_graph_prior_initial,sequence_factor_graph|prior|initial
1,2811,1,0.935176791,0.985531454 0.169123218 0.011184376 0.0439115457 -0.1910371 -0.980600124 -0.163705617 0.966903389 -0.195699533,-8717.04865 -6482.6088 114665.092,0,0,0,factor_graph_prior_initial,sequence_factor_graph|prior|initial
1,2814,1,0.796928804,-0.301985496 0.952995757 -0.0245733114 -0.0283403983 -0.0347399149 -0.998994475 -0.95289117 -0.300985425 0.0374992298,13698.8535 -2848.3479 73087.7457,0,0,0,factor_graph_prior_initial,sequence_factor_graph|prior|initial
1,2827,1,1,-0.998369904 -0.0289642826 0.0491793124 -0.0510672991 0.0685205182 -0.996341844 0.0254885347 -0.997229166 -0.0698879508,40476.2344 -4223.89936 99646.8048,0,0,0,factor_graph_prior_initial,sequence_factor_graph|prior|initial
1,2833,1,0.571276378,-0.945230045 0.318616736 0.0708769211 -0.154489795 -0.245427666 -0.957025686 -0.287529243 -0.915559193 0.281208638,125.090882 475.071907 2384.68647,0,0,0,factor_graph_prior_initial,sequence_factor_graph|prior|initial
1,2834,1,0.367879441,-0.952946339 0.293801272 -0.0746598166 0.0810496996 0.00961632183 -0.996663671 -0.292103102 -0.955818151 -0.0329763436,754.500747 -1994.24171 12911.0069,0,0,0,factor_graph_prior_initial,sequence_factor_graph|prior|initial
1,2835,1,0.460517986,-0.75516737 0.62562824 0.195733358 0.0860315139 0.390590994 -0.916535463 -0.649862156 -0.675298438 -0.348785318,4541.40663 -7157.73058 120778.77,0,0,0,factor_graph_prior_initial,sequence_factor_graph|prior|initial
1,2836,1,0.911505714,-0.157650467 0.985045016 0.0695172409 0.0905999158 0.084528757 -0.992293578 -0.983330049 -0.15013729 -0.102570994,1379.69482 -4377.51198 19891.798,0,0,0,factor_graph_prior_initial,sequence_factor_graph|prior|initial
1,2837,1,0.497675324,-0.122973932 0.991949725 -0.0302184498 0.039125435 -0.0255799329 -0.998906836 -0.991638348 -0.124021812 -0.0356647996,1698.70734 -4693.60065 22717.2928,0,0,0,factor_graph_prior_initial,sequence_factor_graph|prior|initial
1,2838,1,0.516115906,0.155935333 0.986406941 -0.0518219963 0.0421926984 -0.0590675267 -0.997361922 -0.986865719 0.153337454 -0.050829885,2015.37466 -4813.01212 25089.7961,0,0,0,factor_graph_prior_initial,sequence_factor_graph|prior|initial
1,2839,1,0.408039341,-0.113577658 0.993111618 0.0287998244 0.173613538 0.0483801005 -0.983624779 -0.978242534 -0.106717759 -0.17791252,2331.33912 -4702.16608 27391.5195,0,0,0,factor_graph_prior_initial,sequence_factor_graph|prior|initial
1,2840,1,0.367879441,0.934822139 0.349479399 -0.0630215703 0.0752418363 -0.368363735 -0.926631979 -0.347053648 0.86149423 -0.370650047,366.782904 676.101208 15565.4736,0,0,0,factor_graph_prior_initial,sequence_factor_graph|prior|initial
1,2841,1,0.367879441,0.965417061 0.225770826 -0.130374205 -0.0164849816 -0.446208914 -0.894776983 -0.260188671 0.865982182 -0.427055871,-45.080781 799.667716 9665.17735,0,0,0,factor_graph_prior_initial,sequence_factor_graph|prior|initial
1,2842,1,0.921251778,0.97115464 0.191352769 -0.142277138 -0.0402234532 -0.456659352 -0.888731855 -0.235033486 0.868818942 -0.435789979,15.209198 -220.158935 6472.14985,0,0,0,factor_graph_prior_initial,sequence_factor_graph|prior|initial
1,2844,1,0.999274959,0.968574403 0.215048408 -0.124971225 -0.0172452006 -0.443176894 -0.896268288 -0.248125428 0.870257676 -0.425541243,-369.967461 -1229.27737 6506.01578,0,0,0,factor_graph_prior_initial,sequence_factor_graph|prior|initial
1,2845,1,0.590751643,0.723505858 0.672837962 0.154364344 0.0726676895 0.148138222 -0.9862933 -0.686482834 0.72480628 0.0582852912,-193.863094 -2082.33738 15587.9383,0,0,0,factor_graph_prior_initial,sequence_factor_graph|prior|initial
1,2847,1,0.793720168,0.242373257 0.963067759 0.117284676 -0.053035966 0.133860844 -0.989579942 -0.968732363 0.233627408 0.0835215178,1999.58074 -3212.11386 57906.7345,0,0,0,factor_graph_prior_initial,sequence_factor_graph|prior|initial
1,2848,1,0.935761693,0.166470741 0.984615826 0.053095828 0.0961529018 0.0373809606 -0.994664407 -0.98134709 0.170687839 -0.0884508326,2283.13303 -3057.49655 57867.2104,0,0,0,factor_graph_prior_initial,sequence_factor_graph|prior|initial
1,2850,1,0.367879441,-0.169109153 0.985597301 -0.000233791695 -0.272377028 -0.0469625195 -0.961043847 -0.947213202 -0.162457631 0.276395855,1776.74568 -2528.42903 46975.0519,0,0,0,factor_graph_prior_initial,sequence_factor_graph|prior|initial
1,2851,1,0.583405332,-0.203501527 0.978696688 -0.027201481 -0.0638394992 -0.0409876986 -0.997118111 -0.976991119 -0.201178529 0.0708205657,1591.72988 -2762.46333 47698.0553,0,0,0,factor_graph_prior_initial,sequence_factor_graph|prior|initial
1,2852,1,0.657543676,-0.45128572 0.89229007 0.0126344591 -0.0186979037 0.00470028074 -0.999814131 -0.892183606 -0.451438078 0.0145627842,1598.10269 -3799.05081 57408.6075,0,0,0,factor_graph_prior_initial,sequence_factor_graph|prior|initial
1,2853,1,0.367879441,-0.176948831 0.980790686 -0.0820898366 -0.0201360157 -0.086996078 -0.996005132 -0.984014051 -0.174588982 0.035143071,1552.57571 -2814.8253 50346.9658,0,0,0,factor_graph_prior_initial,sequence_factor_graph|prior|initial
1,2854,1,0.888405984,-0.782456471 0.612538391 0.112065118 0.129470598 0.336061412 -0.932898757 -0.609097066 -0.715443532 -0.342259138,1514.37736 -4150.41256 61205.3986,0,0,0,factor_graph_prior_initial,sequence_factor_graph|prior|initial
1,2855,1,0.393477346,-0.940121116 0.321528831 -0.113099509 0.0315776569 -0.248234198 -0.968185227 -0.33937463 -0.913782794 0.223217084,2054.72302 -5251.59407 74030.5328,0,0,0,factor_graph_prior_initial,sequence_factor_graph|prior|initial
1,2856,1,0.697633922,-0.927804189 0.322387578 -0.187738212 0.102221953 -0.264282461 -0.959012749 -0.358789715 -0.908967013 0.212247286,2482.39136 -6134.11427 81719.5435,0,0,0,factor_graph_prior_initial,sequence_factor_graph|prior|initial
1,2857,1,0.721019132,-0.4790195 0.855368313 -0.197193733 -0.113277776 -0.28300189 -0.952406466 -0.87046451 -0.433883602 0.232457644,3483.06322 -5436.03277 84858.4671,0,0,0,factor_graph_prior_initial,sequence_factor_graph|prior|initial
1,2858,1,0.659260301,-0.869504512 0.485158216 0.0926466878 -0.0943736294 0.0209303034 -0.995316804 -0.484825248 -0.874175856 0.0275871484,3094.44714 -4791.25023 84214.5996,0,0,0,factor_graph_prior_initial,sequence_factor_graph|prior|initial
1,2859,1,0.863742026,-0.358756995 0.932826111 0.0335985962 0.054135267 0.0567271327 -0.996920962 -0.931859856 -0.3558335 -0.0708500462,2421.18835 -4357.45478 80957.7332,0,0,0,factor_graph_prior_initial,sequence_factor_graph|prior|initial
1,2860,1,0.556263647,0.389013471 0.916835906 0.0898912757 0.0595168922 0.0723608056 -0.995601152 -0.919307489 0.392652309 -0.0264178956,2562.49309 -4781.90756 78928.8177,0,0,0,factor_graph_prior_initial,sequence_factor_graph|prior|initial
1,2861,1,0.909531794,0.521155105 0.84922647 0.0849220793 0.0553922035 0.065636623 -0.996304942 -0.851662527 0.523933428 -0.0128336642,3085.46948 -5459.07688 85555.3818,0,0,0,factor_graph_prior_initial,sequence_factor_graph|prior|initial
1,2862,1,0.987794701,0.434457782 0.899217636 0.0515177632 0.231382735 -0.0561486522 -0.971241144 -0.870464512 0.433883594 -0.232457654,3665.22717 -6404.65069 95250.9079,0,0,0,factor_graph_prior_initial,sequence_factor_graph|prior|initial
1,2863,1,0.67679335,0.0704275667 0.996741148 0.0393324519 0.0214232742 0.0379098984 -0.999051492 -0.99728682 0.0712033955 -0.0186835571,2913.14363 -4406.42357 79766.8839,0,0,0,factor_graph_prior_initial,sequence_factor_graph|prior|initial
1,2864,1,0.525430999,-0.295889441 0.954921547 -0.0239640978 0.0126551758 -0.0211664265 -0.999695868 -0.955138359 -0.296102721 -0.00582177793,2912.50563 -4526.23367 75569.2749,0,0,0,factor_graph_prior_initial,sequence_factor_graph|prior|initial
1,2865,1,0.458308636,-0.29784134 0.951371618 0.0786293844 0.0966723598 0.112003588 -0.988994262 -0.949707845 -0.286962088 -0.125330638,2941.72168 -4512.41016 72558.5251,0,0,0,factor_graph_prior_initial,sequence_factor_graph|prior|initial
1,2866,1,0.382492362,-0.369447565 0.919000453 0.137646884 -0.0192864869 0.140511456 -0.989891187 -0.929051413 -0.368367614 -0.0341873251,3126.29318 -4634.71079 73969.9707,0,0,0,factor_graph_prior_initial,sequence_factor_graph|prior|initial
1,2867,1,0.376805974,-0.400985327 0.914679984 -0.0507079276 0.0165828393 -0.0480963705 -0.998705036 -0.915934374 -0.401306947 0.00411794763,2808.3353 -3897.30692 66079.6967,0,0,0,factor_graph_prior_initial,sequence_factor_graph|prior|initial
1,2868,1,0.394591015,-0.901695405 0.390193783 0.186263814 -0.00173607313 0.427524641 -0.904002029 -0.432368342 -0.815457843 -0.384819599,3257.58839 -4980.66902 79913.4369,0,0,0,factor_graph_prior_initial,sequence_factor_graph|prior|initial
1,2869,1,0.547534382,-0.863962884 0.451524143 0.2229217 -0.00633989151 0.432906748 -0.901416415 -0.503515582 -0.780203625 -0.371152748,3211.5674 -5033.97894 79935.8749,0,0,0,factor_graph_prior_initial,sequence_factor_graph|prior|initial
1,2870,1,0.901190572,-0.253828761 0.96652072 0.0375320917 0.072165712 0.0576184747 -0.995726981 -0.964553301 -0.250035616 -0.084374882,3409.95336 -3975.24333 71418.0374,0,0,0,factor_graph_prior_initial,sequence_factor_graph|prior|initial
1,2871,1,0.99071065,-0.223320683 0.973056739 0.0573450586 0.0348903532 0.0667729002 -0.997157983 -0.974120391 -0.220685213 -0.048862063,3405.71046 -3950.02556 66395.6146,0,0,0,factor_graph_prior_initial,sequence_factor_graph|prior|initial
1,2872,1,0.551056787,-0.23557268 0.970754006 -0.0462836025 0.0881155585 -0.0260932558 -0.995768442 -0.967853894 -0.238654146 -0.0793916732,3355.15761 -3766.50286 64516.922,0,0,0,factor_graph_prior_initial,sequence_factor_graph|prior|initial
1,2873,1,0.957038128,-0.121733813 0.992558654 -0.00286303194 0.0985785622 0.00921998879 -0.995086558 -0.987655378 -0.121417915 -0.0989673894,3151.2053 -3418.24675 58668.6859,0,0,0,factor_graph_prior_initial,sequence_factor_graph|prior|initial
1,2874,1,0.525723656,-0.416425054 0.90647052 0.0700097934 0.129719573 0.13545498 -0.982254947 -0.899868328 -0.399953929 -0.173993816,3345.3176 -3822.70455 65219.2383,0,0,0,factor_graph_prior_initial,sequence_factor_graph|prior|initial
1,2875,1,0.955398067,-0.288409673 0.957184477 -0.0248543238 0.103319476 0.00530449343 -0.994634078 -0.95191646 -0.289430025 -0.100425665,3463.06229 -3667.46068 64427.9327,0,0,0,factor_graph_prior_initial,sequence_factor_graph|prior|initial
1,2876,1,0.419802931,-0.69013149 0.71259023 -0.126228721 0.0629506946 -0.114652218 -0.991409138 -0.720940869 -0.692148852 0.0342670564,4155.12133 -4839.23769 78522.9187,0,0,0,factor_graph_prior_initial,sequence_factor_graph|prior|initial
1,2877,1,0.997771771,-0.035894599 0.999331626 -0.00691948754 -0.0108877375 -0.00731459213 -0.999913973 -0.99929627 -0.0358161736 0.0111430148,3132.64298 -3083.55117 60608.3527,0,0,0,factor_graph_prior_initial,sequence_factor_graph|prior|initial
1,2878,1,0.972054454,-0.149031546 0.987327557 0.05453341 0.0385225217 0.0609045 -0.997399948 -0.988081785 -0.146543291 -0.047111039,3287.32061 -3417.81139 59346.8285,0,0,0,factor_graph_prior_initial,sequence_factor_graph|prior|initial
1,2879,1,0.367879441,-0.51983448 0.854151424 -0.0140520055 0.0337923662 0.00412406577 -0.999420366 -0.853598377 -0.520008017 -0.0310076293,3811.77998 -4182.72686 69468.0099,0,0,0,factor_graph_prior_initial,sequence_factor_graph|prior|initial
1,2880,1,0.993699426,0.140144227 0.989140855 0.0442714765 0.0502624334 0.03754801 -0.998029977 -0.988854531 0.142093332 -0.0444544896,3565.17267 -3452.42691 61023.5291,0,0,0,factor_graph_prior_initial,sequence_factor_graph|prior|initial
1,2881,1,0.605640826,-0.13860638 0.99025193 -0.0137617965 0.0609467507 -0.00534046772 -0.998126732 -0.988470417 -0.13918547 -0.0596124146,3605.12233 -3346.0319 60273.2124,0,0,0,factor_graph_prior_initial,sequence_factor_graph|prior|initial
1,2882,1,0.963855982,-0.130611126 0.991319794 -0.0150265993 0.0354243137 -0.0104805057 -0.999317406 -0.990800611 -0.131054279 -0.0337479528,3439.13245 -3121.13023 55939.9376,0,0,0,factor_graph_prior_initial,sequence_factor_graph|prior|initial
1,2883,1,0.484564937,-0.0799074535 0.996233645 0.0336648667 0.030219369 0.0361784564 -0.998888337 -0.996344112 -0.0788012923 -0.0329964804,3224.73264 -2846.83251 51253.9902,0,0,0,factor_graph_prior_initial,sequence_factor_graph|prior|initial
1,2884,1,0.493887831,-0.169575541 0.983465537 0.0635584309 0.0762983349 0.0774000328 -0.994076355 -0.98255926 -0.163721634 -0.0881619353,3438.2863 -2856.17685 53858.9973,0,0,0,factor_graph_prior_initial,sequence_factor_graph|prior|initial
1,2885,1,0.425867801,-0.726613606 0.674373698 -0.131349845 0.0370741537 -0.152415877 -0.987620832 -0.686045315 -0.722488419 0.0857456162,4282.07254 -3883.17347 67885.3836,0,0,0,factor_graph_prior_initial,sequence_factor_graph|prior|initial
1,2886,1,0.504461898,-0.703713537 0.699534175 -0.124254561 0.0523631321 -0.123346776 -0.990981168 -0.708551593 -0.703873221 0.0501709959,4862.28609 -3961.14016 72682.6096,0,0,0,factor_graph_prior_initial,sequence_factor_graph|prior|initial
1,2887,1,0.924289161,-0.414175034 0.909351998 -0.0392171479 -0.0164031121 -0.0505365505 -0.9985875 -0.910049438 -0.412946728 0.0358471803,3571.91133 -2798.65575 59819.5,0,0,0,factor_graph_prior_initial,sequence_factor_graph|prior|initial
1,2888,1,0.490159393,-0.159524458 0.987179402 0.0053642391 0.137727922 0.0276363362 -0.990084467 -0.977539241 -0.157203882 -0.14037084,3748.21472 -2724.86925 56775.1274,0,0,0,factor_graph_prior_initial,sequence_factor_graph|prior|initial
1,2889,1,0.966941925,0.0232949922 0.999558893 -0.0184217751 0.0288650632 -0.0190915729 -0.999400981 -0.999311839 0.0227492923 -0.0292970686,3415.34448 -2408.39577 49740.8714,0,0,0,factor_graph_prior_initial,sequence_factor_graph|prior|initial
1,2890,1,0.90645638,-0.122716511 0.991877375 -0.0334653664 0.115451865 -0.0192236568 -0.99312704 -0.985703569 -0.125736724 -0.112155032,3491.35232 -2266.93058 50596.6225,0,0,0,factor_graph_prior_initial,sequence_factor_graph|prior|initial
1,2891,1,0.937968385,-0.137935786 0.990103926 0.0258444157 0.0414961989 0.0318480144 -0.998630948 -0.989571516 -0.136674499 -0.0454785304,3257.06458 -2094.67649 46584.6786,0,0,0,factor_graph_prior_initial,sequence_factor_graph|prior|initial
1,2892,1,1,-0.0350669967 0.996419944 -0.0769259414 0.0535741335 -0.0749883404 -0.995744225 -0.997947954 -0.039039 -0.0507527192,3187.35719 -1872.20681 46222.6295,0,0,0,factor_graph_prior_initial,sequence_factor_graph|prior|initial
1,2893,1,0.982579478,0.0379087062 0.998899431 -0.0276198734 0.0957841281 -0.0311447494 -0.994914773 -0.994680014 0.0350703863 -0.0968593682,3071.13361 -1901.87252 45836.5517,0,0,0,factor_graph_prior_initial,sequence_factor_graph|prior|initial
1,2894,1,0.986073768,-0.166863137 0.985540853 -0.0294265133 0.0713111155 -0.0177037582 -0.997296998 -0.983397894 -0.168510543 -0.067325913,3056.44512 -1812.22069 46680.645,0,0,0,factor_graph_prior_initial,sequence_factor_graph|prior|initial
1,2895,1,0.988220842,0.00147515409 0.997793009 0.0663847482 0.00730422665 0.0663722984 -0.997768193 -0.999972236 0.00195675108 -0.00719019692,2721.38906 -1705.4882 44918.8805,0,0,0,factor_graph_prior_initial,sequence_factor_graph|prior|initial
1,2896,1,1,0.0493588803 0.99764589 -0.0476064939 0.0823175465 -0.0515658664 -0.995271211 -0.995383103 0.0452066228 -0.0846689955,2527.9336 -1647.04621 44151.7372,0,0,0,factor_graph_prior_initial,sequence_factor_graph|prior|initial
1,2897,1,1,0.0018612689 0.999551694 -0.0298822165 -0.030721731 -0.0298110071 -0.999083319 -0.999526243 0.00277759613 0.030652472,2264.31251 -1529.09768 42849.4186,0,0,0,factor_graph_prior_initial,sequence_factor_graph|prior|initial
1,2898,1,0.483617634,0.0130864226 0.995409903 0.0948043843 0.0144586917 0.0946142142 -0.99540901 -0.999809828 0.0143970903 -0.0131541633,2051.20015 -1693.10403 43311.8439,0,0,0,factor_graph_prior_initial,sequence_factor_graph|prior|initial
1,2899,1,0.977854682,0.0454746741 0.99890793 -0.0107238821 0.018765999 -0.0115873054 -0.999756756 -0.998789213 0.0452623683 -0.0192724341,1597.60141 -1471.72678 41866.1499,0,0,0,factor_graph_prior_initial,sequence_factor_graph|prior|initial
1,2900,1,0.925114923,-0.11529138 0.992360652 -0.0439116612 0.109418373 -0.0312501654 -0.993504427 -0.987286948 -0.119347239 -0.104979614,1196.15591 -1776.76487 45650.2228,0,0,0,factor_graph_prior_initial,sequence_factor_graph|prior|initial
1,2901,1,0.999782699,-0.13939579 0.989691559 0.0328546944 0.100257969 0.0471136937 -0.99384538 -0.98514829 -0.135243917 -0.105791916,579.686344 -1877.09594 47706.1157,0,0,0,factor_graph_prior_initial,sequence_factor_graph|prior|initial
1,2902,1,0.770760394,-0.0327545875 0.999445716 -0.0059496029 0.0632671014 -0.00386749494 -0.997989136 -0.997458977 -0.0330651367 -0.0631053552,-162.989944 -1367.55812 40863.1744,0,0,0,factor_graph_prior_initial,sequence_factor_graph|prior|initial
1,2903,1,0.974091142,-0.0388789652 0.994895435 0.0931208871 0.0435189094 0.0947888054 -0.994545719 -0.998295813 -0.034614389 -0.0469820549,-845.717311 -1453.50146 38773.7007,0,0,0,factor_graph_prior_initial,sequence_factor_graph|prior|initial
1,2904,1,1,-0.00491768726 0.998948039 0.0455920124 0.0846290403 0.0458447491 -0.995357315 -0.996400392 -0.00103644773 -0.084765464,-2227.30541 -1400.6151 39711.7805,0,0,0,factor_graph_prior_initial,sequence_factor_graph|prior|initial
1,2905,1,0.966650353,-0.128180503 0.991117666 0.0354334786 0.0969868952 0.0480841812 -0.99412346 -0.986997113 -0.123990662 -0.10228888,-3554.56781 -1689.97741 42818.9735,0,0,0,factor_graph_prior_initial,sequence_factor_graph|prior|initial
1,2906,1,0.97258713,0.0404721862 0.996773585 -0.0693139418 0.0577419054 -0.0715880706 -0.995761528 -0.997510839 0.0362983268 -0.0604529318,-4885.5319 -1366.45722 39451.3283,0,0,0,factor_graph_prior_initial,sequence_factor_graph|prior|initial
1,2907,1,0.594273727,-0.0207493792 0.999478003 -0.0247625822 0.0820113847 -0.0229829156 -0.996366358 -0.996415373 -0.022704797 -0.0814916937,-6365.50379 -1419.86585 41546.4935,0,0,0,factor_graph_prior_initial,sequence_factor_graph|prior|initial
1,2908,1,0.560851088,-0.692459282 0.712174004 0.115361736 -0.00194770776 0.158055113 -0.987428371 -0.721454329 -0.683978632 -0.108059623,-9709.52797 -2130.43213 53018.3945,0,0,0,factor_graph_prior_initial,sequence_factor_graph|prior|initial
1,2909,1,0.872717319,-0.701017138 0.712872462 0.0196932907 0.0743575677 0.100529426 -0.992151595 -0.709257305 -0.694050926 -0.123480313,-10997.9525 -2220.11471 54182.8156,0,0,0,factor_graph_prior_initial,sequence_factor_graph|prior|initial
1,2910,1,0.933353593,0.436076021 0.899875786 0.0078277403 0.0228972435 -0.00239952376 -0.999734944 -0.899618486 0.43613967 -0.0216510498,-9239.93969 -1608.10053 46998.4436,0,0,0,factor_graph_prior_initial,sequence_factor_graph|prior|initial
1,2911,1,0.868284895,-0.170216237 0.978951951 -0.112603332 0.0654394778 -0.102788889 -0.992548296 -0.983231462 -0.176316539 -0.0465657667,-9668.97583 -1713.45258 45543.7889,0,0,0,factor_graph_prior_initial,sequence_factor_graph|prior|initial
1,2912,1,0.905778135,0.483189464 0.854160111 -0.192193775 0.154342365 -0.299185117 -0.941629811 -0.86180414 0.425321962 -0.276396188,-11096.3516 -1775.13969 49415.6265,0,0,0,factor_graph_prior_initial,sequence_factor_graph|prior|initial
1,2913,1,0.570341409,0.76218983 0.636783055 -0.116507528 0.0246326442 -0.208373501 -0.977739084 -0.646884763 0.742352898 -0.174505813,-11082.7217 -1666.49055 47653.3661,0,0,0,factor_graph_prior_initial,sequence_factor_graph|prior|initial
1,2914,1,0.627936521,0.529173498 0.84099631 -0.11269701 0.137411951 -0.216001181 -0.96667546 -0.837313182 0.496053119 -0.229865044,-10029.2273 -1528.33521 42241.4627,0,0,0,factor_graph_prior_initial,sequence_factor_graph|prior|initial
1,2915,1,0.605211776,0.99477023 0.0934598011 -0.0412001949 -0.0223852913 -0.194073884 -0.980731475 -0.0996548504 0.976524753 -0.190966797,-11929.5206 -1905.599 49916.626,0,0,0,factor_graph_prior_initial,sequence_factor_graph|prior|initial
1,2916,1,0.913132619,0.805697312 0.575229663 -0.141289337 0.0195502824 -0.264227634 -0.964262176 -0.592004754 0.774141196 -0.224133397,-12269.6724 -1847.5647 49878.8834,0,0,0,factor_graph_prior_initial,sequence_factor_graph|prior|initial
1,2917,1,0.584340252,0.782234831 0.622652841 0.0203004454 0.11153528 -0.107912937 -0.98788394 -0.612918061 0.775021443 -0.153861017,-11889.4386 -1788.76162 48284.214,0,0,0,factor_graph_prior_initial,sequence_factor_graph|prior|initial
1,2918,1,0.99694974,0.775372892 0.629355969 -0.0520378969 0.108731654 -0.214221401 -0.970714489 -0.622072588 0.747007534 -0.234532383,-11653.3833 -1771.75069 47062.6144,0,0,0,factor_graph_prior_initial,sequence_factor_graph|prior|initial
1,2919,1,0.970691697,0.787367176 0.612074202 -0.0736077522 0.131545042 -0.283455435 -0.94992048 -0.602286337 0.738253471 -0.303698832,-12397.769 -2079.70428 49666.0767,0,0,0,factor_graph_prior_initial,sequence_factor_graph|prior|initial
1,2920,1,0.977927918,0.828797106 0.556477414 0.0585512105 0.00546344259 0.0965870171 -0.995309549 -0.559522571 0.825229565 0.0770107579,-12315.321 -1948.68159 48439.4188,0,0,0,factor_graph_prior_initial,sequence_factor_graph|prior|initial
1,2921,1,0.543341315,0.986563745 0.13578873 0.0908482108 0.0926301993 -0.00684976238 -0.995677019 -0.13457943 0.990714137 -0.0193358644,-12820.8418 -2104.87413 48576.5266,0,0,0,factor_graph_prior_initial,sequence_factor_graph|prior|initial
1,2922,1,0.979626905,0.599386104 0.796021878 0.0841752272 0.0468181599 0.0701153795 -0.996439609 -0.799089706 0.601192984 0.00475790461,-12080.6141 -1957.53121 44473.5069,0,0,0,factor_graph_prior_initial,sequence_factor_graph|prior|initial
1,2923,1,0.534354592,0.508513277 0.86027284 0.0366727084 0.0700251965 0.00113210528 -0.997544581 -0.858202027 0.509832677 -0.0596650841,-11048.6822 -1675.46034 38955.7571,0,0,0,factor_graph_prior_initial,sequence_factor_graph|prior|initial
1,2924,1,0.573503732,0.353943627 0.932525166 0.0715592355 -0.00661115232 0.0790048005 -0.996852313 -0.935243392 0.352356435 0.0341283116,-10117.6615 -1423.71655 34316.2422,0,0,0,factor_graph_prior_initial,sequence_factor_graph|prior|initial
1,2925,1,0.574181004,0.832389115 0.537940004 0.133225051 0.0205468847 0.210273828 -0.977426592 -0.553810606 0.816336615 0.163976655,-13467.4063 -2176.4884 45605.9608,0,0,0,factor_graph_prior_initial,sequence_factor_graph|prior|initial
1,2926,1,0.633431644,0.963673806 0.265271324 0.0310470584 0.0106977762 0.0778145562 -0.996910454 -0.266867669 0.961028626 0.0721500363,-15941.6552 -2423.36226 51140.2969,0,0,0,factor_graph_prior_initial,sequence_factor_graph|prior|initial
1,2927,1,0.867216555,0.974232903 0.211966774 0.0770735883 0.0616673275 0.0783664125 -0.9950155 -0.216950206 0.974129761 0.0632757131,-16766.2144 -2548.73133 52210.4797,0,0,0,factor_graph_prior_initial,sequence_factor_graph|prior|initial
1,2928,1,0.57196148,0.793400635 0.592205452 0.140741373 0.14818831 0.036340041 -0.988291266 -0.590386023 0.804967145 -0.0589257137,-16176.3134 -2456.34341 50907.6805,0,0,0,factor_graph_prior_initial,sequence_factor_graph|prior|initial
1,2929,1,0.690157527,0.696629295 0.717312051 -0.0130784891 0.0555760451 -0.0721304725 -0.99584562 -0.715275422 0.693008381 -0.0901135671,-14586.6785 -2154.4323 47479.0039,0,0,0,factor_graph_prior_initial,sequence_factor_graph|prior|initial
1,2932,1,0.563066284,0.996321605 -0.00651726527 0.085444624 0.0845208077 0.23908335 -0.967313488 -0.0141241483 0.970977176 0.238754752,-15814.5599 -2985.20446 61960.8383,0,0,0,factor_graph_prior_initial,sequence_factor_graph|prior|initial
1,2933,1,0.987769247,0.987194368 0.154039042 0.041463877 0.0758336208 -0.224484891 -0.971522411 -0.140344367 0.962225809 -0.233291559,-13742.3077 -3078.55535 61365.509,0,0,0,factor_graph_prior_initial,sequence_factor_graph|prior|initial
1,2934,1,1,0.954889545 0.288206931 0.0715731975 0.138128848 -0.217706201 -0.966190681 -0.262880922 0.932491702 -0.247695067,-12946.7421 -3272.6922 63921.6194,0,0,0,factor_graph_prior_initial,sequence_factor_graph|prior|initial
1,2935,1,0.592504929,0.997692617 -0.0261812556 0.0626417173 0.066793612 0.21314752 -0.974734194 0.0121678384 0.976669175 0.214404448,-12238.3413 -3496.28091 68949.5544,0,0,0,factor_graph_prior_initial,sequence_factor_graph|prior|initial
1,2936,1,0.663314517,0.993409859 0.0130629291 0.11386928 0.109061134 0.197806713 -0.974155108 -0.035249427 0.980154 0.195078481,-11351.6426 -3729.63905 72398.4985,0,0,0,factor_graph_prior_initial,sequence_factor_graph|prior|initial
1,2937,1,0.865689015,0.857868 0.501555724 0.111822851 0.110566371 0.0323533006 -0.993342006 -0.501834207 0.864520167 -0.027700335,-8652.43053 -2944.41605 64822.464,0,0,0,factor_graph_prior_initial,sequence_factor_graph|prior|initial
1,2938,1,0.625994092,0.579625624 0.808818176 -0.0992335389 -0.00144854941 -0.120753565 -0.992681459 -0.81488161 0.575527354 -0.0688202471,-6897.77613 -2667.42229 58794.651,0,0,0,factor_graph_prior_initial,sequence_factor_graph|prior|initial
1,2939,1,0.61429898,0.57418039 0.810043707 0.118937265 0.134657968 0.0498575048 -0.989637035 -0.807579167 0.584246029 -0.0804516376,-5593.96935 -2478.83439 53746.1586,0,0,0,factor_graph_prior_initial,sequence_factor_graph|prior|initial
1,2940,1,0.602030499,0.396818878 0.904806255 0.154468179 -0.0115177061 0.173179879 -0.984822863 -0.917824668 0.389017185 0.0791423377,-4293.08605 -2083.70328 48658.741,0,0,0,factor_graph_prior_initial,sequence_factor_graph|prior|initial
1,2941,1,0.741854468,0.458987052 0.88387937 -0.089934119 0.0177958945 -0.110352841 -0.993733142 -0.888264709 0.454510187 -0.0663799492,-3753.80135 -2312.04176 50998.7793,0,0,0,factor_graph_prior_initial,sequence_factor_graph|prior|initial
1,2942,1,0.786562164,0.795483532 0.60332928 -0.0565661619 0.138785406 -0.272258779 -0.95216268 -0.589868258 0.749579174 -0.300310674,-3728.21736 -3051.91278 63558.4984,0,0,0,factor_graph_prior_initial,sequence_factor_graph|prior|initial
1,2943,1,0.94783676,0.905184496 0.412610794 -0.101947836 0.0407840099 -0.323083727 -0.945491179 -0.423057553 0.851686115 -0.309278303,-3315.71436 -3476.43089 71670.0363,0,0,0,factor_graph_prior_initial,sequence_factor_graph|prior|initial
1,2944,1,0.472430383,0.999806103 0.0196252133 -0.00161496149 -0.00689239832 0.271946305 -0.962287744 -0.0184459194 0.96211229 0.27202884,-3078.31502 -3890.70654 77373.7869,0,0,0,factor_graph_prior_initial,sequence_factor_graph|prior|initial
1,2945,1,0.935466058,0.966016779 0.256273474 0.0336970241 0.0399550603 -0.0192504969 -0.999016022 -0.255372622 0.966412606 -0.0288357251,-2123.15702 -3342.00978 74029.9072,0,0,0,factor_graph_prior_initial,sequence_factor_graph|prior|initial
1,2946,1,0.980375192,0.553014158 0.82512341 -0.115527918 0.0891217273 -0.196447545 -0.976455672 -0.82839161 0.529697763 -0.182174697,-1393.27133 -3289.13021 74232.0099,0,0,0,factor_graph_prior_initial,sequence_factor_graph|prior|initial
1,2947,1,0.745162736,-0.696251513 0.699042199 -0.16301483 -0.00382187827 -0.230711147 -0.973014779 -0.717787729 -0.67683999 0.163304639,-1214.84149 -3503.94154 75243.2022,0,0,0,factor_graph_prior_initial,sequence_factor_graph|prior|initial
1,2948,1,0.980062233,-0.803199508 0.585858213 -0.107892094 0.0439957675 -0.122281754 -0.991519816 -0.594083262 -0.801135024 0.0724413631,-823.653638 -3803.93481 81566.6046,0,0,0,factor_graph_prior_initial,sequence_factor_graph|prior|initial
1,2949,1,0.468928365,-0.253554849 0.966107956 -0.0484288715 0.0433270985 -0.0386720106 -0.998312195 -0.966350196 -0.255225181 -0.0320531788,407.035768 -2496.41037 67490.6082,0,0,0,factor_graph_prior_initial,sequence_factor_graph|prior|initial
1,2950,1,0.667509226,-0.754400834 0.643285715 -0.130624923 0.0185395827 -0.178037422 -0.983849054 -0.656152166 -0.744638278 0.122385331,976.335168 -3351.33648 76639.7858,0,0,0,factor_graph_prior_initial,sequence_factor_graph|prior|initial
1,2951,1,0.687193758,-0.712818693 0.670406596 -0.206020646 0.0398612329 -0.25454875 -0.966238074 -0.700214677 -0.696964798 0.154723873,1562.28244 -3369.25054 75033.7677,0,0,0,factor_graph_prior_initial,sequence_factor_graph|prior|initial
1,2952,1,0.965775495,-0.31508753 0.948914181 -0.0167846756 0.0249997829 -0.0093807967 -0.999643442 -0.948733292 -0.315394797 -0.0207668765,1607.73849 -2823.48347 66289.0778,0,0,0,factor_graph_prior_initial,sequence_factor_graph|prior|initial
1,2953,1,0.367879441,-0.0146888594 0.996428822 0.0831495103 0.00844266734 0.0832791146 -0.996490497 -0.999856469 -0.0139353051 -0.00963579227,1598.64569 -2280.99394 56104.1183,0,0,0,factor_graph_prior_initial,sequence_factor_graph|prior|initial
1,2954,1,0.485989597,-0.289738868 0.956907937 -0.0194573499 0.0769929891 0.00303932927 -0.997027002 -0.954003914 -0.290375555 -0.0745558142,2244.50302 -2878.82996 64527.0081,0,0,0,factor_graph_prior_initial,sequence_factor_graph|prior|initial
1,2955,1,0.501346279,-0.254484743 0.964818378 -0.0660531067 0.0892360665 -0.0445829296 -0.995012204 -0.962950902 -0.259109745 -0.0747509215,2572.64519 -2931.35786 66154.3655,0,0,0,factor_graph_prior_initial,sequence_factor_graph|prior|initial
1,2956,1,0.955461722,-0.261028926 0.962087178 0.0790706108 0.11365523 0.111970167 -0.987190544 -0.958616914 -0.248698499 -0.138573692,2756.09422 -3107.08976 67884.3155,0,0,0,factor_graph_prior_initial,sequence_factor_graph|prior|initial
1,2957,1,1,-0.391436831 0.91738021 0.0720469159 0.0349684223 0.0930670768 -0.995045591 -0.919540329 -0.386978126 -0.0685092202,3185.73761 -3387.40253 74637.3825,0,0,0,factor_graph_prior_initial,sequence_factor_graph|prior|initial
1,2958,1,0.975328293,-0.0217737347 0.998328526 -0.0535355858 0.0122710335 -0.053277381 -0.998504353 -0.999687614 -0.0223981058 -0.0110904753,2932.99913 -2788.37228 67819.5648,0,0,0,factor_graph_prior_initial,sequence_factor_graph|prior|initial
1,2959,1,0.699945979,-0.314772803 0.937865073 -0.146038306 0.0403119762 -0.14051111 -0.989258092 -0.948310617 -0.317278635 0.00642188128,3320.14537 -3249.68004 69419.0598,0,0,0,factor_graph_prior_initial,sequence_factor_graph|prior|initial
1,2960,1,1,-0.405897153 0.913404901 -0.0306429202 0.0574877176 -0.00794518799 -0.998314598 -0.91210891 -0.406974645 -0.0492846338,3996.5868 -3917.91129 80130.6381,0,0,0,factor_graph_prior_initial,sequence_factor_graph|prior|initial
1,2961,1,0.452852388,-0.417259004 0.88863676 0.190314562 0.0369874018 0.225848138 -0.973460092 -0.908034612 -0.399145747 -0.127105534,4325.81758 -4084.25903 81418.5486,0,0,0,factor_graph_prior_initial,sequence_factor_graph|prior|initial
1,2962,1,0.466831001,-0.280253595 0.958818748 0.0460926344 0.058346942 0.0649430151 -0.99618173 -0.958151114 -0.276494147 -0.0741446553,4225.00086 -3569.20862 78571.9147,0,0,0,factor_graph_prior_initial,sequence_factor_graph|prior|initial
1,2963,1,0.967818575,-0.290183634 0.956430949 -0.0321449448 0.0451260175 -0.0198770332 -0.998783533 -0.955906429 -0.291281209 -0.03739193,4566.33425 -3727.23269 79329.4144,0,0,0,factor_graph_prior_initial,sequence_factor_graph|prior|initial
1,2964,1,0.949461898,-0.299385497 0.953576005 -0.0325749333 0.0681259028 -0.0126898292 -0.997596025 -0.951697003 -0.300884979 -0.0611640754,4215.54852 -3356.21905 75614.9368,0,0,0,factor_graph_prior_initial,sequence_factor_graph|prior|initial
1,2965,1,0.813164498,-0.237103481 0.971440848 0.00919884444 -0.0112679334 0.00671825425 -0.999913946 -0.971419051 -0.237186729 0.00935320932,3945.62387 -3580.17302 75620.491,0,0,0,factor_graph_prior_initial,sequence_factor_graph|prior|initial
1,2966,1,0.745009925,-0.881916715 0.470531856 0.0286824082 0.00901261044 0.0776631387 -0.99693892 -0.471319086 -0.878958594 -0.0727331405,4248.9996 -4439.52942 91052.8793,0,0,0,factor_graph_prior_initial,sequence_factor_graph|prior|initial
1,2967,1,0.457716863,-0.730217566 0.677102457 -0.0911842581 0.00577509455 -0.127341601 -0.991842107 -0.683190277 -0.724787127 0.0890767435,3850.33345 -4508.3065 95244.5831,0,0,0,factor_graph_prior_initial,sequence_factor_graph|prior|initial
1,2968,1,1,-0.933108488 0.341576868 -0.112400149 0.0377767737 -0.217729992 -0.975277687 -0.357605181 -0.914286002 0.190262032,3583.25744 -5436.43379 103711.899,0,0,0,factor_graph_prior_initial,sequence_factor_graph|prior|initial
1,2969,1,0.461570792,-0.0198884866 0.99964969 -0.0174626764 0.0266448285 -0.0169299783 -0.99950159 -0.999447098 -0.020343864 -0.0262987829,1335.23965 -3132.21693 87365.799,0,0,0,factor_graph_prior_initial,sequence_factor_graph|prior|initial
1,2970,1,0.833328487,-0.140845503 0.987476394 0.0710838638 0.0575379948 0.0798426718 -0.99514548 -0.988358196 -0.136071743 -0.068062893,224.198267 -4034.60693 76590.0574,0,0,0,factor_graph_prior_initial,sequence_factor_graph|prior|initial
1,2971,1,0.717006686,0.147883785 0.987651337 0.0517225438 -0.052880953 0.0601191145 -0.996789495 -0.987589991 0.144673866 0.0611185862,-1256.94954 -4378.61443 72244.0414,0,0,0,factor_graph_prior_initial,sequence_factor_graph|prior|initial
1,2972,1,0.791711084,-0.614266437 0.785355035 0.0767737773 -0.0099022306 0.089613609 -0.99592738 -0.789036558 -0.612524996 -0.0472698657,-4236.66382 -5437.63638 86608.8257,0,0,0,factor_graph_prior_initial,sequence_factor_graph|prior|initial
1,2973,1,0.439044474,-0.550617811 0.830438742 0.0848028351 -0.0884776706 0.0429583494 -0.995151386 -0.830055256 -0.555451236 0.0498216532,-7178.0653 -5732.63311 90281.6315,0,0,0,factor_graph_prior_initial,sequence_factor_graph|prior|initial
1,2974,1,0.602852984,-0.827125119 0.555675139 0.0841972527 -0.0225567393 0.116869465 -0.992891092 -0.561564984 -0.823144378 -0.0841314512,-10144.6629 -5379.51899 97092.4911,0,0,0,factor_graph_prior_initial,sequence_factor_graph|prior|initial
1,2975,1,1,0.0618238789 0.996572455 -0.0549649825 0.112849198 -0.0616967307 -0.991694798 -0.991686879 0.0551076649 -0.116276733,-9472.085 -3709.31578 81339.1953,0,0,0,factor_graph_prior_initial,sequence_factor_graph|prior|initial
1,2976,1,0.768997676,0.0252804714 0.998406834 -0.0504449394 -0.00967900637 -0.0502142454 -0.998691567 -0.99963354 0.0257356505 0.00839414631,-10330.184 -3325.2871 69753.1204,0,0,0,factor_graph_prior_initial,sequence_factor_graph|prior|initial
1,2977,1,0.76796878,0.110516258 0.990123111 -0.0862692391 -0.0506607966 -0.0810760279 -0.995419591 -0.992582309 0.114380517 0.0412002063,-11923.6622 -3350.58451 66206.1691,0,0,0,factor_graph_prior_initial,sequence_factor_graph|prior|initial
1,2978,1,0.471766281,0.0743082753 0.987522448 -0.138844139 -0.00929119691 -0.138537436 -0.990313613 -0.997192035 0.0748785248 -0.00111921245,-13056.5929 -3243.15739 62603.6606,0,0,0,factor_graph_prior_initial,sequence_factor_graph|prior|initial
1,2979,1,0.994619445,0.519681942 0.853213458 -0.0442433523 -0.0231255906 -0.0377186693 -0.999020775 -0.85404677 0.52019621 0.000129353786,-18114.7499 -3985.24833 75268.6539,0,0,0,factor_graph_prior_initial,sequence_factor_graph|prior|initial
1,2980,1,0.990237548,0.536229304 0.844066441 0.00315871285 0.0870395808 -0.0515725613 -0.994869028 -0.839572656 0.533752859 -0.101121908,-21059.494 -4090.16657 75843.2846,0,0,0,factor_graph_prior_initial,sequence_factor_graph|prior|initial
1,2981,1,0.641967466,0.470551039 0.882366586 -0.00330569694 0.00860283606 -0.00833387549 -0.999928266 -0.88233084 0.470488847 -0.0115123689,-20606.4625 -3475.5075 68725.4486,0,0,0,factor_graph_prior_initial,sequence_factor_graph|prior|initial
1,2982,1,0.553683605,0.0473163659 0.998559651 -0.0252939753 0.0243858241 -0.0264695623 -0.999352137 -0.998582242 0.046668897 -0.0256031435,-21446.1689 -3664.72745 65504.4861,0,0,0,factor_graph_prior_initial,sequence_factor_graph|prior|initial
1,2983,1,0.932961416,0.01925787 0.996086607 -0.0862589468 -0.0960071388 -0.0840339229 -0.991827066 -0.995194335 0.0273819514 0.0940131108,-23589.6072 -3999.77231 68607.3608,0,0,0,factor_graph_prior_initial,sequence_factor_graph|prior|initial
1,2984,1,0.973958173,0.253375261 0.9657761 0.0554752361 0.010670227 0.0545529057 -0.998453868 -0.967309218 0.253575443 0.00351730652,-20197.4144 -3070.57714 57338.8901,0,0,0,factor_graph_prior_initial,sequence_factor_graph|prior|initial
1,2985,1,0.501133817,-0.511457196 0.768072425 0.385326207 -0.0178901118 0.438799393 -0.898406944 -0.859122506 -0.466390226 -0.210686206,-25407.1045 -4135.47325 78216.2933,0,0,0,factor_graph_prior_initial,sequence_factor_graph|prior|initial
1,2986,1,0.776140521,-0.777701585 0.581168836 0.239631028 0.000908010491 0.382231569 -0.924066125 -0.628632978 -0.718430102 -0.297789805,-28643.5127 -4782.45831 82352.9205,0,0,0,factor_graph_prior_initial,sequence_factor_graph|prior|initial
1,2987,1,0.904632727,-0.501090471 0.833836144 0.231572073 0.000790549021 0.268032162 -0.96340964 -0.865394543 -0.482572321 -0.134967551,-27214.2715 -4675.1461 82235.7559,0,0,0,factor_graph_prior_initial,sequence_factor_graph|prior|initial
1,2988,1,0.846706151,0.0972678496 0.994249716 -0.0447936089 -0.0357851003 -0.0414841401 -0.998498119 -0.994614695 0.0987247086 0.0315442527,-17205.5588 -2976.82905 63969.5435,0,0,0,factor_graph_prior_initial,sequence_factor_graph|prior|initial
1,2989,1,0.555300345,-0.850129404 0.526506952 0.00839196333 -0.0534984943 -0.0705054544 -0.996075746 -0.523849126 -0.847242238 0.0881060891,-18115.8638 -3934.88979 75633.934,0,0,0,factor_graph_prior_initial,sequence_factor_graph|prior|initial
1,2990,1,0.979962604,-0.829711352 0.557174121 -0.0337056617 0.0180992015 -0.0334978024 -0.999274895 -0.557899177 -0.82971977 0.0177091002,-14101.3927 -3822.2127 75813.1561,0,0,0,factor_graph_prior_initial,sequence_factor_graph|prior|initial
1,2991,1,0.600037362,-0.733826823 0.672177673 -0.0983634536 -0.0418169253 -0.189213906 -0.981045077 -0.67804833 -0.715803935 0.166958643,-12696.6734 -4103.74928 80011.9476,0,0,0,factor_graph_prior_initial,sequence_factor_graph|prior|initial
1,2993,1,0.61660362,0.769305741 0.6224398 0.144004766 0.139433873 0.0563899637 -0.988624482 -0.623479649 0.780633632 -0.0434080694,-5147.07041 -4026.04342 83887.6266,0,0,0,factor_graph_prior_initial,sequence_factor_graph|prior|initial
1,2994,1,0.98873376,0.800079223 0.586861474 0.124365775 0.0753520717 0.107357098 -0.991360943 -0.595143093 0.802538512 0.0416729554,-4467.77773 -3522.61353 79725.4257,0,0,0,factor_graph_prior_initial,sequence_factor_graph|prior|initial
1,2995,1,0.57373831,0.574061371 0.80594609 0.144583685 0.0169686922 0.164829756 -0.986176057 -0.818636431 0.568578976 0.0809465449,-3864.22968 -3623.46482 77996.4066,0,0,0,factor_graph_prior_initial,sequence_factor_graph|prior|initial
1,2996,1,0.987870418,0.599926937 0.791157054 0.118988175 0.075524816 0.0920578865 -0.992885365 -0.796482061 0.604645235 -0.00452398514,-3415.92073 -3686.55372 79910.0113,0,0,0,factor_graph_prior_initial,sequence_factor_graph|prior|initial
1,2997,1,0.762636739,0.957091632 0.269250997 0.107142471 0.0902409456 0.0744217484 -0.993135426 -0.275376434 0.960190244 0.0469309681,-2972.64886 -3923.35558 84842.8726,0,0,0,factor_graph_prior_initial,sequence_factor_graph|prior|initial
1,2998,1,0.618424917,0.967019816 0.244738403 0.07053928 0.0462922348 0.103454307 -0.993556357 -0.250458988 0.964054107 0.0887128769,-1599.38931 -4038.29288 87261.4365,0,0,0,factor_graph_prior_initial,sequence_factor_graph|prior|initial
1,2999,1,0.629557699,0.576253315 0.810973989 0.101258607 0.0352437501 0.0991244692 -0.994450712 -0.816510866 0.576624252 0.0285390394,-677.887857 -4078.14598 85357.6279,0,0,0,factor_graph_prior_initial,sequence_factor_graph|prior|initial
1,3000,1,0.970147028,0.497915561 0.856014785 0.138992023 0.0645570812 0.123241223 -0.990274701 -0.864819332 0.502046103 0.0061019065,593.458652 -3863.12938 84212.0895,0,0,0,factor_graph_prior_initial,sequence_factor_graph|prior|initial
1,3001,1,0.580754899,0.60118837 0.77835163 0.180945531 0.0591324378 0.182482454 -0.981429319 -0.796916494 0.600723643 0.0636804995,1531.96394 -4546.95892 93406.0898,0,0,0,factor_graph_prior_initial,sequence_factor_graph|prior|initial
1,3002,1,0.920181886,0.648642838 0.757613179 0.0726962211 0.092242793 0.0165567997 -0.995598885 -0.755482453 0.652493788 -0.0591449061,1649.08504 -3579.62418 85362.6862,0,0,0,factor_graph_prior_initial,sequence_factor_graph|prior|initial
1,3004,1,0.63615939,-0.350355034 0.935114502 -0.0530303497 0.0865554962 -0.024051361 -0.995956665 -0.932608973 -0.353528499 -0.0725127843,2993.13784 -3706.48241 81391.2354,0,0,0,factor_graph_prior_initial,sequence_factor_graph|prior|initial
1,3005,1,0.472585925,-0.281351 0.956367145 -0.0787622905 0.00366610305 -0.0810059765 -0.996706873 -0.959597923 -0.280713226 0.019284972,2935.86636 -3238.29031 73354.7516,0,0,0,factor_graph_prior_initial,sequence_factor_graph|prior|initial
1,3006,1,0.575209426,-0.323735855 0.946022078 0.0154053245 -0.00902509499 0.0131937822 -0.999872228 -0.946104457 -0.323833525 0.00426663875,3291.25071 -3337.79836 72692.5354,0,0,0,factor_graph_prior_initial,sequence_factor_graph|prior|initial
1,3007,1,0.511778458,0.446301875 0.890093628 0.0924552243 0.103665752 0.0511957085 -0.993293719 -0.888857721 0.45289329 -0.0694234848,3892.09819 -3258.99982 75283.7601,0,0,0,factor_graph_prior_initial,sequence_factor_graph|prior|initial
1,3008,1,1,0.631691867 0.748495635 0.201791155 0.0801885936 0.195816012 -0.977356577 -0.771061071 0.63356955 0.0636745699,4708.45127 -4429.8172 92491.4093,0,0,0,factor_graph_prior_initial,sequence_factor_graph|prior|initial
1,3009,1,0.668252563,0.25026062 0.967703788 0.0303150322 0.11831254 0.000509596216 -0.992976275 -0.960922351 0.252089506 -0.114363961,4206.81906 -3839.59198 84043.9377,0,0,0,factor_graph_prior_initial,sequence_factor_graph|prior|initial
1,3010,1,0.45739154,-0.00730165401 0.994359129 0.105814024 -0.00808786949 0.105754658 -0.994359361 -0.999940634 -0.00811627803 0.00727006294,3367.11478 -3531.37732 77291.5192,0,0,0,factor_graph_prior_initial,sequence_factor_graph|prior|initial
1,3011,1,0.504293782,0.0812336642 0.99668916 0.00343655964 -0.0105112192 0.00430445415 -0.999935491 -0.996639657 0.0811923014 0.0108260848,3120.34774 -3612.27632 79754.2725,0,0,0,factor_graph_prior_initial,sequence_factor_graph|prior|initial
1,3012,1,0.655110319,0.518602787 0.85327024 0.054598959 0.0373320284 0.0411991583 -0.998453278 -0.8541999 0.519838943 -0.0104883105,-7849.25079 -4000.9923 82139.2059,0,0,0,factor_graph_prior_initial,sequence_factor_graph|prior|initial
1,3013,1,0.488661836,0.133516793 0.985650501 0.103278051 0.00562312071 0.103455984 -0.994618138 -0.991030598 0.133378969 0.00827067943,-12450.3345 -4225.62695 82082.8629,0,0,0,factor_graph_prior_initial,sequence_factor_graph|prior|initial
1,3014,1,0.572262076,0.608771151 0.790971644 0.0613314236 -0.0240297686 0.0956557995 -0.995124383 -0.792981876 0.604329237 0.0772393567,-18977.3655 -5690.1226 93129.5013,0,0,0,factor_graph_prior_initial,sequence_factor_graph|prior|initial
1,3015,1,1,0.998684155 0.0433709028 0.0273664724 0.0303009862 -0.0685147508 -0.997189841 -0.0413740166 0.996706925 -0.0697387771,-24492.8398 -6231.565 100192.467,0,0,0,factor_graph_prior_initial,sequence_factor_graph|prior|initial
1,3016,1,0.897996661,0.840173812 0.538241799 0.0663606156 0.0231997939 0.0865812174 -0.995974629 -0.541820759 0.838331354 0.0602561727,-30048.8396 -7269.36817 104708.603,0,0,0,factor_graph_prior_initial,sequence_factor_graph|prior|initial
1,3017,1,0.422567022,0.738009554 -0.67259471 0.0543898363 0.147235051 0.081844673 -0.985709536 0.658531501 0.735471145 0.159431667,-58190.2771 -5133.31699 88004.1885,0,0,0,factor_graph_prior_initial,sequence_factor_graph|prior|initial
1,3019,1,0.508552711,0.783915143 -0.612870499 -0.0993317647 -0.0672578438 0.0752203679 -0.994896115 0.61721425 0.786594971 0.0177460372,-67543.19 -5321.09737 73832.5958,0,0,0,factor_graph_prior_initial,sequence_factor_graph|prior|initial
1,3021,1,0.879681391,-0.577065997 0.806010979 -0.131685748 0.0878306245 -0.0990588983 -0.991197819 -0.811960969 -0.5835526 -0.0136289257,-73795.929 -5585.46066 75246.7194,0,0,0,factor_graph_prior_initial,sequence_factor_graph|prior|initial
1,3066,1,0.388982288,0.614760086 0.707846888 0.347883341 -0.0379237629 0.467095169 -0.883393396 -0.787801894 0.529881955 0.313995684,2174.52288 -7032.69005 113189.423,0,0,0,factor_graph_prior_initial,sequence_factor_graph|prior|initial
1,3068,1,0.447293967,0.107950681 0.993227743 0.0429569754 0.0458733071 0.0381869449 -0.998217109 -0.993097322 0.109728795 -0.0414403346,2164.01577 -5583.04834 96483.5358,0,0,0,factor_graph_prior_initial,sequence_factor_graph|prior|initial
1,3069,1,0.973439478,-0.135880575 0.989559665 -0.0480430833 0.100343506 -0.034497292 -0.994354624 -0.985630585 -0.13993429 -0.0946083742,2306.78368 -4815.11402 90233.7723,0,0,0,factor_graph_prior_initial,sequence_factor_graph|prior|initial
1,3070,1,0.431367391,-0.0785276057 0.994494848 -0.0693787573 0.207985353 -0.0517187773 -0.976763667 -0.974974619 -0.0911326775 -0.20277901,2786.53812 -5653.49579 97331.2225,0,0,0,factor_graph_prior_initial,sequence_factor_graph|prior|initial
1,3071,1,0.954205205,-0.136479701 0.990521474 -0.01550809 0.114400928 0.000209112672 -0.99343464 -0.984015101 -0.137357803 -0.113345115,2779.79779 -4426.93806 91379.0207,0,0,0,factor_graph_prior_initial,sequence_factor_graph|prior|initial
1,3072,1,0.555650503,-0.539657036 0.838263981 -0.0779986071 0.124786345 -0.0119788898 -0.992111321 -0.832585522 -0.545133016 -0.0981394065,3357.61023 -5142.1895 105263.87,0,0,0,factor_graph_prior_initial,sequence_factor_graph|prior|initial
1,3073,1,0.398621946,-0.977094353 0.210486412 0.0313384227 -0.0205708225 0.0531523528 -0.998374513 -0.21180998 -0.976150756 -0.0476049852,3693.12024 -5161.92627 110682.037,0,0,0,factor_graph_prior_initial,sequence_factor_graph|prior|initial
1,3074,1,0.555888058,-0.971276799 0.237896696 0.00515180544 -0.0032880583 0.00823041426 -0.999960724 -0.237929754 -0.971255591 -0.00721179222,3898.31877 -5038.11121 113294.502,0,0,0,factor_graph_prior_initial,sequence_factor_graph|prior|initial
1,3075,1,0.367879441,-0.987712512 0.111218841 0.10979236 -0.0776202755 0.260638349 -0.962311147 -0.13564323 -0.959008874 -0.248802922,141.745567 360.54039 41362.0529,0,0,0,factor_graph_prior_initial,sequence_factor_graph|prior|initial
1,3076,1,0.990147252,-0.69132454 0.722091541 0.0255770694 0.0547639151 0.0876616179 -0.994643833 -0.720466026 -0.68622099 -0.100147187,-558.194637 -2150.77877 83512.2681,0,0,0,factor_graph_prior_initial,sequence_factor_graph|prior|initial
1,3077,1,0.467969762,-0.732837364 0.669371854 0.122027531 0.0425455104 0.224075956 -0.973642566 -0.679072365 -0.708329928 -0.19269,-705.684364 -4693.90392 98701.1642,0,0,0,factor_graph_prior_initial,sequence_factor_graph|prior|initial
1,3078,1,0.604851419,-0.775826872 0.59353138 0.214040102 -0.00101711308 0.338059936 -0.941124033 -0.630945029 -0.730367018 -0.261672294,548.056006 -7180.81999 111993.095,0,0,0,factor_graph_prior_initial,sequence_factor_graph|prior|initial
1,3079,1,0.583060509,-0.890954327 0.398322428 0.218035848 -0.0527623462 0.386096481 -0.92094823 -0.451017209 -0.832026893 -0.322977904,3159.76572 -7329.40292 122689.835,0,0,0,factor_graph_prior_initial,sequence_factor_graph|prior|initial
1,3080,1,0.367879441,-0.871399032 0.490571674 -0.00177725702 0.0280952587 0.0462878977 -0.998532967 -0.489769724 -0.870170594 -0.0541179674,3961.83896 -3936.7795 106906.494,0,0,0,factor_graph_prior_initial,sequence_factor_graph|prior|initial
1,3081,1,0.367879441,-0.861702785 0.50288362 0.0676489141 -0.0644223477 0.0238151435 -0.997638512 -0.503307134 -0.864025986 0.011875368,3969.49434 -3508.64196 95772.2015,0,0,0,factor_graph_prior_initial,sequence_factor_graph|prior|initial
1,3082,1,0.768856249,-0.871573962 0.484737592 0.0734050092 -0.0745460022 0.0169531558 -0.99707346 -0.484563434 -0.874495316 0.0213593204,3849.63298 -3271.4026 87454.1626,0,0,0,factor_graph_prior_initial,sequence_factor_graph|prior|initial
1,3083,1,0.953267698,0.0520323371 0.998218765 -0.0291878985 -0.0255431258 -0.0278876251 -0.999284659 -0.998318679 0.0527406663 0.0240465692,3007.15327 -2576.51711 67789.093,0,0,0,factor_graph_prior_initial,sequence_factor_graph|prior|initial
1,3084,1,1,-0.277032044 0.9595995 -0.0492142926 0.086567506 -0.0260845901 -0.995904444 -0.956953141 -0.280157802 -0.0758438682,3118.35194 -2657.55272 67102.5391,0,0,0,factor_graph_prior_initial,sequence_factor_graph|prior|initial
1,3085,1,0.367879441,-0.816177268 0.526531412 0.237948186 -0.0111590285 0.397375548 -0.917588224 -0.577693814 -0.751569921 -0.318453311,530.432224 454.569101 18395.2599,0,0,0,factor_graph_prior_initial,sequence_factor_graph|prior|initial
1,3086,1,0.494710905,-0.68396366 0.721219723 -0.109707897 0.0179824808 -0.133670901 -0.990862614 -0.729294414 -0.67968684 0.0784567188,660.652041 -1171.40222 75350.1282,0,0,0,factor_graph_prior_initial,sequence_factor_graph|prior|initial
1,3087,1,0.52974176,-0.980942927 0.186101025 0.0558335148 -0.0767097392 -0.106930911 -0.991302878 -0.178512153 -0.976694522 0.119168882,801.889002 -3463.64665 91067.3523,0,0,0,factor_graph_prior_initial,sequence_factor_graph|prior|initial
1,3088,1,0.833416685,-0.993159039 -0.0451202228 0.10769999 -0.114980467 0.217046602 -0.969365909 0.0203620889 -0.97511791 -0.220749739,2671.41533 -4952.19612 105462.402,0,0,0,factor_graph_prior_initial,sequence_factor_graph|prior|initial
1,3089,1,0.630232632,-0.933323176 0.307545523 0.185266296 -0.0950523774 0.285943453 -0.953520523 -0.346226652 -0.907552805 -0.237644719,6362.98561 -4760.3035 105588.211,0,0,0,factor_graph_prior_initial,sequence_factor_graph|prior|initial
1,3090,1,0.475447645,-0.25092569 0.967889097 -0.0150663297 0.0613082784 0.000357308482 -0.998118814 -0.966062934 -0.251377343 -0.0594292721,3786.09276 -2377.79641 77335.0677,0,0,0,factor_graph_prior_initial,sequence_factor_graph|prior|initial
1,3091,1,0.368121606,-0.102919047 0.988897687 -0.107186913 0.0973876995 -0.0972235322 -0.990486356 -0.989910757 -0.112378598 -0.0863003175,3427.76203 -1964.36071 57850.914,0,0,0,factor_graph_prior_initial,sequence_factor_graph|prior|initial
1,3092,1,0.964027775,-0.291534509 0.955831413 -0.0373354926 0.00586667588 -0.0372436058 -0.999288995 -0.956542321 -0.291546262 0.00525024326,3495.22066 -1885.9688 53642.807,0,0,0,factor_graph_prior_initial,sequence_factor_graph|prior|initial
1,3093,1,0.857335847,-0.0748416205 0.997189966 0.00330193604 -0.00139682609 0.00320638517 -0.999993884 -0.997194455 -0.074845775 0.0011529299,3373.95644 -1661.98862 47541.4047,0,0,0,factor_graph_prior_initial,sequence_factor_graph|prior|initial
1,3094,1,0.494969692,-0.310221525 0.949660516 0.043675042 0.0991700651 0.078018037 -0.9920073 -0.945477606 -0.30341076 -0.11838077,3637.82883 -1594.3836 49280.6282,0,0,0,factor_graph_prior_initial,sequence_factor_graph|prior|initial
1,3095,1,0.982154732,-0.228280989 0.967793552 0.106129309 0.0691195475 0.124842602 -0.98976604 -0.97113865 -0.218609161 -0.095392645,3373.97623 -1380.50747 45700.6836,0,0,0,factor_graph_prior_initial,sequence_factor_graph|prior|initial
1,3096,1,0.507094504,0.0222992785 0.999537907 -0.0206570925 -0.015192673 -0.0203210469 -0.999678067 -0.999635896 0.0226059361 0.0147325078,3459.71441 -1255.70691 44883.1825,0,0,0,factor_graph_prior_initial,sequence_factor_graph|prior|initial
1,3097,1,0.479609498,-0.294456857 0.955616459 -0.00960950644 0.0882599948 0.0171807208 -0.995949294 -0.951580439 -0.294112234 -0.0894016848,3718.01472 -1446.31267 46513.5994,0,0,0,factor_graph_prior_initial,sequence_factor_graph|prior|initial
1,3098,1,0.457648641,-0.131167218 0.990137337 0.0492261619 0.155009556 0.069528482 -0.985463255 -0.979166584 -0.121629948 -0.162600606,3755.34749 -1206.24018 44506.9275,0,0,0,factor_graph_prior_initial,sequence_factor_graph|prior|initial
1,3099,1,1,-0.00995412137 0.99965656 0.0242420445 0.0506151792 0.0247158748 -0.998412354 -0.998668623 -0.00871130232 -0.0508438208,3537.7965 -1283.11503 40488.9297,0,0,0,factor_graph_prior_initial,sequence_factor_graph|prior|initial
1,3100,1,0.518930295,-0.333146244 0.941959994 0.0415325123 0.0768147398 0.0710169916 -0.994512988 -0.939740962 -0.328127958 -0.0960154559,3461.55882 -1254.0319 38594.696,0,0,0,factor_graph_prior_initial,sequence_factor_graph|prior|initial
1,3101,1,0.53337607,-0.88530082 0.464538364 0.0211321187 -0.00090724384 0.0437180728 -0.999043496 -0.465017886 -0.884473198 -0.0382821962,4012.815 -1554.62337 42787.9028,0,0,0,factor_graph_prior_initial,sequence_factor_graph|prior|initial
1,3102,1,0.628821482,-0.317773865 0.94718664 0.0430957052 0.0966543901 0.0775746696 -0.99229033 -0.943227279 -0.311158545 -0.11620095,3652.93407 -1361.38892 37559.0019,0,0,0,factor_graph_prior_initial,sequence_factor_graph|prior|initial
1,3103,1,0.470222378,-0.283679061 0.958913898 -0.00321351098 0.106021403 0.0280337192 -0.993968597 -0.953040216 -0.282308779 -0.109617976,3557.07836 -1166.93997 35990.0208,0,0,0,factor_graph_prior_initial,sequence_factor_graph|prior|initial
1,3104,1,0.749840054,-0.281647627 0.957090815 0.0682039987 0.0322223309 0.0804757433 -0.996235603 -0.958976713 -0.278389702 -0.0535054991,3680.00555 -1339.99801 38485.1036,0,0,0,factor_graph_prior_initial,sequence_factor_graph|prior|initial
1,3105,1,0.524074334,0.467236935 0.87689501 -0.112892814 0.154858602 -0.206881982 -0.966032432 -0.870464508 0.43388361 -0.232457639,4430.71842 -1985.21638 46486.8889,0,0,0,factor_graph_prior_initial,sequence_factor_graph|prior|initial
1,3106,1,0.777283237,0.56628838 0.806743224 -0.168768605 0.0114560618 -0.212449345 -0.977104925 -0.824127557 0.551389741 -0.129549696,4157.77588 -2372.49827 41022.1443,0,0,0,factor_graph_prior_initial,sequence_factor_graph|prior|initial
1,3107,1,0.935403902,0.580188349 0.79564124 -0.174173754 0.0160090691 -0.224944742 -0.974239998 -0.81432499 0.562454336 -0.143247794,4147.77756 -2331.78759 39977.6955,0,0,0,factor_graph_prior_initial,sequence_factor_graph|prior|initial
1,3108,1,0.709253284,0.525368151 0.840535145 -0.132245894 -0.0189468125 -0.143828424 -0.989421246 -0.850664049 0.522316049 -0.0596374113,4350.04902 -2910.06613 40016.7274,0,0,0,factor_graph_prior_initial,sequence_factor_graph|prior|initial
1,3109,1,0.800915793,0.519583662 0.853901397 -0.0297526975 0.102461656 -0.0968413033 -0.990011803 -0.848253752 0.511345447 -0.13780931,4190.35769 -2671.72909 38348.1178,0,0,0,factor_graph_prior_initial,sequence_factor_graph|prior|initial
1,3110,1,0.396287974,-0.301546178 0.952885258 0.0328570901 0.0203398072 0.040882371 -0.998956918 -0.953234596 -0.300563334 -0.0317094252,3749.81117 -1589.61236 36881.6986,0,0,0,factor_graph_prior_initial,sequence_factor_graph|prior|initial
1,3111,1,1,-0.865804077 0.49997904 -0.0201062279 0.0441339997 0.0362775365 -0.998366731 -0.498433036 -0.865277354 -0.0534753138,4411.70025 -1955.55019 46146.7896,0,0,0,factor_graph_prior_initial,sequence_factor_graph|prior|initial
1,3112,1,0.609949487,-0.907348025 0.418575513 0.0389114547 -0.00244383383 0.0873088311 -0.996178295 -0.420373155 -0.903975502 -0.0781965664,4810.90403 -2040.28416 49456.6917,0,0,0,factor_graph_prior_initial,sequence_factor_graph|prior|initial
1,3113,1,0.73504587,-0.891356069 0.451330106 0.0422551031 -0.0234946016 0.0470930002 -0.998614166 -0.452694557 -0.891113565 -0.0313728105,4557.24335 -1492.60831 48676.6281,0,0,0,factor_graph_prior_initial,sequence_factor_graph|prior|initial
1,3114,1,0.50573789,-0.869120988 0.494312944 -0.0168351467 0.0256452357 0.0110461001 -0.999610077 -0.493934237 -0.869213839 -0.0222771694,4682.97482 -1560.21988 50495.9831,0,0,0,factor_graph_prior_initial,sequence_factor_graph|prior|initial
1,3115,1,0.471757708,-0.345116057 0.938370196 0.0188754552 0.129367974 0.0674791409 -0.98929798 -0.929601439 -0.338980739 -0.144683186,4377.84243 -1615.60607 49282.5279,0,0,0,factor_graph_prior_initial,sequence_factor_graph|prior|initial
1,3116,1,0.582794885,-0.666814093 0.737624393 0.106156582 0.107903229 0.236513475 -0.965618076 -0.73737091 -0.632433103 -0.237302572,5063.93433 -2507.08866 58725.0748,0,0,0,factor_graph_prior_initial,sequence_factor_graph|prior|initial
1,3117,1,0.505163305,-0.848939222 0.528481354 -0.00310753188 0.0187886186 0.0243042255 -0.999528035 -0.528156403 -0.848596938 -0.0305622448,4569.67831 -1908.57351 56492.5385,0,0,0,factor_graph_prior_initial,sequence_factor_graph|prior|initial
1,3118,1,0.950897407,-0.499921083 0.865778978 -0.0224871547 0.0246543009 -0.0117276671 -0.999627244 -0.865719976 -0.50028914 -0.0154822674,4851.29213 -2484.22098 60057.0602,0,0,0,factor_graph_prior_initial,sequence_factor_graph|prior|initial
1,3119,1,0.989516866,-0.891249073 0.453331799 -0.0128595969 0.00375191481 -0.0209841537 -0.999772768 -0.453498636 -0.891094801 0.0170012453,4998.87085 -2482.5902 64516.4032,0,0,0,factor_graph_prior_initial,sequence_factor_graph|prior|initial
1,3120,1,0.773928664,-0.855215453 0.492461739 0.161517692 -0.0145512125 0.288707796 -0.957306675 -0.518068327 -0.82105374 -0.239741453,4860.52132 -4102.8471 64752.0447,0,0,0,factor_graph_prior_initial,sequence_factor_graph|prior|initial
1,3121,1,0.883631389,-0.627426266 0.691864786 0.357294553 0.196621506 0.584746969 -0.787026661 -0.75344294 -0.423549407 -0.502921104,4501.71757 -4054.99601 64101.5167,0,0,0,factor_graph_prior_initial,sequence_factor_graph|prior|initial
1,3122,1,0.854787494,-0.673540109 0.71989655 0.16760871 0.0892536924 0.304311778 -0.948381843 -0.733742121 -0.623813514 -0.269219613,4329.39577 -4110.87704 62067.6537,0,0,0,factor_graph_prior_initial,sequence_factor_graph|prior|initial
1,3123,1,0.850275447,-0.207743749 0.974965586 -0.0792757295 0.091416207 -0.0613383045 -0.993921873 -0.97390226 -0.213728143 -0.0763850065,3773.69213 -3590.56091 54295.4865,0,0,0,factor_graph_prior_initial,sequence_factor_graph|prior|initial
1,3124,1,0.81132523,-0.280667596 0.959801031 0.00277157499 0.0746174461 0.0246985563 -0.996906324 -0.956900171 -0.279592493 -0.0785499861,3156.18968 -3021.10529 47815.136,0,0,0,factor_graph_prior_initial,sequence_factor_graph|prior|initial
1,3125,1,1,-0.274014676 0.959675529 -0.0627601509 0.124243876 -0.0293869166 -0.991816449 -0.953666303 -0.279569827 -0.111181361,3243.70933 -2783.65159 58367.1112,0,0,0,factor_graph_prior_initial,sequence_factor_graph|prior|initial
