scene_id,im_id,source_run,camera_id,source_frame,segment_id,sequence_reset,fallback,translation_fallback,rotation_fallback,translation_learned_gigapose_fallback,rotation_learned_gigapose_fallback,translation_safety_measurement_fallback,rotation_safety_measurement_fallback,translation_trust_probability,rotation_trust_probability,correction_translation_m,correction_rotation_deg,raw_translation_error_m,candidate_translation_error_m,baseline_translation_error_m,filtered_translation_error_m,raw_rotation_error_deg,candidate_rotation_error_deg,baseline_rotation_error_deg,filtered_rotation_error_deg,mean_pose_gain,mean_velocity_gain
1,358,scene:1,rear,358,0,1,0,0,0,0,0,0,0,1.0,1.0,0.0,6.931858220452334e-15,nan,nan,nan,nan,nan,nan,nan,nan,0.0,0.0
1,380,scene:1,rear,380,1,1,0,0,0,0,0,0,0,1.0,1.0,0.0,1.2747042590875074e-14,nan,nan,nan,nan,nan,nan,nan,nan,0.0,0.0
1,381,scene:1,rear,381,1,0,0,0,0,0,0,0,0,1.0,1.0,0.25360801815986633,6.373521295437537e-15,nan,nan,nan,nan,nan,nan,nan,nan,0.604255199432373,0.4359859228134155
1,382,scene:1,rear,382,1,0,0,0,0,0,0,0,0,1.0,1.0,2.2940032482147217,1.3681527139065657e-14,nan,nan,nan,nan,nan,nan,nan,nan,0.6228845715522766,0.4060525894165039
1,384,scene:1,rear,384,2,1,0,0,0,0,0,0,0,1.0,1.0,0.0,1.1244958915987363e-14,nan,nan,nan,nan,nan,nan,nan,nan,0.0,0.0
1,385,scene:1,rear,385,2,0,0,0,0,0,0,0,0,1.0,1.0,0.5523346662521362,6.094825111050227e-15,nan,nan,nan,nan,nan,nan,nan,nan,0.6052058339118958,0.4340604543685913
1,387,scene:1,rear,387,3,1,0,0,0,0,0,0,0,1.0,1.0,0.0,1.4683178036206108e-14,nan,nan,nan,nan,nan,nan,nan,nan,0.0,0.0
1,388,scene:1,rear,388,3,0,0,0,0,0,0,0,0,1.0,1.0,0.9734251499176025,5.733826494216872e-15,nan,nan,nan,nan,nan,nan,nan,nan,0.6046308875083923,0.42569828033447266
1,389,scene:1,rear,389,3,0,0,0,0,0,0,0,0,1.0,1.0,0.45311373472213745,3.4026454138433503e-15,nan,nan,nan,nan,nan,nan,nan,nan,0.6342760920524597,0.4132028818130493
1,390,scene:1,rear,390,3,0,0,0,0,0,0,0,0,1.0,1.0,0.7897111773490906,0.0,nan,nan,nan,nan,nan,nan,nan,nan,0.6489976048469543,0.41888272762298584
1,391,scene:1,rear,391,3,0,0,0,0,0,0,0,0,1.0,1.0,0.032702554017305374,3.975693351829396e-16,nan,nan,nan,nan,nan,nan,nan,nan,0.6422450542449951,0.4130343198776245
1,392,scene:1,rear,392,3,0,0,0,0,0,0,0,0,1.0,1.0,1.6510218381881714,0.0,nan,nan,nan,nan,nan,nan,nan,nan,0.6333680748939514,0.40153810381889343
1,393,scene:1,rear,393,3,0,0,0,0,0,0,0,0,1.0,1.0,0.07905487716197968,1.486744250903459e-14,nan,nan,nan,nan,nan,nan,nan,nan,0.6403892636299133,0.40858057141304016
1,394,scene:1,rear,394,3,0,0,0,0,0,0,0,0,1.0,1.0,0.612786591053009,5.274353251811411e-15,nan,nan,nan,nan,nan,nan,nan,nan,0.6355720162391663,0.41706183552742004
1,395,scene:1,rear,395,3,0,0,0,0,0,0,0,0,1.0,1.0,0.6025698184967041,3.1805546814635168e-15,nan,nan,nan,nan,nan,nan,nan,nan,0.6320139169692993,0.4140668213367462
1,396,scene:1,rear,396,3,0,0,0,0,0,0,0,0,1.0,1.0,0.5728268027305603,7.330816321150978e-15,nan,nan,nan,nan,nan,nan,nan,nan,0.6306978464126587,0.4175952672958374
1,397,scene:1,rear,397,3,0,0,0,0,0,0,0,0,1.0,1.0,3.5451581478118896,6.422929176669083e-15,nan,nan,nan,nan,nan,nan,nan,nan,0.6382704377174377,0.4367155134677887
1,398,scene:1,rear,398,3,0,0,0,0,0,0,0,0,1.0,1.0,1.7941131591796875,5.311681058345664e-15,nan,nan,nan,nan,nan,nan,nan,nan,0.6362584829330444,0.4097323417663574
1,399,scene:1,rear,399,3,0,0,0,0,0,0,0,0,1.0,1.0,0.3345775008201599,2.4300561758401344e-13,nan,nan,nan,nan,nan,nan,nan,nan,0.639981746673584,0.405438631772995
1,400,scene:1,rear,400,3,0,0,0,0,0,0,0,0,1.0,1.0,0.6644551157951355,3.5392603846024123e-15,nan,nan,nan,nan,nan,nan,nan,nan,0.6372671723365784,0.4062749445438385
1,401,scene:1,rear,401,3,0,0,0,0,0,0,0,0,1.0,1.0,1.6986209154129028,6.604917853590161e-15,nan,nan,nan,nan,nan,nan,nan,nan,0.6313549876213074,0.42099037766456604
1,402,scene:1,rear,402,3,0,0,0,0,0,0,0,0,1.0,1.0,1.4059627056121826,3.679719279117721e-15,nan,nan,nan,nan,nan,nan,nan,nan,0.6204617619514465,0.4047737121582031
1,403,scene:1,rear,403,3,0,0,0,0,0,0,0,0,1.0,1.0,1.0143307447433472,7.251908791149482e-14,nan,nan,nan,nan,nan,nan,nan,nan,0.6371500492095947,0.41610702872276306
1,404,scene:1,rear,404,3,0,0,0,0,0,0,0,0,1.0,1.0,0.35404959321022034,3.975693351829396e-16,nan,nan,nan,nan,nan,nan,nan,nan,0.6399335265159607,0.41192421317100525
1,405,scene:1,rear,405,3,0,0,0,0,0,0,0,0,1.0,1.0,2.324852466583252,4.772902246646016e-15,nan,nan,nan,nan,nan,nan,nan,nan,0.629578173160553,0.3925699293613434
1,406,scene:1,rear,406,3,0,0,0,0,0,0,0,0,1.0,1.0,1.8286219835281372,1.56939532425414e-14,nan,nan,nan,nan,nan,nan,nan,nan,0.6460345387458801,0.4172458350658417
1,407,scene:1,rear,407,3,0,0,0,0,0,0,0,0,1.0,1.0,0.25526162981987,3.278440724931703e-15,nan,nan,nan,nan,nan,nan,nan,nan,0.6437357068061829,0.41098180413246155
1,408,scene:1,rear,408,3,0,0,0,0,0,0,0,0,1.0,1.0,0.9687067270278931,0.0,nan,nan,nan,nan,nan,nan,nan,nan,0.6382721662521362,0.4048583209514618
1,409,scene:1,rear,409,3,0,0,0,0,0,0,0,0,1.0,1.0,1.3550444841384888,6.79439480079987e-15,nan,nan,nan,nan,nan,nan,nan,nan,0.6383723616600037,0.41845574975013733
1,410,scene:1,rear,410,3,0,0,0,0,0,0,0,0,1.0,1.0,0.41919028759002686,1.987846675914698e-16,nan,nan,nan,nan,nan,nan,nan,nan,0.6322269439697266,0.4101249873638153
1,411,scene:1,rear,411,3,0,0,0,0,0,0,0,0,1.0,1.0,0.024379892274737358,3.1805546814635168e-15,nan,nan,nan,nan,nan,nan,nan,nan,0.6421290040016174,0.4113800823688507
1,412,scene:1,rear,412,3,0,0,0,0,0,0,0,0,1.0,1.0,0.4728633463382721,1.0563679834798574e-14,nan,nan,nan,nan,nan,nan,nan,nan,0.642396867275238,0.40516185760498047
1,413,scene:1,rear,413,3,0,0,0,0,0,0,0,0,1.0,1.0,0.014759418554604053,5.274353251811411e-15,nan,nan,nan,nan,nan,nan,nan,nan,0.638800859451294,0.41076532006263733
1,414,scene:1,rear,414,3,0,0,0,0,0,0,0,0,1.0,1.0,0.3231268525123596,1.1927080055488187e-14,nan,nan,nan,nan,nan,nan,nan,nan,0.6401382684707642,0.41114458441734314
1,415,scene:1,rear,415,3,0,0,0,0,0,0,0,0,1.0,1.0,0.44337350130081177,7.283236871912047e-15,nan,nan,nan,nan,nan,nan,nan,nan,0.6366922855377197,0.4117952883243561
1,416,scene:1,rear,416,3,0,0,0,0,0,0,0,0,1.0,1.0,0.07985752820968628,4.983578008229059e-15,nan,nan,nan,nan,nan,nan,nan,nan,0.6353862881660461,0.4091016948223114
1,417,scene:1,rear,417,3,0,0,0,0,0,0,0,0,1.0,1.0,3.6670730113983154,3.745802221275248e-15,nan,nan,nan,nan,nan,nan,nan,nan,0.6195339560508728,0.38122987747192383
1,418,scene:1,rear,418,3,0,0,0,0,0,0,0,0,1.0,1.0,0.02573581412434578,1.296831925731257e-14,nan,nan,nan,nan,nan,nan,nan,nan,0.6387932896614075,0.39684662222862244
1,419,scene:1,rear,419,3,0,0,0,0,0,0,0,0,1.0,1.0,0.27398088574409485,3.1805546814635168e-15,nan,nan,nan,nan,nan,nan,nan,nan,0.6385406851768494,0.39819416403770447
1,420,scene:1,rear,420,3,0,0,0,0,0,0,0,0,1.0,1.0,4.228119850158691,8.710307722081132e-15,nan,nan,nan,nan,nan,nan,nan,nan,0.6328322887420654,0.43380966782569885
1,421,scene:1,rear,421,3,0,0,0,0,0,0,0,0,1.0,1.0,0.391924649477005,6.511525488433648e-15,nan,nan,nan,nan,nan,nan,nan,nan,0.6274954676628113,0.4211038053035736
1,422,scene:1,rear,422,3,0,0,0,0,0,0,0,0,1.0,1.0,1.1990673542022705,6.3143473270066636e-15,nan,nan,nan,nan,nan,nan,nan,nan,0.6248435378074646,0.4123567044734955
1,423,scene:1,rear,423,3,0,0,0,0,0,0,0,0,1.0,1.0,1.2109776735305786,1.997761184680132e-15,nan,nan,nan,nan,nan,nan,nan,nan,0.6389942169189453,0.42027366161346436
1,424,scene:1,rear,424,3,0,0,0,0,0,0,0,0,1.0,1.0,0.09651800245046616,7.953871123873663e-15,nan,nan,nan,nan,nan,nan,nan,nan,0.6354204416275024,0.4097188711166382
1,425,scene:1,rear,425,3,0,0,0,0,0,0,0,0,1.0,1.0,2.2981011867523193,0.0,nan,nan,nan,nan,nan,nan,nan,nan,0.62835294008255,0.3970195949077606
1,426,scene:1,rear,426,3,0,0,0,0,0,0,0,0,1.0,1.0,1.3490444421768188,8.782593672917394e-15,nan,nan,nan,nan,nan,nan,nan,nan,0.6441188454627991,0.4146468937397003
1,427,scene:1,rear,427,3,0,0,0,0,0,0,0,0,1.0,1.0,1.532593846321106,1.987846675914698e-16,nan,nan,nan,nan,nan,nan,nan,nan,0.6361806988716125,0.41360509395599365
1,428,scene:1,rear,428,3,0,0,0,0,0,0,0,0,1.0,1.0,0.4392654597759247,2.1064996161495087e-15,nan,nan,nan,nan,nan,nan,nan,nan,0.63450688123703,0.41154026985168457
1,429,scene:1,rear,429,3,0,0,0,0,0,0,0,0,1.0,1.0,0.2478284388780594,5.161288477509258e-15,nan,nan,nan,nan,nan,nan,nan,nan,0.6367453932762146,0.4072960317134857
1,430,scene:1,rear,430,3,0,0,0,0,0,0,0,0,1.0,1.0,0.1568371057510376,4.471761953648554e-15,nan,nan,nan,nan,nan,nan,nan,nan,0.641961395740509,0.4090297222137451
1,431,scene:1,rear,431,3,0,0,0,0,0,0,0,0,1.0,1.0,1.2037595510482788,0.0,nan,nan,nan,nan,nan,nan,nan,nan,0.6421211957931519,0.39561691880226135
1,432,scene:1,rear,432,3,0,0,0,0,0,0,0,0,1.0,1.0,0.16731077432632446,6.373521295437537e-15,nan,nan,nan,nan,nan,nan,nan,nan,0.643846869468689,0.4109833538532257
1,433,scene:1,rear,433,3,0,0,0,0,0,0,0,0,1.0,1.0,0.03007383644580841,0.0,nan,nan,nan,nan,nan,nan,nan,nan,0.6408637166023254,0.4064198434352875
1,434,scene:1,rear,434,3,0,0,0,0,0,0,0,0,1.0,1.0,1.6234780550003052,6.3611093629270335e-15,nan,nan,nan,nan,nan,nan,nan,nan,0.6421060562133789,0.41820430755615234
1,435,scene:1,rear,435,3,0,0,0,0,0,0,0,0,1.0,1.0,0.34809014201164246,0.0,nan,nan,nan,nan,nan,nan,nan,nan,0.6390036940574646,0.40042436122894287
1,436,scene:1,rear,436,3,0,0,0,0,0,0,0,0,1.0,1.0,0.14121532440185547,1.1932074509886517e-14,nan,nan,nan,nan,nan,nan,nan,nan,0.6394743323326111,0.4110020697116852
1,437,scene:1,rear,437,3,0,0,0,0,0,0,0,0,1.0,1.0,0.4387228190898895,3.2799470152592518e-15,nan,nan,nan,nan,nan,nan,nan,nan,0.6382094025611877,0.4063882827758789
1,438,scene:1,rear,438,3,0,0,0,0,0,0,0,0,1.0,1.0,0.3323381245136261,2.304530807547218e-14,nan,nan,nan,nan,nan,nan,nan,nan,0.6456148028373718,0.4068228304386139
1,439,scene:1,rear,439,3,0,0,0,0,0,0,0,0,1.0,1.0,0.4011012315750122,4.039781813499749e-15,nan,nan,nan,nan,nan,nan,nan,nan,0.6376464366912842,0.4099462926387787
1,440,scene:1,rear,440,3,0,0,0,0,0,0,0,0,1.0,1.0,0.7501213550567627,1.5951061723144903e-14,nan,nan,nan,nan,nan,nan,nan,nan,0.6373649835586548,0.40129828453063965
1,441,scene:1,rear,441,3,0,0,0,0,0,0,0,0,1.0,1.0,0.3683427572250366,1.3239715491357255e-14,nan,nan,nan,nan,nan,nan,nan,nan,0.6406752467155457,0.407185435295105
1,442,scene:1,rear,442,3,0,0,0,0,0,0,0,0,1.0,1.0,0.8484308123588562,6.34108289645159e-15,nan,nan,nan,nan,nan,nan,nan,nan,0.6367959380149841,0.40613827109336853
1,443,scene:1,rear,443,3,0,0,0,0,0,0,0,0,1.0,1.0,1.029325246810913,8.546381859940397e-15,nan,nan,nan,nan,nan,nan,nan,nan,0.6393841505050659,0.41642603278160095
1,444,scene:1,rear,444,3,0,0,0,0,0,0,0,0,1.0,1.0,0.8904869556427002,6.3611093629270335e-15,nan,nan,nan,nan,nan,nan,nan,nan,0.6321266293525696,0.4131444990634918
1,445,scene:1,rear,445,3,0,0,0,0,0,0,0,0,1.0,1.0,0.8666568994522095,1.3167890103458171e-14,nan,nan,nan,nan,nan,nan,nan,nan,0.6320272088050842,0.41656556725502014
1,446,scene:1,rear,446,3,0,0,0,0,0,0,0,0,1.0,1.0,0.7482731938362122,1.0644757702569009e-14,nan,nan,nan,nan,nan,nan,nan,nan,0.6275887489318848,0.40972742438316345
1,447,scene:1,rear,447,3,0,0,0,0,0,0,0,0,1.0,1.0,0.804288387298584,0.0,nan,nan,nan,nan,nan,nan,nan,nan,0.6307993531227112,0.40329885482788086
1,448,scene:1,rear,448,3,0,0,0,0,0,0,0,0,1.0,1.0,0.8336296081542969,0.0,nan,nan,nan,nan,nan,nan,nan,nan,0.638856828212738,0.4064006805419922
1,449,scene:1,rear,449,3,0,0,0,0,0,0,0,0,1.0,1.0,0.017118485644459724,2.4608385722438985e-15,nan,nan,nan,nan,nan,nan,nan,nan,0.6334291100502014,0.41481566429138184
1,450,scene:1,rear,450,3,0,0,0,0,0,0,0,0,1.0,1.0,0.4935752749443054,3.2053124726398346e-15,nan,nan,nan,nan,nan,nan,nan,nan,0.6319978833198547,0.4086657464504242
1,451,scene:1,rear,451,3,0,0,0,0,0,0,0,0,1.0,1.0,0.718870997428894,5.0913716923398895e-15,nan,nan,nan,nan,nan,nan,nan,nan,0.6327616572380066,0.4128141701221466
1,452,scene:1,rear,452,3,0,0,0,0,0,0,0,0,1.0,1.0,0.03310699388384819,9.527912161560779e-15,nan,nan,nan,nan,nan,nan,nan,nan,0.6328620910644531,0.408527135848999
1,453,scene:1,rear,453,3,0,0,0,0,0,0,0,0,1.0,1.0,4.155027866363525,6.553477451388263e-14,nan,nan,nan,nan,nan,nan,nan,nan,0.613474428653717,0.3956579864025116
1,454,scene:1,rear,454,3,0,0,0,0,0,0,0,0,1.0,1.0,5.219571113586426,3.975693351829396e-16,nan,nan,nan,nan,nan,nan,nan,nan,0.642645537853241,0.42337003350257874
1,455,scene:1,rear,455,3,0,0,0,0,0,0,0,0,1.0,1.0,0.5834999084472656,1.1139038575122926e-14,nan,nan,nan,nan,nan,nan,nan,nan,0.6341719627380371,0.40504565834999084
1,456,scene:1,rear,456,3,0,0,0,0,0,0,0,0,1.0,1.0,3.882748603820801,1.5902773407317584e-15,nan,nan,nan,nan,nan,nan,nan,nan,0.5988678336143494,0.3933378756046295
1,457,scene:1,rear,457,3,0,0,0,0,0,0,0,0,1.0,1.0,1.709628701210022,6.410612906129115e-15,nan,nan,nan,nan,nan,nan,nan,nan,0.6353567242622375,0.42942771315574646
1,458,scene:1,rear,458,3,0,0,0,0,0,0,0,0,1.0,1.0,0.12459935992956161,2.6446579930669396e-15,nan,nan,nan,nan,nan,nan,nan,nan,0.6294171810150146,0.41324087977409363
1,459,scene:1,rear,459,3,0,0,0,0,0,0,0,0,1.0,1.0,0.5808085799217224,8.3867343134037e-15,nan,nan,nan,nan,nan,nan,nan,nan,0.6312335729598999,0.41419994831085205
1,460,scene:1,rear,460,3,0,0,0,0,0,0,0,0,1.0,1.0,2.068955183029175,2.975136479484102e-15,nan,nan,nan,nan,nan,nan,nan,nan,0.6364170908927917,0.42143842577934265
1,461,scene:1,rear,461,3,0,0,0,0,0,0,0,0,1.0,1.0,0.7041327953338623,5.843052051454427e-15,nan,nan,nan,nan,nan,nan,nan,nan,0.638469398021698,0.4143994152545929
1,462,scene:1,rear,462,3,0,0,0,0,0,0,0,0,1.0,1.0,0.8494387865066528,6.364214615424862e-15,nan,nan,nan,nan,nan,nan,nan,nan,0.6402111649513245,0.41462334990501404
1,463,scene:1,rear,463,3,0,0,0,0,0,0,0,0,1.0,1.0,4.80145788192749,1.1048207901308455e-14,nan,nan,nan,nan,nan,nan,nan,nan,0.6130602955818176,0.3875243365764618
1,464,scene:1,rear,464,3,0,0,0,0,0,0,0,0,1.0,1.0,0.19261200726032257,1.7779841184769035e-15,nan,nan,nan,nan,nan,nan,nan,nan,0.6441335082054138,0.3994321823120117
1,465,scene:1,rear,465,3,0,0,0,0,0,0,0,0,1.0,1.0,1.676045298576355,5.733826494216872e-15,nan,nan,nan,nan,nan,nan,nan,nan,0.6366813778877258,0.39669620990753174
1,466,scene:1,rear,466,3,0,0,0,0,0,0,0,0,1.0,1.0,6.906324863433838,9.0135545060782e-15,nan,nan,nan,nan,nan,nan,nan,nan,0.6454554796218872,0.42487213015556335
1,467,scene:1,rear,467,3,0,0,0,0,0,0,0,0,1.0,1.0,2.065425157546997,1.5918916468069996e-14,nan,nan,nan,nan,nan,nan,nan,nan,0.6267971992492676,0.40480390191078186
1,468,scene:1,rear,468,3,0,0,0,0,0,0,0,0,1.0,1.0,1.0648908615112305,1.7779841184769035e-15,nan,nan,nan,nan,nan,nan,nan,nan,0.6237847805023193,0.39472541213035583
1,469,scene:1,rear,469,3,0,0,0,0,0,0,0,0,1.0,1.0,0.06707040965557098,5.118705190480348e-15,nan,nan,nan,nan,nan,nan,nan,nan,0.6339706778526306,0.41128087043762207
1,470,scene:1,rear,470,3,0,0,0,0,0,0,0,0,1.0,1.0,4.288897514343262,1.1225725007610157e-14,nan,nan,nan,nan,nan,nan,nan,nan,0.6385073065757751,0.4295736253261566
1,471,scene:1,rear,471,3,0,0,0,0,0,0,0,0,1.0,1.0,1.5347784757614136,4.554728931172726e-15,nan,nan,nan,nan,nan,nan,nan,nan,0.6400177478790283,0.43201813101768494
1,472,scene:1,rear,472,3,0,0,0,0,0,0,0,0,1.0,1.0,0.32140305638313293,7.998613114624668e-15,nan,nan,nan,nan,nan,nan,nan,nan,0.6414690613746643,0.42052340507507324
1,473,scene:1,rear,473,3,0,0,0,0,0,0,0,0,1.0,1.0,0.18256643414497375,2.068220490063399e-15,nan,nan,nan,nan,nan,nan,nan,nan,0.6418957710266113,0.4158088266849518
1,474,scene:1,rear,474,3,0,0,0,0,0,0,0,0,1.0,1.0,0.09106239676475525,2.1831369113113633e-15,nan,nan,nan,nan,nan,nan,nan,nan,0.648840606212616,0.4145956039428711
1,475,scene:1,rear,475,3,0,0,0,0,0,0,0,0,1.0,1.0,0.5757126212120056,3.9163133613395664e-15,nan,nan,nan,nan,nan,nan,nan,nan,0.6489936709403992,0.4055060148239136
1,476,scene:1,rear,476,3,0,0,0,0,0,0,0,0,1.0,1.0,4.181333541870117,1.5902773407317584e-15,nan,nan,nan,nan,nan,nan,nan,nan,0.6372272968292236,0.37552952766418457
1,477,scene:1,rear,477,3,0,0,0,0,0,0,0,0,1.0,1.0,2.7247350215911865,2.4527965946188725e-14,nan,nan,nan,nan,nan,nan,nan,nan,0.6561470627784729,0.4057869017124176
1,478,scene:1,rear,478,3,0,0,0,0,0,0,0,0,1.0,1.0,0.7299240827560425,6.3611093629270335e-15,nan,nan,nan,nan,nan,nan,nan,nan,0.6466143727302551,0.4123063087463379
1,479,scene:1,rear,479,3,0,0,0,0,0,0,0,0,1.0,1.0,1.911808729171753,1.5635690137056498e-14,nan,nan,nan,nan,nan,nan,nan,nan,0.6444664597511292,0.425800085067749
1,480,scene:1,rear,480,3,0,0,0,0,0,0,0,0,1.0,1.0,1.8494112491607666,3.975693351829396e-16,nan,nan,nan,nan,nan,nan,nan,nan,0.6381270885467529,0.4057750999927521
1,481,scene:1,rear,481,3,0,0,0,0,0,0,0,0,1.0,1.0,1.3846100568771362,6.3611093629270335e-15,nan,nan,nan,nan,nan,nan,nan,nan,0.6367958188056946,0.3975459039211273
1,482,scene:1,rear,482,3,0,0,0,0,0,0,0,0,1.0,1.0,0.1366415172815323,6.222944414669162e-15,nan,nan,nan,nan,nan,nan,nan,nan,0.6436095833778381,0.40195122361183167
1,483,scene:1,rear,483,3,0,0,0,0,0,0,0,0,1.0,1.0,0.9313427209854126,1.6622012084389856e-14,nan,nan,nan,nan,nan,nan,nan,nan,0.6443113684654236,0.4133729934692383
1,484,scene:1,rear,484,3,0,0,0,0,0,0,0,0,1.0,1.0,1.1822394132614136,1.5902773407317584e-15,nan,nan,nan,nan,nan,nan,nan,nan,0.6416460871696472,0.4170764982700348
1,485,scene:1,rear,485,3,0,0,0,0,0,0,0,0,1.0,1.0,1.2868421077728271,8.133184245562203e-15,nan,nan,nan,nan,nan,nan,nan,nan,0.6418501734733582,0.4193302392959595
1,486,scene:1,rear,486,3,0,0,0,0,0,0,0,0,1.0,1.0,1.942354679107666,3.334683157804414e-14,nan,nan,nan,nan,nan,nan,nan,nan,0.6368030905723572,0.41223037242889404
1,487,scene:1,rear,487,3,0,0,0,0,0,0,0,0,1.0,1.0,0.6472672820091248,3.1805546814635168e-15,nan,nan,nan,nan,nan,nan,nan,nan,0.6446276307106018,0.41066622734069824
1,488,scene:1,rear,488,3,0,0,0,0,0,0,0,0,1.0,1.0,0.9420638680458069,9.887414284221235e-15,nan,nan,nan,nan,nan,nan,nan,nan,0.6372098922729492,0.4115663468837738
1,489,scene:1,rear,489,3,0,0,0,0,0,0,0,0,1.0,1.0,0.48064467310905457,6.5206219196277155e-15,nan,nan,nan,nan,nan,nan,nan,nan,0.6397304534912109,0.4075007140636444
1,490,scene:1,rear,490,3,0,0,0,0,0,0,0,0,1.0,1.0,1.3809595108032227,1.4715436979600446e-14,nan,nan,nan,nan,nan,nan,nan,nan,0.6410071849822998,0.4087792634963989
1,491,scene:1,rear,491,3,0,0,0,0,0,0,0,0,1.0,1.0,0.5509797930717468,6.5238405308378916e-15,nan,nan,nan,nan,nan,nan,nan,nan,0.6388387680053711,0.41460171341896057
1,492,scene:1,rear,492,3,0,0,0,0,0,0,0,0,1.0,1.0,2.794895648956299,4.181054622936004e-15,nan,nan,nan,nan,nan,nan,nan,nan,0.6253359317779541,0.40049585700035095
1,493,scene:1,rear,493,3,0,0,0,0,0,0,0,0,1.0,1.0,2.617321729660034,7.175720384149536e-15,nan,nan,nan,nan,nan,nan,nan,nan,0.621574342250824,0.40006324648857117
1,494,scene:1,rear,494,3,0,0,0,0,0,0,0,0,1.0,1.0,3.535787343978882,4.3719957419842976e-15,nan,nan,nan,nan,nan,nan,nan,nan,0.6418426632881165,0.42493221163749695
1,495,scene:1,rear,495,3,0,0,0,0,0,0,0,0,1.0,1.0,0.4687283933162689,2.3991464743771745e-14,nan,nan,nan,nan,nan,nan,nan,nan,0.6320875287055969,0.41767001152038574
1,496,scene:1,rear,496,3,0,0,0,0,0,0,0,0,1.0,1.0,0.6219116449356079,1.1862659810220284e-13,nan,nan,nan,nan,nan,nan,nan,nan,0.6339065432548523,0.413200706243515
1,497,scene:1,rear,497,3,0,0,0,0,0,0,0,0,1.0,1.0,2.471891403198242,4.969616689786745e-17,nan,nan,nan,nan,nan,nan,nan,nan,0.6262190341949463,0.39679232239723206
1,498,scene:1,rear,498,3,0,0,0,0,0,0,0,0,1.0,1.0,2.3253324031829834,0.0,nan,nan,nan,nan,nan,nan,nan,nan,0.6209944486618042,0.3934880793094635
1,499,scene:1,rear,499,3,0,0,0,0,0,0,0,0,1.0,1.0,2.8757948875427246,6.402131725920531e-15,nan,nan,nan,nan,nan,nan,nan,nan,0.612825334072113,0.38856419920921326
1,500,scene:1,rear,500,3,0,0,0,0,0,0,0,0,1.0,1.0,5.754875659942627,6.556881449863406e-15,nan,nan,nan,nan,nan,nan,nan,nan,0.6385120153427124,0.4375619888305664
1,501,scene:1,rear,501,3,0,0,0,0,0,0,0,0,1.0,1.0,1.383885145187378,9.000907408611212e-15,nan,nan,nan,nan,nan,nan,nan,nan,0.6292024254798889,0.4172634780406952
1,502,scene:1,rear,502,3,0,0,0,0,0,0,0,0,1.0,1.0,1.9665954113006592,1.7072351269121415e-14,nan,nan,nan,nan,nan,nan,nan,nan,0.6203235983848572,0.3996070325374603
1,503,scene:1,rear,503,3,0,0,0,0,0,0,0,0,1.0,1.0,2.021798849105835,1.667896946003967e-14,nan,nan,nan,nan,nan,nan,nan,nan,0.6224818229675293,0.393373042345047
1,504,scene:1,rear,504,3,0,0,0,0,0,0,0,0,1.0,1.0,0.9385115504264832,4.006710116225731e-15,nan,nan,nan,nan,nan,nan,nan,nan,0.6399889588356018,0.41503044962882996
1,505,scene:1,rear,505,3,0,0,0,0,0,0,0,0,1.0,1.0,0.9977773427963257,1.401396660568207e-14,nan,nan,nan,nan,nan,nan,nan,nan,0.6342251896858215,0.41945961117744446
1,506,scene:1,rear,506,3,0,0,0,0,0,0,0,0,1.0,1.0,2.3299295902252197,9.963058983186904e-15,nan,nan,nan,nan,nan,nan,nan,nan,0.6279345154762268,0.4093973636627197
1,507,scene:1,rear,507,3,0,0,0,0,0,0,0,0,1.0,1.0,2.437641143798828,6.3611093629270335e-15,nan,nan,nan,nan,nan,nan,nan,nan,0.6407162547111511,0.4185541570186615
1,508,scene:1,rear,508,3,0,0,0,0,0,0,0,0,1.0,1.0,1.7041029930114746,1.2049200514203537e-14,nan,nan,nan,nan,nan,nan,nan,nan,0.6400138735771179,0.4209655225276947
1,509,scene:1,rear,509,3,0,0,0,0,0,0,0,0,1.0,1.0,1.3970681428909302,1.4190215304471303e-14,nan,nan,nan,nan,nan,nan,nan,nan,0.6360000967979431,0.4100402295589447
1,510,scene:1,rear,510,3,0,0,0,0,0,0,0,0,1.0,1.0,3.6290252208709717,2.983432560130539e-15,nan,nan,nan,nan,nan,nan,nan,nan,0.6457566618919373,0.42682376503944397
1,511,scene:1,rear,511,3,0,0,0,0,0,0,0,0,1.0,1.0,4.117273807525635,2.866913247108436e-15,nan,nan,nan,nan,nan,nan,nan,nan,0.6258655786514282,0.38973796367645264
1,512,scene:1,rear,512,3,0,0,0,0,0,0,0,0,1.0,1.0,3.7409517765045166,8.064916228056412e-15,nan,nan,nan,nan,nan,nan,nan,nan,0.6490320563316345,0.42626118659973145
1,513,scene:1,rear,513,3,0,0,0,0,0,0,0,0,1.0,1.0,4.027862548828125,1.3540723632149552e-14,nan,nan,nan,nan,nan,nan,nan,nan,0.620353102684021,0.3832264840602875
1,514,scene:1,rear,514,3,0,0,0,0,0,0,0,0,1.0,1.0,2.1175358295440674,5.334183858755635e-15,nan,nan,nan,nan,nan,nan,nan,nan,0.640178382396698,0.41949424147605896
1,515,scene:1,rear,515,3,0,0,0,0,0,0,0,0,1.0,1.0,1.8716628551483154,2.8140255088217055e-14,nan,nan,nan,nan,nan,nan,nan,nan,0.6372434496879578,0.4179450273513794
1,516,scene:1,rear,516,3,0,0,0,0,0,0,0,0,1.0,1.0,1.1925675868988037,8.095028136497916e-14,nan,nan,nan,nan,nan,nan,nan,nan,0.6374636888504028,0.416492223739624
1,517,scene:1,rear,517,3,0,0,0,0,0,0,0,0,1.0,1.0,0.5691456198692322,9.994738106002202e-15,nan,nan,nan,nan,nan,nan,nan,nan,0.6357977986335754,0.4063695967197418
1,518,scene:1,rear,518,3,0,0,0,0,0,0,0,0,1.0,1.0,0.2645222544670105,4.803848554706889e-15,nan,nan,nan,nan,nan,nan,nan,nan,0.6430174708366394,0.40489140152931213
1,519,scene:1,rear,519,3,0,0,0,0,0,0,0,0,1.0,1.0,0.9078518152236938,3.1805546814635168e-15,nan,nan,nan,nan,nan,nan,nan,nan,0.6448386311531067,0.4137668311595917
1,520,scene:1,rear,520,3,0,0,0,0,0,0,0,0,1.0,1.0,0.01829606667160988,3.5238752636586076e-15,nan,nan,nan,nan,nan,nan,nan,nan,0.6476239562034607,0.4004840552806854
1,521,scene:1,rear,521,3,0,0,0,0,0,0,0,0,1.0,1.0,5.513951301574707,2.809921651376993e-15,nan,nan,nan,nan,nan,nan,nan,nan,0.6218963265419006,0.37461256980895996
1,522,scene:1,rear,522,3,0,0,0,0,0,0,0,0,1.0,1.0,0.3322831690311432,1.3257983604490392e-14,nan,nan,nan,nan,nan,nan,nan,nan,0.6391481757164001,0.40213534235954285
1,523,scene:1,rear,523,3,0,0,0,0,0,0,0,0,1.0,1.0,3.8147695064544678,1.9215394218827556e-14,nan,nan,nan,nan,nan,nan,nan,nan,0.6172735095024109,0.3964356482028961
1,524,scene:1,rear,524,3,0,0,0,0,0,0,0,0,1.0,1.0,0.6371060013771057,9.54166404439055e-15,nan,nan,nan,nan,nan,nan,nan,nan,0.6170333027839661,0.40522500872612
1,525,scene:1,rear,525,3,0,0,0,0,0,0,0,0,1.0,1.0,13.72488021850586,1.0004432116038033e-14,nan,nan,nan,nan,nan,nan,nan,nan,0.6311269402503967,0.4488503634929657
1,526,scene:1,rear,526,3,0,0,0,0,0,0,0,0,1.0,1.0,0.4140317142009735,8.139406860542063e-15,nan,nan,nan,nan,nan,nan,nan,nan,0.6259831786155701,0.4238404929637909
1,527,scene:1,rear,527,3,0,0,0,0,0,0,0,0,1.0,1.0,1.4668428897857666,4.444960296192259e-15,nan,nan,nan,nan,nan,nan,nan,nan,0.6352297067642212,0.42500975728034973
1,528,scene:1,rear,528,3,0,0,0,0,0,0,0,0,1.0,1.0,1.0865105390548706,1.5902773407317584e-15,nan,nan,nan,nan,nan,nan,nan,nan,0.6376315951347351,0.4045243561267853
1,529,scene:1,rear,529,3,0,0,0,0,0,0,0,0,1.0,1.0,0.1914655566215515,4.8519382537887585e-15,nan,nan,nan,nan,nan,nan,nan,nan,0.6440897583961487,0.40480661392211914
1,530,scene:1,rear,530,3,0,0,0,0,0,0,0,0,1.0,1.0,2.243056058883667,1.5904714545366597e-15,nan,nan,nan,nan,nan,nan,nan,nan,0.6510834097862244,0.4165143668651581
1,531,scene:1,rear,531,3,0,0,0,0,0,0,0,0,1.0,1.0,1.2906804084777832,3.3270061906900126e-15,nan,nan,nan,nan,nan,nan,nan,nan,0.6428261995315552,0.40127184987068176
1,532,scene:1,rear,532,3,0,0,0,0,0,0,0,0,1.0,1.0,0.28359735012054443,0.0,nan,nan,nan,nan,nan,nan,nan,nan,0.652478039264679,0.40168294310569763
1,533,scene:1,rear,533,3,0,0,0,0,0,0,0,0,1.0,1.0,0.23499572277069092,3.1805546814635168e-15,nan,nan,nan,nan,nan,nan,nan,nan,0.6439332365989685,0.40341123938560486
1,534,scene:1,rear,534,3,0,0,0,0,0,0,0,0,1.0,1.0,5.013156890869141,1.2228084966944053e-14,nan,nan,nan,nan,nan,nan,nan,nan,0.6089302897453308,0.3763962984085083
1,535,scene:1,rear,535,3,0,0,0,0,0,0,0,0,1.0,1.0,4.626592636108398,2.276611292524535e-13,nan,nan,nan,nan,nan,nan,nan,nan,0.6119521260261536,0.38307198882102966
1,536,scene:1,rear,536,3,0,0,0,0,0,0,0,0,1.0,1.0,4.964885234832764,9.963058983186904e-15,nan,nan,nan,nan,nan,nan,nan,nan,0.5996441841125488,0.3831191956996918
1,537,scene:1,rear,537,3,0,0,0,0,0,0,0,0,1.0,1.0,9.115447998046875,1.8218915724690907e-15,nan,nan,nan,nan,nan,nan,nan,nan,0.6447310447692871,0.4499385356903076
1,538,scene:1,rear,538,3,0,0,0,0,0,0,0,0,1.0,1.0,4.570812225341797,8.289620061500203e-15,nan,nan,nan,nan,nan,nan,nan,nan,0.6412020325660706,0.43974170088768005
1,539,scene:1,rear,539,3,0,0,0,0,0,0,0,0,1.0,1.0,0.8838335275650024,7.951386703658792e-16,nan,nan,nan,nan,nan,nan,nan,nan,0.6364332437515259,0.418560266494751
1,540,scene:1,rear,540,3,0,0,0,0,0,0,0,0,1.0,1.0,4.33775520324707,9.307920921036643e-15,nan,nan,nan,nan,nan,nan,nan,nan,0.6122827529907227,0.3855881989002228
1,541,scene:1,rear,541,3,0,0,0,0,0,0,0,0,1.0,1.0,4.5733513832092285,6.3611093629270335e-15,nan,nan,nan,nan,nan,nan,nan,nan,0.6563802361488342,0.4209021031856537
1,542,scene:1,rear,542,3,0,0,0,0,0,0,0,0,1.0,1.0,4.9873738288879395,5.733826494216872e-15,nan,nan,nan,nan,nan,nan,nan,nan,0.6149129867553711,0.37998712062835693
1,543,scene:1,rear,543,3,0,0,0,0,0,0,0,0,1.0,1.0,2.0190320014953613,1.2343871626511822e-14,nan,nan,nan,nan,nan,nan,nan,nan,0.6272163391113281,0.38450145721435547
1,544,scene:1,rear,544,3,0,0,0,0,0,0,0,0,1.0,1.0,7.171505451202393,6.556881449863406e-15,nan,nan,nan,nan,nan,nan,nan,nan,0.657675564289093,0.43577203154563904
1,545,scene:1,rear,545,3,0,0,0,0,0,0,0,0,1.0,1.0,2.647914409637451,2.0490254530823145e-16,nan,nan,nan,nan,nan,nan,nan,nan,0.6460505127906799,0.4282666742801666
1,546,scene:1,rear,546,3,0,0,0,0,0,0,0,0,1.0,1.0,0.6829675436019897,1.1443183594020015e-14,nan,nan,nan,nan,nan,nan,nan,nan,0.6371884346008301,0.41224178671836853
1,547,scene:1,rear,547,3,0,0,0,0,0,0,0,0,1.0,1.0,8.170860290527344,4.8376608526365755e-15,nan,nan,nan,nan,nan,nan,nan,nan,0.5776199102401733,0.37314966320991516
1,548,scene:1,rear,548,3,0,0,0,0,0,0,0,0,1.0,1.0,4.154124736785889,2.7544411522729284e-15,nan,nan,nan,nan,nan,nan,nan,nan,0.62039715051651,0.3817066252231598
1,549,scene:1,rear,549,3,0,0,0,0,0,0,0,0,1.0,1.0,0.46413886547088623,6.3611093629270335e-15,nan,nan,nan,nan,nan,nan,nan,nan,0.6415603756904602,0.4062296450138092
1,550,scene:1,rear,550,3,0,0,0,0,0,0,0,0,1.0,1.0,0.7251606583595276,1.9476840171514755e-15,nan,nan,nan,nan,nan,nan,nan,nan,0.6264535188674927,0.4093402922153473
1,551,scene:1,rear,551,3,0,0,0,0,0,0,0,0,1.0,1.0,5.8313469886779785,0.0,nan,nan,nan,nan,nan,nan,nan,nan,0.5914464592933655,0.40095314383506775
1,553,scene:1,rear,553,4,1,0,0,0,0,0,0,0,1.0,1.0,0.0,7.951580826941097e-15,nan,nan,nan,nan,nan,nan,nan,nan,0.0,0.0
1,554,scene:1,rear,554,4,0,0,0,0,0,0,0,0,1.0,1.0,3.392972469329834,9.916043300795449e-15,nan,nan,nan,nan,nan,nan,nan,nan,0.5962209105491638,0.4111059606075287
1,555,scene:1,rear,555,4,0,0,0,0,0,0,0,0,1.0,1.0,0.3469369113445282,5.19223877449632e-15,nan,nan,nan,nan,nan,nan,nan,nan,0.64319908618927,0.40500643849372864
1,556,scene:1,rear,556,4,0,0,0,0,0,0,0,0,1.0,1.0,2.4445760250091553,6.3611093629270335e-15,nan,nan,nan,nan,nan,nan,nan,nan,0.6458907723426819,0.41567525267601013
1,557,scene:1,rear,557,4,0,0,0,0,0,0,0,0,1.0,1.0,0.5674813985824585,0.0,nan,nan,nan,nan,nan,nan,nan,nan,0.6311950087547302,0.4126189649105072
1,558,scene:1,rear,558,4,0,0,0,0,0,0,0,0,1.0,1.0,0.6311230063438416,1.5935740596888873e-15,nan,nan,nan,nan,nan,nan,nan,nan,0.6246688365936279,0.4133547842502594
1,559,scene:1,rear,559,4,0,0,0,0,0,0,0,0,1.0,1.0,0.6356195211410522,9.355592153417408e-15,nan,nan,nan,nan,nan,nan,nan,nan,0.6249286532402039,0.4164409339427948
1,560,scene:1,rear,560,4,0,0,0,0,0,0,0,0,1.0,1.0,1.7718820571899414,6.3611093629270335e-15,nan,nan,nan,nan,nan,nan,nan,nan,0.636570155620575,0.4193510115146637
1,561,scene:1,rear,561,4,0,0,0,0,0,0,0,0,1.0,1.0,0.6318351030349731,7.290954437481361e-15,nan,nan,nan,nan,nan,nan,nan,nan,0.6322529315948486,0.41491183638572693
1,562,scene:1,rear,562,4,0,0,0,0,0,0,0,0,1.0,1.0,3.875702381134033,3.6237545630039915e-15,nan,nan,nan,nan,nan,nan,nan,nan,0.6133861541748047,0.39498233795166016
1,563,scene:1,rear,563,4,0,0,0,0,0,0,0,0,1.0,1.0,1.2628889083862305,4.8285267347532895e-15,nan,nan,nan,nan,nan,nan,nan,nan,0.6398118138313293,0.4146255552768707
1,564,scene:1,rear,564,4,0,0,0,0,0,0,0,0,1.0,1.0,2.19996976852417,1.3032150582712779e-14,nan,nan,nan,nan,nan,nan,nan,nan,0.6139028072357178,0.3970562219619751
1,565,scene:1,rear,565,4,0,0,0,0,0,0,0,0,1.0,1.0,1.315565586090088,1.5905199792862488e-15,nan,nan,nan,nan,nan,nan,nan,nan,0.6242795586585999,0.41682901978492737
1,566,scene:1,rear,566,4,0,0,0,0,0,0,0,0,1.0,1.0,2.366522789001465,6.831076365144986e-14,nan,nan,nan,nan,nan,nan,nan,nan,0.6112087965011597,0.4082140028476715
1,567,scene:1,rear,567,4,0,0,0,0,0,0,0,0,1.0,1.0,4.806921005249023,3.1805546814635168e-15,nan,nan,nan,nan,nan,nan,nan,nan,0.635700523853302,0.42860135436058044
1,568,scene:1,rear,568,4,0,0,0,0,0,0,0,0,1.0,1.0,3.3132574558258057,4.262700303213249e-15,nan,nan,nan,nan,nan,nan,nan,nan,0.6215535402297974,0.41561922430992126
1,569,scene:1,rear,569,4,0,0,0,0,0,0,0,0,1.0,1.0,4.66593074798584,6.764819414408375e-15,nan,nan,nan,nan,nan,nan,nan,nan,0.6428768038749695,0.41990891098976135
1,570,scene:1,rear,570,4,0,0,0,0,0,0,0,0,1.0,1.0,0.6354284286499023,3.878746826948381e-14,nan,nan,nan,nan,nan,nan,nan,nan,0.6307089924812317,0.4125925600528717
1,571,scene:1,rear,571,4,0,0,0,0,0,0,0,0,1.0,1.0,0.3626531958580017,7.741125194784195e-15,nan,nan,nan,nan,nan,nan,nan,nan,0.6363893151283264,0.41560065746307373
1,572,scene:1,rear,572,4,0,0,0,0,0,0,0,0,1.0,1.0,0.7346087694168091,1.5902773407317584e-15,nan,nan,nan,nan,nan,nan,nan,nan,0.6408469676971436,0.4112372398376465
1,573,scene:1,rear,573,4,0,0,0,0,0,0,0,0,1.0,1.0,1.2616719007492065,3.894416900597087e-15,nan,nan,nan,nan,nan,nan,nan,nan,0.6352831721305847,0.40175095200538635
1,574,scene:1,rear,574,4,0,0,0,0,0,0,0,0,1.0,1.0,1.3549206256866455,7.501323213600279e-15,nan,nan,nan,nan,nan,nan,nan,nan,0.6360538601875305,0.4028940498828888
1,575,scene:1,rear,575,4,0,0,0,0,0,0,0,0,1.0,1.0,0.21456634998321533,2.729238198738196e-14,nan,nan,nan,nan,nan,nan,nan,nan,0.6427182555198669,0.4055972099304199
1,576,scene:1,rear,576,4,0,0,0,0,0,0,0,0,1.0,1.0,7.179090976715088,4.281952784446056e-15,nan,nan,nan,nan,nan,nan,nan,nan,0.5898604989051819,0.3860766887664795
1,577,scene:1,rear,577,4,0,0,0,0,0,0,0,0,1.0,1.0,1.8807308673858643,2.7553376343641268e-15,nan,nan,nan,nan,nan,nan,nan,nan,0.6394460201263428,0.40300896763801575
1,578,scene:1,rear,578,4,0,0,0,0,0,0,0,0,1.0,1.0,6.622286319732666,1.7902556985534363e-14,nan,nan,nan,nan,nan,nan,nan,nan,0.6422238349914551,0.4252542555332184
1,579,scene:1,rear,579,4,0,0,0,0,0,0,0,0,1.0,1.0,0.7665818333625793,3.278440724931703e-15,nan,nan,nan,nan,nan,nan,nan,nan,0.6356460452079773,0.4298914968967438
1,580,scene:1,rear,580,4,0,0,0,0,0,0,0,0,1.0,1.0,5.068380355834961,9.803127907811118e-15,nan,nan,nan,nan,nan,nan,nan,nan,0.5993091464042664,0.4010874032974243
1,581,scene:1,rear,581,4,0,0,0,0,0,0,0,0,1.0,1.0,1.6525198221206665,8.279669728027228e-15,nan,nan,nan,nan,nan,nan,nan,nan,0.6288347840309143,0.40904486179351807
1,582,scene:1,rear,582,4,0,0,0,0,0,0,0,0,1.0,1.0,4.89701509475708,1.566241539428554e-14,nan,nan,nan,nan,nan,nan,nan,nan,0.6503931879997253,0.4212222099304199
1,583,scene:1,rear,583,4,0,0,0,0,0,0,0,0,1.0,1.0,0.6342011094093323,5.747593204295269e-15,nan,nan,nan,nan,nan,nan,nan,nan,0.6403128504753113,0.4185985326766968
1,585,scene:1,rear,585,5,1,0,0,0,0,0,0,0,1.0,1.0,0.0,2.6876392793482662e-14,nan,nan,nan,nan,nan,nan,nan,nan,0.0,0.0
1,586,scene:1,rear,586,5,0,0,0,0,0,0,0,0,1.0,1.0,3.0499227046966553,6.556881449863406e-15,nan,nan,nan,nan,nan,nan,nan,nan,0.6357043385505676,0.4310314953327179
1,587,scene:1,rear,587,5,0,0,0,0,0,0,0,0,1.0,1.0,5.283249855041504,6.3611093629270335e-15,nan,nan,nan,nan,nan,nan,nan,nan,0.6131000518798828,0.42797645926475525
1,588,scene:1,rear,588,5,0,0,0,0,0,0,0,0,1.0,1.0,0.5736064314842224,4.653429762020614e-15,nan,nan,nan,nan,nan,nan,nan,nan,0.6527025103569031,0.40945708751678467
1,589,scene:1,rear,589,5,0,0,0,0,0,0,0,0,1.0,1.0,0.18566374480724335,5.6365181301791904e-15,nan,nan,nan,nan,nan,nan,nan,nan,0.6363447308540344,0.4043365716934204
1,590,scene:1,rear,590,5,0,0,0,0,0,0,0,0,1.0,1.0,2.3382577896118164,1.4842960582999176e-15,nan,nan,nan,nan,nan,nan,nan,nan,0.6425949335098267,0.4112091362476349
1,591,scene:1,rear,591,5,0,0,0,0,0,0,0,0,1.0,1.0,1.931846261024475,2.2838619523008722e-15,nan,nan,nan,nan,nan,nan,nan,nan,0.6398320198059082,0.4162622392177582
1,593,scene:1,rear,593,6,1,0,0,0,0,0,0,0,1.0,1.0,0.0,6.896144097486046e-15,nan,nan,nan,nan,nan,nan,nan,nan,0.0,0.0
1,594,scene:1,rear,594,6,0,0,0,0,0,0,0,0,1.0,1.0,0.21029788255691528,3.692010485116123e-15,nan,nan,nan,nan,nan,nan,nan,nan,0.6129528284072876,0.42827925086021423
1,595,scene:1,rear,595,6,0,0,0,0,0,0,0,0,1.0,1.0,2.0208616256713867,1.5902773407317584e-15,nan,nan,nan,nan,nan,nan,nan,nan,0.6192412376403809,0.4082004129886627
1,596,scene:1,rear,596,6,0,0,0,0,0,0,0,0,1.0,1.0,0.3367849886417389,1.3455003235823515e-13,nan,nan,nan,nan,nan,nan,nan,nan,0.6322246789932251,0.4038633108139038
1,597,scene:1,rear,597,6,0,0,0,0,0,0,0,0,1.0,1.0,1.9646958112716675,1.2343871626511822e-14,nan,nan,nan,nan,nan,nan,nan,nan,0.64235919713974,0.41342392563819885
1,598,scene:1,rear,598,6,0,0,0,0,0,0,0,0,1.0,1.0,0.25710293650627136,9.54166404439055e-15,nan,nan,nan,nan,nan,nan,nan,nan,0.6289618611335754,0.4130859673023224
1,599,scene:1,rear,599,6,0,0,0,0,0,0,0,0,1.0,1.0,0.3116312026977539,7.844792267391114e-15,nan,nan,nan,nan,nan,nan,nan,nan,0.6345388293266296,0.4194139242172241
1,600,scene:1,rear,600,6,0,0,0,0,0,0,0,0,1.0,1.0,9.306900024414062,1.4596805651322505e-14,nan,nan,nan,nan,nan,nan,nan,nan,0.6491001844406128,0.42710721492767334
1,602,scene:1,rear,602,7,1,0,0,0,0,0,0,0,1.0,1.0,0.0,0.0,nan,nan,nan,nan,nan,nan,nan,nan,0.0,0.0
1,606,scene:1,rear,606,8,1,0,0,0,0,0,0,0,1.0,1.0,0.0,0.0,nan,nan,nan,nan,nan,nan,nan,nan,0.0,0.0
1,607,scene:1,rear,607,8,0,0,0,0,0,0,0,0,1.0,1.0,0.8788211345672607,4.5849932437189055e-15,nan,nan,nan,nan,nan,nan,nan,nan,0.6200959086418152,0.41356149315834045
1,609,scene:1,rear,609,9,1,0,0,0,0,0,0,0,1.0,1.0,0.0,1.2044054958149894e-13,nan,nan,nan,nan,nan,nan,nan,nan,0.0,0.0
1,610,scene:1,rear,610,9,0,0,0,0,0,0,0,0,1.0,1.0,9.457430839538574,2.921755951598252e-13,nan,nan,nan,nan,nan,nan,nan,nan,0.5315923094749451,0.39693865180015564
1,611,scene:1,rear,611,9,0,0,0,0,0,0,0,0,1.0,1.0,7.822056770324707,2.140976392223028e-15,nan,nan,nan,nan,nan,nan,nan,nan,0.551849901676178,0.3803914785385132
1,612,scene:1,rear,612,9,0,0,0,0,0,0,0,0,1.0,1.0,6.221973419189453,1.4421358620700236e-14,nan,nan,nan,nan,nan,nan,nan,nan,0.5985134840011597,0.3908500373363495
1,613,scene:1,rear,613,9,0,0,0,0,0,0,0,0,1.0,1.0,6.264865875244141,3.2375059867777718e-15,nan,nan,nan,nan,nan,nan,nan,nan,0.5893093347549438,0.39531007409095764
1,614,scene:1,rear,614,9,0,0,0,0,0,0,0,0,1.0,1.0,2.6207149028778076,9.031175995868507e-15,nan,nan,nan,nan,nan,nan,nan,nan,0.6185774207115173,0.4211774170398712
1,615,scene:1,rear,615,9,0,0,0,0,0,0,0,0,1.0,1.0,3.7080700397491455,2.104463389249118e-13,nan,nan,nan,nan,nan,nan,nan,nan,0.5806421637535095,0.40089938044548035
1,616,scene:1,rear,616,9,0,0,0,0,0,0,0,0,1.0,1.0,7.196779251098633,5.143928616718268e-15,nan,nan,nan,nan,nan,nan,nan,nan,0.5582769513130188,0.3966562747955322
1,617,scene:1,rear,617,9,0,0,0,0,0,0,0,0,1.0,1.0,0.9086744785308838,8.699526580740834e-15,nan,nan,nan,nan,nan,nan,nan,nan,0.5997049808502197,0.4110279083251953
1,618,scene:1,rear,618,9,0,0,0,0,0,0,0,0,1.0,1.0,8.597822189331055,2.2107143086590176e-14,nan,nan,nan,nan,nan,nan,nan,nan,0.6199769377708435,0.4329957962036133
1,619,scene:1,rear,619,9,0,0,0,0,0,0,0,0,1.0,1.0,1.8099194765090942,0.0,nan,nan,nan,nan,nan,nan,nan,nan,0.6220793128013611,0.4212215840816498
1,620,scene:1,rear,620,9,0,0,0,0,0,0,0,0,1.0,1.0,10.83699893951416,3.0923637018965243e-15,nan,nan,nan,nan,nan,nan,nan,nan,0.544599711894989,0.38771358132362366
1,621,scene:1,rear,621,9,0,0,0,0,0,0,0,0,1.0,1.0,9.125244140625,3.9813577856190815e-15,nan,nan,nan,nan,nan,nan,nan,nan,0.6361139416694641,0.44575679302215576
1,622,scene:1,rear,622,9,0,0,0,0,0,0,0,0,1.0,1.0,0.6005841493606567,7.602463534920134e-15,nan,nan,nan,nan,nan,nan,nan,nan,0.6285773515701294,0.41389527916908264
1,623,scene:1,rear,623,9,0,0,0,0,0,0,0,0,1.0,1.0,3.815577983856201,1.1271493824004597e-13,nan,nan,nan,nan,nan,nan,nan,nan,0.639575183391571,0.43248915672302246
1,624,scene:1,rear,624,9,0,0,0,0,0,0,0,0,1.0,1.0,1.9029371738433838,6.3611093629270335e-15,nan,nan,nan,nan,nan,nan,nan,nan,0.6315737366676331,0.4058438241481781
1,625,scene:1,rear,625,9,0,0,0,0,0,0,0,0,1.0,1.0,18.687833786010742,1.3610581655373401e-14,nan,nan,nan,nan,nan,nan,nan,nan,0.490671306848526,0.36650654673576355
1,626,scene:1,rear,626,9,0,0,0,0,0,0,0,0,1.0,1.0,0.9066494703292847,1.0260062212336622e-14,nan,nan,nan,nan,nan,nan,nan,nan,0.647107720375061,0.40013960003852844
1,627,scene:1,rear,627,9,0,0,0,0,0,0,0,0,1.0,1.0,20.151264190673828,1.5902773407317584e-15,nan,nan,nan,nan,nan,nan,nan,nan,0.4778454005718231,0.3734602928161621
1,628,scene:1,rear,628,9,0,0,0,0,0,0,0,0,1.0,1.0,12.991869926452637,6.373521295437537e-15,nan,nan,nan,nan,nan,nan,nan,nan,0.645285427570343,0.44968464970588684
1,629,scene:1,rear,629,9,0,0,0,0,0,0,0,0,1.0,1.0,7.6730570793151855,0.0,nan,nan,nan,nan,nan,nan,nan,nan,0.6385683417320251,0.4417550265789032
1,630,scene:1,rear,630,9,0,0,0,0,0,0,0,0,1.0,1.0,2.498685121536255,1.7100103687227702e-15,nan,nan,nan,nan,nan,nan,nan,nan,0.633904218673706,0.43435752391815186
1,631,scene:1,rear,631,9,0,0,0,0,0,0,0,0,1.0,1.0,4.082101821899414,3.373487674796208e-15,nan,nan,nan,nan,nan,nan,nan,nan,0.6082618236541748,0.4012298583984375
1,632,scene:1,rear,632,9,0,0,0,0,0,0,0,0,1.0,1.0,0.22464175522327423,1.9870902184431208e-14,nan,nan,nan,nan,nan,nan,nan,nan,0.6386595964431763,0.40904438495635986
1,633,scene:1,rear,633,9,0,0,0,0,0,0,0,0,1.0,1.0,0.7036409378051758,3.1805546814635168e-15,nan,nan,nan,nan,nan,nan,nan,nan,0.6437554955482483,0.4124729335308075
1,634,scene:1,rear,634,9,0,0,0,0,0,0,0,0,1.0,1.0,13.077194213867188,0.0,nan,nan,nan,nan,nan,nan,nan,nan,0.5315774083137512,0.37469521164894104
1,635,scene:1,rear,635,9,0,0,0,0,0,0,0,0,1.0,1.0,9.873552322387695,3.894759335489281e-14,nan,nan,nan,nan,nan,nan,nan,nan,0.550579845905304,0.37959644198417664
1,636,scene:1,rear,636,9,0,0,0,0,0,0,0,0,1.0,1.0,11.199435234069824,1.2747042590875074e-14,nan,nan,nan,nan,nan,nan,nan,nan,0.6414509415626526,0.45790624618530273
1,637,scene:1,rear,637,9,0,0,0,0,0,0,0,0,1.0,1.0,9.52003288269043,0.0,nan,nan,nan,nan,nan,nan,nan,nan,0.6398618221282959,0.44767916202545166
1,638,scene:1,rear,638,9,0,0,0,0,0,0,0,0,1.0,1.0,3.1911675930023193,0.0,nan,nan,nan,nan,nan,nan,nan,nan,0.6096764802932739,0.4062272608280182
1,639,scene:1,rear,639,9,0,0,0,0,0,0,0,0,1.0,1.0,14.351644515991211,8.030506928042854e-15,nan,nan,nan,nan,nan,nan,nan,nan,0.5282537937164307,0.3731277883052826
1,640,scene:1,rear,640,9,0,0,0,0,0,0,0,0,1.0,1.0,17.274728775024414,1.0503658440843723e-14,nan,nan,nan,nan,nan,nan,nan,nan,0.6577687859535217,0.45765161514282227
1,641,scene:1,rear,641,9,0,0,0,0,0,0,0,0,1.0,1.0,2.343714714050293,1.9476840171514755e-15,nan,nan,nan,nan,nan,nan,nan,nan,0.6498486399650574,0.47057077288627625
1,642,scene:1,rear,642,9,0,0,0,0,0,0,0,0,1.0,1.0,0.3847610056400299,0.0,nan,nan,nan,nan,nan,nan,nan,nan,0.6310882568359375,0.48040345311164856
1,643,scene:1,rear,643,9,0,0,0,0,0,0,0,0,1.0,1.0,0.3514865040779114,1.4295921080056412e-14,nan,nan,nan,nan,nan,nan,nan,nan,0.6275661587715149,0.4791184663772583
1,644,scene:1,rear,644,9,0,0,0,0,0,0,0,0,1.0,1.0,0.19404198229312897,0.0,nan,nan,nan,nan,nan,nan,nan,nan,0.6328654885292053,0.47664931416511536
1,646,scene:1,rear,646,10,1,0,0,0,0,0,0,0,1.0,1.0,0.0,5.095250833239655e-15,nan,nan,nan,nan,nan,nan,nan,nan,0.0,0.0
1,647,scene:1,rear,647,10,0,0,0,0,0,0,0,0,1.0,1.0,12.280323028564453,6.3611093629270335e-15,nan,nan,nan,nan,nan,nan,nan,nan,0.652768611907959,0.4644487202167511
1,650,scene:1,rear,650,11,1,0,0,0,0,0,0,0,1.0,1.0,0.0,9.837330818168405e-15,nan,nan,nan,nan,nan,nan,nan,nan,0.0,0.0
1,651,scene:1,rear,651,11,0,0,0,0,0,0,0,0,1.0,1.0,8.209358215332031,3.1805546814635168e-15,nan,nan,nan,nan,nan,nan,nan,nan,0.6600833535194397,0.44684696197509766
1,652,scene:1,rear,652,11,0,0,0,0,0,0,0,0,1.0,1.0,23.74173927307129,7.995869857510312e-15,nan,nan,nan,nan,nan,nan,nan,nan,0.4575589597225189,0.3776094913482666
1,654,scene:1,rear,654,12,1,0,0,0,0,0,0,0,1.0,1.0,0.0,1.2358268682482537e-14,nan,nan,nan,nan,nan,nan,nan,nan,0.0,0.0
1,655,scene:1,rear,655,12,0,0,0,0,0,0,0,0,1.0,1.0,17.71625328063965,3.750661606800139e-15,nan,nan,nan,nan,nan,nan,nan,nan,0.6330037713050842,0.49159276485443115
1,656,scene:1,rear,656,12,0,0,0,0,0,0,0,0,1.0,1.0,2.7527310848236084,1.987846675914698e-16,nan,nan,nan,nan,nan,nan,nan,nan,0.6402245163917542,0.4895802438259125
1,657,scene:1,rear,657,12,0,0,0,0,0,0,0,0,1.0,1.0,0.41199958324432373,0.0,nan,nan,nan,nan,nan,nan,nan,nan,0.630297839641571,0.4865616261959076
1,658,scene:1,rear,658,12,0,0,0,0,0,0,0,0,1.0,1.0,0.2814931869506836,7.951386703658792e-15,nan,nan,nan,nan,nan,nan,nan,nan,0.6324456334114075,0.4814646244049072
1,659,scene:1,rear,659,12,0,0,0,0,0,0,0,0,1.0,1.0,0.8362268805503845,5.0913716923398895e-15,nan,nan,nan,nan,nan,nan,nan,nan,0.6302523612976074,0.4818551540374756
1,660,scene:1,rear,660,12,0,1,1,1,0,0,1,1,1.0,1.0,120.62237548828125,0.0,nan,nan,nan,nan,nan,nan,nan,nan,0.3167598247528076,0.37011978030204773
1,661,scene:1,rear,661,12,0,0,0,0,0,0,0,0,1.0,1.0,93.73344421386719,0.0,nan,nan,nan,nan,nan,nan,nan,nan,0.2813953757286072,0.3564375638961792
1,662,scene:1,rear,662,12,0,0,0,0,0,0,0,0,1.0,1.0,53.5225715637207,9.98485690653792e-15,nan,nan,nan,nan,nan,nan,nan,nan,0.3221949338912964,0.36663100123405457
1,663,scene:1,rear,663,12,0,0,0,0,0,0,0,0,1.0,1.0,87.31375885009766,4.770832022195275e-15,nan,nan,nan,nan,nan,nan,nan,nan,0.29207488894462585,0.3551608622074127
1,664,scene:1,rear,664,12,0,0,0,0,0,0,0,0,1.0,1.0,87.66508483886719,1.5902773407317584e-15,nan,nan,nan,nan,nan,nan,nan,nan,0.2986316382884979,0.3539309501647949
1,665,scene:1,rear,665,12,0,0,0,0,0,0,0,0,1.0,1.0,7.142332553863525,2.392910556105306e-15,nan,nan,nan,nan,nan,nan,nan,nan,0.6774582862854004,0.528106153011322
1,666,scene:1,rear,666,12,0,0,0,0,0,0,0,0,1.0,1.0,1.772406816482544,1.6175014469354766e-14,nan,nan,nan,nan,nan,nan,nan,nan,0.6503334641456604,0.48982730507850647
1,667,scene:1,rear,667,12,0,0,0,0,0,0,0,0,1.0,1.0,0.3081011474132538,2.3854160110976376e-15,nan,nan,nan,nan,nan,nan,nan,nan,0.622538149356842,0.47955718636512756
1,668,scene:1,rear,668,12,0,0,0,0,0,0,0,0,1.0,1.0,0.3148312270641327,1.0578631972267758e-14,nan,nan,nan,nan,nan,nan,nan,nan,0.6320261359214783,0.473806232213974
1,669,scene:1,rear,669,12,0,0,0,0,0,0,0,0,1.0,1.0,0.2815738320350647,1.7779841184769035e-15,nan,nan,nan,nan,nan,nan,nan,nan,0.6295883655548096,0.46491217613220215
1,670,scene:1,rear,670,12,0,0,0,0,0,0,0,0,1.0,1.0,76.87201690673828,0.0,nan,nan,nan,nan,nan,nan,nan,nan,0.3198365867137909,0.3678992688655853
1,671,scene:1,rear,671,12,0,0,0,0,0,0,0,0,1.0,1.0,64.71025085449219,6.527906963055348e-14,nan,nan,nan,nan,nan,nan,nan,nan,0.31318286061286926,0.3628672659397125
1,672,scene:1,rear,672,12,0,0,0,0,0,0,0,0,1.0,1.0,62.45417022705078,6.2550083970179694e-15,nan,nan,nan,nan,nan,nan,nan,nan,0.33601751923561096,0.36292925477027893
1,673,scene:1,rear,673,12,0,0,0,0,0,0,0,0,1.0,1.0,70.36222076416016,4.770832022195275e-15,nan,nan,nan,nan,nan,nan,nan,nan,0.33209678530693054,0.3612116873264313
1,674,scene:1,rear,674,12,0,0,0,0,0,0,0,0,1.0,1.0,61.7153205871582,6.367318353534466e-15,nan,nan,nan,nan,nan,nan,nan,nan,0.3533831834793091,0.3601599633693695
1,675,scene:1,rear,675,12,0,0,0,0,0,0,0,0,1.0,1.0,52.88743591308594,2.812996205100105e-15,nan,nan,nan,nan,nan,nan,nan,nan,0.37858569622039795,0.36376523971557617
1,676,scene:1,rear,676,12,0,0,0,0,0,0,0,0,1.0,1.0,51.71095657348633,1.0458416342077837e-14,nan,nan,nan,nan,nan,nan,nan,nan,0.3774240016937256,0.3623976707458496
1,677,scene:1,rear,677,12,0,0,0,0,0,0,0,0,1.0,1.0,40.9686393737793,1.3263570853929061e-14,nan,nan,nan,nan,nan,nan,nan,nan,0.4118502140045166,0.3651301860809326
1,679,scene:1,rear,679,13,1,0,0,0,0,0,0,0,1.0,1.0,0.0,1.5902773407317584e-15,nan,nan,nan,nan,nan,nan,nan,nan,0.0,0.0
1,681,scene:1,rear,681,14,1,0,0,0,0,0,0,0,1.0,1.0,0.0,4.5677239046017444e-15,nan,nan,nan,nan,nan,nan,nan,nan,0.0,0.0
1,682,scene:1,rear,682,14,0,0,0,0,0,0,0,0,1.0,1.0,6.337799549102783,0.0,nan,nan,nan,nan,nan,nan,nan,nan,0.6476688981056213,0.4574826955795288
1,694,scene:1,rear,694,15,1,0,0,0,0,0,0,0,1.0,1.0,0.0,2.678188000320302e-15,nan,nan,nan,nan,nan,nan,nan,nan,0.0,0.0
1,695,scene:1,rear,695,15,0,0,0,0,0,0,0,0,1.0,1.0,1.2121800184249878,1.0012513565743497e-14,nan,nan,nan,nan,nan,nan,nan,nan,0.6123366951942444,0.415790319442749
1,700,scene:1,rear,700,16,1,0,0,0,0,0,0,0,1.0,1.0,0.0,5.94368025934609e-15,nan,nan,nan,nan,nan,nan,nan,nan,0.0,0.0
1,701,scene:1,rear,701,16,0,0,0,0,0,0,0,0,1.0,1.0,3.6802892684936523,6.840041474891081e-15,nan,nan,nan,nan,nan,nan,nan,nan,0.6476293206214905,0.43600964546203613
1,702,scene:1,rear,702,16,0,0,0,0,0,0,0,0,1.0,1.0,0.8697220683097839,1.4164366582259188e-14,nan,nan,nan,nan,nan,nan,nan,nan,0.6276008486747742,0.40978774428367615
1,703,scene:1,rear,703,16,0,0,0,0,0,0,0,0,1.0,1.0,1.1977897882461548,7.467812859371538e-15,nan,nan,nan,nan,nan,nan,nan,nan,0.6286197304725647,0.40681740641593933
1,717,scene:1,rear,717,17,1,0,0,0,0,0,0,0,1.0,1.0,0.0,2.3854160110976376e-15,nan,nan,nan,nan,nan,nan,nan,nan,0.0,0.0
1,718,scene:1,rear,718,17,0,0,0,0,0,0,0,0,1.0,1.0,1.5960458517074585,1.5902773407317584e-15,nan,nan,nan,nan,nan,nan,nan,nan,0.6301846504211426,0.4310015141963959
1,719,scene:1,rear,719,17,0,0,0,0,0,0,0,0,1.0,1.0,8.827136039733887,6.2697973031104335e-15,nan,nan,nan,nan,nan,nan,nan,nan,0.583736002445221,0.37258851528167725
1,721,scene:1,rear,721,18,1,0,0,0,0,0,0,0,1.0,1.0,0.0,1.9476840171514755e-15,nan,nan,nan,nan,nan,nan,nan,nan,0.0,0.0
1,722,scene:1,rear,722,18,0,0,0,0,0,0,0,0,1.0,1.0,0.6087149381637573,7.111936473907614e-15,nan,nan,nan,nan,nan,nan,nan,nan,0.6242803931236267,0.42384159564971924
1,736,scene:1,rear,736,19,1,0,0,0,0,0,0,0,1.0,1.0,0.0,3.248548379745605e-15,nan,nan,nan,nan,nan,nan,nan,nan,0.0,0.0
1,737,scene:1,rear,737,19,0,0,0,0,0,0,0,0,1.0,1.0,2.4371144771575928,3.1805546814635168e-15,nan,nan,nan,nan,nan,nan,nan,nan,0.6377262473106384,0.4318062365055084
1,743,scene:1,rear,743,20,1,0,0,0,0,0,0,0,1.0,1.0,0.0,5.635741023389378e-15,nan,nan,nan,nan,nan,nan,nan,nan,0.0,0.0
1,744,scene:1,rear,744,20,0,0,0,0,0,0,0,0,1.0,1.0,3.2557218074798584,6.3960960513853256e-15,nan,nan,nan,nan,nan,nan,nan,nan,0.5950726866722107,0.4079028367996216
1,745,scene:1,rear,745,20,0,0,0,0,0,0,0,0,1.0,1.0,3.6887149810791016,3.1805546814635168e-15,nan,nan,nan,nan,nan,nan,nan,nan,0.6135935187339783,0.3866475820541382
1,747,scene:1,rear,747,21,1,0,0,0,0,0,0,0,1.0,1.0,0.0,1.2233879192722576e-14,nan,nan,nan,nan,nan,nan,nan,nan,0.0,0.0
1,750,scene:1,rear,750,22,1,0,0,0,0,0,0,0,1.0,1.0,0.0,7.951386703658792e-16,nan,nan,nan,nan,nan,nan,nan,nan,0.0,0.0
1,751,scene:1,rear,751,22,0,0,0,0,0,0,0,0,1.0,1.0,1.5696589946746826,6.210231542525956e-15,nan,nan,nan,nan,nan,nan,nan,nan,0.6089844703674316,0.41434404253959656
1,752,scene:1,rear,752,22,0,0,0,0,0,0,0,0,1.0,1.0,0.16374137997627258,6.3611093629270335e-15,nan,nan,nan,nan,nan,nan,nan,nan,0.6367523074150085,0.4061264097690582
1,753,scene:1,rear,753,22,0,0,0,0,0,0,0,0,1.0,1.0,1.5204088687896729,7.081311433917696e-15,nan,nan,nan,nan,nan,nan,nan,nan,0.6464344263076782,0.4201871156692505
1,754,scene:1,rear,754,22,0,0,0,0,0,0,0,0,1.0,1.0,0.519968569278717,6.252438520093454e-15,nan,nan,nan,nan,nan,nan,nan,nan,0.6316790580749512,0.40808025002479553
1,755,scene:1,rear,755,22,0,0,0,0,0,0,0,0,1.0,1.0,0.8647698163986206,2.4277785569115098e-14,nan,nan,nan,nan,nan,nan,nan,nan,0.6258267760276794,0.40591755509376526
1,756,scene:1,rear,756,22,0,0,0,0,0,0,0,0,1.0,1.0,2.5689122676849365,9.013520256081502e-15,nan,nan,nan,nan,nan,nan,nan,nan,0.6361933350563049,0.4310623109340668
1,757,scene:1,rear,757,22,0,0,0,0,0,0,0,0,1.0,1.0,0.7564190626144409,8.417891110755904e-15,nan,nan,nan,nan,nan,nan,nan,nan,0.6289962530136108,0.4077240228652954
1,758,scene:1,rear,758,22,0,0,0,0,0,0,0,0,1.0,1.0,4.479036331176758,9.728988976319095e-15,nan,nan,nan,nan,nan,nan,nan,nan,0.6048479080200195,0.3853340148925781
1,759,scene:1,rear,759,22,0,0,0,0,0,0,0,0,1.0,1.0,1.483854055404663,5.0913716923398895e-15,nan,nan,nan,nan,nan,nan,nan,nan,0.625882625579834,0.396710067987442
1,760,scene:1,rear,760,22,0,0,0,0,0,0,0,0,1.0,1.0,2.365161657333374,1.4683178036206108e-14,nan,nan,nan,nan,nan,nan,nan,nan,0.640295147895813,0.42376431822776794
1,761,scene:1,rear,761,22,0,0,0,0,0,0,0,0,1.0,1.0,85.01624298095703,0.0,nan,nan,nan,nan,nan,nan,nan,nan,0.3761923313140869,0.3580925464630127
1,762,scene:1,rear,762,22,0,0,0,0,0,0,0,0,1.0,1.0,62.379451751708984,0.0,nan,nan,nan,nan,nan,nan,nan,nan,0.41423025727272034,0.3467442989349365
1,763,scene:1,rear,763,22,0,0,0,0,0,0,0,0,1.0,1.0,32.29072189331055,1.1638668285937122e-14,nan,nan,nan,nan,nan,nan,nan,nan,0.561249315738678,0.3292869031429291
1,764,scene:1,rear,764,22,0,0,0,0,0,0,0,0,1.0,1.0,10.09588623046875,6.469097238297868e-15,nan,nan,nan,nan,nan,nan,nan,nan,0.6721231341362,0.43428027629852295
1,765,scene:1,rear,765,22,0,0,0,0,0,0,0,0,1.0,1.0,0.7852925658226013,7.123213565110876e-15,nan,nan,nan,nan,nan,nan,nan,nan,0.6504842638969421,0.42190924286842346
1,766,scene:1,rear,766,22,0,0,0,0,0,0,0,0,1.0,1.0,1.2568867206573486,6.210231542525956e-15,nan,nan,nan,nan,nan,nan,nan,nan,0.637405276298523,0.43602514266967773
1,767,scene:1,rear,767,22,0,0,0,0,0,0,0,0,1.0,1.0,4.200727462768555,5.381890671772113e-15,nan,nan,nan,nan,nan,nan,nan,nan,0.6181641221046448,0.3963393270969391
1,768,scene:1,rear,768,22,0,0,0,0,0,0,0,0,1.0,1.0,3.01910400390625,1.8917210014401355e-15,nan,nan,nan,nan,nan,nan,nan,nan,0.6503915786743164,0.4317881166934967
1,769,scene:1,rear,769,22,0,0,0,0,0,0,0,0,1.0,1.0,0.7365951538085938,4.836639710492717e-15,nan,nan,nan,nan,nan,nan,nan,nan,0.6435683369636536,0.4050081670284271
1,770,scene:1,rear,770,22,0,0,0,0,0,0,0,0,1.0,1.0,0.3062872290611267,6.3611093629270335e-15,nan,nan,nan,nan,nan,nan,nan,nan,0.641079306602478,0.41616156697273254
1,771,scene:1,rear,771,22,0,0,0,0,0,0,0,0,1.0,1.0,1.6147098541259766,1.257853082255962e-14,nan,nan,nan,nan,nan,nan,nan,nan,0.6463689208030701,0.41918882727622986
1,772,scene:1,rear,772,22,0,0,0,0,0,0,0,0,1.0,1.0,3.1754374504089355,7.56557835757452e-15,nan,nan,nan,nan,nan,nan,nan,nan,0.6456745266914368,0.436489075422287
1,773,scene:1,rear,773,22,0,0,0,0,0,0,0,0,1.0,1.0,2.2013819217681885,3.1805546814635168e-15,nan,nan,nan,nan,nan,nan,nan,nan,0.6257275938987732,0.40758490562438965
1,774,scene:1,rear,774,22,0,0,0,0,0,0,0,0,1.0,1.0,3.5568039417266846,7.70915543237095e-15,nan,nan,nan,nan,nan,nan,nan,nan,0.6227476000785828,0.38411465287208557
1,775,scene:1,rear,775,22,0,0,0,0,0,0,0,0,1.0,1.0,1.83201265335083,7.845110949847762e-15,nan,nan,nan,nan,nan,nan,nan,nan,0.632090151309967,0.3944530785083771
1,776,scene:1,rear,776,22,0,0,0,0,0,0,0,0,1.0,1.0,5.450379848480225,3.192573828452092e-15,nan,nan,nan,nan,nan,nan,nan,nan,0.652129590511322,0.4465859830379486
1,777,scene:1,rear,777,22,0,0,0,0,0,0,0,0,1.0,1.0,0.8545445799827576,7.408563485080468e-15,nan,nan,nan,nan,nan,nan,nan,nan,0.6427271962165833,0.4073234796524048
1,778,scene:1,rear,778,22,0,0,0,0,0,0,0,0,1.0,1.0,0.415970116853714,8.84180084977635e-15,nan,nan,nan,nan,nan,nan,nan,nan,0.632706880569458,0.4143317639827728
1,779,scene:1,rear,779,22,0,0,0,0,0,0,0,0,1.0,1.0,1.122797966003418,3.1805546814635168e-15,nan,nan,nan,nan,nan,nan,nan,nan,0.6274687647819519,0.4127180874347687
1,780,scene:1,rear,780,22,0,0,0,0,0,0,0,0,1.0,1.0,7.092823028564453,3.1805546814635168e-15,nan,nan,nan,nan,nan,nan,nan,nan,0.599247395992279,0.37229594588279724
1,781,scene:1,rear,781,22,0,0,0,0,0,0,0,0,1.0,1.0,1.542542576789856,2.257759815604662e-15,nan,nan,nan,nan,nan,nan,nan,nan,0.6491205096244812,0.4192892014980316
1,782,scene:1,rear,782,22,0,0,0,0,0,0,0,0,1.0,1.0,2.7401883602142334,2.0045366436865718e-14,nan,nan,nan,nan,nan,nan,nan,nan,0.6498612761497498,0.43093541264533997
1,783,scene:1,rear,783,22,0,0,0,0,0,0,0,0,1.0,1.0,3.2559866905212402,6.3611093629270335e-15,nan,nan,nan,nan,nan,nan,nan,nan,0.6274037957191467,0.39027276635169983
1,784,scene:1,rear,784,22,0,0,0,0,0,0,0,0,1.0,1.0,1.491750955581665,5.028898508068018e-15,nan,nan,nan,nan,nan,nan,nan,nan,0.6441764831542969,0.4176466464996338
1,785,scene:1,rear,785,22,0,0,0,0,0,0,0,0,1.0,1.0,1.4719685316085815,1.2925685453183665e-14,nan,nan,nan,nan,nan,nan,nan,nan,0.6438156962394714,0.42022690176963806
1,786,scene:1,rear,786,22,0,0,0,0,0,0,0,0,1.0,1.0,0.8994916081428528,1.9525795361320544e-13,nan,nan,nan,nan,nan,nan,nan,nan,0.6377661824226379,0.41861990094184875
1,787,scene:1,rear,787,22,0,0,0,0,0,0,0,0,1.0,1.0,1.2112873792648315,4.841580037078713e-14,nan,nan,nan,nan,nan,nan,nan,nan,0.6379556059837341,0.4214247167110443
1,788,scene:1,rear,788,22,0,0,0,0,0,0,0,0,1.0,1.0,0.47850531339645386,1.0199343752018286e-14,nan,nan,nan,nan,nan,nan,nan,nan,0.64557284116745,0.41124677658081055
1,789,scene:1,rear,789,22,0,0,0,0,0,0,0,0,1.0,1.0,2.2253077030181885,1.2451146265684879e-14,nan,nan,nan,nan,nan,nan,nan,nan,0.6304808855056763,0.39449813961982727
1,790,scene:1,rear,790,22,0,0,0,0,0,0,0,0,1.0,1.0,5.656549453735352,7.595551483690875e-15,nan,nan,nan,nan,nan,nan,nan,nan,0.6531892418861389,0.4414496421813965
1,791,scene:1,rear,791,22,0,0,0,0,0,0,0,0,1.0,1.0,1.5839364528656006,5.713168265386355e-15,nan,nan,nan,nan,nan,nan,nan,nan,0.638155996799469,0.4016718864440918
1,792,scene:1,rear,792,22,0,0,0,0,0,0,0,0,1.0,1.0,1.9231081008911133,5.3042365122088226e-15,nan,nan,nan,nan,nan,nan,nan,nan,0.6335650086402893,0.38801702857017517
1,793,scene:1,rear,793,22,0,0,0,0,0,0,0,0,1.0,1.0,0.27609652280807495,6.799481786228848e-15,nan,nan,nan,nan,nan,nan,nan,nan,0.6476107239723206,0.40181031823158264
1,794,scene:1,rear,794,22,0,0,0,0,0,0,0,0,1.0,1.0,1.4319177865982056,4.243174041265856e-15,nan,nan,nan,nan,nan,nan,nan,nan,0.6424557566642761,0.40791812539100647
1,795,scene:1,rear,795,22,0,0,0,0,0,0,0,0,1.0,1.0,3.2253854274749756,1.0889572143952121e-13,nan,nan,nan,nan,nan,nan,nan,nan,0.632676899433136,0.4276932179927826
1,796,scene:1,rear,796,22,0,0,0,0,0,0,0,0,1.0,1.0,2.487520217895508,7.951386703658792e-16,nan,nan,nan,nan,nan,nan,nan,nan,0.6182723641395569,0.4105582535266876
1,797,scene:1,rear,797,22,0,0,0,0,0,0,0,0,1.0,1.0,5.538519382476807,4.098050906164629e-15,nan,nan,nan,nan,nan,nan,nan,nan,0.6453162431716919,0.4320763349533081
1,798,scene:1,rear,798,22,0,0,0,0,0,0,0,0,1.0,1.0,1.4594649076461792,8.710307722081132e-15,nan,nan,nan,nan,nan,nan,nan,nan,0.6370638608932495,0.4218887984752655
1,799,scene:1,rear,799,22,0,0,0,0,0,0,0,0,1.0,1.0,2.578188896179199,7.790736068605902e-15,nan,nan,nan,nan,nan,nan,nan,nan,0.6136077046394348,0.4039868414402008
1,800,scene:1,rear,800,22,0,0,0,0,0,0,0,0,1.0,1.0,5.480522155761719,0.0,nan,nan,nan,nan,nan,nan,nan,nan,0.5929663181304932,0.37851986289024353
1,801,scene:1,rear,801,22,0,0,0,0,0,0,0,0,1.0,1.0,0.06334943324327469,1.1122203110745095e-14,nan,nan,nan,nan,nan,nan,nan,nan,0.6510705351829529,0.4093632400035858
1,802,scene:1,rear,802,22,0,0,0,0,0,0,0,0,1.0,1.0,3.0166144371032715,2.6000110034911584e-15,nan,nan,nan,nan,nan,nan,nan,nan,0.6430778503417969,0.4130755662918091
1,803,scene:1,rear,803,22,0,0,0,0,0,0,0,0,1.0,1.0,8.77285385131836,9.699795576679086e-15,nan,nan,nan,nan,nan,nan,nan,nan,0.6407556533813477,0.4437984526157379
1,804,scene:1,rear,804,22,0,0,0,0,0,0,0,0,1.0,1.0,2.2625067234039307,0.0,nan,nan,nan,nan,nan,nan,nan,nan,0.6319969892501831,0.4317114055156708
1,805,scene:1,rear,805,22,0,0,0,0,0,0,0,0,1.0,1.0,1.462592601776123,5.3042365122088226e-15,nan,nan,nan,nan,nan,nan,nan,nan,0.6295841932296753,0.40212127566337585
1,806,scene:1,rear,806,22,0,0,0,0,0,0,0,0,1.0,1.0,0.12793871760368347,3.1805546814635168e-15,nan,nan,nan,nan,nan,nan,nan,nan,0.636476993560791,0.41355153918266296
1,807,scene:1,rear,807,22,0,0,0,0,0,0,0,0,1.0,1.0,1.2617789506912231,8.415543678721763e-15,nan,nan,nan,nan,nan,nan,nan,nan,0.6462879180908203,0.416591614484787
1,808,scene:1,rear,808,22,0,0,0,0,0,0,0,0,1.0,1.0,4.6222100257873535,1.164556269809925e-14,nan,nan,nan,nan,nan,nan,nan,nan,0.6156454086303711,0.381319522857666
1,809,scene:1,rear,809,22,0,0,0,0,0,0,0,0,1.0,1.0,1.3211795091629028,2.0272137981039193e-15,nan,nan,nan,nan,nan,nan,nan,nan,0.659482479095459,0.4034618139266968
1,810,scene:1,rear,810,22,0,0,0,0,0,0,0,0,1.0,1.0,0.72490394115448,6.000696399859549e-15,nan,nan,nan,nan,nan,nan,nan,nan,0.6449573040008545,0.3904637396335602
1,811,scene:1,rear,811,22,0,0,0,0,0,0,0,0,1.0,1.0,1.3538464307785034,4.836639710492717e-15,nan,nan,nan,nan,nan,nan,nan,nan,0.6267232894897461,0.40921464562416077
1,812,scene:1,rear,812,22,0,0,0,0,0,0,0,0,1.0,1.0,6.318935394287109,7.975421995716023e-15,nan,nan,nan,nan,nan,nan,nan,nan,0.6338347792625427,0.44321826100349426
1,813,scene:1,rear,813,22,0,0,0,0,0,0,0,0,1.0,1.0,7.370167255401611,0.0,nan,nan,nan,nan,nan,nan,nan,nan,0.5748432278633118,0.3874458372592926
1,814,scene:1,rear,814,22,0,0,0,0,0,0,0,0,1.0,1.0,4.357510089874268,7.951386703658792e-16,nan,nan,nan,nan,nan,nan,nan,nan,0.6495447754859924,0.42575764656066895
1,815,scene:1,rear,815,22,0,0,0,0,0,0,0,0,1.0,1.0,1.8949377536773682,0.0,nan,nan,nan,nan,nan,nan,nan,nan,0.6464893817901611,0.42535439133644104
1,816,scene:1,rear,816,22,0,0,0,0,0,0,0,0,1.0,1.0,0.3729030191898346,0.0,nan,nan,nan,nan,nan,nan,nan,nan,0.6429422497749329,0.4142746925354004
1,817,scene:1,rear,817,22,0,0,0,0,0,0,0,0,1.0,1.0,0.22725661098957062,6.655402718818987e-15,nan,nan,nan,nan,nan,nan,nan,nan,0.6445387005805969,0.4086886942386627
1,818,scene:1,rear,818,22,0,0,0,0,0,0,0,0,1.0,1.0,0.1679610162973404,1.009700884911883e-14,nan,nan,nan,nan,nan,nan,nan,nan,0.6417327523231506,0.40687689185142517
1,819,scene:1,rear,819,22,0,0,0,0,0,0,0,0,1.0,1.0,0.4239734411239624,2.8252609617571844e-15,nan,nan,nan,nan,nan,nan,nan,nan,0.6460337042808533,0.41159406304359436
1,820,scene:1,rear,820,22,0,0,0,0,0,0,0,0,1.0,1.0,0.6736196875572205,3.3504301038420396e-15,nan,nan,nan,nan,nan,nan,nan,nan,0.6446906328201294,0.40262797474861145
1,821,scene:1,rear,821,22,0,0,0,0,0,0,0,0,1.0,1.0,0.1542816013097763,5.6400223382454945e-15,nan,nan,nan,nan,nan,nan,nan,nan,0.6499004364013672,0.40289342403411865
1,822,scene:1,rear,822,22,0,0,0,0,0,0,0,0,1.0,1.0,0.1143837496638298,1.9189218447655043e-13,nan,nan,nan,nan,nan,nan,nan,nan,0.651954174041748,0.4050103425979614
1,823,scene:1,rear,823,22,0,0,0,0,0,0,0,0,1.0,1.0,0.6681743264198303,4.042344469456399e-15,nan,nan,nan,nan,nan,nan,nan,nan,0.6480384469032288,0.4029556214809418
1,824,scene:1,rear,824,22,0,0,0,0,0,0,0,0,1.0,1.0,0.06042063981294632,4.054427596207839e-15,nan,nan,nan,nan,nan,nan,nan,nan,0.6488402485847473,0.4033139646053314
1,825,scene:1,rear,825,22,0,0,0,0,0,0,0,0,1.0,1.0,0.026461074128746986,6.655457917235444e-14,nan,nan,nan,nan,nan,nan,nan,nan,0.6514908671379089,0.4009939432144165
1,826,scene:1,rear,826,22,0,0,0,0,0,0,0,0,1.0,1.0,0.7714381814002991,6.3611093629270335e-15,nan,nan,nan,nan,nan,nan,nan,nan,0.6485310196876526,0.40726783871650696
1,827,scene:1,rear,827,22,0,0,0,0,0,0,0,0,1.0,1.0,0.17730703949928284,1.2058874996266451e-14,nan,nan,nan,nan,nan,nan,nan,nan,0.645110547542572,0.39929893612861633
1,828,scene:1,rear,828,22,0,0,0,0,0,0,0,0,1.0,1.0,0.576051652431488,0.0,nan,nan,nan,nan,nan,nan,nan,nan,0.6440426111221313,0.40918847918510437
1,829,scene:1,rear,829,22,0,0,0,0,0,0,0,0,1.0,1.0,0.31603384017944336,2.0412968995527386e-14,nan,nan,nan,nan,nan,nan,nan,nan,0.6452389359474182,0.4044833183288574
1,830,scene:1,rear,830,22,0,0,0,0,0,0,0,0,1.0,1.0,2.068166732788086,8.63970398492872e-15,nan,nan,nan,nan,nan,nan,nan,nan,0.6317360997200012,0.39277029037475586
1,831,scene:1,rear,831,22,0,0,0,0,0,0,0,0,1.0,1.0,2.0199568271636963,0.0,nan,nan,nan,nan,nan,nan,nan,nan,0.6391798853874207,0.4201311767101288
1,832,scene:1,rear,832,22,0,0,0,0,0,0,0,0,1.0,1.0,2.261188268661499,3.1805546814635168e-15,nan,nan,nan,nan,nan,nan,nan,nan,0.636463463306427,0.3977576792240143
1,833,scene:1,rear,833,22,0,0,0,0,0,0,0,0,1.0,1.0,0.6678212881088257,6.3611093629270335e-15,nan,nan,nan,nan,nan,nan,nan,nan,0.6413495540618896,0.41077443957328796
1,834,scene:1,rear,834,22,0,0,0,0,0,0,0,0,1.0,1.0,0.2696099281311035,1.7895041287899975e-15,nan,nan,nan,nan,nan,nan,nan,nan,0.631510317325592,0.4043702185153961
1,835,scene:1,rear,835,22,0,0,0,0,0,0,0,0,1.0,1.0,2.195411205291748,1.8554172348520004e-15,nan,nan,nan,nan,nan,nan,nan,nan,0.639398992061615,0.42245426774024963
1,836,scene:1,rear,836,22,0,0,0,0,0,0,0,0,1.0,1.0,1.0846720933914185,5.987511662369398e-15,nan,nan,nan,nan,nan,nan,nan,nan,0.6405449509620667,0.4165235459804535
1,837,scene:1,rear,837,22,0,0,0,0,0,0,0,0,1.0,1.0,0.09439001232385635,1.987846675914698e-16,nan,nan,nan,nan,nan,nan,nan,nan,0.6385408043861389,0.4102584421634674
1,838,scene:1,rear,838,22,0,0,0,0,0,0,0,0,1.0,1.0,4.76680850982666,8.99596713278989e-15,nan,nan,nan,nan,nan,nan,nan,nan,0.6115143895149231,0.3838649094104767
1,839,scene:1,rear,839,22,0,0,0,0,0,0,0,0,1.0,1.0,4.42626428604126,5.9535924978367195e-15,nan,nan,nan,nan,nan,nan,nan,nan,0.6558306217193604,0.4234417974948883
1,840,scene:1,rear,840,22,0,0,0,0,0,0,0,0,1.0,1.0,1.5962674617767334,1.1384653202790139e-14,nan,nan,nan,nan,nan,nan,nan,nan,0.647969663143158,0.40950003266334534
1,841,scene:1,rear,841,22,0,0,0,0,0,0,0,0,1.0,1.0,0.31729835271835327,0.0,nan,nan,nan,nan,nan,nan,nan,nan,0.6420832276344299,0.4083658754825592
1,842,scene:1,rear,842,22,0,0,0,0,0,0,0,0,1.0,1.0,0.6570212244987488,6.3611093629270335e-15,nan,nan,nan,nan,nan,nan,nan,nan,0.6421604752540588,0.4054816961288452
1,843,scene:1,rear,843,22,0,0,0,0,0,0,0,0,1.0,1.0,0.1834128350019455,0.0,nan,nan,nan,nan,nan,nan,nan,nan,0.6478220820426941,0.40536555647850037
1,844,scene:1,rear,844,22,0,0,0,0,0,0,0,0,1.0,1.0,0.3458595275878906,0.0,nan,nan,nan,nan,nan,nan,nan,nan,0.6445755362510681,0.40535640716552734
1,845,scene:1,rear,845,22,0,0,0,0,0,0,0,0,1.0,1.0,0.5157385468482971,8.256147316987702e-15,nan,nan,nan,nan,nan,nan,nan,nan,0.6519614458084106,0.40177059173583984
1,846,scene:1,rear,846,22,0,0,0,0,0,0,0,0,1.0,1.0,1.5293759107589722,6.210231542525956e-15,nan,nan,nan,nan,nan,nan,nan,nan,0.646174967288971,0.41206708550453186
1,847,scene:1,rear,847,22,0,0,0,0,0,0,0,0,1.0,1.0,0.5299932360649109,1.006819880838256e-14,nan,nan,nan,nan,nan,nan,nan,nan,0.640063464641571,0.4031437933444977
1,848,scene:1,rear,848,22,0,0,0,0,0,0,0,0,1.0,1.0,0.3021380305290222,3.572996255092813e-15,nan,nan,nan,nan,nan,nan,nan,nan,0.6418492197990417,0.41045811772346497
1,849,scene:1,rear,849,22,0,0,0,0,0,0,0,0,1.0,1.0,0.23523011803627014,7.501323213600279e-15,nan,nan,nan,nan,nan,nan,nan,nan,0.6465901136398315,0.4087729752063751
1,850,scene:1,rear,850,22,0,0,0,0,0,0,0,0,1.0,1.0,0.9504418969154358,9.971483566388527e-15,nan,nan,nan,nan,nan,nan,nan,nan,0.6456162929534912,0.3992868959903717
1,851,scene:1,rear,851,22,0,0,0,0,0,0,0,0,1.0,1.0,0.2700084447860718,6.75378953095367e-15,nan,nan,nan,nan,nan,nan,nan,nan,0.6459375619888306,0.401374489068985
1,852,scene:1,rear,852,22,0,0,0,0,0,0,0,0,1.0,1.0,0.06737599521875381,4.373262687012335e-15,nan,nan,nan,nan,nan,nan,nan,nan,0.648691713809967,0.4107191860675812
1,853,scene:1,rear,853,22,0,0,0,0,0,0,0,0,1.0,1.0,0.6064735054969788,4.293896254079724e-15,nan,nan,nan,nan,nan,nan,nan,nan,0.6474873423576355,0.41093921661376953
1,854,scene:1,rear,854,22,0,0,0,0,0,0,0,0,1.0,1.0,0.1383715271949768,7.193193177581165e-15,nan,nan,nan,nan,nan,nan,nan,nan,0.6444167494773865,0.40787550806999207
1,855,scene:1,rear,855,22,0,0,0,0,0,0,0,0,1.0,1.0,0.6345072984695435,6.851585856902616e-15,nan,nan,nan,nan,nan,nan,nan,nan,0.6407021284103394,0.40442076325416565
1,856,scene:1,rear,856,22,0,0,0,0,0,0,0,0,1.0,1.0,0.6116575598716736,4.836639710492717e-15,nan,nan,nan,nan,nan,nan,nan,nan,0.6476193070411682,0.4125345051288605
1,857,scene:1,rear,857,22,0,0,0,0,0,0,0,0,1.0,1.0,0.23269425332546234,1.0296255457134671e-14,nan,nan,nan,nan,nan,nan,nan,nan,0.641981303691864,0.40284863114356995
1,858,scene:1,rear,858,22,0,0,0,0,0,0,0,0,1.0,1.0,0.09505459666252136,1.6631982568756953e-15,nan,nan,nan,nan,nan,nan,nan,nan,0.6407986283302307,0.4106535017490387
1,859,scene:1,rear,859,22,0,0,0,0,0,0,0,0,1.0,1.0,0.2575077712535858,1.5941553150251314e-15,nan,nan,nan,nan,nan,nan,nan,nan,0.6404995918273926,0.4082227051258087
1,860,scene:1,rear,860,22,0,0,0,0,0,0,0,0,1.0,1.0,0.055387623608112335,5.187718093757656e-15,nan,nan,nan,nan,nan,nan,nan,nan,0.6408199071884155,0.4092616140842438
1,861,scene:1,rear,861,22,0,0,0,0,0,0,0,0,1.0,1.0,0.35576802492141724,1.9215394218827556e-14,nan,nan,nan,nan,nan,nan,nan,nan,0.6399469971656799,0.40926459431648254
1,862,scene:1,rear,862,22,0,0,0,0,0,0,0,0,1.0,1.0,0.7915800213813782,3.3322382393093943e-15,nan,nan,nan,nan,nan,nan,nan,nan,0.641836941242218,0.41147494316101074
1,863,scene:1,rear,863,22,0,0,0,0,0,0,0,0,1.0,1.0,0.15843787789344788,5.454674460546104e-14,nan,nan,nan,nan,nan,nan,nan,nan,0.6404414772987366,0.4119199812412262
1,864,scene:1,rear,864,22,0,0,0,0,0,0,0,0,1.0,1.0,2.336282730102539,0.0,nan,nan,nan,nan,nan,nan,nan,nan,0.634548008441925,0.3925814628601074
1,865,scene:1,rear,865,22,0,0,0,0,0,0,0,0,1.0,1.0,1.2972326278686523,3.601600910435305e-15,nan,nan,nan,nan,nan,nan,nan,nan,0.6397693157196045,0.41093161702156067
1,866,scene:1,rear,866,22,0,0,0,0,0,0,0,0,1.0,1.0,0.1769111603498459,1.5902773407317584e-15,nan,nan,nan,nan,nan,nan,nan,nan,0.6360672116279602,0.41108202934265137
1,867,scene:1,rear,867,22,0,0,0,0,0,0,0,0,1.0,1.0,0.2662121057510376,8.330827206363894e-16,nan,nan,nan,nan,nan,nan,nan,nan,0.6337432861328125,0.4148557484149933
1,868,scene:1,rear,868,22,0,0,0,0,0,0,0,0,1.0,1.0,1.301537275314331,1.3426429147202026e-14,nan,nan,nan,nan,nan,nan,nan,nan,0.6341651082038879,0.4162454903125763
1,869,scene:1,rear,869,22,0,0,0,0,0,0,0,0,1.0,1.0,1.1350206136703491,6.978582861129795e-15,nan,nan,nan,nan,nan,nan,nan,nan,0.6361982226371765,0.4164038598537445
1,870,scene:1,rear,870,22,0,0,0,0,0,0,0,0,1.0,1.0,0.22242289781570435,6.3613034856169464e-15,nan,nan,nan,nan,nan,nan,nan,nan,0.6337890625,0.4129209518432617
1,871,scene:1,rear,871,22,0,0,0,0,0,0,0,0,1.0,1.0,0.7647207975387573,8.118595562524625e-15,nan,nan,nan,nan,nan,nan,nan,nan,0.6398279070854187,0.4094446897506714
1,872,scene:1,rear,872,22,0,0,0,0,0,0,0,0,1.0,1.0,3.8681228160858154,7.951386703658792e-15,nan,nan,nan,nan,nan,nan,nan,nan,0.6336866021156311,0.38480091094970703
1,873,scene:1,rear,873,22,0,0,0,0,0,0,0,0,1.0,1.0,0.3006708025932312,0.0,nan,nan,nan,nan,nan,nan,nan,nan,0.6433965563774109,0.4008110761642456
1,874,scene:1,rear,874,22,0,0,0,0,0,0,0,0,1.0,1.0,0.527259349822998,6.276653812227174e-15,nan,nan,nan,nan,nan,nan,nan,nan,0.6356528997421265,0.403717041015625
1,875,scene:1,rear,875,22,0,0,0,0,0,0,0,0,1.0,1.0,0.16996219754219055,4.045966968231602e-15,nan,nan,nan,nan,nan,nan,nan,nan,0.6264543533325195,0.40922966599464417
1,876,scene:1,rear,876,22,0,0,0,0,0,0,0,0,1.0,1.0,1.9145514965057373,3.975693351829396e-15,nan,nan,nan,nan,nan,nan,nan,nan,0.626799464225769,0.41990408301353455
1,877,scene:1,rear,877,22,0,0,0,0,0,0,0,0,1.0,1.0,0.39642438292503357,1.1511942752019086e-14,nan,nan,nan,nan,nan,nan,nan,nan,0.6214083433151245,0.40635237097740173
1,878,scene:1,rear,878,22,0,0,0,0,0,0,0,0,1.0,1.0,0.49608466029167175,3.1805546814635168e-15,nan,nan,nan,nan,nan,nan,nan,nan,0.6262280941009521,0.4143562316894531
1,879,scene:1,rear,879,22,0,0,0,0,0,0,0,0,1.0,1.0,0.08593875914812088,1.5902773407317584e-15,nan,nan,nan,nan,nan,nan,nan,nan,0.6281628608703613,0.4104890823364258
1,880,scene:1,rear,880,22,0,0,0,0,0,0,0,0,1.0,1.0,1.0898572206497192,9.661304235831897e-15,nan,nan,nan,nan,nan,nan,nan,nan,0.6311666369438171,0.41770386695861816
1,881,scene:1,rear,881,22,0,0,0,0,0,0,0,0,1.0,1.0,0.42230841517448425,4.979793982945974e-15,nan,nan,nan,nan,nan,nan,nan,nan,0.6294279098510742,0.4114466607570648
1,882,scene:1,rear,882,22,0,0,0,0,0,0,0,0,1.0,1.0,0.3973369598388672,1.4422509184659608e-14,nan,nan,nan,nan,nan,nan,nan,nan,0.6310153603553772,0.4131223261356354
1,883,scene:1,rear,883,22,0,0,0,0,0,0,0,0,1.0,1.0,0.4414956569671631,7.951386703658792e-16,nan,nan,nan,nan,nan,nan,nan,nan,0.6354765295982361,0.41447558999061584
1,884,scene:1,rear,884,22,0,0,0,0,0,0,0,0,1.0,1.0,2.6913559436798096,7.951386703658792e-16,nan,nan,nan,nan,nan,nan,nan,nan,0.6398354172706604,0.4218064248561859
1,885,scene:1,rear,885,22,0,0,0,0,0,0,0,0,1.0,1.0,2.1257216930389404,1.1970072581059392e-14,nan,nan,nan,nan,nan,nan,nan,nan,0.6308613419532776,0.4005139172077179
1,886,scene:1,rear,886,22,0,0,0,0,0,0,0,0,1.0,1.0,0.937639594078064,2.1501849353313276e-15,nan,nan,nan,nan,nan,nan,nan,nan,0.6419287323951721,0.40956321358680725
1,887,scene:1,rear,887,22,0,0,0,0,0,0,0,0,1.0,1.0,0.2475767433643341,7.0177252194395465e-15,nan,nan,nan,nan,nan,nan,nan,nan,0.6413849592208862,0.411239892244339
1,888,scene:1,rear,888,22,0,0,0,0,0,0,0,0,1.0,1.0,2.114677906036377,9.52915178676158e-15,nan,nan,nan,nan,nan,nan,nan,nan,0.6424460411071777,0.4182341396808624
1,889,scene:1,rear,889,22,0,0,0,0,0,0,0,0,1.0,1.0,4.1128082275390625,6.534242822779236e-15,nan,nan,nan,nan,nan,nan,nan,nan,0.6195433139801025,0.38442349433898926
1,890,scene:1,rear,890,22,0,0,0,0,0,0,0,0,1.0,1.0,0.47446930408477783,5.392892844764861e-15,nan,nan,nan,nan,nan,nan,nan,nan,0.6396879553794861,0.40219125151634216
1,891,scene:1,rear,891,22,0,0,0,0,0,0,0,0,1.0,1.0,0.4383835792541504,3.1805546814635168e-15,nan,nan,nan,nan,nan,nan,nan,nan,0.6423264145851135,0.40484145283699036
1,892,scene:1,rear,892,22,0,0,0,0,0,0,0,0,1.0,1.0,6.159078121185303,0.0,nan,nan,nan,nan,nan,nan,nan,nan,0.6461537480354309,0.432773619890213
1,893,scene:1,rear,893,22,0,0,0,0,0,0,0,0,1.0,1.0,0.37143775820732117,3.1805546814635168e-15,nan,nan,nan,nan,nan,nan,nan,nan,0.6398835778236389,0.41165462136268616
1,894,scene:1,rear,894,22,0,0,0,0,0,0,0,0,1.0,1.0,1.7568482160568237,5.950272958968204e-15,nan,nan,nan,nan,nan,nan,nan,nan,0.640134871006012,0.41710925102233887
1,895,scene:1,rear,895,22,0,0,0,0,0,0,0,0,1.0,1.0,1.0725820064544678,6.613325695735043e-15,nan,nan,nan,nan,nan,nan,nan,nan,0.6374356150627136,0.40503934025764465
1,896,scene:1,rear,896,22,0,0,0,0,0,0,0,0,1.0,1.0,0.5966445207595825,6.3611093629270335e-15,nan,nan,nan,nan,nan,nan,nan,nan,0.6448206901550293,0.4099756181240082
1,897,scene:1,rear,897,22,0,0,0,0,0,0,0,0,1.0,1.0,2.6197915077209473,1.3257611037472726e-14,nan,nan,nan,nan,nan,nan,nan,nan,0.6350606083869934,0.3890767991542816
1,898,scene:1,rear,898,22,0,0,0,0,0,0,0,0,1.0,1.0,0.43562400341033936,9.432392962618812e-15,nan,nan,nan,nan,nan,nan,nan,nan,0.6438868641853333,0.39628085494041443
1,899,scene:1,rear,899,22,0,0,0,0,0,0,0,0,1.0,1.0,2.9004406929016113,1.3685858792534666e-14,nan,nan,nan,nan,nan,nan,nan,nan,0.6480842232704163,0.4184422194957733
1,900,scene:1,rear,900,22,0,0,0,0,0,0,0,0,1.0,1.0,2.155421257019043,3.1209825877629802e-15,nan,nan,nan,nan,nan,nan,nan,nan,0.643271267414093,0.4228886067867279
1,901,scene:1,rear,901,22,0,0,0,0,0,0,0,0,1.0,1.0,0.6835182309150696,1.40238321236978e-14,nan,nan,nan,nan,nan,nan,nan,nan,0.63833087682724,0.41126251220703125
1,902,scene:1,rear,902,22,0,0,0,0,0,0,0,0,1.0,1.0,3.036896228790283,4.098050906164629e-15,nan,nan,nan,nan,nan,nan,nan,nan,0.6208615303039551,0.3929741680622101
1,903,scene:1,rear,903,22,0,0,0,0,0,0,0,0,1.0,1.0,1.4469548463821411,4.901563953905559e-15,nan,nan,nan,nan,nan,nan,nan,nan,0.6501457691192627,0.4110218584537506
1,904,scene:1,rear,904,22,0,0,0,0,0,0,0,0,1.0,1.0,1.792771577835083,8.710307722081132e-15,nan,nan,nan,nan,nan,nan,nan,nan,0.6508304476737976,0.4200584888458252
1,905,scene:1,rear,905,22,0,0,0,0,0,0,0,0,1.0,1.0,3.130408763885498,8.710307722081132e-15,nan,nan,nan,nan,nan,nan,nan,nan,0.6277886033058167,0.39030084013938904
1,906,scene:1,rear,906,22,0,0,0,0,0,0,0,0,1.0,1.0,0.5753359198570251,3.602886416030167e-15,nan,nan,nan,nan,nan,nan,nan,nan,0.6423999667167664,0.40101170539855957
1,907,scene:1,rear,907,22,0,0,0,0,0,0,0,0,1.0,1.0,2.730742931365967,6.373521295437537e-15,nan,nan,nan,nan,nan,nan,nan,nan,0.6467823386192322,0.42331960797309875
1,908,scene:1,rear,908,22,0,0,0,0,0,0,0,0,1.0,1.0,3.004516839981079,4.836639710492717e-15,nan,nan,nan,nan,nan,nan,nan,nan,0.6419724822044373,0.4245692789554596
1,909,scene:1,rear,909,22,0,0,0,0,0,0,0,0,1.0,1.0,0.3614315092563629,1.3680082949782161e-14,nan,nan,nan,nan,nan,nan,nan,nan,0.6384472846984863,0.4160490036010742
1,910,scene:1,rear,910,22,0,0,0,0,0,0,0,0,1.0,1.0,0.058197904378175735,4.7750362255510054e-15,nan,nan,nan,nan,nan,nan,nan,nan,0.6419594883918762,0.41059911251068115
1,911,scene:1,rear,911,22,0,0,0,0,0,0,0,0,1.0,1.0,2.9745969772338867,1.1244958915987363e-15,nan,nan,nan,nan,nan,nan,nan,nan,0.6269266605377197,0.39000973105430603
1,912,scene:1,rear,912,22,0,0,0,0,0,0,0,0,1.0,1.0,0.6536661982536316,9.217801721958296e-15,nan,nan,nan,nan,nan,nan,nan,nan,0.6471266150474548,0.4034024178981781
1,913,scene:1,rear,913,22,0,0,0,0,0,0,0,0,1.0,1.0,0.2961256802082062,4.249603471735952e-15,nan,nan,nan,nan,nan,nan,nan,nan,0.6423212885856628,0.40476730465888977
1,914,scene:1,rear,914,22,0,0,0,0,0,0,0,0,1.0,1.0,2.8677444458007812,3.662010693164294e-14,nan,nan,nan,nan,nan,nan,nan,nan,0.6438909769058228,0.4237661063671112
1,915,scene:1,rear,915,22,0,0,0,0,0,0,0,0,1.0,1.0,2.024278402328491,9.052890345079944e-15,nan,nan,nan,nan,nan,nan,nan,nan,0.6399615406990051,0.4223690927028656
1,916,scene:1,rear,916,22,0,0,0,0,0,0,0,0,1.0,1.0,2.3236987590789795,0.0,nan,nan,nan,nan,nan,nan,nan,nan,0.6264522671699524,0.3990439474582672
1,917,scene:1,rear,917,22,0,0,0,0,0,0,0,0,1.0,1.0,2.8404603004455566,5.33395235543071e-15,nan,nan,nan,nan,nan,nan,nan,nan,0.6458014845848083,0.42469727993011475
1,918,scene:1,rear,918,22,0,0,0,0,0,0,0,0,1.0,1.0,0.8792008757591248,3.555968236953807e-15,nan,nan,nan,nan,nan,nan,nan,nan,0.6367073059082031,0.4021848738193512
1,919,scene:1,rear,919,22,0,0,0,0,0,0,0,0,1.0,1.0,0.9068430662155151,0.0,nan,nan,nan,nan,nan,nan,nan,nan,0.6354674696922302,0.40241798758506775
1,920,scene:1,rear,920,22,0,0,0,0,0,0,0,0,1.0,1.0,2.2717363834381104,8.544049299960247e-16,nan,nan,nan,nan,nan,nan,nan,nan,0.6536419987678528,0.4137144386768341
1,921,scene:1,rear,921,22,0,0,0,0,0,0,0,0,1.0,1.0,1.4080358743667603,4.444960296192259e-16,nan,nan,nan,nan,nan,nan,nan,nan,0.6459679007530212,0.41455182433128357
1,922,scene:1,rear,922,22,0,0,0,0,0,0,0,0,1.0,1.0,0.1544276475906372,5.044589337173695e-15,nan,nan,nan,nan,nan,nan,nan,nan,0.639329195022583,0.4126988649368286
1,923,scene:1,rear,923,22,0,0,0,0,0,0,0,0,1.0,1.0,0.18338294327259064,6.3611093629270335e-15,nan,nan,nan,nan,nan,nan,nan,nan,0.641862690448761,0.4118518829345703
1,924,scene:1,rear,924,22,0,0,0,0,0,0,0,0,1.0,1.0,2.344043254852295,1.527411507701967e-14,nan,nan,nan,nan,nan,nan,nan,nan,0.6421562433242798,0.38582536578178406
1,925,scene:1,rear,925,22,0,0,0,0,0,0,0,0,1.0,1.0,0.2780529260635376,7.951386703658792e-16,nan,nan,nan,nan,nan,nan,nan,nan,0.6523524522781372,0.3976227343082428
1,926,scene:1,rear,926,22,0,0,0,0,0,0,0,0,1.0,1.0,1.6741082668304443,5.3503737223606816e-15,nan,nan,nan,nan,nan,nan,nan,nan,0.6449996829032898,0.41432809829711914
1,927,scene:1,rear,927,22,0,0,0,0,0,0,0,0,1.0,1.0,0.053692061454057693,6.01749787631722e-14,nan,nan,nan,nan,nan,nan,nan,nan,0.6422126889228821,0.4046596586704254
1,928,scene:1,rear,928,22,0,0,0,0,0,0,0,0,1.0,1.0,1.8176451921463013,6.667440444288388e-16,nan,nan,nan,nan,nan,nan,nan,nan,0.6349894404411316,0.41874822974205017
1,929,scene:1,rear,929,22,0,0,0,0,0,0,0,0,1.0,1.0,0.04296793043613434,1.1563733148556424e-14,nan,nan,nan,nan,nan,nan,nan,nan,0.6322924494743347,0.412849098443985
1,930,scene:1,rear,930,22,0,0,0,0,0,0,0,0,1.0,1.0,0.7644152045249939,7.590347268291469e-15,nan,nan,nan,nan,nan,nan,nan,nan,0.6370672583580017,0.41989314556121826
1,931,scene:1,rear,931,22,0,0,0,0,0,0,0,0,1.0,1.0,2.6247823238372803,4.160478654130273e-15,nan,nan,nan,nan,nan,nan,nan,nan,0.6300257444381714,0.39576196670532227
1,932,scene:1,rear,932,22,0,0,0,0,0,0,0,0,1.0,1.0,1.5784876346588135,1.8862052320904913e-15,nan,nan,nan,nan,nan,nan,nan,nan,0.6451606750488281,0.40957555174827576
1,933,scene:1,rear,933,22,0,0,0,0,0,0,0,0,1.0,1.0,0.7593802809715271,6.691393259330036e-15,nan,nan,nan,nan,nan,nan,nan,nan,0.6451388001441956,0.40013647079467773
1,934,scene:1,rear,934,22,0,0,0,0,0,0,0,0,1.0,1.0,1.0474594831466675,9.77891265162297e-15,nan,nan,nan,nan,nan,nan,nan,nan,0.6345553398132324,0.39654341340065
1,935,scene:1,rear,935,22,0,0,0,0,0,0,0,0,1.0,1.0,0.9074615836143494,7.951386703658792e-16,nan,nan,nan,nan,nan,nan,nan,nan,0.6238126158714294,0.41329681873321533
1,936,scene:1,rear,936,22,0,0,0,0,0,0,0,0,1.0,1.0,1.0130698680877686,0.0,nan,nan,nan,nan,nan,nan,nan,nan,0.625213623046875,0.4172942638397217
1,937,scene:1,rear,937,22,0,0,0,0,0,0,0,0,1.0,1.0,4.371243000030518,8.710307722081132e-15,nan,nan,nan,nan,nan,nan,nan,nan,0.5955580472946167,0.39379289746284485
1,938,scene:1,rear,938,22,0,0,0,0,0,0,0,0,1.0,1.0,0.4737866222858429,1.0182743384679779e-14,nan,nan,nan,nan,nan,nan,nan,nan,0.6289207339286804,0.40227392315864563
1,939,scene:1,rear,939,22,0,0,0,0,0,0,0,0,1.0,1.0,4.15037202835083,9.93923337957349e-17,nan,nan,nan,nan,nan,nan,nan,nan,0.635526716709137,0.43697425723075867
1,940,scene:1,rear,940,22,0,0,0,0,0,0,0,0,1.0,1.0,2.3506689071655273,3.755925695856357e-15,nan,nan,nan,nan,nan,nan,nan,nan,0.6287856698036194,0.40464428067207336
1,941,scene:1,rear,941,22,0,0,0,0,0,0,0,0,1.0,1.0,1.481089472770691,2.0586453437755215e-15,nan,nan,nan,nan,nan,nan,nan,nan,0.6295864582061768,0.41400912404060364
1,942,scene:1,rear,942,22,0,0,0,0,0,0,0,0,1.0,1.0,1.8066152334213257,1.9189218447655043e-13,nan,nan,nan,nan,nan,nan,nan,nan,0.6341236233711243,0.4237751066684723
1,943,scene:1,rear,943,22,0,0,0,0,0,0,0,0,1.0,1.0,0.25697147846221924,4.917661087397554e-15,nan,nan,nan,nan,nan,nan,nan,nan,0.6347680687904358,0.4136221706867218
1,944,scene:1,rear,944,22,0,0,0,0,0,0,0,0,1.0,1.0,2.0893447399139404,0.0,nan,nan,nan,nan,nan,nan,nan,nan,0.6300953030586243,0.3934454917907715
1,945,scene:1,rear,945,22,0,0,0,0,0,0,0,0,1.0,1.0,1.2850375175476074,1.738006208602883e-14,nan,nan,nan,nan,nan,nan,nan,nan,0.6454147100448608,0.41560694575309753
1,946,scene:1,rear,946,22,0,0,0,0,0,0,0,0,1.0,1.0,3.295753240585327,2.0023616173777674e-13,nan,nan,nan,nan,nan,nan,nan,nan,0.6174997091293335,0.38923725485801697
1,947,scene:1,rear,947,22,0,0,0,0,0,0,0,0,1.0,1.0,0.06327006220817566,7.012312293649959e-15,nan,nan,nan,nan,nan,nan,nan,nan,0.6405529975891113,0.4027101695537567
1,948,scene:1,rear,948,22,0,0,0,0,0,0,0,0,1.0,1.0,3.0240581035614014,2.2219671126902512e-13,nan,nan,nan,nan,nan,nan,nan,nan,0.6460657715797424,0.420400470495224
1,949,scene:1,rear,949,22,0,0,0,0,0,0,0,0,1.0,1.0,2.787666082382202,6.17273606425613e-15,nan,nan,nan,nan,nan,nan,nan,nan,0.6374350190162659,0.4259517192840576
1,950,scene:1,rear,950,22,0,0,0,0,0,0,0,0,1.0,1.0,0.7570720314979553,2.683593012484842e-15,nan,nan,nan,nan,nan,nan,nan,nan,0.6316515207290649,0.4100072681903839
1,951,scene:1,rear,951,22,0,0,0,0,0,0,0,0,1.0,1.0,0.8661872744560242,0.0,nan,nan,nan,nan,nan,nan,nan,nan,0.6298144459724426,0.4055749475955963
1,952,scene:1,rear,952,22,0,0,0,0,0,0,0,0,1.0,1.0,2.0916543006896973,3.1805546814635168e-15,nan,nan,nan,nan,nan,nan,nan,nan,0.643287718296051,0.4238458573818207
1,953,scene:1,rear,953,22,0,0,0,0,0,0,0,0,1.0,1.0,0.16294261813163757,2.7418596260955957e-15,nan,nan,nan,nan,nan,nan,nan,nan,0.6376521587371826,0.4039839506149292
1,954,scene:1,rear,954,22,0,0,0,0,0,0,0,0,1.0,1.0,0.3717915117740631,2.3854160110976376e-15,nan,nan,nan,nan,nan,nan,nan,nan,0.6396995186805725,0.4027620553970337
1,955,scene:1,rear,955,22,0,0,0,0,0,0,0,0,1.0,1.0,1.3602194786071777,6.616872465821891e-15,nan,nan,nan,nan,nan,nan,nan,nan,0.6358361840248108,0.39748966693878174
1,956,scene:1,rear,956,22,0,0,0,0,0,0,0,0,1.0,1.0,0.07214577496051788,1.3414651575508046e-14,nan,nan,nan,nan,nan,nan,nan,nan,0.6423795223236084,0.4065806567668915
1,957,scene:1,rear,957,22,0,0,0,0,0,0,0,0,1.0,1.0,1.9259618520736694,4.8243691460031046e-15,nan,nan,nan,nan,nan,nan,nan,nan,0.6469649076461792,0.41792407631874084
1,958,scene:1,rear,958,22,0,0,0,0,0,0,0,0,1.0,1.0,2.005959987640381,9.090460015050928e-15,nan,nan,nan,nan,nan,nan,nan,nan,0.6396918296813965,0.38896283507347107
1,959,scene:1,rear,959,22,0,0,0,0,0,0,0,0,1.0,1.0,0.6632388234138489,8.728435333202727e-15,nan,nan,nan,nan,nan,nan,nan,nan,0.6387085914611816,0.406648725271225
1,960,scene:1,rear,960,22,0,0,0,0,0,0,0,0,1.0,1.0,2.3789138793945312,4.5677239046017444e-15,nan,nan,nan,nan,nan,nan,nan,nan,0.6297383308410645,0.3851498067378998
1,961,scene:1,rear,961,22,0,0,0,0,0,0,0,0,1.0,1.0,4.352241039276123,9.716077242484168e-15,nan,nan,nan,nan,nan,nan,nan,nan,0.6355670094490051,0.4253350794315338
1,962,scene:1,rear,962,22,0,0,0,0,0,0,0,0,1.0,1.0,1.4680943489074707,7.949056854498949e-15,nan,nan,nan,nan,nan,nan,nan,nan,0.6167995929718018,0.4043584167957306
1,963,scene:1,rear,963,22,0,0,0,0,0,0,0,0,1.0,1.0,1.41629159450531,2.9817700138720468e-15,nan,nan,nan,nan,nan,nan,nan,nan,0.620013415813446,0.4026675522327423
1,964,scene:1,rear,964,22,0,0,0,0,0,0,0,0,1.0,1.0,4.894039154052734,6.386337802358474e-15,nan,nan,nan,nan,nan,nan,nan,nan,0.642230212688446,0.42832744121551514
1,965,scene:1,rear,965,22,0,0,0,0,0,0,0,0,1.0,1.0,0.7393624782562256,7.111936473907614e-15,nan,nan,nan,nan,nan,nan,nan,nan,0.6370946168899536,0.41738060116767883
1,966,scene:1,rear,966,22,0,0,0,0,0,0,0,0,1.0,1.0,0.279262512922287,3.397687227521017e-15,nan,nan,nan,nan,nan,nan,nan,nan,0.6394255757331848,0.40352240204811096
1,967,scene:1,rear,967,22,0,0,0,0,0,0,0,0,1.0,1.0,0.5012874007225037,2.630025251018682e-15,nan,nan,nan,nan,nan,nan,nan,nan,0.6359540820121765,0.4091549217700958
1,968,scene:1,rear,968,22,0,0,0,0,0,0,0,0,1.0,1.0,0.1452770084142685,2.1054702954981186e-13,nan,nan,nan,nan,nan,nan,nan,nan,0.6394246220588684,0.4051744043827057
1,969,scene:1,rear,969,22,0,0,0,0,0,0,0,0,1.0,1.0,0.15719544887542725,3.2420798143281426e-15,nan,nan,nan,nan,nan,nan,nan,nan,0.6438698172569275,0.4072393476963043
1,970,scene:1,rear,970,22,0,0,0,0,0,0,0,0,1.0,1.0,0.32245683670043945,0.0,nan,nan,nan,nan,nan,nan,nan,nan,0.6423109769821167,0.40354666113853455
1,971,scene:1,rear,971,22,0,0,0,0,0,0,0,0,1.0,1.0,0.07742459326982498,3.1152045911365768e-15,nan,nan,nan,nan,nan,nan,nan,nan,0.6450204253196716,0.40901410579681396
1,972,scene:1,rear,972,22,0,0,0,0,0,0,0,0,1.0,1.0,0.3673740327358246,1.0794090105242389e-14,nan,nan,nan,nan,nan,nan,nan,nan,0.6449317932128906,0.4080265462398529
1,973,scene:1,rear,973,22,0,0,0,0,0,0,0,0,1.0,1.0,1.2787413597106934,4.564478629659484e-15,nan,nan,nan,nan,nan,nan,nan,nan,0.6379044651985168,0.395353764295578
1,974,scene:1,rear,974,22,0,0,0,0,0,0,0,0,1.0,1.0,1.1017627716064453,6.373521295437537e-15,nan,nan,nan,nan,nan,nan,nan,nan,0.6478429436683655,0.41324368119239807
1,975,scene:1,rear,975,22,0,0,0,0,0,0,0,0,1.0,1.0,0.19508902728557587,6.3960960513853256e-15,nan,nan,nan,nan,nan,nan,nan,nan,0.6430578827857971,0.40795910358428955
1,976,scene:1,rear,976,22,0,0,0,0,0,0,0,0,1.0,1.0,0.2796283960342407,1.3324435771254658e-14,nan,nan,nan,nan,nan,nan,nan,nan,0.6426603198051453,0.4071327745914459
1,977,scene:1,rear,977,22,0,0,0,0,0,0,0,0,1.0,1.0,0.4649356007575989,0.0,nan,nan,nan,nan,nan,nan,nan,nan,0.6406055688858032,0.4072403609752655
1,978,scene:1,rear,978,22,0,0,0,0,0,0,0,0,1.0,1.0,3.7114036083221436,1.9983792082632632e-15,nan,nan,nan,nan,nan,nan,nan,nan,0.629471480846405,0.3888588845729828
1,979,scene:1,rear,979,22,0,0,0,0,0,0,0,0,1.0,1.0,0.7786874771118164,0.0,nan,nan,nan,nan,nan,nan,nan,nan,0.6404803395271301,0.4021543562412262
1,980,scene:1,rear,980,22,0,0,0,0,0,0,0,0,1.0,1.0,1.6220146417617798,1.5598283407055864e-13,nan,nan,nan,nan,nan,nan,nan,nan,0.6212134957313538,0.39522767066955566
1,981,scene:1,rear,981,22,0,0,0,0,0,0,0,0,1.0,1.0,0.217309832572937,1.236825677809378e-14,nan,nan,nan,nan,nan,nan,nan,nan,0.6267187595367432,0.4128263294696808
1,982,scene:1,rear,982,22,0,0,0,0,0,0,0,0,1.0,1.0,6.81614875793457,1.1134714263370538e-14,nan,nan,nan,nan,nan,nan,nan,nan,0.6299315690994263,0.43472447991371155
1,983,scene:1,rear,983,22,0,0,0,0,0,0,0,0,1.0,1.0,3.1610755920410156,1.1149675889571557e-14,nan,nan,nan,nan,nan,nan,nan,nan,0.6093867421150208,0.408579558134079
1,984,scene:1,rear,984,22,0,0,0,0,0,0,0,0,1.0,1.0,1.1250487565994263,2.9572612230209184e-15,nan,nan,nan,nan,nan,nan,nan,nan,0.6280596256256104,0.4176013171672821
1,985,scene:1,rear,985,22,0,0,0,0,0,0,0,0,1.0,1.0,2.1174895763397217,1.5933803238593843e-15,nan,nan,nan,nan,nan,nan,nan,nan,0.6317437291145325,0.417684406042099
1,986,scene:1,rear,986,22,0,0,0,0,0,0,0,0,1.0,1.0,0.9995394349098206,9.823544526435428e-15,nan,nan,nan,nan,nan,nan,nan,nan,0.6316682696342468,0.413761168718338
1,987,scene:1,rear,987,22,0,0,0,0,0,0,0,0,1.0,1.0,1.6870007514953613,4.969616689786745e-17,nan,nan,nan,nan,nan,nan,nan,nan,0.6383065581321716,0.4176778495311737
1,988,scene:1,rear,988,22,0,0,0,0,0,0,0,0,1.0,1.0,0.055390410125255585,6.3611093629270335e-15,nan,nan,nan,nan,nan,nan,nan,nan,0.637816309928894,0.410800576210022
1,989,scene:1,rear,989,22,0,0,0,0,0,0,0,0,1.0,1.0,0.34813201427459717,6.361885818146639e-15,nan,nan,nan,nan,nan,nan,nan,nan,0.6383147835731506,0.40405920147895813
1,990,scene:1,rear,990,22,0,0,0,0,0,0,0,0,1.0,1.0,0.7920126914978027,3.1805546814635168e-15,nan,nan,nan,nan,nan,nan,nan,nan,0.6382503509521484,0.4001028537750244
1,991,scene:1,rear,991,22,0,0,0,0,0,0,0,0,1.0,1.0,0.5434274077415466,9.93923337957349e-17,nan,nan,nan,nan,nan,nan,nan,nan,0.6467963457107544,0.40862393379211426
1,992,scene:1,rear,992,22,0,0,0,0,0,0,0,0,1.0,1.0,0.10232890397310257,2.318207668317348e-15,nan,nan,nan,nan,nan,nan,nan,nan,0.6451724171638489,0.40804004669189453
1,993,scene:1,rear,993,22,0,0,0,0,0,0,0,0,1.0,1.0,0.15848776698112488,4.1507457178536844e-15,nan,nan,nan,nan,nan,nan,nan,nan,0.6452962756156921,0.40882134437561035
1,994,scene:1,rear,994,22,0,0,0,0,0,0,0,0,1.0,1.0,1.507403016090393,1.2033041988894012e-14,nan,nan,nan,nan,nan,nan,nan,nan,0.6381367444992065,0.3995632231235504
1,995,scene:1,rear,995,22,0,0,0,0,0,0,0,0,1.0,1.0,2.164940118789673,3.1805546814635168e-15,nan,nan,nan,nan,nan,nan,nan,nan,0.6382598280906677,0.3904951810836792
1,996,scene:1,rear,996,22,0,0,0,0,0,0,0,0,1.0,1.0,1.5444985628128052,5.0913716923398895e-15,nan,nan,nan,nan,nan,nan,nan,nan,0.6369910836219788,0.400461345911026
1,997,scene:1,rear,997,22,0,0,0,0,0,0,0,0,1.0,1.0,0.5364986658096313,5.044589337173695e-15,nan,nan,nan,nan,nan,nan,nan,nan,0.6268906593322754,0.40582039952278137
1,998,scene:1,rear,998,22,0,0,0,0,0,0,0,0,1.0,1.0,0.25938621163368225,3.745802221275248e-15,nan,nan,nan,nan,nan,nan,nan,nan,0.6233891844749451,0.40705397725105286
1,999,scene:1,rear,999,22,0,0,0,0,0,0,0,0,1.0,1.0,3.6578173637390137,1.3731978076716437e-14,nan,nan,nan,nan,nan,nan,nan,nan,0.626392662525177,0.41729846596717834
1,1000,scene:1,rear,1000,22,0,0,0,0,0,0,0,0,1.0,1.0,0.12098560482263565,4.281952784446056e-15,nan,nan,nan,nan,nan,nan,nan,nan,0.6167330145835876,0.41207894682884216
1,1001,scene:1,rear,1001,22,0,0,0,0,0,0,0,0,1.0,1.0,0.23761974275112152,4.098050906164629e-15,nan,nan,nan,nan,nan,nan,nan,nan,0.6198830008506775,0.4104327857494354
1,1002,scene:1,rear,1002,22,0,0,0,0,0,0,0,0,1.0,1.0,1.2247953414916992,6.410612906129115e-15,nan,nan,nan,nan,nan,nan,nan,nan,0.6290571689605713,0.4201086461544037
1,1003,scene:1,rear,1003,22,0,0,0,0,0,0,0,0,1.0,1.0,2.098780393600464,1.5902773407317584e-15,nan,nan,nan,nan,nan,nan,nan,nan,0.6225340962409973,0.4055091440677643
1,1004,scene:1,rear,1004,22,0,0,0,0,0,0,0,0,1.0,1.0,1.1009703874588013,7.70915543237095e-15,nan,nan,nan,nan,nan,nan,nan,nan,0.6346452832221985,0.41650739312171936
1,1005,scene:1,rear,1005,22,0,0,0,0,0,0,0,0,1.0,1.0,2.2588908672332764,1.7273132520073836e-15,nan,nan,nan,nan,nan,nan,nan,nan,0.6432314515113831,0.4256770610809326
1,1006,scene:1,rear,1006,22,0,0,0,0,0,0,0,0,1.0,1.0,0.17906764149665833,9.094398542309743e-15,nan,nan,nan,nan,nan,nan,nan,nan,0.6416860222816467,0.41107502579689026
1,1007,scene:1,rear,1007,22,0,0,0,0,0,0,0,0,1.0,1.0,2.6054837703704834,8.721641894373643e-16,nan,nan,nan,nan,nan,nan,nan,nan,0.6289072036743164,0.39310550689697266
1,1008,scene:1,rear,1008,22,0,0,0,0,0,0,0,0,1.0,1.0,0.7354360818862915,5.9743495008229e-15,nan,nan,nan,nan,nan,nan,nan,nan,0.6398621201515198,0.3958267271518707
1,1009,scene:1,rear,1009,22,0,0,0,0,0,0,0,0,1.0,1.0,1.354749321937561,0.0,nan,nan,nan,nan,nan,nan,nan,nan,0.6486813426017761,0.4146665334701538
1,1010,scene:1,rear,1010,22,0,0,0,0,0,0,0,0,1.0,1.0,1.6128126382827759,3.2114645883345414e-15,nan,nan,nan,nan,nan,nan,nan,nan,0.6444337964057922,0.4142226278781891
1,1011,scene:1,rear,1011,22,0,0,0,0,0,0,0,0,1.0,1.0,1.8827967643737793,5.118705190480348e-15,nan,nan,nan,nan,nan,nan,nan,nan,0.6330851912498474,0.4067007005214691
1,1012,scene:1,rear,1012,22,0,0,0,0,0,0,0,0,1.0,1.0,0.028579192236065865,6.210231542525956e-15,nan,nan,nan,nan,nan,nan,nan,nan,0.6426121592521667,0.41006001830101013
1,1013,scene:1,rear,1013,22,0,0,0,0,0,0,0,0,1.0,1.0,0.6160063147544861,3.1805546814635168e-15,nan,nan,nan,nan,nan,nan,nan,nan,0.6383350491523743,0.4082760512828827
1,1014,scene:1,rear,1014,22,0,0,0,0,0,0,0,0,1.0,1.0,0.36988121271133423,1.2922627973694239e-14,nan,nan,nan,nan,nan,nan,nan,nan,0.6281461119651794,0.40495893359184265
1,1015,scene:1,rear,1015,22,0,0,0,0,0,0,0,0,1.0,1.0,2.7841262817382812,2.866913247108436e-15,nan,nan,nan,nan,nan,nan,nan,nan,0.6367014050483704,0.41514745354652405
1,1016,scene:1,rear,1016,22,0,0,0,0,0,0,0,0,1.0,1.0,1.5176506042480469,5.4075275876683096e-15,nan,nan,nan,nan,nan,nan,nan,nan,0.6355698108673096,0.4148617088794708
1,1017,scene:1,rear,1017,22,0,0,0,0,0,0,0,0,1.0,1.0,0.5520229935646057,1.2728429230849724e-15,nan,nan,nan,nan,nan,nan,nan,nan,0.6352057456970215,0.41187620162963867
1,1018,scene:1,rear,1018,22,0,0,0,0,0,0,0,0,1.0,1.0,0.31116411089897156,2.4848083448933726e-15,nan,nan,nan,nan,nan,nan,nan,nan,0.6411451697349548,0.4102350175380707
1,1019,scene:1,rear,1019,22,0,0,0,0,0,0,0,0,1.0,1.0,0.7865291237831116,0.0,nan,nan,nan,nan,nan,nan,nan,nan,0.6399149298667908,0.4073903262615204
1,1020,scene:1,rear,1020,22,0,0,0,0,0,0,0,0,1.0,1.0,0.7562821507453918,1.9027776191457682e-13,nan,nan,nan,nan,nan,nan,nan,nan,0.6435869336128235,0.4062994420528412
1,1021,scene:1,rear,1021,22,0,0,0,0,0,0,0,0,1.0,1.0,2.0506348609924316,3.771673881051013e-15,nan,nan,nan,nan,nan,nan,nan,nan,0.630867063999176,0.38564133644104004
1,1022,scene:1,rear,1022,22,0,0,0,0,0,0,0,0,1.0,1.0,1.8806766271591187,7.148989441831798e-15,nan,nan,nan,nan,nan,nan,nan,nan,0.646484911441803,0.4031682014465332
1,1023,scene:1,rear,1023,22,0,0,0,0,0,0,0,0,1.0,1.0,1.063820481300354,5.168401357378215e-15,nan,nan,nan,nan,nan,nan,nan,nan,0.632054328918457,0.42007699608802795
1,1024,scene:1,rear,1024,22,0,0,0,0,0,0,0,0,1.0,1.0,2.343804359436035,0.0,nan,nan,nan,nan,nan,nan,nan,nan,0.6378546357154846,0.4264771640300751
1,1025,scene:1,rear,1025,22,0,0,0,0,0,0,0,0,1.0,1.0,0.7511674165725708,6.568923482873022e-15,nan,nan,nan,nan,nan,nan,nan,nan,0.6365746259689331,0.41700124740600586
1,1026,scene:1,rear,1026,22,0,0,0,0,0,0,0,0,1.0,1.0,1.1253830194473267,4.497983566394945e-15,nan,nan,nan,nan,nan,nan,nan,nan,0.6441367864608765,0.4080875813961029
1,1027,scene:1,rear,1027,22,0,0,0,0,0,0,0,0,1.0,1.0,1.0707772970199585,1.0065651603054456e-14,nan,nan,nan,nan,nan,nan,nan,nan,0.6420755982398987,0.3936343193054199
1,1028,scene:1,rear,1028,22,0,0,0,0,0,0,0,0,1.0,1.0,1.7616313695907593,8.536175634560708e-15,nan,nan,nan,nan,nan,nan,nan,nan,0.6453465223312378,0.41291865706443787
1,1029,scene:1,rear,1029,22,0,0,0,0,0,0,0,0,1.0,1.0,1.1250405311584473,8.452440007333248e-15,nan,nan,nan,nan,nan,nan,nan,nan,0.643822431564331,0.4150146543979645
1,1030,scene:1,rear,1030,22,0,0,0,0,0,0,0,0,1.0,1.0,0.3241008520126343,5.641787305877072e-15,nan,nan,nan,nan,nan,nan,nan,nan,0.6400445699691772,0.4098450839519501
1,1031,scene:1,rear,1031,22,0,0,0,0,0,0,0,0,1.0,1.0,0.1793137490749359,1.0564147409429093e-14,nan,nan,nan,nan,nan,nan,nan,nan,0.6443238854408264,0.414050817489624
1,1032,scene:1,rear,1032,22,0,0,0,0,0,0,0,0,1.0,1.0,0.36041882634162903,6.373521295437537e-15,nan,nan,nan,nan,nan,nan,nan,nan,0.6461722254753113,0.41018059849739075
1,1033,scene:1,rear,1033,22,0,0,0,0,0,0,0,0,1.0,1.0,2.1282835006713867,0.0,nan,nan,nan,nan,nan,nan,nan,nan,0.6396147608757019,0.39420178532600403
1,1034,scene:1,rear,1034,22,0,0,0,0,0,0,0,0,1.0,1.0,0.5845134258270264,9.681445973238611e-15,nan,nan,nan,nan,nan,nan,nan,nan,0.6442857384681702,0.39382055401802063
1,1035,scene:1,rear,1035,22,0,0,0,0,0,0,0,0,1.0,1.0,1.7645888328552246,4.468219206974767e-15,nan,nan,nan,nan,nan,nan,nan,nan,0.6292651295661926,0.38534167408943176
1,1036,scene:1,rear,1036,22,0,0,0,0,0,0,0,0,1.0,1.0,0.858065664768219,7.951386703658792e-16,nan,nan,nan,nan,nan,nan,nan,nan,0.6330496072769165,0.4137798845767975
1,1037,scene:1,rear,1037,22,0,0,0,0,0,0,0,0,1.0,1.0,0.7957982420921326,8.889920592384517e-15,nan,nan,nan,nan,nan,nan,nan,nan,0.62649005651474,0.40502843260765076
1,1038,scene:1,rear,1038,22,0,0,0,0,0,0,0,0,1.0,1.0,5.3110480308532715,1.5902773407317584e-15,nan,nan,nan,nan,nan,nan,nan,nan,0.629402220249176,0.43051430583000183
1,1039,scene:1,rear,1039,22,0,0,0,0,0,0,0,0,1.0,1.0,0.20195874571800232,5.274353251811411e-15,nan,nan,nan,nan,nan,nan,nan,nan,0.624176561832428,0.4187478721141815
1,1040,scene:1,rear,1040,22,0,0,0,0,0,0,0,0,1.0,1.0,0.8911611437797546,1.252185630278443e-14,nan,nan,nan,nan,nan,nan,nan,nan,0.6386569142341614,0.4236883819103241
1,1041,scene:1,rear,1041,22,0,0,0,0,0,0,0,0,1.0,1.0,0.3200241029262543,7.200286898389528e-15,nan,nan,nan,nan,nan,nan,nan,nan,0.6418113112449646,0.41741156578063965
1,1042,scene:1,rear,1042,22,0,0,0,0,0,0,0,0,1.0,1.0,2.558659791946411,5.02914405375836e-15,nan,nan,nan,nan,nan,nan,nan,nan,0.633887529373169,0.3978974521160126
1,1043,scene:1,rear,1043,22,0,0,0,0,0,0,0,0,1.0,1.0,0.2549588084220886,2.6909020160899416e-13,nan,nan,nan,nan,nan,nan,nan,nan,0.6461037993431091,0.4094674587249756
1,1044,scene:1,rear,1044,22,0,0,0,0,0,0,0,0,1.0,1.0,1.905433177947998,2.8589607039409105e-15,nan,nan,nan,nan,nan,nan,nan,nan,0.6461178660392761,0.42549821734428406
1,1045,scene:1,rear,1045,22,0,0,0,0,0,0,0,0,1.0,1.0,0.47493472695350647,1.2114323202160987e-13,nan,nan,nan,nan,nan,nan,nan,nan,0.6438368558883667,0.40810510516166687
1,1046,scene:1,rear,1046,22,0,0,0,0,0,0,0,0,1.0,1.0,0.5987401604652405,4.208083639607888e-15,nan,nan,nan,nan,nan,nan,nan,nan,0.6429896950721741,0.40744468569755554
1,1047,scene:1,rear,1047,22,0,0,0,0,0,0,0,0,1.0,1.0,0.2940017282962799,4.444960296192259e-15,nan,nan,nan,nan,nan,nan,nan,nan,0.644172728061676,0.41575250029563904
1,1048,scene:1,rear,1048,22,0,0,0,0,0,0,0,0,1.0,1.0,1.7771273851394653,1.752915615436328e-14,nan,nan,nan,nan,nan,nan,nan,nan,0.6425760388374329,0.4062778055667877
1,1049,scene:1,rear,1049,22,0,0,0,0,0,0,0,0,1.0,1.0,0.9767318367958069,4.737470713311729e-14,nan,nan,nan,nan,nan,nan,nan,nan,0.6469621062278748,0.3999386131763458
1,1050,scene:1,rear,1050,22,0,0,0,0,0,0,0,0,1.0,1.0,1.3231807947158813,3.1805546814635168e-15,nan,nan,nan,nan,nan,nan,nan,nan,0.6480913162231445,0.41687512397766113
1,1051,scene:1,rear,1051,22,0,0,0,0,0,0,0,0,1.0,1.0,0.4750780165195465,0.0,nan,nan,nan,nan,nan,nan,nan,nan,0.6377407908439636,0.40305569767951965
1,1052,scene:1,rear,1052,22,0,0,0,0,0,0,0,0,1.0,1.0,0.18585120141506195,4.212171588050938e-15,nan,nan,nan,nan,nan,nan,nan,nan,0.6391516327857971,0.40657898783683777
1,1053,scene:1,rear,1053,22,0,0,0,0,0,0,0,0,1.0,1.0,1.3796634674072266,5.0913716923398895e-15,nan,nan,nan,nan,nan,nan,nan,nan,0.641038715839386,0.41696465015411377
1,1054,scene:1,rear,1054,22,0,0,0,0,0,0,0,0,1.0,1.0,1.4050703048706055,3.1805546814635168e-15,nan,nan,nan,nan,nan,nan,nan,nan,0.6405051350593567,0.417011022567749
1,1055,scene:1,rear,1055,22,0,0,0,0,0,0,0,0,1.0,1.0,2.4790563583374023,1.0526206570780425e-14,nan,nan,nan,nan,nan,nan,nan,nan,0.6476055383682251,0.4144822359085083
1,1056,scene:1,rear,1056,22,0,0,0,0,0,0,0,0,1.0,1.0,0.3451708257198334,3.643783144938181e-15,nan,nan,nan,nan,nan,nan,nan,nan,0.6443319320678711,0.40689024329185486
1,1057,scene:1,rear,1057,22,0,0,0,0,0,0,0,0,1.0,1.0,0.4168250262737274,2.3391009658021133e-14,nan,nan,nan,nan,nan,nan,nan,nan,0.6409562230110168,0.4114295244216919
1,1058,scene:1,rear,1058,22,0,0,0,0,0,0,0,0,1.0,1.0,0.9173207879066467,1.50345484439433e-14,nan,nan,nan,nan,nan,nan,nan,nan,0.6418665051460266,0.4104768931865692
1,1059,scene:1,rear,1059,22,0,0,0,0,0,0,0,0,1.0,1.0,1.0398809909820557,3.196433348430319e-15,nan,nan,nan,nan,nan,nan,nan,nan,0.6423003673553467,0.4077948033809662
1,1060,scene:1,rear,1060,22,0,0,0,0,0,0,0,0,1.0,1.0,0.6245675683021545,1.0182743384679779e-14,nan,nan,nan,nan,nan,nan,nan,nan,0.6440446972846985,0.4074132740497589
1,1061,scene:1,rear,1061,22,0,0,0,0,0,0,0,0,1.0,1.0,0.16830496490001678,2.514449254034009e-15,nan,nan,nan,nan,nan,nan,nan,nan,0.6451687216758728,0.40986335277557373
1,1062,scene:1,rear,1062,22,0,0,0,0,0,0,0,0,1.0,1.0,2.761854648590088,6.746975349592416e-15,nan,nan,nan,nan,nan,nan,nan,nan,0.6416680216789246,0.4151730239391327
1,1063,scene:1,rear,1063,22,0,0,0,0,0,0,0,0,1.0,1.0,1.4800454378128052,0.0,nan,nan,nan,nan,nan,nan,nan,nan,0.6329154968261719,0.40850329399108887
1,1064,scene:1,rear,1064,22,0,0,0,0,0,0,0,0,1.0,1.0,0.11281467974185944,1.2262538301230664e-13,nan,nan,nan,nan,nan,nan,nan,nan,0.6347866654396057,0.4106144905090332
1,1065,scene:1,rear,1065,22,0,0,0,0,0,0,0,0,1.0,1.0,2.8799540996551514,9.140312696994402e-15,nan,nan,nan,nan,nan,nan,nan,nan,0.6443437933921814,0.4279952049255371
1,1066,scene:1,rear,1066,22,0,0,0,0,0,0,0,0,1.0,1.0,6.295999050140381,6.3611093629270335e-15,nan,nan,nan,nan,nan,nan,nan,nan,0.609825849533081,0.3865976333618164
1,1067,scene:1,rear,1067,22,0,0,0,0,0,0,0,0,1.0,1.0,2.167782783508301,1.474762535997776e-14,nan,nan,nan,nan,nan,nan,nan,nan,0.6437720656394958,0.41342899203300476
1,1068,scene:1,rear,1068,22,0,0,0,0,0,0,0,0,1.0,1.0,1.376344084739685,1.4273791157996184e-14,nan,nan,nan,nan,nan,nan,nan,nan,0.640871524810791,0.40883198380470276
1,1069,scene:1,rear,1069,22,0,0,0,0,0,0,0,0,1.0,1.0,1.8435887098312378,9.93923337957349e-16,nan,nan,nan,nan,nan,nan,nan,nan,0.6337413191795349,0.41296467185020447
1,1070,scene:1,rear,1070,22,0,0,0,0,0,0,0,0,1.0,1.0,4.01852560043335,2.514449254034009e-15,nan,nan,nan,nan,nan,nan,nan,nan,0.6392666697502136,0.4316016137599945
1,1071,scene:1,rear,1071,22,0,0,0,0,0,0,0,0,1.0,1.0,2.647096633911133,6.556881449863406e-15,nan,nan,nan,nan,nan,nan,nan,nan,0.6332860589027405,0.4108429253101349
1,1072,scene:1,rear,1072,22,0,0,0,0,0,0,0,0,1.0,1.0,0.24612852931022644,5.028898508068018e-15,nan,nan,nan,nan,nan,nan,nan,nan,0.6408664584159851,0.4155326187610626
1,1073,scene:1,rear,1073,22,0,0,0,0,0,0,0,0,1.0,1.0,0.34705832600593567,1.2722218725854067e-14,nan,nan,nan,nan,nan,nan,nan,nan,0.6409698724746704,0.4122645854949951
1,1074,scene:1,rear,1074,22,0,0,0,0,0,0,0,0,1.0,1.0,3.5438337326049805,5.5821361875626464e-14,nan,nan,nan,nan,nan,nan,nan,nan,0.6397122144699097,0.42048391699790955
1,1075,scene:1,rear,1075,22,0,0,0,0,0,0,0,0,1.0,1.0,1.5258424282073975,3.975693351829396e-16,nan,nan,nan,nan,nan,nan,nan,nan,0.6298619508743286,0.40306219458580017
1,1076,scene:1,rear,1076,22,0,0,0,0,0,0,0,0,1.0,1.0,0.25858554244041443,6.3611093629270335e-15,nan,nan,nan,nan,nan,nan,nan,nan,0.6455976366996765,0.3938887119293213
1,1077,scene:1,rear,1077,22,0,0,0,0,0,0,0,0,1.0,1.0,0.6511005163192749,1.7438752477126798e-14,nan,nan,nan,nan,nan,nan,nan,nan,0.6402650475502014,0.3938559293746948
1,1078,scene:1,rear,1078,22,0,0,0,0,0,0,0,0,1.0,1.0,1.9817835092544556,2.514449254034009e-15,nan,nan,nan,nan,nan,nan,nan,nan,0.6357719898223877,0.4210473299026489
1,1079,scene:1,rear,1079,22,0,0,0,0,0,0,0,0,1.0,1.0,1.3458136320114136,4.281952784446056e-15,nan,nan,nan,nan,nan,nan,nan,nan,0.6352667212486267,0.40812793374061584
1,1080,scene:1,rear,1080,22,0,0,0,0,0,0,0,0,1.0,1.0,0.02497023157775402,1.4840590178929327e-13,nan,nan,nan,nan,nan,nan,nan,nan,0.6339612007141113,0.40241703391075134
1,1081,scene:1,rear,1081,22,0,0,0,0,0,0,0,0,1.0,1.0,0.30532243847846985,5.788696897479999e-15,nan,nan,nan,nan,nan,nan,nan,nan,0.6341784596443176,0.4095288813114166
1,1082,scene:1,rear,1082,22,0,0,0,0,0,0,0,0,1.0,1.0,1.4512829780578613,6.3611093629270335e-15,nan,nan,nan,nan,nan,nan,nan,nan,0.6282222270965576,0.3939303159713745
1,1083,scene:1,rear,1083,22,0,0,0,0,0,0,0,0,1.0,1.0,0.32158663868904114,2.975136479484102e-15,nan,nan,nan,nan,nan,nan,nan,nan,0.641879677772522,0.4033924341201782
1,1084,scene:1,rear,1084,22,0,0,0,0,0,0,0,0,1.0,1.0,3.4808218479156494,7.951386703658792e-16,nan,nan,nan,nan,nan,nan,nan,nan,0.6376187801361084,0.4275016486644745
1,1085,scene:1,rear,1085,22,0,0,0,0,0,0,0,0,1.0,1.0,0.29750221967697144,6.410612906129115e-15,nan,nan,nan,nan,nan,nan,nan,nan,0.6375384330749512,0.4185691177845001
1,1086,scene:1,rear,1086,22,0,0,0,0,0,0,0,0,1.0,1.0,0.5377551913261414,0.0,nan,nan,nan,nan,nan,nan,nan,nan,0.635338544845581,0.4102518856525421
1,1087,scene:1,rear,1087,22,0,0,0,0,0,0,0,0,1.0,1.0,0.058307964354753494,6.3611093629270335e-15,nan,nan,nan,nan,nan,nan,nan,nan,0.6481372714042664,0.4032873213291168
1,1088,scene:1,rear,1088,22,0,0,0,0,0,0,0,0,1.0,1.0,0.8890233635902405,5.028898508068018e-15,nan,nan,nan,nan,nan,nan,nan,nan,0.6437941193580627,0.3949838876724243
1,1089,scene:1,rear,1089,22,0,0,0,0,0,0,0,0,1.0,1.0,0.28309640288352966,3.975693351829396e-16,nan,nan,nan,nan,nan,nan,nan,nan,0.6421121954917908,0.41176554560661316
1,1090,scene:1,rear,1090,22,0,0,0,0,0,0,0,0,1.0,1.0,0.5101150274276733,0.0,nan,nan,nan,nan,nan,nan,nan,nan,0.6438931822776794,0.4060175120830536
1,1091,scene:1,rear,1091,22,0,0,0,0,0,0,0,0,1.0,1.0,2.9199185371398926,6.3611093629270335e-15,nan,nan,nan,nan,nan,nan,nan,nan,0.6402595639228821,0.3842594623565674
1,1092,scene:1,rear,1092,22,0,0,0,0,0,0,0,0,1.0,1.0,0.3269261419773102,5.0913716923398895e-15,nan,nan,nan,nan,nan,nan,nan,nan,0.6241676807403564,0.4043467938899994
1,1093,scene:1,rear,1093,22,0,0,0,0,0,0,0,0,1.0,1.0,1.6435514688491821,7.57732109210851e-15,nan,nan,nan,nan,nan,nan,nan,nan,0.6287851333618164,0.42327550053596497
1,1094,scene:1,rear,1094,22,0,0,0,0,0,0,0,0,1.0,1.0,3.097846031188965,5.252769650050748e-15,nan,nan,nan,nan,nan,nan,nan,nan,0.638556182384491,0.4378013610839844
1,1095,scene:1,rear,1095,22,0,0,0,0,0,0,0,0,1.0,1.0,2.637070894241333,2.417563654623398e-13,nan,nan,nan,nan,nan,nan,nan,nan,0.6318727135658264,0.40728387236595154
1,1096,scene:1,rear,1096,22,0,0,0,0,0,0,0,0,1.0,1.0,0.3877354860305786,1.8753308034000697e-15,nan,nan,nan,nan,nan,nan,nan,nan,0.640748143196106,0.40324464440345764
1,1097,scene:1,rear,1097,22,0,0,0,0,0,0,0,0,1.0,1.0,0.7383396029472351,1.0822360177976576e-14,nan,nan,nan,nan,nan,nan,nan,nan,0.6471055150032043,0.40932002663612366
1,1098,scene:1,rear,1098,22,0,0,0,0,0,0,0,0,1.0,1.0,1.8338490724563599,3.0489570428510718e-15,nan,nan,nan,nan,nan,nan,nan,nan,0.6334356665611267,0.40507766604423523
1,1099,scene:1,rear,1099,22,0,0,0,0,0,0,0,0,1.0,1.0,2.353660821914673,5.27628808096967e-15,nan,nan,nan,nan,nan,nan,nan,nan,0.6464478373527527,0.4248098134994507
1,1100,scene:1,rear,1100,22,0,0,0,0,0,0,0,0,1.0,1.0,1.221758484840393,1.9476840171514755e-15,nan,nan,nan,nan,nan,nan,nan,nan,0.642776370048523,0.41253069043159485
1,1101,scene:1,rear,1101,22,0,0,0,0,0,0,0,0,1.0,1.0,0.7489432096481323,3.605627296164902e-15,nan,nan,nan,nan,nan,nan,nan,nan,0.6393464207649231,0.40640220046043396
1,1102,scene:1,rear,1102,22,0,0,0,0,0,0,0,0,1.0,1.0,1.3037402629852295,5.819334142968561e-15,nan,nan,nan,nan,nan,nan,nan,nan,0.6441312432289124,0.419958233833313
1,1103,scene:1,rear,1103,22,0,0,0,0,0,0,0,0,1.0,1.0,0.6113528609275818,7.951386703658792e-16,nan,nan,nan,nan,nan,nan,nan,nan,0.6458078026771545,0.41987332701683044
1,1104,scene:1,rear,1104,22,0,0,0,0,0,0,0,0,1.0,1.0,1.5281906127929688,3.1805546814635168e-15,nan,nan,nan,nan,nan,nan,nan,nan,0.6417625546455383,0.40346506237983704
1,1105,scene:1,rear,1105,22,0,0,0,0,0,0,0,0,1.0,1.0,1.0111935138702393,7.170039235203384e-15,nan,nan,nan,nan,nan,nan,nan,nan,0.6432094573974609,0.3912237584590912
1,1106,scene:1,rear,1106,22,0,0,0,0,0,0,0,0,1.0,1.0,0.5570066571235657,0.0,nan,nan,nan,nan,nan,nan,nan,nan,0.6469104290008545,0.391890287399292
1,1107,scene:1,rear,1107,22,0,0,0,0,0,0,0,0,1.0,1.0,2.1719415187835693,8.256147316987702e-15,nan,nan,nan,nan,nan,nan,nan,nan,0.6405745148658752,0.41976428031921387
1,1108,scene:1,rear,1108,22,0,0,0,0,0,0,0,0,1.0,1.0,2.653954267501831,0.0,nan,nan,nan,nan,nan,nan,nan,nan,0.6405749320983887,0.4305269718170166
1,1109,scene:1,rear,1109,22,0,0,0,0,0,0,0,0,1.0,1.0,1.4943914413452148,1.5902773407317584e-15,nan,nan,nan,nan,nan,nan,nan,nan,0.6357436776161194,0.4063882827758789
1,1110,scene:1,rear,1110,22,0,0,0,0,0,0,0,0,1.0,1.0,0.8302971720695496,1.5290921844641754e-14,nan,nan,nan,nan,nan,nan,nan,nan,0.6377701163291931,0.39973852038383484
1,1111,scene:1,rear,1111,22,0,0,0,0,0,0,0,0,1.0,1.0,0.27652207016944885,4.5677239046017444e-15,nan,nan,nan,nan,nan,nan,nan,nan,0.6483400464057922,0.40931236743927
1,1112,scene:1,rear,1112,22,0,0,0,0,0,0,0,0,1.0,1.0,1.9395819902420044,3.1805546814635168e-15,nan,nan,nan,nan,nan,nan,nan,nan,0.6463316679000854,0.41447246074676514
1,1113,scene:1,rear,1113,22,0,0,0,0,0,0,0,0,1.0,1.0,2.315063714981079,1.5902773407317584e-15,nan,nan,nan,nan,nan,nan,nan,nan,0.6358323693275452,0.4002293050289154
1,1114,scene:1,rear,1114,22,0,0,0,0,0,0,0,0,1.0,1.0,0.12479312717914581,5.274353251811411e-15,nan,nan,nan,nan,nan,nan,nan,nan,0.6401143074035645,0.4050873816013336
1,1115,scene:1,rear,1115,22,0,0,0,0,0,0,0,0,1.0,1.0,0.050132282078266144,3.1805546814635168e-15,nan,nan,nan,nan,nan,nan,nan,nan,0.6429510116577148,0.40765345096588135
1,1116,scene:1,rear,1116,22,0,0,0,0,0,0,0,0,1.0,1.0,0.67367023229599,1.5902773407317584e-15,nan,nan,nan,nan,nan,nan,nan,nan,0.6437017321586609,0.4133542478084564
1,1117,scene:1,rear,1117,22,0,0,0,0,0,0,0,0,1.0,1.0,0.2674359679222107,1.1244958915987363e-14,nan,nan,nan,nan,nan,nan,nan,nan,0.6425835490226746,0.4143771827220917
1,1118,scene:1,rear,1118,22,0,0,0,0,0,0,0,0,1.0,1.0,0.13873903453350067,1.2483930351051921e-14,nan,nan,nan,nan,nan,nan,nan,nan,0.6376827359199524,0.4081171452999115
1,1119,scene:1,rear,1119,22,0,0,0,0,0,0,0,0,1.0,1.0,1.9395532608032227,4.448865284271835e-16,nan,nan,nan,nan,nan,nan,nan,nan,0.6441577672958374,0.4231811761856079
1,1120,scene:1,rear,1120,22,0,0,0,0,0,0,0,0,1.0,1.0,2.774134397506714,1.1640365750875183e-14,nan,nan,nan,nan,nan,nan,nan,nan,0.6336705088615417,0.40256550908088684
1,1121,scene:1,rear,1121,22,0,0,0,0,0,0,0,0,1.0,1.0,1.6031290292739868,8.177398180443991e-15,nan,nan,nan,nan,nan,nan,nan,nan,0.6368899941444397,0.39054617285728455
1,1122,scene:1,rear,1122,22,0,0,0,0,0,0,0,0,1.0,1.0,0.47098299860954285,3.4200207374455404e-15,nan,nan,nan,nan,nan,nan,nan,nan,0.6398418545722961,0.4020429849624634
1,1123,scene:1,rear,1123,22,0,0,0,0,0,0,0,0,1.0,1.0,2.313070774078369,2.5802219223975928e-14,nan,nan,nan,nan,nan,nan,nan,nan,0.6410288214683533,0.41777873039245605
1,1124,scene:1,rear,1124,22,0,0,0,0,0,0,0,0,1.0,1.0,1.5321989059448242,3.1805546814635168e-15,nan,nan,nan,nan,nan,nan,nan,nan,0.6196501851081848,0.40412941575050354
1,1125,scene:1,rear,1125,22,0,0,0,0,0,0,0,0,1.0,1.0,1.1485651731491089,6.210231542525956e-15,nan,nan,nan,nan,nan,nan,nan,nan,0.638069212436676,0.4240807294845581
1,1126,scene:1,rear,1126,22,0,0,0,0,0,0,0,0,1.0,1.0,3.1730966567993164,6.3611093629270335e-15,nan,nan,nan,nan,nan,nan,nan,nan,0.620373010635376,0.3868889808654785
1,1127,scene:1,rear,1127,22,0,0,0,0,0,0,0,0,1.0,1.0,0.7547531723976135,8.079563626999498e-15,nan,nan,nan,nan,nan,nan,nan,nan,0.6324446201324463,0.40272870659828186
1,1128,scene:1,rear,1128,22,0,0,0,0,0,0,0,0,1.0,1.0,1.25596022605896,3.3503473588164655e-15,nan,nan,nan,nan,nan,nan,nan,nan,0.622327983379364,0.40422558784484863
1,1129,scene:1,rear,1129,22,0,0,0,0,0,0,0,0,1.0,1.0,1.9393014907836914,6.3611093629270335e-15,nan,nan,nan,nan,nan,nan,nan,nan,0.6062853336334229,0.3998498022556305
1,1130,scene:1,rear,1130,22,0,0,0,0,0,0,0,0,1.0,1.0,2.462026596069336,6.3611093629270335e-15,nan,nan,nan,nan,nan,nan,nan,nan,0.6228367686271667,0.41337278485298157
1,1131,scene:1,rear,1131,22,0,0,0,0,0,0,0,0,1.0,1.0,4.332849025726318,3.975693351829396e-16,nan,nan,nan,nan,nan,nan,nan,nan,0.6270458698272705,0.43712854385375977
1,1132,scene:1,rear,1132,22,0,0,0,0,0,0,0,0,1.0,1.0,2.8664512634277344,6.3611093629270335e-15,nan,nan,nan,nan,nan,nan,nan,nan,0.6316688060760498,0.44002673029899597
1,1133,scene:1,rear,1133,22,0,0,0,0,0,0,0,0,1.0,1.0,0.29372528195381165,7.99262696717653e-14,nan,nan,nan,nan,nan,nan,nan,nan,0.6356686353683472,0.42886921763420105
1,1134,scene:1,rear,1134,22,0,0,0,0,0,0,0,0,1.0,1.0,0.9477601647377014,2.3854160110976376e-15,nan,nan,nan,nan,nan,nan,nan,nan,0.6417157053947449,0.4090609848499298
1,1135,scene:1,rear,1135,22,0,0,0,0,0,0,0,0,1.0,1.0,1.195958137512207,7.970775629552273e-15,nan,nan,nan,nan,nan,nan,nan,nan,0.6398372054100037,0.39578986167907715
1,1136,scene:1,rear,1136,22,0,0,0,0,0,0,0,0,1.0,1.0,1.1918799877166748,2.4848083448933725e-17,nan,nan,nan,nan,nan,nan,nan,nan,0.6497855186462402,0.4150831699371338
1,1137,scene:1,rear,1137,22,0,0,0,0,0,0,0,0,1.0,1.0,0.6334205865859985,5.245241491900574e-15,nan,nan,nan,nan,nan,nan,nan,nan,0.6448376178741455,0.408967524766922
1,1138,scene:1,rear,1138,22,0,0,0,0,0,0,0,0,1.0,1.0,0.34218263626098633,6.0629323615398285e-15,nan,nan,nan,nan,nan,nan,nan,nan,0.6413358449935913,0.39898887276649475
1,1139,scene:1,rear,1139,22,0,0,0,0,0,0,0,0,1.0,1.0,1.8324488401412964,8.872122935709732e-15,nan,nan,nan,nan,nan,nan,nan,nan,0.6340125203132629,0.3959907293319702
1,1140,scene:1,rear,1140,22,0,0,0,0,0,0,0,0,1.0,1.0,2.1736559867858887,2.2301345235077847e-14,nan,nan,nan,nan,nan,nan,nan,nan,0.6475972533226013,0.4174377918243408
1,1141,scene:1,rear,1141,22,0,0,0,0,0,0,0,0,1.0,1.0,1.0259088277816772,7.668039643568837e-15,nan,nan,nan,nan,nan,nan,nan,nan,0.6344213485717773,0.4069384038448334
1,1142,scene:1,rear,1142,22,0,0,0,0,0,0,0,0,1.0,1.0,0.6078044176101685,0.0,nan,nan,nan,nan,nan,nan,nan,nan,0.6405492424964905,0.41097280383110046
1,1143,scene:1,rear,1143,22,0,0,0,0,0,0,0,0,1.0,1.0,0.5744916200637817,4.787368751232943e-15,nan,nan,nan,nan,nan,nan,nan,nan,0.6432642340660095,0.41409823298454285
1,1144,scene:1,rear,1144,22,0,0,0,0,0,0,0,0,1.0,1.0,2.1069629192352295,1.527411507701967e-14,nan,nan,nan,nan,nan,nan,nan,nan,0.6276971697807312,0.39366641640663147
1,1145,scene:1,rear,1145,22,0,0,0,0,0,0,0,0,1.0,1.0,0.7232999801635742,1.5902773407317584e-15,nan,nan,nan,nan,nan,nan,nan,nan,0.6416025757789612,0.4140983819961548
1,1146,scene:1,rear,1146,22,0,0,0,0,0,0,0,0,1.0,1.0,0.11249754577875137,5.305167651777517e-15,nan,nan,nan,nan,nan,nan,nan,nan,0.6365891098976135,0.41646143794059753
1,1147,scene:1,rear,1147,22,0,0,0,0,0,0,0,0,1.0,1.0,0.5106624364852905,5.695146034475882e-15,nan,nan,nan,nan,nan,nan,nan,nan,0.6371178030967712,0.42042049765586853
1,1148,scene:1,rear,1148,22,0,0,0,0,0,0,0,0,1.0,1.0,1.0603865385055542,3.7295309507291665e-15,nan,nan,nan,nan,nan,nan,nan,nan,0.6294283270835876,0.4046933650970459
1,1149,scene:1,rear,1149,22,0,0,0,0,0,0,0,0,1.0,1.0,0.02111174166202545,3.1805546814635168e-15,nan,nan,nan,nan,nan,nan,nan,nan,0.6339598298072815,0.4123277962207794
1,1150,scene:1,rear,1150,22,0,0,0,0,0,0,0,0,1.0,1.0,3.2192201614379883,0.0,nan,nan,nan,nan,nan,nan,nan,nan,0.6442140936851501,0.42879223823547363
1,1151,scene:1,rear,1151,22,0,0,0,0,0,0,0,0,1.0,1.0,0.664467990398407,0.0,nan,nan,nan,nan,nan,nan,nan,nan,0.6388753056526184,0.4087952673435211
1,1152,scene:1,rear,1152,22,0,0,0,0,0,0,0,0,1.0,1.0,0.15519265830516815,3.643783144938181e-15,nan,nan,nan,nan,nan,nan,nan,nan,0.6416816115379333,0.4028708040714264
1,1153,scene:1,rear,1153,22,0,0,0,0,0,0,0,0,1.0,1.0,0.1008162572979927,1.5902773407317584e-15,nan,nan,nan,nan,nan,nan,nan,nan,0.6442916989326477,0.40490806102752686
1,1154,scene:1,rear,1154,22,0,0,0,0,0,0,0,0,1.0,1.0,2.083158016204834,8.079563626999498e-15,nan,nan,nan,nan,nan,nan,nan,nan,0.6393172144889832,0.388653963804245
1,1155,scene:1,rear,1155,22,0,0,0,0,0,0,0,0,1.0,1.0,2.295823097229004,7.995869857510312e-15,nan,nan,nan,nan,nan,nan,nan,nan,0.6260486841201782,0.3863009512424469
1,1156,scene:1,rear,1156,22,0,0,0,0,0,0,0,0,1.0,1.0,3.368741035461426,2.140976392223028e-15,nan,nan,nan,nan,nan,nan,nan,nan,0.645441472530365,0.42890164256095886
1,1157,scene:1,rear,1157,22,0,0,0,0,0,0,0,0,1.0,1.0,1.8613109588623047,9.835322174795109e-15,nan,nan,nan,nan,nan,nan,nan,nan,0.6429609656333923,0.4304964244365692
1,1158,scene:1,rear,1158,22,0,0,0,0,0,0,0,0,1.0,1.0,1.2035890817642212,3.643783144938181e-15,nan,nan,nan,nan,nan,nan,nan,nan,0.6363417506217957,0.40769970417022705
1,1159,scene:1,rear,1159,22,0,0,0,0,0,0,0,0,1.0,1.0,0.6517682075500488,3.399764516532395e-14,nan,nan,nan,nan,nan,nan,nan,nan,0.6390447616577148,0.40565457940101624
1,1160,scene:1,rear,1160,22,0,0,0,0,0,0,0,0,1.0,1.0,3.087090253829956,6.968813231918004e-15,nan,nan,nan,nan,nan,nan,nan,nan,0.6325358152389526,0.38706889748573303
1,1161,scene:1,rear,1161,22,0,0,0,0,0,0,0,0,1.0,1.0,0.19135691225528717,1.1803003111344658e-15,nan,nan,nan,nan,nan,nan,nan,nan,0.642116367816925,0.39524006843566895
1,1162,scene:1,rear,1162,22,0,0,0,0,0,0,0,0,1.0,1.0,2.7733101844787598,7.11363091316803e-14,nan,nan,nan,nan,nan,nan,nan,nan,0.6425578594207764,0.42752647399902344
1,1163,scene:1,rear,1163,22,0,0,0,0,0,0,0,0,1.0,1.0,3.110682249069214,0.0,nan,nan,nan,nan,nan,nan,nan,nan,0.6259818077087402,0.3972940146923065
1,1164,scene:1,rear,1164,22,0,0,0,0,0,0,0,0,1.0,1.0,1.1581834554672241,2.288183360048376e-15,nan,nan,nan,nan,nan,nan,nan,nan,0.6355365514755249,0.40631499886512756
1,1165,scene:1,rear,1165,22,0,0,0,0,0,0,0,0,1.0,1.0,6.196413993835449,1.037496010812499e-14,nan,nan,nan,nan,nan,nan,nan,nan,0.6395179629325867,0.44572553038597107
1,1166,scene:1,rear,1166,22,0,0,0,0,0,0,0,0,1.0,1.0,1.617358684539795,3.9773801430711475e-15,nan,nan,nan,nan,nan,nan,nan,nan,0.6347399950027466,0.4140245020389557
1,1167,scene:1,rear,1167,22,0,0,0,0,0,0,0,0,1.0,1.0,0.4902878701686859,1.5902773407317584e-15,nan,nan,nan,nan,nan,nan,nan,nan,0.6425150036811829,0.41654837131500244
1,1168,scene:1,rear,1168,22,0,0,0,0,0,0,0,0,1.0,1.0,1.4731775522232056,6.24702759742503e-14,nan,nan,nan,nan,nan,nan,nan,nan,0.6501666903495789,0.4118187129497528
1,1169,scene:1,rear,1169,22,0,0,0,0,0,0,0,0,1.0,1.0,0.7229004502296448,1.9476840171514755e-15,nan,nan,nan,nan,nan,nan,nan,nan,0.6425921320915222,0.39315053820610046
1,1170,scene:1,rear,1170,22,0,0,0,0,0,0,0,0,1.0,1.0,3.799250602722168,3.643783144938181e-15,nan,nan,nan,nan,nan,nan,nan,nan,0.6255586743354797,0.3884093463420868
1,1171,scene:1,rear,1171,22,0,0,0,0,0,0,0,0,1.0,1.0,2.0440287590026855,1.3209835707180322e-14,nan,nan,nan,nan,nan,nan,nan,nan,0.6253136992454529,0.3924785554409027
1,1172,scene:1,rear,1172,22,0,0,0,0,0,0,0,0,1.0,1.0,0.464007705450058,3.860750975413251e-15,nan,nan,nan,nan,nan,nan,nan,nan,0.6360782384872437,0.39964601397514343
1,1173,scene:1,rear,1173,22,0,0,0,0,0,0,0,0,1.0,1.0,3.750900983810425,7.524990900427952e-15,nan,nan,nan,nan,nan,nan,nan,nan,0.6237025856971741,0.4117441475391388
1,1174,scene:1,rear,1174,22,0,0,0,0,0,0,0,0,1.0,1.0,3.0604653358459473,4.707597123800307e-15,nan,nan,nan,nan,nan,nan,nan,nan,0.6191444396972656,0.4260263741016388
1,1175,scene:1,rear,1175,22,0,0,0,0,0,0,0,0,1.0,1.0,2.984964609146118,1.0182743384679779e-14,nan,nan,nan,nan,nan,nan,nan,nan,0.6238694190979004,0.42873096466064453
1,1176,scene:1,rear,1176,22,0,0,0,0,0,0,0,0,1.0,1.0,3.5244927406311035,3.1929787231879836e-15,nan,nan,nan,nan,nan,nan,nan,nan,0.61124187707901,0.39289891719818115
1,1177,scene:1,rear,1177,22,0,0,0,0,0,0,0,0,1.0,1.0,3.04923152923584,6.360385568616291e-15,nan,nan,nan,nan,nan,nan,nan,nan,0.6431323289871216,0.4225112497806549
1,1178,scene:1,rear,1178,22,0,0,0,0,0,0,0,0,1.0,1.0,1.0561407804489136,9.634393765003626e-15,nan,nan,nan,nan,nan,nan,nan,nan,0.6371207237243652,0.3925028145313263
1,1179,scene:1,rear,1179,22,0,0,0,0,0,0,0,0,1.0,1.0,2.4039952754974365,6.3611093629270335e-15,nan,nan,nan,nan,nan,nan,nan,nan,0.6350758075714111,0.42202866077423096
1,1180,scene:1,rear,1180,22,0,0,0,0,0,0,0,0,1.0,1.0,0.16288411617279053,4.770832022195275e-15,nan,nan,nan,nan,nan,nan,nan,nan,0.6283622980117798,0.4096870720386505
1,1181,scene:1,rear,1181,22,0,0,0,0,0,0,0,0,1.0,1.0,3.5009255409240723,7.460044956890385e-15,nan,nan,nan,nan,nan,nan,nan,nan,0.6121032238006592,0.3884173631668091
1,1182,scene:1,rear,1182,22,0,0,0,0,0,0,0,0,1.0,1.0,0.4192357659339905,1.7498697128477218e-14,nan,nan,nan,nan,nan,nan,nan,nan,0.6378257274627686,0.3999425172805786
1,1183,scene:1,rear,1183,22,0,0,0,0,0,0,0,0,1.0,1.0,2.8416554927825928,1.6451157756573575e-14,nan,nan,nan,nan,nan,nan,nan,nan,0.6472389101982117,0.42672231793403625
1,1184,scene:1,rear,1184,22,0,0,0,0,0,0,0,0,1.0,1.0,2.057159185409546,1.2424041724466862e-17,nan,nan,nan,nan,nan,nan,nan,nan,0.6351848244667053,0.4061944782733917
1,1185,scene:1,rear,1185,22,0,0,0,0,0,0,0,0,1.0,1.0,4.07661771774292,7.97124038426125e-15,nan,nan,nan,nan,nan,nan,nan,nan,0.645025372505188,0.42422986030578613
1,1186,scene:1,rear,1186,22,0,0,0,0,0,0,0,0,1.0,1.0,1.4252331256866455,9.582988031788648e-15,nan,nan,nan,nan,nan,nan,nan,nan,0.6412438750267029,0.4181915819644928
1,1187,scene:1,rear,1187,22,0,0,0,0,0,0,0,0,1.0,1.0,0.3802720010280609,8.86321070549882e-15,nan,nan,nan,nan,nan,nan,nan,nan,0.6371051669120789,0.41305744647979736
1,1188,scene:1,rear,1188,22,0,0,0,0,0,0,0,0,1.0,1.0,0.111701101064682,6.364214615424862e-15,nan,nan,nan,nan,nan,nan,nan,nan,0.6412432789802551,0.408329576253891
1,1189,scene:1,rear,1189,22,0,0,0,0,0,0,0,0,1.0,1.0,0.6721106171607971,6.364214615424862e-15,nan,nan,nan,nan,nan,nan,nan,nan,0.6418977379798889,0.40319618582725525
1,1190,scene:1,rear,1190,22,0,0,0,0,0,0,0,0,1.0,1.0,0.6152011156082153,2.3854160110976376e-15,nan,nan,nan,nan,nan,nan,nan,nan,0.6427571773529053,0.40142929553985596
1,1191,scene:1,rear,1191,22,0,0,0,0,0,0,0,0,1.0,1.0,1.0106511116027832,1.5941551259104545e-15,nan,nan,nan,nan,nan,nan,nan,nan,0.6486310362815857,0.4097365140914917
1,1192,scene:1,rear,1192,22,0,0,0,0,0,0,0,0,1.0,1.0,0.22694718837738037,6.3611093629270335e-15,nan,nan,nan,nan,nan,nan,nan,nan,0.6445746421813965,0.40956512093544006
1,1193,scene:1,rear,1193,22,0,0,0,0,0,0,0,0,1.0,1.0,1.7954667806625366,1.521222567602716e-15,nan,nan,nan,nan,nan,nan,nan,nan,0.6385884881019592,0.3963645398616791
1,1194,scene:1,rear,1194,22,0,0,0,0,0,0,0,0,1.0,1.0,1.3706482648849487,9.558215078589257e-15,nan,nan,nan,nan,nan,nan,nan,nan,0.6459400057792664,0.41035497188568115
1,1195,scene:1,rear,1195,22,0,0,0,0,0,0,0,0,1.0,1.0,0.5225480794906616,1.3209835707180322e-14,nan,nan,nan,nan,nan,nan,nan,nan,0.6419985294342041,0.41145262122154236
1,1196,scene:1,rear,1196,22,0,0,0,0,0,0,0,0,1.0,1.0,1.0111476182937622,4.873266028623939e-15,nan,nan,nan,nan,nan,nan,nan,nan,0.6409331560134888,0.413758248090744
1,1197,scene:1,rear,1197,22,0,0,0,0,0,0,0,0,1.0,1.0,1.9701589345932007,8.415543678721763e-15,nan,nan,nan,nan,nan,nan,nan,nan,0.6314952373504639,0.4023241698741913
1,1198,scene:1,rear,1198,22,0,0,0,0,0,0,0,0,1.0,1.0,1.0945955514907837,7.991044738720528e-15,nan,nan,nan,nan,nan,nan,nan,nan,0.6437368988990784,0.4120374619960785
1,1199,scene:1,rear,1199,22,0,0,0,0,0,0,0,0,1.0,1.0,1.579514503479004,7.963801054237171e-15,nan,nan,nan,nan,nan,nan,nan,nan,0.6416391730308533,0.41603419184684753
1,1200,scene:1,rear,1200,22,0,0,0,0,0,0,0,0,1.0,1.0,0.854779064655304,6.364214615424862e-15,nan,nan,nan,nan,nan,nan,nan,nan,0.6317195296287537,0.4085279405117035
1,1201,scene:1,rear,1201,22,0,0,0,0,0,0,0,0,1.0,1.0,0.042661916464567184,0.0,nan,nan,nan,nan,nan,nan,nan,nan,0.6398937106132507,0.41127899289131165
1,1202,scene:1,rear,1202,22,0,0,0,0,0,0,0,0,1.0,1.0,3.8183231353759766,1.56017473209836e-14,nan,nan,nan,nan,nan,nan,nan,nan,0.6251014471054077,0.38344964385032654
1,1203,scene:1,rear,1203,22,0,0,0,0,0,0,0,0,1.0,1.0,3.7903826236724854,7.068647183995452e-15,nan,nan,nan,nan,nan,nan,nan,nan,0.6461789608001709,0.417390376329422
1,1204,scene:1,rear,1204,22,0,0,0,0,0,0,0,0,1.0,1.0,0.20165897905826569,1.282122581225823e-14,nan,nan,nan,nan,nan,nan,nan,nan,0.6319869160652161,0.4129202663898468
1,1205,scene:1,rear,1205,22,0,0,0,0,0,0,0,0,1.0,1.0,1.5708472728729248,1.2195726918778318e-14,nan,nan,nan,nan,nan,nan,nan,nan,0.6288924813270569,0.40459689497947693
1,1206,scene:1,rear,1206,22,0,0,0,0,0,0,0,0,1.0,1.0,0.818997859954834,8.99596713278989e-15,nan,nan,nan,nan,nan,nan,nan,nan,0.6295343041419983,0.40958237648010254
1,1207,scene:1,rear,1207,22,0,0,0,0,0,0,0,0,1.0,1.0,0.571743905544281,0.0,nan,nan,nan,nan,nan,nan,nan,nan,0.6282538771629333,0.4099904000759125
1,1208,scene:1,rear,1208,22,0,0,0,0,0,0,0,0,1.0,1.0,3.60129976272583,6.738104320809375e-15,nan,nan,nan,nan,nan,nan,nan,nan,0.6328359246253967,0.4210142195224762
1,1209,scene:1,rear,1209,22,0,0,0,0,0,0,0,0,1.0,1.0,1.4468227624893188,9.306859524041228e-15,nan,nan,nan,nan,nan,nan,nan,nan,0.6133444905281067,0.39934512972831726
1,1210,scene:1,rear,1210,22,0,0,0,0,0,0,0,0,1.0,1.0,2.256258249282837,8.196101812329257e-15,nan,nan,nan,nan,nan,nan,nan,nan,0.6151377558708191,0.3891483247280121
1,1211,scene:1,rear,1211,22,0,0,0,0,0,0,0,0,1.0,1.0,0.11209604889154434,8.452440007333248e-15,nan,nan,nan,nan,nan,nan,nan,nan,0.6341578960418701,0.39720144867897034
1,1212,scene:1,rear,1212,22,0,0,0,0,0,0,0,0,1.0,1.0,1.8513096570968628,3.4828613348291754e-15,nan,nan,nan,nan,nan,nan,nan,nan,0.628839910030365,0.416574090719223
1,1213,scene:1,rear,1213,22,0,0,0,0,0,0,0,0,1.0,1.0,1.3116744756698608,3.895368034302951e-15,nan,nan,nan,nan,nan,nan,nan,nan,0.6272627711296082,0.4228951036930084
1,1214,scene:1,rear,1214,22,0,0,0,0,0,0,0,0,1.0,1.0,0.3284946084022522,4.60923575905917e-15,nan,nan,nan,nan,nan,nan,nan,nan,0.6299851536750793,0.422887921333313
1,1215,scene:1,rear,1215,22,0,0,0,0,0,0,0,0,1.0,1.0,2.1617138385772705,4.636415336634696e-15,nan,nan,nan,nan,nan,nan,nan,nan,0.6323038935661316,0.40288877487182617
1,1216,scene:1,rear,1216,22,0,0,0,0,0,0,0,0,1.0,1.0,1.8655779361724854,7.951386703658792e-16,nan,nan,nan,nan,nan,nan,nan,nan,0.6380099654197693,0.4114086627960205
1,1217,scene:1,rear,1217,22,0,0,0,0,0,0,0,0,1.0,1.0,0.34378567337989807,5.1530875419180655e-15,nan,nan,nan,nan,nan,nan,nan,nan,0.6272853016853333,0.40705418586730957
1,1218,scene:1,rear,1218,22,0,0,0,0,0,0,0,0,1.0,1.0,2.086338520050049,3.3566072868005064e-15,nan,nan,nan,nan,nan,nan,nan,nan,0.6227148175239563,0.3988978862762451
1,1219,scene:1,rear,1219,22,0,0,0,0,0,0,0,0,1.0,1.0,2.477800130844116,1.0697496736392607e-14,nan,nan,nan,nan,nan,nan,nan,nan,0.6347696781158447,0.4192161560058594
1,1220,scene:1,rear,1220,22,0,0,0,0,0,0,0,0,1.0,1.0,1.234269380569458,1.0344445453482448e-14,nan,nan,nan,nan,nan,nan,nan,nan,0.6175728440284729,0.4012691080570221
1,1221,scene:1,rear,1221,22,0,0,0,0,0,0,0,0,1.0,1.0,1.554963231086731,3.818528769254917e-15,nan,nan,nan,nan,nan,nan,nan,nan,0.6316657662391663,0.41467705368995667
1,1222,scene:1,rear,1222,22,0,0,0,0,0,0,0,0,1.0,1.0,4.517338275909424,3.1805546814635168e-15,nan,nan,nan,nan,nan,nan,nan,nan,0.6380712985992432,0.42094579339027405
1,1223,scene:1,rear,1223,22,0,0,0,0,0,0,0,0,1.0,1.0,1.0194928646087646,8.932635441989689e-15,nan,nan,nan,nan,nan,nan,nan,nan,0.6244983673095703,0.41033151745796204
1,1224,scene:1,rear,1224,22,0,0,0,0,0,0,0,0,1.0,1.0,0.6359446048736572,4.901563953905559e-15,nan,nan,nan,nan,nan,nan,nan,nan,0.6417732238769531,0.4183316230773926
1,1225,scene:1,rear,1225,22,0,0,0,0,0,0,0,0,1.0,1.0,0.19410517811775208,1.4597144037738956e-14,nan,nan,nan,nan,nan,nan,nan,nan,0.6422345638275146,0.41080597043037415
1,1226,scene:1,rear,1226,22,0,0,0,0,0,0,0,0,1.0,1.0,0.7142940759658813,0.0,nan,nan,nan,nan,nan,nan,nan,nan,0.6441881656646729,0.40738216042518616
1,1227,scene:1,rear,1227,22,0,0,0,0,0,0,0,0,1.0,1.0,0.3596525490283966,2.751301164595442e-15,nan,nan,nan,nan,nan,nan,nan,nan,0.6481451392173767,0.40875256061553955
1,1228,scene:1,rear,1228,22,0,0,0,0,0,0,0,0,1.0,1.0,0.8136612176895142,9.26064601839641e-15,nan,nan,nan,nan,nan,nan,nan,nan,0.6412315964698792,0.3993026316165924
1,1229,scene:1,rear,1229,22,0,0,0,0,0,0,0,0,1.0,1.0,0.9063504338264465,0.0,nan,nan,nan,nan,nan,nan,nan,nan,0.6403105854988098,0.3983139097690582
1,1230,scene:1,rear,1230,22,0,0,0,0,0,0,0,0,1.0,1.0,1.5878103971481323,1.2203577831196197e-15,nan,nan,nan,nan,nan,nan,nan,nan,0.6468892097473145,0.4171425998210907
1,1231,scene:1,rear,1231,22,0,0,0,0,0,0,0,0,1.0,1.0,0.34945905208587646,4.770832022195275e-15,nan,nan,nan,nan,nan,nan,nan,nan,0.6423987746238708,0.4118628203868866
1,1232,scene:1,rear,1232,22,0,0,0,0,0,0,0,0,1.0,1.0,0.11156410723924637,6.3611093629270335e-15,nan,nan,nan,nan,nan,nan,nan,nan,0.6455318331718445,0.413886159658432
1,1233,scene:1,rear,1233,22,0,0,0,0,0,0,0,0,1.0,1.0,1.0946781635284424,5.874890440891133e-15,nan,nan,nan,nan,nan,nan,nan,nan,0.6482438445091248,0.4159289300441742
1,1234,scene:1,rear,1234,22,0,0,0,0,0,0,0,0,1.0,1.0,1.1610275506973267,6.3611093629270335e-15,nan,nan,nan,nan,nan,nan,nan,nan,0.6403517723083496,0.40266525745391846
1,1235,scene:1,rear,1235,22,0,0,0,0,0,0,0,0,1.0,1.0,0.5126634240150452,3.4200207374455404e-15,nan,nan,nan,nan,nan,nan,nan,nan,0.6480589509010315,0.406692236661911
1,1236,scene:1,rear,1236,22,0,0,0,0,0,0,0,0,1.0,1.0,0.17077066004276276,1.0120463024388625e-14,nan,nan,nan,nan,nan,nan,nan,nan,0.6463296413421631,0.40761598944664
1,1237,scene:1,rear,1237,22,0,0,0,0,0,0,0,0,1.0,1.0,1.975391149520874,1.0837970016251865e-14,nan,nan,nan,nan,nan,nan,nan,nan,0.6384080052375793,0.4022516906261444
1,1238,scene:1,rear,1238,22,0,0,0,0,0,0,0,0,1.0,1.0,0.12516047060489655,4.445029748154298e-15,nan,nan,nan,nan,nan,nan,nan,nan,0.6420765519142151,0.40240418910980225
1,1239,scene:1,rear,1239,22,0,0,0,0,0,0,0,0,1.0,1.0,0.870668888092041,1.552557885631489e-15,nan,nan,nan,nan,nan,nan,nan,nan,0.6428654789924622,0.4129711389541626
1,1240,scene:1,rear,1240,22,0,0,0,0,0,0,0,0,1.0,1.0,1.3242133855819702,3.1805546814635168e-15,nan,nan,nan,nan,nan,nan,nan,nan,0.6446533203125,0.41676512360572815
1,1241,scene:1,rear,1241,22,0,0,0,0,0,0,0,0,1.0,1.0,1.541765809059143,1.1160303065190926e-14,nan,nan,nan,nan,nan,nan,nan,nan,0.6354003548622131,0.40624818205833435
1,1242,scene:1,rear,1242,22,0,0,0,0,0,0,0,0,1.0,1.0,0.9298475384712219,1.5902773407317584e-15,nan,nan,nan,nan,nan,nan,nan,nan,0.6445162892341614,0.42322859168052673
1,1243,scene:1,rear,1243,22,0,0,0,0,0,0,0,0,1.0,1.0,0.28326892852783203,2.2489917831974725e-15,nan,nan,nan,nan,nan,nan,nan,nan,0.645175576210022,0.41130098700523376
1,1244,scene:1,rear,1244,22,0,0,0,0,0,0,0,0,1.0,1.0,0.3971982002258301,0.0,nan,nan,nan,nan,nan,nan,nan,nan,0.6458340287208557,0.406823992729187
1,1245,scene:1,rear,1245,22,0,0,0,0,0,0,0,0,1.0,1.0,0.9196187257766724,0.0,nan,nan,nan,nan,nan,nan,nan,nan,0.6424801349639893,0.40464434027671814
1,1246,scene:1,rear,1246,22,0,0,0,0,0,0,0,0,1.0,1.0,1.4935251474380493,7.271960478505297e-15,nan,nan,nan,nan,nan,nan,nan,nan,0.6346750259399414,0.39585256576538086
1,1247,scene:1,rear,1247,22,0,0,0,0,0,0,0,0,1.0,1.0,2.648059368133545,3.1805546814635168e-15,nan,nan,nan,nan,nan,nan,nan,nan,0.6500691771507263,0.41731199622154236
1,1248,scene:1,rear,1248,22,0,0,0,0,0,0,0,0,1.0,1.0,0.5431157350540161,7.951386703658792e-16,nan,nan,nan,nan,nan,nan,nan,nan,0.6444103121757507,0.4136900007724762
1,1249,scene:1,rear,1249,22,0,0,0,0,0,0,0,0,1.0,1.0,1.6659231185913086,1.1398338883784678e-14,nan,nan,nan,nan,nan,nan,nan,nan,0.6382989883422852,0.40839460492134094
1,1250,scene:1,rear,1250,22,0,0,0,0,0,0,0,0,1.0,1.0,0.17299649119377136,4.073873403674871e-15,nan,nan,nan,nan,nan,nan,nan,nan,0.6475244760513306,0.40430179238319397
1,1251,scene:1,rear,1251,22,0,0,0,0,0,0,0,0,1.0,1.0,0.0836024209856987,4.653429762020614e-15,nan,nan,nan,nan,nan,nan,nan,nan,0.6462559700012207,0.4086554944515228
1,1252,scene:1,rear,1252,22,0,0,0,0,0,0,0,0,1.0,1.0,0.17073030769824982,2.3854160110976376e-15,nan,nan,nan,nan,nan,nan,nan,nan,0.6414349675178528,0.40705716609954834
1,1253,scene:1,rear,1253,22,0,0,0,0,0,0,0,0,1.0,1.0,0.9219245314598083,1.002875120115773e-14,nan,nan,nan,nan,nan,nan,nan,nan,0.6415378451347351,0.41177642345428467
1,1254,scene:1,rear,1254,22,0,0,0,0,0,0,0,0,1.0,1.0,2.2713241577148438,3.555968236953807e-15,nan,nan,nan,nan,nan,nan,nan,nan,0.6251444220542908,0.40168389678001404
1,1255,scene:1,rear,1255,22,0,0,0,0,0,0,0,0,1.0,1.0,2.297199010848999,2.1501849353313276e-15,nan,nan,nan,nan,nan,nan,nan,nan,0.6444917321205139,0.4271222651004791
1,1256,scene:1,rear,1256,22,0,0,0,0,0,0,0,0,1.0,1.0,0.3960212171077728,0.0,nan,nan,nan,nan,nan,nan,nan,nan,0.6404463052749634,0.4054722487926483
1,1257,scene:1,rear,1257,22,0,0,0,0,0,0,0,0,1.0,1.0,2.6211023330688477,0.0,nan,nan,nan,nan,nan,nan,nan,nan,0.6238752603530884,0.387429803609848
1,1258,scene:1,rear,1258,22,0,0,0,0,0,0,0,0,1.0,1.0,0.5742951035499573,9.070114203507497e-15,nan,nan,nan,nan,nan,nan,nan,nan,0.6405088305473328,0.4074085056781769
1,1259,scene:1,rear,1259,22,0,0,0,0,0,0,0,0,1.0,1.0,1.5070363283157349,1.2424041724466862e-17,nan,nan,nan,nan,nan,nan,nan,nan,0.6310067176818848,0.405977725982666
1,1260,scene:1,rear,1260,22,0,0,0,0,0,0,0,0,1.0,1.0,4.457664966583252,2.06851025442038e-15,nan,nan,nan,nan,nan,nan,nan,nan,0.6416757702827454,0.4354471266269684
1,1261,scene:1,rear,1261,22,0,0,0,0,0,0,0,0,1.0,1.0,0.9098649024963379,4.044841363523138e-15,nan,nan,nan,nan,nan,nan,nan,nan,0.6377902626991272,0.4240710735321045
1,1262,scene:1,rear,1262,22,0,0,0,0,0,0,0,0,1.0,1.0,3.048041343688965,3.4200207374455404e-15,nan,nan,nan,nan,nan,nan,nan,nan,0.6271621584892273,0.3960414230823517
1,1263,scene:1,rear,1263,22,0,0,0,0,0,0,0,0,1.0,1.0,0.7652925252914429,6.0368059491796915e-15,nan,nan,nan,nan,nan,nan,nan,nan,0.6395543217658997,0.3972819745540619
1,1264,scene:1,rear,1264,22,0,0,0,0,0,0,0,0,1.0,1.0,0.20559708774089813,3.6845476803130985e-14,nan,nan,nan,nan,nan,nan,nan,nan,0.6416483521461487,0.4035435616970062
1,1265,scene:1,rear,1265,22,0,0,0,0,0,0,0,0,1.0,1.0,0.5710930228233337,1.4414063782300982e-15,nan,nan,nan,nan,nan,nan,nan,nan,0.6392371654510498,0.4111979901790619
1,1266,scene:1,rear,1266,22,0,0,0,0,0,0,0,0,1.0,1.0,1.5846794843673706,7.951386703658792e-16,nan,nan,nan,nan,nan,nan,nan,nan,0.6390191912651062,0.41395220160484314
1,1267,scene:1,rear,1267,22,0,0,0,0,0,0,0,0,1.0,1.0,1.1917457580566406,0.0,nan,nan,nan,nan,nan,nan,nan,nan,0.625735342502594,0.4010418951511383
1,1268,scene:1,rear,1268,22,0,0,0,0,0,0,0,0,1.0,1.0,0.27231916785240173,4.5677239046017444e-15,nan,nan,nan,nan,nan,nan,nan,nan,0.6320746541023254,0.4123445749282837
1,1269,scene:1,rear,1269,22,0,0,0,0,0,0,0,0,1.0,1.0,0.720001757144928,3.1805546814635168e-15,nan,nan,nan,nan,nan,nan,nan,nan,0.6346003413200378,0.405548095703125
1,1270,scene:1,rear,1270,22,0,0,0,0,0,0,0,0,1.0,1.0,0.2550833523273468,7.951386703658792e-16,nan,nan,nan,nan,nan,nan,nan,nan,0.6287509202957153,0.4128011465072632
1,1271,scene:1,rear,1271,22,0,0,0,0,0,0,0,0,1.0,1.0,1.669249176979065,4.281952784446056e-15,nan,nan,nan,nan,nan,nan,nan,nan,0.6370397806167603,0.4311196804046631
1,1272,scene:1,rear,1272,22,0,0,0,0,0,0,0,0,1.0,1.0,3.420809268951416,1.1246825599933407e-14,nan,nan,nan,nan,nan,nan,nan,nan,0.6398587822914124,0.4337940216064453
1,1273,scene:1,rear,1273,22,0,0,0,0,0,0,0,0,1.0,1.0,0.6392403244972229,6.361157894154888e-15,nan,nan,nan,nan,nan,nan,nan,nan,0.6405557990074158,0.4254629611968994
1,1274,scene:1,rear,1274,22,0,0,0,0,0,0,0,0,1.0,1.0,1.0610599517822266,6.967085344572947e-15,nan,nan,nan,nan,nan,nan,nan,nan,0.6385437846183777,0.41086456179618835
1,1275,scene:1,rear,1275,22,0,0,0,0,0,0,0,0,1.0,1.0,0.4842558205127716,5.4259930925818036e-15,nan,nan,nan,nan,nan,nan,nan,nan,0.6455084681510925,0.4081844091415405
1,1276,scene:1,rear,1276,22,0,0,0,0,0,0,0,0,1.0,1.0,2.5012543201446533,5.788696897479999e-15,nan,nan,nan,nan,nan,nan,nan,nan,0.6479870080947876,0.38938048481941223
1,1277,scene:1,rear,1277,22,0,0,0,0,0,0,0,0,1.0,1.0,1.5131144523620605,1.6422308707182556e-15,nan,nan,nan,nan,nan,nan,nan,nan,0.6336197257041931,0.3918081820011139
1,1278,scene:1,rear,1278,22,0,0,0,0,0,0,0,0,1.0,1.0,4.034315586090088,2.41844750811959e-15,nan,nan,nan,nan,nan,nan,nan,nan,0.6385626792907715,0.4224013388156891
1,1279,scene:1,rear,1279,22,0,0,0,0,0,0,0,0,1.0,1.0,1.9798266887664795,5.217860870495863e-15,nan,nan,nan,nan,nan,nan,nan,nan,0.634220540523529,0.4299195110797882
1,1280,scene:1,rear,1280,22,0,0,0,0,0,0,0,0,1.0,1.0,1.4036951065063477,5.197343748090882e-14,nan,nan,nan,nan,nan,nan,nan,nan,0.6367358565330505,0.418406218290329
1,1281,scene:1,rear,1281,22,0,0,0,0,0,0,0,0,1.0,1.0,0.11930656433105469,6.6545340680330745e-15,nan,nan,nan,nan,nan,nan,nan,nan,0.640619695186615,0.4086441099643707
1,1282,scene:1,rear,1282,22,0,0,0,0,0,0,0,0,1.0,1.0,0.33547672629356384,4.836639710492717e-15,nan,nan,nan,nan,nan,nan,nan,nan,0.6374732851982117,0.40963467955589294
1,1283,scene:1,rear,1283,22,0,0,0,0,0,0,0,0,1.0,1.0,0.816699743270874,1.0604496855528702e-14,nan,nan,nan,nan,nan,nan,nan,nan,0.6395743489265442,0.40306153893470764
1,1284,scene:1,rear,1284,22,0,0,0,0,0,0,0,0,1.0,1.0,0.25728800892829895,1.0568487012318043e-14,nan,nan,nan,nan,nan,nan,nan,nan,0.6473641395568848,0.40492644906044006
1,1285,scene:1,rear,1285,22,0,0,0,0,0,0,0,0,1.0,1.0,2.4983654022216797,1.4222400481892965e-14,nan,nan,nan,nan,nan,nan,nan,nan,0.6421191096305847,0.387570858001709
1,1286,scene:1,rear,1286,22,0,0,0,0,0,0,0,0,1.0,1.0,2.6281826496124268,3.1805546814635168e-15,nan,nan,nan,nan,nan,nan,nan,nan,0.6435059905052185,0.41852787137031555
1,1287,scene:1,rear,1287,22,0,0,0,0,0,0,0,0,1.0,1.0,2.4943032264709473,4.444960296192259e-15,nan,nan,nan,nan,nan,nan,nan,nan,0.6238768696784973,0.4004327356815338
1,1288,scene:1,rear,1288,22,0,0,0,0,0,0,0,0,1.0,1.0,3.895458221435547,4.281087539540895e-15,nan,nan,nan,nan,nan,nan,nan,nan,0.6385418176651001,0.42644861340522766
1,1289,scene:1,rear,1289,22,0,0,0,0,0,0,0,0,1.0,1.0,1.6359983682632446,4.027830639581791e-14,nan,nan,nan,nan,nan,nan,nan,nan,0.6321261525154114,0.4185396432876587
1,1290,scene:1,rear,1290,22,0,0,0,0,0,0,0,0,1.0,1.0,0.34626221656799316,6.3611093629270335e-15,nan,nan,nan,nan,nan,nan,nan,nan,0.6321902871131897,0.41356900334358215
1,1291,scene:1,rear,1291,22,0,0,0,0,0,0,0,0,1.0,1.0,0.18071042001247406,9.673279420985433e-15,nan,nan,nan,nan,nan,nan,nan,nan,0.6398441791534424,0.41249880194664
1,1292,scene:1,rear,1292,22,0,0,0,0,0,0,0,0,1.0,1.0,0.780241072177887,2.7110614151874007e-15,nan,nan,nan,nan,nan,nan,nan,nan,0.6407071948051453,0.40395602583885193
1,1293,scene:1,rear,1293,22,0,0,0,0,0,0,0,0,1.0,1.0,0.542372465133667,3.1805546814635168e-15,nan,nan,nan,nan,nan,nan,nan,nan,0.6449618339538574,0.4096545875072479
1,1294,scene:1,rear,1294,22,0,0,0,0,0,0,0,0,1.0,1.0,0.7716497182846069,1.2142554408325275e-15,nan,nan,nan,nan,nan,nan,nan,nan,0.642086386680603,0.40331438183784485
1,1295,scene:1,rear,1295,22,0,0,0,0,0,0,0,0,1.0,1.0,0.041567206382751465,0.0,nan,nan,nan,nan,nan,nan,nan,nan,0.6434559226036072,0.40466830134391785
1,1296,scene:1,rear,1296,22,0,0,0,0,0,0,0,0,1.0,1.0,0.07282744348049164,1.1160745644576232e-14,nan,nan,nan,nan,nan,nan,nan,nan,0.6440648436546326,0.4069514274597168
1,1297,scene:1,rear,1297,22,0,0,0,0,0,0,0,0,1.0,1.0,0.39373666048049927,1.1240504130067117e-14,nan,nan,nan,nan,nan,nan,nan,nan,0.6413161158561707,0.4040035307407379
1,1298,scene:1,rear,1298,22,0,0,0,0,0,0,0,0,1.0,1.0,0.9606050252914429,2.975136479484102e-15,nan,nan,nan,nan,nan,nan,nan,nan,0.6344156861305237,0.40542683005332947
1,1299,scene:1,rear,1299,22,0,0,0,0,0,0,0,0,1.0,1.0,0.09954778105020523,7.156248033292914e-15,nan,nan,nan,nan,nan,nan,nan,nan,0.6363957524299622,0.41005465388298035
1,1300,scene:1,rear,1300,22,0,0,0,0,0,0,0,0,1.0,1.0,0.21403804421424866,3.1805546814635168e-15,nan,nan,nan,nan,nan,nan,nan,nan,0.6288672089576721,0.4090176522731781
1,1301,scene:1,rear,1301,22,0,0,0,0,0,0,0,0,1.0,1.0,1.9751237630844116,0.0,nan,nan,nan,nan,nan,nan,nan,nan,0.6345143914222717,0.4239482581615448
1,1302,scene:1,rear,1302,22,0,0,0,0,0,0,0,0,1.0,1.0,3.1021780967712402,8.190195553004784e-15,nan,nan,nan,nan,nan,nan,nan,nan,0.6261343955993652,0.39715376496315
1,1303,scene:1,rear,1303,22,0,0,0,0,0,0,0,0,1.0,1.0,3.1098597049713135,1.1223854814341204e-14,nan,nan,nan,nan,nan,nan,nan,nan,0.6359720230102539,0.4182889759540558
1,1304,scene:1,rear,1304,22,0,0,0,0,0,0,0,0,1.0,1.0,0.9001803994178772,4.5373444061680006e-15,nan,nan,nan,nan,nan,nan,nan,nan,0.6293909549713135,0.40752050280570984
1,1305,scene:1,rear,1305,22,0,0,0,0,0,0,0,0,1.0,1.0,3.120837450027466,9.672334801259848e-15,nan,nan,nan,nan,nan,nan,nan,nan,0.6338624954223633,0.4228194057941437
1,1306,scene:1,rear,1306,22,0,0,0,0,0,0,0,0,1.0,1.0,1.3456299304962158,6.660028056844724e-15,nan,nan,nan,nan,nan,nan,nan,nan,0.6353163719177246,0.4203389585018158
1,1307,scene:1,rear,1307,22,0,0,0,0,0,0,0,0,1.0,1.0,0.5055568814277649,0.0,nan,nan,nan,nan,nan,nan,nan,nan,0.6349651217460632,0.41697585582733154
1,1308,scene:1,rear,1308,22,0,0,0,0,0,0,0,0,1.0,1.0,0.17388267815113068,1.0182743384679779e-14,nan,nan,nan,nan,nan,nan,nan,nan,0.6379284858703613,0.4102708399295807
1,1309,scene:1,rear,1309,22,0,0,0,0,0,0,0,0,1.0,1.0,0.17901547253131866,7.951386703658792e-16,nan,nan,nan,nan,nan,nan,nan,nan,0.6417757868766785,0.4101274013519287
1,1310,scene:1,rear,1310,22,0,0,0,0,0,0,0,0,1.0,1.0,1.400038242340088,3.2114645883345414e-15,nan,nan,nan,nan,nan,nan,nan,nan,0.6403228640556335,0.3991686999797821
1,1311,scene:1,rear,1311,22,0,0,0,0,0,0,0,0,1.0,1.0,0.6885936260223389,4.969616689786745e-17,nan,nan,nan,nan,nan,nan,nan,nan,0.6442463397979736,0.3993496000766754
1,1312,scene:1,rear,1312,22,0,0,0,0,0,0,0,0,1.0,1.0,1.3516466617584229,9.574737502465886e-15,nan,nan,nan,nan,nan,nan,nan,nan,0.6491963267326355,0.4148787558078766
1,1313,scene:1,rear,1313,22,0,0,0,0,0,0,0,0,1.0,1.0,0.20082147419452667,0.0,nan,nan,nan,nan,nan,nan,nan,nan,0.6433573961257935,0.4065501391887665
1,1314,scene:1,rear,1314,22,0,0,0,0,0,0,0,0,1.0,1.0,0.7437677979469299,3.92947516240411e-15,nan,nan,nan,nan,nan,nan,nan,nan,0.6376554369926453,0.4041786193847656
1,1315,scene:1,rear,1315,22,0,0,0,0,0,0,0,0,1.0,1.0,0.7816916108131409,8.982779780770496e-15,nan,nan,nan,nan,nan,nan,nan,nan,0.6407034993171692,0.41482555866241455
1,1316,scene:1,rear,1316,22,0,0,0,0,0,0,0,0,1.0,1.0,0.20044207572937012,6.410612906129115e-15,nan,nan,nan,nan,nan,nan,nan,nan,0.6429683566093445,0.4096432030200958
1,1317,scene:1,rear,1317,22,0,0,0,0,0,0,0,0,1.0,1.0,0.6433091163635254,3.1805546814635168e-15,nan,nan,nan,nan,nan,nan,nan,nan,0.639611005783081,0.40230607986450195
1,1318,scene:1,rear,1318,22,0,0,0,0,0,0,0,0,1.0,1.0,0.010256528854370117,6.3611093629270335e-15,nan,nan,nan,nan,nan,nan,nan,nan,0.6406518816947937,0.40628719329833984
1,1319,scene:1,rear,1319,22,0,0,0,0,0,0,0,0,1.0,1.0,0.1569409817457199,8.093738744171439e-15,nan,nan,nan,nan,nan,nan,nan,nan,0.6403585076332092,0.4074110686779022
1,1320,scene:1,rear,1320,22,0,0,0,0,0,0,0,0,1.0,1.0,1.2885810136795044,2.4804026059218785e-14,nan,nan,nan,nan,nan,nan,nan,nan,0.6406474113464355,0.4129917621612549
1,1321,scene:1,rear,1321,22,0,0,0,0,0,0,0,0,1.0,1.0,0.1839768886566162,9.835322174795109e-15,nan,nan,nan,nan,nan,nan,nan,nan,0.6380592584609985,0.4119493067264557
1,1322,scene:1,rear,1322,22,0,0,0,0,0,0,0,0,1.0,1.0,1.1308964490890503,3.583641558885545e-16,nan,nan,nan,nan,nan,nan,nan,nan,0.6355051398277283,0.39945337176322937
1,1323,scene:1,rear,1323,22,0,0,0,0,0,0,0,0,1.0,1.0,0.7988951802253723,6.954623004952044e-15,nan,nan,nan,nan,nan,nan,nan,nan,0.6409221887588501,0.40932464599609375
1,1324,scene:1,rear,1324,22,0,0,0,0,0,0,0,0,1.0,1.0,1.1616554260253906,1.7000811012095493e-14,nan,nan,nan,nan,nan,nan,nan,nan,0.6356399655342102,0.40162837505340576
1,1325,scene:1,rear,1325,22,0,0,0,0,0,0,0,0,1.0,1.0,2.621007204055786,6.619857745678628e-15,nan,nan,nan,nan,nan,nan,nan,nan,0.6238189935684204,0.39673054218292236
1,1326,scene:1,rear,1326,22,0,0,0,0,0,0,0,0,1.0,1.0,1.7372841835021973,0.0,nan,nan,nan,nan,nan,nan,nan,nan,0.6406038999557495,0.4152695834636688
1,1327,scene:1,rear,1327,22,0,0,0,0,0,0,0,0,1.0,1.0,3.9077541828155518,1.0468386674898859e-13,nan,nan,nan,nan,nan,nan,nan,nan,0.6214702725410461,0.3997534513473511
1,1328,scene:1,rear,1328,22,0,0,0,0,0,0,0,0,1.0,1.0,4.909915447235107,1.5902773407317584e-15,nan,nan,nan,nan,nan,nan,nan,nan,0.6386337876319885,0.42792990803718567
1,1329,scene:1,rear,1329,22,0,0,0,0,0,0,0,0,1.0,1.0,1.9394021034240723,2.975136479484102e-15,nan,nan,nan,nan,nan,nan,nan,nan,0.6239883303642273,0.4124182164669037
1,1330,scene:1,rear,1330,22,0,0,0,0,0,0,0,0,1.0,1.0,3.6606175899505615,1.9080723278256023e-13,nan,nan,nan,nan,nan,nan,nan,nan,0.6351264119148254,0.42434820532798767
1,1331,scene:1,rear,1331,22,0,0,0,0,0,0,0,0,1.0,1.0,1.187213659286499,7.951386703658792e-16,nan,nan,nan,nan,nan,nan,nan,nan,0.6340312361717224,0.4144347012042999
1,1332,scene:1,rear,1332,22,0,0,0,0,0,0,0,0,1.0,1.0,0.23587720096111298,1.5879734629832562e-15,nan,nan,nan,nan,nan,nan,nan,nan,0.6313953995704651,0.41284096240997314
1,1333,scene:1,rear,1333,22,0,0,0,0,0,0,0,0,1.0,1.0,0.40277165174484253,6.3611093629270335e-15,nan,nan,nan,nan,nan,nan,nan,nan,0.6395203471183777,0.4146176874637604
1,1334,scene:1,rear,1334,22,0,0,0,0,0,0,0,0,1.0,1.0,0.6612595319747925,7.951386703658792e-16,nan,nan,nan,nan,nan,nan,nan,nan,0.6392702460289001,0.4068325459957123
1,1335,scene:1,rear,1335,22,0,0,0,0,0,0,0,0,1.0,1.0,0.124285988509655,0.0,nan,nan,nan,nan,nan,nan,nan,nan,0.641197919845581,0.4093143045902252
1,1336,scene:1,rear,1336,22,0,0,0,0,0,0,0,0,1.0,1.0,1.062474012374878,0.0,nan,nan,nan,nan,nan,nan,nan,nan,0.6471335887908936,0.41425779461860657
1,1337,scene:1,rear,1337,22,0,0,0,0,0,0,0,0,1.0,1.0,0.6811347007751465,1.6979515609425243e-14,nan,nan,nan,nan,nan,nan,nan,nan,0.6414391398429871,0.40618255734443665
1,1338,scene:1,rear,1338,22,0,0,0,0,0,0,0,0,1.0,1.0,0.10628156363964081,1.4284946849171333e-15,nan,nan,nan,nan,nan,nan,nan,nan,0.6466870307922363,0.4086166322231293
1,1339,scene:1,rear,1339,22,0,0,0,0,0,0,0,0,1.0,1.0,0.26217004656791687,6.3611093629270335e-15,nan,nan,nan,nan,nan,nan,nan,nan,0.6477273106575012,0.40324997901916504
1,1340,scene:1,rear,1340,22,0,0,0,0,0,0,0,0,1.0,1.0,0.8818325996398926,2.1938479682191173e-14,nan,nan,nan,nan,nan,nan,nan,nan,0.6441411375999451,0.398948073387146
1,1341,scene:1,rear,1341,22,0,0,0,0,0,0,0,0,1.0,1.0,4.731533050537109,1.0156029089033019e-14,nan,nan,nan,nan,nan,nan,nan,nan,0.6175897121429443,0.3812187612056732
1,1342,scene:1,rear,1342,22,0,0,0,0,0,0,0,0,1.0,1.0,1.2854185104370117,1.3423485723041436e-14,nan,nan,nan,nan,nan,nan,nan,nan,0.6355964541435242,0.40192708373069763
1,1343,scene:1,rear,1343,22,0,0,0,0,0,0,0,0,1.0,1.0,6.712193965911865,0.0,nan,nan,nan,nan,nan,nan,nan,nan,0.6480405926704407,0.44631266593933105
1,1344,scene:1,rear,1344,22,0,0,0,0,0,0,0,0,1.0,1.0,1.5948138236999512,7.747822084915538e-15,nan,nan,nan,nan,nan,nan,nan,nan,0.6339663863182068,0.4045499861240387
1,1345,scene:1,rear,1345,22,0,0,0,0,0,0,0,0,1.0,1.0,2.7540245056152344,1.0876397048695269e-14,nan,nan,nan,nan,nan,nan,nan,nan,0.6428680419921875,0.4258568286895752
1,1346,scene:1,rear,1346,22,0,0,0,0,0,0,0,0,1.0,1.0,0.14828187227249146,7.989045259352922e-15,nan,nan,nan,nan,nan,nan,nan,nan,0.6400200724601746,0.416207879781723
1,1347,scene:1,rear,1347,22,0,0,0,0,0,0,0,0,1.0,1.0,0.41285502910614014,3.1805546814635168e-15,nan,nan,nan,nan,nan,nan,nan,nan,0.645184338092804,0.41603100299835205
1,1348,scene:1,rear,1348,22,0,0,0,0,0,0,0,0,1.0,1.0,1.1074707508087158,1.1820586137310588e-14,nan,nan,nan,nan,nan,nan,nan,nan,0.6438198089599609,0.40171393752098083
1,1349,scene:1,rear,1349,22,0,0,0,0,0,0,0,0,1.0,1.0,0.07950373739004135,1.5902773407317584e-15,nan,nan,nan,nan,nan,nan,nan,nan,0.6501060128211975,0.40696069598197937
1,1350,scene:1,rear,1350,22,0,0,0,0,0,0,0,0,1.0,1.0,0.028220180422067642,3.995522369360264e-15,nan,nan,nan,nan,nan,nan,nan,nan,0.6501598358154297,0.40805575251579285
1,1351,scene:1,rear,1351,22,0,0,0,0,0,0,0,0,1.0,1.0,0.3088843822479248,9.80715797084171e-15,nan,nan,nan,nan,nan,nan,nan,nan,0.6488541960716248,0.4085994064807892
1,1352,scene:1,rear,1352,22,0,0,0,0,0,0,0,0,1.0,1.0,0.1608690321445465,3.1805546814635168e-15,nan,nan,nan,nan,nan,nan,nan,nan,0.6464217305183411,0.40851807594299316
1,1353,scene:1,rear,1353,22,0,0,0,0,0,0,0,0,1.0,1.0,0.2922852337360382,6.688889917066662e-15,nan,nan,nan,nan,nan,nan,nan,nan,0.6469315886497498,0.4058169424533844
1,1354,scene:1,rear,1354,22,0,0,0,0,0,0,0,0,1.0,1.0,0.1317123919725418,1.6149342737658942e-15,nan,nan,nan,nan,nan,nan,nan,nan,0.6453177332878113,0.4070639908313751
1,1355,scene:1,rear,1355,22,0,0,0,0,0,0,0,0,1.0,1.0,0.06747756898403168,6.3611093629270335e-15,nan,nan,nan,nan,nan,nan,nan,nan,0.644970715045929,0.4121323525905609
1,1356,scene:1,rear,1356,22,0,0,0,0,0,0,0,0,1.0,1.0,2.1921050548553467,1.9942224087372342e-14,nan,nan,nan,nan,nan,nan,nan,nan,0.6428045034408569,0.39056840538978577
1,1357,scene:1,rear,1357,22,0,0,0,0,0,0,0,0,1.0,1.0,2.3507940769195557,3.1805546814635168e-15,nan,nan,nan,nan,nan,nan,nan,nan,0.643181324005127,0.4141145646572113
1,1358,scene:1,rear,1358,22,0,0,0,0,0,0,0,0,1.0,1.0,0.9680154919624329,1.1369457739364356e-14,nan,nan,nan,nan,nan,nan,nan,nan,0.6374945640563965,0.4192401170730591
1,1359,scene:1,rear,1359,22,0,0,0,0,0,0,0,0,1.0,1.0,0.07390628010034561,1.440194573731442e-14,nan,nan,nan,nan,nan,nan,nan,nan,0.6344547867774963,0.41575345396995544
1,1360,scene:1,rear,1360,22,0,0,0,0,0,0,0,0,1.0,1.0,1.410125970840454,9.54166404439055e-15,nan,nan,nan,nan,nan,nan,nan,nan,0.6444328427314758,0.4178873598575592
1,1361,scene:1,rear,1361,22,0,0,0,0,0,0,0,0,1.0,1.0,0.488545298576355,4.80179197277067e-15,nan,nan,nan,nan,nan,nan,nan,nan,0.644844114780426,0.40634098649024963
1,1362,scene:1,rear,1362,22,0,0,0,0,0,0,0,0,1.0,1.0,0.6585938334465027,3.1805546814635168e-15,nan,nan,nan,nan,nan,nan,nan,nan,0.6461827158927917,0.39966240525245667
1,1363,scene:1,rear,1363,22,0,0,0,0,0,0,0,0,1.0,1.0,0.07780299335718155,8.239416152772486e-15,nan,nan,nan,nan,nan,nan,nan,nan,0.6468959450721741,0.4061923921108246
1,1364,scene:1,rear,1364,22,0,0,0,0,0,0,0,0,1.0,1.0,3.610821008682251,1.0223537016586549e-14,nan,nan,nan,nan,nan,nan,nan,nan,0.6366164088249207,0.3754849433898926
1,1365,scene:1,rear,1365,22,0,0,0,0,0,0,0,0,1.0,1.0,2.60307240486145,5.565970692561154e-15,nan,nan,nan,nan,nan,nan,nan,nan,0.6442159414291382,0.4149506986141205
1,1366,scene:1,rear,1366,22,0,0,0,0,0,0,0,0,1.0,1.0,3.050734519958496,0.0,nan,nan,nan,nan,nan,nan,nan,nan,0.6243011951446533,0.39249348640441895
1,1367,scene:1,rear,1367,22,0,0,0,0,0,0,0,0,1.0,1.0,3.03341007232666,4.969616689786745e-17,nan,nan,nan,nan,nan,nan,nan,nan,0.643310010433197,0.41668662428855896
1,1368,scene:1,rear,1368,22,0,0,0,0,0,0,0,0,1.0,1.0,3.912330389022827,9.289860679670137e-15,nan,nan,nan,nan,nan,nan,nan,nan,0.6290246844291687,0.41927018761634827
1,1369,scene:1,rear,1369,22,0,0,0,0,0,0,0,0,1.0,1.0,2.0414459705352783,6.935420143620674e-15,nan,nan,nan,nan,nan,nan,nan,nan,0.6217891573905945,0.3960748612880707
1,1370,scene:1,rear,1370,22,0,0,0,0,0,0,0,0,1.0,1.0,0.3091064989566803,6.3611093629270335e-15,nan,nan,nan,nan,nan,nan,nan,nan,0.6290314793586731,0.40446949005126953
1,1371,scene:1,rear,1371,22,0,0,0,0,0,0,0,0,1.0,1.0,0.4929807782173157,5.084382225665463e-14,nan,nan,nan,nan,nan,nan,nan,nan,0.626706600189209,0.403252512216568
1,1372,scene:1,rear,1372,22,0,0,0,0,0,0,0,0,1.0,1.0,2.567603349685669,1.1250338517727205e-14,nan,nan,nan,nan,nan,nan,nan,nan,0.6216632723808289,0.4220593273639679
1,1373,scene:1,rear,1373,22,0,0,0,0,0,0,0,0,1.0,1.0,1.1272958517074585,1.5902773407317584e-15,nan,nan,nan,nan,nan,nan,nan,nan,0.6224331259727478,0.4246523082256317
1,1374,scene:1,rear,1374,22,0,0,0,0,0,0,0,0,1.0,1.0,0.05854416266083717,3.2298685475317884e-15,nan,nan,nan,nan,nan,nan,nan,nan,0.628458559513092,0.41518017649650574
1,1375,scene:1,rear,1375,22,0,0,0,0,0,0,0,0,1.0,1.0,0.6194709539413452,2.674374184098152e-15,nan,nan,nan,nan,nan,nan,nan,nan,0.6415299773216248,0.40002918243408203
1,1376,scene:1,rear,1376,22,0,0,0,0,0,0,0,0,1.0,1.0,0.4169981777667999,1.8656658549583857e-14,nan,nan,nan,nan,nan,nan,nan,nan,0.6401320099830627,0.4087786376476288
1,1377,scene:1,rear,1377,22,0,0,0,0,0,0,0,0,1.0,1.0,0.5640720725059509,6.3611093629270335e-15,nan,nan,nan,nan,nan,nan,nan,nan,0.6404626965522766,0.4075508117675781
1,1378,scene:1,rear,1378,22,0,0,0,0,0,0,0,0,1.0,1.0,0.5618031620979309,2.2838619523008722e-15,nan,nan,nan,nan,nan,nan,nan,nan,0.6416941285133362,0.4059211313724518
1,1379,scene:1,rear,1379,22,0,0,0,0,0,0,0,0,1.0,1.0,0.3143918812274933,7.995869857510312e-15,nan,nan,nan,nan,nan,nan,nan,nan,0.6423277258872986,0.4007931053638458
1,1380,scene:1,rear,1380,22,0,0,0,0,0,0,0,0,1.0,1.0,0.42254364490509033,4.770832022195275e-15,nan,nan,nan,nan,nan,nan,nan,nan,0.6445931196212769,0.4020874500274658
1,1381,scene:1,rear,1381,22,0,0,0,0,0,0,0,0,1.0,1.0,0.3419906198978424,1.0815055175336619e-14,nan,nan,nan,nan,nan,nan,nan,nan,0.6431760191917419,0.4105442762374878
1,1382,scene:1,rear,1382,22,0,0,0,0,0,0,0,0,1.0,1.0,0.21816283464431763,4.409888275849202e-15,nan,nan,nan,nan,nan,nan,nan,nan,0.6448038220405579,0.4055462181568146
1,1383,scene:1,rear,1383,22,0,0,0,0,0,0,0,0,1.0,1.0,0.4646940231323242,9.54166404439055e-15,nan,nan,nan,nan,nan,nan,nan,nan,0.6423351764678955,0.4031383991241455
1,1384,scene:1,rear,1384,22,0,0,0,0,0,0,0,0,1.0,1.0,0.016538653522729874,1.987846675914698e-16,nan,nan,nan,nan,nan,nan,nan,nan,0.6440227627754211,0.4064095914363861
1,1385,scene:1,rear,1385,22,0,0,0,0,0,0,0,0,1.0,1.0,0.09861873835325241,6.868866050442727e-15,nan,nan,nan,nan,nan,nan,nan,nan,0.6411473751068115,0.40569087862968445
1,1386,scene:1,rear,1386,22,0,0,0,0,0,0,0,0,1.0,1.0,0.4266662895679474,6.3611093629270335e-15,nan,nan,nan,nan,nan,nan,nan,nan,0.641411542892456,0.41267600655555725
1,1387,scene:1,rear,1387,22,0,0,0,0,0,0,0,0,1.0,1.0,0.07721465826034546,1.4642177784930926e-13,nan,nan,nan,nan,nan,nan,nan,nan,0.6390480399131775,0.40706491470336914
1,1388,scene:1,rear,1388,22,0,0,0,0,0,0,0,0,1.0,1.0,0.18255668878555298,5.841998572422564e-15,nan,nan,nan,nan,nan,nan,nan,nan,0.6368348598480225,0.4112127125263214
1,1389,scene:1,rear,1389,22,0,0,0,0,0,0,0,0,1.0,1.0,1.7898920774459839,6.712213844494632e-14,nan,nan,nan,nan,nan,nan,nan,nan,0.6400090456008911,0.41658833622932434
1,1390,scene:1,rear,1390,22,0,0,0,0,0,0,0,0,1.0,1.0,0.4728817045688629,2.2489917831974725e-15,nan,nan,nan,nan,nan,nan,nan,nan,0.6367910504341125,0.4112838804721832
1,1391,scene:1,rear,1391,22,0,0,0,0,0,0,0,0,1.0,1.0,1.0140318870544434,6.3611093629270335e-15,nan,nan,nan,nan,nan,nan,nan,nan,0.6371296048164368,0.4024980366230011
1,1392,scene:1,rear,1392,22,0,0,0,0,0,0,0,0,1.0,1.0,0.3992050290107727,2.562395279924626e-14,nan,nan,nan,nan,nan,nan,nan,nan,0.6429750323295593,0.40697231888771057
1,1393,scene:1,rear,1393,22,0,0,0,0,0,0,0,0,1.0,1.0,0.021888159215450287,9.942338904842079e-15,nan,nan,nan,nan,nan,nan,nan,nan,0.6398075222969055,0.40777602791786194
1,1394,scene:1,rear,1394,22,0,0,0,0,0,0,0,0,1.0,1.0,0.0871025025844574,9.681445973238611e-15,nan,nan,nan,nan,nan,nan,nan,nan,0.6422585844993591,0.40394124388694763
1,1395,scene:1,rear,1395,22,0,0,0,0,0,0,0,0,1.0,1.0,0.031320009380578995,0.0,nan,nan,nan,nan,nan,nan,nan,nan,0.637587308883667,0.4054429829120636
1,1396,scene:1,rear,1396,22,0,0,0,0,0,0,0,0,1.0,1.0,1.017750859260559,3.975693351829396e-16,nan,nan,nan,nan,nan,nan,nan,nan,0.6245890855789185,0.40745094418525696
1,1397,scene:1,rear,1397,22,0,0,0,0,0,0,0,0,1.0,1.0,1.0784910917282104,5.3042365122088226e-15,nan,nan,nan,nan,nan,nan,nan,nan,0.6281412839889526,0.4113948345184326
1,1398,scene:1,rear,1398,22,0,0,0,0,0,0,0,0,1.0,1.0,2.660020589828491,5.1530875419180655e-15,nan,nan,nan,nan,nan,nan,nan,nan,0.6171600222587585,0.3932480812072754
1,1399,scene:1,rear,1399,22,0,0,0,0,0,0,0,0,1.0,1.0,2.230633497238159,3.916865115748104e-15,nan,nan,nan,nan,nan,nan,nan,nan,0.6386058330535889,0.4208272397518158
1,1400,scene:1,rear,1400,22,0,0,0,0,0,0,0,0,1.0,1.0,1.5896114110946655,1.1384653202790139e-14,nan,nan,nan,nan,nan,nan,nan,nan,0.6374959349632263,0.42467355728149414
1,1401,scene:1,rear,1401,22,0,0,0,0,0,0,0,0,1.0,1.0,0.25208768248558044,4.351177399193081e-15,nan,nan,nan,nan,nan,nan,nan,nan,0.6344611048698425,0.4185091257095337
1,1402,scene:1,rear,1402,22,0,0,0,0,0,0,0,0,1.0,1.0,0.43639910221099854,8.332374183270076e-15,nan,nan,nan,nan,nan,nan,nan,nan,0.632409930229187,0.4127722680568695
1,1403,scene:1,rear,1403,22,0,0,0,0,0,0,0,0,1.0,1.0,2.061558723449707,8.133184245562203e-15,nan,nan,nan,nan,nan,nan,nan,nan,0.6413301825523376,0.4257752597332001
1,1404,scene:1,rear,1404,22,0,0,0,0,0,0,0,0,1.0,1.0,2.683051109313965,4.0201711063592206e-15,nan,nan,nan,nan,nan,nan,nan,nan,0.6337239146232605,0.39584383368492126
1,1405,scene:1,rear,1405,22,0,0,0,0,0,0,0,0,1.0,1.0,2.759852647781372,5.520749842418921e-15,nan,nan,nan,nan,nan,nan,nan,nan,0.6273223161697388,0.3939913213253021
1,1406,scene:1,rear,1406,22,0,0,0,0,0,0,0,0,1.0,1.0,1.1530025005340576,1.4374482047682972e-14,nan,nan,nan,nan,nan,nan,nan,nan,0.642982006072998,0.4076240360736847
1,1407,scene:1,rear,1407,22,0,0,0,0,0,0,0,0,1.0,1.0,0.7067835330963135,6.629271217693581e-15,nan,nan,nan,nan,nan,nan,nan,nan,0.6308204531669617,0.4138928949832916
1,1408,scene:1,rear,1408,22,0,0,0,0,0,0,0,0,1.0,1.0,5.190900802612305,9.45667555525884e-14,nan,nan,nan,nan,nan,nan,nan,nan,0.6373625993728638,0.432075172662735
1,1409,scene:1,rear,1409,22,0,0,0,0,0,0,0,0,1.0,1.0,0.5144089460372925,8.492084722066092e-15,nan,nan,nan,nan,nan,nan,nan,nan,0.6262093782424927,0.41248834133148193
1,1410,scene:1,rear,1410,22,0,0,0,0,0,0,0,0,1.0,1.0,0.8550235629081726,0.0,nan,nan,nan,nan,nan,nan,nan,nan,0.6366826891899109,0.4125562608242035
1,1411,scene:1,rear,1411,22,0,0,0,0,0,0,0,0,1.0,1.0,1.8177452087402344,9.118467974097187e-15,nan,nan,nan,nan,nan,nan,nan,nan,0.6450454592704773,0.42023923993110657
1,1412,scene:1,rear,1412,22,0,0,0,0,0,0,0,0,1.0,1.0,1.8206303119659424,0.0,nan,nan,nan,nan,nan,nan,nan,nan,0.6261114478111267,0.3971307575702667
1,1413,scene:1,rear,1413,22,0,0,0,0,0,0,0,0,1.0,1.0,0.9704309105873108,1.1803003111344658e-15,nan,nan,nan,nan,nan,nan,nan,nan,0.6483003497123718,0.4105534851551056
1,1414,scene:1,rear,1414,22,0,0,0,0,0,0,0,0,1.0,1.0,0.08263994753360748,1.114834678032762e-14,nan,nan,nan,nan,nan,nan,nan,nan,0.6392399668693542,0.39967241883277893
1,1415,scene:1,rear,1415,22,0,0,0,0,0,0,0,0,1.0,1.0,1.5147913694381714,6.655457917235444e-14,nan,nan,nan,nan,nan,nan,nan,nan,0.6389999389648438,0.4090377390384674
1,1416,scene:1,rear,1416,22,0,0,0,0,0,0,0,0,1.0,1.0,1.0416961908340454,0.0,nan,nan,nan,nan,nan,nan,nan,nan,0.6417124271392822,0.41335752606391907
1,1417,scene:1,rear,1417,22,0,0,0,0,0,0,0,0,1.0,1.0,0.24919836223125458,2.7893052024199714e-13,nan,nan,nan,nan,nan,nan,nan,nan,0.6398375630378723,0.4096224009990692
1,1418,scene:1,rear,1418,22,0,0,0,0,0,0,0,0,1.0,1.0,0.7263009548187256,5.166401164050532e-15,nan,nan,nan,nan,nan,nan,nan,nan,0.6397320628166199,0.4030613899230957
1,1419,scene:1,rear,1419,22,0,0,0,0,0,0,0,0,1.0,1.0,0.8775199055671692,1.1490458797282798e-14,nan,nan,nan,nan,nan,nan,nan,nan,0.6474320888519287,0.40255510807037354
1,1420,scene:1,rear,1420,22,0,0,0,0,0,0,0,0,1.0,1.0,2.2024176120758057,5.21050839447869e-15,nan,nan,nan,nan,nan,nan,nan,nan,0.6454034447669983,0.38832950592041016
1,1421,scene:1,rear,1421,22,0,0,0,0,0,0,0,0,1.0,1.0,3.752838134765625,2.3904631153572166e-14,nan,nan,nan,nan,nan,nan,nan,nan,0.6479255557060242,0.41468286514282227
1,1422,scene:1,rear,1422,22,0,0,0,0,0,0,0,0,1.0,1.0,1.8725882768630981,3.187149632846579e-15,nan,nan,nan,nan,nan,nan,nan,nan,0.6423074007034302,0.40855368971824646
1,1423,scene:1,rear,1423,22,0,0,0,0,0,0,0,0,1.0,1.0,0.21070437133312225,9.513441732639154e-15,nan,nan,nan,nan,nan,nan,nan,nan,0.6302840113639832,0.4095858633518219
1,1424,scene:1,rear,1424,22,0,0,0,0,0,0,0,0,1.0,1.0,0.29565343260765076,1.1381568266192002e-15,nan,nan,nan,nan,nan,nan,nan,nan,0.6364825367927551,0.40493515133857727
1,1425,scene:1,rear,1425,22,0,0,0,0,0,0,0,0,1.0,1.0,0.015592226758599281,6.634403381779907e-15,nan,nan,nan,nan,nan,nan,nan,nan,0.636513888835907,0.4151182174682617
1,1426,scene:1,rear,1426,22,0,0,0,0,0,0,0,0,1.0,1.0,0.2699625492095947,9.545804493292032e-15,nan,nan,nan,nan,nan,nan,nan,nan,0.6422252058982849,0.41448888182640076
1,1427,scene:1,rear,1427,22,0,0,0,0,0,0,0,0,1.0,1.0,1.5378791093826294,3.1805546814635168e-15,nan,nan,nan,nan,nan,nan,nan,nan,0.6373040080070496,0.4033891260623932
1,1428,scene:1,rear,1428,22,0,0,0,0,0,0,0,0,1.0,1.0,0.18330372869968414,2.432929436584986e-13,nan,nan,nan,nan,nan,nan,nan,nan,0.6416882872581482,0.4012669622898102
1,1429,scene:1,rear,1429,22,0,0,0,0,0,0,0,0,1.0,1.0,0.09740332514047623,1.6289094590491928e-15,nan,nan,nan,nan,nan,nan,nan,nan,0.6407785415649414,0.3963967263698578
1,1430,scene:1,rear,1430,22,0,0,0,0,0,0,0,0,1.0,1.0,2.663806200027466,1.7671551835228685e-14,nan,nan,nan,nan,nan,nan,nan,nan,0.6234584450721741,0.3879539966583252
1,1431,scene:1,rear,1431,22,0,0,0,0,0,0,0,0,1.0,1.0,2.8032162189483643,5.565970692561154e-15,nan,nan,nan,nan,nan,nan,nan,nan,0.6311917304992676,0.42081403732299805
1,1432,scene:1,rear,1432,22,0,0,0,0,0,0,0,0,1.0,1.0,1.8245837688446045,0.0,nan,nan,nan,nan,nan,nan,nan,nan,0.628193199634552,0.42153677344322205
1,1433,scene:1,rear,1433,22,0,0,0,0,0,0,0,0,1.0,1.0,0.3360115587711334,0.0,nan,nan,nan,nan,nan,nan,nan,nan,0.6225854754447937,0.4194590151309967
1,1434,scene:1,rear,1434,22,0,0,0,0,0,0,0,0,1.0,1.0,2.6268720626831055,6.410612906129115e-15,nan,nan,nan,nan,nan,nan,nan,nan,0.6239421963691711,0.400936096906662
1,1435,scene:1,rear,1435,22,0,0,0,0,0,0,0,0,1.0,1.0,3.335418224334717,5.904443317915455e-15,nan,nan,nan,nan,nan,nan,nan,nan,0.6437197923660278,0.4252805709838867
1,1436,scene:1,rear,1436,22,0,0,0,0,0,0,0,0,1.0,1.0,0.9498729705810547,1.759721551269558e-14,nan,nan,nan,nan,nan,nan,nan,nan,0.6379857659339905,0.41374751925468445
1,1437,scene:1,rear,1437,22,0,0,0,0,0,0,0,0,1.0,1.0,0.7997303009033203,0.0,nan,nan,nan,nan,nan,nan,nan,nan,0.6363244652748108,0.4073701798915863
1,1438,scene:1,rear,1438,22,0,0,0,0,0,0,0,0,1.0,1.0,0.17775920033454895,6.3613034856169464e-15,nan,nan,nan,nan,nan,nan,nan,nan,0.6403393745422363,0.4085218906402588
1,1439,scene:1,rear,1439,22,0,0,0,0,0,0,0,0,1.0,1.0,0.447679340839386,0.0,nan,nan,nan,nan,nan,nan,nan,nan,0.6438403129577637,0.41108813881874084
1,1440,scene:1,rear,1440,22,0,0,0,0,0,0,0,0,1.0,1.0,2.2163314819335938,5.0913716923398895e-15,nan,nan,nan,nan,nan,nan,nan,nan,0.630321204662323,0.39495134353637695
1,1441,scene:1,rear,1441,22,0,0,0,0,0,0,0,0,1.0,1.0,1.242340087890625,0.0,nan,nan,nan,nan,nan,nan,nan,nan,0.6501284837722778,0.4187622368335724
1,1442,scene:1,rear,1442,22,0,0,0,0,0,0,0,0,1.0,1.0,0.8163626194000244,2.9015923207434626e-15,nan,nan,nan,nan,nan,nan,nan,nan,0.6394356489181519,0.4020048677921295
1,1443,scene:1,rear,1443,22,0,0,0,0,0,0,0,0,1.0,1.0,1.2954782247543335,6.3611093629270335e-15,nan,nan,nan,nan,nan,nan,nan,nan,0.6336153149604797,0.4029488265514374
1,1444,scene:1,rear,1444,22,0,0,0,0,0,0,0,0,1.0,1.0,0.6041984558105469,9.54166404439055e-15,nan,nan,nan,nan,nan,nan,nan,nan,0.6431154012680054,0.4186480939388275
1,1445,scene:1,rear,1445,22,0,0,0,0,0,0,0,0,1.0,1.0,0.658625066280365,0.0,nan,nan,nan,nan,nan,nan,nan,nan,0.6373556852340698,0.4053311347961426
1,1446,scene:1,rear,1446,22,0,0,0,0,0,0,0,0,1.0,1.0,1.2741265296936035,1.9362891946477222e-14,nan,nan,nan,nan,nan,nan,nan,nan,0.633756697177887,0.4008764922618866
1,1447,scene:1,rear,1447,22,0,0,0,0,0,0,0,0,1.0,1.0,0.9673658013343811,0.0,nan,nan,nan,nan,nan,nan,nan,nan,0.6301186680793762,0.41304469108581543
1,1448,scene:1,rear,1448,22,0,0,0,0,0,0,0,0,1.0,1.0,4.356344699859619,9.78396243902466e-15,nan,nan,nan,nan,nan,nan,nan,nan,0.6316254734992981,0.4347386658191681
1,1449,scene:1,rear,1449,22,0,0,0,0,0,0,0,0,1.0,1.0,2.4847617149353027,4.073873403674871e-15,nan,nan,nan,nan,nan,nan,nan,nan,0.6353349089622498,0.4250008165836334
1,1450,scene:1,rear,1450,22,0,0,0,0,0,0,0,0,1.0,1.0,0.33537596464157104,8.674670654041306e-16,nan,nan,nan,nan,nan,nan,nan,nan,0.6351754069328308,0.41450002789497375
1,1451,scene:1,rear,1451,22,0,0,0,0,0,0,0,0,1.0,1.0,0.324418842792511,7.111936473907614e-15,nan,nan,nan,nan,nan,nan,nan,nan,0.6368088126182556,0.41170963644981384
1,1452,scene:1,rear,1452,22,0,0,0,0,0,0,0,0,1.0,1.0,1.896044135093689,8.130764108311379e-15,nan,nan,nan,nan,nan,nan,nan,nan,0.6423450112342834,0.3885899484157562
1,1453,scene:1,rear,1453,22,0,0,0,0,0,0,0,0,1.0,1.0,1.8177375793457031,1.3139444735164283e-14,nan,nan,nan,nan,nan,nan,nan,nan,0.6509249210357666,0.4094414710998535
1,1454,scene:1,rear,1454,22,0,0,0,0,0,0,0,0,1.0,1.0,0.33067384362220764,1.8579040771001088e-13,nan,nan,nan,nan,nan,nan,nan,nan,0.6428274512290955,0.40709710121154785
1,1455,scene:1,rear,1455,22,0,0,0,0,0,0,0,0,1.0,1.0,0.23003527522087097,3.1805546814635168e-15,nan,nan,nan,nan,nan,nan,nan,nan,0.6421156525611877,0.40983638167381287
1,1456,scene:1,rear,1456,22,0,0,0,0,0,0,0,0,1.0,1.0,0.39258766174316406,2.104326078530338e-15,nan,nan,nan,nan,nan,nan,nan,nan,0.6457271575927734,0.40699997544288635
1,1457,scene:1,rear,1457,22,0,0,0,0,0,0,0,0,1.0,1.0,0.3483656942844391,8.499642803963827e-15,nan,nan,nan,nan,nan,nan,nan,nan,0.6451488733291626,0.4019606411457062
1,1458,scene:1,rear,1458,22,0,0,0,0,0,0,0,0,1.0,1.0,0.3520953357219696,4.627718937534517e-15,nan,nan,nan,nan,nan,nan,nan,nan,0.6469011306762695,0.4078628718852997
1,1459,scene:1,rear,1459,22,0,0,0,0,0,0,0,0,1.0,1.0,0.8642323017120361,6.8631108202320145e-15,nan,nan,nan,nan,nan,nan,nan,nan,0.6440456509590149,0.3989356756210327
1,1460,scene:1,rear,1460,22,0,0,0,0,0,0,0,0,1.0,1.0,0.17413753271102905,0.0,nan,nan,nan,nan,nan,nan,nan,nan,0.6433441638946533,0.41008782386779785
1,1461,scene:1,rear,1461,22,0,0,0,0,0,0,0,0,1.0,1.0,0.05850493907928467,1.2225927797841705e-14,nan,nan,nan,nan,nan,nan,nan,nan,0.644066572189331,0.40557241439819336
1,1462,scene:1,rear,1462,22,0,0,0,0,0,0,0,0,1.0,1.0,0.23981723189353943,8.147746807349742e-15,nan,nan,nan,nan,nan,nan,nan,nan,0.6438342928886414,0.40852880477905273
1,1463,scene:1,rear,1463,22,0,0,0,0,0,0,0,0,1.0,1.0,0.5505350828170776,1.4769045306429603e-14,nan,nan,nan,nan,nan,nan,nan,nan,0.6396844983100891,0.406725138425827
1,1464,scene:1,rear,1464,22,0,0,0,0,0,0,0,0,1.0,1.0,0.2557534873485565,8.133184245562203e-15,nan,nan,nan,nan,nan,nan,nan,nan,0.6395177245140076,0.4085550606250763
1,1465,scene:1,rear,1465,22,0,0,0,0,0,0,0,0,1.0,1.0,0.2905910015106201,6.5839450517290854e-15,nan,nan,nan,nan,nan,nan,nan,nan,0.6350821256637573,0.4032185971736908
1,1466,scene:1,rear,1466,22,0,0,0,0,0,0,0,0,1.0,1.0,2.5036542415618896,0.0,nan,nan,nan,nan,nan,nan,nan,nan,0.6439624428749084,0.4080307185649872
1,1467,scene:1,rear,1467,22,0,0,0,0,0,0,0,0,1.0,1.0,0.6494263410568237,8.017117738811538e-16,nan,nan,nan,nan,nan,nan,nan,nan,0.6276012063026428,0.40912893414497375
1,1468,scene:1,rear,1468,22,0,0,0,0,0,0,0,0,1.0,1.0,1.8262773752212524,0.0,nan,nan,nan,nan,nan,nan,nan,nan,0.6124242544174194,0.42594221234321594
1,1469,scene:1,rear,1469,22,0,0,0,0,0,0,0,0,1.0,1.0,1.3720721006393433,3.1805546814635168e-15,nan,nan,nan,nan,nan,nan,nan,nan,0.6236779093742371,0.39994847774505615
1,1470,scene:1,rear,1470,22,0,0,0,0,0,0,0,0,1.0,1.0,2.006777048110962,0.0,nan,nan,nan,nan,nan,nan,nan,nan,0.6227470636367798,0.3931404650211334
1,1471,scene:1,rear,1471,22,0,0,0,0,0,0,0,0,1.0,1.0,0.8368434906005859,4.688738535997873e-16,nan,nan,nan,nan,nan,nan,nan,nan,0.6269395351409912,0.4164412021636963
1,1472,scene:1,rear,1472,22,0,0,0,0,0,0,0,0,1.0,1.0,0.8521578907966614,1.987846675914698e-16,nan,nan,nan,nan,nan,nan,nan,nan,0.6291783452033997,0.41173818707466125
1,1473,scene:1,rear,1473,22,0,0,0,0,0,0,0,0,1.0,1.0,0.6780449748039246,2.9387985341580924e-13,nan,nan,nan,nan,nan,nan,nan,nan,0.6412211060523987,0.41740331053733826
1,1474,scene:1,rear,1474,22,0,0,0,0,0,0,0,0,1.0,1.0,0.6643079519271851,5.392892844764861e-15,nan,nan,nan,nan,nan,nan,nan,nan,0.6349124312400818,0.40323010087013245
1,1475,scene:1,rear,1475,22,0,0,0,0,0,0,0,0,1.0,1.0,1.7015081644058228,3.1805546814635168e-15,nan,nan,nan,nan,nan,nan,nan,nan,0.6389688849449158,0.4176390469074249
1,1476,scene:1,rear,1476,22,0,0,0,0,0,0,0,0,1.0,1.0,0.6789889931678772,6.3611093629270335e-15,nan,nan,nan,nan,nan,nan,nan,nan,0.6380103826522827,0.4216720759868622
1,1477,scene:1,rear,1477,22,0,0,0,0,0,0,0,0,1.0,1.0,0.32612788677215576,6.3611093629270335e-15,nan,nan,nan,nan,nan,nan,nan,nan,0.6374655365943909,0.40233197808265686
1,1478,scene:1,rear,1478,22,0,0,0,0,0,0,0,0,1.0,1.0,0.07460185885429382,0.0,nan,nan,nan,nan,nan,nan,nan,nan,0.6401069760322571,0.40497341752052307
1,1479,scene:1,rear,1479,22,0,0,0,0,0,0,0,0,1.0,1.0,2.9779086112976074,0.0,nan,nan,nan,nan,nan,nan,nan,nan,0.6409825682640076,0.37882986664772034
1,1480,scene:1,rear,1480,22,0,0,0,0,0,0,0,0,1.0,1.0,2.15201997756958,6.3611093629270335e-15,nan,nan,nan,nan,nan,nan,nan,nan,0.6395562887191772,0.4176698923110962
1,1481,scene:1,rear,1481,22,0,0,0,0,0,0,0,0,1.0,1.0,0.9688793420791626,6.604917853590161e-15,nan,nan,nan,nan,nan,nan,nan,nan,0.6286799907684326,0.4092884957790375
1,1482,scene:1,rear,1482,22,0,0,0,0,0,0,0,0,1.0,1.0,1.3970907926559448,5.685719863757827e-15,nan,nan,nan,nan,nan,nan,nan,nan,0.6367692947387695,0.4162023961544037
1,1483,scene:1,rear,1483,22,0,0,0,0,0,0,0,0,1.0,1.0,0.18539614975452423,1.2039197732687456e-14,nan,nan,nan,nan,nan,nan,nan,nan,0.6396494507789612,0.42075061798095703
1,1484,scene:1,rear,1484,22,0,0,0,0,0,0,0,0,1.0,1.0,0.875785231590271,6.410612906129115e-15,nan,nan,nan,nan,nan,nan,nan,nan,0.6455245614051819,0.41724178194999695
1,1485,scene:1,rear,1485,22,0,0,0,0,0,0,0,0,1.0,1.0,1.2681931257247925,3.750661606800139e-15,nan,nan,nan,nan,nan,nan,nan,nan,0.6531062722206116,0.3904334008693695
1,1486,scene:1,rear,1486,22,0,0,0,0,0,0,0,0,1.0,1.0,0.1392367035150528,6.3611093629270335e-15,nan,nan,nan,nan,nan,nan,nan,nan,0.6411319375038147,0.39792633056640625
1,1487,scene:1,rear,1487,22,0,0,0,0,0,0,0,0,1.0,1.0,0.07206428050994873,9.771333077314033e-15,nan,nan,nan,nan,nan,nan,nan,nan,0.6295462250709534,0.407238632440567
1,1488,scene:1,rear,1488,22,0,0,0,0,0,0,0,0,1.0,1.0,0.8278995156288147,1.433456623554218e-15,nan,nan,nan,nan,nan,nan,nan,nan,0.6220844388008118,0.41449007391929626
1,1489,scene:1,rear,1489,22,0,0,0,0,0,0,0,0,1.0,1.0,0.046951774507761,7.951386703658792e-15,nan,nan,nan,nan,nan,nan,nan,nan,0.6211757063865662,0.41504427790641785
1,1490,scene:1,rear,1490,22,0,0,0,0,0,0,0,0,1.0,1.0,0.7198954224586487,6.049526051978909e-15,nan,nan,nan,nan,nan,nan,nan,nan,0.6258871555328369,0.41405603289604187
1,1491,scene:1,rear,1491,22,0,0,0,0,0,0,0,0,1.0,1.0,0.5336440205574036,7.951386703658792e-16,nan,nan,nan,nan,nan,nan,nan,nan,0.6355705857276917,0.41651225090026855
1,1492,scene:1,rear,1492,22,0,0,0,0,0,0,0,0,1.0,1.0,0.9894476532936096,0.0,nan,nan,nan,nan,nan,nan,nan,nan,0.6419016718864441,0.39910757541656494
1,1493,scene:1,rear,1493,22,0,0,0,0,0,0,0,0,1.0,1.0,0.1665293127298355,6.79004357107859e-15,nan,nan,nan,nan,nan,nan,nan,nan,0.6392186284065247,0.3989206850528717
1,1494,scene:1,rear,1494,22,0,0,0,0,0,0,0,0,1.0,1.0,2.6337368488311768,9.705904402041652e-15,nan,nan,nan,nan,nan,nan,nan,nan,0.6158326268196106,0.3970346450805664
1,1495,scene:1,rear,1495,22,0,0,0,0,0,0,0,0,1.0,1.0,1.1812572479248047,7.868411540794923e-15,nan,nan,nan,nan,nan,nan,nan,nan,0.6170453429222107,0.40084075927734375
1,1496,scene:1,rear,1496,22,0,0,0,0,0,0,0,0,1.0,1.0,4.579805374145508,6.364214615424862e-15,nan,nan,nan,nan,nan,nan,nan,nan,0.6195243000984192,0.4286580979824066
1,1497,scene:1,rear,1497,22,0,0,0,0,0,0,0,0,1.0,1.0,1.8577033281326294,3.242936688826004e-15,nan,nan,nan,nan,nan,nan,nan,nan,0.6191964745521545,0.42545390129089355
1,1498,scene:1,rear,1498,22,0,0,0,0,0,0,0,0,1.0,1.0,2.184342622756958,6.647082932753746e-15,nan,nan,nan,nan,nan,nan,nan,nan,0.6201929450035095,0.4061528444290161
1,1499,scene:1,rear,1499,22,0,0,0,0,0,0,0,0,1.0,1.0,0.9722274541854858,3.501996194853268e-15,nan,nan,nan,nan,nan,nan,nan,nan,0.6252772808074951,0.41319164633750916
1,1500,scene:1,rear,1500,22,0,0,0,0,0,0,0,0,1.0,1.0,1.1321488618850708,3.287843717696939e-15,nan,nan,nan,nan,nan,nan,nan,nan,0.6270239353179932,0.4085597097873688
1,1501,scene:1,rear,1501,22,0,0,0,0,0,0,0,0,1.0,1.0,1.9174273014068604,8.508355324928225e-15,nan,nan,nan,nan,nan,nan,nan,nan,0.634472668170929,0.3925563097000122
1,1502,scene:1,rear,1502,22,0,0,0,0,0,0,0,0,1.0,1.0,1.431799292564392,6.245289830011237e-14,nan,nan,nan,nan,nan,nan,nan,nan,0.627710223197937,0.39624857902526855
1,1503,scene:1,rear,1503,22,0,0,0,0,0,0,0,0,1.0,1.0,4.7108473777771,9.155822427086532e-15,nan,nan,nan,nan,nan,nan,nan,nan,0.6245758533477783,0.4213279187679291
1,1504,scene:1,rear,1504,22,0,0,0,0,0,0,0,0,1.0,1.0,3.4954211711883545,3.540655716958848e-15,nan,nan,nan,nan,nan,nan,nan,nan,0.6204280853271484,0.42606818675994873
1,1505,scene:1,rear,1505,22,0,0,0,0,0,0,0,0,1.0,1.0,0.7583865523338318,1.5902773407317584e-15,nan,nan,nan,nan,nan,nan,nan,nan,0.6214697957038879,0.41769111156463623
1,1506,scene:1,rear,1506,22,0,0,0,0,0,0,0,0,1.0,1.0,0.436765193939209,1.1653936569533214e-14,nan,nan,nan,nan,nan,nan,nan,nan,0.6298788189888,0.40869608521461487
1,1507,scene:1,rear,1507,22,0,0,0,0,0,0,0,0,1.0,1.0,0.125213161110878,0.0,nan,nan,nan,nan,nan,nan,nan,nan,0.6377171277999878,0.41224467754364014
1,1508,scene:1,rear,1508,22,0,0,0,0,0,0,0,0,1.0,1.0,2.421426296234131,6.3611093629270335e-15,nan,nan,nan,nan,nan,nan,nan,nan,0.642875075340271,0.4185614287853241
1,1509,scene:1,rear,1509,22,0,0,0,0,0,0,0,0,1.0,1.0,0.6479783654212952,3.351393948538547e-14,nan,nan,nan,nan,nan,nan,nan,nan,0.6356514096260071,0.40914177894592285
1,1510,scene:1,rear,1510,22,0,0,0,0,0,0,0,0,1.0,1.0,1.1895222663879395,8.236165171032967e-15,nan,nan,nan,nan,nan,nan,nan,nan,0.6424412727355957,0.41839948296546936
1,1511,scene:1,rear,1511,22,0,0,0,0,0,0,0,0,1.0,1.0,1.7197613716125488,1.34580417689928e-13,nan,nan,nan,nan,nan,nan,nan,nan,0.6420666575431824,0.3947322368621826
1,1512,scene:1,rear,1512,22,0,0,0,0,0,0,0,0,1.0,1.0,1.6391147375106812,1.987846675914698e-16,nan,nan,nan,nan,nan,nan,nan,nan,0.6487508416175842,0.4111979305744171
1,1513,scene:1,rear,1513,22,0,0,0,0,0,0,0,0,1.0,1.0,0.22840622067451477,4.574477499537922e-15,nan,nan,nan,nan,nan,nan,nan,nan,0.6467568278312683,0.40829166769981384
1,1514,scene:1,rear,1514,22,0,0,0,0,0,0,0,0,1.0,1.0,0.04849624261260033,1.1133327910573416e-14,nan,nan,nan,nan,nan,nan,nan,nan,0.6439895629882812,0.40527626872062683
1,1515,scene:1,rear,1515,22,0,0,0,0,0,0,0,0,1.0,1.0,1.5714668035507202,9.286138034487735e-15,nan,nan,nan,nan,nan,nan,nan,nan,0.6380062699317932,0.3990343511104584
1,1516,scene:1,rear,1516,22,0,0,0,0,0,0,0,0,1.0,1.0,0.915927529335022,1.433456623554218e-15,nan,nan,nan,nan,nan,nan,nan,nan,0.6459776759147644,0.4082140624523163
1,1517,scene:1,rear,1517,22,0,0,0,0,0,0,0,0,1.0,1.0,2.7588372230529785,3.225277402996991e-15,nan,nan,nan,nan,nan,nan,nan,nan,0.6410571932792664,0.3878977596759796
1,1518,scene:1,rear,1518,22,0,0,0,0,0,0,0,0,1.0,1.0,1.1413090229034424,8.667672577574903e-15,nan,nan,nan,nan,nan,nan,nan,nan,0.6361032724380493,0.40970897674560547
1,1519,scene:1,rear,1519,22,0,0,0,0,0,0,0,0,1.0,1.0,0.3517474830150604,9.562864895664234e-15,nan,nan,nan,nan,nan,nan,nan,nan,0.6321212649345398,0.41300997138023376
1,1520,scene:1,rear,1520,22,0,0,0,0,0,0,0,0,1.0,1.0,5.41595983505249,0.0,nan,nan,nan,nan,nan,nan,nan,nan,0.5986225008964539,0.38995540142059326
1,1521,scene:1,rear,1521,22,0,0,0,0,0,0,0,0,1.0,1.0,2.21897554397583,3.1805546814635168e-15,nan,nan,nan,nan,nan,nan,nan,nan,0.6362820267677307,0.41887593269348145
1,1522,scene:1,rear,1522,22,0,0,0,0,0,0,0,0,1.0,1.0,4.608057022094727,5.508882304545857e-15,nan,nan,nan,nan,nan,nan,nan,nan,0.590854823589325,0.39091405272483826
1,1523,scene:1,rear,1523,22,0,0,0,0,0,0,0,0,1.0,1.0,2.777757167816162,4.8041056030819935e-15,nan,nan,nan,nan,nan,nan,nan,nan,0.6319045424461365,0.4222898781299591
1,1524,scene:1,rear,1524,22,0,0,0,0,0,0,0,0,1.0,1.0,5.769062042236328,0.0,nan,nan,nan,nan,nan,nan,nan,nan,0.6205638647079468,0.4262479841709137
1,1525,scene:1,rear,1525,22,0,0,0,0,0,0,0,0,1.0,1.0,3.796196937561035,0.0,nan,nan,nan,nan,nan,nan,nan,nan,0.6308727860450745,0.42022451758384705
1,1526,scene:1,rear,1526,22,0,0,0,0,0,0,0,0,1.0,1.0,1.43045175075531,3.1805546814635168e-15,nan,nan,nan,nan,nan,nan,nan,nan,0.6283015608787537,0.41136932373046875
1,1527,scene:1,rear,1527,22,0,0,0,0,0,0,0,0,1.0,1.0,0.09375450760126114,4.336368784435627e-15,nan,nan,nan,nan,nan,nan,nan,nan,0.6274272799491882,0.40149056911468506
1,1528,scene:1,rear,1528,22,0,0,0,0,0,0,0,0,1.0,1.0,1.0821986198425293,2.3854160110976376e-15,nan,nan,nan,nan,nan,nan,nan,nan,0.6208472847938538,0.40033093094825745
1,1529,scene:1,rear,1529,22,0,0,0,0,0,0,0,0,1.0,1.0,0.7435503005981445,5.764755360152624e-15,nan,nan,nan,nan,nan,nan,nan,nan,0.6319854259490967,0.4122457504272461
1,1530,scene:1,rear,1530,22,0,0,0,0,0,0,0,0,1.0,1.0,2.75467586517334,6.258560921557243e-15,nan,nan,nan,nan,nan,nan,nan,nan,0.6300060749053955,0.3827555179595947
1,1531,scene:1,rear,1531,22,0,0,0,0,0,0,0,0,1.0,1.0,1.5299038887023926,1.8379789891338198e-13,nan,nan,nan,nan,nan,nan,nan,nan,0.6300665736198425,0.3913816511631012
1,1532,scene:1,rear,1532,22,0,0,0,0,0,0,0,0,1.0,1.0,0.472547322511673,1.3334880888576776e-15,nan,nan,nan,nan,nan,nan,nan,nan,0.6258397698402405,0.40196967124938965
1,1533,scene:1,rear,1533,22,0,0,0,0,0,0,0,0,1.0,1.0,0.08966539800167084,1.436245016975002e-14,nan,nan,nan,nan,nan,nan,nan,nan,0.6222780346870422,0.4080177843570709
1,1534,scene:1,rear,1534,22,0,0,0,0,0,0,0,0,1.0,1.0,0.1619294285774231,0.0,nan,nan,nan,nan,nan,nan,nan,nan,0.6042233109474182,0.41071876883506775
1,1535,scene:1,rear,1535,22,0,0,0,0,0,0,0,0,1.0,1.0,6.382120609283447,9.93923337957349e-17,nan,nan,nan,nan,nan,nan,nan,nan,0.6245837807655334,0.44458481669425964
1,1536,scene:1,rear,1536,22,0,0,0,0,0,0,0,0,1.0,1.0,1.4337711334228516,1.0697496736392607e-14,nan,nan,nan,nan,nan,nan,nan,nan,0.6279354095458984,0.4264121353626251
1,1537,scene:1,rear,1537,22,0,0,0,0,0,0,0,0,1.0,1.0,0.8084831237792969,0.0,nan,nan,nan,nan,nan,nan,nan,nan,0.6290917992591858,0.4081238806247711
1,1538,scene:1,rear,1538,22,0,0,0,0,0,0,0,0,1.0,1.0,0.6418613195419312,6.724242146998387e-15,nan,nan,nan,nan,nan,nan,nan,nan,0.6429094076156616,0.40968990325927734
1,1539,scene:1,rear,1539,22,0,0,0,0,0,0,0,0,1.0,1.0,0.30981263518333435,5.0913716923398895e-15,nan,nan,nan,nan,nan,nan,nan,nan,0.6418821215629578,0.40214499831199646
1,1540,scene:1,rear,1540,22,0,0,0,0,0,0,0,0,1.0,1.0,2.683311939239502,4.784288600099533e-15,nan,nan,nan,nan,nan,nan,nan,nan,0.6336790323257446,0.3901655673980713
1,1541,scene:1,rear,1541,22,0,0,0,0,0,0,0,0,1.0,1.0,2.6440656185150146,3.1805546814635168e-15,nan,nan,nan,nan,nan,nan,nan,nan,0.6479894518852234,0.4111349284648895
1,1542,scene:1,rear,1542,22,0,0,0,0,0,0,0,0,1.0,1.0,1.0427570343017578,3.357288729575221e-14,nan,nan,nan,nan,nan,nan,nan,nan,0.6423384547233582,0.407232403755188
1,1543,scene:1,rear,1543,22,0,0,0,0,0,0,0,0,1.0,1.0,0.20434364676475525,1.1247274975472578e-14,nan,nan,nan,nan,nan,nan,nan,nan,0.6337330937385559,0.40611961483955383
1,1544,scene:1,rear,1544,22,0,0,0,0,0,0,0,0,1.0,1.0,0.1922888159751892,7.991044738720528e-15,nan,nan,nan,nan,nan,nan,nan,nan,0.6408337354660034,0.4045456647872925
1,1545,scene:1,rear,1545,22,0,0,0,0,0,0,0,0,1.0,1.0,0.1827734261751175,1.3774820897338482e-14,nan,nan,nan,nan,nan,nan,nan,nan,0.6403940916061401,0.41271159052848816
1,1546,scene:1,rear,1546,22,0,0,0,0,0,0,0,0,1.0,1.0,0.47931668162345886,3.885528425264018e-15,nan,nan,nan,nan,nan,nan,nan,nan,0.638017475605011,0.40165838599205017
1,1547,scene:1,rear,1547,22,0,0,0,0,0,0,0,0,1.0,1.0,0.11095022410154343,3.4810396260920792e-15,nan,nan,nan,nan,nan,nan,nan,nan,0.6419768929481506,0.40081048011779785
1,1548,scene:1,rear,1548,22,0,0,0,0,0,0,0,0,1.0,1.0,0.5038596391677856,6.59486110495822e-15,nan,nan,nan,nan,nan,nan,nan,nan,0.6412032842636108,0.40140974521636963
1,1549,scene:1,rear,1549,22,0,0,0,0,0,0,0,0,1.0,1.0,0.2171892523765564,9.707939822930557e-15,nan,nan,nan,nan,nan,nan,nan,nan,0.6418386101722717,0.40645575523376465
1,1550,scene:1,rear,1550,22,0,0,0,0,0,0,0,0,1.0,1.0,0.5766241550445557,0.0,nan,nan,nan,nan,nan,nan,nan,nan,0.6389694809913635,0.40386855602264404
1,1551,scene:1,rear,1551,22,0,0,0,0,0,0,0,0,1.0,1.0,0.244752898812294,0.0,nan,nan,nan,nan,nan,nan,nan,nan,0.6382303237915039,0.40799927711486816
1,1552,scene:1,rear,1552,22,0,0,0,0,0,0,0,0,1.0,1.0,0.6258679628372192,3.643783144938181e-15,nan,nan,nan,nan,nan,nan,nan,nan,0.6353012919425964,0.4126960039138794
1,1553,scene:1,rear,1553,22,0,0,0,0,0,0,0,0,1.0,1.0,0.5265470147132874,3.1805546814635168e-15,nan,nan,nan,nan,nan,nan,nan,nan,0.631701648235321,0.4093457758426666
1,1554,scene:1,rear,1554,22,0,0,0,0,0,0,0,0,1.0,1.0,0.9596465826034546,9.349221415798532e-15,nan,nan,nan,nan,nan,nan,nan,nan,0.6309148669242859,0.4034394323825836
1,1555,scene:1,rear,1555,22,0,0,0,0,0,0,0,0,1.0,1.0,0.25410306453704834,0.0,nan,nan,nan,nan,nan,nan,nan,nan,0.6338608264923096,0.40668952465057373
1,1556,scene:1,rear,1556,22,0,0,0,0,0,0,0,0,1.0,1.0,1.705214500427246,4.1507457178536844e-15,nan,nan,nan,nan,nan,nan,nan,nan,0.6402803063392639,0.41119635105133057
1,1557,scene:1,rear,1557,22,0,0,0,0,0,0,0,0,1.0,1.0,0.4727945625782013,6.3611093629270335e-15,nan,nan,nan,nan,nan,nan,nan,nan,0.6304235458374023,0.41118350625038147
1,1558,scene:1,rear,1558,22,0,0,0,0,0,0,0,0,1.0,1.0,0.5912932753562927,5.837131609265312e-15,nan,nan,nan,nan,nan,nan,nan,nan,0.6333475708961487,0.4070957601070404
1,1559,scene:1,rear,1559,22,0,0,0,0,0,0,0,0,1.0,1.0,0.051770783960819244,1.5663676813801482e-14,nan,nan,nan,nan,nan,nan,nan,nan,0.6359233260154724,0.4063833951950073
1,1560,scene:1,rear,1560,22,0,0,0,0,0,0,0,0,1.0,1.0,0.2327386438846588,8.925409438452306e-15,nan,nan,nan,nan,nan,nan,nan,nan,0.6366598606109619,0.40681949257850647
1,1561,scene:1,rear,1561,22,0,0,0,0,0,0,0,0,1.0,1.0,0.08221523463726044,7.37381267998888e-15,nan,nan,nan,nan,nan,nan,nan,nan,0.6347731947898865,0.4096320867538452
1,1562,scene:1,rear,1562,22,0,0,0,0,0,0,0,0,1.0,1.0,0.29799631237983704,5.0913716923398895e-15,nan,nan,nan,nan,nan,nan,nan,nan,0.6331349015235901,0.40850862860679626
1,1563,scene:1,rear,1563,22,0,0,0,0,0,0,0,0,1.0,1.0,0.5370932817459106,2.784766572413742e-15,nan,nan,nan,nan,nan,nan,nan,nan,0.6343978047370911,0.4097142219543457
1,1564,scene:1,rear,1564,22,0,0,0,0,0,0,0,0,1.0,1.0,0.48294901847839355,1.3521895977175973e-13,nan,nan,nan,nan,nan,nan,nan,nan,0.636745274066925,0.41491246223449707
1,1565,scene:1,rear,1565,22,0,0,0,0,0,0,0,0,1.0,1.0,0.02863023616373539,3.1805546814635168e-15,nan,nan,nan,nan,nan,nan,nan,nan,0.6341236233711243,0.40810298919677734
1,1566,scene:1,rear,1566,22,0,0,0,0,0,0,0,0,1.0,1.0,0.4545004069805145,0.0,nan,nan,nan,nan,nan,nan,nan,nan,0.6335982084274292,0.4060480296611786
1,1567,scene:1,rear,1567,22,0,0,0,0,0,0,0,0,1.0,1.0,0.10998354852199554,7.111936473907614e-15,nan,nan,nan,nan,nan,nan,nan,nan,0.6341289281845093,0.4076302945613861
1,1568,scene:1,rear,1568,22,0,0,0,0,0,0,0,0,1.0,1.0,0.5017737746238708,2.2489917831974725e-15,nan,nan,nan,nan,nan,nan,nan,nan,0.6335609555244446,0.40460944175720215
1,1569,scene:1,rear,1569,22,0,0,0,0,0,0,0,0,1.0,1.0,0.642623782157898,4.0682808714986665e-16,nan,nan,nan,nan,nan,nan,nan,nan,0.6396333575248718,0.4089682102203369
1,1570,scene:1,rear,1570,22,0,0,0,0,0,0,0,0,1.0,1.0,0.05691799148917198,1.6026532265322788e-15,nan,nan,nan,nan,nan,nan,nan,nan,0.6318917870521545,0.4122428596019745
1,1571,scene:1,rear,1571,22,0,0,0,0,0,0,0,0,1.0,1.0,0.2654942274093628,0.0,nan,nan,nan,nan,nan,nan,nan,nan,0.6325174570083618,0.40866026282310486
1,1572,scene:1,rear,1572,22,0,0,0,0,0,0,0,0,1.0,1.0,0.036587297916412354,3.7565568908353283e-14,nan,nan,nan,nan,nan,nan,nan,nan,0.6351376175880432,0.4098879396915436
1,1573,scene:1,rear,1573,22,0,0,0,0,0,0,0,0,1.0,1.0,0.3605111241340637,1.3065461583121697e-14,nan,nan,nan,nan,nan,nan,nan,nan,0.6338272094726562,0.4074818789958954
1,1574,scene:1,rear,1574,22,0,0,0,0,0,0,0,0,1.0,1.0,0.5307408571243286,1.5902773407317584e-15,nan,nan,nan,nan,nan,nan,nan,nan,0.6374666690826416,0.41298794746398926
1,1575,scene:1,rear,1575,22,0,0,0,0,0,0,0,0,1.0,1.0,0.443793922662735,1.2923557922388256e-14,nan,nan,nan,nan,nan,nan,nan,nan,0.6324493288993835,0.40564239025115967
1,1576,scene:1,rear,1576,22,0,0,0,0,0,0,0,0,1.0,1.0,0.9611757397651672,3.1805546814635168e-15,nan,nan,nan,nan,nan,nan,nan,nan,0.6333983540534973,0.4047814905643463
1,1577,scene:1,rear,1577,22,0,0,0,0,0,0,0,0,1.0,1.0,1.1495519876480103,7.951386703658792e-16,nan,nan,nan,nan,nan,nan,nan,nan,0.6406847834587097,0.41010454297065735
1,1578,scene:1,rear,1578,22,0,0,0,0,0,0,0,0,1.0,1.0,0.04502067714929581,2.347976111457855e-14,nan,nan,nan,nan,nan,nan,nan,nan,0.63173907995224,0.40635302662849426
1,1579,scene:1,rear,1579,22,0,0,0,0,0,0,0,0,1.0,1.0,0.43683215975761414,3.0169963361446776e-15,nan,nan,nan,nan,nan,nan,nan,nan,0.6292954087257385,0.4112318456172943
1,1580,scene:1,rear,1580,22,0,0,0,0,0,0,0,0,1.0,1.0,0.2615714371204376,3.585108587831137e-15,nan,nan,nan,nan,nan,nan,nan,nan,0.6359068751335144,0.41080984473228455
1,1581,scene:1,rear,1581,22,0,0,0,0,0,0,0,0,1.0,1.0,0.007165807299315929,3.555968236953807e-15,nan,nan,nan,nan,nan,nan,nan,nan,0.6347385048866272,0.40764132142066956
1,1582,scene:1,rear,1582,22,0,0,0,0,0,0,0,0,1.0,1.0,1.0343378782272339,0.0,nan,nan,nan,nan,nan,nan,nan,nan,0.6308044791221619,0.4093284606933594
1,1583,scene:1,rear,1583,22,0,0,0,0,0,0,0,0,1.0,1.0,1.1659950017929077,6.3611093629270335e-15,nan,nan,nan,nan,nan,nan,nan,nan,0.6296697854995728,0.4089641273021698
1,1584,scene:1,rear,1584,22,0,0,0,0,0,0,0,0,1.0,1.0,0.0832240954041481,1.9609530641395944e-15,nan,nan,nan,nan,nan,nan,nan,nan,0.6323221325874329,0.41374513506889343
1,1585,scene:1,rear,1585,22,0,0,0,0,0,0,0,0,1.0,1.0,2.2593815326690674,3.975693351829396e-15,nan,nan,nan,nan,nan,nan,nan,nan,0.6330161094665527,0.41839393973350525
1,1586,scene:1,rear,1586,22,0,0,0,0,0,0,0,0,1.0,1.0,1.490981936454773,5.3591917567616786e-15,nan,nan,nan,nan,nan,nan,nan,nan,0.6301680207252502,0.4132467806339264
1,1587,scene:1,rear,1587,22,0,0,0,0,0,0,0,0,1.0,1.0,0.4735895097255707,9.542505218470862e-15,nan,nan,nan,nan,nan,nan,nan,nan,0.6296613216400146,0.4156331717967987
1,1588,scene:1,rear,1588,22,0,0,0,0,0,0,0,0,1.0,1.0,0.04421359673142433,1.2183982238567297e-14,nan,nan,nan,nan,nan,nan,nan,nan,0.6329978108406067,0.4102686643600464
1,1589,scene:1,rear,1589,22,0,0,0,0,0,0,0,0,1.0,1.0,0.15914386510849,6.435227122506686e-15,nan,nan,nan,nan,nan,nan,nan,nan,0.6341350674629211,0.41082847118377686
1,1590,scene:1,rear,1590,22,0,0,0,0,0,0,0,0,1.0,1.0,1.0732637643814087,8.013266132661394e-16,nan,nan,nan,nan,nan,nan,nan,nan,0.6319791674613953,0.40331852436065674
1,1591,scene:1,rear,1591,22,0,0,0,0,0,0,0,0,1.0,1.0,0.3493145704269409,1.9744831845047578e-14,nan,nan,nan,nan,nan,nan,nan,nan,0.6414268016815186,0.4083012342453003
1,1592,scene:1,rear,1592,22,0,0,0,0,0,0,0,0,1.0,1.0,0.1884913295507431,1.8325979555634028e-14,nan,nan,nan,nan,nan,nan,nan,nan,0.6407077312469482,0.41105592250823975
1,1593,scene:1,rear,1593,22,0,0,0,0,0,0,0,0,1.0,1.0,0.2821559011936188,3.1805546814635168e-15,nan,nan,nan,nan,nan,nan,nan,nan,0.6363621354103088,0.4059050977230072
1,1594,scene:1,rear,1594,22,0,0,0,0,0,0,0,0,1.0,1.0,0.1976310759782791,0.0,nan,nan,nan,nan,nan,nan,nan,nan,0.6363124847412109,0.40893658995628357
1,1595,scene:1,rear,1595,22,0,0,0,0,0,0,0,0,1.0,1.0,0.616211473941803,6.3611093629270335e-15,nan,nan,nan,nan,nan,nan,nan,nan,0.6390136480331421,0.4114203453063965
1,1596,scene:1,rear,1596,22,0,0,0,0,0,0,0,0,1.0,1.0,0.505811870098114,3.3260604331156434e-15,nan,nan,nan,nan,nan,nan,nan,nan,0.63456791639328,0.40716156363487244
1,1597,scene:1,rear,1597,22,0,0,0,0,0,0,0,0,1.0,1.0,0.8370975255966187,5.654017452412574e-15,nan,nan,nan,nan,nan,nan,nan,nan,0.63810795545578,0.41387543082237244
1,1598,scene:1,rear,1598,22,0,0,0,0,0,0,0,0,1.0,1.0,0.17769485712051392,5.950272958968204e-15,nan,nan,nan,nan,nan,nan,nan,nan,0.6364273428916931,0.409550279378891
1,1599,scene:1,rear,1599,22,0,0,0,0,0,0,0,0,1.0,1.0,0.3592115640640259,1.527411507701967e-14,nan,nan,nan,nan,nan,nan,nan,nan,0.6364230513572693,0.4077148735523224
1,1600,scene:1,rear,1600,22,0,0,0,0,0,0,0,0,1.0,1.0,0.10848475992679596,6.196574103532098e-15,nan,nan,nan,nan,nan,nan,nan,nan,0.6367866396903992,0.40935876965522766
1,1601,scene:1,rear,1601,22,0,0,0,0,0,0,0,0,1.0,1.0,0.2560559809207916,2.514449254034009e-15,nan,nan,nan,nan,nan,nan,nan,nan,0.6355035901069641,0.40731921792030334
1,1602,scene:1,rear,1602,22,0,0,0,0,0,0,0,0,1.0,1.0,0.03957882523536682,7.16728311777109e-16,nan,nan,nan,nan,nan,nan,nan,nan,0.6364784240722656,0.41009342670440674
1,1603,scene:1,rear,1603,22,0,0,0,0,0,0,0,0,1.0,1.0,0.06342743337154388,0.0,nan,nan,nan,nan,nan,nan,nan,nan,0.6347289085388184,0.4074580669403076
1,1604,scene:1,rear,1604,22,0,0,0,0,0,0,0,0,1.0,1.0,0.307309091091156,8.048324531593379e-15,nan,nan,nan,nan,nan,nan,nan,nan,0.636395275592804,0.41074618697166443
1,1605,scene:1,rear,1605,22,0,0,0,0,0,0,0,0,1.0,1.0,0.8322591781616211,6.3611093629270335e-15,nan,nan,nan,nan,nan,nan,nan,nan,0.6369883418083191,0.4145134389400482
1,1606,scene:1,rear,1606,22,0,0,0,0,0,0,0,0,1.0,1.0,0.4475095570087433,7.330816321150978e-15,nan,nan,nan,nan,nan,nan,nan,nan,0.6315196752548218,0.40375328063964844
1,1607,scene:1,rear,1607,22,0,0,0,0,0,0,0,0,1.0,1.0,0.6146674752235413,5.0913716923398895e-15,nan,nan,nan,nan,nan,nan,nan,nan,0.6392847299575806,0.4143874943256378
1,1608,scene:1,rear,1608,22,0,0,0,0,0,0,0,0,1.0,1.0,0.40913355350494385,6.3611093629270335e-15,nan,nan,nan,nan,nan,nan,nan,nan,0.6393018364906311,0.40373679995536804
1,1609,scene:1,rear,1609,22,0,0,0,0,0,0,0,0,1.0,1.0,0.15005098283290863,9.54235154797291e-15,nan,nan,nan,nan,nan,nan,nan,nan,0.6352138519287109,0.40675345063209534
1,1610,scene:1,rear,1610,22,0,0,0,0,0,0,0,0,1.0,1.0,0.30149418115615845,3.373487674796208e-15,nan,nan,nan,nan,nan,nan,nan,nan,0.6381209492683411,0.40898165106773376
1,1611,scene:1,rear,1611,22,0,0,0,0,0,0,0,0,1.0,1.0,0.05254241079092026,6.3611093629270335e-15,nan,nan,nan,nan,nan,nan,nan,nan,0.6391571760177612,0.4025733768939972
1,1612,scene:1,rear,1612,22,0,0,0,0,0,0,0,0,1.0,1.0,0.621629536151886,6.851585856902616e-15,nan,nan,nan,nan,nan,nan,nan,nan,0.6375507116317749,0.4070797860622406
1,1613,scene:1,rear,1613,22,0,0,0,0,0,0,0,0,1.0,1.0,1.3136107921600342,6.604917853590161e-15,nan,nan,nan,nan,nan,nan,nan,nan,0.6432187557220459,0.409536749124527
1,1614,scene:1,rear,1614,22,0,0,0,0,0,0,0,0,1.0,1.0,0.7174673080444336,1.1820586137310588e-14,nan,nan,nan,nan,nan,nan,nan,nan,0.6357982754707336,0.40743279457092285
1,1615,scene:1,rear,1615,22,0,0,0,0,0,0,0,0,1.0,1.0,0.9386987090110779,4.901563953905559e-15,nan,nan,nan,nan,nan,nan,nan,nan,0.6313703060150146,0.4049851894378662
1,1616,scene:1,rear,1616,22,0,0,0,0,0,0,0,0,1.0,1.0,0.058331381529569626,0.0,nan,nan,nan,nan,nan,nan,nan,nan,0.6361953616142273,0.41050803661346436
1,1617,scene:1,rear,1617,22,0,0,0,0,0,0,0,0,1.0,1.0,0.862900972366333,3.2543401232606267e-15,nan,nan,nan,nan,nan,nan,nan,nan,0.6371316313743591,0.41381633281707764
1,1618,scene:1,rear,1618,22,0,0,0,0,0,0,0,0,1.0,1.0,0.8446729183197021,7.0224745922413304e-15,nan,nan,nan,nan,nan,nan,nan,nan,0.6317312121391296,0.4050436317920685
1,1619,scene:1,rear,1619,22,0,0,0,0,0,0,0,0,1.0,1.0,1.3677207231521606,8.710307722081132e-15,nan,nan,nan,nan,nan,nan,nan,nan,0.634079098701477,0.4181166887283325
1,1620,scene:1,rear,1620,22,0,0,0,0,0,0,0,0,1.0,1.0,0.5431213974952698,1.4013558426736236e-13,nan,nan,nan,nan,nan,nan,nan,nan,0.6294549107551575,0.412931352853775
1,1621,scene:1,rear,1621,22,0,0,0,0,0,0,0,0,1.0,1.0,0.019765282049775124,2.2909228705265475e-16,nan,nan,nan,nan,nan,nan,nan,nan,0.6343068480491638,0.41166821122169495
1,1622,scene:1,rear,1622,22,0,0,0,0,0,0,0,0,1.0,1.0,0.6981145143508911,6.459737095063577e-15,nan,nan,nan,nan,nan,nan,nan,nan,0.6347113847732544,0.4071020781993866
1,1623,scene:1,rear,1623,22,0,0,0,0,0,0,0,0,1.0,1.0,0.03180447593331337,1.0526206570780425e-14,nan,nan,nan,nan,nan,nan,nan,nan,0.6363648772239685,0.4124106466770172
1,1624,scene:1,rear,1624,22,0,0,0,0,0,0,0,0,1.0,1.0,0.15373575687408447,2.7792895488349395e-15,nan,nan,nan,nan,nan,nan,nan,nan,0.6356326937675476,0.4096601903438568
1,1625,scene:1,rear,1625,22,0,0,0,0,0,0,0,0,1.0,1.0,0.40431052446365356,8.60073974132531e-15,nan,nan,nan,nan,nan,nan,nan,nan,0.6404638886451721,0.4118967354297638
1,1626,scene:1,rear,1626,22,0,0,0,0,0,0,0,0,1.0,1.0,1.3435120582580566,1.72531357203851e-13,nan,nan,nan,nan,nan,nan,nan,nan,0.6387389898300171,0.4157440960407257
1,1627,scene:1,rear,1627,22,0,0,0,0,0,0,0,0,1.0,1.0,0.21407383680343628,7.072982511527894e-15,nan,nan,nan,nan,nan,nan,nan,nan,0.6345421671867371,0.414278507232666
1,1628,scene:1,rear,1628,22,0,0,0,0,0,0,0,0,1.0,1.0,0.6798382997512817,3.1995226487155647e-15,nan,nan,nan,nan,nan,nan,nan,nan,0.6355355381965637,0.40630924701690674
1,1629,scene:1,rear,1629,22,0,0,0,0,0,0,0,0,1.0,1.0,0.3310374617576599,6.361885818146639e-15,nan,nan,nan,nan,nan,nan,nan,nan,0.6424006819725037,0.40681424736976624
1,1630,scene:1,rear,1630,22,0,0,0,0,0,0,0,0,1.0,1.0,0.41943323612213135,3.975693351829396e-16,nan,nan,nan,nan,nan,nan,nan,nan,0.6411311626434326,0.4033183753490448
1,1631,scene:1,rear,1631,22,0,0,0,0,0,0,0,0,1.0,1.0,0.0791497528553009,3.2752457500872367e-15,nan,nan,nan,nan,nan,nan,nan,nan,0.6413909792900085,0.4062901437282562
1,1632,scene:1,rear,1632,22,0,0,0,0,0,0,0,0,1.0,1.0,0.27823522686958313,6.3611093629270335e-15,nan,nan,nan,nan,nan,nan,nan,nan,0.6391576528549194,0.40918126702308655
1,1633,scene:1,rear,1633,22,0,0,0,0,0,0,0,0,1.0,1.0,0.3790706694126129,6.700694717632931e-15,nan,nan,nan,nan,nan,nan,nan,nan,0.6367639899253845,0.4132542312145233
1,1634,scene:1,rear,1634,22,0,0,0,0,0,0,0,0,1.0,1.0,0.10302110761404037,1.2398684877431178e-14,nan,nan,nan,nan,nan,nan,nan,nan,0.6361151337623596,0.41040900349617004
1,1635,scene:1,rear,1635,22,0,0,0,0,0,0,0,0,1.0,1.0,0.7330541610717773,8.82747180708937e-15,nan,nan,nan,nan,nan,nan,nan,nan,0.6348956227302551,0.4093124568462372
1,1636,scene:1,rear,1636,22,0,0,0,0,0,0,0,0,1.0,1.0,0.7293237447738647,1.4343209165205032e-13,nan,nan,nan,nan,nan,nan,nan,nan,0.6410315632820129,0.4144936501979828
1,1637,scene:1,rear,1637,22,0,0,0,0,0,0,0,0,1.0,1.0,0.4297173321247101,1.2350272390035832e-14,nan,nan,nan,nan,nan,nan,nan,nan,0.6351745128631592,0.41085758805274963
1,1638,scene:1,rear,1638,22,0,0,0,0,0,0,0,0,1.0,1.0,0.47605299949645996,1.3047302489449514e-14,nan,nan,nan,nan,nan,nan,nan,nan,0.6357822418212891,0.40601810812950134
1,1639,scene:1,rear,1639,22,0,0,0,0,0,0,0,0,1.0,1.0,0.32888519763946533,5.4226978444741105e-15,nan,nan,nan,nan,nan,nan,nan,nan,0.6377794146537781,0.41427549719810486
1,1640,scene:1,rear,1640,22,0,0,0,0,0,0,0,0,1.0,1.0,0.023942267522215843,8.685889169486312e-15,nan,nan,nan,nan,nan,nan,nan,nan,0.6365380883216858,0.41356444358825684
1,1641,scene:1,rear,1641,22,0,0,0,0,0,0,0,0,1.0,1.0,0.18630720674991608,1.2145503246892056e-14,nan,nan,nan,nan,nan,nan,nan,nan,0.6372843384742737,0.40881189703941345
1,1642,scene:1,rear,1642,22,0,0,0,0,0,0,0,0,1.0,1.0,0.7350243330001831,1.1271493824004597e-13,nan,nan,nan,nan,nan,nan,nan,nan,0.6397712826728821,0.4140661656856537
1,1643,scene:1,rear,1643,22,0,0,0,0,0,0,0,0,1.0,1.0,0.8350359797477722,0.0,nan,nan,nan,nan,nan,nan,nan,nan,0.6335813999176025,0.4114382565021515
1,1644,scene:1,rear,1644,22,0,0,0,0,0,0,0,0,1.0,1.0,0.8118159770965576,3.2114645883345414e-15,nan,nan,nan,nan,nan,nan,nan,nan,0.6400594115257263,0.41721439361572266
1,1645,scene:1,rear,1645,22,0,0,0,0,0,0,0,0,1.0,1.0,0.8047382235527039,1.3863716440904667e-14,nan,nan,nan,nan,nan,nan,nan,nan,0.6396970152854919,0.4137791395187378
1,1646,scene:1,rear,1646,22,0,0,0,0,0,0,0,0,1.0,1.0,0.26073142886161804,9.271898442719016e-15,nan,nan,nan,nan,nan,nan,nan,nan,0.6368727087974548,0.4114222824573517
1,1647,scene:1,rear,1647,22,0,0,0,0,0,0,0,0,1.0,1.0,0.03367694467306137,1.4235298518436252e-15,nan,nan,nan,nan,nan,nan,nan,nan,0.6382883787155151,0.41117164492607117
1,1648,scene:1,rear,1648,22,0,0,0,0,0,0,0,0,1.0,1.0,0.04356660321354866,1.0036165205546935e-14,nan,nan,nan,nan,nan,nan,nan,nan,0.640480101108551,0.40812984108924866
1,1649,scene:1,rear,1649,22,0,0,0,0,0,0,0,0,1.0,1.0,0.18761110305786133,1.135016934329448e-13,nan,nan,nan,nan,nan,nan,nan,nan,0.6422515511512756,0.4089796543121338
1,1650,scene:1,rear,1650,22,0,0,0,0,0,0,0,0,1.0,1.0,0.7153658866882324,7.111936473907614e-15,nan,nan,nan,nan,nan,nan,nan,nan,0.6405596137046814,0.41368579864501953
1,1651,scene:1,rear,1651,22,0,0,0,0,0,0,0,0,1.0,1.0,2.1163785457611084,6.988631144211406e-15,nan,nan,nan,nan,nan,nan,nan,nan,0.6262734532356262,0.3972513973712921
1,1652,scene:1,rear,1652,22,0,0,0,0,0,0,0,0,1.0,1.0,0.7107478380203247,1.5964772759045455e-15,nan,nan,nan,nan,nan,nan,nan,nan,0.6411029696464539,0.4112958610057831
1,1653,scene:1,rear,1653,22,0,0,0,0,0,0,0,0,1.0,1.0,2.3015167713165283,3.473047476957371e-15,nan,nan,nan,nan,nan,nan,nan,nan,0.6283928751945496,0.39944514632225037
1,1654,scene:1,rear,1654,22,0,0,0,0,0,0,0,0,1.0,1.0,1.6433671712875366,4.005487978406056e-15,nan,nan,nan,nan,nan,nan,nan,nan,0.642079770565033,0.42382335662841797
1,1655,scene:1,rear,1655,22,0,0,0,0,0,0,0,0,1.0,1.0,1.453869104385376,1.5902773407317584e-15,nan,nan,nan,nan,nan,nan,nan,nan,0.637766420841217,0.41751036047935486
1,1656,scene:1,rear,1656,22,0,0,0,0,0,0,0,0,1.0,1.0,1.28081476688385,4.5588552777833854e-15,nan,nan,nan,nan,nan,nan,nan,nan,0.6390305161476135,0.4227481186389923
1,1657,scene:1,rear,1657,22,0,0,0,0,0,0,0,0,1.0,1.0,1.143893837928772,3.465929110226167e-15,nan,nan,nan,nan,nan,nan,nan,nan,0.6418566107749939,0.4076174795627594
1,1658,scene:1,rear,1658,22,0,0,0,0,0,0,0,0,1.0,1.0,0.044929198920726776,4.770832022195275e-15,nan,nan,nan,nan,nan,nan,nan,nan,0.6459024548530579,0.40406379103660583
1,1659,scene:1,rear,1659,22,0,0,0,0,0,0,0,0,1.0,1.0,0.3020087778568268,1.2358268682482537e-14,nan,nan,nan,nan,nan,nan,nan,nan,0.6413143873214722,0.3961646556854248
1,1660,scene:1,rear,1660,22,0,0,0,0,0,0,0,0,1.0,1.0,0.20855256915092468,1.0727007128283347e-14,nan,nan,nan,nan,nan,nan,nan,nan,0.6292453408241272,0.40441596508026123
1,1661,scene:1,rear,1661,22,0,0,0,0,0,0,0,0,1.0,1.0,1.2246835231781006,8.040342212718441e-15,nan,nan,nan,nan,nan,nan,nan,nan,0.628782331943512,0.4156814515590668
1,1662,scene:1,rear,1662,22,0,0,0,0,0,0,0,0,1.0,1.0,0.07172278314828873,4.836639710492717e-15,nan,nan,nan,nan,nan,nan,nan,nan,0.6187624931335449,0.41144153475761414
1,1663,scene:1,rear,1663,22,0,0,0,0,0,0,0,0,1.0,1.0,0.268856018781662,8.889920592384517e-15,nan,nan,nan,nan,nan,nan,nan,nan,0.6358017325401306,0.4108583927154541
1,1664,scene:1,rear,1664,22,0,0,0,0,0,0,0,0,1.0,1.0,0.0417880155146122,4.570329441849917e-15,nan,nan,nan,nan,nan,nan,nan,nan,0.6317343711853027,0.40747272968292236
1,1665,scene:1,rear,1665,22,0,0,0,0,0,0,0,0,1.0,1.0,3.2599751949310303,4.7953115788517734e-15,nan,nan,nan,nan,nan,nan,nan,nan,0.6096706986427307,0.3926706314086914
1,1666,scene:1,rear,1666,22,0,0,0,0,0,0,0,0,1.0,1.0,1.1182045936584473,1.3501635494576035e-14,nan,nan,nan,nan,nan,nan,nan,nan,0.6388866305351257,0.3940035402774811
1,1667,scene:1,rear,1667,22,0,0,0,0,0,0,0,0,1.0,1.0,1.0388871431350708,1.6392203624658516e-15,nan,nan,nan,nan,nan,nan,nan,nan,0.6445823907852173,0.39541539549827576
1,1668,scene:1,rear,1668,22,0,0,0,0,0,0,0,0,1.0,1.0,5.362443923950195,3.2109118012541248e-15,nan,nan,nan,nan,nan,nan,nan,nan,0.6360613703727722,0.4291505813598633
1,1669,scene:1,rear,1669,22,0,0,0,0,0,0,0,0,1.0,1.0,1.675789475440979,1.3680082949782161e-14,nan,nan,nan,nan,nan,nan,nan,nan,0.6269187331199646,0.42588770389556885
1,1670,scene:1,rear,1670,22,0,0,0,0,0,0,0,0,1.0,1.0,3.4739086627960205,1.5902773407317584e-15,nan,nan,nan,nan,nan,nan,nan,nan,0.6350927352905273,0.4369921386241913
1,1671,scene:1,rear,1671,22,0,0,0,0,0,0,0,0,1.0,1.0,0.1646183431148529,1.2722218725854067e-14,nan,nan,nan,nan,nan,nan,nan,nan,0.6370428204536438,0.4141652286052704
1,1672,scene:1,rear,1672,22,0,0,0,0,0,0,0,0,1.0,1.0,1.1069766283035278,5.683873489319887e-15,nan,nan,nan,nan,nan,nan,nan,nan,0.6319913268089294,0.39964500069618225
1,1673,scene:1,rear,1673,22,0,0,0,0,0,0,0,0,1.0,1.0,0.3102467358112335,3.465929110226167e-15,nan,nan,nan,nan,nan,nan,nan,nan,0.6382761597633362,0.4070180356502533
1,1674,scene:1,rear,1674,22,0,0,0,0,0,0,0,0,1.0,1.0,0.03075804002583027,3.1805546814635168e-15,nan,nan,nan,nan,nan,nan,nan,nan,0.6443166136741638,0.40700390934944153
1,1675,scene:1,rear,1675,22,0,0,0,0,0,0,0,0,1.0,1.0,1.2976950407028198,1.3073020427597297e-14,nan,nan,nan,nan,nan,nan,nan,nan,0.6396902203559875,0.395975798368454
1,1676,scene:1,rear,1676,22,0,0,0,0,0,0,0,0,1.0,1.0,0.26834869384765625,3.1805546814635168e-15,nan,nan,nan,nan,nan,nan,nan,nan,0.6406452655792236,0.40530526638031006
1,1677,scene:1,rear,1677,22,0,0,0,0,0,0,0,0,1.0,1.0,0.10979072004556656,1.066790471086142e-14,nan,nan,nan,nan,nan,nan,nan,nan,0.637459933757782,0.4127054512500763
1,1678,scene:1,rear,1678,22,0,0,0,0,0,0,0,0,1.0,1.0,0.09926663339138031,1.1386388535961224e-14,nan,nan,nan,nan,nan,nan,nan,nan,0.640770435333252,0.41487082839012146
1,1679,scene:1,rear,1679,22,0,0,0,0,0,0,0,0,1.0,1.0,3.2186038494110107,1.7779841184769035e-15,nan,nan,nan,nan,nan,nan,nan,nan,0.6377310156822205,0.3865549862384796
1,1680,scene:1,rear,1680,22,0,0,0,0,0,0,0,0,1.0,1.0,2.8001773357391357,8.710307722081132e-15,nan,nan,nan,nan,nan,nan,nan,nan,0.6365659832954407,0.41697946190834045
1,1681,scene:1,rear,1681,22,0,0,0,0,0,0,0,0,1.0,1.0,1.2350165843963623,6.580943481000156e-15,nan,nan,nan,nan,nan,nan,nan,nan,0.6313052773475647,0.42224887013435364
1,1682,scene:1,rear,1682,22,0,0,0,0,0,0,0,0,1.0,1.0,1.3236982822418213,0.0,nan,nan,nan,nan,nan,nan,nan,nan,0.6237763166427612,0.4071318209171295
1,1683,scene:1,rear,1683,22,0,0,0,0,0,0,0,0,1.0,1.0,0.3769763112068176,5.33395235543071e-15,nan,nan,nan,nan,nan,nan,nan,nan,0.6323689818382263,0.41365960240364075
1,1684,scene:1,rear,1684,22,0,0,0,0,0,0,0,0,1.0,1.0,1.5498085021972656,6.3611093629270335e-15,nan,nan,nan,nan,nan,nan,nan,nan,0.6378208994865417,0.4231797158718109
1,1685,scene:1,rear,1685,22,0,0,0,0,0,0,0,0,1.0,1.0,1.2255915403366089,1.5902773407317584e-15,nan,nan,nan,nan,nan,nan,nan,nan,0.6372416615486145,0.41899338364601135
1,1686,scene:1,rear,1686,22,0,0,0,0,0,0,0,0,1.0,1.0,0.10570674389600754,9.07482488810338e-15,nan,nan,nan,nan,nan,nan,nan,nan,0.6345137357711792,0.413985013961792
1,1687,scene:1,rear,1687,22,0,0,0,0,0,0,0,0,1.0,1.0,0.36369821429252625,4.969616689786745e-17,nan,nan,nan,nan,nan,nan,nan,nan,0.6418818831443787,0.4109034836292267
1,1688,scene:1,rear,1688,22,0,0,0,0,0,0,0,0,1.0,1.0,0.3486271798610687,0.0,nan,nan,nan,nan,nan,nan,nan,nan,0.6415968537330627,0.4043475091457367
1,1689,scene:1,rear,1689,22,0,0,0,0,0,0,0,0,1.0,1.0,0.11619866639375687,3.1805546814635168e-15,nan,nan,nan,nan,nan,nan,nan,nan,0.6466536521911621,0.4047800600528717
1,1690,scene:1,rear,1690,22,0,0,0,0,0,0,0,0,1.0,1.0,0.6010545492172241,4.296689246482846e-15,nan,nan,nan,nan,nan,nan,nan,nan,0.6459727883338928,0.40075838565826416
1,1691,scene:1,rear,1691,22,0,0,0,0,0,0,0,0,1.0,1.0,0.06693506985902786,8.573128948591588e-15,nan,nan,nan,nan,nan,nan,nan,nan,0.6474615931510925,0.4045243263244629
1,1692,scene:1,rear,1692,22,0,0,0,0,0,0,0,0,1.0,1.0,0.03344104066491127,6.3611093629270335e-15,nan,nan,nan,nan,nan,nan,nan,nan,0.6460055708885193,0.40675386786460876
1,1693,scene:1,rear,1693,22,0,0,0,0,0,0,0,0,1.0,1.0,0.09384176135063171,5.332331550735985e-15,nan,nan,nan,nan,nan,nan,nan,nan,0.6435602307319641,0.40413543581962585
1,1694,scene:1,rear,1694,22,0,0,0,0,0,0,0,0,1.0,1.0,0.08028420060873032,7.991044738720528e-15,nan,nan,nan,nan,nan,nan,nan,nan,0.6446207165718079,0.4076499938964844
1,1695,scene:1,rear,1695,22,0,0,0,0,0,0,0,0,1.0,1.0,2.3391716480255127,8.234581375102086e-15,nan,nan,nan,nan,nan,nan,nan,nan,0.6277323961257935,0.393989235162735
1,1696,scene:1,rear,1696,22,0,0,0,0,0,0,0,0,1.0,1.0,0.10639087855815887,3.863157833015953e-15,nan,nan,nan,nan,nan,nan,nan,nan,0.6423819065093994,0.4171272814273834
1,1697,scene:1,rear,1697,22,0,0,0,0,0,0,0,0,1.0,1.0,1.206394910812378,5.99875398766768e-15,nan,nan,nan,nan,nan,nan,nan,nan,0.6359695792198181,0.4020185172557831
1,1698,scene:1,rear,1698,22,0,0,0,0,0,0,0,0,1.0,1.0,5.8934149742126465,1.2445888829338324e-14,nan,nan,nan,nan,nan,nan,nan,nan,0.600013017654419,0.38848766684532166
1,1699,scene:1,rear,1699,22,0,0,0,0,0,0,0,0,1.0,1.0,3.4740006923675537,3.2682551068993243e-15,nan,nan,nan,nan,nan,nan,nan,nan,0.6313919425010681,0.4271356165409088
1,1700,scene:1,rear,1700,22,0,0,0,0,0,0,0,0,1.0,1.0,6.77358341217041,3.1805546814635168e-15,nan,nan,nan,nan,nan,nan,nan,nan,0.6251804232597351,0.4345490634441376
1,1701,scene:1,rear,1701,22,0,0,0,0,0,0,0,0,1.0,1.0,0.7645569443702698,0.0,nan,nan,nan,nan,nan,nan,nan,nan,0.6182721257209778,0.4151732921600342
1,1702,scene:1,rear,1702,22,0,0,0,0,0,0,0,0,1.0,1.0,0.23228000104427338,6.410612906129115e-15,nan,nan,nan,nan,nan,nan,nan,nan,0.6334541440010071,0.41321608424186707
1,1703,scene:1,rear,1703,22,0,0,0,0,0,0,0,0,1.0,1.0,0.39188575744628906,1.4588534477486824e-14,nan,nan,nan,nan,nan,nan,nan,nan,0.6389754414558411,0.4058420956134796
1,1704,scene:1,rear,1704,22,0,0,0,0,0,0,0,0,1.0,1.0,0.02543230727314949,2.1003613282013094e-15,nan,nan,nan,nan,nan,nan,nan,nan,0.6415241360664368,0.406289666891098
1,1705,scene:1,rear,1705,22,0,0,0,0,0,0,0,0,1.0,1.0,2.3432729244232178,4.098050906164629e-16,nan,nan,nan,nan,nan,nan,nan,nan,0.6418007016181946,0.4207123816013336
1,1706,scene:1,rear,1706,22,0,0,0,0,0,0,0,0,1.0,1.0,0.5697356462478638,9.408207625024576e-15,nan,nan,nan,nan,nan,nan,nan,nan,0.638567328453064,0.4162212312221527
1,1707,scene:1,rear,1707,22,0,0,0,0,0,0,0,0,1.0,1.0,0.2129228562116623,8.6013140236844e-15,nan,nan,nan,nan,nan,nan,nan,nan,0.6403468251228333,0.4076853096485138
1,1708,scene:1,rear,1708,22,0,0,0,0,0,0,0,0,1.0,1.0,0.4383678734302521,5.585681144841336e-15,nan,nan,nan,nan,nan,nan,nan,nan,0.6396257877349854,0.40576305985450745
1,1709,scene:1,rear,1709,22,0,0,0,0,0,0,0,0,1.0,1.0,0.07747480273246765,7.034421768060982e-15,nan,nan,nan,nan,nan,nan,nan,nan,0.6441665291786194,0.40795016288757324
1,1710,scene:1,rear,1710,22,0,0,0,0,0,0,0,0,1.0,1.0,0.44959449768066406,2.2495407864482225e-15,nan,nan,nan,nan,nan,nan,nan,nan,0.6490448117256165,0.4074724018573761
1,1711,scene:1,rear,1711,22,0,0,0,0,0,0,0,0,1.0,1.0,0.06222334876656532,9.585049554461046e-15,nan,nan,nan,nan,nan,nan,nan,nan,0.6452552676200867,0.4024752378463745
1,1712,scene:1,rear,1712,22,0,0,0,0,0,0,0,0,1.0,1.0,0.18804915249347687,8.536175634560708e-15,nan,nan,nan,nan,nan,nan,nan,nan,0.6503711342811584,0.4036630392074585
1,1713,scene:1,rear,1713,22,0,0,0,0,0,0,0,0,1.0,1.0,0.13584168255329132,3.1805546814635168e-15,nan,nan,nan,nan,nan,nan,nan,nan,0.6470722556114197,0.4024268686771393
1,1714,scene:1,rear,1714,22,0,0,0,0,0,0,0,0,1.0,1.0,0.5664675831794739,1.0931349434814545e-14,nan,nan,nan,nan,nan,nan,nan,nan,0.6458935141563416,0.4055445194244385
1,1715,scene:1,rear,1715,22,0,0,0,0,0,0,0,0,1.0,1.0,0.21426630020141602,7.461710245905872e-15,nan,nan,nan,nan,nan,nan,nan,nan,0.6407424807548523,0.4105848968029022
1,1716,scene:1,rear,1716,22,0,0,0,0,0,0,0,0,1.0,1.0,0.7148560285568237,6.3611093629270335e-15,nan,nan,nan,nan,nan,nan,nan,nan,0.648067057132721,0.4087431728839874
1,1717,scene:1,rear,1717,22,0,0,0,0,0,0,0,0,1.0,1.0,0.26303234696388245,3.1805546814635168e-15,nan,nan,nan,nan,nan,nan,nan,nan,0.6464545726776123,0.4074159860610962
1,1718,scene:1,rear,1718,22,0,0,0,0,0,0,0,0,1.0,1.0,0.2556303143501282,7.156248033292914e-15,nan,nan,nan,nan,nan,nan,nan,nan,0.6465802788734436,0.4060758054256439
1,1719,scene:1,rear,1719,22,0,0,0,0,0,0,0,0,1.0,1.0,0.5715591907501221,5.843052051454427e-15,nan,nan,nan,nan,nan,nan,nan,nan,0.6442369818687439,0.4043845236301422
1,1720,scene:1,rear,1720,22,0,0,0,0,0,0,0,0,1.0,1.0,0.49197065830230713,4.4584524984232706e-14,nan,nan,nan,nan,nan,nan,nan,nan,0.6521461606025696,0.4019632339477539
1,1721,scene:1,rear,1721,22,0,0,0,0,0,0,0,0,1.0,1.0,0.10462559014558792,2.1527562687088453e-14,nan,nan,nan,nan,nan,nan,nan,nan,0.6496273279190063,0.4041560888290405
1,1722,scene:1,rear,1722,22,0,0,0,0,0,0,0,0,1.0,1.0,0.8343403339385986,0.0,nan,nan,nan,nan,nan,nan,nan,nan,0.642508327960968,0.4145318567752838
1,1723,scene:1,rear,1723,22,0,0,0,0,0,0,0,0,1.0,1.0,1.357858419418335,3.859700080859014e-15,nan,nan,nan,nan,nan,nan,nan,nan,0.6355172395706177,0.39334845542907715
1,1724,scene:1,rear,1724,22,0,0,0,0,0,0,0,0,1.0,1.0,1.0643103122711182,1.0182743384679779e-14,nan,nan,nan,nan,nan,nan,nan,nan,0.6233847141265869,0.40504541993141174
1,1725,scene:1,rear,1725,22,0,0,0,0,0,0,0,0,1.0,1.0,0.8693354725837708,1.0844245660749603e-14,nan,nan,nan,nan,nan,nan,nan,nan,0.6298532485961914,0.3988080322742462
1,1726,scene:1,rear,1726,22,0,0,0,0,0,0,0,0,1.0,1.0,1.412284016609192,1.2350672327614347e-14,nan,nan,nan,nan,nan,nan,nan,nan,0.6195585131645203,0.403607040643692
1,1727,scene:1,rear,1727,22,0,0,0,0,0,0,0,0,1.0,1.0,0.4546096622943878,1.054320314593105e-14,nan,nan,nan,nan,nan,nan,nan,nan,0.608927309513092,0.4046166241168976
1,1728,scene:1,rear,1728,22,0,0,0,0,0,0,0,0,1.0,1.0,1.0031952857971191,2.68120948292307e-13,nan,nan,nan,nan,nan,nan,nan,nan,0.5956299901008606,0.4152894914150238
1,1729,scene:1,rear,1729,22,0,0,0,0,0,0,0,0,1.0,1.0,3.840182065963745,8.738615589108743e-15,nan,nan,nan,nan,nan,nan,nan,nan,0.6102607250213623,0.4342704713344574
1,1730,scene:1,rear,1730,22,0,0,0,0,0,0,0,0,1.0,1.0,0.46537551283836365,7.951386703658792e-16,nan,nan,nan,nan,nan,nan,nan,nan,0.6085758209228516,0.4114815294742584
1,1731,scene:1,rear,1731,22,0,0,0,0,0,0,0,0,1.0,1.0,0.41999220848083496,1.5902773407317584e-15,nan,nan,nan,nan,nan,nan,nan,nan,0.6134244799613953,0.416189581155777
1,1732,scene:1,rear,1732,22,0,0,0,0,0,0,0,0,1.0,1.0,0.7815672755241394,0.0,nan,nan,nan,nan,nan,nan,nan,nan,0.6270075440406799,0.39894381165504456
1,1733,scene:1,rear,1733,22,0,0,0,0,0,0,0,0,1.0,1.0,0.4429454803466797,0.0,nan,nan,nan,nan,nan,nan,nan,nan,0.6188699007034302,0.4102238118648529
1,1734,scene:1,rear,1734,22,0,0,0,0,0,0,0,0,1.0,1.0,1.86351478099823,4.134798735434226e-15,nan,nan,nan,nan,nan,nan,nan,nan,0.6151530742645264,0.3996509313583374
1,1735,scene:1,rear,1735,22,0,0,0,0,0,0,0,0,1.0,1.0,2.4538469314575195,6.318587945689182e-15,nan,nan,nan,nan,nan,nan,nan,nan,0.6025280356407166,0.4052957594394684
1,1736,scene:1,rear,1736,22,0,0,0,0,0,0,0,0,1.0,1.0,9.7552490234375,7.629614954211898e-15,nan,nan,nan,nan,nan,nan,nan,nan,0.6346433162689209,0.4508841037750244
1,1737,scene:1,rear,1737,22,0,0,0,0,0,0,0,0,1.0,1.0,6.1240410804748535,1.3053098173526138e-14,nan,nan,nan,nan,nan,nan,nan,nan,0.6341838836669922,0.44201555848121643
1,1738,scene:1,rear,1738,22,0,0,0,0,0,0,0,0,1.0,1.0,1.1696321964263916,6.210740557037898e-14,nan,nan,nan,nan,nan,nan,nan,nan,0.6286167502403259,0.42777517437934875
1,1739,scene:1,rear,1739,22,0,0,0,0,0,0,0,0,1.0,1.0,7.1752471923828125,1.2638469035636353e-14,nan,nan,nan,nan,nan,nan,nan,nan,0.5750170350074768,0.38428619503974915
1,1740,scene:1,rear,1740,22,0,0,0,0,0,0,0,0,1.0,1.0,2.4818813800811768,0.0,nan,nan,nan,nan,nan,nan,nan,nan,0.6215049028396606,0.38261592388153076
1,1741,scene:1,rear,1741,22,0,0,0,0,0,0,0,0,1.0,1.0,2.0056002140045166,1.0153581014595737e-14,nan,nan,nan,nan,nan,nan,nan,nan,0.6579537987709045,0.41490796208381653
1,1742,scene:1,rear,1742,22,0,0,0,0,0,0,0,0,1.0,1.0,0.7874411344528198,7.449785281841626e-15,nan,nan,nan,nan,nan,nan,nan,nan,0.649364709854126,0.4178333580493927
1,1743,scene:1,rear,1743,22,0,0,0,0,0,0,0,0,1.0,1.0,0.09063845872879028,1.3328952957237577e-14,nan,nan,nan,nan,nan,nan,nan,nan,0.6437860131263733,0.4094425141811371
1,1744,scene:1,rear,1744,22,0,0,0,0,0,0,0,0,1.0,1.0,1.935363531112671,1.220298185544356e-14,nan,nan,nan,nan,nan,nan,nan,nan,0.6459572911262512,0.42278411984443665
1,1745,scene:1,rear,1745,22,0,0,0,0,0,0,0,0,1.0,1.0,2.2842180728912354,7.833730231496208e-15,nan,nan,nan,nan,nan,nan,nan,nan,0.6219108700752258,0.3980454206466675
1,1746,scene:1,rear,1746,22,0,0,0,0,0,0,0,0,1.0,1.0,1.4536659717559814,6.402131725920531e-15,nan,nan,nan,nan,nan,nan,nan,nan,0.6351657509803772,0.4039705693721771
1,1747,scene:1,rear,1747,22,0,0,0,0,0,0,0,0,1.0,1.0,0.717663049697876,1.3954627030997828e-14,nan,nan,nan,nan,nan,nan,nan,nan,0.6424151659011841,0.4143674671649933
1,1748,scene:1,rear,1748,22,0,0,0,0,0,0,0,0,1.0,1.0,2.0256662368774414,9.366088456426636e-15,nan,nan,nan,nan,nan,nan,nan,nan,0.6448736786842346,0.42706307768821716
1,1749,scene:1,rear,1749,22,0,0,0,0,0,0,0,0,1.0,1.0,1.2885668277740479,8.914804023687738e-15,nan,nan,nan,nan,nan,nan,nan,nan,0.6366522908210754,0.4083488881587982
1,1750,scene:1,rear,1750,22,0,0,0,0,0,0,0,0,1.0,1.0,1.3558887243270874,1.1792354844352656e-13,nan,nan,nan,nan,nan,nan,nan,nan,0.6496269702911377,0.41512712836265564
1,1751,scene:1,rear,1751,22,0,0,0,0,0,0,0,0,1.0,1.0,1.2398239374160767,6.3643237568890514e-15,nan,nan,nan,nan,nan,nan,nan,nan,0.6376974582672119,0.4042792320251465
1,1752,scene:1,rear,1752,22,0,0,0,0,0,0,0,0,1.0,1.0,0.06586189568042755,5.274353251811411e-15,nan,nan,nan,nan,nan,nan,nan,nan,0.6390880942344666,0.41173115372657776
1,1753,scene:1,rear,1753,22,0,0,0,0,0,0,0,0,1.0,1.0,0.28871527314186096,4.787368751232943e-15,nan,nan,nan,nan,nan,nan,nan,nan,0.638576328754425,0.40994930267333984
1,1754,scene:1,rear,1754,22,0,0,0,0,0,0,0,0,1.0,1.0,0.4949808418750763,8.622979788127907e-15,nan,nan,nan,nan,nan,nan,nan,nan,0.6371788382530212,0.40505221486091614
1,1755,scene:1,rear,1755,22,0,0,0,0,0,0,0,0,1.0,1.0,0.9671770930290222,6.3611093629270335e-15,nan,nan,nan,nan,nan,nan,nan,nan,0.6305170655250549,0.40452083945274353
1,1756,scene:1,rear,1756,22,0,0,0,0,0,0,0,0,1.0,1.0,0.06509567052125931,5.4075275876683096e-15,nan,nan,nan,nan,nan,nan,nan,nan,0.636110246181488,0.41126444935798645
1,1757,scene:1,rear,1757,22,0,0,0,0,0,0,0,0,1.0,1.0,0.2503888010978699,1.4126304808785922e-15,nan,nan,nan,nan,nan,nan,nan,nan,0.6292770504951477,0.4096873700618744
1,1758,scene:1,rear,1758,22,0,0,0,0,0,0,0,0,1.0,1.0,1.1204146146774292,3.900420258498819e-14,nan,nan,nan,nan,nan,nan,nan,nan,0.6300647854804993,0.4150654375553131
1,1759,scene:1,rear,1759,22,0,0,0,0,0,0,0,0,1.0,1.0,0.13788379728794098,1.3894692779646538e-13,nan,nan,nan,nan,nan,nan,nan,nan,0.6242358684539795,0.4081101715564728
1,1760,scene:1,rear,1760,22,0,0,0,0,0,0,0,0,1.0,1.0,7.215590953826904,7.044946568373008e-15,nan,nan,nan,nan,nan,nan,nan,nan,0.5892736315727234,0.39048799872398376
1,1761,scene:1,rear,1761,22,0,0,0,0,0,0,0,0,1.0,1.0,4.971484661102295,0.0,nan,nan,nan,nan,nan,nan,nan,nan,0.6325599551200867,0.42874038219451904
1,1762,scene:1,rear,1762,22,0,0,0,0,0,0,0,0,1.0,1.0,5.484950065612793,1.0468407631270397e-14,nan,nan,nan,nan,nan,nan,nan,nan,0.6285885572433472,0.42847171425819397
1,1763,scene:1,rear,1763,22,0,0,0,0,0,0,0,0,1.0,1.0,0.3396846055984497,1.019050166647931e-14,nan,nan,nan,nan,nan,nan,nan,nan,0.6192728877067566,0.41215190291404724
1,1764,scene:1,rear,1764,22,0,0,0,0,0,0,0,0,1.0,1.0,1.0230371952056885,1.0526206570780425e-14,nan,nan,nan,nan,nan,nan,nan,nan,0.6272168755531311,0.40825533866882324
1,1765,scene:1,rear,1765,22,0,0,0,0,0,0,0,0,1.0,1.0,0.9029487371444702,8.370374826980044e-15,nan,nan,nan,nan,nan,nan,nan,nan,0.6403704285621643,0.4220188558101654
1,1766,scene:1,rear,1766,22,0,0,0,0,0,0,0,0,1.0,1.0,1.514978051185608,4.634821194928513e-15,nan,nan,nan,nan,nan,nan,nan,nan,0.6391546726226807,0.40032801032066345
1,1767,scene:1,rear,1767,22,0,0,0,0,0,0,0,0,1.0,1.0,0.2213665395975113,0.0,nan,nan,nan,nan,nan,nan,nan,nan,0.6489916443824768,0.40151742100715637
1,1768,scene:1,rear,1768,22,0,0,0,0,0,0,0,0,1.0,1.0,1.866668462753296,3.343189355995896e-14,nan,nan,nan,nan,nan,nan,nan,nan,0.6471700072288513,0.41890978813171387
1,1769,scene:1,rear,1769,22,0,0,0,0,0,0,0,0,1.0,1.0,0.845954954624176,1.0488599424582483e-14,nan,nan,nan,nan,nan,nan,nan,nan,0.648125946521759,0.41017067432403564
1,1770,scene:1,rear,1770,22,0,0,0,0,0,0,0,0,1.0,1.0,0.28682777285575867,5.474704419115126e-15,nan,nan,nan,nan,nan,nan,nan,nan,0.6449477672576904,0.41167354583740234
1,1771,scene:1,rear,1771,22,0,0,0,0,0,0,0,0,1.0,1.0,0.5817714929580688,1.8294737876702567e-14,nan,nan,nan,nan,nan,nan,nan,nan,0.6480143666267395,0.40889647603034973
1,1772,scene:1,rear,1772,22,0,0,0,0,0,0,0,0,1.0,1.0,0.9310998916625977,3.2298685475317884e-15,nan,nan,nan,nan,nan,nan,nan,nan,0.6443576216697693,0.3976215422153473
1,1773,scene:1,rear,1773,22,0,0,0,0,0,0,0,0,1.0,1.0,0.2787906527519226,3.1345047210872687e-15,nan,nan,nan,nan,nan,nan,nan,nan,0.6477037072181702,0.40549683570861816
1,1774,scene:1,rear,1774,22,0,0,0,0,0,0,0,0,1.0,1.0,0.14918535947799683,6.353600951448251e-15,nan,nan,nan,nan,nan,nan,nan,nan,0.6443480849266052,0.402663916349411
1,1775,scene:1,rear,1775,22,0,0,0,0,0,0,0,0,1.0,1.0,0.39436081051826477,1.0518321805727236e-14,nan,nan,nan,nan,nan,nan,nan,nan,0.6423283815383911,0.40437889099121094
1,1776,scene:1,rear,1776,22,0,0,0,0,0,0,0,0,1.0,1.0,1.9523491859436035,0.0,nan,nan,nan,nan,nan,nan,nan,nan,0.6401029825210571,0.3890809118747711
1,1777,scene:1,rear,1777,22,0,0,0,0,0,0,0,0,1.0,1.0,0.09700677543878555,7.309223295391784e-15,nan,nan,nan,nan,nan,nan,nan,nan,0.6358129978179932,0.40735670924186707
1,1778,scene:1,rear,1778,22,0,0,0,0,0,0,0,0,1.0,1.0,2.95607590675354,2.524741361051333e-15,nan,nan,nan,nan,nan,nan,nan,nan,0.6399404406547546,0.42838597297668457
1,1779,scene:1,rear,1779,22,0,0,0,0,0,0,0,0,1.0,1.0,0.08200745284557343,1.2033041988894012e-14,nan,nan,nan,nan,nan,nan,nan,nan,0.6323215961456299,0.4134174883365631
1,1780,scene:1,rear,1780,22,0,0,0,0,0,0,0,0,1.0,1.0,0.6278925538063049,1.4628307101234532e-13,nan,nan,nan,nan,nan,nan,nan,nan,0.639988124370575,0.4203241169452667
1,1781,scene:1,rear,1781,22,0,0,0,0,0,0,0,0,1.0,1.0,0.14455576241016388,1.3121293919069058e-14,nan,nan,nan,nan,nan,nan,nan,nan,0.6422565579414368,0.41173577308654785
1,1782,scene:1,rear,1782,22,0,0,0,0,0,0,0,0,1.0,1.0,1.55191969871521,1.860710764723403e-13,nan,nan,nan,nan,nan,nan,nan,nan,0.6429886221885681,0.3973015248775482
1,1783,scene:1,rear,1783,22,0,0,0,0,0,0,0,0,1.0,1.0,1.6695582866668701,9.495609829783155e-15,nan,nan,nan,nan,nan,nan,nan,nan,0.648211658000946,0.4135526120662689
1,1784,scene:1,rear,1784,22,0,0,0,0,0,0,0,0,1.0,1.0,0.9208195209503174,3.1805546814635168e-15,nan,nan,nan,nan,nan,nan,nan,nan,0.6452426314353943,0.4149268567562103
1,1785,scene:1,rear,1785,22,0,0,0,0,0,0,0,0,1.0,1.0,0.29881754517555237,8.148049917292272e-15,nan,nan,nan,nan,nan,nan,nan,nan,0.6447688341140747,0.40909862518310547
1,1786,scene:1,rear,1786,22,0,0,0,0,0,0,0,0,1.0,1.0,1.6899288892745972,2.7290753104687585e-14,nan,nan,nan,nan,nan,nan,nan,nan,0.6400870680809021,0.39225709438323975
1,1787,scene:1,rear,1787,22,0,0,0,0,0,0,0,0,1.0,1.0,1.0360158681869507,6.389002302687254e-15,nan,nan,nan,nan,nan,nan,nan,nan,0.6486907005310059,0.4116860330104828
1,1789,scene:1,rear,1789,23,1,0,0,0,0,0,0,0,1.0,1.0,0.0,8.148321678033415e-15,nan,nan,nan,nan,nan,nan,nan,nan,0.0,0.0
1,1790,scene:1,rear,1790,23,0,0,0,0,0,0,0,0,1.0,1.0,0.4214434027671814,2.32033739560925e-15,nan,nan,nan,nan,nan,nan,nan,nan,0.6163761615753174,0.42860594391822815
1,1791,scene:1,rear,1791,23,0,0,0,0,0,0,0,0,1.0,1.0,1.5330939292907715,1.116738223054928e-14,nan,nan,nan,nan,nan,nan,nan,nan,0.6307691335678101,0.4031533896923065
1,1792,scene:1,rear,1792,23,0,0,0,0,0,0,0,0,1.0,1.0,0.6664137840270996,3.1805546814635168e-15,nan,nan,nan,nan,nan,nan,nan,nan,0.6591440439224243,0.4085405766963959
1,1793,scene:1,rear,1793,23,0,0,0,0,0,0,0,0,1.0,1.0,0.6202128529548645,5.095250833239655e-15,nan,nan,nan,nan,nan,nan,nan,nan,0.6461548805236816,0.41447341442108154
1,1794,scene:1,rear,1794,23,0,0,0,0,0,0,0,0,1.0,1.0,1.293601155281067,0.0,nan,nan,nan,nan,nan,nan,nan,nan,0.6478064060211182,0.4224073886871338
1,1795,scene:1,rear,1795,23,0,0,0,0,0,0,0,0,1.0,1.0,0.9444877505302429,5.040703984237661e-15,nan,nan,nan,nan,nan,nan,nan,nan,0.6475538611412048,0.4017890393733978
1,1796,scene:1,rear,1796,23,0,0,0,0,0,0,0,0,1.0,1.0,1.951389193534851,1.9344580069019506e-14,nan,nan,nan,nan,nan,nan,nan,nan,0.6267052888870239,0.3991644084453583
1,1797,scene:1,rear,1797,23,0,0,0,0,0,0,0,0,1.0,1.0,1.3821712732315063,3.1805546814635168e-15,nan,nan,nan,nan,nan,nan,nan,nan,0.6463112831115723,0.4220402240753174
1,1798,scene:1,rear,1798,23,0,0,0,0,0,0,0,0,1.0,1.0,2.4487364292144775,4.1507457178536844e-15,nan,nan,nan,nan,nan,nan,nan,nan,0.6419394612312317,0.3922301232814789
1,1799,scene:1,rear,1799,23,0,0,0,0,0,0,0,0,1.0,1.0,6.14851713180542,7.993516833053053e-15,nan,nan,nan,nan,nan,nan,nan,nan,0.5902974009513855,0.38471660017967224
1,1800,scene:1,rear,1800,23,0,0,0,0,0,0,0,0,1.0,1.0,4.660654544830322,3.975693351829396e-16,nan,nan,nan,nan,nan,nan,nan,nan,0.6386988759040833,0.43747010827064514
1,1801,scene:1,rear,1801,23,0,0,0,0,0,0,0,0,1.0,1.0,2.916349411010742,7.786296721712794e-15,nan,nan,nan,nan,nan,nan,nan,nan,0.6310997009277344,0.4155760109424591
1,1802,scene:1,rear,1802,23,0,0,0,0,0,0,0,0,1.0,1.0,1.8137128353118896,2.9526382753941702e-15,nan,nan,nan,nan,nan,nan,nan,nan,0.6285672783851624,0.4205213785171509
1,1803,scene:1,rear,1803,23,0,0,0,0,0,0,0,0,1.0,1.0,0.7882775068283081,1.433456623554218e-15,nan,nan,nan,nan,nan,nan,nan,nan,0.6334956288337708,0.41750940680503845
1,1804,scene:1,rear,1804,23,0,0,0,0,0,0,0,0,1.0,1.0,1.9364961385726929,1.5902773407317584e-15,nan,nan,nan,nan,nan,nan,nan,nan,0.636229932308197,0.4240562617778778
1,1805,scene:1,rear,1805,23,0,0,0,0,0,0,0,0,1.0,1.0,1.2764229774475098,1.1244958915987363e-14,nan,nan,nan,nan,nan,nan,nan,nan,0.6407317519187927,0.4226149618625641
1,1806,scene:1,rear,1806,23,0,0,0,0,0,0,0,0,1.0,1.0,0.1474149078130722,6.3611093629270335e-15,nan,nan,nan,nan,nan,nan,nan,nan,0.6432082056999207,0.4028256833553314
1,1807,scene:1,rear,1807,23,0,0,0,0,0,0,0,0,1.0,1.0,0.5059381127357483,9.004747971515569e-15,nan,nan,nan,nan,nan,nan,nan,nan,0.6425203680992126,0.4016447365283966
1,1808,scene:1,rear,1808,23,0,0,0,0,0,0,0,0,1.0,1.0,0.06448081880807877,8.394387250529293e-15,nan,nan,nan,nan,nan,nan,nan,nan,0.6465374231338501,0.4059187173843384
1,1809,scene:1,rear,1809,23,0,0,0,0,0,0,0,0,1.0,1.0,1.6462764739990234,8.436656201476485e-15,nan,nan,nan,nan,nan,nan,nan,nan,0.6454657316207886,0.3874759376049042
1,1810,scene:1,rear,1810,23,0,0,0,0,0,0,0,0,1.0,1.0,0.9480842351913452,6.556881449863406e-15,nan,nan,nan,nan,nan,nan,nan,nan,0.6443068385124207,0.39858996868133545
1,1811,scene:1,rear,1811,23,0,0,0,0,0,0,0,0,1.0,1.0,1.080461859703064,3.6282456394774315e-15,nan,nan,nan,nan,nan,nan,nan,nan,0.6365523934364319,0.4046924412250519
1,1812,scene:1,rear,1812,23,0,0,0,0,0,0,0,0,1.0,1.0,4.943570137023926,6.210231542525956e-15,nan,nan,nan,nan,nan,nan,nan,nan,0.6467180252075195,0.42941680550575256
1,1813,scene:1,rear,1813,23,0,0,0,0,0,0,0,0,1.0,1.0,1.2796478271484375,1.474762535997776e-14,nan,nan,nan,nan,nan,nan,nan,nan,0.6393741965293884,0.4181269109249115
1,1814,scene:1,rear,1814,23,0,0,0,0,0,0,0,0,1.0,1.0,0.2609318196773529,6.3611093629270335e-15,nan,nan,nan,nan,nan,nan,nan,nan,0.6388189792633057,0.41077256202697754
1,1815,scene:1,rear,1815,23,0,0,0,0,0,0,0,0,1.0,1.0,1.3109521865844727,5.733826494216872e-15,nan,nan,nan,nan,nan,nan,nan,nan,0.6382971405982971,0.4076575040817261
1,1816,scene:1,rear,1816,23,0,0,0,0,0,0,0,0,1.0,1.0,0.035887010395526886,6.840041474891081e-15,nan,nan,nan,nan,nan,nan,nan,nan,0.6451218128204346,0.4086284637451172
1,1817,scene:1,rear,1817,23,0,0,0,0,0,0,0,0,1.0,1.0,0.08600103110074997,2.289132974960152e-14,nan,nan,nan,nan,nan,nan,nan,nan,0.647266685962677,0.4103328287601471
1,1818,scene:1,rear,1818,23,0,0,0,0,0,0,0,0,1.0,1.0,0.11792884021997452,9.315347313788934e-15,nan,nan,nan,nan,nan,nan,nan,nan,0.6440945267677307,0.41060951352119446
1,1819,scene:1,rear,1819,23,0,0,0,0,0,0,0,0,1.0,1.0,1.9426767826080322,0.0,nan,nan,nan,nan,nan,nan,nan,nan,0.6470738053321838,0.41850125789642334
1,1820,scene:1,rear,1820,23,0,0,0,0,0,0,0,0,1.0,1.0,0.6110763549804688,4.778332318406678e-15,nan,nan,nan,nan,nan,nan,nan,nan,0.6419928073883057,0.40628254413604736
1,1821,scene:1,rear,1821,23,0,0,0,0,0,0,0,0,1.0,1.0,0.41078776121139526,7.951386703658792e-16,nan,nan,nan,nan,nan,nan,nan,nan,0.643684446811676,0.4095655679702759
1,1822,scene:1,rear,1822,23,0,0,0,0,0,0,0,0,1.0,1.0,0.04818830266594887,7.469649645469659e-15,nan,nan,nan,nan,nan,nan,nan,nan,0.6481714844703674,0.4067286252975464
1,1823,scene:1,rear,1823,23,0,0,0,0,0,0,0,0,1.0,1.0,0.13296307623386383,1.0822360177976576e-14,nan,nan,nan,nan,nan,nan,nan,nan,0.6442623734474182,0.4037191569805145
1,1824,scene:1,rear,1824,23,0,0,0,0,0,0,0,0,1.0,1.0,0.2807225286960602,2.3247507801839636e-13,nan,nan,nan,nan,nan,nan,nan,nan,0.6445944309234619,0.40563759207725525
1,1825,scene:1,rear,1825,23,0,0,0,0,0,0,0,0,1.0,1.0,1.2217413187026978,5.029880618907977e-15,nan,nan,nan,nan,nan,nan,nan,nan,0.6467361450195312,0.3975743353366852
1,1826,scene:1,rear,1826,23,0,0,0,0,0,0,0,0,1.0,1.0,0.6012647151947021,1.0899220298204248e-14,nan,nan,nan,nan,nan,nan,nan,nan,0.6409903764724731,0.39996978640556335
1,1827,scene:1,rear,1827,23,0,0,0,0,0,0,0,0,1.0,1.0,1.8317416906356812,1.9644635961736807e-14,nan,nan,nan,nan,nan,nan,nan,nan,0.6377621293067932,0.4130169153213501
1,1828,scene:1,rear,1828,23,0,0,0,0,0,0,0,0,1.0,1.0,0.5486630797386169,6.943249942550706e-15,nan,nan,nan,nan,nan,nan,nan,nan,0.6298860907554626,0.4130813181400299
1,1829,scene:1,rear,1829,23,0,0,0,0,0,0,0,0,1.0,1.0,0.38197240233421326,5.028898508068018e-15,nan,nan,nan,nan,nan,nan,nan,nan,0.6316152215003967,0.4072611331939697
1,1830,scene:1,rear,1830,23,0,0,0,0,0,0,0,0,1.0,1.0,3.0517213344573975,7.752641856611607e-15,nan,nan,nan,nan,nan,nan,nan,nan,0.6297082901000977,0.3917183578014374
1,1831,scene:1,rear,1831,23,0,0,0,0,0,0,0,0,1.0,1.0,2.6917781829833984,5.0913716923398895e-15,nan,nan,nan,nan,nan,nan,nan,nan,0.6346825361251831,0.4154979884624481
1,1832,scene:1,rear,1832,23,0,0,0,0,0,0,0,0,1.0,1.0,0.38124242424964905,3.5843521865733385e-15,nan,nan,nan,nan,nan,nan,nan,nan,0.6293482184410095,0.4176754951477051
1,1833,scene:1,rear,1833,23,0,0,0,0,0,0,0,0,1.0,1.0,0.7614176869392395,3.975693351829396e-16,nan,nan,nan,nan,nan,nan,nan,nan,0.6317842602729797,0.4188792407512665
1,1834,scene:1,rear,1834,23,0,0,0,0,0,0,0,0,1.0,1.0,2.710221767425537,4.7772984948726384e-15,nan,nan,nan,nan,nan,nan,nan,nan,0.631381094455719,0.3931320607662201
1,1835,scene:1,rear,1835,23,0,0,0,0,0,0,0,0,1.0,1.0,3.0929954051971436,7.951386703658792e-16,nan,nan,nan,nan,nan,nan,nan,nan,0.6379661560058594,0.41481152176856995
1,1836,scene:1,rear,1836,23,0,0,0,0,0,0,0,0,1.0,1.0,0.47080740332603455,4.883644116325237e-15,nan,nan,nan,nan,nan,nan,nan,nan,0.6304587721824646,0.41374608874320984
1,1837,scene:1,rear,1837,23,0,0,0,0,0,0,0,0,1.0,1.0,1.3684128522872925,1.0898891464928644e-14,nan,nan,nan,nan,nan,nan,nan,nan,0.629889726638794,0.4086031913757324
1,1838,scene:1,rear,1838,23,0,0,0,0,0,0,0,0,1.0,1.0,0.6544495820999146,3.105115771262978e-15,nan,nan,nan,nan,nan,nan,nan,nan,0.6305353045463562,0.40143826603889465
1,1839,scene:1,rear,1839,23,0,0,0,0,0,0,0,0,1.0,1.0,2.519390821456909,8.871148596620186e-15,nan,nan,nan,nan,nan,nan,nan,nan,0.6383130550384521,0.4192635118961334
1,1840,scene:1,rear,1840,23,0,0,0,0,0,0,0,0,1.0,1.0,2.253554344177246,5.761327018868045e-15,nan,nan,nan,nan,nan,nan,nan,nan,0.6376388072967529,0.42153695225715637
1,1841,scene:1,rear,1841,23,0,0,0,0,0,0,0,0,1.0,1.0,0.6983307003974915,1.0578631972267758e-14,nan,nan,nan,nan,nan,nan,nan,nan,0.6309062838554382,0.41290655732154846
1,1842,scene:1,rear,1842,23,0,0,0,0,0,0,0,0,1.0,1.0,1.2454453706741333,9.819531482951337e-15,nan,nan,nan,nan,nan,nan,nan,nan,0.6330190300941467,0.4041983187198639
1,1843,scene:1,rear,1843,23,0,0,0,0,0,0,0,0,1.0,1.0,0.9798767566680908,8.934259623510574e-15,nan,nan,nan,nan,nan,nan,nan,nan,0.6459115147590637,0.4076395332813263
1,1844,scene:1,rear,1844,23,0,0,0,0,0,0,0,0,1.0,1.0,1.5742347240447998,3.180591838109635e-15,nan,nan,nan,nan,nan,nan,nan,nan,0.6466629505157471,0.4192977845668793
1,1845,scene:1,rear,1845,23,0,0,0,0,0,0,0,0,1.0,1.0,1.2637332677841187,8.99596713278989e-15,nan,nan,nan,nan,nan,nan,nan,nan,0.6358336806297302,0.4010675251483917
1,1846,scene:1,rear,1846,23,0,0,0,0,0,0,0,0,1.0,1.0,2.463334321975708,0.0,nan,nan,nan,nan,nan,nan,nan,nan,0.6341137290000916,0.39719757437705994
1,1847,scene:1,rear,1847,23,0,0,0,0,0,0,0,0,1.0,1.0,0.705460250377655,1.5902773407317584e-15,nan,nan,nan,nan,nan,nan,nan,nan,0.6379119753837585,0.4023538827896118
1,1848,scene:1,rear,1848,23,0,0,0,0,0,0,0,0,1.0,1.0,0.22977453470230103,7.951386703658792e-16,nan,nan,nan,nan,nan,nan,nan,nan,0.6303322911262512,0.40581750869750977
1,1849,scene:1,rear,1849,23,0,0,0,0,0,0,0,0,1.0,1.0,7.197756767272949,2.7110614151874007e-15,nan,nan,nan,nan,nan,nan,nan,nan,0.636535108089447,0.42986488342285156
1,1850,scene:1,rear,1850,23,0,0,0,0,0,0,0,0,1.0,1.0,4.037095069885254,2.2671912042336006e-14,nan,nan,nan,nan,nan,nan,nan,nan,0.603585422039032,0.4000798463821411
1,1851,scene:1,rear,1851,23,0,0,0,0,0,0,0,0,1.0,1.0,1.8048069477081299,2.4662120264020123e-14,nan,nan,nan,nan,nan,nan,nan,nan,0.6393328905105591,0.4182891845703125
1,1852,scene:1,rear,1852,23,0,0,0,0,0,0,0,0,1.0,1.0,0.18581372499465942,1.006614231123771e-14,nan,nan,nan,nan,nan,nan,nan,nan,0.6336800456047058,0.40628519654273987
1,1853,scene:1,rear,1853,23,0,0,0,0,0,0,0,0,1.0,1.0,3.56807541847229,3.1805546814635168e-15,nan,nan,nan,nan,nan,nan,nan,nan,0.6372114419937134,0.4233368933200836
1,1854,scene:1,rear,1854,23,0,0,0,0,0,0,0,0,1.0,1.0,1.6221400499343872,0.0,nan,nan,nan,nan,nan,nan,nan,nan,0.6235633492469788,0.4056309163570404
1,1855,scene:1,rear,1855,23,0,0,0,0,0,0,0,0,1.0,1.0,0.18860270082950592,3.1805546814635168e-15,nan,nan,nan,nan,nan,nan,nan,nan,0.6348151564598083,0.4061422348022461
1,1856,scene:1,rear,1856,23,0,0,0,0,0,0,0,0,1.0,1.0,1.2342098951339722,3.064842440099503e-13,nan,nan,nan,nan,nan,nan,nan,nan,0.6249968409538269,0.39457640051841736
1,1857,scene:1,rear,1857,23,0,0,0,0,0,0,0,0,1.0,1.0,2.07930588722229,1.0758051281041901e-14,nan,nan,nan,nan,nan,nan,nan,nan,0.6438851952552795,0.423098087310791
1,1858,scene:1,rear,1858,23,0,0,0,0,0,0,0,0,1.0,1.0,1.2090098857879639,7.951386703658792e-16,nan,nan,nan,nan,nan,nan,nan,nan,0.6323062777519226,0.4097374677658081
1,1859,scene:1,rear,1859,23,0,0,0,0,0,0,0,0,1.0,1.0,1.1945322751998901,5.913635049735844e-15,nan,nan,nan,nan,nan,nan,nan,nan,0.6415589451789856,0.41608527302742004
1,1860,scene:1,rear,1860,23,0,0,0,0,0,0,0,0,1.0,1.0,0.09040236473083496,8.563905568892112e-15,nan,nan,nan,nan,nan,nan,nan,nan,0.6407616138458252,0.40769633650779724
1,1861,scene:1,rear,1861,23,0,0,0,0,0,0,0,0,1.0,1.0,0.8546921610832214,9.508995008249902e-15,nan,nan,nan,nan,nan,nan,nan,nan,0.6406764388084412,0.4077187776565552
1,1862,scene:1,rear,1862,23,0,0,0,0,0,0,0,0,1.0,1.0,1.5119062662124634,4.5677239046017444e-15,nan,nan,nan,nan,nan,nan,nan,nan,0.6355621218681335,0.3957226574420929
1,1863,scene:1,rear,1863,23,0,0,0,0,0,0,0,0,1.0,1.0,0.4315475523471832,6.3611093629270335e-15,nan,nan,nan,nan,nan,nan,nan,nan,0.642994225025177,0.4088488817214966
1,1864,scene:1,rear,1864,23,0,0,0,0,0,0,0,0,1.0,1.0,0.4611569941043854,1.7779841184769035e-15,nan,nan,nan,nan,nan,nan,nan,nan,0.6401451230049133,0.40464699268341064
1,1865,scene:1,rear,1865,23,0,0,0,0,0,0,0,0,1.0,1.0,1.777061939239502,1.7114540248420538e-15,nan,nan,nan,nan,nan,nan,nan,nan,0.6387922763824463,0.4185977876186371
1,1866,scene:1,rear,1866,23,0,0,0,0,0,0,0,0,1.0,1.0,0.16910339891910553,6.3611093629270335e-15,nan,nan,nan,nan,nan,nan,nan,nan,0.6377692818641663,0.417490690946579
1,1867,scene:1,rear,1867,23,0,0,0,0,0,0,0,0,1.0,1.0,3.277329206466675,1.5483671038126925e-14,nan,nan,nan,nan,nan,nan,nan,nan,0.6312065124511719,0.39379677176475525
1,1868,scene:1,rear,1868,23,0,0,0,0,0,0,0,0,1.0,1.0,0.14967824518680573,7.961319732770419e-15,nan,nan,nan,nan,nan,nan,nan,nan,0.6412163376808167,0.40490981936454773
1,1869,scene:1,rear,1869,23,0,0,0,0,0,0,0,0,1.0,1.0,0.2545323967933655,3.3632227460994e-15,nan,nan,nan,nan,nan,nan,nan,nan,0.6385908722877502,0.4118882715702057
1,1870,scene:1,rear,1870,23,0,0,0,0,0,0,0,0,1.0,1.0,2.9009451866149902,1.1657750515895417e-14,nan,nan,nan,nan,nan,nan,nan,nan,0.6372926831245422,0.41557541489601135
1,1871,scene:1,rear,1871,23,0,0,0,0,0,0,0,0,1.0,1.0,1.694704532623291,7.83120769714277e-15,nan,nan,nan,nan,nan,nan,nan,nan,0.6217885613441467,0.40452560782432556
1,1872,scene:1,rear,1872,23,0,0,0,0,0,0,0,0,1.0,1.0,3.237366199493408,0.0,nan,nan,nan,nan,nan,nan,nan,nan,0.6345189213752747,0.41873642802238464
1,1873,scene:1,rear,1873,23,0,0,0,0,0,0,0,0,1.0,1.0,0.19288644194602966,1.1181968854891376e-14,nan,nan,nan,nan,nan,nan,nan,nan,0.6283441781997681,0.41637083888053894
1,1874,scene:1,rear,1874,23,0,0,0,0,0,0,0,0,1.0,1.0,0.5826148986816406,1.002040364858e-14,nan,nan,nan,nan,nan,nan,nan,nan,0.6271119713783264,0.40920761227607727
1,1875,scene:1,rear,1875,23,0,0,0,0,0,0,0,0,1.0,1.0,0.8466012477874756,1.0182743384679779e-14,nan,nan,nan,nan,nan,nan,nan,nan,0.6430652141571045,0.41397199034690857
1,1876,scene:1,rear,1876,23,0,0,0,0,0,0,0,0,1.0,1.0,0.33035168051719666,1.5902773407317584e-15,nan,nan,nan,nan,nan,nan,nan,nan,0.6413638591766357,0.4036550521850586
1,1877,scene:1,rear,1877,23,0,0,0,0,0,0,0,0,1.0,1.0,1.4671765565872192,9.574737502465886e-15,nan,nan,nan,nan,nan,nan,nan,nan,0.6386683583259583,0.39619532227516174
1,1878,scene:1,rear,1878,23,0,0,0,0,0,0,0,0,1.0,1.0,0.6542384624481201,1.7721701195292494e-14,nan,nan,nan,nan,nan,nan,nan,nan,0.641852080821991,0.39952754974365234
1,1879,scene:1,rear,1879,23,0,0,0,0,0,0,0,0,1.0,1.0,1.9794865846633911,1.671683323058403e-14,nan,nan,nan,nan,nan,nan,nan,nan,0.6446089148521423,0.4137064516544342
1,1880,scene:1,rear,1880,23,0,0,0,0,0,0,0,0,1.0,1.0,0.057323671877384186,4.303251909821191e-15,nan,nan,nan,nan,nan,nan,nan,nan,0.6338334679603577,0.41356131434440613
1,1881,scene:1,rear,1881,23,0,0,0,0,0,0,0,0,1.0,1.0,0.48402753472328186,1.0844245660749603e-14,nan,nan,nan,nan,nan,nan,nan,nan,0.6410338878631592,0.4165171682834625
1,1882,scene:1,rear,1882,23,0,0,0,0,0,0,0,0,1.0,1.0,0.40474438667297363,3.1805546814635168e-15,nan,nan,nan,nan,nan,nan,nan,nan,0.6419327855110168,0.41439977288246155
1,1883,scene:1,rear,1883,23,0,0,0,0,0,0,0,0,1.0,1.0,0.11587971448898315,6.3611093629270335e-15,nan,nan,nan,nan,nan,nan,nan,nan,0.6426474452018738,0.41136839985847473
1,1884,scene:1,rear,1884,23,0,0,0,0,0,0,0,0,1.0,1.0,1.1911460161209106,1.659613891843798e-14,nan,nan,nan,nan,nan,nan,nan,nan,0.6408105492591858,0.4062023162841797
1,1885,scene:1,rear,1885,23,0,0,0,0,0,0,0,0,1.0,1.0,2.522632598876953,6.3611093629270335e-15,nan,nan,nan,nan,nan,nan,nan,nan,0.6482648849487305,0.4199419319629669
1,1886,scene:1,rear,1886,23,0,0,0,0,0,0,0,0,1.0,1.0,2.1801228523254395,2.866913247108436e-15,nan,nan,nan,nan,nan,nan,nan,nan,0.6313880085945129,0.39743196964263916
1,1887,scene:1,rear,1887,23,0,0,0,0,0,0,0,0,1.0,1.0,1.4441883563995361,2.027822845375616e-15,nan,nan,nan,nan,nan,nan,nan,nan,0.6363434195518494,0.4036150276660919
1,1888,scene:1,rear,1888,23,0,0,0,0,0,0,0,0,1.0,1.0,1.1757628917694092,4.789199667600562e-15,nan,nan,nan,nan,nan,nan,nan,nan,0.6470755934715271,0.41915997862815857
1,1889,scene:1,rear,1889,23,0,0,0,0,0,0,0,0,1.0,1.0,0.6836884617805481,7.952784323437748e-15,nan,nan,nan,nan,nan,nan,nan,nan,0.6437180638313293,0.40373823046684265
1,1890,scene:1,rear,1890,23,0,0,0,0,0,0,0,0,1.0,1.0,0.5468812584877014,1.0931349434814545e-14,nan,nan,nan,nan,nan,nan,nan,nan,0.6395360827445984,0.39994990825653076
1,1891,scene:1,rear,1891,23,0,0,0,0,0,0,0,0,1.0,1.0,6.3005805015563965,2.0272137981039193e-15,nan,nan,nan,nan,nan,nan,nan,nan,0.6414783596992493,0.43064388632774353
1,1892,scene:1,rear,1892,23,0,0,0,0,0,0,0,0,1.0,1.0,0.6431519389152527,1.0549174741921369e-14,nan,nan,nan,nan,nan,nan,nan,nan,0.6284717917442322,0.4171827733516693
1,1893,scene:1,rear,1893,23,0,0,0,0,0,0,0,0,1.0,1.0,1.5843727588653564,0.0,nan,nan,nan,nan,nan,nan,nan,nan,0.6430194973945618,0.3984099328517914
1,1894,scene:1,rear,1894,23,0,0,0,0,0,0,0,0,1.0,1.0,2.6555426120758057,0.0,nan,nan,nan,nan,nan,nan,nan,nan,0.6238599419593811,0.39151668548583984
1,1895,scene:1,rear,1895,23,0,0,0,0,0,0,0,0,1.0,1.0,3.3773887157440186,3.1805546814635168e-15,nan,nan,nan,nan,nan,nan,nan,nan,0.6448541283607483,0.4247604310512543
1,1896,scene:1,rear,1896,23,0,0,0,0,0,0,0,0,1.0,1.0,2.0724682807922363,1.0061264835852773e-14,nan,nan,nan,nan,nan,nan,nan,nan,0.6402161121368408,0.42155787348747253
1,1897,scene:1,rear,1897,23,0,0,0,0,0,0,0,0,1.0,1.0,1.1592917442321777,6.8789962387871365e-15,nan,nan,nan,nan,nan,nan,nan,nan,0.6347702145576477,0.4108445346355438
1,1898,scene:1,rear,1898,23,0,0,0,0,0,0,0,0,1.0,1.0,1.7060933113098145,1.2265644237581653e-14,nan,nan,nan,nan,nan,nan,nan,nan,0.6357653141021729,0.3979717195034027
1,1899,scene:1,rear,1899,23,0,0,0,0,0,0,0,0,1.0,1.0,0.04145194962620735,1.973882703011474e-14,nan,nan,nan,nan,nan,nan,nan,nan,0.6482347846031189,0.40402278304100037
1,1900,scene:1,rear,1900,23,0,0,0,0,0,0,0,0,1.0,1.0,0.760835587978363,1.987846675914698e-16,nan,nan,nan,nan,nan,nan,nan,nan,0.6434285640716553,0.40250229835510254
1,1901,scene:1,rear,1901,23,0,0,0,0,0,0,0,0,1.0,1.0,0.8974328637123108,6.210231542525956e-15,nan,nan,nan,nan,nan,nan,nan,nan,0.6317164897918701,0.4144308567047119
1,1902,scene:1,rear,1902,23,0,0,0,0,0,0,0,0,1.0,1.0,1.6391363143920898,0.0,nan,nan,nan,nan,nan,nan,nan,nan,0.6295271515846252,0.41894567012786865
1,1903,scene:1,rear,1903,23,0,0,0,0,0,0,0,0,1.0,1.0,0.7563078999519348,1.2358268682482537e-14,nan,nan,nan,nan,nan,nan,nan,nan,0.6220526099205017,0.4045460522174835
1,1904,scene:1,rear,1904,23,0,0,0,0,0,0,0,0,1.0,1.0,0.3190375864505768,1.987846675914698e-16,nan,nan,nan,nan,nan,nan,nan,nan,0.6206678748130798,0.4114738702774048
1,1905,scene:1,rear,1905,23,0,0,0,0,0,0,0,0,1.0,1.0,4.326636791229248,5.0913716923398895e-15,nan,nan,nan,nan,nan,nan,nan,nan,0.6312926411628723,0.4220239222049713
1,1906,scene:1,rear,1906,23,0,0,0,0,0,0,0,0,1.0,1.0,2.137237310409546,4.093226830441637e-15,nan,nan,nan,nan,nan,nan,nan,nan,0.6174752116203308,0.39503368735313416
1,1907,scene:1,rear,1907,23,0,0,0,0,0,0,0,0,1.0,1.0,3.581228256225586,8.563905568892112e-15,nan,nan,nan,nan,nan,nan,nan,nan,0.6357387900352478,0.42547473311424255
1,1908,scene:1,rear,1908,23,0,0,0,0,0,0,0,0,1.0,1.0,2.8319637775421143,3.1867606477187685e-15,nan,nan,nan,nan,nan,nan,nan,nan,0.6192920207977295,0.39359235763549805
1,1909,scene:1,rear,1909,23,0,0,0,0,0,0,0,0,1.0,1.0,3.004457473754883,3.975693351829396e-15,nan,nan,nan,nan,nan,nan,nan,nan,0.6396059989929199,0.4249444007873535
1,1910,scene:1,rear,1910,23,0,0,0,0,0,0,0,0,1.0,1.0,0.37096869945526123,4.135485571641915e-14,nan,nan,nan,nan,nan,nan,nan,nan,0.6342062950134277,0.4112795293331146
1,1911,scene:1,rear,1911,23,0,0,0,0,0,0,0,0,1.0,1.0,0.6398347616195679,5.422122830374801e-15,nan,nan,nan,nan,nan,nan,nan,nan,0.6402881741523743,0.4126693904399872
1,1912,scene:1,rear,1912,23,0,0,0,0,0,0,0,0,1.0,1.0,0.2946578562259674,7.955736355136875e-15,nan,nan,nan,nan,nan,nan,nan,nan,0.6403457522392273,0.40813183784484863
1,1913,scene:1,rear,1913,23,0,0,0,0,0,0,0,0,1.0,1.0,0.10309288650751114,1.1392142137158086e-14,nan,nan,nan,nan,nan,nan,nan,nan,0.6461748480796814,0.4050874710083008
1,1914,scene:1,rear,1914,23,0,0,0,0,0,0,0,0,1.0,1.0,0.44572123885154724,7.61892646230581e-15,nan,nan,nan,nan,nan,nan,nan,nan,0.6467680931091309,0.40168216824531555
1,1915,scene:1,rear,1915,23,0,0,0,0,0,0,0,0,1.0,1.0,1.7587043046951294,1.7513091565679522e-14,nan,nan,nan,nan,nan,nan,nan,nan,0.6386908888816833,0.394011527299881
1,1916,scene:1,rear,1916,23,0,0,0,0,0,0,0,0,1.0,1.0,3.184821367263794,1.0109660784137932e-14,nan,nan,nan,nan,nan,nan,nan,nan,0.6391770243644714,0.38648858666419983
1,1917,scene:1,rear,1917,23,0,0,0,0,0,0,0,0,1.0,1.0,3.238517999649048,9.738420085757378e-15,nan,nan,nan,nan,nan,nan,nan,nan,0.6456231474876404,0.4176746904850006
1,1918,scene:1,rear,1918,23,0,0,0,0,0,0,0,0,1.0,1.0,1.3158259391784668,4.770832022195275e-15,nan,nan,nan,nan,nan,nan,nan,nan,0.6358776092529297,0.4172351658344269
1,1919,scene:1,rear,1919,23,0,0,0,0,0,0,0,0,1.0,1.0,0.5387018322944641,0.0,nan,nan,nan,nan,nan,nan,nan,nan,0.6297212839126587,0.4156751334667206
1,1920,scene:1,rear,1920,23,0,0,0,0,0,0,0,0,1.0,1.0,2.1223185062408447,5.9344797920203866e-15,nan,nan,nan,nan,nan,nan,nan,nan,0.6379067301750183,0.42664122581481934
1,1921,scene:1,rear,1921,23,0,0,0,0,0,0,0,0,1.0,1.0,0.6239038109779358,5.950272958968204e-15,nan,nan,nan,nan,nan,nan,nan,nan,0.6366060376167297,0.4136110842227936
1,1922,scene:1,rear,1922,23,0,0,0,0,0,0,0,0,1.0,1.0,0.6041757464408875,1.617989970488426e-15,nan,nan,nan,nan,nan,nan,nan,nan,0.6425953507423401,0.4105411469936371
1,1923,scene:1,rear,1923,23,0,0,0,0,0,0,0,0,1.0,1.0,0.05309705436229706,4.9925637184838466e-15,nan,nan,nan,nan,nan,nan,nan,nan,0.6452279686927795,0.40709006786346436
1,1924,scene:1,rear,1924,23,0,0,0,0,0,0,0,0,1.0,1.0,0.620704710483551,6.3611093629270335e-15,nan,nan,nan,nan,nan,nan,nan,nan,0.6420790553092957,0.39998042583465576
1,1925,scene:1,rear,1925,23,0,0,0,0,0,0,0,0,1.0,1.0,1.641471028327942,4.5023739857577844e-15,nan,nan,nan,nan,nan,nan,nan,nan,0.6397680640220642,0.39636507630348206
1,1926,scene:1,rear,1926,23,0,0,0,0,0,0,0,0,1.0,1.0,1.271724820137024,3.651017495784835e-15,nan,nan,nan,nan,nan,nan,nan,nan,0.6504665017127991,0.4115866422653198
1,1927,scene:1,rear,1927,23,0,0,0,0,0,0,0,0,1.0,1.0,0.7137728929519653,8.593386974533402e-14,nan,nan,nan,nan,nan,nan,nan,nan,0.6456880569458008,0.4040921628475189
1,1928,scene:1,rear,1928,23,0,0,0,0,0,0,0,0,1.0,1.0,0.03152550011873245,8.983329640274623e-15,nan,nan,nan,nan,nan,nan,nan,nan,0.6360401511192322,0.4046960771083832
1,1929,scene:1,rear,1929,23,0,0,0,0,0,0,0,0,1.0,1.0,0.37600281834602356,1.2343871626511822e-14,nan,nan,nan,nan,nan,nan,nan,nan,0.6395278573036194,0.4121565520763397
1,1930,scene:1,rear,1930,23,0,0,0,0,0,0,0,0,1.0,1.0,1.10922110080719,3.88124200046276e-14,nan,nan,nan,nan,nan,nan,nan,nan,0.6461362242698669,0.41014066338539124
1,1931,scene:1,rear,1931,23,0,0,0,0,0,0,0,0,1.0,1.0,0.6411659717559814,1.3960289286061842e-14,nan,nan,nan,nan,nan,nan,nan,nan,0.635773241519928,0.4081060588359833
1,1932,scene:1,rear,1932,23,0,0,0,0,0,0,0,0,1.0,1.0,0.43300971388816833,4.9339559843786854e-15,nan,nan,nan,nan,nan,nan,nan,nan,0.6377795338630676,0.40691396594047546
1,1933,scene:1,rear,1933,23,0,0,0,0,0,0,0,0,1.0,1.0,0.08470790088176727,0.0,nan,nan,nan,nan,nan,nan,nan,nan,0.6432610154151917,0.40642285346984863
1,1934,scene:1,rear,1934,23,0,0,0,0,0,0,0,0,1.0,1.0,0.8949819803237915,8.108855192415677e-15,nan,nan,nan,nan,nan,nan,nan,nan,0.6448262333869934,0.41247931122779846
1,1935,scene:1,rear,1935,23,0,0,0,0,0,0,0,0,1.0,1.0,1.9580339193344116,8.150171371250262e-15,nan,nan,nan,nan,nan,nan,nan,nan,0.6336941123008728,0.40123650431632996
1,1936,scene:1,rear,1936,23,0,0,0,0,0,0,0,0,1.0,1.0,0.08847380429506302,1.3236922957348051e-14,nan,nan,nan,nan,nan,nan,nan,nan,0.6480093598365784,0.4053148031234741
1,1937,scene:1,rear,1937,23,0,0,0,0,0,0,0,0,1.0,1.0,2.67380428314209,0.0,nan,nan,nan,nan,nan,nan,nan,nan,0.6477112174034119,0.4129447042942047
1,1938,scene:1,rear,1938,23,0,0,0,0,0,0,0,0,1.0,1.0,1.4091488122940063,9.483507953393133e-15,nan,nan,nan,nan,nan,nan,nan,nan,0.6304607391357422,0.4032234847545624
1,1939,scene:1,rear,1939,23,0,0,0,0,0,0,0,0,1.0,1.0,0.3142325282096863,3.975693351829396e-16,nan,nan,nan,nan,nan,nan,nan,nan,0.6358447670936584,0.412346214056015
1,1940,scene:1,rear,1940,23,0,0,0,0,0,0,0,0,1.0,1.0,0.9647470116615295,1.474762535997776e-14,nan,nan,nan,nan,nan,nan,nan,nan,0.6333699822425842,0.40976884961128235
1,1941,scene:1,rear,1941,23,0,0,0,0,0,0,0,0,1.0,1.0,0.6848498582839966,4.62361342908045e-15,nan,nan,nan,nan,nan,nan,nan,nan,0.6325239539146423,0.4108700752258301
1,1942,scene:1,rear,1942,23,0,0,0,0,0,0,0,0,1.0,1.0,2.331174373626709,8.588095813719743e-15,nan,nan,nan,nan,nan,nan,nan,nan,0.6393275856971741,0.4175749123096466
1,1943,scene:1,rear,1943,23,0,0,0,0,0,0,0,0,1.0,1.0,2.954033851623535,8.508355324928225e-15,nan,nan,nan,nan,nan,nan,nan,nan,0.6209591031074524,0.39796125888824463
1,1944,scene:1,rear,1944,23,0,0,0,0,0,0,0,0,1.0,1.0,1.3992996215820312,1.5902773407317584e-15,nan,nan,nan,nan,nan,nan,nan,nan,0.6317160129547119,0.40304338932037354
1,1945,scene:1,rear,1945,23,0,0,0,0,0,0,0,0,1.0,1.0,0.19636176526546478,1.1233778680121927e-13,nan,nan,nan,nan,nan,nan,nan,nan,0.6310065388679504,0.4085882902145386
1,1946,scene:1,rear,1946,23,0,0,0,0,0,0,0,0,1.0,1.0,1.7880398035049438,6.6644764786187886e-15,nan,nan,nan,nan,nan,nan,nan,nan,0.6279498934745789,0.41704440116882324
1,1947,scene:1,rear,1947,23,0,0,0,0,0,0,0,0,1.0,1.0,0.6855999231338501,8.563905568892112e-15,nan,nan,nan,nan,nan,nan,nan,nan,0.6172595620155334,0.41292619705200195
1,1948,scene:1,rear,1948,23,0,0,0,0,0,0,0,0,1.0,1.0,0.6056052446365356,1.20129112433929e-14,nan,nan,nan,nan,nan,nan,nan,nan,0.6273289322853088,0.4111621379852295
1,1949,scene:1,rear,1949,23,0,0,0,0,0,0,0,0,1.0,1.0,1.4345966577529907,3.1805546814635168e-15,nan,nan,nan,nan,nan,nan,nan,nan,0.6260152459144592,0.4077480733394623
1,1950,scene:1,rear,1950,23,0,0,0,0,0,0,0,0,1.0,1.0,0.24052001535892487,1.3017360493042507e-14,nan,nan,nan,nan,nan,nan,nan,nan,0.619750440120697,0.41342759132385254
1,1951,scene:1,rear,1951,23,0,0,0,0,0,0,0,0,1.0,1.0,0.24980588257312775,1.0727007128283347e-14,nan,nan,nan,nan,nan,nan,nan,nan,0.6224625706672668,0.4116818904876709
1,1952,scene:1,rear,1952,23,0,0,0,0,0,0,0,0,1.0,1.0,0.04213683679699898,8.14251879139297e-15,nan,nan,nan,nan,nan,nan,nan,nan,0.6298912167549133,0.4139690697193146
1,1953,scene:1,rear,1953,23,0,0,0,0,0,0,0,0,1.0,1.0,0.2342136949300766,1.27750512043065e-14,nan,nan,nan,nan,nan,nan,nan,nan,0.6301421523094177,0.40348872542381287
1,1954,scene:1,rear,1954,23,0,0,0,0,0,0,0,0,1.0,1.0,0.12058309465646744,5.183669932318876e-15,nan,nan,nan,nan,nan,nan,nan,nan,0.634480357170105,0.4059081971645355
1,1955,scene:1,rear,1955,23,0,0,0,0,0,0,0,0,1.0,1.0,0.7898432016372681,3.183659176767233e-15,nan,nan,nan,nan,nan,nan,nan,nan,0.6422116160392761,0.4037994146347046
1,1956,scene:1,rear,1956,23,0,0,0,0,0,0,0,0,1.0,1.0,0.4200078845024109,5.52281621401334e-14,nan,nan,nan,nan,nan,nan,nan,nan,0.6309733390808105,0.40838614106178284
1,1957,scene:1,rear,1957,23,0,0,0,0,0,0,0,0,1.0,1.0,0.29038625955581665,1.3172165178264865e-14,nan,nan,nan,nan,nan,nan,nan,nan,0.6305557489395142,0.4119148254394531
1,1958,scene:1,rear,1958,23,0,0,0,0,0,0,0,0,1.0,1.0,1.4456247091293335,0.0,nan,nan,nan,nan,nan,nan,nan,nan,0.635854184627533,0.41076791286468506
1,1959,scene:1,rear,1959,23,0,0,0,0,0,0,0,0,1.0,1.0,2.0876963138580322,1.987846675914698e-15,nan,nan,nan,nan,nan,nan,nan,nan,0.6298703551292419,0.38931047916412354
1,1960,scene:1,rear,1960,23,0,0,0,0,0,0,0,0,1.0,1.0,1.039713740348816,2.8112397289968406e-16,nan,nan,nan,nan,nan,nan,nan,nan,0.6335061192512512,0.38995301723480225
1,1961,scene:1,rear,1961,23,0,0,0,0,0,0,0,0,1.0,1.0,0.11407039314508438,6.3611093629270335e-15,nan,nan,nan,nan,nan,nan,nan,nan,0.6347307562828064,0.4005242884159088
1,1962,scene:1,rear,1962,23,0,0,0,0,0,0,0,0,1.0,1.0,2.191434383392334,1.987846675914698e-16,nan,nan,nan,nan,nan,nan,nan,nan,0.6362239718437195,0.4240114390850067
1,1963,scene:1,rear,1963,23,0,0,0,0,0,0,0,0,1.0,1.0,2.518795967102051,9.681445973238611e-15,nan,nan,nan,nan,nan,nan,nan,nan,0.6371614933013916,0.42862817645072937
1,1964,scene:1,rear,1964,23,0,0,0,0,0,0,0,0,1.0,1.0,0.24433793127536774,1.0128269013227046e-14,nan,nan,nan,nan,nan,nan,nan,nan,0.6378626227378845,0.4168165624141693
1,1965,scene:1,rear,1965,23,0,0,0,0,0,0,0,0,1.0,1.0,3.5798122882843018,3.771673881051013e-15,nan,nan,nan,nan,nan,nan,nan,nan,0.6267223954200745,0.38222408294677734
1,1966,scene:1,rear,1966,23,0,0,0,0,0,0,0,0,1.0,1.0,0.3283471167087555,0.0,nan,nan,nan,nan,nan,nan,nan,nan,0.6426687240600586,0.39285802841186523
1,1967,scene:1,rear,1967,23,0,0,0,0,0,0,0,0,1.0,1.0,0.2696211636066437,6.441359427397581e-15,nan,nan,nan,nan,nan,nan,nan,nan,0.6305287480354309,0.40132173895835876
1,1968,scene:1,rear,1968,23,0,0,0,0,0,0,0,0,1.0,1.0,0.8654079437255859,3.895368034302951e-15,nan,nan,nan,nan,nan,nan,nan,nan,0.6307423114776611,0.41384458541870117
1,1969,scene:1,rear,1969,23,0,0,0,0,0,0,0,0,1.0,1.0,0.600536584854126,4.300369870662655e-15,nan,nan,nan,nan,nan,nan,nan,nan,0.6232147812843323,0.4037446081638336
1,1970,scene:1,rear,1970,23,0,0,0,0,0,0,0,0,1.0,1.0,2.461075782775879,1.8380068078997528e-14,nan,nan,nan,nan,nan,nan,nan,nan,0.6252755522727966,0.43109330534935
1,1971,scene:1,rear,1971,23,0,0,0,0,0,0,0,0,1.0,1.0,1.0375984907150269,4.852952201020826e-15,nan,nan,nan,nan,nan,nan,nan,nan,0.6334534287452698,0.42557498812675476
1,1972,scene:1,rear,1972,23,0,0,0,0,0,0,0,0,1.0,1.0,0.45988279581069946,2.0586453437755215e-15,nan,nan,nan,nan,nan,nan,nan,nan,0.6381266713142395,0.4219891130924225
1,1973,scene:1,rear,1973,23,0,0,0,0,0,0,0,0,1.0,1.0,0.5529983043670654,7.595551483690875e-15,nan,nan,nan,nan,nan,nan,nan,nan,0.6397665143013,0.40616941452026367
1,1974,scene:1,rear,1974,23,0,0,0,0,0,0,0,0,1.0,1.0,3.358593463897705,6.3611093629270335e-15,nan,nan,nan,nan,nan,nan,nan,nan,0.6256847977638245,0.38098660111427307
1,1975,scene:1,rear,1975,23,0,0,0,0,0,0,0,0,1.0,1.0,1.0880951881408691,7.951386703658792e-16,nan,nan,nan,nan,nan,nan,nan,nan,0.6498979330062866,0.4017893075942993
1,1976,scene:1,rear,1976,23,0,0,0,0,0,0,0,0,1.0,1.0,1.8673961162567139,3.975693351829396e-16,nan,nan,nan,nan,nan,nan,nan,nan,0.6457539200782776,0.41826507449150085
1,1977,scene:1,rear,1977,23,0,0,0,0,0,0,0,0,1.0,1.0,2.1389362812042236,3.308529542635074e-15,nan,nan,nan,nan,nan,nan,nan,nan,0.626505434513092,0.39815619587898254
1,1978,scene:1,rear,1978,23,0,0,0,0,0,0,0,0,1.0,1.0,1.3530845642089844,1.2279680491324909e-14,nan,nan,nan,nan,nan,nan,nan,nan,0.6322493553161621,0.39800843596458435
1,1979,scene:1,rear,1979,23,0,0,0,0,0,0,0,0,1.0,1.0,0.5820366144180298,3.855858945310499e-15,nan,nan,nan,nan,nan,nan,nan,nan,0.6292189359664917,0.39911508560180664
1,1980,scene:1,rear,1980,23,0,0,0,0,0,0,0,0,1.0,1.0,0.2748816907405853,7.951387310301431e-15,nan,nan,nan,nan,nan,nan,nan,nan,0.6347894668579102,0.40917086601257324
1,1981,scene:1,rear,1981,23,0,0,0,0,0,0,0,0,1.0,1.0,3.820568561553955,3.1375475485357072e-15,nan,nan,nan,nan,nan,nan,nan,nan,0.6365787386894226,0.4312872886657715
1,1982,scene:1,rear,1982,23,0,0,0,0,0,0,0,0,1.0,1.0,0.4135999381542206,3.555968236953807e-15,nan,nan,nan,nan,nan,nan,nan,nan,0.6332589983940125,0.4182809293270111
1,1983,scene:1,rear,1983,23,0,0,0,0,0,0,0,0,1.0,1.0,0.4697009027004242,1.4898728315956265e-13,nan,nan,nan,nan,nan,nan,nan,nan,0.6345098614692688,0.40979552268981934
1,1984,scene:1,rear,1984,23,0,0,0,0,0,0,0,0,1.0,1.0,1.2417709827423096,8.234581375102086e-15,nan,nan,nan,nan,nan,nan,nan,nan,0.6339008212089539,0.40255293250083923
1,1985,scene:1,rear,1985,23,0,0,0,0,0,0,0,0,1.0,1.0,2.5364835262298584,9.37665401700035e-15,nan,nan,nan,nan,nan,nan,nan,nan,0.6520205140113831,0.42454949021339417
1,1986,scene:1,rear,1986,23,0,0,0,0,0,0,0,0,1.0,1.0,0.11031726747751236,9.560281943156306e-15,nan,nan,nan,nan,nan,nan,nan,nan,0.6438499093055725,0.4094325304031372
1,1987,scene:1,rear,1987,23,0,0,0,0,0,0,0,0,1.0,1.0,0.8921247124671936,6.3611093629270335e-15,nan,nan,nan,nan,nan,nan,nan,nan,0.6476933360099792,0.39901384711265564
1,1988,scene:1,rear,1988,23,0,0,0,0,0,0,0,0,1.0,1.0,0.3616304397583008,5.274353251811411e-15,nan,nan,nan,nan,nan,nan,nan,nan,0.6466531157493591,0.40317896008491516
1,1989,scene:1,rear,1989,23,0,0,0,0,0,0,0,0,1.0,1.0,1.2295972108840942,5.239258315796722e-14,nan,nan,nan,nan,nan,nan,nan,nan,0.6411126852035522,0.39968204498291016
1,1990,scene:1,rear,1990,23,0,0,0,0,0,0,0,0,1.0,1.0,1.1534180641174316,6.3611093629270335e-15,nan,nan,nan,nan,nan,nan,nan,nan,0.6483328938484192,0.41557595133781433
1,1991,scene:1,rear,1991,23,0,0,0,0,0,0,0,0,1.0,1.0,0.21226157248020172,4.5677239046017444e-15,nan,nan,nan,nan,nan,nan,nan,nan,0.6459492444992065,0.41244029998779297
1,1992,scene:1,rear,1992,23,0,0,0,0,0,0,0,0,1.0,1.0,0.17013025283813477,0.0,nan,nan,nan,nan,nan,nan,nan,nan,0.6472710967063904,0.41126155853271484
1,1993,scene:1,rear,1993,23,0,0,0,0,0,0,0,0,1.0,1.0,1.2700024843215942,1.3041243839255431e-14,nan,nan,nan,nan,nan,nan,nan,nan,0.6413844227790833,0.3997814953327179
1,1994,scene:1,rear,1994,23,0,0,0,0,0,0,0,0,1.0,1.0,0.7722151279449463,1.7138189883071967e-14,nan,nan,nan,nan,nan,nan,nan,nan,0.6498514413833618,0.4102889597415924
1,1995,scene:1,rear,1995,23,0,0,0,0,0,0,0,0,1.0,1.0,0.2376144379377365,3.9330238480623714e-14,nan,nan,nan,nan,nan,nan,nan,nan,0.6455650925636292,0.40859174728393555
1,1996,scene:1,rear,1996,23,0,0,0,0,0,0,0,0,1.0,1.0,0.16805925965309143,3.77821625176342e-15,nan,nan,nan,nan,nan,nan,nan,nan,0.6438329815864563,0.40897563099861145
1,1997,scene:1,rear,1997,23,0,0,0,0,0,0,0,0,1.0,1.0,0.8865605592727661,2.8011186170511227e-15,nan,nan,nan,nan,nan,nan,nan,nan,0.6459192633628845,0.41425812244415283
1,1998,scene:1,rear,1998,23,0,0,0,0,0,0,0,0,1.0,1.0,0.7874431610107422,8.392520651083093e-15,nan,nan,nan,nan,nan,nan,nan,nan,0.6465951800346375,0.41396841406822205
1,1999,scene:1,rear,1999,23,0,0,0,0,0,0,0,0,1.0,1.0,1.588841199874878,5.044589337173695e-15,nan,nan,nan,nan,nan,nan,nan,nan,0.6367978453636169,0.4008118808269501
1,2000,scene:1,rear,2000,23,0,0,0,0,0,0,0,0,1.0,1.0,0.04058900102972984,7.790736068605902e-15,nan,nan,nan,nan,nan,nan,nan,nan,0.6452427506446838,0.4064067304134369
1,2001,scene:1,rear,2001,23,0,0,0,0,0,0,0,0,1.0,1.0,1.8351436853408813,8.122307523397552e-14,nan,nan,nan,nan,nan,nan,nan,nan,0.6487290263175964,0.4185973107814789
1,2002,scene:1,rear,2002,23,0,0,0,0,0,0,0,0,1.0,1.0,1.0498769283294678,0.0,nan,nan,nan,nan,nan,nan,nan,nan,0.642793595790863,0.4086083471775055
1,2003,scene:1,rear,2003,23,0,0,0,0,0,0,0,0,1.0,1.0,1.069724440574646,3.4026454138433503e-15,nan,nan,nan,nan,nan,nan,nan,nan,0.6401993632316589,0.3956070840358734
1,2004,scene:1,rear,2004,23,0,0,0,0,0,0,0,0,1.0,1.0,0.5200527906417847,8.212244590170369e-15,nan,nan,nan,nan,nan,nan,nan,nan,0.6414626836776733,0.40391048789024353
1,2005,scene:1,rear,2005,23,0,0,0,0,0,0,0,0,1.0,1.0,0.950713038444519,1.2142713307966176e-15,nan,nan,nan,nan,nan,nan,nan,nan,0.647993266582489,0.411243200302124
1,2006,scene:1,rear,2006,23,0,0,0,0,0,0,0,0,1.0,1.0,0.8326746225357056,9.562711552341451e-15,nan,nan,nan,nan,nan,nan,nan,nan,0.6352159380912781,0.4112216532230377
1,2007,scene:1,rear,2007,23,0,0,0,0,0,0,0,0,1.0,1.0,0.5486887097358704,8.805061332226093e-15,nan,nan,nan,nan,nan,nan,nan,nan,0.6381957530975342,0.414971262216568
1,2008,scene:1,rear,2008,23,0,0,0,0,0,0,0,0,1.0,1.0,0.3336617648601532,7.159008399078613e-15,nan,nan,nan,nan,nan,nan,nan,nan,0.6392011046409607,0.41479742527008057
1,2009,scene:1,rear,2009,23,0,0,0,0,0,0,0,0,1.0,1.0,0.11700327694416046,1.0182743384679779e-14,nan,nan,nan,nan,nan,nan,nan,nan,0.6358833312988281,0.41234567761421204
1,2010,scene:1,rear,2010,23,0,0,0,0,0,0,0,0,1.0,1.0,0.1368914693593979,0.0,nan,nan,nan,nan,nan,nan,nan,nan,0.6420108675956726,0.41532135009765625
1,2011,scene:1,rear,2011,23,0,0,0,0,0,0,0,0,1.0,1.0,0.6336165070533752,3.1805546814635168e-15,nan,nan,nan,nan,nan,nan,nan,nan,0.6373962163925171,0.40595170855522156
1,2012,scene:1,rear,2012,23,0,0,0,0,0,0,0,0,1.0,1.0,1.5006529092788696,6.457389202360897e-14,nan,nan,nan,nan,nan,nan,nan,nan,0.6311392784118652,0.40266838669776917
1,2013,scene:1,rear,2013,23,0,0,0,0,0,0,0,0,1.0,1.0,3.484123706817627,9.099226004052897e-15,nan,nan,nan,nan,nan,nan,nan,nan,0.6468339562416077,0.4265580177307129
1,2014,scene:1,rear,2014,23,0,0,0,0,0,0,0,0,1.0,1.0,2.25048565864563,3.1805546814635168e-15,nan,nan,nan,nan,nan,nan,nan,nan,0.6339767575263977,0.40641775727272034
1,2015,scene:1,rear,2015,23,0,0,0,0,0,0,0,0,1.0,1.0,0.43627312779426575,6.3611093629270335e-15,nan,nan,nan,nan,nan,nan,nan,nan,0.6361743807792664,0.4121711254119873
1,2016,scene:1,rear,2016,23,0,0,0,0,0,0,0,0,1.0,1.0,2.4386072158813477,8.914923061189855e-15,nan,nan,nan,nan,nan,nan,nan,nan,0.6442555785179138,0.43158605694770813
1,2017,scene:1,rear,2017,23,0,0,0,0,0,0,0,0,1.0,1.0,2.0115082263946533,6.3611093629270335e-15,nan,nan,nan,nan,nan,nan,nan,nan,0.6375009417533875,0.4059920310974121
1,2018,scene:1,rear,2018,23,0,0,0,0,0,0,0,0,1.0,1.0,2.0739734172821045,4.054427596207839e-15,nan,nan,nan,nan,nan,nan,nan,nan,0.6471668481826782,0.41488227248191833
1,2019,scene:1,rear,2019,23,0,0,0,0,0,0,0,0,1.0,1.0,0.46926796436309814,1.1913820373728508e-14,nan,nan,nan,nan,nan,nan,nan,nan,0.6448721885681152,0.4119128882884979
1,2020,scene:1,rear,2020,23,0,0,0,0,0,0,0,0,1.0,1.0,3.264526128768921,8.728435333202727e-15,nan,nan,nan,nan,nan,nan,nan,nan,0.6192746758460999,0.392901748418808
1,2021,scene:1,rear,2021,23,0,0,0,0,0,0,0,0,1.0,1.0,0.25512850284576416,6.3611093629270335e-15,nan,nan,nan,nan,nan,nan,nan,nan,0.6453768610954285,0.4003622531890869
1,2022,scene:1,rear,2022,23,0,0,0,0,0,0,0,0,1.0,1.0,0.3381664454936981,2.2315294440433073e-14,nan,nan,nan,nan,nan,nan,nan,nan,0.6390874981880188,0.4036884605884552
1,2023,scene:1,rear,2023,23,0,0,0,0,0,0,0,0,1.0,1.0,0.4838602840900421,6.3611093629270335e-15,nan,nan,nan,nan,nan,nan,nan,nan,0.6371514797210693,0.4114347994327545
1,2024,scene:1,rear,2024,23,0,0,0,0,0,0,0,0,1.0,1.0,4.724355697631836,3.1805546814635168e-15,nan,nan,nan,nan,nan,nan,nan,nan,0.6346083283424377,0.42566344141960144
1,2025,scene:1,rear,2025,23,0,0,0,0,0,0,0,0,1.0,1.0,1.5855683088302612,0.0,nan,nan,nan,nan,nan,nan,nan,nan,0.633502185344696,0.4199044704437256
1,2026,scene:1,rear,2026,23,0,0,0,0,0,0,0,0,1.0,1.0,0.1705702841281891,6.3611093629270335e-15,nan,nan,nan,nan,nan,nan,nan,nan,0.629327654838562,0.41941964626312256
1,2027,scene:1,rear,2027,23,0,0,0,0,0,0,0,0,1.0,1.0,0.252494215965271,3.1805546814635168e-15,nan,nan,nan,nan,nan,nan,nan,nan,0.6388242840766907,0.4174806773662567
1,2028,scene:1,rear,2028,23,0,0,0,0,0,0,0,0,1.0,1.0,0.5627408027648926,6.931858220452334e-15,nan,nan,nan,nan,nan,nan,nan,nan,0.6402966976165771,0.4034020006656647
1,2029,scene:1,rear,2029,23,0,0,0,0,0,0,0,0,1.0,1.0,0.22639504075050354,9.469434752381052e-15,nan,nan,nan,nan,nan,nan,nan,nan,0.6465775370597839,0.4092693030834198
1,2030,scene:1,rear,2030,23,0,0,0,0,0,0,0,0,1.0,1.0,0.044652458280324936,5.044589337173695e-15,nan,nan,nan,nan,nan,nan,nan,nan,0.6417186856269836,0.40431371331214905
1,2031,scene:1,rear,2031,23,0,0,0,0,0,0,0,0,1.0,1.0,0.0038724285550415516,1.3113762899726813e-14,nan,nan,nan,nan,nan,nan,nan,nan,0.6461336612701416,0.4081589877605438
1,2032,scene:1,rear,2032,23,0,0,0,0,0,0,0,0,1.0,1.0,0.11798887699842453,3.157972438473841e-14,nan,nan,nan,nan,nan,nan,nan,nan,0.6449384689331055,0.40461358428001404
1,2033,scene:1,rear,2033,23,0,0,0,0,0,0,0,0,1.0,1.0,0.2914970815181732,6.3611093629270335e-15,nan,nan,nan,nan,nan,nan,nan,nan,0.6428585648536682,0.4049471914768219
1,2034,scene:1,rear,2034,23,0,0,0,0,0,0,0,0,1.0,1.0,0.5647084712982178,0.0,nan,nan,nan,nan,nan,nan,nan,nan,0.6454157829284668,0.40026021003723145
1,2035,scene:1,rear,2035,23,0,0,0,0,0,0,0,0,1.0,1.0,0.26319819688796997,5.274353251811411e-15,nan,nan,nan,nan,nan,nan,nan,nan,0.6479442715644836,0.4095381796360016
1,2036,scene:1,rear,2036,23,0,0,0,0,0,0,0,0,1.0,1.0,0.2562240958213806,0.0,nan,nan,nan,nan,nan,nan,nan,nan,0.6384214162826538,0.40474531054496765
1,2037,scene:1,rear,2037,23,0,0,0,0,0,0,0,0,1.0,1.0,1.2366806268692017,1.1160303065190926e-14,nan,nan,nan,nan,nan,nan,nan,nan,0.6455698609352112,0.41683781147003174
1,2038,scene:1,rear,2038,23,0,0,0,0,0,0,0,0,1.0,1.0,0.2936161756515503,2.3525768592603942e-15,nan,nan,nan,nan,nan,nan,nan,nan,0.6390817761421204,0.4050320088863373
1,2039,scene:1,rear,2039,23,0,0,0,0,0,0,0,0,1.0,1.0,0.06096873804926872,1.1388123604700587e-14,nan,nan,nan,nan,nan,nan,nan,nan,0.6377026438713074,0.40904712677001953
1,2040,scene:1,rear,2040,23,0,0,0,0,0,0,0,0,1.0,1.0,1.3096472024917603,6.3611093629270335e-15,nan,nan,nan,nan,nan,nan,nan,nan,0.6372043490409851,0.4026472270488739
1,2041,scene:1,rear,2041,23,0,0,0,0,0,0,0,0,1.0,1.0,3.585686683654785,0.0,nan,nan,nan,nan,nan,nan,nan,nan,0.6319352984428406,0.39040684700012207
1,2042,scene:1,rear,2042,23,0,0,0,0,0,0,0,0,1.0,1.0,4.390019416809082,3.283083059243173e-15,nan,nan,nan,nan,nan,nan,nan,nan,0.6447556614875793,0.4188428819179535
1,2043,scene:1,rear,2043,23,0,0,0,0,0,0,0,0,1.0,1.0,2.64064884185791,3.1805546814635168e-15,nan,nan,nan,nan,nan,nan,nan,nan,0.6380783319473267,0.4225604832172394
1,2044,scene:1,rear,2044,23,0,0,0,0,0,0,0,0,1.0,1.0,0.13974176347255707,0.0,nan,nan,nan,nan,nan,nan,nan,nan,0.6288905739784241,0.4078538119792938
1,2045,scene:1,rear,2045,23,0,0,0,0,0,0,0,0,1.0,1.0,0.15475662052631378,8.011314083405806e-15,nan,nan,nan,nan,nan,nan,nan,nan,0.6333016157150269,0.41476067900657654
1,2046,scene:1,rear,2046,23,0,0,0,0,0,0,0,0,1.0,1.0,0.026941638439893723,4.139126884152189e-15,nan,nan,nan,nan,nan,nan,nan,nan,0.640571117401123,0.40869972109794617
1,2047,scene:1,rear,2047,23,0,0,0,0,0,0,0,0,1.0,1.0,0.6709576845169067,9.585049554461046e-15,nan,nan,nan,nan,nan,nan,nan,nan,0.6406874060630798,0.4019448757171631
1,2048,scene:1,rear,2048,23,0,0,0,0,0,0,0,0,1.0,1.0,0.6315572261810303,1.900447959810485e-14,nan,nan,nan,nan,nan,nan,nan,nan,0.6417446732521057,0.4048001766204834
1,2049,scene:1,rear,2049,23,0,0,0,0,0,0,0,0,1.0,1.0,0.9903752207756042,6.3611093629270335e-15,nan,nan,nan,nan,nan,nan,nan,nan,0.6440852284431458,0.4132188856601715
1,2050,scene:1,rear,2050,23,0,0,0,0,0,0,0,0,1.0,1.0,0.5792255401611328,1.5902773407317584e-15,nan,nan,nan,nan,nan,nan,nan,nan,0.6397144794464111,0.40728747844696045
1,2051,scene:1,rear,2051,23,0,0,0,0,0,0,0,0,1.0,1.0,1.0876109600067139,1.0243326676730918e-14,nan,nan,nan,nan,nan,nan,nan,nan,0.637373685836792,0.4027233421802521
1,2052,scene:1,rear,2052,23,0,0,0,0,0,0,0,0,1.0,1.0,1.2281091213226318,0.0,nan,nan,nan,nan,nan,nan,nan,nan,0.6443279385566711,0.41389644145965576
1,2053,scene:1,rear,2053,23,0,0,0,0,0,0,0,0,1.0,1.0,3.0445339679718018,1.0815055175336619e-14,nan,nan,nan,nan,nan,nan,nan,nan,0.6272876858711243,0.39086416363716125
1,2054,scene:1,rear,2054,23,0,0,0,0,0,0,0,0,1.0,1.0,2.7231948375701904,4.836639710492717e-15,nan,nan,nan,nan,nan,nan,nan,nan,0.6443225741386414,0.4186643660068512
1,2055,scene:1,rear,2055,23,0,0,0,0,0,0,0,0,1.0,1.0,1.6064536571502686,2.866913247108436e-15,nan,nan,nan,nan,nan,nan,nan,nan,0.6411178708076477,0.4207907021045685
1,2056,scene:1,rear,2056,23,0,0,0,0,0,0,0,0,1.0,1.0,0.2731606066226959,1.203263149400284e-14,nan,nan,nan,nan,nan,nan,nan,nan,0.6365083456039429,0.409889817237854
1,2057,scene:1,rear,2057,23,0,0,0,0,0,0,0,0,1.0,1.0,1.008959412574768,3.975693351829396e-16,nan,nan,nan,nan,nan,nan,nan,nan,0.6415306925773621,0.4172845184803009
1,2058,scene:1,rear,2058,23,0,0,0,0,0,0,0,0,1.0,1.0,2.3489508628845215,6.556881449863406e-15,nan,nan,nan,nan,nan,nan,nan,nan,0.6275333762168884,0.3944230377674103
1,2059,scene:1,rear,2059,23,0,0,0,0,0,0,0,0,1.0,1.0,1.6249737739562988,8.128476179034214e-15,nan,nan,nan,nan,nan,nan,nan,nan,0.649670422077179,0.4139939844608307
1,2060,scene:1,rear,2060,23,0,0,0,0,0,0,0,0,1.0,1.0,2.0811727046966553,5.909891903927387e-14,nan,nan,nan,nan,nan,nan,nan,nan,0.6370391845703125,0.40022680163383484
1,2061,scene:1,rear,2061,23,0,0,0,0,0,0,0,0,1.0,1.0,0.7413297295570374,8.807865759896091e-15,nan,nan,nan,nan,nan,nan,nan,nan,0.643653929233551,0.41052374243736267
1,2062,scene:1,rear,2062,23,0,0,0,0,0,0,0,0,1.0,1.0,0.23619502782821655,5.565970692561154e-15,nan,nan,nan,nan,nan,nan,nan,nan,0.6404982209205627,0.4057299792766571
1,2063,scene:1,rear,2063,23,0,0,0,0,0,0,0,0,1.0,1.0,2.9305014610290527,2.592906735126904e-15,nan,nan,nan,nan,nan,nan,nan,nan,0.6454560160636902,0.41808414459228516
1,2064,scene:1,rear,2064,23,0,0,0,0,0,0,0,0,1.0,1.0,2.154207944869995,3.2053064530645576e-15,nan,nan,nan,nan,nan,nan,nan,nan,0.6297802925109863,0.403279572725296
1,2065,scene:1,rear,2065,23,0,0,0,0,0,0,0,0,1.0,1.0,4.600398063659668,7.790736068605902e-15,nan,nan,nan,nan,nan,nan,nan,nan,0.6454238891601562,0.4250202178955078
1,2066,scene:1,rear,2066,23,0,0,0,0,0,0,0,0,1.0,1.0,0.8890639543533325,6.3611093629270335e-15,nan,nan,nan,nan,nan,nan,nan,nan,0.6455508470535278,0.4155100882053375
1,2067,scene:1,rear,2067,23,0,0,0,0,0,0,0,0,1.0,1.0,0.6040917038917542,7.979301503810715e-15,nan,nan,nan,nan,nan,nan,nan,nan,0.6459099650382996,0.40677300095558167
1,2068,scene:1,rear,2068,23,0,0,0,0,0,0,0,0,1.0,1.0,1.635253667831421,1.4356602476430737e-14,nan,nan,nan,nan,nan,nan,nan,nan,0.6395537853240967,0.39215436577796936
1,2069,scene:1,rear,2069,23,0,0,0,0,0,0,0,0,1.0,1.0,2.768357515335083,6.977313515498914e-15,nan,nan,nan,nan,nan,nan,nan,nan,0.6458553671836853,0.41303667426109314
1,2070,scene:1,rear,2070,23,0,0,0,0,0,0,0,0,1.0,1.0,2.664945125579834,1.987846675914698e-16,nan,nan,nan,nan,nan,nan,nan,nan,0.6286635994911194,0.39195212721824646
1,2071,scene:1,rear,2071,23,0,0,0,0,0,0,0,0,1.0,1.0,0.959284782409668,0.0,nan,nan,nan,nan,nan,nan,nan,nan,0.6431578993797302,0.39756670594215393
1,2072,scene:1,rear,2072,23,0,0,0,0,0,0,0,0,1.0,1.0,2.694650650024414,9.917965513848372e-15,nan,nan,nan,nan,nan,nan,nan,nan,0.6396973133087158,0.41769835352897644
1,2073,scene:1,rear,2073,23,0,0,0,0,0,0,0,0,1.0,1.0,0.33375492691993713,9.681445973238611e-15,nan,nan,nan,nan,nan,nan,nan,nan,0.621496319770813,0.4062391221523285
1,2074,scene:1,rear,2074,23,0,0,0,0,0,0,0,0,1.0,1.0,0.029632648453116417,0.0,nan,nan,nan,nan,nan,nan,nan,nan,0.6249452233314514,0.41130152344703674
1,2075,scene:1,rear,2075,23,0,0,0,0,0,0,0,0,1.0,1.0,0.22797217965126038,5.0913716923398895e-15,nan,nan,nan,nan,nan,nan,nan,nan,0.6279469132423401,0.4083268344402313
1,2076,scene:1,rear,2076,23,0,0,0,0,0,0,0,0,1.0,1.0,2.7259902954101562,1.0128269013227046e-14,nan,nan,nan,nan,nan,nan,nan,nan,0.6195316314697266,0.39656493067741394
1,2077,scene:1,rear,2077,23,0,0,0,0,0,0,0,0,1.0,1.0,3.0534698963165283,6.471959881953704e-15,nan,nan,nan,nan,nan,nan,nan,nan,0.6412668824195862,0.41947615146636963
1,2078,scene:1,rear,2078,23,0,0,0,0,0,0,0,0,1.0,1.0,1.2315922975540161,6.556881449863406e-15,nan,nan,nan,nan,nan,nan,nan,nan,0.6378127932548523,0.4221216142177582
1,2079,scene:1,rear,2079,23,0,0,0,0,0,0,0,0,1.0,1.0,1.072155237197876,0.0,nan,nan,nan,nan,nan,nan,nan,nan,0.6265130043029785,0.4035753905773163
1,2081,scene:1,rear,2081,24,1,0,0,0,0,0,0,0,1.0,1.0,0.0,7.951386703658792e-16,nan,nan,nan,nan,nan,nan,nan,nan,0.0,0.0
1,2082,scene:1,rear,2082,24,0,0,0,0,0,0,0,0,1.0,1.0,0.33641257882118225,1.0488599424582483e-14,nan,nan,nan,nan,nan,nan,nan,nan,0.6110941171646118,0.42498505115509033
1,2083,scene:1,rear,2083,24,0,0,0,0,0,0,0,0,1.0,1.0,1.1318155527114868,6.459737095063577e-15,nan,nan,nan,nan,nan,nan,nan,nan,0.6340800523757935,0.41069531440734863
1,2084,scene:1,rear,2084,24,0,0,0,0,0,0,0,0,1.0,1.0,1.1691868305206299,0.0,nan,nan,nan,nan,nan,nan,nan,nan,0.6484672427177429,0.41687119007110596
1,2085,scene:1,rear,2085,24,0,0,0,0,0,0,0,0,1.0,1.0,0.5728110074996948,7.951386703658792e-16,nan,nan,nan,nan,nan,nan,nan,nan,0.6432912349700928,0.41621968150138855
1,2086,scene:1,rear,2086,24,0,0,0,0,0,0,0,0,1.0,1.0,0.1964620053768158,1.7703142958536742e-13,nan,nan,nan,nan,nan,nan,nan,nan,0.6459157466888428,0.4175206124782562
1,2087,scene:1,rear,2087,24,0,0,0,0,0,0,0,0,1.0,1.0,0.656952440738678,1.8562699164874e-14,nan,nan,nan,nan,nan,nan,nan,nan,0.6498306393623352,0.4166095554828644
1,2088,scene:1,rear,2088,24,0,0,0,0,0,0,0,0,1.0,1.0,0.14908576011657715,3.975693351829396e-16,nan,nan,nan,nan,nan,nan,nan,nan,0.6478005051612854,0.4143655300140381
1,2089,scene:1,rear,2089,24,0,0,0,0,0,0,0,0,1.0,1.0,0.15518249571323395,1.1803003111344658e-15,nan,nan,nan,nan,nan,nan,nan,nan,0.6490393877029419,0.41529205441474915
1,2090,scene:1,rear,2090,24,0,0,0,0,0,0,0,0,1.0,1.0,0.652852475643158,3.1805546814635168e-15,nan,nan,nan,nan,nan,nan,nan,nan,0.6525205969810486,0.4136293828487396
1,2091,scene:1,rear,2091,24,0,0,0,0,0,0,0,0,1.0,1.0,0.061440423130989075,3.3566072868005064e-15,nan,nan,nan,nan,nan,nan,nan,nan,0.6484472751617432,0.4050782024860382
1,2092,scene:1,rear,2092,24,0,0,0,0,0,0,0,0,1.0,1.0,1.2900469303131104,5.274353251811411e-15,nan,nan,nan,nan,nan,nan,nan,nan,0.6443153619766235,0.3961002826690674
1,2093,scene:1,rear,2093,24,0,0,0,0,0,0,0,0,1.0,1.0,0.7579067945480347,7.951386703658792e-16,nan,nan,nan,nan,nan,nan,nan,nan,0.6501156687736511,0.3960252106189728
1,2094,scene:1,rear,2094,24,0,0,0,0,0,0,0,0,1.0,1.0,0.10063852369785309,3.9969128955454855e-15,nan,nan,nan,nan,nan,nan,nan,nan,0.6486954092979431,0.3986792266368866
1,2095,scene:1,rear,2095,24,0,0,0,0,0,0,0,0,1.0,1.0,0.3538137376308441,3.895368034302951e-15,nan,nan,nan,nan,nan,nan,nan,nan,0.6455720067024231,0.40465518832206726
1,2096,scene:1,rear,2096,24,0,0,0,0,0,0,0,0,1.0,1.0,0.8916206955909729,1.102601505059746e-14,nan,nan,nan,nan,nan,nan,nan,nan,0.6372833847999573,0.41222241520881653
1,2097,scene:1,rear,2097,24,0,0,0,0,0,0,0,0,1.0,1.0,2.3461780548095703,9.031039262418649e-15,nan,nan,nan,nan,nan,nan,nan,nan,0.6389000415802002,0.42613258957862854
1,2098,scene:1,rear,2098,24,0,0,0,0,0,0,0,0,1.0,1.0,0.647956132888794,1.0938576774073401e-14,nan,nan,nan,nan,nan,nan,nan,nan,0.6354524493217468,0.424543172121048
1,2099,scene:1,rear,2099,24,0,0,0,0,0,0,0,0,1.0,1.0,0.23190759122371674,1.153042106673345e-14,nan,nan,nan,nan,nan,nan,nan,nan,0.6358548998832703,0.41665396094322205
1,2100,scene:1,rear,2100,24,0,0,0,0,0,0,0,0,1.0,1.0,0.6565394401550293,4.983578008229059e-15,nan,nan,nan,nan,nan,nan,nan,nan,0.6354591250419617,0.4178906977176666
1,2101,scene:1,rear,2101,24,0,0,0,0,0,0,0,0,1.0,1.0,1.0695273876190186,6.911877529294513e-15,nan,nan,nan,nan,nan,nan,nan,nan,0.6358783841133118,0.40505337715148926
1,2102,scene:1,rear,2102,24,0,0,0,0,0,0,0,0,1.0,1.0,0.6157983541488647,6.3611093629270335e-15,nan,nan,nan,nan,nan,nan,nan,nan,0.6404080986976624,0.40324878692626953
1,2103,scene:1,rear,2103,24,0,0,0,0,0,0,0,0,1.0,1.0,4.235282897949219,3.1805546814635168e-15,nan,nan,nan,nan,nan,nan,nan,nan,0.6356846690177917,0.42444896697998047
1,2104,scene:1,rear,2104,24,0,0,0,0,0,0,0,0,1.0,1.0,2.5599427223205566,1.1869895913133881e-14,nan,nan,nan,nan,nan,nan,nan,nan,0.6339519619941711,0.4248022139072418
1,2105,scene:1,rear,2105,24,0,0,0,0,0,0,0,0,1.0,1.0,0.9400021433830261,1.5902773407317584e-15,nan,nan,nan,nan,nan,nan,nan,nan,0.6288489103317261,0.4152127504348755
1,2106,scene:1,rear,2106,24,0,0,0,0,0,0,0,0,1.0,1.0,0.0492984913289547,1.93128921288489e-15,nan,nan,nan,nan,nan,nan,nan,nan,0.6427320241928101,0.4186035692691803
1,2107,scene:1,rear,2107,24,0,0,0,0,0,0,0,0,1.0,1.0,0.08082868158817291,2.7542259531513635e-14,nan,nan,nan,nan,nan,nan,nan,nan,0.6484558582305908,0.4091933071613312
1,2108,scene:1,rear,2108,24,0,0,0,0,0,0,0,0,1.0,1.0,0.23874562978744507,7.524990900427952e-15,nan,nan,nan,nan,nan,nan,nan,nan,0.6490955948829651,0.4027784764766693
1,2109,scene:1,rear,2109,24,0,0,0,0,0,0,0,0,1.0,1.0,0.8135030269622803,3.2788173623877025e-15,nan,nan,nan,nan,nan,nan,nan,nan,0.6465379595756531,0.40493273735046387
1,2110,scene:1,rear,2110,24,0,0,0,0,0,0,0,0,1.0,1.0,1.2759813070297241,1.7779841184769035e-15,nan,nan,nan,nan,nan,nan,nan,nan,0.6404933333396912,0.3962824046611786
1,2111,scene:1,rear,2111,24,0,0,0,0,0,0,0,0,1.0,1.0,2.119694709777832,1.5968639725980948e-15,nan,nan,nan,nan,nan,nan,nan,nan,0.6524982452392578,0.41917166113853455
1,2112,scene:1,rear,2112,24,0,0,0,0,0,0,0,0,1.0,1.0,1.1999244689941406,3.4120284468391663e-15,nan,nan,nan,nan,nan,nan,nan,nan,0.6436274647712708,0.40507984161376953
1,2113,scene:1,rear,2113,24,0,0,0,0,0,0,0,0,1.0,1.0,1.8858387470245361,2.975136479484102e-15,nan,nan,nan,nan,nan,nan,nan,nan,0.647033154964447,0.4220220148563385
1,2114,scene:1,rear,2114,24,0,0,0,0,0,0,0,0,1.0,1.0,1.6481633186340332,3.1805546814635168e-15,nan,nan,nan,nan,nan,nan,nan,nan,0.639456033706665,0.4046393930912018
1,2115,scene:1,rear,2115,24,0,0,0,0,0,0,0,0,1.0,1.0,3.7323944568634033,3.1881408005571066e-15,nan,nan,nan,nan,nan,nan,nan,nan,0.6503049731254578,0.43686768412590027
1,2116,scene:1,rear,2116,24,0,0,0,0,0,0,0,0,1.0,1.0,1.6142323017120361,1.0764240226214208e-14,nan,nan,nan,nan,nan,nan,nan,nan,0.6464417576789856,0.3975692689418793
1,2117,scene:1,rear,2117,24,0,0,0,0,0,0,0,0,1.0,1.0,2.3558361530303955,3.975693351829396e-16,nan,nan,nan,nan,nan,nan,nan,nan,0.6537916660308838,0.42743611335754395
1,2118,scene:1,rear,2118,24,0,0,0,0,0,0,0,0,1.0,1.0,0.49971479177474976,5.575050585534403e-14,nan,nan,nan,nan,nan,nan,nan,nan,0.6524247527122498,0.4027109444141388
1,2119,scene:1,rear,2119,24,0,0,0,0,0,0,0,0,1.0,1.0,0.7154009342193604,1.3311166369264855e-14,nan,nan,nan,nan,nan,nan,nan,nan,0.6447417736053467,0.4045943319797516
1,2120,scene:1,rear,2120,24,0,0,0,0,0,0,0,0,1.0,1.0,2.3644888401031494,5.648991949461969e-15,nan,nan,nan,nan,nan,nan,nan,nan,0.6441743969917297,0.3887391984462738
1,2121,scene:1,rear,2121,24,0,0,0,0,0,0,0,0,1.0,1.0,0.24704843759536743,7.951386703658792e-15,nan,nan,nan,nan,nan,nan,nan,nan,0.6523566842079163,0.4032176733016968
1,2122,scene:1,rear,2122,24,0,0,0,0,0,0,0,0,1.0,1.0,0.14308996498584747,6.3611093629270335e-15,nan,nan,nan,nan,nan,nan,nan,nan,0.6449928879737854,0.413006454706192
1,2123,scene:1,rear,2123,24,0,0,0,0,0,0,0,0,1.0,1.0,1.7337570190429688,8.969573040307021e-15,nan,nan,nan,nan,nan,nan,nan,nan,0.6357952356338501,0.39449694752693176
1,2124,scene:1,rear,2124,24,0,0,0,0,0,0,0,0,1.0,1.0,3.659756898880005,1.8218915724690907e-15,nan,nan,nan,nan,nan,nan,nan,nan,0.6087654232978821,0.3997551500797272
1,2125,scene:1,rear,2125,24,0,0,0,0,0,0,0,0,1.0,1.0,7.581480503082275,2.4771034325325513e-14,nan,nan,nan,nan,nan,nan,nan,nan,0.6277356743812561,0.43574413657188416
1,2126,scene:1,rear,2126,24,0,0,0,0,0,0,0,0,1.0,1.0,2.4481136798858643,1.3033074776145272e-14,nan,nan,nan,nan,nan,nan,nan,nan,0.6227964758872986,0.42569050192832947
1,2127,scene:1,rear,2127,24,0,0,0,0,0,0,0,0,1.0,1.0,1.3281322717666626,2.0382942072875773e-14,nan,nan,nan,nan,nan,nan,nan,nan,0.6253514289855957,0.41986384987831116
1,2128,scene:1,rear,2128,24,0,0,0,0,0,0,0,0,1.0,1.0,0.4616023898124695,4.770832022195275e-15,nan,nan,nan,nan,nan,nan,nan,nan,0.6279095411300659,0.4126720726490021
1,2129,scene:1,rear,2129,24,0,0,0,0,0,0,0,0,1.0,1.0,0.6619343161582947,3.284461741436511e-15,nan,nan,nan,nan,nan,nan,nan,nan,0.6335229277610779,0.4061514437198639
1,2130,scene:1,rear,2130,24,0,0,0,0,0,0,0,0,1.0,1.0,0.25919222831726074,6.633321419061866e-15,nan,nan,nan,nan,nan,nan,nan,nan,0.6458816528320312,0.4064606726169586
1,2131,scene:1,rear,2131,24,0,0,0,0,0,0,0,0,1.0,1.0,0.5858176350593567,2.7942505412036766e-15,nan,nan,nan,nan,nan,nan,nan,nan,0.6413424015045166,0.40783584117889404
1,2132,scene:1,rear,2132,24,0,0,0,0,0,0,0,0,1.0,1.0,0.21126939356327057,9.718618788799445e-15,nan,nan,nan,nan,nan,nan,nan,nan,0.6398467421531677,0.4081416130065918
1,2133,scene:1,rear,2133,24,0,0,0,0,0,0,0,0,1.0,1.0,0.15550579130649567,6.435377784042739e-15,nan,nan,nan,nan,nan,nan,nan,nan,0.6481605172157288,0.4063854217529297
1,2134,scene:1,rear,2134,24,0,0,0,0,0,0,0,0,1.0,1.0,0.16241960227489471,1.1384653202790139e-14,nan,nan,nan,nan,nan,nan,nan,nan,0.6436346173286438,0.4015403687953949
1,2135,scene:1,rear,2135,24,0,0,0,0,0,0,0,0,1.0,1.0,0.1300467550754547,1.3505659118480168e-14,nan,nan,nan,nan,nan,nan,nan,nan,0.6375185251235962,0.40724658966064453
1,2136,scene:1,rear,2136,24,0,0,0,0,0,0,0,0,1.0,1.0,0.15926048159599304,0.0,nan,nan,nan,nan,nan,nan,nan,nan,0.6387136578559875,0.4072456359863281
1,2137,scene:1,rear,2137,24,0,0,0,0,0,0,0,0,1.0,1.0,0.039690256118774414,1.4818460344919103e-14,nan,nan,nan,nan,nan,nan,nan,nan,0.6333858966827393,0.40783777832984924
1,2138,scene:1,rear,2138,24,0,0,0,0,0,0,0,0,1.0,1.0,0.4455765187740326,9.93923337957349e-17,nan,nan,nan,nan,nan,nan,nan,nan,0.6390478014945984,0.4082820415496826
1,2139,scene:1,rear,2139,24,0,0,0,0,0,0,0,0,1.0,1.0,0.40620142221450806,1.376948478704868e-14,nan,nan,nan,nan,nan,nan,nan,nan,0.632580578327179,0.4037853479385376
1,2140,scene:1,rear,2140,24,0,0,0,0,0,0,0,0,1.0,1.0,0.6682377457618713,1.2572246270170044e-14,nan,nan,nan,nan,nan,nan,nan,nan,0.6344761252403259,0.4129161834716797
1,2141,scene:1,rear,2141,24,0,0,0,0,0,0,0,0,1.0,1.0,0.2291792929172516,8.810248821538683e-15,nan,nan,nan,nan,nan,nan,nan,nan,0.6341844201087952,0.4090842008590698
1,2142,scene:1,rear,2142,24,0,0,0,0,0,0,0,0,1.0,1.0,1.50808846950531,1.1661868441687254e-13,nan,nan,nan,nan,nan,nan,nan,nan,0.6273536086082458,0.3957761228084564
1,2143,scene:1,rear,2143,24,0,0,0,0,0,0,0,0,1.0,1.0,0.8420400023460388,4.188947657328825e-15,nan,nan,nan,nan,nan,nan,nan,nan,0.6361154913902283,0.41208183765411377
1,2144,scene:1,rear,2144,24,0,0,0,0,0,0,0,0,1.0,1.0,0.14581365883350372,1.0727007128283347e-14,nan,nan,nan,nan,nan,nan,nan,nan,0.6349833607673645,0.410823792219162
1,2145,scene:1,rear,2145,24,0,0,0,0,0,0,0,0,1.0,1.0,0.6327480673789978,1.0192924918520905e-14,nan,nan,nan,nan,nan,nan,nan,nan,0.6320241093635559,0.415393590927124
1,2146,scene:1,rear,2146,24,0,0,0,0,0,0,0,0,1.0,1.0,0.08174515515565872,1.1139767998631083e-13,nan,nan,nan,nan,nan,nan,nan,nan,0.6302513480186462,0.4152308702468872
1,2147,scene:1,rear,2147,24,0,0,0,0,0,0,0,0,1.0,1.0,0.016427496448159218,4.547339294059413e-15,nan,nan,nan,nan,nan,nan,nan,nan,0.6349624395370483,0.4105997085571289
1,2148,scene:1,rear,2148,24,0,0,0,0,0,0,0,0,1.0,1.0,0.16208302974700928,4.653496102642648e-15,nan,nan,nan,nan,nan,nan,nan,nan,0.6404894590377808,0.40546277165412903
1,2149,scene:1,rear,2149,24,0,0,0,0,0,0,0,0,1.0,1.0,0.06295406818389893,7.263805006243948e-15,nan,nan,nan,nan,nan,nan,nan,nan,0.6391915678977966,0.4084446430206299
1,2150,scene:1,rear,2150,24,0,0,0,0,0,0,0,0,1.0,1.0,0.6622305512428284,6.3611093629270335e-15,nan,nan,nan,nan,nan,nan,nan,nan,0.634657621383667,0.40470150113105774
1,2151,scene:1,rear,2151,24,0,0,0,0,0,0,0,0,1.0,1.0,2.219533920288086,1.3772205761364646e-14,nan,nan,nan,nan,nan,nan,nan,nan,0.6228438019752502,0.39959728717803955
1,2152,scene:1,rear,2152,24,0,0,0,0,0,0,0,0,1.0,1.0,0.7890952825546265,3.975693351829396e-16,nan,nan,nan,nan,nan,nan,nan,nan,0.6389250755310059,0.41461923718452454
1,2153,scene:1,rear,2153,24,0,0,0,0,0,0,0,0,1.0,1.0,0.36475348472595215,4.969616689786745e-17,nan,nan,nan,nan,nan,nan,nan,nan,0.6449689865112305,0.4058561623096466
1,2154,scene:1,rear,2154,24,0,0,0,0,0,0,0,0,1.0,1.0,4.463997840881348,0.0,nan,nan,nan,nan,nan,nan,nan,nan,0.6484223008155823,0.42482051253318787
1,2155,scene:1,rear,2155,24,0,0,0,0,0,0,0,0,1.0,1.0,0.6720840930938721,6.121914267360215e-15,nan,nan,nan,nan,nan,nan,nan,nan,0.6282840371131897,0.41386207938194275
1,2156,scene:1,rear,2156,24,0,0,0,0,0,0,0,0,1.0,1.0,0.6030429005622864,9.349221415798532e-15,nan,nan,nan,nan,nan,nan,nan,nan,0.6328058838844299,0.41384467482566833
1,2157,scene:1,rear,2157,24,0,0,0,0,0,0,0,0,1.0,1.0,0.49257156252861023,5.0913716923398895e-15,nan,nan,nan,nan,nan,nan,nan,nan,0.6376523971557617,0.4045846164226532
1,2158,scene:1,rear,2158,24,0,0,0,0,0,0,0,0,1.0,1.0,0.06573265045881271,4.870794814293434e-15,nan,nan,nan,nan,nan,nan,nan,nan,0.6374878287315369,0.409554123878479
1,2159,scene:1,rear,2159,24,0,0,0,0,0,0,0,0,1.0,1.0,0.8396967649459839,2.5605440609377008e-14,nan,nan,nan,nan,nan,nan,nan,nan,0.635658323764801,0.4044499397277832
1,2160,scene:1,rear,2160,24,0,0,0,0,0,0,0,0,1.0,1.0,0.6674392223358154,1.0120981577460054e-14,nan,nan,nan,nan,nan,nan,nan,nan,0.64187091588974,0.40424346923828125
1,2161,scene:1,rear,2161,24,0,0,0,0,0,0,0,0,1.0,1.0,0.24562136828899384,1.2425250276464708e-13,nan,nan,nan,nan,nan,nan,nan,nan,0.6394703984260559,0.402499794960022
1,2162,scene:1,rear,2162,24,0,0,0,0,0,0,0,0,1.0,1.0,0.24974747002124786,1.3114139553408327e-14,nan,nan,nan,nan,nan,nan,nan,nan,0.6374285221099854,0.4093821942806244
1,2163,scene:1,rear,2163,24,0,0,0,0,0,0,0,0,1.0,1.0,0.804297924041748,0.0,nan,nan,nan,nan,nan,nan,nan,nan,0.6359120607376099,0.41562798619270325
1,2164,scene:1,rear,2164,24,0,0,0,0,0,0,0,0,1.0,1.0,0.042647406458854675,0.0,nan,nan,nan,nan,nan,nan,nan,nan,0.6344658732414246,0.40960249304771423
1,2165,scene:1,rear,2165,24,0,0,0,0,0,0,0,0,1.0,1.0,0.47361060976982117,1.0012582939257606e-14,nan,nan,nan,nan,nan,nan,nan,nan,0.6330564618110657,0.4023479223251343
1,2166,scene:1,rear,2166,24,0,0,0,0,0,0,0,0,1.0,1.0,0.19535750150680542,6.429762688853598e-15,nan,nan,nan,nan,nan,nan,nan,nan,0.630146324634552,0.40849509835243225
1,2167,scene:1,rear,2167,24,0,0,0,0,0,0,0,0,1.0,1.0,0.1779015064239502,1.218500558376543e-13,nan,nan,nan,nan,nan,nan,nan,nan,0.6322791576385498,0.40608885884284973
1,2168,scene:1,rear,2168,24,0,0,0,0,0,0,0,0,1.0,1.0,0.07952789962291718,8.842043070957084e-15,nan,nan,nan,nan,nan,nan,nan,nan,0.6252149939537048,0.41105982661247253
1,2169,scene:1,rear,2169,24,0,0,0,0,0,0,0,0,1.0,1.0,0.3582336902618408,8.75555637836541e-15,nan,nan,nan,nan,nan,nan,nan,nan,0.6253967881202698,0.414768248796463
1,2170,scene:1,rear,2170,24,0,0,0,0,0,0,0,0,1.0,1.0,0.9287719130516052,1.4505833556532605e-14,nan,nan,nan,nan,nan,nan,nan,nan,0.6258621215820312,0.42116352915763855
1,2171,scene:1,rear,2171,24,0,0,0,0,0,0,0,0,1.0,1.0,0.23810073733329773,6.3611093629270335e-15,nan,nan,nan,nan,nan,nan,nan,nan,0.6290879249572754,0.41847947239875793
1,2172,scene:1,rear,2172,24,0,0,0,0,0,0,0,0,1.0,1.0,1.2905936241149902,9.700846302047558e-15,nan,nan,nan,nan,nan,nan,nan,nan,0.6274210214614868,0.40652504563331604
1,2173,scene:1,rear,2173,24,0,0,0,0,0,0,0,0,1.0,1.0,0.27804985642433167,3.8571397488486664e-15,nan,nan,nan,nan,nan,nan,nan,nan,0.6314176917076111,0.4086550772190094
1,2174,scene:1,rear,2174,24,0,0,0,0,0,0,0,0,1.0,1.0,0.06990259140729904,6.7207520397933885e-15,nan,nan,nan,nan,nan,nan,nan,nan,0.6361659169197083,0.40492090582847595
1,2175,scene:1,rear,2175,24,0,0,0,0,0,0,0,0,1.0,1.0,0.6410108208656311,0.0,nan,nan,nan,nan,nan,nan,nan,nan,0.6337521076202393,0.4126455783843994
1,2176,scene:1,rear,2176,24,0,0,0,0,0,0,0,0,1.0,1.0,0.4860524535179138,1.4334981639959045e-14,nan,nan,nan,nan,nan,nan,nan,nan,0.6312082409858704,0.40622103214263916
1,2177,scene:1,rear,2177,24,0,0,0,0,0,0,0,0,1.0,1.0,0.2545737028121948,4.118659134348465e-15,nan,nan,nan,nan,nan,nan,nan,nan,0.6330936551094055,0.4168977737426758
1,2178,scene:1,rear,2178,24,0,0,0,0,0,0,0,0,1.0,1.0,0.1395493596792221,5.788696897479999e-15,nan,nan,nan,nan,nan,nan,nan,nan,0.6331542730331421,0.4061386287212372
1,2179,scene:1,rear,2179,24,0,0,0,0,0,0,0,0,1.0,1.0,0.2914904057979584,3.1805546814635168e-15,nan,nan,nan,nan,nan,nan,nan,nan,0.6335497498512268,0.4113926887512207
1,2180,scene:1,rear,2180,24,0,0,0,0,0,0,0,0,1.0,1.0,0.10268842428922653,7.764260719102826e-15,nan,nan,nan,nan,nan,nan,nan,nan,0.6348072290420532,0.4068402945995331
1,2181,scene:1,rear,2181,24,0,0,0,0,0,0,0,0,1.0,1.0,0.06776303052902222,4.280205215253974e-15,nan,nan,nan,nan,nan,nan,nan,nan,0.6342611312866211,0.4062308371067047
1,2182,scene:1,rear,2182,24,0,0,0,0,0,0,0,0,1.0,1.0,0.06970315426588058,1.5339877783484428e-14,nan,nan,nan,nan,nan,nan,nan,nan,0.6348369717597961,0.4058130085468292
1,2183,scene:1,rear,2183,24,0,0,0,0,0,0,0,0,1.0,1.0,0.405072957277298,3.1805546814635168e-15,nan,nan,nan,nan,nan,nan,nan,nan,0.6321721076965332,0.4040948450565338
1,2184,scene:1,rear,2184,24,0,0,0,0,0,0,0,0,1.0,1.0,0.023429712280631065,6.3611093629270335e-15,nan,nan,nan,nan,nan,nan,nan,nan,0.6366415619850159,0.4041421711444855
1,2185,scene:1,rear,2185,24,0,0,0,0,0,0,0,0,1.0,1.0,0.21592722833156586,6.931858220452334e-15,nan,nan,nan,nan,nan,nan,nan,nan,0.6334492564201355,0.406695157289505
1,2186,scene:1,rear,2186,24,0,0,0,0,0,0,0,0,1.0,1.0,0.28771811723709106,7.637057538509835e-15,nan,nan,nan,nan,nan,nan,nan,nan,0.6321747899055481,0.4117338955402374
1,2187,scene:1,rear,2187,24,0,0,0,0,0,0,0,0,1.0,1.0,0.3228251338005066,2.2320606130381852e-14,nan,nan,nan,nan,nan,nan,nan,nan,0.6307660341262817,0.41992437839508057
1,2188,scene:1,rear,2188,24,0,0,0,0,0,0,0,0,1.0,1.0,0.3303987383842468,3.1804576230808636e-15,nan,nan,nan,nan,nan,nan,nan,nan,0.6318628191947937,0.41295623779296875
1,2189,scene:1,rear,2189,24,0,0,0,0,0,0,0,0,1.0,1.0,0.381205290555954,1.1328234499575637e-14,nan,nan,nan,nan,nan,nan,nan,nan,0.6371038556098938,0.40526899695396423
1,2190,scene:1,rear,2190,24,0,0,0,0,0,0,0,0,1.0,1.0,0.08776558190584183,6.3611093629270335e-15,nan,nan,nan,nan,nan,nan,nan,nan,0.6420053243637085,0.4011925458908081
1,2191,scene:1,rear,2191,24,0,0,0,0,0,0,0,0,1.0,1.0,1.1784405708312988,1.987846675914698e-16,nan,nan,nan,nan,nan,nan,nan,nan,0.6305479407310486,0.3991316854953766
1,2192,scene:1,rear,2192,24,0,0,0,0,0,0,0,0,1.0,1.0,0.571388304233551,6.24382457731742e-15,nan,nan,nan,nan,nan,nan,nan,nan,0.6353137493133545,0.4095296859741211
1,2193,scene:1,rear,2193,24,0,0,0,0,0,0,0,0,1.0,1.0,0.08567609637975693,2.12638649730958e-13,nan,nan,nan,nan,nan,nan,nan,nan,0.6360828280448914,0.4055294692516327
1,2194,scene:1,rear,2194,24,0,0,0,0,0,0,0,0,1.0,1.0,0.39970889687538147,6.3611093629270335e-15,nan,nan,nan,nan,nan,nan,nan,nan,0.6260625123977661,0.4059676229953766
1,2195,scene:1,rear,2195,24,0,0,0,0,0,0,0,0,1.0,1.0,0.48026522994041443,0.0,nan,nan,nan,nan,nan,nan,nan,nan,0.6309082508087158,0.419531911611557
1,2196,scene:1,rear,2196,24,0,0,0,0,0,0,0,0,1.0,1.0,0.8511448502540588,0.0,nan,nan,nan,nan,nan,nan,nan,nan,0.6306567788124084,0.4152454137802124
1,2197,scene:1,rear,2197,24,0,0,0,0,0,0,0,0,1.0,1.0,0.2740115523338318,5.0913716923398895e-15,nan,nan,nan,nan,nan,nan,nan,nan,0.6305875182151794,0.40900102257728577
1,2198,scene:1,rear,2198,24,0,0,0,0,0,0,0,0,1.0,1.0,0.2933521568775177,3.659001573179618e-15,nan,nan,nan,nan,nan,nan,nan,nan,0.6302721500396729,0.4089459478855133
1,2199,scene:1,rear,2199,24,0,0,0,0,0,0,0,0,1.0,1.0,1.050777792930603,4.7708663984889575e-15,nan,nan,nan,nan,nan,nan,nan,nan,0.6278424263000488,0.4004974067211151
1,2200,scene:1,rear,2200,24,0,0,0,0,0,0,0,0,1.0,1.0,1.1887681484222412,0.0,nan,nan,nan,nan,nan,nan,nan,nan,0.6334257125854492,0.4166743755340576
1,2201,scene:1,rear,2201,24,0,0,0,0,0,0,0,0,1.0,1.0,0.485849529504776,8.37807955557943e-15,nan,nan,nan,nan,nan,nan,nan,nan,0.6277644634246826,0.41507744789123535
1,2202,scene:1,rear,2202,24,0,0,0,0,0,0,0,0,1.0,1.0,0.07206679880619049,4.992397534990975e-15,nan,nan,nan,nan,nan,nan,nan,nan,0.6302834153175354,0.40960264205932617
1,2203,scene:1,rear,2203,24,0,0,0,0,0,0,0,0,1.0,1.0,0.22677825391292572,1.4614475851168515e-14,nan,nan,nan,nan,nan,nan,nan,nan,0.6296407580375671,0.4102461636066437
1,2204,scene:1,rear,2204,24,0,0,0,0,0,0,0,0,1.0,1.0,0.24091976881027222,6.568923482873022e-15,nan,nan,nan,nan,nan,nan,nan,nan,0.6314573884010315,0.41640353202819824
1,2205,scene:1,rear,2205,24,0,0,0,0,0,0,0,0,1.0,1.0,0.8837800621986389,1.0367339864637751e-14,nan,nan,nan,nan,nan,nan,nan,nan,0.6296277642250061,0.4079802930355072
1,2206,scene:1,rear,2206,24,0,0,0,0,0,0,0,0,1.0,1.0,0.08459319919347763,5.0913716923398895e-15,nan,nan,nan,nan,nan,nan,nan,nan,0.6350253820419312,0.40778622031211853
1,2207,scene:1,rear,2207,24,0,0,0,0,0,0,0,0,1.0,1.0,0.5816426873207092,4.607829023555124e-15,nan,nan,nan,nan,nan,nan,nan,nan,0.6390507817268372,0.4123185873031616
1,2208,scene:1,rear,2208,24,0,0,0,0,0,0,0,0,1.0,1.0,0.3126746416091919,3.1805546814635168e-15,nan,nan,nan,nan,nan,nan,nan,nan,0.6396064758300781,0.4090959131717682
1,2209,scene:1,rear,2209,24,0,0,0,0,0,0,0,0,1.0,1.0,0.31233638525009155,1.6300058653705e-14,nan,nan,nan,nan,nan,nan,nan,nan,0.6371384859085083,0.40427467226982117
1,2210,scene:1,rear,2210,24,0,0,0,0,0,0,0,0,1.0,1.0,0.04210996627807617,4.9122467712301015e-14,nan,nan,nan,nan,nan,nan,nan,nan,0.6348111033439636,0.40869057178497314
1,2211,scene:1,rear,2211,24,0,0,0,0,0,0,0,0,1.0,1.0,0.5058134198188782,1.6550127096893556e-15,nan,nan,nan,nan,nan,nan,nan,nan,0.6361768841743469,0.40712177753448486
1,2212,scene:1,rear,2212,24,0,0,0,0,0,0,0,0,1.0,1.0,0.7003462910652161,2.2335649058776435e-15,nan,nan,nan,nan,nan,nan,nan,nan,0.6332651972770691,0.40251144766807556
1,2213,scene:1,rear,2213,24,0,0,0,0,0,0,0,0,1.0,1.0,0.1449347287416458,2.8936085546096444e-13,nan,nan,nan,nan,nan,nan,nan,nan,0.6368702054023743,0.40811875462532043
1,2214,scene:1,rear,2214,24,0,0,0,0,0,0,0,0,1.0,1.0,0.45575836300849915,7.951386703658792e-16,nan,nan,nan,nan,nan,nan,nan,nan,0.6383123993873596,0.4107559621334076
1,2215,scene:1,rear,2215,24,0,0,0,0,0,0,0,0,1.0,1.0,0.10413165390491486,0.0,nan,nan,nan,nan,nan,nan,nan,nan,0.6314684748649597,0.41337820887565613
1,2216,scene:1,rear,2216,24,0,0,0,0,0,0,0,0,1.0,1.0,0.02240794338285923,1.1289482678474732e-13,nan,nan,nan,nan,nan,nan,nan,nan,0.6309764981269836,0.41015318036079407
1,2217,scene:1,rear,2217,24,0,0,0,0,0,0,0,0,1.0,1.0,0.5959014296531677,6.3611093629270335e-15,nan,nan,nan,nan,nan,nan,nan,nan,0.6363117694854736,0.41536784172058105
1,2218,scene:1,rear,2218,24,0,0,0,0,0,0,0,0,1.0,1.0,0.25298500061035156,7.362160905045712e-15,nan,nan,nan,nan,nan,nan,nan,nan,0.6345016360282898,0.4090093672275543
1,2219,scene:1,rear,2219,24,0,0,0,0,0,0,0,0,1.0,1.0,0.5218832492828369,4.776005900759616e-15,nan,nan,nan,nan,nan,nan,nan,nan,0.6332715749740601,0.41392651200294495
1,2220,scene:1,rear,2220,24,0,0,0,0,0,0,0,0,1.0,1.0,0.17744401097297668,6.3611093629270335e-15,nan,nan,nan,nan,nan,nan,nan,nan,0.6356317400932312,0.4112309217453003
1,2221,scene:1,rear,2221,24,0,0,0,0,0,0,0,0,1.0,1.0,0.09006574749946594,6.410612906129115e-15,nan,nan,nan,nan,nan,nan,nan,nan,0.6368292570114136,0.40322116017341614
1,2222,scene:1,rear,2222,24,0,0,0,0,0,0,0,0,1.0,1.0,0.028904981911182404,1.8680217337995464e-13,nan,nan,nan,nan,nan,nan,nan,nan,0.6386239528656006,0.40409553050994873
1,2223,scene:1,rear,2223,24,0,0,0,0,0,0,0,0,1.0,1.0,0.8227078914642334,5.103379539208659e-15,nan,nan,nan,nan,nan,nan,nan,nan,0.6296085119247437,0.4013196527957916
1,2224,scene:1,rear,2224,24,0,0,0,0,0,0,0,0,1.0,1.0,0.14040784537792206,1.3007487563945107e-14,nan,nan,nan,nan,nan,nan,nan,nan,0.6340748071670532,0.40968284010887146
1,2225,scene:1,rear,2225,24,0,0,0,0,0,0,0,0,1.0,1.0,3.7097597122192383,7.951386703658792e-16,nan,nan,nan,nan,nan,nan,nan,nan,0.6176751255989075,0.3807239234447479
1,2226,scene:1,rear,2226,24,0,0,0,0,0,0,0,0,1.0,1.0,1.5039825439453125,6.3611093629270335e-15,nan,nan,nan,nan,nan,nan,nan,nan,0.6209113001823425,0.4004811942577362
1,2227,scene:1,rear,2227,24,0,0,0,0,0,0,0,0,1.0,1.0,3.7471084594726562,0.0,nan,nan,nan,nan,nan,nan,nan,nan,0.6370006203651428,0.42316195368766785
1,2228,scene:1,rear,2228,24,0,0,0,0,0,0,0,0,1.0,1.0,2.2404825687408447,6.744996833705638e-16,nan,nan,nan,nan,nan,nan,nan,nan,0.6224645376205444,0.428501695394516
1,2229,scene:1,rear,2229,24,0,0,0,0,0,0,0,0,1.0,1.0,1.8252054452896118,8.970943197224936e-15,nan,nan,nan,nan,nan,nan,nan,nan,0.629955530166626,0.42391523718833923
1,2230,scene:1,rear,2230,24,0,0,0,0,0,0,0,0,1.0,1.0,1.3877451419830322,3.975693351829396e-16,nan,nan,nan,nan,nan,nan,nan,nan,0.6277552247047424,0.40783795714378357
1,2231,scene:1,rear,2231,24,0,0,0,0,0,0,0,0,1.0,1.0,0.23239311575889587,1.3363210568389225e-15,nan,nan,nan,nan,nan,nan,nan,nan,0.6307907700538635,0.4038463532924652
1,2232,scene:1,rear,2232,24,0,0,0,0,0,0,0,0,1.0,1.0,0.20987091958522797,1.0777562597906501e-14,nan,nan,nan,nan,nan,nan,nan,nan,0.640960693359375,0.414875864982605
1,2233,scene:1,rear,2233,24,0,0,0,0,0,0,0,0,1.0,1.0,0.020267007872462273,4.205088771961402e-15,nan,nan,nan,nan,nan,nan,nan,nan,0.6437349319458008,0.4098355770111084
1,2234,scene:1,rear,2234,24,0,0,0,0,0,0,0,0,1.0,1.0,0.34425458312034607,6.5708529758577254e-15,nan,nan,nan,nan,nan,nan,nan,nan,0.6437903642654419,0.39971303939819336
1,2235,scene:1,rear,2235,24,0,0,0,0,0,0,0,0,1.0,1.0,0.551816999912262,0.0,nan,nan,nan,nan,nan,nan,nan,nan,0.6366169452667236,0.41215816140174866
1,2236,scene:1,rear,2236,24,0,0,0,0,0,0,0,0,1.0,1.0,0.3894413411617279,3.1805546814635168e-15,nan,nan,nan,nan,nan,nan,nan,nan,0.6350259184837341,0.4141022861003876
1,2237,scene:1,rear,2237,24,0,0,0,0,0,0,0,0,1.0,1.0,0.3252348005771637,1.0200191220504881e-14,nan,nan,nan,nan,nan,nan,nan,nan,0.6396716237068176,0.41354337334632874
1,2238,scene:1,rear,2238,24,0,0,0,0,0,0,0,0,1.0,1.0,0.21477046608924866,1.0675310407491535e-14,nan,nan,nan,nan,nan,nan,nan,nan,0.6432645916938782,0.4044616222381592
1,2239,scene:1,rear,2239,24,0,0,0,0,0,0,0,0,1.0,1.0,0.7621866464614868,6.4168221065897705e-15,nan,nan,nan,nan,nan,nan,nan,nan,0.6407725214958191,0.4036261737346649
1,2240,scene:1,rear,2240,24,0,0,0,0,0,0,0,0,1.0,1.0,0.6354191303253174,4.165025646956548e-15,nan,nan,nan,nan,nan,nan,nan,nan,0.6430779099464417,0.4095383584499359
1,2241,scene:1,rear,2241,24,0,0,0,0,0,0,0,0,1.0,1.0,0.20474673807621002,1.7209747437697922e-13,nan,nan,nan,nan,nan,nan,nan,nan,0.6417894959449768,0.4086637496948242
1,2242,scene:1,rear,2242,24,0,0,0,0,0,0,0,0,1.0,1.0,0.20999473333358765,3.1805546814635168e-15,nan,nan,nan,nan,nan,nan,nan,nan,0.6403836607933044,0.40487098693847656
1,2243,scene:1,rear,2243,24,0,0,0,0,0,0,0,0,1.0,1.0,0.24178972840309143,3.1805546814635168e-15,nan,nan,nan,nan,nan,nan,nan,nan,0.6400375962257385,0.41157588362693787
1,2244,scene:1,rear,2244,24,0,0,0,0,0,0,0,0,1.0,1.0,0.2675206959247589,8.005097009083103e-15,nan,nan,nan,nan,nan,nan,nan,nan,0.6370741724967957,0.40637707710266113
1,2245,scene:1,rear,2245,24,0,0,0,0,0,0,0,0,1.0,1.0,0.2182302325963974,1.3617837923765073e-14,nan,nan,nan,nan,nan,nan,nan,nan,0.6391026377677917,0.41175365447998047
1,2246,scene:1,rear,2246,24,0,0,0,0,0,0,0,0,1.0,1.0,0.1283688247203827,0.0,nan,nan,nan,nan,nan,nan,nan,nan,0.6438810229301453,0.40689122676849365
1,2247,scene:1,rear,2247,24,0,0,0,0,0,0,0,0,1.0,1.0,0.451388418674469,6.385909103618182e-15,nan,nan,nan,nan,nan,nan,nan,nan,0.6426860690116882,0.40115371346473694
1,2248,scene:1,rear,2248,24,0,0,0,0,0,0,0,0,1.0,1.0,0.8928369283676147,0.0,nan,nan,nan,nan,nan,nan,nan,nan,0.6410923004150391,0.4157882630825043
1,2249,scene:1,rear,2249,24,0,0,0,0,0,0,0,0,1.0,1.0,1.4149874448776245,1.6392203624658516e-15,nan,nan,nan,nan,nan,nan,nan,nan,0.6369028687477112,0.3975810110569
1,2250,scene:1,rear,2250,24,0,0,0,0,0,0,0,0,1.0,1.0,1.0452048778533936,0.0,nan,nan,nan,nan,nan,nan,nan,nan,0.6320071220397949,0.3988979160785675
1,2251,scene:1,rear,2251,24,0,0,0,0,0,0,0,0,1.0,1.0,0.8162133097648621,1.5438800323436057e-14,nan,nan,nan,nan,nan,nan,nan,nan,0.6280506253242493,0.41089391708374023
1,2252,scene:1,rear,2252,24,0,0,0,0,0,0,0,0,1.0,1.0,2.1032557487487793,2.24274567140379e-14,nan,nan,nan,nan,nan,nan,nan,nan,0.6279110908508301,0.42068231105804443
1,2253,scene:1,rear,2253,24,0,0,0,0,0,0,0,0,1.0,1.0,5.066339492797852,5.508882304545857e-15,nan,nan,nan,nan,nan,nan,nan,nan,0.5757367014884949,0.3857470452785492
1,2254,scene:1,rear,2254,24,0,0,0,0,0,0,0,0,1.0,1.0,2.124375820159912,1.3215817068459069e-14,nan,nan,nan,nan,nan,nan,nan,nan,0.6449087262153625,0.44117748737335205
1,2255,scene:1,rear,2255,24,0,0,0,0,0,0,0,0,1.0,1.0,0.9187712073326111,2.5774280005698354e-15,nan,nan,nan,nan,nan,nan,nan,nan,0.6438760161399841,0.4093666970729828
1,2256,scene:1,rear,2256,24,0,0,0,0,0,0,0,0,1.0,1.0,0.06533840298652649,9.54166404439055e-15,nan,nan,nan,nan,nan,nan,nan,nan,0.6366044878959656,0.4094930589199066
1,2257,scene:1,rear,2257,24,0,0,0,0,0,0,0,0,1.0,1.0,0.7504226565361023,0.0,nan,nan,nan,nan,nan,nan,nan,nan,0.6331717371940613,0.4022342264652252
1,2258,scene:1,rear,2258,24,0,0,0,0,0,0,0,0,1.0,1.0,0.3900895416736603,5.365762248009645e-16,nan,nan,nan,nan,nan,nan,nan,nan,0.6400502324104309,0.4091118276119232
1,2259,scene:1,rear,2259,24,0,0,0,0,0,0,0,0,1.0,1.0,0.1902170032262802,9.460563107833849e-15,nan,nan,nan,nan,nan,nan,nan,nan,0.6406198143959045,0.403097003698349
1,2260,scene:1,rear,2260,24,0,0,0,0,0,0,0,0,1.0,1.0,0.42209333181381226,5.8540312729119845e-15,nan,nan,nan,nan,nan,nan,nan,nan,0.640478789806366,0.4123044013977051
1,2261,scene:1,rear,2261,24,0,0,0,0,0,0,0,0,1.0,1.0,0.26037436723709106,3.002405346691806e-15,nan,nan,nan,nan,nan,nan,nan,nan,0.6375017762184143,0.40969693660736084
1,2262,scene:1,rear,2262,24,0,0,0,0,0,0,0,0,1.0,1.0,0.04818330705165863,4.9099335045009136e-15,nan,nan,nan,nan,nan,nan,nan,nan,0.6431426405906677,0.4091064929962158
1,2263,scene:1,rear,2263,24,0,0,0,0,0,0,0,0,1.0,1.0,0.10865039378404617,1.963732215883472e-14,nan,nan,nan,nan,nan,nan,nan,nan,0.6405611038208008,0.40720805525779724
1,2264,scene:1,rear,2264,24,0,0,0,0,0,0,0,0,1.0,1.0,0.9924452304840088,2.4068546779108907e-14,nan,nan,nan,nan,nan,nan,nan,nan,0.6368001103401184,0.4031219482421875
1,2265,scene:1,rear,2265,24,0,0,0,0,0,0,0,0,1.0,1.0,0.09925384074449539,1.1156568102602767e-14,nan,nan,nan,nan,nan,nan,nan,nan,0.6462549567222595,0.40842512249946594
1,2266,scene:1,rear,2266,24,0,0,0,0,0,0,0,0,1.0,1.0,0.6781647801399231,4.355153861040566e-15,nan,nan,nan,nan,nan,nan,nan,nan,0.6425410509109497,0.41227269172668457
1,2267,scene:1,rear,2267,24,0,0,0,0,0,0,0,0,1.0,1.0,0.5510464310646057,4.281952784446056e-15,nan,nan,nan,nan,nan,nan,nan,nan,0.6404336094856262,0.40898847579956055
1,2268,scene:1,rear,2268,24,0,0,0,0,0,0,0,0,1.0,1.0,0.5370959043502808,0.0,nan,nan,nan,nan,nan,nan,nan,nan,0.6363873481750488,0.40341997146606445
1,2269,scene:1,rear,2269,24,0,0,0,0,0,0,0,0,1.0,1.0,0.16402387619018555,7.01664824802065e-14,nan,nan,nan,nan,nan,nan,nan,nan,0.6363957524299622,0.4117470979690552
1,2270,scene:1,rear,2270,24,0,0,0,0,0,0,0,0,1.0,1.0,0.07146493345499039,1.5624849707175956e-13,nan,nan,nan,nan,nan,nan,nan,nan,0.640024721622467,0.4088784456253052
1,2271,scene:1,rear,2271,24,0,0,0,0,0,0,0,0,1.0,1.0,0.27950143814086914,3.4639912751625175e-15,nan,nan,nan,nan,nan,nan,nan,nan,0.6396129727363586,0.4044783413410187
1,2272,scene:1,rear,2272,24,0,0,0,0,0,0,0,0,1.0,1.0,0.6729369759559631,4.873979904501506e-15,nan,nan,nan,nan,nan,nan,nan,nan,0.6348560452461243,0.41036537289619446
1,2273,scene:1,rear,2273,24,0,0,0,0,0,0,0,0,1.0,1.0,0.09031867980957031,1.987846675914698e-16,nan,nan,nan,nan,nan,nan,nan,nan,0.6347120404243469,0.4156007766723633
1,2274,scene:1,rear,2274,24,0,0,0,0,0,0,0,0,1.0,1.0,0.4558381736278534,1.6732190912491447e-14,nan,nan,nan,nan,nan,nan,nan,nan,0.6334949135780334,0.41541600227355957
1,2275,scene:1,rear,2275,24,0,0,0,0,0,0,0,0,1.0,1.0,0.29125678539276123,3.3370522771710068e-15,nan,nan,nan,nan,nan,nan,nan,nan,0.6335242390632629,0.4137684404850006
1,2276,scene:1,rear,2276,24,0,0,0,0,0,0,0,0,1.0,1.0,0.21057693660259247,8.169541978183538e-15,nan,nan,nan,nan,nan,nan,nan,nan,0.6331656575202942,0.40986505150794983
1,2277,scene:1,rear,2277,24,0,0,0,0,0,0,0,0,1.0,1.0,0.6765462160110474,7.951386703658792e-15,nan,nan,nan,nan,nan,nan,nan,nan,0.6386392116546631,0.41363298892974854
1,2278,scene:1,rear,2278,24,0,0,0,0,0,0,0,0,1.0,1.0,0.15531697869300842,9.135447809203489e-15,nan,nan,nan,nan,nan,nan,nan,nan,0.6392578482627869,0.41248130798339844
1,2279,scene:1,rear,2279,24,0,0,0,0,0,0,0,0,1.0,1.0,0.36508768796920776,6.3611093629270335e-15,nan,nan,nan,nan,nan,nan,nan,nan,0.639750063419342,0.4065938889980316
1,2280,scene:1,rear,2280,24,0,0,0,0,0,0,0,0,1.0,1.0,0.658225953578949,1.562199619040186e-14,nan,nan,nan,nan,nan,nan,nan,nan,0.6363013982772827,0.4027015268802643
1,2281,scene:1,rear,2281,24,0,0,0,0,0,0,0,0,1.0,1.0,0.993881344795227,4.969616689786745e-17,nan,nan,nan,nan,nan,nan,nan,nan,0.6419749855995178,0.4115118980407715
1,2282,scene:1,rear,2282,24,0,0,0,0,0,0,0,0,1.0,1.0,0.2413092404603958,3.4200207374455404e-15,nan,nan,nan,nan,nan,nan,nan,nan,0.6422066688537598,0.40749773383140564
1,2283,scene:1,rear,2283,24,0,0,0,0,0,0,0,0,1.0,1.0,0.2641827166080475,1.6026532265322788e-15,nan,nan,nan,nan,nan,nan,nan,nan,0.6390731930732727,0.4095504581928253
1,2284,scene:1,rear,2284,24,0,0,0,0,0,0,0,0,1.0,1.0,0.46715080738067627,1.1228943829410859e-14,nan,nan,nan,nan,nan,nan,nan,nan,0.6407811641693115,0.40608322620391846
1,2285,scene:1,rear,2285,24,0,0,0,0,0,0,0,0,1.0,1.0,0.9150503873825073,1.8062078524837297e-14,nan,nan,nan,nan,nan,nan,nan,nan,0.6379724144935608,0.3998039662837982
1,2286,scene:1,rear,2286,24,0,0,0,0,0,0,0,0,1.0,1.0,0.31475120782852173,5.274353251811411e-15,nan,nan,nan,nan,nan,nan,nan,nan,0.6439710259437561,0.4077383577823639
1,2287,scene:1,rear,2287,24,0,0,0,0,0,0,0,0,1.0,1.0,0.31180354952812195,5.187956122530809e-15,nan,nan,nan,nan,nan,nan,nan,nan,0.6414235830307007,0.4049791097640991
1,2288,scene:1,rear,2288,24,0,0,0,0,0,0,0,0,1.0,1.0,0.1686260849237442,1.3274196824831043e-14,nan,nan,nan,nan,nan,nan,nan,nan,0.6388702392578125,0.40843328833580017
1,2289,scene:1,rear,2289,24,0,0,0,0,0,0,0,0,1.0,1.0,0.8020384907722473,3.9835719000626557e-16,nan,nan,nan,nan,nan,nan,nan,nan,0.6376845240592957,0.4143187999725342
1,2291,scene:1,rear,2291,25,1,0,0,0,0,0,0,0,1.0,1.0,0.0,6.3611093629270335e-15,nan,nan,nan,nan,nan,nan,nan,nan,0.0,0.0
1,2292,scene:1,rear,2292,25,0,0,0,0,0,0,0,0,1.0,1.0,0.11130917817354202,0.0,nan,nan,nan,nan,nan,nan,nan,nan,0.6176424026489258,0.4298878610134125
1,2293,scene:1,rear,2293,25,0,0,0,0,0,0,0,0,1.0,1.0,0.06475652009248734,3.254625067721695e-15,nan,nan,nan,nan,nan,nan,nan,nan,0.6425769925117493,0.4137060344219208
1,2294,scene:1,rear,2294,25,0,0,0,0,0,0,0,0,1.0,1.0,0.41464540362358093,6.3611093629270335e-15,nan,nan,nan,nan,nan,nan,nan,nan,0.6441324949264526,0.41034767031669617
1,2295,scene:1,rear,2295,25,0,0,0,0,0,0,0,0,1.0,1.0,0.32638952136039734,6.3611093629270335e-15,nan,nan,nan,nan,nan,nan,nan,nan,0.6462950110435486,0.41199374198913574
1,2296,scene:1,rear,2296,25,0,0,0,0,0,0,0,0,1.0,1.0,0.20293347537517548,7.951386703658792e-15,nan,nan,nan,nan,nan,nan,nan,nan,0.6447314620018005,0.4082031548023224
1,2297,scene:1,rear,2297,25,0,0,0,0,0,0,0,0,1.0,1.0,0.118565633893013,2.12360275049881e-15,nan,nan,nan,nan,nan,nan,nan,nan,0.6433641910552979,0.4092935621738434
1,2298,scene:1,rear,2298,25,0,0,0,0,0,0,0,0,1.0,1.0,0.8918342590332031,0.0,nan,nan,nan,nan,nan,nan,nan,nan,0.6456586718559265,0.4149671494960785
1,2299,scene:1,rear,2299,25,0,0,0,0,0,0,0,0,1.0,1.0,0.16766288876533508,6.177668503251462e-15,nan,nan,nan,nan,nan,nan,nan,nan,0.6406673192977905,0.4138972759246826
1,2300,scene:1,rear,2300,25,0,0,0,0,0,0,0,0,1.0,1.0,0.45837998390197754,0.0,nan,nan,nan,nan,nan,nan,nan,nan,0.6389028429985046,0.4103867709636688
1,2301,scene:1,rear,2301,25,0,0,0,0,0,0,0,0,1.0,1.0,0.30566084384918213,3.8927577249980746e-15,nan,nan,nan,nan,nan,nan,nan,nan,0.6447557210922241,0.40706416964530945
1,2302,scene:1,rear,2302,25,0,0,0,0,0,0,0,0,1.0,1.0,0.280612587928772,6.373521295437537e-15,nan,nan,nan,nan,nan,nan,nan,nan,0.6429198980331421,0.40819212794303894
1,2303,scene:1,rear,2303,25,0,0,0,0,0,0,0,0,1.0,1.0,0.6177772879600525,7.514988780009801e-14,nan,nan,nan,nan,nan,nan,nan,nan,0.6447646021842957,0.4128974378108978
1,2304,scene:1,rear,2304,25,0,0,0,0,0,0,0,0,1.0,1.0,0.5663242936134338,1.0339788831930004e-14,nan,nan,nan,nan,nan,nan,nan,nan,0.6387295126914978,0.40863052010536194
1,2305,scene:1,rear,2305,25,0,0,0,0,0,0,0,0,1.0,1.0,0.0897979885339737,3.1805546814635168e-15,nan,nan,nan,nan,nan,nan,nan,nan,0.6393105387687683,0.40903720259666443
1,2306,scene:1,rear,2306,25,0,0,0,0,0,0,0,0,1.0,1.0,0.2708001136779785,0.0,nan,nan,nan,nan,nan,nan,nan,nan,0.6406422257423401,0.4129481613636017
1,2307,scene:1,rear,2307,25,0,0,0,0,0,0,0,0,1.0,1.0,0.08211847394704819,1.3073020427597297e-14,nan,nan,nan,nan,nan,nan,nan,nan,0.6365702748298645,0.40946874022483826
1,2308,scene:1,rear,2308,25,0,0,0,0,0,0,0,0,1.0,1.0,0.2524188756942749,1.1824346330928214e-14,nan,nan,nan,nan,nan,nan,nan,nan,0.6357223987579346,0.40967631340026855
1,2309,scene:1,rear,2309,25,0,0,0,0,0,0,0,0,1.0,1.0,0.18703651428222656,5.963540027744094e-16,nan,nan,nan,nan,nan,nan,nan,nan,0.6374070644378662,0.41623714566230774
1,2310,scene:1,rear,2310,25,0,0,0,0,0,0,0,0,1.0,1.0,0.230852410197258,1.1244958915987363e-14,nan,nan,nan,nan,nan,nan,nan,nan,0.6405085325241089,0.4112332761287689
1,2311,scene:1,rear,2311,25,0,0,0,0,0,0,0,0,1.0,1.0,0.3914851248264313,6.3611093629270335e-15,nan,nan,nan,nan,nan,nan,nan,nan,0.6368265748023987,0.40600618720054626
1,2312,scene:1,rear,2312,25,0,0,0,0,0,0,0,0,1.0,1.0,0.11488734185695648,8.379995421041377e-15,nan,nan,nan,nan,nan,nan,nan,nan,0.6387598514556885,0.41464748978614807
1,2313,scene:1,rear,2313,25,0,0,0,0,0,0,0,0,1.0,1.0,0.9759020805358887,0.0,nan,nan,nan,nan,nan,nan,nan,nan,0.6381510496139526,0.4131790101528168
1,2314,scene:1,rear,2314,25,0,0,0,0,0,0,0,0,1.0,1.0,0.040645379573106766,0.0,nan,nan,nan,nan,nan,nan,nan,nan,0.634937047958374,0.40770769119262695
1,2315,scene:1,rear,2315,25,0,0,0,0,0,0,0,0,1.0,1.0,0.2901451289653778,4.7713496625182e-15,nan,nan,nan,nan,nan,nan,nan,nan,0.6363964676856995,0.4075537621974945
1,2316,scene:1,rear,2316,25,0,0,0,0,0,0,0,0,1.0,1.0,0.07220204919576645,3.895368034302951e-15,nan,nan,nan,nan,nan,nan,nan,nan,0.6346877217292786,0.41195324063301086
1,2317,scene:1,rear,2317,25,0,0,0,0,0,0,0,0,1.0,1.0,0.045395415276288986,0.0,nan,nan,nan,nan,nan,nan,nan,nan,0.6388364434242249,0.4117101728916168
1,2318,scene:1,rear,2318,25,0,0,0,0,0,0,0,0,1.0,1.0,0.2934912145137787,7.967870298444436e-16,nan,nan,nan,nan,nan,nan,nan,nan,0.6412010788917542,0.4135127365589142
1,2319,scene:1,rear,2319,25,0,0,0,0,0,0,0,0,1.0,1.0,0.8530259728431702,6.3613034856169464e-15,nan,nan,nan,nan,nan,nan,nan,nan,0.6340581774711609,0.4032022953033447
1,2320,scene:1,rear,2320,25,0,0,0,0,0,0,0,0,1.0,1.0,1.1277573108673096,0.0,nan,nan,nan,nan,nan,nan,nan,nan,0.6347701549530029,0.4048433005809784
1,2321,scene:1,rear,2321,25,0,0,0,0,0,0,0,0,1.0,1.0,0.9895788431167603,6.3611093629270335e-15,nan,nan,nan,nan,nan,nan,nan,nan,0.6453022360801697,0.41553184390068054
1,2322,scene:1,rear,2322,25,0,0,0,0,0,0,0,0,1.0,1.0,0.6070901155471802,1.4064709252763227e-14,nan,nan,nan,nan,nan,nan,nan,nan,0.6367008090019226,0.4114167392253876
1,2323,scene:1,rear,2323,25,0,0,0,0,0,0,0,0,1.0,1.0,0.4598086476325989,5.3800547888356084e-15,nan,nan,nan,nan,nan,nan,nan,nan,0.6333240866661072,0.4058149755001068
1,2324,scene:1,rear,2324,25,0,0,0,0,0,0,0,0,1.0,1.0,0.428469181060791,6.4813023733529746e-15,nan,nan,nan,nan,nan,nan,nan,nan,0.636354386806488,0.41089215874671936
1,2325,scene:1,rear,2325,25,0,0,0,0,0,0,0,0,1.0,1.0,1.565570592880249,2.0033165331653488e-15,nan,nan,nan,nan,nan,nan,nan,nan,0.6257185935974121,0.406120628118515
1,2326,scene:1,rear,2326,25,0,0,0,0,0,0,0,0,1.0,1.0,0.44340813159942627,1.6792304644675887e-14,nan,nan,nan,nan,nan,nan,nan,nan,0.6311681866645813,0.4161814749240875
1,2327,scene:1,rear,2327,25,0,0,0,0,0,0,0,0,1.0,1.0,1.0093541145324707,6.471959881953704e-15,nan,nan,nan,nan,nan,nan,nan,nan,0.634225070476532,0.41430386900901794
1,2328,scene:1,rear,2328,25,0,0,0,0,0,0,0,0,1.0,1.0,1.7642288208007812,3.0923637018965243e-15,nan,nan,nan,nan,nan,nan,nan,nan,0.6352314352989197,0.4113088548183441
1,2329,scene:1,rear,2329,25,0,0,0,0,0,0,0,0,1.0,1.0,0.1884482353925705,6.3611093629270335e-15,nan,nan,nan,nan,nan,nan,nan,nan,0.6305515170097351,0.406846284866333
1,2330,scene:1,rear,2330,25,0,0,0,0,0,0,0,0,1.0,1.0,5.0056562423706055,3.0703223396849457e-15,nan,nan,nan,nan,nan,nan,nan,nan,0.5954533219337463,0.38284850120544434
1,2331,scene:1,rear,2331,25,0,0,0,0,0,0,0,0,1.0,1.0,0.2452305555343628,9.189357446329808e-15,nan,nan,nan,nan,nan,nan,nan,nan,0.6302333474159241,0.3978379964828491
1,2332,scene:1,rear,2332,25,0,0,0,0,0,0,0,0,1.0,1.0,3.8270037174224854,2.113110001833312e-15,nan,nan,nan,nan,nan,nan,nan,nan,0.6378238797187805,0.42802000045776367
1,2333,scene:1,rear,2333,25,0,0,0,0,0,0,0,0,1.0,1.0,0.832514762878418,5.337655203745767e-15,nan,nan,nan,nan,nan,nan,nan,nan,0.6281485557556152,0.42031481862068176
1,2334,scene:1,rear,2334,25,0,0,0,0,0,0,0,0,1.0,1.0,1.222097635269165,3.27948225728633e-15,nan,nan,nan,nan,nan,nan,nan,nan,0.6348852515220642,0.42497920989990234
1,2335,scene:1,rear,2335,25,0,0,0,0,0,0,0,0,1.0,1.0,1.0060346126556396,4.919669525744471e-15,nan,nan,nan,nan,nan,nan,nan,nan,0.631158709526062,0.4077308177947998
1,2336,scene:1,rear,2336,25,0,0,0,0,0,0,0,0,1.0,1.0,0.6287290453910828,6.3611093629270335e-15,nan,nan,nan,nan,nan,nan,nan,nan,0.6416241526603699,0.4166994094848633
1,2337,scene:1,rear,2337,25,0,0,0,0,0,0,0,0,1.0,1.0,0.10065212100744247,1.1880606424592958e-14,nan,nan,nan,nan,nan,nan,nan,nan,0.6443477272987366,0.4106285870075226
1,2338,scene:1,rear,2338,25,0,0,0,0,0,0,0,0,1.0,1.0,0.4865390658378601,4.732582492644113e-16,nan,nan,nan,nan,nan,nan,nan,nan,0.6439911723136902,0.4013884365558624
1,2339,scene:1,rear,2339,25,0,0,0,0,0,0,0,0,1.0,1.0,0.601000189781189,1.2120276834010203e-13,nan,nan,nan,nan,nan,nan,nan,nan,0.6446375846862793,0.40552929043769836
1,2340,scene:1,rear,2340,25,0,0,0,0,0,0,0,0,1.0,1.0,0.43270251154899597,9.093176423303713e-15,nan,nan,nan,nan,nan,nan,nan,nan,0.6458072066307068,0.4028407037258148
1,2341,scene:1,rear,2341,25,0,0,0,0,0,0,0,0,1.0,1.0,0.6951492428779602,6.793667777652873e-15,nan,nan,nan,nan,nan,nan,nan,nan,0.6493568420410156,0.41103658080101013
1,2342,scene:1,rear,2342,25,0,0,0,0,0,0,0,0,1.0,1.0,0.36435502767562866,6.793667777652873e-15,nan,nan,nan,nan,nan,nan,nan,nan,0.6451246738433838,0.409517377614975
1,2343,scene:1,rear,2343,25,0,0,0,0,0,0,0,0,1.0,1.0,0.4179114103317261,3.746105266947429e-15,nan,nan,nan,nan,nan,nan,nan,nan,0.6370584964752197,0.4051254093647003
1,2344,scene:1,rear,2344,25,0,0,0,0,0,0,0,0,1.0,1.0,0.4053165912628174,5.617205910366535e-15,nan,nan,nan,nan,nan,nan,nan,nan,0.6411491632461548,0.4059486389160156
1,2345,scene:1,rear,2345,25,0,0,0,0,0,0,0,0,1.0,1.0,0.4550313353538513,5.684922330725373e-15,nan,nan,nan,nan,nan,nan,nan,nan,0.6407456994056702,0.410412073135376
1,2346,scene:1,rear,2346,25,0,0,0,0,0,0,0,0,1.0,1.0,0.8850659132003784,6.3611093629270335e-15,nan,nan,nan,nan,nan,nan,nan,nan,0.6405503749847412,0.4151884615421295
1,2347,scene:1,rear,2347,25,0,0,0,0,0,0,0,0,1.0,1.0,0.05739617720246315,3.8469127279585395e-15,nan,nan,nan,nan,nan,nan,nan,nan,0.6391403079032898,0.408231645822525
1,2348,scene:1,rear,2348,25,0,0,0,0,0,0,0,0,1.0,1.0,1.2299145460128784,4.449914360708026e-14,nan,nan,nan,nan,nan,nan,nan,nan,0.6358367204666138,0.4053233861923218
1,2349,scene:1,rear,2349,25,0,0,0,0,0,0,0,0,1.0,1.0,0.11035680770874023,7.197756818016698e-15,nan,nan,nan,nan,nan,nan,nan,nan,0.6395825743675232,0.4082000255584717
1,2350,scene:1,rear,2350,25,0,0,0,0,0,0,0,0,1.0,1.0,0.3699546754360199,7.111936473907614e-15,nan,nan,nan,nan,nan,nan,nan,nan,0.640324056148529,0.40974166989326477
1,2351,scene:1,rear,2351,25,0,0,0,0,0,0,0,0,1.0,1.0,1.088205337524414,0.0,nan,nan,nan,nan,nan,nan,nan,nan,0.6376597285270691,0.4136084020137787
1,2352,scene:1,rear,2352,25,0,0,0,0,0,0,0,0,1.0,1.0,0.5222180485725403,8.573128948591588e-15,nan,nan,nan,nan,nan,nan,nan,nan,0.6348447203636169,0.40803346037864685
1,2353,scene:1,rear,2353,25,0,0,0,0,0,0,0,0,1.0,1.0,0.2894258201122284,5.274353251811411e-15,nan,nan,nan,nan,nan,nan,nan,nan,0.6399936079978943,0.41240790486335754
1,2354,scene:1,rear,2354,25,0,0,0,0,0,0,0,0,1.0,1.0,0.7886404991149902,6.3611093629270335e-15,nan,nan,nan,nan,nan,nan,nan,nan,0.6405332088470459,0.40875688195228577
1,2355,scene:1,rear,2355,25,0,0,0,0,0,0,0,0,1.0,1.0,1.1660274267196655,0.0,nan,nan,nan,nan,nan,nan,nan,nan,0.6340622305870056,0.40416035056114197
1,2356,scene:1,rear,2356,25,0,0,0,0,0,0,0,0,1.0,1.0,1.243797779083252,0.0,nan,nan,nan,nan,nan,nan,nan,nan,0.6405824422836304,0.4139798581600189
1,2357,scene:1,rear,2357,25,0,0,0,0,0,0,0,0,1.0,1.0,0.3469833433628082,2.1297965916531123e-13,nan,nan,nan,nan,nan,nan,nan,nan,0.6388358473777771,0.4103175699710846
1,2358,scene:1,rear,2358,25,0,0,0,0,0,0,0,0,1.0,1.0,4.094865322113037,1.0931349434814545e-14,nan,nan,nan,nan,nan,nan,nan,nan,0.6213366389274597,0.3836045563220978
1,2359,scene:1,rear,2359,25,0,0,0,0,0,0,0,0,1.0,1.0,2.3057990074157715,1.1308034904825148e-14,nan,nan,nan,nan,nan,nan,nan,nan,0.6463067531585693,0.41661491990089417
1,2360,scene:1,rear,2360,25,0,0,0,0,0,0,0,0,1.0,1.0,1.9156144857406616,8.46237771827018e-15,nan,nan,nan,nan,nan,nan,nan,nan,0.6355064511299133,0.4148229658603668
1,2361,scene:1,rear,2361,25,0,0,0,0,0,0,0,0,1.0,1.0,1.344854474067688,2.41844750811959e-15,nan,nan,nan,nan,nan,nan,nan,nan,0.6359443068504333,0.4271538555622101
1,2362,scene:1,rear,2362,25,0,0,0,0,0,0,0,0,1.0,1.0,1.7236652374267578,3.6465779446792844e-15,nan,nan,nan,nan,nan,nan,nan,nan,0.6331471800804138,0.4042326509952545
1,2363,scene:1,rear,2363,25,0,0,0,0,0,0,0,0,1.0,1.0,3.9165563583374023,8.84089082442343e-15,nan,nan,nan,nan,nan,nan,nan,nan,0.608562171459198,0.3972965478897095
1,2364,scene:1,rear,2364,25,0,0,0,0,0,0,0,0,1.0,1.0,0.15934471786022186,5.1107379535549664e-15,nan,nan,nan,nan,nan,nan,nan,nan,0.6423165798187256,0.41463199257850647
1,2365,scene:1,rear,2365,25,0,0,0,0,0,0,0,0,1.0,1.0,5.644097328186035,2.866913247108436e-15,nan,nan,nan,nan,nan,nan,nan,nan,0.6479198336601257,0.4240749180316925
1,2366,scene:1,rear,2366,25,0,0,0,0,0,0,0,0,1.0,1.0,0.7068291306495667,7.330816321150978e-15,nan,nan,nan,nan,nan,nan,nan,nan,0.6382161974906921,0.4062812030315399
1,2367,scene:1,rear,2367,25,0,0,0,0,0,0,0,0,1.0,1.0,0.21040894091129303,3.6495397874813444e-15,nan,nan,nan,nan,nan,nan,nan,nan,0.6374044418334961,0.40420106053352356
1,2368,scene:1,rear,2368,25,0,0,0,0,0,0,0,0,1.0,1.0,1.9065874814987183,9.574737502465886e-15,nan,nan,nan,nan,nan,nan,nan,nan,0.6361135840415955,0.38382598757743835
1,2369,scene:1,rear,2369,25,0,0,0,0,0,0,0,0,1.0,1.0,0.12266047298908234,7.951386703658792e-16,nan,nan,nan,nan,nan,nan,nan,nan,0.6402741074562073,0.4046337306499481
1,2370,scene:1,rear,2370,25,0,0,0,0,0,0,0,0,1.0,1.0,1.2731058597564697,4.901563953905559e-15,nan,nan,nan,nan,nan,nan,nan,nan,0.6464799046516418,0.41718289256095886
1,2371,scene:1,rear,2371,25,0,0,0,0,0,0,0,0,1.0,1.0,3.01584792137146,3.373853701778764e-15,nan,nan,nan,nan,nan,nan,nan,nan,0.6219825148582458,0.3867092430591583
1,2372,scene:1,rear,2372,25,0,0,0,0,0,0,0,0,1.0,1.0,1.368348240852356,2.0270432320751582e-14,nan,nan,nan,nan,nan,nan,nan,nan,0.6379274725914001,0.41444194316864014
1,2373,scene:1,rear,2373,25,0,0,0,0,0,0,0,0,1.0,1.0,3.16150164604187,1.206542695273806e-14,nan,nan,nan,nan,nan,nan,nan,nan,0.6425859332084656,0.4296633005142212
1,2374,scene:1,rear,2374,25,0,0,0,0,0,0,0,0,1.0,1.0,0.13624055683612823,4.9387089534481295e-15,nan,nan,nan,nan,nan,nan,nan,nan,0.6407557129859924,0.4157489538192749
1,2375,scene:1,rear,2375,25,0,0,0,0,0,0,0,0,1.0,1.0,0.5410916805267334,8.713142647370868e-15,nan,nan,nan,nan,nan,nan,nan,nan,0.6423000693321228,0.4140104055404663
1,2376,scene:1,rear,2376,25,0,0,0,0,0,0,0,0,1.0,1.0,0.4376967251300812,6.3611093629270335e-15,nan,nan,nan,nan,nan,nan,nan,nan,0.6438551545143127,0.40992018580436707
1,2377,scene:1,rear,2377,25,0,0,0,0,0,0,0,0,1.0,1.0,1.2970366477966309,0.0,nan,nan,nan,nan,nan,nan,nan,nan,0.6503179669380188,0.4181700646877289
1,2378,scene:1,rear,2378,25,0,0,0,0,0,0,0,0,1.0,1.0,1.1957128047943115,9.54166404439055e-15,nan,nan,nan,nan,nan,nan,nan,nan,0.6474725604057312,0.40509676933288574
1,2379,scene:1,rear,2379,25,0,0,0,0,0,0,0,0,1.0,1.0,2.9578230381011963,1.987846675914698e-16,nan,nan,nan,nan,nan,nan,nan,nan,0.6348296403884888,0.3943949043750763
1,2380,scene:1,rear,2380,25,0,0,0,0,0,0,0,0,1.0,1.0,2.8966968059539795,2.975136479484102e-15,nan,nan,nan,nan,nan,nan,nan,nan,0.6529781818389893,0.41527989506721497
1,2381,scene:1,rear,2381,25,0,0,0,0,0,0,0,0,1.0,1.0,1.2467472553253174,1.8010867227930525e-14,nan,nan,nan,nan,nan,nan,nan,nan,0.6469262838363647,0.41184601187705994
1,2382,scene:1,rear,2382,25,0,0,0,0,0,0,0,0,1.0,1.0,0.8030697703361511,1.8617964394026147e-14,nan,nan,nan,nan,nan,nan,nan,nan,0.6359036564826965,0.40916621685028076
1,2383,scene:1,rear,2383,25,0,0,0,0,0,0,0,0,1.0,1.0,0.37380877137184143,7.833730231496208e-15,nan,nan,nan,nan,nan,nan,nan,nan,0.637547492980957,0.4060042202472687
1,2384,scene:1,rear,2384,25,0,0,0,0,0,0,0,0,1.0,1.0,0.10164906084537506,1.987846675914698e-16,nan,nan,nan,nan,nan,nan,nan,nan,0.6418595910072327,0.40688371658325195
1,2385,scene:1,rear,2385,25,0,0,0,0,0,0,0,0,1.0,1.0,0.510466992855072,7.963801053818917e-15,nan,nan,nan,nan,nan,nan,nan,nan,0.6415525078773499,0.4064072072505951
1,2386,scene:1,rear,2386,25,0,0,0,0,0,0,0,0,1.0,1.0,0.09392708539962769,1.1933704371497641e-14,nan,nan,nan,nan,nan,nan,nan,nan,0.637897789478302,0.405790776014328
1,2387,scene:1,rear,2387,25,0,0,0,0,0,0,0,0,1.0,1.0,0.5215845108032227,7.111936473907614e-15,nan,nan,nan,nan,nan,nan,nan,nan,0.6396471858024597,0.41299381852149963
1,2388,scene:1,rear,2388,25,0,0,0,0,0,0,0,0,1.0,1.0,1.5836349725723267,1.7672840165772504e-14,nan,nan,nan,nan,nan,nan,nan,nan,0.632573664188385,0.3984212875366211
1,2389,scene:1,rear,2389,25,0,0,0,0,0,0,0,0,1.0,1.0,1.0376026630401611,6.938382381358048e-15,nan,nan,nan,nan,nan,nan,nan,nan,0.6286018490791321,0.4007784128189087
1,2390,scene:1,rear,2390,25,0,0,0,0,0,0,0,0,1.0,1.0,2.8801801204681396,6.487967345015142e-15,nan,nan,nan,nan,nan,nan,nan,nan,0.6408548355102539,0.4234156310558319
1,2391,scene:1,rear,2391,25,0,0,0,0,0,0,0,0,1.0,1.0,0.461211234331131,3.975693351829396e-16,nan,nan,nan,nan,nan,nan,nan,nan,0.636180579662323,0.4225093424320221
1,2392,scene:1,rear,2392,25,0,0,0,0,0,0,0,0,1.0,1.0,0.14774273335933685,4.829549592275104e-15,nan,nan,nan,nan,nan,nan,nan,nan,0.6338188052177429,0.415781170129776
1,2393,scene:1,rear,2393,25,0,0,0,0,0,0,0,0,1.0,1.0,0.8530742526054382,0.0,nan,nan,nan,nan,nan,nan,nan,nan,0.6441337466239929,0.4194633960723877
1,2394,scene:1,rear,2394,25,0,0,0,0,0,0,0,0,1.0,1.0,0.8048639893531799,1.0736672551894574e-14,nan,nan,nan,nan,nan,nan,nan,nan,0.6400454640388489,0.399800568819046
1,2395,scene:1,rear,2395,25,0,0,0,0,0,0,0,0,1.0,1.0,0.1302940547466278,6.3611093629270335e-15,nan,nan,nan,nan,nan,nan,nan,nan,0.6414480805397034,0.4052433669567108
1,2396,scene:1,rear,2396,25,0,0,0,0,0,0,0,0,1.0,1.0,2.1219348907470703,7.501323213600279e-15,nan,nan,nan,nan,nan,nan,nan,nan,0.6307992935180664,0.388756662607193
1,2397,scene:1,rear,2397,25,0,0,0,0,0,0,0,0,1.0,1.0,0.1338493525981903,5.5312525837980454e-15,nan,nan,nan,nan,nan,nan,nan,nan,0.6440485119819641,0.4056248366832733
1,2398,scene:1,rear,2398,25,0,0,0,0,0,0,0,0,1.0,1.0,1.7144718170166016,6.373521298573223e-15,nan,nan,nan,nan,nan,nan,nan,nan,0.6468594670295715,0.421927809715271
1,2399,scene:1,rear,2399,25,0,0,0,0,0,0,0,0,1.0,1.0,2.224679470062256,3.975693351829396e-16,nan,nan,nan,nan,nan,nan,nan,nan,0.6425386071205139,0.42153146862983704
1,2400,scene:1,rear,2400,25,0,0,0,0,0,0,0,0,1.0,1.0,1.2776120901107788,6.3611093629270335e-15,nan,nan,nan,nan,nan,nan,nan,nan,0.6366497278213501,0.4139777719974518
1,2401,scene:1,rear,2401,25,0,0,0,0,0,0,0,0,1.0,1.0,0.853762149810791,0.0,nan,nan,nan,nan,nan,nan,nan,nan,0.6385036110877991,0.3998676836490631
1,2402,scene:1,rear,2402,25,0,0,0,0,0,0,0,0,1.0,1.0,0.07993711531162262,0.0,nan,nan,nan,nan,nan,nan,nan,nan,0.6433033347129822,0.4032336175441742
1,2403,scene:1,rear,2403,25,0,0,0,0,0,0,0,0,1.0,1.0,0.3951053321361542,0.0,nan,nan,nan,nan,nan,nan,nan,nan,0.641343891620636,0.4059683382511139
1,2404,scene:1,rear,2404,25,0,0,0,0,0,0,0,0,1.0,1.0,1.8222479820251465,3.1805546814635168e-15,nan,nan,nan,nan,nan,nan,nan,nan,0.631280243396759,0.3991292417049408
1,2405,scene:1,rear,2405,25,0,0,0,0,0,0,0,0,1.0,1.0,1.2714636325836182,1.5902773407317584e-15,nan,nan,nan,nan,nan,nan,nan,nan,0.64231938123703,0.420419305562973
1,2406,scene:1,rear,2406,25,0,0,0,0,0,0,0,0,1.0,1.0,3.0525078773498535,5.843052051454427e-15,nan,nan,nan,nan,nan,nan,nan,nan,0.6182299256324768,0.38877618312835693
1,2407,scene:1,rear,2407,25,0,0,0,0,0,0,0,0,1.0,1.0,0.5551323890686035,6.897570170691936e-15,nan,nan,nan,nan,nan,nan,nan,nan,0.632391095161438,0.4119894504547119
1,2408,scene:1,rear,2408,25,0,0,0,0,0,0,0,0,1.0,1.0,0.36542174220085144,1.987846675914698e-15,nan,nan,nan,nan,nan,nan,nan,nan,0.6311087012290955,0.41960200667381287
1,2409,scene:1,rear,2409,25,0,0,0,0,0,0,0,0,1.0,1.0,1.7609127759933472,7.37381267998888e-15,nan,nan,nan,nan,nan,nan,nan,nan,0.6293468475341797,0.41689419746398926
1,2410,scene:1,rear,2410,25,0,0,0,0,0,0,0,0,1.0,1.0,1.328284502029419,1.8650340882406395e-14,nan,nan,nan,nan,nan,nan,nan,nan,0.6200708746910095,0.4099510908126831
1,2411,scene:1,rear,2411,25,0,0,0,0,0,0,0,0,1.0,1.0,0.3763566017150879,8.969573040307021e-15,nan,nan,nan,nan,nan,nan,nan,nan,0.6300451159477234,0.41949400305747986
1,2412,scene:1,rear,2412,25,0,0,0,0,0,0,0,0,1.0,1.0,0.6769765019416809,4.5677239046017444e-15,nan,nan,nan,nan,nan,nan,nan,nan,0.6313943266868591,0.4107538163661957
1,2413,scene:1,rear,2413,25,0,0,0,0,0,0,0,0,1.0,1.0,4.619139194488525,8.969573040307021e-15,nan,nan,nan,nan,nan,nan,nan,nan,0.6346947550773621,0.42625465989112854
1,2414,scene:1,rear,2414,25,0,0,0,0,0,0,0,0,1.0,1.0,0.4864416718482971,7.517767012573115e-15,nan,nan,nan,nan,nan,nan,nan,nan,0.6345778107643127,0.41512051224708557
1,2415,scene:1,rear,2415,25,0,0,0,0,0,0,0,0,1.0,1.0,1.5480635166168213,0.0,nan,nan,nan,nan,nan,nan,nan,nan,0.6368559002876282,0.41764727234840393
1,2416,scene:1,rear,2416,25,0,0,0,0,0,0,0,0,1.0,1.0,0.16760605573654175,7.137311871315753e-15,nan,nan,nan,nan,nan,nan,nan,nan,0.6367208361625671,0.4126885235309601
1,2417,scene:1,rear,2417,25,0,0,0,0,0,0,0,0,1.0,1.0,0.09282314777374268,1.1577393794959998e-14,nan,nan,nan,nan,nan,nan,nan,nan,0.6413103938102722,0.4087294638156891
1,2418,scene:1,rear,2418,25,0,0,0,0,0,0,0,0,1.0,1.0,0.36586353182792664,4.554953442597528e-15,nan,nan,nan,nan,nan,nan,nan,nan,0.6462538838386536,0.4033583104610443
1,2419,scene:1,rear,2419,25,0,0,0,0,0,0,0,0,1.0,1.0,0.7310035228729248,6.604917853590161e-15,nan,nan,nan,nan,nan,nan,nan,nan,0.6455519199371338,0.3983736038208008
1,2420,scene:1,rear,2420,25,0,0,0,0,0,0,0,0,1.0,1.0,0.2900897264480591,1.4672623597210686e-14,nan,nan,nan,nan,nan,nan,nan,nan,0.6477412581443787,0.4015280306339264
1,2421,scene:1,rear,2421,25,0,0,0,0,0,0,0,0,1.0,1.0,0.20762835443019867,4.836639710492717e-15,nan,nan,nan,nan,nan,nan,nan,nan,0.6477367281913757,0.4051157236099243
1,2422,scene:1,rear,2422,25,0,0,0,0,0,0,0,0,1.0,1.0,0.16779817640781403,3.425792928451308e-15,nan,nan,nan,nan,nan,nan,nan,nan,0.6458415389060974,0.40548646450042725
1,2423,scene:1,rear,2423,25,0,0,0,0,0,0,0,0,1.0,1.0,3.286090850830078,2.514449254034009e-15,nan,nan,nan,nan,nan,nan,nan,nan,0.6333350539207458,0.3894878625869751
1,2424,scene:1,rear,2424,25,0,0,0,0,0,0,0,0,1.0,1.0,2.341082811355591,2.2489917831974725e-15,nan,nan,nan,nan,nan,nan,nan,nan,0.6411864161491394,0.41415563225746155
1,2425,scene:1,rear,2425,25,0,0,0,0,0,0,0,0,1.0,1.0,1.812970519065857,3.643783144938181e-15,nan,nan,nan,nan,nan,nan,nan,nan,0.637795090675354,0.4216160476207733
1,2426,scene:1,rear,2426,25,0,0,0,0,0,0,0,0,1.0,1.0,0.626498818397522,8.889920592384517e-15,nan,nan,nan,nan,nan,nan,nan,nan,0.634890079498291,0.41250407695770264
1,2427,scene:1,rear,2427,25,0,0,0,0,0,0,0,0,1.0,1.0,0.24769362807273865,7.41006344733341e-15,nan,nan,nan,nan,nan,nan,nan,nan,0.6368345618247986,0.4097405672073364
1,2428,scene:1,rear,2428,25,0,0,0,0,0,0,0,0,1.0,1.0,1.0631085634231567,1.6579463567411327e-15,nan,nan,nan,nan,nan,nan,nan,nan,0.6442422270774841,0.41314253211021423
1,2429,scene:1,rear,2429,25,0,0,0,0,0,0,0,0,1.0,1.0,4.602043151855469,9.673279420985433e-15,nan,nan,nan,nan,nan,nan,nan,nan,0.6205978989601135,0.37296736240386963
1,2430,scene:1,rear,2430,25,0,0,0,0,0,0,0,0,1.0,1.0,2.5534894466400146,3.1805546814635168e-15,nan,nan,nan,nan,nan,nan,nan,nan,0.6500017642974854,0.41409537196159363
1,2431,scene:1,rear,2431,25,0,0,0,0,0,0,0,0,1.0,1.0,1.5529394149780273,1.1131941385122309e-14,nan,nan,nan,nan,nan,nan,nan,nan,0.6444680690765381,0.422506183385849
1,2432,scene:1,rear,2432,25,0,0,0,0,0,0,0,0,1.0,1.0,3.566723346710205,2.6019479770025015e-13,nan,nan,nan,nan,nan,nan,nan,nan,0.6250772476196289,0.3920201361179352
1,2433,scene:1,rear,2433,25,0,0,0,0,0,0,0,0,1.0,1.0,3.341218948364258,7.951386703658792e-16,nan,nan,nan,nan,nan,nan,nan,nan,0.6495102047920227,0.4187323749065399
1,2434,scene:1,rear,2434,25,0,0,0,0,0,0,0,0,1.0,1.0,0.8030127882957458,1.1014625964109376e-14,nan,nan,nan,nan,nan,nan,nan,nan,0.6455472707748413,0.41422930359840393
1,2435,scene:1,rear,2435,25,0,0,0,0,0,0,0,0,1.0,1.0,0.48094668984413147,7.427208110787916e-15,nan,nan,nan,nan,nan,nan,nan,nan,0.6354130506515503,0.41109514236450195
1,2436,scene:1,rear,2436,25,0,0,0,0,0,0,0,0,1.0,1.0,0.4061516225337982,6.3611093629270335e-15,nan,nan,nan,nan,nan,nan,nan,nan,0.6445396542549133,0.41469335556030273
1,2437,scene:1,rear,2437,25,0,0,0,0,0,0,0,0,1.0,1.0,0.6304897665977478,6.3611093629270335e-15,nan,nan,nan,nan,nan,nan,nan,nan,0.6498339772224426,0.4040229320526123
1,2438,scene:1,rear,2438,25,0,0,0,0,0,0,0,0,1.0,1.0,1.0084655284881592,4.05389456475302e-15,nan,nan,nan,nan,nan,nan,nan,nan,0.6417569518089294,0.3976334035396576
1,2439,scene:1,rear,2439,25,0,0,0,0,0,0,0,0,1.0,1.0,0.04008026048541069,9.887414284221235e-15,nan,nan,nan,nan,nan,nan,nan,nan,0.6445305943489075,0.401577353477478
1,2440,scene:1,rear,2440,25,0,0,0,0,0,0,0,0,1.0,1.0,2.964327812194824,1.0411554524590545e-14,nan,nan,nan,nan,nan,nan,nan,nan,0.6368205547332764,0.38030576705932617
1,2441,scene:1,rear,2441,25,0,0,0,0,0,0,0,0,1.0,1.0,1.2366231679916382,3.1805546814635168e-15,nan,nan,nan,nan,nan,nan,nan,nan,0.6378189325332642,0.38809046149253845
1,2442,scene:1,rear,2442,25,0,0,0,0,0,0,0,0,1.0,1.0,0.4194050431251526,3.895368034302951e-15,nan,nan,nan,nan,nan,nan,nan,nan,0.6351369023323059,0.39779648184776306
1,2443,scene:1,rear,2443,25,0,0,0,0,0,0,0,0,1.0,1.0,6.543456077575684,0.0,nan,nan,nan,nan,nan,nan,nan,nan,0.6377437710762024,0.4411417543888092
1,2444,scene:1,rear,2444,25,0,0,0,0,0,0,0,0,1.0,1.0,1.1861778497695923,0.0,nan,nan,nan,nan,nan,nan,nan,nan,0.6336124539375305,0.42632541060447693
1,2445,scene:1,rear,2445,25,0,0,0,0,0,0,0,0,1.0,1.0,0.796252429485321,1.4318016798157227e-14,nan,nan,nan,nan,nan,nan,nan,nan,0.6343668103218079,0.41839924454689026
1,2446,scene:1,rear,2446,25,0,0,0,0,0,0,0,0,1.0,1.0,0.5285801291465759,4.281952784446056e-15,nan,nan,nan,nan,nan,nan,nan,nan,0.6354726552963257,0.41189897060394287
1,2447,scene:1,rear,2447,25,0,0,0,0,0,0,0,0,1.0,1.0,0.6044864654541016,6.364214615424862e-15,nan,nan,nan,nan,nan,nan,nan,nan,0.6468073725700378,0.40572094917297363
1,2448,scene:1,rear,2448,25,0,0,0,0,0,0,0,0,1.0,1.0,0.0785384476184845,8.761248816667497e-16,nan,nan,nan,nan,nan,nan,nan,nan,0.6451252102851868,0.4058614671230316
1,2449,scene:1,rear,2449,25,0,0,0,0,0,0,0,0,1.0,1.0,0.17371411621570587,8.15602381557602e-15,nan,nan,nan,nan,nan,nan,nan,nan,0.6419960856437683,0.40647923946380615
1,2450,scene:1,rear,2450,25,0,0,0,0,0,0,0,0,1.0,1.0,3.6213090419769287,7.025287520290147e-15,nan,nan,nan,nan,nan,nan,nan,nan,0.6267614364624023,0.3869721591472626
1,2451,scene:1,rear,2451,25,0,0,0,0,0,0,0,0,1.0,1.0,0.3492248058319092,1.5902773407317584e-15,nan,nan,nan,nan,nan,nan,nan,nan,0.6465854644775391,0.39424359798431396
1,2452,scene:1,rear,2452,25,0,0,0,0,0,0,0,0,1.0,1.0,0.17984583973884583,4.5023739857577844e-15,nan,nan,nan,nan,nan,nan,nan,nan,0.6439720988273621,0.4035283625125885
1,2453,scene:1,rear,2453,25,0,0,0,0,0,0,0,0,1.0,1.0,5.941546440124512,3.772001269088698e-15,nan,nan,nan,nan,nan,nan,nan,nan,0.6426032781600952,0.42201125621795654
1,2454,scene:1,rear,2454,25,0,0,0,0,0,0,0,0,1.0,1.0,0.09892058372497559,2.7337409253868495e-15,nan,nan,nan,nan,nan,nan,nan,nan,0.631892740726471,0.41333845257759094
1,2455,scene:1,rear,2455,25,0,0,0,0,0,0,0,0,1.0,1.0,3.011955499649048,7.951386703658792e-16,nan,nan,nan,nan,nan,nan,nan,nan,0.6157774329185486,0.3967863619327545
1,2456,scene:1,rear,2456,25,0,0,0,0,0,0,0,0,1.0,1.0,0.2536529004573822,6.9004340156028326e-15,nan,nan,nan,nan,nan,nan,nan,nan,0.6339927315711975,0.39894744753837585
1,2457,scene:1,rear,2457,25,0,0,0,0,0,0,0,0,1.0,1.0,1.928216576576233,2.4124302838732487e-14,nan,nan,nan,nan,nan,nan,nan,nan,0.6427273154258728,0.41519272327423096
1,2458,scene:1,rear,2458,25,0,0,0,0,0,0,0,0,1.0,1.0,2.4973044395446777,5.566192546027674e-15,nan,nan,nan,nan,nan,nan,nan,nan,0.6287190318107605,0.3953949213027954
1,2459,scene:1,rear,2459,25,0,0,0,0,0,0,0,0,1.0,1.0,0.7237691879272461,1.0144486229817309e-13,nan,nan,nan,nan,nan,nan,nan,nan,0.6265342235565186,0.39660394191741943
1,2460,scene:1,rear,2460,25,0,0,0,0,0,0,0,0,1.0,1.0,4.216977119445801,5.4656747174072724e-15,nan,nan,nan,nan,nan,nan,nan,nan,0.6367577910423279,0.43101537227630615
1,2461,scene:1,rear,2461,25,0,0,0,0,0,0,0,0,1.0,1.0,1.1476980447769165,3.373487674796208e-15,nan,nan,nan,nan,nan,nan,nan,nan,0.6356785297393799,0.4275253713130951
1,2462,scene:1,rear,2462,25,0,0,0,0,0,0,0,0,1.0,1.0,0.07288558036088943,5.6365181301791904e-15,nan,nan,nan,nan,nan,nan,nan,nan,0.6381632089614868,0.4193952977657318
1,2463,scene:1,rear,2463,25,0,0,0,0,0,0,0,0,1.0,1.0,0.6341957449913025,1.9562118259651284e-14,nan,nan,nan,nan,nan,nan,nan,nan,0.6422799229621887,0.41045987606048584
1,2464,scene:1,rear,2464,25,0,0,0,0,0,0,0,0,1.0,1.0,0.9905336499214172,7.951386703658792e-16,nan,nan,nan,nan,nan,nan,nan,nan,0.6424586176872253,0.39807960391044617
1,2465,scene:1,rear,2465,25,0,0,0,0,0,0,0,0,1.0,1.0,0.6600295901298523,9.555113943458073e-15,nan,nan,nan,nan,nan,nan,nan,nan,0.6514648199081421,0.4166366159915924
1,2466,scene:1,rear,2466,25,0,0,0,0,0,0,0,0,1.0,1.0,1.2335336208343506,6.3611093629270335e-15,nan,nan,nan,nan,nan,nan,nan,nan,0.6446519494056702,0.4016871452331543
1,2467,scene:1,rear,2467,25,0,0,0,0,0,0,0,0,1.0,1.0,0.5785323977470398,6.3611093629270335e-15,nan,nan,nan,nan,nan,nan,nan,nan,0.645936131477356,0.4052213728427887
1,2468,scene:1,rear,2468,25,0,0,0,0,0,0,0,0,1.0,1.0,1.1508986949920654,5.311681058345664e-15,nan,nan,nan,nan,nan,nan,nan,nan,0.6419947147369385,0.4101608097553253
1,2469,scene:1,rear,2469,25,0,0,0,0,0,0,0,0,1.0,1.0,1.218415379524231,3.3750558782007684e-15,nan,nan,nan,nan,nan,nan,nan,nan,0.6371920704841614,0.4132777452468872
1,2470,scene:1,rear,2470,25,0,0,0,0,0,0,0,0,1.0,1.0,0.8337163329124451,1.9476840171514755e-15,nan,nan,nan,nan,nan,nan,nan,nan,0.6382582783699036,0.40989068150520325
1,2471,scene:1,rear,2471,25,0,0,0,0,0,0,0,0,1.0,1.0,0.3901163637638092,3.1805546814635168e-15,nan,nan,nan,nan,nan,nan,nan,nan,0.6407101154327393,0.4046412706375122
1,2472,scene:1,rear,2472,25,0,0,0,0,0,0,0,0,1.0,1.0,1.172471523284912,1.987846675914698e-16,nan,nan,nan,nan,nan,nan,nan,nan,0.6404383182525635,0.4014112949371338
1,2473,scene:1,rear,2473,25,0,0,0,0,0,0,0,0,1.0,1.0,0.19891449809074402,0.0,nan,nan,nan,nan,nan,nan,nan,nan,0.6451100707054138,0.4049072265625
1,2474,scene:1,rear,2474,25,0,0,0,0,0,0,0,0,1.0,1.0,0.052566081285476685,3.1805546814635168e-15,nan,nan,nan,nan,nan,nan,nan,nan,0.6436349749565125,0.4066719114780426
1,2475,scene:1,rear,2475,25,0,0,0,0,0,0,0,0,1.0,1.0,0.33564016222953796,1.002828752363798e-14,nan,nan,nan,nan,nan,nan,nan,nan,0.6418594717979431,0.40961766242980957
1,2476,scene:1,rear,2476,25,0,0,0,0,0,0,0,0,1.0,1.0,0.7065711617469788,1.1604666845226083e-14,nan,nan,nan,nan,nan,nan,nan,nan,0.6408684849739075,0.40832027792930603
1,2477,scene:1,rear,2477,25,0,0,0,0,0,0,0,0,1.0,1.0,1.3451098203659058,4.626071207078207e-14,nan,nan,nan,nan,nan,nan,nan,nan,0.6359276175498962,0.3983459770679474
1,2478,scene:1,rear,2478,25,0,0,0,0,0,0,0,0,1.0,1.0,1.7171494960784912,3.1805546814635168e-15,nan,nan,nan,nan,nan,nan,nan,nan,0.6254546046257019,0.3910711109638214
1,2479,scene:1,rear,2479,25,0,0,0,0,0,0,0,0,1.0,1.0,0.5904728174209595,7.98764435976825e-15,nan,nan,nan,nan,nan,nan,nan,nan,0.628365159034729,0.4016018807888031
1,2480,scene:1,rear,2480,25,0,0,0,0,0,0,0,0,1.0,1.0,3.5916409492492676,1.6257863835097117e-14,nan,nan,nan,nan,nan,nan,nan,nan,0.6310567259788513,0.43433764576911926
1,2481,scene:1,rear,2481,25,0,0,0,0,0,0,0,0,1.0,1.0,4.003830909729004,5.0913716923398895e-15,nan,nan,nan,nan,nan,nan,nan,nan,0.6323464512825012,0.4349454939365387
1,2482,scene:1,rear,2482,25,0,0,0,0,0,0,0,0,1.0,1.0,0.6906602382659912,3.488656757749457e-15,nan,nan,nan,nan,nan,nan,nan,nan,0.6337469220161438,0.4280773103237152
1,2483,scene:1,rear,2483,25,0,0,0,0,0,0,0,0,1.0,1.0,4.661250114440918,6.260928151392215e-15,nan,nan,nan,nan,nan,nan,nan,nan,0.6141592860221863,0.3951239585876465
1,2484,scene:1,rear,2484,25,0,0,0,0,0,0,0,0,1.0,1.0,1.3952888250350952,3.975693351829396e-16,nan,nan,nan,nan,nan,nan,nan,nan,0.6398842334747314,0.4024740159511566
1,2485,scene:1,rear,2485,25,0,0,0,0,0,0,0,0,1.0,1.0,2.880713939666748,1.4138188284759777e-14,nan,nan,nan,nan,nan,nan,nan,nan,0.6368076205253601,0.41636064648628235
1,2486,scene:1,rear,2486,25,0,0,0,0,0,0,0,0,1.0,1.0,0.8980199694633484,3.1805546814635168e-15,nan,nan,nan,nan,nan,nan,nan,nan,0.6191709637641907,0.4064325988292694
1,2487,scene:1,rear,2487,25,0,0,0,0,0,0,0,0,1.0,1.0,4.228806972503662,1.3371822236125885e-13,nan,nan,nan,nan,nan,nan,nan,nan,0.6333063244819641,0.43564048409461975
1,2488,scene:1,rear,2488,25,0,0,0,0,0,0,0,0,1.0,1.0,0.422405868768692,1.7467416556761466e-13,nan,nan,nan,nan,nan,nan,nan,nan,0.6335145831108093,0.42784547805786133
1,2489,scene:1,rear,2489,25,0,0,0,0,0,0,0,0,1.0,1.0,0.8486600518226624,0.0,nan,nan,nan,nan,nan,nan,nan,nan,0.6395094394683838,0.4166809320449829
1,2490,scene:1,rear,2490,25,0,0,0,0,0,0,0,0,1.0,1.0,7.022881031036377,5.044589337173695e-15,nan,nan,nan,nan,nan,nan,nan,nan,0.5989437699317932,0.37768206000328064
1,2491,scene:1,rear,2491,25,0,0,0,0,0,0,0,0,1.0,1.0,1.454373836517334,9.54166404439055e-15,nan,nan,nan,nan,nan,nan,nan,nan,0.6331563591957092,0.39144983887672424
1,2492,scene:1,rear,2492,25,0,0,0,0,0,0,0,0,1.0,1.0,7.1914448738098145,2.866913247108436e-15,nan,nan,nan,nan,nan,nan,nan,nan,0.650948703289032,0.4435814619064331
1,2493,scene:1,rear,2493,25,0,0,0,0,0,0,0,0,1.0,1.0,1.9961204528808594,3.598634797517858e-15,nan,nan,nan,nan,nan,nan,nan,nan,0.6379374861717224,0.407595157623291
1,2494,scene:1,rear,2494,25,0,0,0,0,0,0,0,0,1.0,1.0,0.24990789592266083,6.931858220452334e-15,nan,nan,nan,nan,nan,nan,nan,nan,0.6386863589286804,0.408823162317276
1,2495,scene:1,rear,2495,25,0,0,0,0,0,0,0,0,1.0,1.0,0.6068887114524841,7.078695217981093e-15,nan,nan,nan,nan,nan,nan,nan,nan,0.6453166604042053,0.4088205397129059
1,2496,scene:1,rear,2496,25,0,0,0,0,0,0,0,0,1.0,1.0,0.16339163482189178,6.3611093629270335e-15,nan,nan,nan,nan,nan,nan,nan,nan,0.6385512351989746,0.41026854515075684
1,2497,scene:1,rear,2497,25,0,0,0,0,0,0,0,0,1.0,1.0,0.07482133060693741,0.0,nan,nan,nan,nan,nan,nan,nan,nan,0.640490710735321,0.41007816791534424
1,2498,scene:1,rear,2498,25,0,0,0,0,0,0,0,0,1.0,1.0,0.28529638051986694,9.031039262418649e-15,nan,nan,nan,nan,nan,nan,nan,nan,0.6410843729972839,0.40841129422187805
1,2499,scene:1,rear,2499,25,0,0,0,0,0,0,0,0,1.0,1.0,0.6880500316619873,6.3611093629270335e-15,nan,nan,nan,nan,nan,nan,nan,nan,0.6445589661598206,0.40241798758506775
1,2500,scene:1,rear,2500,25,0,0,0,0,0,0,0,0,1.0,1.0,0.13594239950180054,1.2905918491064334e-14,nan,nan,nan,nan,nan,nan,nan,nan,0.6465737819671631,0.40847477316856384
1,2501,scene:1,rear,2501,25,0,0,0,0,0,0,0,0,1.0,1.0,2.414980888366699,3.0136269250778235e-13,nan,nan,nan,nan,nan,nan,nan,nan,0.6334196329116821,0.39244768023490906
1,2502,scene:1,rear,2502,25,0,0,0,0,0,0,0,0,1.0,1.0,0.3110612630844116,0.0,nan,nan,nan,nan,nan,nan,nan,nan,0.6397431492805481,0.4082440435886383
1,2503,scene:1,rear,2503,25,0,0,0,0,0,0,0,0,1.0,1.0,4.5519022941589355,2.631469640214515e-13,nan,nan,nan,nan,nan,nan,nan,nan,0.645497739315033,0.4259505271911621
1,2504,scene:1,rear,2504,25,0,0,0,0,0,0,0,0,1.0,1.0,1.3811814785003662,1.1820586137310588e-14,nan,nan,nan,nan,nan,nan,nan,nan,0.6329079270362854,0.40759527683258057
1,2505,scene:1,rear,2505,25,0,0,0,0,0,0,0,0,1.0,1.0,1.5718213319778442,6.3613034856169464e-15,nan,nan,nan,nan,nan,nan,nan,nan,0.6397363543510437,0.41583433747291565
1,2506,scene:1,rear,2506,25,0,0,0,0,0,0,0,0,1.0,1.0,2.60691499710083,1.519630450938229e-14,nan,nan,nan,nan,nan,nan,nan,nan,0.628180980682373,0.40099358558654785
1,2507,scene:1,rear,2507,25,0,0,0,0,0,0,0,0,1.0,1.0,9.050603866577148,1.0815055175336619e-14,nan,nan,nan,nan,nan,nan,nan,nan,0.5731584429740906,0.376828670501709
1,2508,scene:1,rear,2508,25,0,0,0,0,0,0,0,0,1.0,1.0,5.030493259429932,1.9476840171514755e-15,nan,nan,nan,nan,nan,nan,nan,nan,0.6467754244804382,0.42594170570373535
1,2509,scene:1,rear,2509,25,0,0,0,0,0,0,0,0,1.0,1.0,4.505707740783691,3.488656757749457e-15,nan,nan,nan,nan,nan,nan,nan,nan,0.6370856761932373,0.4228278696537018
1,2510,scene:1,rear,2510,25,0,0,0,0,0,0,0,0,1.0,1.0,3.19892954826355,6.407108552202993e-15,nan,nan,nan,nan,nan,nan,nan,nan,0.6316417455673218,0.4221549332141876
1,2511,scene:1,rear,2511,25,0,0,0,0,0,0,0,0,1.0,1.0,1.9043673276901245,1.8753308034000697e-15,nan,nan,nan,nan,nan,nan,nan,nan,0.6251699328422546,0.40754207968711853
1,2512,scene:1,rear,2512,25,0,0,0,0,0,0,0,0,1.0,1.0,4.3838419914245605,6.521379382825905e-15,nan,nan,nan,nan,nan,nan,nan,nan,0.6459524631500244,0.4306991994380951
1,2513,scene:1,rear,2513,25,0,0,0,0,0,0,0,0,1.0,1.0,2.858393669128418,0.0,nan,nan,nan,nan,nan,nan,nan,nan,0.6256083250045776,0.3928276002407074
1,2514,scene:1,rear,2514,25,0,0,0,0,0,0,0,0,1.0,1.0,3.2974050045013428,6.373521295437537e-15,nan,nan,nan,nan,nan,nan,nan,nan,0.6510858535766602,0.42020687460899353
1,2515,scene:1,rear,2515,25,0,0,0,0,0,0,0,0,1.0,1.0,2.2134816646575928,5.2558836213144764e-15,nan,nan,nan,nan,nan,nan,nan,nan,0.6349526047706604,0.3923131227493286
1,2516,scene:1,rear,2516,25,0,0,0,0,0,0,0,0,1.0,1.0,0.5933161377906799,0.0,nan,nan,nan,nan,nan,nan,nan,nan,0.6382086277008057,0.4024643003940582
1,2517,scene:1,rear,2517,25,0,0,0,0,0,0,0,0,1.0,1.0,0.8076695203781128,8.729788082093162e-15,nan,nan,nan,nan,nan,nan,nan,nan,0.6409507393836975,0.41015756130218506
1,2518,scene:1,rear,2518,25,0,0,0,0,0,0,0,0,1.0,1.0,1.0429515838623047,1.447488541052436e-13,nan,nan,nan,nan,nan,nan,nan,nan,0.6405837535858154,0.4154468774795532
1,2519,scene:1,rear,2519,25,0,0,0,0,0,0,0,0,1.0,1.0,1.4246916770935059,0.0,nan,nan,nan,nan,nan,nan,nan,nan,0.6396901607513428,0.41851186752319336
1,2520,scene:1,rear,2520,25,0,0,0,0,0,0,0,0,1.0,1.0,2.3480770587921143,9.483507953393133e-15,nan,nan,nan,nan,nan,nan,nan,nan,0.6283061504364014,0.4070323407649994
1,2521,scene:1,rear,2521,25,0,0,0,0,0,0,0,0,1.0,1.0,0.21323591470718384,7.459061901458333e-15,nan,nan,nan,nan,nan,nan,nan,nan,0.6403754353523254,0.407150000333786
1,2522,scene:1,rear,2522,25,0,0,0,0,0,0,0,0,1.0,1.0,0.9851518273353577,3.975693351829396e-16,nan,nan,nan,nan,nan,nan,nan,nan,0.6416202187538147,0.4132065773010254
1,2523,scene:1,rear,2523,25,0,0,0,0,0,0,0,0,1.0,1.0,1.1164268255233765,7.111936473907614e-15,nan,nan,nan,nan,nan,nan,nan,nan,0.6398414373397827,0.4198099672794342
1,2524,scene:1,rear,2524,25,0,0,0,0,0,0,0,0,1.0,1.0,4.122433185577393,2.2565025782430328e-13,nan,nan,nan,nan,nan,nan,nan,nan,0.6236284375190735,0.39216914772987366
1,2525,scene:1,rear,2525,25,0,0,0,0,0,0,0,0,1.0,1.0,0.38656729459762573,1.1592742780731545e-14,nan,nan,nan,nan,nan,nan,nan,nan,0.6307389140129089,0.4122196137905121
1,2526,scene:1,rear,2526,25,0,0,0,0,0,0,0,0,1.0,1.0,2.690103530883789,8.563905568892112e-15,nan,nan,nan,nan,nan,nan,nan,nan,0.634926438331604,0.4112679064273834
1,2527,scene:1,rear,2527,25,0,0,0,0,0,0,0,0,1.0,1.0,7.475113391876221,6.176204898344735e-15,nan,nan,nan,nan,nan,nan,nan,nan,0.6389550566673279,0.42141786217689514
1,2528,scene:1,rear,2528,25,0,0,0,0,0,0,0,0,1.0,1.0,1.1250962018966675,7.668039643568837e-15,nan,nan,nan,nan,nan,nan,nan,nan,0.634594738483429,0.42431434988975525
1,2529,scene:1,rear,2529,25,0,0,0,0,0,0,0,0,1.0,1.0,3.5870258808135986,9.845361293642995e-15,nan,nan,nan,nan,nan,nan,nan,nan,0.622681200504303,0.4038577377796173
1,2530,scene:1,rear,2530,25,0,0,0,0,0,0,0,0,1.0,1.0,0.853969156742096,6.3611093629270335e-15,nan,nan,nan,nan,nan,nan,nan,nan,0.643409788608551,0.41129302978515625
1,2531,scene:1,rear,2531,25,0,0,0,0,0,0,0,0,1.0,1.0,1.068189263343811,9.550460352690368e-15,nan,nan,nan,nan,nan,nan,nan,nan,0.633876621723175,0.39753350615501404
1,2532,scene:1,rear,2532,25,0,0,0,0,0,0,0,0,1.0,1.0,0.08226864039897919,5.028898508068018e-15,nan,nan,nan,nan,nan,nan,nan,nan,0.6322648525238037,0.3992520570755005
1,2533,scene:1,rear,2533,25,0,0,0,0,0,0,0,0,1.0,1.0,3.648961305618286,2.1088104510994047e-14,nan,nan,nan,nan,nan,nan,nan,nan,0.6427316069602966,0.4193629324436188
1,2534,scene:1,rear,2534,25,0,0,0,0,0,0,0,0,1.0,1.0,2.595546245574951,1.2788051119362308e-14,nan,nan,nan,nan,nan,nan,nan,nan,0.6430588364601135,0.42650890350341797
1,2535,scene:1,rear,2535,25,0,0,0,0,0,0,0,0,1.0,1.0,1.4243048429489136,0.0,nan,nan,nan,nan,nan,nan,nan,nan,0.6381204724311829,0.4152526557445526
1,2536,scene:1,rear,2536,25,0,0,0,0,0,0,0,0,1.0,1.0,0.22537259757518768,1.3364205350716118e-14,nan,nan,nan,nan,nan,nan,nan,nan,0.6458766460418701,0.4047493636608124
1,2537,scene:1,rear,2537,25,0,0,0,0,0,0,0,0,1.0,1.0,1.2117730379104614,1.0488599424582483e-14,nan,nan,nan,nan,nan,nan,nan,nan,0.6432657837867737,0.4026201069355011
1,2538,scene:1,rear,2538,25,0,0,0,0,0,0,0,0,1.0,1.0,0.6193221807479858,1.5336079287137673e-14,nan,nan,nan,nan,nan,nan,nan,nan,0.6460091471672058,0.4030725657939911
1,2539,scene:1,rear,2539,25,0,0,0,0,0,0,0,0,1.0,1.0,0.3730277717113495,0.0,nan,nan,nan,nan,nan,nan,nan,nan,0.6418501734733582,0.40353575348854065
1,2540,scene:1,rear,2540,25,0,0,0,0,0,0,0,0,1.0,1.0,0.5340471863746643,9.574737502465886e-15,nan,nan,nan,nan,nan,nan,nan,nan,0.6356194019317627,0.4037374258041382
1,2541,scene:1,rear,2541,25,0,0,0,0,0,0,0,0,1.0,1.0,1.7912782430648804,8.965166470136715e-15,nan,nan,nan,nan,nan,nan,nan,nan,0.6302955746650696,0.39962682127952576
1,2542,scene:1,rear,2542,25,0,0,0,0,0,0,0,0,1.0,1.0,1.8904813528060913,1.0706008408991832e-15,nan,nan,nan,nan,nan,nan,nan,nan,0.6414940357208252,0.4087386429309845
1,2543,scene:1,rear,2543,25,0,0,0,0,0,0,0,0,1.0,1.0,1.1928589344024658,6.3611093629270335e-15,nan,nan,nan,nan,nan,nan,nan,nan,0.6347273588180542,0.41348960995674133
1,2544,scene:1,rear,2544,25,0,0,0,0,0,0,0,0,1.0,1.0,1.6629419326782227,3.3559634215891954e-15,nan,nan,nan,nan,nan,nan,nan,nan,0.628743588924408,0.41179609298706055
1,2545,scene:1,rear,2545,25,0,0,0,0,0,0,0,0,1.0,1.0,0.397007554769516,1.6305190428181674e-14,nan,nan,nan,nan,nan,nan,nan,nan,0.6332210898399353,0.4026568830013275
1,2546,scene:1,rear,2546,25,0,0,0,0,0,0,0,0,1.0,1.0,0.18133196234703064,5.8263474423547334e-15,nan,nan,nan,nan,nan,nan,nan,nan,0.6337082982063293,0.4037623107433319
1,2547,scene:1,rear,2547,25,0,0,0,0,0,0,0,0,1.0,1.0,0.45002952218055725,6.364214615424862e-15,nan,nan,nan,nan,nan,nan,nan,nan,0.6295583844184875,0.4037300646305084
1,2548,scene:1,rear,2548,25,0,0,0,0,0,0,0,0,1.0,1.0,1.4418898820877075,3.1805546814635168e-15,nan,nan,nan,nan,nan,nan,nan,nan,0.6355889439582825,0.41017889976501465
1,2549,scene:1,rear,2549,25,0,0,0,0,0,0,0,0,1.0,1.0,0.3495804965496063,5.514371416212806e-16,nan,nan,nan,nan,nan,nan,nan,nan,0.6329548358917236,0.4165702760219574
1,2550,scene:1,rear,2550,25,0,0,0,0,0,0,0,0,1.0,1.0,0.12917976081371307,0.0,nan,nan,nan,nan,nan,nan,nan,nan,0.6380999684333801,0.4171689450740814
1,2551,scene:1,rear,2551,25,0,0,0,0,0,0,0,0,1.0,1.0,0.3714173436164856,1.0931349434814545e-14,nan,nan,nan,nan,nan,nan,nan,nan,0.6381258368492126,0.4091111123561859
1,2552,scene:1,rear,2552,25,0,0,0,0,0,0,0,0,1.0,1.0,0.3765241503715515,1.4335944492959486e-14,nan,nan,nan,nan,nan,nan,nan,nan,0.6451113820075989,0.4094593822956085
1,2553,scene:1,rear,2553,25,0,0,0,0,0,0,0,0,1.0,1.0,2.5705485343933105,5.19223877449632e-15,nan,nan,nan,nan,nan,nan,nan,nan,0.6303503513336182,0.3960643708705902
1,2554,scene:1,rear,2554,25,0,0,0,0,0,0,0,0,1.0,1.0,0.49852967262268066,9.803127907811118e-15,nan,nan,nan,nan,nan,nan,nan,nan,0.638623058795929,0.3966948986053467
1,2555,scene:1,rear,2555,25,0,0,0,0,0,0,0,0,1.0,1.0,0.9140353202819824,3.1805546814635168e-15,nan,nan,nan,nan,nan,nan,nan,nan,0.6315820217132568,0.4008347690105438
1,2556,scene:1,rear,2556,25,0,0,0,0,0,0,0,0,1.0,1.0,2.529146432876587,2.3854160110976376e-15,nan,nan,nan,nan,nan,nan,nan,nan,0.6153659224510193,0.3938935697078705
1,2557,scene:1,rear,2557,25,0,0,0,0,0,0,0,0,1.0,1.0,3.7513020038604736,0.0,nan,nan,nan,nan,nan,nan,nan,nan,0.6337072253227234,0.41062092781066895
1,2558,scene:1,rear,2558,25,0,0,0,0,0,0,0,0,1.0,1.0,0.6931679248809814,1.6154541499859187e-14,nan,nan,nan,nan,nan,nan,nan,nan,0.6221797466278076,0.41751548647880554
1,2559,scene:1,rear,2559,25,0,0,0,0,0,0,0,0,1.0,1.0,4.163995265960693,7.156248033292914e-15,nan,nan,nan,nan,nan,nan,nan,nan,0.601132333278656,0.39672771096229553
1,2560,scene:1,rear,2560,25,0,0,0,0,0,0,0,0,1.0,1.0,2.6822080612182617,5.52490025212778e-15,nan,nan,nan,nan,nan,nan,nan,nan,0.636713445186615,0.4158919155597687
1,2561,scene:1,rear,2561,25,0,0,0,0,0,0,0,0,1.0,1.0,1.1361955404281616,2.087239009710433e-15,nan,nan,nan,nan,nan,nan,nan,nan,0.6383135318756104,0.4193893373012543
1,2562,scene:1,rear,2562,25,0,0,0,0,0,0,0,0,1.0,1.0,2.669954776763916,4.9916979577700865e-15,nan,nan,nan,nan,nan,nan,nan,nan,0.6153220534324646,0.3969404399394989
1,2563,scene:1,rear,2563,25,0,0,0,0,0,0,0,0,1.0,1.0,2.306532621383667,1.8305466880387007e-14,nan,nan,nan,nan,nan,nan,nan,nan,0.6191402077674866,0.40702298283576965
1,2564,scene:1,rear,2564,25,0,0,0,0,0,0,0,0,1.0,1.0,0.8202842473983765,6.3611093629270335e-15,nan,nan,nan,nan,nan,nan,nan,nan,0.621673583984375,0.4047982394695282
1,2565,scene:1,rear,2565,25,0,0,0,0,0,0,0,0,1.0,1.0,0.5358843803405762,1.2919474190127153e-14,nan,nan,nan,nan,nan,nan,nan,nan,0.6186379194259644,0.4116865396499634
1,2566,scene:1,rear,2566,25,0,0,0,0,0,0,0,0,1.0,1.0,7.441843509674072,6.3611093629270335e-15,nan,nan,nan,nan,nan,nan,nan,nan,0.5775962471961975,0.39390090107917786
1,2571,scene:1,rear,2571,26,1,0,0,0,0,0,0,0,1.0,1.0,0.0,2.8112397289968406e-16,nan,nan,nan,nan,nan,nan,nan,nan,0.0,0.0
1,2572,scene:1,rear,2572,26,0,0,0,0,0,0,0,0,1.0,1.0,0.2387213110923767,0.0,nan,nan,nan,nan,nan,nan,nan,nan,0.6204848289489746,0.46428489685058594
1,2573,scene:1,rear,2573,26,0,0,0,0,0,0,0,0,1.0,1.0,0.1915748566389084,1.948317925717374e-15,nan,nan,nan,nan,nan,nan,nan,nan,0.6442475318908691,0.46085357666015625
1,2574,scene:1,rear,2574,26,0,0,0,0,0,0,0,0,1.0,1.0,0.06679292768239975,6.363681007987868e-15,nan,nan,nan,nan,nan,nan,nan,nan,0.6407730579376221,0.45947369933128357
1,2575,scene:1,rear,2575,26,0,0,0,0,0,0,0,0,1.0,1.0,57.316673278808594,6.3611093629270335e-15,nan,nan,nan,nan,nan,nan,nan,nan,0.32903239130973816,0.37423762679100037
1,2576,scene:1,rear,2576,26,0,0,0,0,0,0,0,0,1.0,1.0,50.841392517089844,5.627200820395673e-15,nan,nan,nan,nan,nan,nan,nan,nan,0.3314928710460663,0.37027862668037415
1,2577,scene:1,rear,2577,26,0,0,0,0,0,0,0,0,1.0,1.0,56.622283935546875,0.0,nan,nan,nan,nan,nan,nan,nan,nan,0.33391067385673523,0.36442020535469055
1,2578,scene:1,rear,2578,26,0,0,0,0,0,0,0,0,1.0,1.0,52.62611389160156,5.1415722481029876e-15,nan,nan,nan,nan,nan,nan,nan,nan,0.3431018590927124,0.36406078934669495
1,2579,scene:1,rear,2579,26,0,0,0,0,0,0,0,0,1.0,1.0,40.302730560302734,2.638412805374282e-15,nan,nan,nan,nan,nan,nan,nan,nan,0.37573909759521484,0.3706129789352417
1,2580,scene:1,rear,2580,26,0,0,0,0,0,0,0,0,1.0,1.0,61.82538986206055,7.11471403170689e-15,nan,nan,nan,nan,nan,nan,nan,nan,0.337909460067749,0.3583962023258209
1,2581,scene:1,rear,2581,26,0,0,0,0,0,0,0,0,1.0,1.0,51.80626678466797,1.5902773407317584e-15,nan,nan,nan,nan,nan,nan,nan,nan,0.3519833981990814,0.36014190316200256
1,2582,scene:1,rear,2582,26,0,0,0,0,0,0,0,0,1.0,1.0,54.82864761352539,1.2760984793902396e-14,nan,nan,nan,nan,nan,nan,nan,nan,0.3420126438140869,0.360396146774292
1,2583,scene:1,rear,2583,26,0,0,0,0,0,0,0,0,1.0,1.0,58.86860275268555,1.3166468356710003e-13,nan,nan,nan,nan,nan,nan,nan,nan,0.33347225189208984,0.35846543312072754
1,2584,scene:1,rear,2584,26,0,0,0,0,0,0,0,0,1.0,1.0,71.28670501708984,6.471959881953704e-15,nan,nan,nan,nan,nan,nan,nan,nan,0.319159597158432,0.3545973300933838
1,2585,scene:1,rear,2585,26,0,0,0,0,0,0,0,0,1.0,1.0,78.02631378173828,3.4200207374455404e-15,nan,nan,nan,nan,nan,nan,nan,nan,0.30997005105018616,0.35305774211883545
1,2586,scene:1,rear,2586,26,0,0,0,0,0,0,0,0,1.0,1.0,60.1141471862793,6.210231542525956e-15,nan,nan,nan,nan,nan,nan,nan,nan,0.3239050805568695,0.35902801156044006
1,2587,scene:1,rear,2587,26,0,0,0,0,0,0,0,0,1.0,1.0,36.314151763916016,0.0,nan,nan,nan,nan,nan,nan,nan,nan,0.38999807834625244,0.36741435527801514
1,2588,scene:1,rear,2588,26,0,0,0,0,0,0,0,0,1.0,1.0,89.68586730957031,0.0,nan,nan,nan,nan,nan,nan,nan,nan,0.3020642101764679,0.3521534502506256
1,2589,scene:1,rear,2589,26,0,0,0,0,0,0,0,0,1.0,1.0,74.32853698730469,0.0,nan,nan,nan,nan,nan,nan,nan,nan,0.30498990416526794,0.35316917300224304
1,2590,scene:1,rear,2590,26,0,0,0,0,0,0,0,0,1.0,1.0,11.153206825256348,9.152733440193504e-15,nan,nan,nan,nan,nan,nan,nan,nan,0.6750338673591614,0.5277199745178223
1,2591,scene:1,rear,2591,26,0,0,0,0,0,0,0,0,1.0,1.0,2.482492685317993,0.0,nan,nan,nan,nan,nan,nan,nan,nan,0.6512966752052307,0.4986551105976105
1,2592,scene:1,rear,2592,26,0,0,0,0,0,0,0,0,1.0,1.0,0.5985206365585327,8.563905568892112e-15,nan,nan,nan,nan,nan,nan,nan,nan,0.6233793497085571,0.4938699007034302
1,2593,scene:1,rear,2593,26,0,0,0,0,0,0,0,0,1.0,1.0,0.5209860801696777,7.845110949847762e-15,nan,nan,nan,nan,nan,nan,nan,nan,0.6269295811653137,0.48488321900367737
1,2594,scene:1,rear,2594,26,0,0,0,0,0,0,0,0,1.0,1.0,0.2021472007036209,2.835915323703573e-13,nan,nan,nan,nan,nan,nan,nan,nan,0.634021520614624,0.47798487544059753
1,2595,scene:1,rear,2595,26,0,0,0,0,0,0,0,0,1.0,1.0,75.46343231201172,8.119836049607159e-15,nan,nan,nan,nan,nan,nan,nan,nan,0.3196914494037628,0.37148618698120117
1,2596,scene:1,rear,2596,26,0,0,0,0,0,0,0,0,1.0,1.0,64.49374389648438,4.5677239046017444e-15,nan,nan,nan,nan,nan,nan,nan,nan,0.3080953359603882,0.3662492334842682
1,2597,scene:1,rear,2597,26,0,0,0,0,0,0,0,0,1.0,1.0,85.12403869628906,7.397888316012201e-15,nan,nan,nan,nan,nan,nan,nan,nan,0.2991994321346283,0.3579351007938385
1,2598,scene:1,rear,2598,26,0,0,0,0,0,0,0,0,1.0,1.0,86.14427947998047,6.3611093629270335e-15,nan,nan,nan,nan,nan,nan,nan,nan,0.3034374713897705,0.35567381978034973
1,2599,scene:1,rear,2599,26,0,0,0,0,0,0,0,0,1.0,1.0,45.474666595458984,6.556881449863406e-15,nan,nan,nan,nan,nan,nan,nan,nan,0.36476877331733704,0.36541250348091125
1,2600,scene:1,rear,2600,26,0,0,0,0,0,0,0,0,1.0,1.0,73.80673217773438,6.198289544021308e-15,nan,nan,nan,nan,nan,nan,nan,nan,0.31515076756477356,0.3564818203449249
1,2601,scene:1,rear,2601,26,0,0,0,0,0,0,0,0,1.0,1.0,87.39106750488281,1.1426228459359045e-14,nan,nan,nan,nan,nan,nan,nan,nan,0.29552438855171204,0.3519717752933502
1,2602,scene:1,rear,2602,26,0,0,0,0,0,0,0,0,1.0,1.0,71.12712097167969,9.031039262418649e-15,nan,nan,nan,nan,nan,nan,nan,nan,0.3076864182949066,0.35715344548225403
1,2603,scene:1,rear,2603,26,0,0,0,0,0,0,0,0,1.0,1.0,52.79750442504883,9.513441732639154e-15,nan,nan,nan,nan,nan,nan,nan,nan,0.34622326493263245,0.3624850809574127
1,2604,scene:1,rear,2604,26,0,0,0,0,0,0,0,0,1.0,1.0,48.001739501953125,3.355871430760359e-15,nan,nan,nan,nan,nan,nan,nan,nan,0.35752689838409424,0.3642541468143463
1,2605,scene:1,rear,2605,26,0,0,0,0,0,0,0,0,1.0,1.0,39.96678161621094,1.894340458447273e-15,nan,nan,nan,nan,nan,nan,nan,nan,0.39291033148765564,0.3670813739299774
1,2606,scene:1,rear,2606,26,0,0,0,0,0,0,0,0,1.0,1.0,30.662263870239258,6.556881449863406e-15,nan,nan,nan,nan,nan,nan,nan,nan,0.43442606925964355,0.3683663606643677
1,2607,scene:1,rear,2607,26,0,0,0,0,0,0,0,0,1.0,1.0,20.28933334350586,7.988610523702773e-15,nan,nan,nan,nan,nan,nan,nan,nan,0.481375128030777,0.3755219876766205
1,2608,scene:1,rear,2608,26,0,0,0,0,0,0,0,0,1.0,1.0,26.561681747436523,1.3402518148876299e-14,nan,nan,nan,nan,nan,nan,nan,nan,0.4522482454776764,0.37043651938438416
1,2609,scene:1,rear,2609,26,0,0,0,0,0,0,0,0,1.0,1.0,15.987447738647461,4.770832022195275e-15,nan,nan,nan,nan,nan,nan,nan,nan,0.5276065468788147,0.3795945346355438
1,2610,scene:1,rear,2610,26,0,0,0,0,0,0,0,0,1.0,1.0,29.13848304748535,7.268563477115418e-15,nan,nan,nan,nan,nan,nan,nan,nan,0.6395584940910339,0.5292758345603943
1,2623,scene:1,rear,2623,27,1,0,0,0,0,0,0,0,1.0,1.0,0.0,4.054427596207839e-15,nan,nan,nan,nan,nan,nan,nan,nan,0.0,0.0
1,2624,scene:1,rear,2624,27,0,0,0,0,0,0,0,0,1.0,1.0,4.0904059410095215,3.975693351829396e-16,nan,nan,nan,nan,nan,nan,nan,nan,0.6388302445411682,0.4526495635509491
1,2626,scene:1,rear,2626,28,1,0,0,0,0,0,0,0,1.0,1.0,0.0,6.3611093629270335e-15,nan,nan,nan,nan,nan,nan,nan,nan,0.0,0.0
1,2628,scene:1,rear,2628,29,1,0,0,0,0,0,0,0,1.0,1.0,0.0,7.991044738720528e-15,nan,nan,nan,nan,nan,nan,nan,nan,0.0,0.0
1,2631,scene:1,rear,2631,30,1,0,0,0,0,0,0,0,1.0,1.0,0.0,7.111936473907614e-15,nan,nan,nan,nan,nan,nan,nan,nan,0.0,0.0
1,2633,scene:1,rear,2633,31,1,0,0,0,0,0,0,0,1.0,1.0,0.0,4.5677239046017444e-15,nan,nan,nan,nan,nan,nan,nan,nan,0.0,0.0
1,2637,scene:1,rear,2637,32,1,0,0,0,0,0,0,0,1.0,1.0,0.0,0.0,nan,nan,nan,nan,nan,nan,nan,nan,0.0,0.0
1,2639,scene:1,rear,2639,33,1,0,0,0,0,0,0,0,1.0,1.0,0.0,0.0,nan,nan,nan,nan,nan,nan,nan,nan,0.0,0.0
1,2646,scene:1,rear,2646,34,1,0,0,0,0,0,0,0,1.0,1.0,0.0,3.3101079443996105e-14,nan,nan,nan,nan,nan,nan,nan,nan,0.0,0.0
1,2651,scene:1,rear,2651,35,1,0,0,0,0,0,0,0,1.0,1.0,0.0,3.1805546814635168e-15,nan,nan,nan,nan,nan,nan,nan,nan,0.0,0.0
1,2656,scene:1,rear,2656,36,1,0,0,0,0,0,0,0,1.0,1.0,0.0,2.1877153548146802e-14,nan,nan,nan,nan,nan,nan,nan,nan,0.0,0.0
1,2665,scene:1,rear,2665,37,1,0,0,0,0,0,0,0,1.0,1.0,0.0,1.4295921080056412e-14,nan,nan,nan,nan,nan,nan,nan,nan,0.0,0.0
1,2666,scene:1,rear,2666,37,0,0,0,0,0,0,0,0,1.0,1.0,0.03742341324687004,0.0,nan,nan,nan,nan,nan,nan,nan,nan,0.6383123993873596,0.46337890625
1,2667,scene:1,rear,2667,37,0,0,0,0,0,0,0,0,1.0,1.0,0.08212791383266449,6.6644764786187886e-15,nan,nan,nan,nan,nan,nan,nan,nan,0.6493241786956787,0.45745226740837097
1,2669,scene:1,rear,2669,38,1,0,0,0,0,0,0,0,1.0,1.0,0.0,6.542753283522929e-15,nan,nan,nan,nan,nan,nan,nan,nan,0.0,0.0
1,2671,scene:1,rear,2671,39,1,0,0,0,0,0,0,0,1.0,1.0,0.0,0.0,nan,nan,nan,nan,nan,nan,nan,nan,0.0,0.0
1,2672,scene:1,rear,2672,39,0,0,0,0,0,0,0,0,1.0,1.0,0.23526903986930847,1.5902773407317584e-15,nan,nan,nan,nan,nan,nan,nan,nan,0.6259828209877014,0.46231892704963684
1,2674,scene:1,rear,2674,40,1,0,0,0,0,0,0,0,1.0,1.0,0.0,0.0,nan,nan,nan,nan,nan,nan,nan,nan,0.0,0.0
1,2675,scene:1,rear,2675,40,0,0,0,0,0,0,0,0,1.0,1.0,0.07189527899026871,0.0,nan,nan,nan,nan,nan,nan,nan,nan,0.6215305328369141,0.4634898900985718
1,2676,scene:1,rear,2676,40,0,0,0,0,0,0,0,0,1.0,1.0,0.05830887332558632,2.7544411522729284e-15,nan,nan,nan,nan,nan,nan,nan,nan,0.6590624451637268,0.4695572853088379
1,2677,scene:1,rear,2677,40,0,0,0,0,0,0,0,0,1.0,1.0,0.0965486690402031,1.0503658440843723e-14,nan,nan,nan,nan,nan,nan,nan,nan,0.6562062501907349,0.46426844596862793
1,2678,scene:1,rear,2678,40,0,0,0,0,0,0,0,0,1.0,1.0,0.0899697095155716,7.000636076967348e-15,nan,nan,nan,nan,nan,nan,nan,nan,0.6597934365272522,0.4711376130580902
1,2679,scene:1,rear,2679,40,0,0,0,0,0,0,0,0,1.0,1.0,0.08453244715929031,0.0,nan,nan,nan,nan,nan,nan,nan,nan,0.6533511877059937,0.47107163071632385
1,2680,scene:1,rear,2680,40,0,0,0,0,0,0,0,0,1.0,1.0,0.14040184020996094,0.0,nan,nan,nan,nan,nan,nan,nan,nan,0.647243320941925,0.4732470214366913
1,2681,scene:1,rear,2681,40,0,0,0,0,0,0,0,0,1.0,1.0,0.09029023349285126,0.0,nan,nan,nan,nan,nan,nan,nan,nan,0.6474275588989258,0.4760584831237793
1,2682,scene:1,rear,2682,40,0,0,0,0,0,0,0,0,1.0,1.0,0.06051008403301239,1.3610581655373401e-14,nan,nan,nan,nan,nan,nan,nan,nan,0.6479032039642334,0.4717855155467987
1,2683,scene:1,rear,2683,40,0,0,0,0,0,0,0,0,1.0,1.0,0.24053768813610077,9.306859524041228e-15,nan,nan,nan,nan,nan,nan,nan,nan,0.6481758952140808,0.47934702038764954
1,2684,scene:1,rear,2684,40,0,0,0,0,0,0,0,0,1.0,1.0,0.15607860684394836,1.449902170663525e-14,nan,nan,nan,nan,nan,nan,nan,nan,0.6488795876502991,0.47831034660339355
1,2685,scene:1,rear,2685,40,0,0,0,0,0,0,0,0,1.0,1.0,0.3504030406475067,9.582988031788648e-15,nan,nan,nan,nan,nan,nan,nan,nan,0.6539568305015564,0.4833498001098633
1,2686,scene:1,rear,2686,40,0,0,0,0,0,0,0,0,1.0,1.0,0.11837255954742432,8.101542229684318e-15,nan,nan,nan,nan,nan,nan,nan,nan,0.66205233335495,0.4811626970767975
1,2687,scene:1,rear,2687,40,0,0,0,0,0,0,0,0,1.0,1.0,0.14075107872486115,4.174478019420866e-15,nan,nan,nan,nan,nan,nan,nan,nan,0.6577261090278625,0.48598039150238037
1,2688,scene:1,rear,2688,40,0,0,0,0,0,0,0,0,1.0,1.0,0.1034293994307518,1.7336769763374687e-15,nan,nan,nan,nan,nan,nan,nan,nan,0.6620519161224365,0.4823511838912964
1,2689,scene:1,rear,2689,40,0,0,0,0,0,0,0,0,1.0,1.0,0.348537802696228,1.7779841184769035e-15,nan,nan,nan,nan,nan,nan,nan,nan,0.6619082093238831,0.4791165590286255
1,2690,scene:1,rear,2690,40,0,0,0,0,0,0,0,0,1.0,1.0,63.69317626953125,1.987846675914698e-16,nan,nan,nan,nan,nan,nan,nan,nan,0.30675315856933594,0.3820172846317291
1,2691,scene:1,rear,2691,40,0,0,0,0,0,0,0,0,1.0,1.0,64.81893920898438,3.2234582684614353e-15,nan,nan,nan,nan,nan,nan,nan,nan,0.2919808328151703,0.36642834544181824
1,2692,scene:1,rear,2692,40,0,0,0,0,0,0,0,0,1.0,1.0,76.54745483398438,1.5902773407317584e-15,nan,nan,nan,nan,nan,nan,nan,nan,0.2845960557460785,0.36152756214141846
1,2693,scene:1,rear,2693,40,0,0,0,0,0,0,0,0,1.0,1.0,57.15834426879883,3.105115771262978e-15,nan,nan,nan,nan,nan,nan,nan,nan,0.3117472231388092,0.3643982410430908
1,2694,scene:1,rear,2694,40,0,0,0,0,0,0,0,0,1.0,1.0,81.3611068725586,2.3854160110976376e-15,nan,nan,nan,nan,nan,nan,nan,nan,0.2887208163738251,0.3573284149169922
1,2695,scene:1,rear,2695,40,0,0,0,0,0,0,0,0,1.0,1.0,68.89289855957031,6.3611093629270335e-15,nan,nan,nan,nan,nan,nan,nan,nan,0.30053579807281494,0.35967299342155457
1,2696,scene:1,rear,2696,40,0,0,0,0,0,0,0,0,1.0,1.0,64.37200164794922,5.229208171038919e-15,nan,nan,nan,nan,nan,nan,nan,nan,0.3115789592266083,0.3600873053073883
1,2697,scene:1,rear,2697,40,0,0,0,0,0,0,0,0,1.0,1.0,75.18706512451172,9.220277046148751e-14,nan,nan,nan,nan,nan,nan,nan,nan,0.295756071805954,0.3569049537181854
1,2698,scene:1,rear,2698,40,0,0,0,0,0,0,0,0,1.0,1.0,52.054718017578125,7.951386703658792e-15,nan,nan,nan,nan,nan,nan,nan,nan,0.3335539400577545,0.3631270229816437
1,2699,scene:1,rear,2699,40,0,0,0,0,0,0,0,0,1.0,1.0,24.676084518432617,3.975693351829396e-16,nan,nan,nan,nan,nan,nan,nan,nan,0.42356133460998535,0.3792138993740082
1,2700,scene:1,rear,2700,40,0,0,0,0,0,0,0,0,1.0,1.0,66.8564224243164,1.602653226532279e-14,nan,nan,nan,nan,nan,nan,nan,nan,0.29979145526885986,0.3561427891254425
1,2701,scene:1,rear,2701,40,0,0,0,0,0,0,0,0,1.0,1.0,29.960102081298828,3.557899360375587e-15,nan,nan,nan,nan,nan,nan,nan,nan,0.3869573771953583,0.36998605728149414
1,2702,scene:1,rear,2702,40,0,0,0,0,0,0,0,0,1.0,1.0,42.41240692138672,3.1805546814635168e-15,nan,nan,nan,nan,nan,nan,nan,nan,0.33176693320274353,0.36127546429634094
1,2703,scene:1,rear,2703,40,0,0,0,0,0,0,0,0,1.0,1.0,19.442867279052734,0.0,nan,nan,nan,nan,nan,nan,nan,nan,0.4648134410381317,0.38966405391693115
1,2704,scene:1,rear,2704,40,0,0,0,0,0,0,0,0,1.0,1.0,19.240882873535156,6.3613034856169464e-15,nan,nan,nan,nan,nan,nan,nan,nan,0.4483623802661896,0.37703725695610046
1,2705,scene:1,rear,2705,40,0,0,0,0,0,0,0,0,1.0,1.0,17.153648376464844,0.0,nan,nan,nan,nan,nan,nan,nan,nan,0.44875726103782654,0.37381938099861145
1,2706,scene:1,rear,2706,40,0,0,0,0,0,0,0,0,1.0,1.0,19.11541748046875,1.5784303733706135e-14,nan,nan,nan,nan,nan,nan,nan,nan,0.4594999849796295,0.3801414966583252
1,2707,scene:1,rear,2707,40,0,0,0,0,0,0,0,0,1.0,1.0,24.080873489379883,1.9395771559213423e-14,nan,nan,nan,nan,nan,nan,nan,nan,0.42503905296325684,0.37154749035835266
1,2708,scene:1,rear,2708,40,0,0,0,0,0,0,0,0,1.0,1.0,49.952247619628906,3.217994694712927e-15,nan,nan,nan,nan,nan,nan,nan,nan,0.3229350447654724,0.35704198479652405
1,2709,scene:1,rear,2709,40,0,0,0,0,0,0,0,0,1.0,1.0,49.27676010131836,2.866913247108436e-15,nan,nan,nan,nan,nan,nan,nan,nan,0.33102282881736755,0.36227551102638245
1,2710,scene:1,rear,2710,40,0,0,0,0,0,0,0,0,1.0,1.0,39.74274826049805,9.332597450567021e-15,nan,nan,nan,nan,nan,nan,nan,nan,0.3635201156139374,0.36209654808044434
1,2711,scene:1,rear,2711,40,0,0,0,0,0,0,0,0,1.0,1.0,29.134166717529297,4.281952784446056e-15,nan,nan,nan,nan,nan,nan,nan,nan,0.39188122749328613,0.36976540088653564
1,2712,scene:1,rear,2712,40,0,0,0,0,0,0,0,0,1.0,1.0,8.567615509033203,1.1280920422362148e-14,nan,nan,nan,nan,nan,nan,nan,nan,0.5595521330833435,0.4076199233531952
1,2713,scene:1,rear,2713,40,0,0,0,0,0,0,0,0,1.0,1.0,28.883337020874023,4.226220003666624e-15,nan,nan,nan,nan,nan,nan,nan,nan,0.39786383509635925,0.37225285172462463
1,2714,scene:1,rear,2714,40,0,0,0,0,0,0,0,0,1.0,1.0,24.855817794799805,3.1805546814635168e-15,nan,nan,nan,nan,nan,nan,nan,nan,0.4333229064941406,0.37414732575416565
1,2715,scene:1,rear,2715,40,0,0,0,0,0,0,0,0,1.0,1.0,37.01498794555664,0.0,nan,nan,nan,nan,nan,nan,nan,nan,0.3775021731853485,0.36441728472709656
1,2716,scene:1,rear,2716,40,0,0,0,0,0,0,0,0,1.0,1.0,17.415576934814453,3.1805546814635168e-15,nan,nan,nan,nan,nan,nan,nan,nan,0.4705241620540619,0.3780381977558136
1,2717,scene:1,rear,2717,40,0,0,0,0,0,0,0,0,1.0,1.0,21.917142868041992,1.0175464623199246e-14,nan,nan,nan,nan,nan,nan,nan,nan,0.44260576367378235,0.3710768222808838
1,2718,scene:1,rear,2718,40,0,0,0,0,0,0,0,0,1.0,1.0,8.982770919799805,1.2308434655708568e-14,nan,nan,nan,nan,nan,nan,nan,nan,0.5237283110618591,0.3811124861240387
1,2719,scene:1,rear,2719,40,0,0,0,0,0,0,0,0,1.0,1.0,2.1427438259124756,8.637988680192926e-15,nan,nan,nan,nan,nan,nan,nan,nan,0.5565547347068787,0.3951626121997833
1,2720,scene:1,rear,2720,40,0,0,0,0,0,0,0,0,1.0,1.0,12.440897941589355,1.1246715803571863e-14,nan,nan,nan,nan,nan,nan,nan,nan,0.47815048694610596,0.3811565935611725
1,2721,scene:1,rear,2721,40,0,0,0,0,0,0,0,0,1.0,1.0,1.04072105884552,1.4887793843118597e-13,nan,nan,nan,nan,nan,nan,nan,nan,0.5753416419029236,0.4128243923187256
1,2722,scene:1,rear,2722,40,0,0,0,0,0,0,0,0,1.0,1.0,1.4451723098754883,7.951386703658792e-16,nan,nan,nan,nan,nan,nan,nan,nan,0.5823089480400085,0.4276522696018219
1,2723,scene:1,rear,2723,40,0,0,0,0,0,0,0,0,1.0,1.0,0.14573971927165985,1.987846675914698e-15,nan,nan,nan,nan,nan,nan,nan,nan,0.5937300324440002,0.4214659631252289
1,2724,scene:1,rear,2724,40,0,0,0,0,0,0,0,0,1.0,1.0,13.474228858947754,8.275419081917434e-15,nan,nan,nan,nan,nan,nan,nan,nan,0.528351366519928,0.391526460647583
1,2725,scene:1,rear,2725,40,0,0,0,0,0,0,0,0,1.0,1.0,9.679139137268066,1.4044949184482661e-14,nan,nan,nan,nan,nan,nan,nan,nan,0.5357733368873596,0.3878300189971924
1,2726,scene:1,rear,2726,40,0,0,0,0,0,0,0,0,1.0,1.0,4.055572509765625,7.951386703658792e-16,nan,nan,nan,nan,nan,nan,nan,nan,0.5818221569061279,0.4010082185268402
1,2727,scene:1,rear,2727,40,0,0,0,0,0,0,0,0,1.0,1.0,1.2613650560379028,1.738563529191407e-14,nan,nan,nan,nan,nan,nan,nan,nan,0.5793930888175964,0.4000917673110962
1,2728,scene:1,rear,2728,40,0,0,0,0,0,0,0,0,1.0,1.0,1.7587863206863403,0.0,nan,nan,nan,nan,nan,nan,nan,nan,0.5829936861991882,0.4093996286392212
1,2729,scene:1,rear,2729,40,0,0,0,0,0,0,0,0,1.0,1.0,17.443212509155273,7.951386703658792e-16,nan,nan,nan,nan,nan,nan,nan,nan,0.6200907230377197,0.4439743459224701
1,2730,scene:1,rear,2730,40,0,0,0,0,0,0,0,0,1.0,1.0,8.934113502502441,2.8697496831990307e-13,nan,nan,nan,nan,nan,nan,nan,nan,0.6298829913139343,0.4509359300136566
1,2731,scene:1,rear,2731,40,0,0,0,0,0,0,0,0,1.0,1.0,2.591517210006714,0.0,nan,nan,nan,nan,nan,nan,nan,nan,0.6406841278076172,0.4386245310306549
1,2732,scene:1,rear,2732,40,0,0,0,0,0,0,0,0,1.0,1.0,1.0677530765533447,6.361124528975512e-15,nan,nan,nan,nan,nan,nan,nan,nan,0.6479066014289856,0.4230458736419678
1,2733,scene:1,rear,2733,40,0,0,0,0,0,0,0,0,1.0,1.0,2.420898675918579,7.39910115672841e-15,nan,nan,nan,nan,nan,nan,nan,nan,0.640402615070343,0.3961411416530609
1,2734,scene:1,rear,2734,40,0,0,0,0,0,0,0,0,1.0,1.0,2.257671594619751,2.0616423541609585e-15,nan,nan,nan,nan,nan,nan,nan,nan,0.640807569026947,0.3949749171733856
1,2735,scene:1,rear,2735,40,0,0,0,0,0,0,0,0,1.0,1.0,9.83486557006836,9.830424387118143e-15,nan,nan,nan,nan,nan,nan,nan,nan,0.5783895254135132,0.3785938024520874
1,2736,scene:1,rear,2736,40,0,0,0,0,0,0,0,0,1.0,1.0,4.476643085479736,1.997761184680132e-15,nan,nan,nan,nan,nan,nan,nan,nan,0.6471428275108337,0.41766348481178284
1,2737,scene:1,rear,2737,40,0,0,0,0,0,0,0,0,1.0,1.0,0.19497372210025787,3.4605807261279194e-15,nan,nan,nan,nan,nan,nan,nan,nan,0.6224236488342285,0.40560221672058105
1,2738,scene:1,rear,2738,40,0,0,0,0,0,0,0,0,1.0,1.0,0.2577502727508545,2.9829571846212863e-13,nan,nan,nan,nan,nan,nan,nan,nan,0.6172063946723938,0.41430559754371643
1,2739,scene:1,rear,2739,40,0,0,0,0,0,0,0,0,1.0,1.0,21.96626853942871,3.975693351829396e-16,nan,nan,nan,nan,nan,nan,nan,nan,0.4496869146823883,0.38038912415504456
1,2740,scene:1,rear,2740,40,0,0,0,0,0,0,0,0,1.0,1.0,3.6288862228393555,2.435132462060778e-14,nan,nan,nan,nan,nan,nan,nan,nan,0.588981568813324,0.41218307614326477
1,2741,scene:1,rear,2741,40,0,0,0,0,0,0,0,0,1.0,1.0,2.8409414291381836,1.275136016254387e-14,nan,nan,nan,nan,nan,nan,nan,nan,0.5664179921150208,0.4003318250179291
1,2742,scene:1,rear,2742,40,0,0,0,0,0,0,0,0,1.0,1.0,8.785931587219238,3.975693351829396e-16,nan,nan,nan,nan,nan,nan,nan,nan,0.5307508111000061,0.3939262330532074
1,2743,scene:1,rear,2743,40,0,0,0,0,0,0,0,0,1.0,1.0,1.284854769706726,7.148403214083824e-15,nan,nan,nan,nan,nan,nan,nan,nan,0.5614699721336365,0.40853962302207947
1,2744,scene:1,rear,2744,40,0,0,0,0,0,0,0,0,1.0,1.0,1.842133641242981,1.1604666845226083e-14,nan,nan,nan,nan,nan,nan,nan,nan,0.5650434494018555,0.41196921467781067
1,2745,scene:1,rear,2745,40,0,0,0,0,0,0,0,0,1.0,1.0,16.323366165161133,2.4848083448933725e-17,nan,nan,nan,nan,nan,nan,nan,nan,0.6217136979103088,0.44064489006996155
1,2746,scene:1,rear,2746,40,0,0,0,0,0,0,0,0,1.0,1.0,4.543699264526367,6.3611093629270335e-15,nan,nan,nan,nan,nan,nan,nan,nan,0.6255742311477661,0.44285106658935547
1,2749,scene:1,rear,2749,41,1,0,0,0,0,0,0,0,1.0,1.0,0.0,1.7828945749277558e-14,nan,nan,nan,nan,nan,nan,nan,nan,0.0,0.0
1,2751,scene:1,rear,2751,42,1,0,0,0,0,0,0,0,1.0,1.0,0.0,3.975693351829396e-16,nan,nan,nan,nan,nan,nan,nan,nan,0.0,0.0
1,2752,scene:1,rear,2752,42,0,0,0,0,0,0,0,0,1.0,1.0,17.637855529785156,3.3322382393093943e-15,nan,nan,nan,nan,nan,nan,nan,nan,0.4709155559539795,0.4062179625034332
1,2753,scene:1,rear,2753,42,0,0,0,0,0,0,0,0,1.0,1.0,22.078296661376953,3.3532946629789617e-15,nan,nan,nan,nan,nan,nan,nan,nan,0.4450858533382416,0.3878781497478485
1,2754,scene:1,rear,2754,42,0,0,0,0,0,0,0,0,1.0,1.0,14.954729080200195,4.093226830441637e-15,nan,nan,nan,nan,nan,nan,nan,nan,0.502001166343689,0.3918873071670532
1,2755,scene:1,rear,2755,42,0,0,0,0,0,0,0,0,1.0,1.0,13.761734008789062,1.2445888829338324e-14,nan,nan,nan,nan,nan,nan,nan,nan,0.5063937306404114,0.38918712735176086
1,2756,scene:1,rear,2756,42,0,0,0,0,0,0,0,0,1.0,1.0,0.9214734435081482,3.975693351829396e-15,nan,nan,nan,nan,nan,nan,nan,nan,0.5790534615516663,0.3974638879299164
1,2757,scene:1,rear,2757,42,0,0,0,0,0,0,0,0,1.0,1.0,17.03085708618164,9.385078685381738e-15,nan,nan,nan,nan,nan,nan,nan,nan,0.6216318011283875,0.4368613660335541
1,2758,scene:1,rear,2758,42,0,0,0,0,0,0,0,0,1.0,1.0,4.749299049377441,5.2709058147864596e-14,nan,nan,nan,nan,nan,nan,nan,nan,0.6272834539413452,0.4452342689037323
1,2759,scene:1,rear,2759,42,0,0,0,0,0,0,0,0,1.0,1.0,3.7593061923980713,3.6495397874813444e-15,nan,nan,nan,nan,nan,nan,nan,nan,0.6426517963409424,0.4351111352443695
1,2760,scene:1,rear,2760,42,0,0,0,0,0,0,0,0,1.0,1.0,6.00827693939209,1.5968794385180916e-14,nan,nan,nan,nan,nan,nan,nan,nan,0.6138107180595398,0.4144054353237152
1,2761,scene:1,rear,2761,42,0,0,0,0,0,0,0,0,1.0,1.0,2.6251187324523926,3.741180297166085e-15,nan,nan,nan,nan,nan,nan,nan,nan,0.6330782175064087,0.3964988887310028
1,2762,scene:1,rear,2762,42,0,0,0,0,0,0,0,0,1.0,1.0,1.1015608310699463,8.030506928042854e-15,nan,nan,nan,nan,nan,nan,nan,nan,0.6481900215148926,0.3952299654483795
1,2763,scene:1,rear,2763,42,0,0,0,0,0,0,0,0,1.0,1.0,1.956339955329895,3.398287701813532e-15,nan,nan,nan,nan,nan,nan,nan,nan,0.6351025700569153,0.4090375602245331
1,2764,scene:1,rear,2764,42,0,0,0,0,0,0,0,0,1.0,1.0,3.173658847808838,1.1423352371017415e-14,nan,nan,nan,nan,nan,nan,nan,nan,0.6383882761001587,0.42713502049446106
1,2765,scene:1,rear,2765,42,0,0,0,0,0,0,0,0,1.0,1.0,1.1233168840408325,2.6521182561044113e-14,nan,nan,nan,nan,nan,nan,nan,nan,0.644164502620697,0.4278823137283325
1,2766,scene:1,rear,2766,42,0,0,0,0,0,0,0,0,1.0,1.0,0.6407404541969299,1.5902773407317584e-15,nan,nan,nan,nan,nan,nan,nan,nan,0.645298182964325,0.4165492355823517
1,2767,scene:1,rear,2767,42,0,0,0,0,0,0,0,0,1.0,1.0,1.6628589630126953,4.515519631209324e-15,nan,nan,nan,nan,nan,nan,nan,nan,0.6566639542579651,0.4138789176940918
1,2768,scene:1,rear,2768,42,0,0,0,0,0,0,0,0,1.0,1.0,13.555683135986328,1.997761184680132e-15,nan,nan,nan,nan,nan,nan,nan,nan,0.574842631816864,0.3903242349624634
1,2769,scene:1,rear,2769,42,0,0,0,0,0,0,0,0,1.0,1.0,3.611215829849243,3.1805546814635168e-15,nan,nan,nan,nan,nan,nan,nan,nan,0.6143510341644287,0.3958665132522583
1,2770,scene:1,rear,2770,42,0,0,0,0,0,0,0,0,1.0,1.0,8.335522651672363,3.975693351829396e-16,nan,nan,nan,nan,nan,nan,nan,nan,0.6577267646789551,0.42977476119995117
1,2771,scene:1,rear,2771,42,0,0,0,0,0,0,0,0,1.0,1.0,7.062747478485107,1.5941553150251314e-15,nan,nan,nan,nan,nan,nan,nan,nan,0.5985456705093384,0.4107283353805542
1,2772,scene:1,rear,2772,42,0,0,0,0,0,0,0,0,1.0,1.0,2.930281639099121,3.1805546814635168e-15,nan,nan,nan,nan,nan,nan,nan,nan,0.6440373063087463,0.41695308685302734
1,2773,scene:1,rear,2773,42,0,0,0,0,0,0,0,0,1.0,1.0,0.5973897576332092,1.5902773407317584e-15,nan,nan,nan,nan,nan,nan,nan,nan,0.6385997533798218,0.41370514035224915
1,2774,scene:1,rear,2774,42,0,0,0,0,0,0,0,0,1.0,1.0,0.5084339380264282,1.1062099755705201e-14,nan,nan,nan,nan,nan,nan,nan,nan,0.6443161964416504,0.41080495715141296
1,2775,scene:1,rear,2775,42,0,0,0,0,0,0,0,0,1.0,1.0,13.694445610046387,0.0,nan,nan,nan,nan,nan,nan,nan,nan,0.5478758215904236,0.38792040944099426
1,2776,scene:1,rear,2776,42,0,0,0,0,0,0,0,0,1.0,1.0,1.227243185043335,0.0,nan,nan,nan,nan,nan,nan,nan,nan,0.6329476833343506,0.40533140301704407
1,2777,scene:1,rear,2777,42,0,0,0,0,0,0,0,0,1.0,1.0,2.2952404022216797,1.4696627867766807e-14,nan,nan,nan,nan,nan,nan,nan,nan,0.6418871879577637,0.3995775282382965
1,2778,scene:1,rear,2778,42,0,0,0,0,0,0,0,0,1.0,1.0,4.301933765411377,6.931858220452334e-15,nan,nan,nan,nan,nan,nan,nan,nan,0.6434921622276306,0.4232320785522461
1,2779,scene:1,rear,2779,42,0,0,0,0,0,0,0,0,1.0,1.0,0.6771699786186218,4.917661087397554e-15,nan,nan,nan,nan,nan,nan,nan,nan,0.6324315071105957,0.41806504130363464
1,2780,scene:1,rear,2780,42,0,0,0,0,0,0,0,0,1.0,1.0,4.388736724853516,1.082281657692999e-14,nan,nan,nan,nan,nan,nan,nan,nan,0.651353120803833,0.4246160686016083
1,2781,scene:1,rear,2781,42,0,0,0,0,0,0,0,0,1.0,1.0,4.658001899719238,4.653429762020614e-15,nan,nan,nan,nan,nan,nan,nan,nan,0.6291822791099548,0.39901110529899597
1,2811,scene:1,rear,2811,43,1,0,0,0,0,0,0,0,1.0,1.0,0.0,6.746975349592416e-15,nan,nan,nan,nan,nan,nan,nan,nan,0.0,0.0
1,2814,scene:1,rear,2814,44,1,0,0,0,0,0,0,0,1.0,1.0,0.0,5.747593204295269e-15,nan,nan,nan,nan,nan,nan,nan,nan,0.0,0.0
1,2827,scene:1,rear,2827,45,1,0,0,0,0,0,0,0,1.0,1.0,0.0,6.364990691839603e-15,nan,nan,nan,nan,nan,nan,nan,nan,0.0,0.0
1,2833,scene:1,rear,2833,46,1,0,0,0,0,0,0,0,1.0,1.0,0.0,0.0,nan,nan,nan,nan,nan,nan,nan,nan,0.0,0.0
1,2834,scene:1,rear,2834,46,0,0,0,0,0,0,0,0,1.0,1.0,16.822256088256836,3.1805546814635168e-15,nan,nan,nan,nan,nan,nan,nan,nan,0.4561866521835327,0.39428600668907166
1,2835,scene:1,rear,2835,46,0,1,1,1,0,0,1,1,1.0,1.0,104.65131378173828,0.0,nan,nan,nan,nan,nan,nan,nan,nan,0.2944031059741974,0.35802483558654785
1,2836,scene:1,rear,2836,46,0,0,0,0,0,0,0,0,1.0,1.0,46.69178009033203,3.975693351829396e-16,nan,nan,nan,nan,nan,nan,nan,nan,0.34362542629241943,0.36925873160362244
1,2837,scene:1,rear,2837,46,0,0,0,0,0,0,0,0,1.0,1.0,52.07697296142578,6.3611093629270335e-15,nan,nan,nan,nan,nan,nan,nan,nan,0.33543455600738525,0.36396050453186035
1,2838,scene:1,rear,2838,46,0,0,0,0,0,0,0,0,1.0,1.0,52.249481201171875,1.6057322941672707e-15,nan,nan,nan,nan,nan,nan,nan,nan,0.34061872959136963,0.36233726143836975
1,2839,scene:1,rear,2839,46,0,0,0,0,0,0,0,0,1.0,1.0,51.62628936767578,1.7807600516558803e-15,nan,nan,nan,nan,nan,nan,nan,nan,0.3441223204135895,0.3632896840572357
1,2840,scene:1,rear,2840,46,0,0,0,0,0,0,0,0,1.0,1.0,8.6824951171875,2.975136479484102e-15,nan,nan,nan,nan,nan,nan,nan,nan,0.6612357497215271,0.4938392639160156
1,2841,scene:1,rear,2841,46,0,0,0,0,0,0,0,0,1.0,1.0,3.0066027641296387,3.1805546814635168e-15,nan,nan,nan,nan,nan,nan,nan,nan,0.6453544497489929,0.48203298449516296
1,2842,scene:1,rear,2842,46,0,0,0,0,0,0,0,0,1.0,1.0,0.8805526494979858,0.0,nan,nan,nan,nan,nan,nan,nan,nan,0.6377509832382202,0.48841747641563416
1,2844,scene:1,rear,2844,47,1,0,0,0,0,0,0,0,1.0,1.0,0.0,6.210231542525956e-15,nan,nan,nan,nan,nan,nan,nan,nan,0.0,0.0
1,2845,scene:1,rear,2845,47,0,0,0,0,0,0,0,0,1.0,1.0,50.16473388671875,9.083393551807276e-15,nan,nan,nan,nan,nan,nan,nan,nan,0.34203436970710754,0.37689295411109924
1,2847,scene:1,rear,2847,48,1,0,0,0,0,0,0,0,1.0,1.0,0.0,1.3007487563945107e-14,nan,nan,nan,nan,nan,nan,nan,nan,0.0,0.0
1,2848,scene:1,rear,2848,48,0,0,0,0,0,0,0,0,1.0,1.0,0.09888540953397751,4.2145631681766275e-15,nan,nan,nan,nan,nan,nan,nan,nan,0.6232853531837463,0.4257431924343109
1,2850,scene:1,rear,2850,49,1,0,0,0,0,0,0,0,1.0,1.0,0.0,3.2298685475317884e-15,nan,nan,nan,nan,nan,nan,nan,nan,0.0,0.0
1,2851,scene:1,rear,2851,49,0,0,0,0,0,0,0,0,1.0,1.0,0.35609278082847595,5.33395235543071e-15,nan,nan,nan,nan,nan,nan,nan,nan,0.6190291047096252,0.42356446385383606
1,2852,scene:1,rear,2852,49,0,0,0,0,0,0,0,0,1.0,1.0,5.798157215118408,3.5323847007359003e-15,nan,nan,nan,nan,nan,nan,nan,nan,0.59293133020401,0.38685342669487
1,2853,scene:1,rear,2853,49,0,0,0,0,0,0,0,0,1.0,1.0,4.418992519378662,7.951386703658792e-16,nan,nan,nan,nan,nan,nan,nan,nan,0.6560259461402893,0.4212191104888916
1,2854,scene:1,rear,2854,49,0,0,0,0,0,0,0,0,1.0,1.0,5.9864583015441895,1.3960289286061842e-14,nan,nan,nan,nan,nan,nan,nan,nan,0.5902829170227051,0.3871840536594391
1,2855,scene:1,rear,2855,49,0,0,0,0,0,0,0,0,1.0,1.0,16.906747817993164,1.0505539300101496e-14,nan,nan,nan,nan,nan,nan,nan,nan,0.5063400864601135,0.3770262897014618
1,2856,scene:1,rear,2856,49,0,0,0,0,0,0,0,0,1.0,1.0,21.652084350585938,7.961319732770419e-15,nan,nan,nan,nan,nan,nan,nan,nan,0.4579322636127472,0.3735886514186859
1,2857,scene:1,rear,2857,49,0,0,0,0,0,0,0,0,1.0,1.0,3.745023488998413,6.309033592359317e-14,nan,nan,nan,nan,nan,nan,nan,nan,0.5945025086402893,0.3903682231903076
1,2858,scene:1,rear,2858,49,0,0,0,0,0,0,0,0,1.0,1.0,3.9811525344848633,6.522326088119828e-15,nan,nan,nan,nan,nan,nan,nan,nan,0.6052848696708679,0.415493369102478
1,2859,scene:1,rear,2859,49,0,0,0,0,0,0,0,0,1.0,1.0,10.673128128051758,6.364214615424862e-15,nan,nan,nan,nan,nan,nan,nan,nan,0.6023058295249939,0.43517813086509705
1,2860,scene:1,rear,2860,49,0,0,0,0,0,0,0,0,1.0,1.0,2.834310531616211,1.4908850069360235e-16,nan,nan,nan,nan,nan,nan,nan,nan,0.594059407711029,0.42326486110687256
1,2861,scene:1,rear,2861,49,0,0,0,0,0,0,0,0,1.0,1.0,7.481698513031006,7.059130157503984e-15,nan,nan,nan,nan,nan,nan,nan,nan,0.5543400645256042,0.39788660407066345
1,2862,scene:1,rear,2862,49,0,0,0,0,0,0,0,0,1.0,1.0,11.35866928100586,9.93923337957349e-17,nan,nan,nan,nan,nan,nan,nan,nan,0.5250504612922668,0.3853677809238434
1,2863,scene:1,rear,2863,49,0,0,0,0,0,0,0,0,1.0,1.0,10.810669898986816,6.392866696860638e-15,nan,nan,nan,nan,nan,nan,nan,nan,0.6477019786834717,0.45071646571159363
1,2864,scene:1,rear,2864,49,0,0,0,0,0,0,0,0,1.0,1.0,1.2502344846725464,7.81447780920333e-15,nan,nan,nan,nan,nan,nan,nan,nan,0.6359766125679016,0.4303223788738251
1,2865,scene:1,rear,2865,49,0,0,0,0,0,0,0,0,1.0,1.0,0.5855730175971985,4.6129180332409376e-15,nan,nan,nan,nan,nan,nan,nan,nan,0.6356344223022461,0.4212515652179718
1,2866,scene:1,rear,2866,49,0,0,0,0,0,0,0,0,1.0,1.0,0.8691578507423401,5.028898508068018e-15,nan,nan,nan,nan,nan,nan,nan,nan,0.6374247074127197,0.40980347990989685
1,2867,scene:1,rear,2867,49,0,0,0,0,0,0,0,0,1.0,1.0,2.494727849960327,1.7779841184769035e-15,nan,nan,nan,nan,nan,nan,nan,nan,0.6560826897621155,0.4145396053791046
1,2868,scene:1,rear,2868,49,0,0,0,0,0,0,0,0,1.0,1.0,4.965592861175537,3.1805546814635168e-15,nan,nan,nan,nan,nan,nan,nan,nan,0.6083115339279175,0.3771967589855194
1,2869,scene:1,rear,2869,49,0,0,0,0,0,0,0,0,1.0,1.0,0.6138551831245422,1.1900545917936407e-14,nan,nan,nan,nan,nan,nan,nan,nan,0.6444447636604309,0.406978040933609
1,2870,scene:1,rear,2870,49,0,0,0,0,0,0,0,0,1.0,1.0,5.531221389770508,6.3611093629270335e-15,nan,nan,nan,nan,nan,nan,nan,nan,0.6471096873283386,0.423324853181839
1,2871,scene:1,rear,2871,49,0,0,0,0,0,0,0,0,1.0,1.0,1.6608878374099731,1.5902773407317584e-15,nan,nan,nan,nan,nan,nan,nan,nan,0.6350259780883789,0.41947758197784424
1,2872,scene:1,rear,2872,49,0,0,0,0,0,0,0,0,1.0,1.0,0.1608385294675827,6.39699720361052e-15,nan,nan,nan,nan,nan,nan,nan,nan,0.638603687286377,0.41461196541786194
1,2873,scene:1,rear,2873,49,0,0,0,0,0,0,0,0,1.0,1.0,1.2358697652816772,1.3662740771312583e-14,nan,nan,nan,nan,nan,nan,nan,nan,0.6470455527305603,0.41330358386039734
1,2874,scene:1,rear,2874,49,0,0,0,0,0,0,0,0,1.0,1.0,1.8575921058654785,5.9635400277440935e-15,nan,nan,nan,nan,nan,nan,nan,nan,0.6372212171554565,0.393839031457901
1,2875,scene:1,rear,2875,49,0,0,0,0,0,0,0,0,1.0,1.0,0.47263607382774353,4.5677239046017444e-15,nan,nan,nan,nan,nan,nan,nan,nan,0.649407148361206,0.406678706407547
1,2876,scene:1,rear,2876,49,0,0,0,0,0,0,0,0,1.0,1.0,5.717257499694824,1.5902773407317584e-15,nan,nan,nan,nan,nan,nan,nan,nan,0.6007428765296936,0.3783406913280487
1,2877,scene:1,rear,2877,49,0,0,0,0,0,0,0,0,1.0,1.0,8.564464569091797,9.93923337957349e-17,nan,nan,nan,nan,nan,nan,nan,nan,0.6587818264961243,0.43153443932533264
1,2878,scene:1,rear,2878,49,0,0,0,0,0,0,0,0,1.0,1.0,0.1887519806623459,4.969616689786745e-17,nan,nan,nan,nan,nan,nan,nan,nan,0.6437307000160217,0.40986451506614685
1,2879,scene:1,rear,2879,49,0,0,0,0,0,0,0,0,1.0,1.0,3.253970146179199,8.640688791167128e-15,nan,nan,nan,nan,nan,nan,nan,nan,0.6181821227073669,0.3955688774585724
1,2880,scene:1,rear,2880,49,0,0,0,0,0,0,0,0,1.0,1.0,3.687587261199951,4.770832022195275e-15,nan,nan,nan,nan,nan,nan,nan,nan,0.6530135869979858,0.4187696874141693
1,2881,scene:1,rear,2881,49,0,0,0,0,0,0,0,0,1.0,1.0,0.029300419613718987,7.480222403267352e-15,nan,nan,nan,nan,nan,nan,nan,nan,0.6466262936592102,0.40611565113067627
1,2882,scene:1,rear,2882,49,0,0,0,0,0,0,0,0,1.0,1.0,1.1446837186813354,1.314771243756184e-14,nan,nan,nan,nan,nan,nan,nan,nan,0.6459848284721375,0.41249313950538635
1,2883,scene:1,rear,2883,49,0,0,0,0,0,0,0,0,1.0,1.0,0.9798375368118286,0.0,nan,nan,nan,nan,nan,nan,nan,nan,0.6473017334938049,0.41167113184928894
1,2884,scene:1,rear,2884,49,0,0,0,0,0,0,0,0,1.0,1.0,1.0062652826309204,1.1420535640149737e-14,nan,nan,nan,nan,nan,nan,nan,nan,0.6406942009925842,0.40205204486846924
1,2885,scene:1,rear,2885,49,0,0,0,0,0,0,0,0,1.0,1.0,4.505560874938965,7.254959565739076e-15,nan,nan,nan,nan,nan,nan,nan,nan,0.6177747845649719,0.3810640275478363
1,2886,scene:1,rear,2886,49,0,0,0,0,0,0,0,0,1.0,1.0,1.4003822803497314,0.0,nan,nan,nan,nan,nan,nan,nan,nan,0.6389177441596985,0.3904310166835785
1,2887,scene:1,rear,2887,49,0,0,0,0,0,0,0,0,1.0,1.0,8.02128791809082,0.0,nan,nan,nan,nan,nan,nan,nan,nan,0.6535463929176331,0.43388721346855164
1,2888,scene:1,rear,2888,49,0,0,0,0,0,0,0,0,1.0,1.0,0.7349038124084473,6.988631144211406e-15,nan,nan,nan,nan,nan,nan,nan,nan,0.6426683068275452,0.41395267844200134
1,2889,scene:1,rear,2889,49,0,0,0,0,0,0,0,0,1.0,1.0,1.91422700881958,1.7827345667084766e-14,nan,nan,nan,nan,nan,nan,nan,nan,0.6480379104614258,0.41329225897789
1,2890,scene:1,rear,2890,49,0,0,0,0,0,0,0,0,1.0,1.0,0.6104611754417419,6.3611093629270335e-15,nan,nan,nan,nan,nan,nan,nan,nan,0.6390764117240906,0.403918981552124
1,2891,scene:1,rear,2891,49,0,0,0,0,0,0,0,0,1.0,1.0,0.8917661309242249,3.665408160575489e-15,nan,nan,nan,nan,nan,nan,nan,nan,0.6449806690216064,0.4115959107875824
1,2892,scene:1,rear,2892,49,0,0,0,0,0,0,0,0,1.0,1.0,0.22616152465343475,4.108602609340727e-15,nan,nan,nan,nan,nan,nan,nan,nan,0.6454309821128845,0.4071389436721802
1,2893,scene:1,rear,2893,49,0,0,0,0,0,0,0,0,1.0,1.0,0.13012047111988068,3.02830760662917e-15,nan,nan,nan,nan,nan,nan,nan,nan,0.6453267335891724,0.40346625447273254
1,2894,scene:1,rear,2894,49,0,0,0,0,0,0,0,0,1.0,1.0,0.38443541526794434,5.704258978079576e-15,nan,nan,nan,nan,nan,nan,nan,nan,0.6508283019065857,0.39715948700904846
1,2895,scene:1,rear,2895,49,0,0,0,0,0,0,0,0,1.0,1.0,0.4397236406803131,3.1060104311167156e-18,nan,nan,nan,nan,nan,nan,nan,nan,0.6525318622589111,0.4007987678050995
1,2896,scene:1,rear,2896,49,0,0,0,0,0,0,0,0,1.0,1.0,0.05042590573430061,0.0,nan,nan,nan,nan,nan,nan,nan,nan,0.6469258666038513,0.4083252251148224
1,2897,scene:1,rear,2897,49,0,0,0,0,0,0,0,0,1.0,1.0,0.20305971801280975,6.3611093629270335e-15,nan,nan,nan,nan,nan,nan,nan,nan,0.6441828608512878,0.40643230080604553
1,2898,scene:1,rear,2898,49,0,0,0,0,0,0,0,0,1.0,1.0,0.34733814001083374,1.654264771317537e-15,nan,nan,nan,nan,nan,nan,nan,nan,0.6451255679130554,0.404725044965744
1,2899,scene:1,rear,2899,49,0,0,0,0,0,0,0,0,1.0,1.0,0.3219738304615021,3.975693351829396e-16,nan,nan,nan,nan,nan,nan,nan,nan,0.6533783674240112,0.40464887022972107
1,2900,scene:1,rear,2900,49,0,0,0,0,0,0,0,0,1.0,1.0,1.3235756158828735,4.041004322776788e-15,nan,nan,nan,nan,nan,nan,nan,nan,0.6396844387054443,0.3974339962005615
1,2901,scene:1,rear,2901,49,0,0,0,0,0,0,0,0,1.0,1.0,0.5917984843254089,0.0,nan,nan,nan,nan,nan,nan,nan,nan,0.642289400100708,0.4007813036441803
1,2902,scene:1,rear,2902,49,0,0,0,0,0,0,0,0,1.0,1.0,3.416090250015259,6.746975349592416e-15,nan,nan,nan,nan,nan,nan,nan,nan,0.6520015001296997,0.42031097412109375
1,2903,scene:1,rear,2903,49,0,0,0,0,0,0,0,0,1.0,1.0,0.4761146605014801,0.0,nan,nan,nan,nan,nan,nan,nan,nan,0.6415249705314636,0.41054120659828186
1,2904,scene:1,rear,2904,49,0,0,0,0,0,0,0,0,1.0,1.0,0.6706838011741638,3.290471740500078e-15,nan,nan,nan,nan,nan,nan,nan,nan,0.6402439475059509,0.4095042645931244
1,2905,scene:1,rear,2905,49,0,0,0,0,0,0,0,0,1.0,1.0,1.1488200426101685,1.1722503090659464e-14,nan,nan,nan,nan,nan,nan,nan,nan,0.6370437145233154,0.40167465806007385
1,2906,scene:1,rear,2906,49,0,0,0,0,0,0,0,0,1.0,1.0,1.401110291481018,1.1194457621382945e-14,nan,nan,nan,nan,nan,nan,nan,nan,0.6477553844451904,0.41319164633750916
1,2907,scene:1,rear,2907,49,0,0,0,0,0,0,0,0,1.0,1.0,0.8276495933532715,1.8186692343753103e-15,nan,nan,nan,nan,nan,nan,nan,nan,0.6375656723976135,0.4029688537120819
1,2908,scene:1,rear,2908,49,0,0,0,0,0,0,0,0,1.0,1.0,4.639277935028076,3.1805546814635168e-15,nan,nan,nan,nan,nan,nan,nan,nan,0.6137787103652954,0.3917633593082428
1,2909,scene:1,rear,2909,49,0,0,0,0,0,0,0,0,1.0,1.0,0.18313603103160858,7.670334108020011e-15,nan,nan,nan,nan,nan,nan,nan,nan,0.6440755128860474,0.40613242983818054
1,2910,scene:1,rear,2910,49,0,0,0,0,0,0,0,0,1.0,1.0,5.572737693786621,4.770832022195275e-15,nan,nan,nan,nan,nan,nan,nan,nan,0.6425072550773621,0.41430822014808655
1,2911,scene:1,rear,2911,49,0,0,0,0,0,0,0,0,1.0,1.0,0.5445318222045898,6.210231542525956e-15,nan,nan,nan,nan,nan,nan,nan,nan,0.6322916150093079,0.4213379919528961
1,2912,scene:1,rear,2912,49,0,0,0,0,0,0,0,0,1.0,1.0,1.9033458232879639,3.1805546814635168e-15,nan,nan,nan,nan,nan,nan,nan,nan,0.6353047490119934,0.3973928689956665
1,2913,scene:1,rear,2913,49,0,0,0,0,0,0,0,0,1.0,1.0,0.8166394829750061,3.1805546814635168e-15,nan,nan,nan,nan,nan,nan,nan,nan,0.642988383769989,0.3985219895839691
1,2914,scene:1,rear,2914,49,0,0,0,0,0,0,0,0,1.0,1.0,1.9883793592453003,3.1805546814635168e-15,nan,nan,nan,nan,nan,nan,nan,nan,0.6456602215766907,0.4178800880908966
1,2915,scene:1,rear,2915,49,0,0,0,0,0,0,0,0,1.0,1.0,3.4704012870788574,7.951386703658792e-15,nan,nan,nan,nan,nan,nan,nan,nan,0.6241834163665771,0.38989290595054626
1,2916,scene:1,rear,2916,49,0,0,0,0,0,0,0,0,1.0,1.0,0.26108354330062866,3.643783144938181e-15,nan,nan,nan,nan,nan,nan,nan,nan,0.6438649296760559,0.4084813892841339
1,2917,scene:1,rear,2917,49,0,0,0,0,0,0,0,0,1.0,1.0,0.9547055959701538,1.225713417369873e-14,nan,nan,nan,nan,nan,nan,nan,nan,0.6432227492332458,0.4082891643047333
1,2918,scene:1,rear,2918,49,0,0,0,0,0,0,0,0,1.0,1.0,0.6334608793258667,3.1805546814635168e-15,nan,nan,nan,nan,nan,nan,nan,nan,0.6416027545928955,0.4124312698841095
1,2919,scene:1,rear,2919,49,0,0,0,0,0,0,0,0,1.0,1.0,1.3357625007629395,1.3610581655373401e-14,nan,nan,nan,nan,nan,nan,nan,nan,0.6312841176986694,0.4007831811904907
1,2920,scene:1,rear,2920,49,0,0,0,0,0,0,0,0,1.0,1.0,0.7656325101852417,4.542308493432966e-15,nan,nan,nan,nan,nan,nan,nan,nan,0.6367579102516174,0.4058378040790558
1,2921,scene:1,rear,2921,49,0,0,0,0,0,0,0,0,1.0,1.0,0.11869397759437561,1.3024568019329997e-14,nan,nan,nan,nan,nan,nan,nan,nan,0.6360249519348145,0.4130263030529022
1,2922,scene:1,rear,2922,49,0,0,0,0,0,0,0,0,1.0,1.0,1.6831488609313965,1.1260761036398416e-14,nan,nan,nan,nan,nan,nan,nan,nan,0.6392924785614014,0.4209958016872406
1,2923,scene:1,rear,2923,49,0,0,0,0,0,0,0,0,1.0,1.0,1.7373849153518677,6.373521295437537e-15,nan,nan,nan,nan,nan,nan,nan,nan,0.6469504237174988,0.4196357727050781
1,2924,scene:1,rear,2924,49,0,0,0,0,0,0,0,0,1.0,1.0,1.031760573387146,1.5902773407317584e-15,nan,nan,nan,nan,nan,nan,nan,nan,0.6499183773994446,0.41142380237579346
1,2925,scene:1,rear,2925,49,0,0,0,0,0,0,0,0,1.0,1.0,4.879764556884766,2.866913247108436e-15,nan,nan,nan,nan,nan,nan,nan,nan,0.6206344962120056,0.39602968096733093
1,2926,scene:1,rear,2926,49,0,0,0,0,0,0,0,0,1.0,1.0,1.9011664390563965,3.1805546814635168e-15,nan,nan,nan,nan,nan,nan,nan,nan,0.6357520818710327,0.4010508358478546
1,2927,scene:1,rear,2927,49,0,0,0,0,0,0,0,0,1.0,1.0,0.1734583079814911,1.5902773407317584e-15,nan,nan,nan,nan,nan,nan,nan,nan,0.6376426815986633,0.40415167808532715
1,2928,scene:1,rear,2928,49,0,0,0,0,0,0,0,0,1.0,1.0,1.2109297513961792,2.2489917831974725e-15,nan,nan,nan,nan,nan,nan,nan,nan,0.6396782994270325,0.4121198356151581
1,2929,scene:1,rear,2929,49,0,0,0,0,0,0,0,0,1.0,1.0,2.049129009246826,6.120502118114141e-15,nan,nan,nan,nan,nan,nan,nan,nan,0.640998899936676,0.4131591320037842
1,2932,scene:1,rear,2932,50,1,0,0,0,0,0,0,0,1.0,1.0,0.0,3.975693351829396e-16,nan,nan,nan,nan,nan,nan,nan,nan,0.0,0.0
1,2933,scene:1,rear,2933,50,0,0,0,0,0,0,0,0,1.0,1.0,0.6749458312988281,7.287566289876363e-15,nan,nan,nan,nan,nan,nan,nan,nan,0.6298447251319885,0.4210001528263092
1,2934,scene:1,rear,2934,50,0,0,0,0,0,0,0,0,1.0,1.0,0.982490599155426,1.1495186408590538e-14,nan,nan,nan,nan,nan,nan,nan,nan,0.6413852572441101,0.4034334123134613
1,2935,scene:1,rear,2935,50,0,0,0,0,0,0,0,0,1.0,1.0,2.1113641262054443,2.975136479484102e-15,nan,nan,nan,nan,nan,nan,nan,nan,0.6413956880569458,0.3872468173503876
1,2936,scene:1,rear,2936,50,0,0,0,0,0,0,0,0,1.0,1.0,1.3676155805587769,0.0,nan,nan,nan,nan,nan,nan,nan,nan,0.6399804949760437,0.40489616990089417
1,2937,scene:1,rear,2937,50,0,0,0,0,0,0,0,0,1.0,1.0,4.875114440917969,7.826409584953005e-14,nan,nan,nan,nan,nan,nan,nan,nan,0.6489464044570923,0.4324130117893219
1,2938,scene:1,rear,2938,50,0,0,0,0,0,0,0,0,1.0,1.0,2.3328590393066406,9.705904402041652e-15,nan,nan,nan,nan,nan,nan,nan,nan,0.6465239524841309,0.4264625608921051
1,2939,scene:1,rear,2939,50,0,0,0,0,0,0,0,0,1.0,1.0,1.2482002973556519,0.0,nan,nan,nan,nan,nan,nan,nan,nan,0.6489669680595398,0.422416090965271
1,2940,scene:1,rear,2940,50,0,0,0,0,0,0,0,0,1.0,1.0,1.1097581386566162,6.3611093629270335e-15,nan,nan,nan,nan,nan,nan,nan,nan,0.6552751660346985,0.4201124608516693
1,2941,scene:1,rear,2941,50,0,0,0,0,0,0,0,0,1.0,1.0,1.1048264503479004,0.0,nan,nan,nan,nan,nan,nan,nan,nan,0.6520100235939026,0.40989670157432556
1,2942,scene:1,rear,2942,50,0,0,0,0,0,0,0,0,1.0,1.0,4.52039098739624,1.2420463085051912e-14,nan,nan,nan,nan,nan,nan,nan,nan,0.6265748143196106,0.3781874179840088
1,2943,scene:1,rear,2943,50,0,0,0,0,0,0,0,0,1.0,1.0,3.2165143489837646,2.7544411522729284e-15,nan,nan,nan,nan,nan,nan,nan,nan,0.6257888674736023,0.3797987997531891
1,2944,scene:1,rear,2944,50,0,0,0,0,0,0,0,0,1.0,1.0,3.190372943878174,4.8376608526365755e-15,nan,nan,nan,nan,nan,nan,nan,nan,0.6151725649833679,0.3849891126155853
1,2945,scene:1,rear,2945,50,0,0,0,0,0,0,0,0,1.0,1.0,3.634654998779297,1.5902773407317584e-15,nan,nan,nan,nan,nan,nan,nan,nan,0.6426982879638672,0.4267994165420532
1,2946,scene:1,rear,2946,50,0,0,0,0,0,0,0,0,1.0,1.0,0.21863718330860138,1.066790471086142e-14,nan,nan,nan,nan,nan,nan,nan,nan,0.6273045539855957,0.41435399651527405
1,2947,scene:1,rear,2947,50,0,0,0,0,0,0,0,0,1.0,1.0,0.45780494809150696,1.987846675914698e-16,nan,nan,nan,nan,nan,nan,nan,nan,0.6229947209358215,0.41922008991241455
1,2948,scene:1,rear,2948,50,0,0,0,0,0,0,0,0,1.0,1.0,4.522927284240723,5.248065816699277e-15,nan,nan,nan,nan,nan,nan,nan,nan,0.6093926429748535,0.395704984664917
1,2949,scene:1,rear,2949,50,0,0,0,0,0,0,0,0,1.0,1.0,13.040852546691895,5.649367974015971e-15,nan,nan,nan,nan,nan,nan,nan,nan,0.6422209143638611,0.4470120370388031
1,2950,scene:1,rear,2950,50,0,0,0,0,0,0,0,0,1.0,1.0,4.522891998291016,9.94718158826437e-15,nan,nan,nan,nan,nan,nan,nan,nan,0.6226149201393127,0.39941301941871643
1,2951,scene:1,rear,2951,50,0,0,0,0,0,0,0,0,1.0,1.0,1.4066203832626343,1.1604666845226083e-14,nan,nan,nan,nan,nan,nan,nan,nan,0.6403886079788208,0.4184088706970215
1,2952,scene:1,rear,2952,50,0,0,0,0,0,0,0,0,1.0,1.0,5.228028774261475,3.0773777041431183e-15,nan,nan,nan,nan,nan,nan,nan,nan,0.6462211012840271,0.4292348325252533
1,2953,scene:1,rear,2953,50,0,0,0,0,0,0,0,0,1.0,1.0,3.9011833667755127,7.961319732770419e-15,nan,nan,nan,nan,nan,nan,nan,nan,0.6479266881942749,0.4294118881225586
1,2954,scene:1,rear,2954,50,0,0,0,0,0,0,0,0,1.0,1.0,2.9677791595458984,2.4848083448933725e-17,nan,nan,nan,nan,nan,nan,nan,nan,0.627314567565918,0.40122589468955994
1,2955,scene:1,rear,2955,50,0,0,0,0,0,0,0,0,1.0,1.0,0.20470860600471497,2.6406161243329382e-15,nan,nan,nan,nan,nan,nan,nan,nan,0.641876220703125,0.4062211811542511
1,2956,scene:1,rear,2956,50,0,0,0,0,0,0,0,0,1.0,1.0,0.32572808861732483,0.0,nan,nan,nan,nan,nan,nan,nan,nan,0.6416716575622559,0.4030373990535736
1,2957,scene:1,rear,2957,50,0,0,0,0,0,0,0,0,1.0,1.0,3.581984281539917,1.433456623554218e-15,nan,nan,nan,nan,nan,nan,nan,nan,0.6227559447288513,0.3958926498889923
1,2958,scene:1,rear,2958,50,0,0,0,0,0,0,0,0,1.0,1.0,6.678257465362549,3.3596961289731673e-14,nan,nan,nan,nan,nan,nan,nan,nan,0.6417252421379089,0.428769588470459
1,2959,scene:1,rear,2959,50,0,0,0,0,0,0,0,0,1.0,1.0,0.9780644774436951,3.995522369360264e-15,nan,nan,nan,nan,nan,nan,nan,nan,0.6252544522285461,0.40326178073883057
1,2960,scene:1,rear,2960,50,0,0,0,0,0,0,0,0,1.0,1.0,8.347582817077637,9.380176314026303e-15,nan,nan,nan,nan,nan,nan,nan,nan,0.5659160017967224,0.3833889067173004
1,2961,scene:1,rear,2961,50,0,0,0,0,0,0,0,0,1.0,1.0,0.07942909002304077,6.3611093629270335e-15,nan,nan,nan,nan,nan,nan,nan,nan,0.6275158524513245,0.4139394760131836
1,2962,scene:1,rear,2962,50,0,0,0,0,0,0,0,0,1.0,1.0,4.0257368087768555,1.5902773407317584e-15,nan,nan,nan,nan,nan,nan,nan,nan,0.6323668360710144,0.42719098925590515
1,2963,scene:1,rear,2963,50,0,0,0,0,0,0,0,0,1.0,1.0,0.31290844082832336,0.0,nan,nan,nan,nan,nan,nan,nan,nan,0.6153746247291565,0.4111607074737549
1,2964,scene:1,rear,2964,50,0,0,0,0,0,0,0,0,1.0,1.0,3.035259962081909,5.806588269135258e-15,nan,nan,nan,nan,nan,nan,nan,nan,0.6317182183265686,0.4250175952911377
1,2965,scene:1,rear,2965,50,0,0,0,0,0,0,0,0,1.0,1.0,0.2903696596622467,1.0236234516267013e-14,nan,nan,nan,nan,nan,nan,nan,nan,0.6287130117416382,0.41051268577575684
1,2966,scene:1,rear,2966,50,0,0,0,0,0,0,0,0,1.0,1.0,12.484380722045898,1.0252356569332733e-14,nan,nan,nan,nan,nan,nan,nan,nan,0.5471614003181458,0.3749410808086395
1,2967,scene:1,rear,2967,50,0,0,0,0,0,0,0,0,1.0,1.0,2.566047191619873,2.514449254034009e-15,nan,nan,nan,nan,nan,nan,nan,nan,0.6174054741859436,0.40139099955558777
1,2968,scene:1,rear,2968,50,0,0,0,0,0,0,0,0,1.0,1.0,16.499835968017578,6.3611093629270335e-15,nan,nan,nan,nan,nan,nan,nan,nan,0.4917517602443695,0.37814876437187195
1,2969,scene:1,rear,2969,50,0,0,0,0,0,0,0,0,1.0,1.0,17.098468780517578,4.636415336634696e-15,nan,nan,nan,nan,nan,nan,nan,nan,0.6412928700447083,0.4541025161743164
1,2970,scene:1,rear,2970,50,0,0,0,0,0,0,0,0,1.0,1.0,6.20707368850708,1.0182743384679779e-14,nan,nan,nan,nan,nan,nan,nan,nan,0.6316197514533997,0.4462448060512543
1,2971,scene:1,rear,2971,50,0,0,0,0,0,0,0,0,1.0,1.0,1.147651195526123,6.3611093629270335e-15,nan,nan,nan,nan,nan,nan,nan,nan,0.6288934350013733,0.43055328726768494
1,2972,scene:1,rear,2972,50,0,0,0,0,0,0,0,0,1.0,1.0,5.229469299316406,1.0034196364879527e-14,nan,nan,nan,nan,nan,nan,nan,nan,0.5965741276741028,0.4012819826602936
1,2973,scene:1,rear,2973,50,0,0,0,0,0,0,0,0,1.0,1.0,1.0099434852600098,3.805571389614685e-15,nan,nan,nan,nan,nan,nan,nan,nan,0.6367716193199158,0.40078476071357727
1,2974,scene:1,rear,2974,50,0,0,0,0,0,0,0,0,1.0,1.0,3.0058610439300537,5.053455108352491e-15,nan,nan,nan,nan,nan,nan,nan,nan,0.6257357597351074,0.39120009541511536
1,2975,scene:1,rear,2975,50,0,0,0,0,0,0,0,0,1.0,1.0,12.01829719543457,2.0076651742501256e-15,nan,nan,nan,nan,nan,nan,nan,nan,0.6469023823738098,0.4320402145385742
1,2976,scene:1,rear,2976,50,0,0,0,0,0,0,0,0,1.0,1.0,4.292461395263672,1.1160303065190926e-14,nan,nan,nan,nan,nan,nan,nan,nan,0.6371457576751709,0.43336883187294006
1,2977,scene:1,rear,2977,50,0,0,0,0,0,0,0,0,1.0,1.0,0.6588166356086731,5.172222726741224e-15,nan,nan,nan,nan,nan,nan,nan,nan,0.6339744925498962,0.42377105355262756
1,2978,scene:1,rear,2978,50,0,0,0,0,0,0,0,0,1.0,1.0,0.5025718808174133,1.0779042465557346e-13,nan,nan,nan,nan,nan,nan,nan,nan,0.6393013596534729,0.4170014560222626
1,2979,scene:1,rear,2979,50,0,0,0,0,0,0,0,0,1.0,1.0,4.331252098083496,9.135447809203489e-15,nan,nan,nan,nan,nan,nan,nan,nan,0.6123983263969421,0.397136926651001
1,2980,scene:1,rear,2980,50,0,0,0,0,0,0,0,0,1.0,1.0,0.5124597549438477,1.0367967034591839e-14,nan,nan,nan,nan,nan,nan,nan,nan,0.6465349793434143,0.40502312779426575
1,2981,scene:1,rear,2981,50,0,0,0,0,0,0,0,0,1.0,1.0,2.5861427783966064,1.4908850069360235e-16,nan,nan,nan,nan,nan,nan,nan,nan,0.6533092260360718,0.4091576635837555
1,2982,scene:1,rear,2982,50,0,0,0,0,0,0,0,0,1.0,1.0,0.7381113767623901,1.1244958915987363e-15,nan,nan,nan,nan,nan,nan,nan,nan,0.641867458820343,0.4166940748691559
1,2983,scene:1,rear,2983,50,0,0,0,0,0,0,0,0,1.0,1.0,1.3010406494140625,2.103485262119562e-15,nan,nan,nan,nan,nan,nan,nan,nan,0.6383100748062134,0.40114226937294006
1,2984,scene:1,rear,2984,50,0,0,0,0,0,0,0,0,1.0,1.0,3.3800699710845947,7.42832395601796e-15,nan,nan,nan,nan,nan,nan,nan,nan,0.6525638699531555,0.41100311279296875
1,2985,scene:1,rear,2985,50,0,0,0,0,0,0,0,0,1.0,1.0,8.333879470825195,3.975693351829396e-16,nan,nan,nan,nan,nan,nan,nan,nan,0.5932075381278992,0.3943534195423126
1,2986,scene:1,rear,2986,50,0,0,0,0,0,0,0,0,1.0,1.0,1.1632843017578125,7.511851391712714e-15,nan,nan,nan,nan,nan,nan,nan,nan,0.6453726887702942,0.39703288674354553
1,2987,scene:1,rear,2987,50,0,0,0,0,0,0,0,0,1.0,1.0,1.1295483112335205,0.0,nan,nan,nan,nan,nan,nan,nan,nan,0.6399028897285461,0.3924269676208496
1,2988,scene:1,rear,2988,50,0,0,0,0,0,0,0,0,1.0,1.0,10.206546783447266,3.1805546814635168e-15,nan,nan,nan,nan,nan,nan,nan,nan,0.6468374133110046,0.41950225830078125
1,2989,scene:1,rear,2989,50,0,0,0,0,0,0,0,0,1.0,1.0,4.080811977386475,9.673279420985433e-15,nan,nan,nan,nan,nan,nan,nan,nan,0.604729950428009,0.411265105009079
1,2990,scene:1,rear,2990,50,0,0,0,0,0,0,0,0,1.0,1.0,1.123120903968811,0.0,nan,nan,nan,nan,nan,nan,nan,nan,0.6458709836006165,0.4050900638103485
1,2991,scene:1,rear,2991,50,0,0,0,0,0,0,0,0,1.0,1.0,1.21493399143219,0.0,nan,nan,nan,nan,nan,nan,nan,nan,0.645744800567627,0.40113553404808044
1,2993,scene:1,rear,2993,51,1,0,0,0,0,0,0,0,1.0,1.0,0.0,3.2310518608143176e-14,nan,nan,nan,nan,nan,nan,nan,nan,0.0,0.0
1,2994,scene:1,rear,2994,51,0,0,0,0,0,0,0,0,1.0,1.0,1.7346208095550537,7.501323213600279e-15,nan,nan,nan,nan,nan,nan,nan,nan,0.6402878165245056,0.4238920211791992
1,2995,scene:1,rear,2995,51,0,0,0,0,0,0,0,0,1.0,1.0,0.3046778738498688,1.1053571543295088e-14,nan,nan,nan,nan,nan,nan,nan,nan,0.6469661593437195,0.42019346356391907
1,2996,scene:1,rear,2996,51,0,0,0,0,0,0,0,0,1.0,1.0,0.9079778790473938,5.2162685031088205e-14,nan,nan,nan,nan,nan,nan,nan,nan,0.6474156379699707,0.4109176695346832
1,2997,scene:1,rear,2997,51,0,0,0,0,0,0,0,0,1.0,1.0,1.8423550128936768,8.259138132994872e-15,nan,nan,nan,nan,nan,nan,nan,nan,0.6404893398284912,0.39286527037620544
1,2998,scene:1,rear,2998,51,0,0,0,0,0,0,0,0,1.0,1.0,0.6990606188774109,0.0,nan,nan,nan,nan,nan,nan,nan,nan,0.6435540318489075,0.4028667211532593
1,2999,scene:1,rear,2999,51,0,0,0,0,0,0,0,0,1.0,1.0,1.1759361028671265,1.1966770947406444e-14,nan,nan,nan,nan,nan,nan,nan,nan,0.6491578817367554,0.4224059581756592
1,3000,scene:1,rear,3000,51,0,0,0,0,0,0,0,0,1.0,1.0,0.6489171981811523,3.488656757749457e-15,nan,nan,nan,nan,nan,nan,nan,nan,0.6474577784538269,0.41484951972961426
1,3001,scene:1,rear,3001,51,0,0,0,0,0,0,0,0,1.0,1.0,5.262659549713135,4.974583824149893e-15,nan,nan,nan,nan,nan,nan,nan,nan,0.6111481189727783,0.3886476755142212
1,3002,scene:1,rear,3002,51,0,0,0,0,0,0,0,0,1.0,1.0,5.488170146942139,8.050165481150053e-15,nan,nan,nan,nan,nan,nan,nan,nan,0.6504130363464355,0.4366951882839203
1,3004,scene:1,rear,3004,52,1,0,0,0,0,0,0,0,1.0,1.0,0.0,7.951386703658792e-16,nan,nan,nan,nan,nan,nan,nan,nan,0.0,0.0
1,3005,scene:1,rear,3005,52,0,0,0,0,0,0,0,0,1.0,1.0,3.1708717346191406,6.4750119735555435e-15,nan,nan,nan,nan,nan,nan,nan,nan,0.6496884226799011,0.4275834858417511
1,3006,scene:1,rear,3006,52,0,0,0,0,0,0,0,0,1.0,1.0,0.22323013842105865,9.117701740106937e-15,nan,nan,nan,nan,nan,nan,nan,nan,0.6411891579627991,0.41626933217048645
1,3007,scene:1,rear,3007,52,0,0,0,0,0,0,0,0,1.0,1.0,1.0356380939483643,1.9189218447655043e-13,nan,nan,nan,nan,nan,nan,nan,nan,0.6414271593093872,0.40631532669067383
1,3008,scene:1,rear,3008,52,0,0,0,0,0,0,0,0,1.0,1.0,8.521105766296387,8.315796386924742e-15,nan,nan,nan,nan,nan,nan,nan,nan,0.5647704005241394,0.3760579526424408
1,3009,scene:1,rear,3009,52,0,0,0,0,0,0,0,0,1.0,1.0,3.3270111083984375,2.646641676457412e-15,nan,nan,nan,nan,nan,nan,nan,nan,0.6624935269355774,0.4327583611011505
1,3010,scene:1,rear,3010,52,0,0,0,0,0,0,0,0,1.0,1.0,2.0311527252197266,8.710307722081132e-15,nan,nan,nan,nan,nan,nan,nan,nan,0.655453085899353,0.42013418674468994
1,3011,scene:1,rear,3011,52,0,0,0,0,0,0,0,0,1.0,1.0,1.1847054958343506,1.5311718357908294e-14,nan,nan,nan,nan,nan,nan,nan,nan,0.6421814560890198,0.4091637432575226
1,3012,scene:1,rear,3012,52,0,0,0,0,0,0,0,0,1.0,1.0,3.3191657066345215,5.882656661282301e-15,nan,nan,nan,nan,nan,nan,nan,nan,0.6358916163444519,0.4259786605834961
1,3013,scene:1,rear,3013,52,0,0,0,0,0,0,0,0,1.0,1.0,0.8331226706504822,4.0064982586635184e-15,nan,nan,nan,nan,nan,nan,nan,nan,0.6424607634544373,0.4189201593399048
1,3014,scene:1,rear,3014,52,0,0,0,0,0,0,0,0,1.0,1.0,12.218165397644043,6.364214615424862e-15,nan,nan,nan,nan,nan,nan,nan,nan,0.5369150042533875,0.39301180839538574
1,3015,scene:1,rear,3015,52,0,0,0,0,0,0,0,0,1.0,1.0,23.824024200439453,4.969616689786745e-17,nan,nan,nan,nan,nan,nan,nan,nan,0.43567073345184326,0.38891229033470154
1,3016,scene:1,rear,3016,52,0,0,0,0,0,0,0,0,1.0,1.0,23.079605102539062,6.3611093629270335e-15,nan,nan,nan,nan,nan,nan,nan,nan,0.4234277009963989,0.3937520682811737
1,3017,scene:1,rear,3017,52,0,0,0,0,0,0,0,0,1.0,1.0,22.67192268371582,0.0,nan,nan,nan,nan,nan,nan,nan,nan,0.6321401000022888,0.4993572235107422
1,3019,scene:1,rear,3019,53,1,0,0,0,0,0,0,0,1.0,1.0,0.0,9.548391362121744e-15,nan,nan,nan,nan,nan,nan,nan,nan,0.0,0.0
1,3021,scene:1,rear,3021,54,1,0,0,0,0,0,0,0,1.0,1.0,0.0,7.951386703658792e-16,nan,nan,nan,nan,nan,nan,nan,nan,0.0,0.0
1,3066,scene:1,rear,3066,55,1,0,0,0,0,0,0,0,1.0,1.0,0.0,1.5902773407317584e-15,nan,nan,nan,nan,nan,nan,nan,nan,0.0,0.0
1,3068,scene:1,rear,3068,56,1,0,0,0,0,0,0,0,1.0,1.0,0.0,3.975693351829396e-16,nan,nan,nan,nan,nan,nan,nan,nan,0.0,0.0
1,3069,scene:1,rear,3069,56,0,0,0,0,0,0,0,0,1.0,1.0,2.4242289066314697,0.0,nan,nan,nan,nan,nan,nan,nan,nan,0.6472480893135071,0.4274635314941406
1,3070,scene:1,rear,3070,56,0,0,0,0,0,0,0,0,1.0,1.0,3.4508039951324463,6.3611093629270335e-15,nan,nan,nan,nan,nan,nan,nan,nan,0.6176762580871582,0.3938695192337036
1,3071,scene:1,rear,3071,56,0,0,0,0,0,0,0,0,1.0,1.0,2.4201834201812744,7.341589018103054e-15,nan,nan,nan,nan,nan,nan,nan,nan,0.6577877998352051,0.414445161819458
1,3072,scene:1,rear,3072,56,0,0,0,0,0,0,0,0,1.0,1.0,6.582931041717529,1.0202128026982131e-14,nan,nan,nan,nan,nan,nan,nan,nan,0.5937060713768005,0.38600602746009827
1,3073,scene:1,rear,3073,56,0,0,0,0,0,0,0,0,1.0,1.0,2.2149200439453125,2.760173606241133e-14,nan,nan,nan,nan,nan,nan,nan,nan,0.6275467276573181,0.3988492488861084
1,3074,scene:1,rear,3074,56,0,0,0,0,0,0,0,0,1.0,1.0,1.0413774251937866,7.554317991725873e-15,nan,nan,nan,nan,nan,nan,nan,nan,0.6282409429550171,0.40607431530952454
1,3075,scene:1,rear,3075,56,0,0,0,0,0,0,0,0,1.0,1.0,35.096893310546875,2.2565025782430328e-13,nan,nan,nan,nan,nan,nan,nan,nan,0.6518033146858215,0.4755713939666748
1,3076,scene:1,rear,3076,56,0,0,0,0,0,0,0,0,1.0,1.0,50.15430450439453,1.1686104102908855e-14,nan,nan,nan,nan,nan,nan,nan,nan,0.4137323796749115,0.3830636441707611
1,3077,scene:1,rear,3077,56,0,0,0,0,0,0,0,0,1.0,1.0,24.74605369567871,2.2107143086590176e-14,nan,nan,nan,nan,nan,nan,nan,nan,0.39696159958839417,0.36897313594818115
1,3078,scene:1,rear,3078,56,0,0,0,0,0,0,0,0,1.0,1.0,15.339144706726074,3.1805546814635168e-15,nan,nan,nan,nan,nan,nan,nan,nan,0.48836442828178406,0.3682272434234619
1,3079,scene:1,rear,3079,56,0,0,0,0,0,0,0,0,1.0,1.0,9.742669105529785,3.465929110226167e-15,nan,nan,nan,nan,nan,nan,nan,nan,0.5764937996864319,0.3739449977874756
1,3080,scene:1,rear,3080,56,0,0,0,0,0,0,0,0,1.0,1.0,11.333508491516113,6.663225660165186e-15,nan,nan,nan,nan,nan,nan,nan,nan,0.6583482027053833,0.44153904914855957
1,3081,scene:1,rear,3081,56,0,0,0,0,0,0,0,0,1.0,1.0,5.9469828605651855,1.409550105463443e-14,nan,nan,nan,nan,nan,nan,nan,nan,0.6455056667327881,0.43245258927345276
1,3082,scene:1,rear,3082,56,0,0,0,0,0,0,0,0,1.0,1.0,2.661844253540039,1.1594446969315646e-14,nan,nan,nan,nan,nan,nan,nan,nan,0.6413814425468445,0.43307027220726013
1,3083,scene:1,rear,3083,56,0,0,0,0,0,0,0,0,1.0,1.0,6.475920677185059,2.2319078630301883e-15,nan,nan,nan,nan,nan,nan,nan,nan,0.6481757760047913,0.44675061106681824
1,3084,scene:1,rear,3084,56,0,0,0,0,0,0,0,0,1.0,1.0,0.28133049607276917,7.595551483690875e-15,nan,nan,nan,nan,nan,nan,nan,nan,0.6372373700141907,0.42073097825050354
1,3085,scene:1,rear,3085,56,0,0,0,0,0,0,0,0,1.0,1.0,11.377241134643555,0.0,nan,nan,nan,nan,nan,nan,nan,nan,0.6523018479347229,0.466653436422348
1,3086,scene:1,rear,3086,56,0,0,0,0,0,0,0,0,1.0,1.0,44.48877716064453,6.210231542525956e-15,nan,nan,nan,nan,nan,nan,nan,nan,0.4464883804321289,0.37515687942504883
1,3087,scene:1,rear,3087,56,0,0,0,0,0,0,0,0,1.0,1.0,37.928592681884766,4.1573041708767195e-15,nan,nan,nan,nan,nan,nan,nan,nan,0.3708552420139313,0.36459413170814514
1,3088,scene:1,rear,3088,56,0,0,0,0,0,0,0,0,1.0,1.0,17.01003646850586,1.033680271475643e-14,nan,nan,nan,nan,nan,nan,nan,nan,0.48737314343452454,0.36542007327079773
1,3089,scene:1,rear,3089,56,0,0,0,0,0,0,0,0,1.0,1.0,0.8792489767074585,1.9562118259651284e-14,nan,nan,nan,nan,nan,nan,nan,nan,0.6620710492134094,0.3965665400028229
1,3090,scene:1,rear,3090,56,0,0,0,0,0,0,0,0,1.0,1.0,20.981224060058594,7.299378276373838e-15,nan,nan,nan,nan,nan,nan,nan,nan,0.6496990919113159,0.4580717980861664
1,3091,scene:1,rear,3091,56,0,0,0,0,0,0,0,0,1.0,1.0,6.307031154632568,1.987846675914698e-16,nan,nan,nan,nan,nan,nan,nan,nan,0.6432623267173767,0.45673808455467224
1,3092,scene:1,rear,3092,56,0,0,0,0,0,0,0,0,1.0,1.0,0.5916558504104614,3.35292639164042e-15,nan,nan,nan,nan,nan,nan,nan,nan,0.6324835419654846,0.4395475387573242
1,3093,scene:1,rear,3093,56,0,0,0,0,0,0,0,0,1.0,1.0,0.8835148811340332,5.65703333981765e-15,nan,nan,nan,nan,nan,nan,nan,nan,0.6403998732566833,0.43495669960975647
1,3094,scene:1,rear,3094,56,0,0,0,0,0,0,0,0,1.0,1.0,0.5539321303367615,6.3611093629270335e-15,nan,nan,nan,nan,nan,nan,nan,nan,0.6426975131034851,0.4184392988681793
1,3095,scene:1,rear,3095,56,0,0,0,0,0,0,0,0,1.0,1.0,0.6378673315048218,6.988631144211406e-15,nan,nan,nan,nan,nan,nan,nan,nan,0.6543309688568115,0.4153761565685272
1,3096,scene:1,rear,3096,56,0,0,0,0,0,0,0,0,1.0,1.0,0.07309986650943756,8.02839726301372e-15,nan,nan,nan,nan,nan,nan,nan,nan,0.6526988744735718,0.4108556807041168
1,3097,scene:1,rear,3097,56,0,0,0,0,0,0,0,0,1.0,1.0,0.4786235988140106,4.782090726858803e-15,nan,nan,nan,nan,nan,nan,nan,nan,0.6474547982215881,0.4080977737903595
1,3098,scene:1,rear,3098,56,0,0,0,0,0,0,0,0,1.0,1.0,0.4247453510761261,0.0,nan,nan,nan,nan,nan,nan,nan,nan,0.6575711965560913,0.4077884256839752
1,3099,scene:1,rear,3099,56,0,0,0,0,0,0,0,0,1.0,1.0,0.8295101523399353,0.0,nan,nan,nan,nan,nan,nan,nan,nan,0.6581007838249207,0.40994226932525635
1,3100,scene:1,rear,3100,56,0,0,0,0,0,0,0,0,1.0,1.0,0.15926313400268555,1.987846675914698e-16,nan,nan,nan,nan,nan,nan,nan,nan,0.6524057984352112,0.4097932279109955
1,3101,scene:1,rear,3101,56,0,0,0,0,0,0,0,0,1.0,1.0,1.146999478340149,1.72233608113624e-14,nan,nan,nan,nan,nan,nan,nan,nan,0.6571645736694336,0.3876365125179291
1,3102,scene:1,rear,3102,56,0,0,0,0,0,0,0,0,1.0,1.0,1.6520999670028687,5.053455108352491e-15,nan,nan,nan,nan,nan,nan,nan,nan,0.655770480632782,0.40929219126701355
1,3103,scene:1,rear,3103,56,0,0,0,0,0,0,0,0,1.0,1.0,0.15520215034484863,1.7572005243218417e-15,nan,nan,nan,nan,nan,nan,nan,nan,0.6491575837135315,0.40871381759643555
1,3104,scene:1,rear,3104,56,0,0,0,0,0,0,0,0,1.0,1.0,0.8482628464698792,1.1082133791281087e-14,nan,nan,nan,nan,nan,nan,nan,nan,0.6411086320877075,0.40372762084007263
1,3105,scene:1,rear,3105,56,0,0,0,0,0,0,0,0,1.0,1.0,2.3417835235595703,6.521604977418538e-15,nan,nan,nan,nan,nan,nan,nan,nan,0.6353433728218079,0.3911028802394867
1,3106,scene:1,rear,3106,56,0,0,0,0,0,0,0,0,1.0,1.0,2.2299299240112305,5.274353251811411e-15,nan,nan,nan,nan,nan,nan,nan,nan,0.6531718373298645,0.4131704568862915
1,3107,scene:1,rear,3107,56,0,0,0,0,0,0,0,0,1.0,1.0,0.23883265256881714,2.6853594059704818e-14,nan,nan,nan,nan,nan,nan,nan,nan,0.648780882358551,0.4102860987186432
1,3108,scene:1,rear,3108,56,0,0,0,0,0,0,0,0,1.0,1.0,0.16200460493564606,2.9338120237608075e-13,nan,nan,nan,nan,nan,nan,nan,nan,0.6442710161209106,0.4097779095172882
1,3109,scene:1,rear,3109,56,0,0,0,0,0,0,0,0,1.0,1.0,0.3999391496181488,1.2818239752391207e-14,nan,nan,nan,nan,nan,nan,nan,nan,0.6515783667564392,0.41352009773254395
1,3110,scene:1,rear,3110,56,0,0,0,0,0,0,0,0,1.0,1.0,0.2992829382419586,5.747593204295269e-15,nan,nan,nan,nan,nan,nan,nan,nan,0.6542484164237976,0.4104492664337158
1,3111,scene:1,rear,3111,56,0,0,0,0,0,0,0,0,1.0,1.0,3.0517337322235107,1.0128269013227046e-14,nan,nan,nan,nan,nan,nan,nan,nan,0.6444228291511536,0.3832053244113922
1,3112,scene:1,rear,3112,56,0,0,0,0,0,0,0,0,1.0,1.0,1.2085342407226562,1.7887428588545272e-14,nan,nan,nan,nan,nan,nan,nan,nan,0.6429483294487,0.3895910978317261
1,3113,scene:1,rear,3113,56,0,0,0,0,0,0,0,0,1.0,1.0,1.436452865600586,7.440497096384156e-15,nan,nan,nan,nan,nan,nan,nan,nan,0.6374565958976746,0.40853580832481384
1,3114,scene:1,rear,3114,56,0,0,0,0,0,0,0,0,1.0,1.0,1.0084294080734253,1.0578631972267758e-14,nan,nan,nan,nan,nan,nan,nan,nan,0.6159206628799438,0.4018667936325073
1,3115,scene:1,rear,3115,56,0,0,0,0,0,0,0,0,1.0,1.0,2.104896306991577,0.0,nan,nan,nan,nan,nan,nan,nan,nan,0.6129356026649475,0.41489991545677185
1,3116,scene:1,rear,3116,56,0,0,0,0,0,0,0,0,1.0,1.0,11.908040046691895,1.2649407376364515e-14,nan,nan,nan,nan,nan,nan,nan,nan,0.534400463104248,0.38276708126068115
1,3117,scene:1,rear,3117,56,0,0,0,0,0,0,0,0,1.0,1.0,4.262732982635498,5.676155668490719e-15,nan,nan,nan,nan,nan,nan,nan,nan,0.6261475682258606,0.4258934557437897
1,3118,scene:1,rear,3118,56,0,0,0,0,0,0,0,0,1.0,1.0,4.7091474533081055,5.67343562670672e-15,nan,nan,nan,nan,nan,nan,nan,nan,0.5671077966690063,0.39647626876831055
1,3119,scene:1,rear,3119,56,0,0,0,0,0,0,0,0,1.0,1.0,4.689230918884277,6.365378741926498e-15,nan,nan,nan,nan,nan,nan,nan,nan,0.578279435634613,0.39999619126319885
1,3120,scene:1,rear,3120,56,0,0,0,0,0,0,0,0,1.0,1.0,1.8053849935531616,6.286123135085022e-15,nan,nan,nan,nan,nan,nan,nan,nan,0.5955272316932678,0.414811372756958
1,3121,scene:1,rear,3121,56,0,0,0,0,0,0,0,0,1.0,1.0,2.664623260498047,7.341589018103054e-15,nan,nan,nan,nan,nan,nan,nan,nan,0.6031903624534607,0.42084208130836487
1,3122,scene:1,rear,3122,56,0,0,0,0,0,0,0,0,1.0,1.0,3.2842679023742676,0.0,nan,nan,nan,nan,nan,nan,nan,nan,0.610432505607605,0.432247519493103
1,3123,scene:1,rear,3123,56,0,0,0,0,0,0,0,0,1.0,1.0,6.86473274230957,6.447682658914514e-15,nan,nan,nan,nan,nan,nan,nan,nan,0.6246262192726135,0.43968284130096436
1,3124,scene:1,rear,3124,56,0,0,0,0,0,0,0,0,1.0,1.0,2.2069265842437744,9.944085336601346e-17,nan,nan,nan,nan,nan,nan,nan,nan,0.631921648979187,0.42861077189445496
1,3125,scene:1,rear,3125,56,0,0,0,0,0,0,0,0,1.0,1.0,3.957066774368286,0.0,nan,nan,nan,nan,nan,nan,nan,nan,0.6177339553833008,0.3945307731628418
