match_key,scene_id,im_id,instance_id,score,target_pose_path,source_csv_epnp_label_path,target_pose_key,camera_pose_key,translation_error_mm,rotation_error_deg,image_center_error_px
image_3615672208785,1,38,514,0.078125,/media/hdd2/ARCL_multicar_bags/camera_dataset/2026-05-05-12-28-13-v1/rear/EPnPv2_gt_mesh_z_hybrid_labels/3615672208785_0.json,/media/hdd2/ARCL_multicar_bags/camera_dataset/2026-05-05-12-28-13-v1/rear/EPnPv2_gt_mesh_z_hybrid_labels/3615672208785_0.json,T_map_object_raw,T_camera_object_centered,8296.237511539599,169.79542615737375,11.444597637552988
image_3616457055512,1,40,558,0.13671875,/media/hdd2/ARCL_multicar_bags/camera_dataset/2026-05-05-12-28-13-v1/rear/EPnPv2_gt_mesh_z_hybrid_labels/3616457055512_0.json,/media/hdd2/ARCL_multicar_bags/camera_dataset/2026-05-05-12-28-13-v1/rear/EPnPv2_gt_mesh_z_hybrid_labels/3616457055512_0.json,T_map_object_raw,T_camera_object_centered,2405.440254979298,167.49930437635265,17.70917773269966
image_3617065037718,1,42,593,0.09375,/media/hdd2/ARCL_multicar_bags/camera_dataset/2026-05-05-12-28-13-v1/rear/EPnPv2_gt_mesh_z_hybrid_labels/3617065037718_0.json,/media/hdd2/ARCL_multicar_bags/camera_dataset/2026-05-05-12-28-13-v1/rear/EPnPv2_gt_mesh_z_hybrid_labels/3617065037718_0.json,T_map_object_raw,T_camera_object_centered,8201.396053332199,177.28274589143263,12.974956784285206
image_3617454591731,1,43,605,0.08203125,/media/hdd2/ARCL_multicar_bags/camera_dataset/2026-05-05-12-28-13-v1/rear/EPnPv2_gt_mesh_z_hybrid_labels/3617454591731_0.json,/media/hdd2/ARCL_multicar_bags/camera_dataset/2026-05-05-12-28-13-v1/rear/EPnPv2_gt_mesh_z_hybrid_labels/3617454591731_0.json,T_map_object_raw,T_camera_object_centered,9449.047147704285,179.40689688798292,18.46444996286531
image_3707355234778,1,100,8,0.078125,/media/hdd2/ARCL_multicar_bags/camera_dataset/2026-05-05-12-28-13-v1/rear/EPnPv2_gt_mesh_z_hybrid_labels/3707355234778_0.json,/media/hdd2/ARCL_multicar_bags/camera_dataset/2026-05-05-12-28-13-v1/rear/EPnPv2_gt_mesh_z_hybrid_labels/3707355234778_0.json,T_map_object_raw,T_camera_object_centered,5660.190053538664,171.0161464417841,8.527347207904132
image_3749562578765,1,171,162,0.09765625,/media/hdd2/ARCL_multicar_bags/camera_dataset/2026-05-05-12-28-13-v1/rear/EPnPv2_gt_mesh_z_hybrid_labels/3749562578765_0.json,/media/hdd2/ARCL_multicar_bags/camera_dataset/2026-05-05-12-28-13-v1/rear/EPnPv2_gt_mesh_z_hybrid_labels/3749562578765_0.json,T_map_object_raw,T_camera_object_centered,5475.866843760857,179.35887290818343,15.079456447686312
image_3750957051344,1,172,163,0.1328125,/media/hdd2/ARCL_multicar_bags/camera_dataset/2026-05-05-12-28-13-v1/rear/EPnPv2_gt_mesh_z_hybrid_labels/3750957051344_0.json,/media/hdd2/ARCL_multicar_bags/camera_dataset/2026-05-05-12-28-13-v1/rear/EPnPv2_gt_mesh_z_hybrid_labels/3750957051344_0.json,T_map_object_raw,T_camera_object_centered,6919.331332187815,179.16705290650407,15.53763834263472
image_3751356446550,1,173,164,0.09375,/media/hdd2/ARCL_multicar_bags/camera_dataset/2026-05-05-12-28-13-v1/rear/EPnPv2_gt_mesh_z_hybrid_labels/3751356446550_0.json,/media/hdd2/ARCL_multicar_bags/camera_dataset/2026-05-05-12-28-13-v1/rear/EPnPv2_gt_mesh_z_hybrid_labels/3751356446550_0.json,T_map_object_raw,T_camera_object_centered,4602.992516654957,179.20400375657093,16.25995330893559
image_3751858064350,1,174,165,0.09375,/media/hdd2/ARCL_multicar_bags/camera_dataset/2026-05-05-12-28-13-v1/rear/EPnPv2_gt_mesh_z_hybrid_labels/3751858064350_0.json,/media/hdd2/ARCL_multicar_bags/camera_dataset/2026-05-05-12-28-13-v1/rear/EPnPv2_gt_mesh_z_hybrid_labels/3751858064350_0.json,T_map_object_raw,T_camera_object_centered,6040.3256612411515,179.2471883810482,14.34083992122361
image_3752169077936,1,176,167,0.07421875,/media/hdd2/ARCL_multicar_bags/camera_dataset/2026-05-05-12-28-13-v1/rear/EPnPv2_gt_mesh_z_hybrid_labels/3752169077936_0.json,/media/hdd2/ARCL_multicar_bags/camera_dataset/2026-05-05-12-28-13-v1/rear/EPnPv2_gt_mesh_z_hybrid_labels/3752169077936_0.json,T_map_object_raw,T_camera_object_centered,6421.859861660143,179.2695179268559,14.424680230268311
image_3753568739936,1,182,176,0.14453125,/media/hdd2/ARCL_multicar_bags/camera_dataset/2026-05-05-12-28-13-v1/rear/EPnPv2_gt_mesh_z_hybrid_labels/3753568739936_0.json,/media/hdd2/ARCL_multicar_bags/camera_dataset/2026-05-05-12-28-13-v1/rear/EPnPv2_gt_mesh_z_hybrid_labels/3753568739936_0.json,T_map_object_raw,T_camera_object_centered,5141.243774775755,179.3261075834587,11.62370509884273
image_3755956712133,1,184,178,0.16796875,/media/hdd2/ARCL_multicar_bags/camera_dataset/2026-05-05-12-28-13-v1/rear/EPnPv2_gt_mesh_z_hybrid_labels/3755956712133_0.json,/media/hdd2/ARCL_multicar_bags/camera_dataset/2026-05-05-12-28-13-v1/rear/EPnPv2_gt_mesh_z_hybrid_labels/3755956712133_0.json,T_map_object_raw,T_camera_object_centered,5730.897347773256,179.38306019038595,11.420921831666337
image_3758456896054,1,186,180,0.109375,/media/hdd2/ARCL_multicar_bags/camera_dataset/2026-05-05-12-28-13-v1/rear/EPnPv2_gt_mesh_z_hybrid_labels/3758456896054_0.json,/media/hdd2/ARCL_multicar_bags/camera_dataset/2026-05-05-12-28-13-v1/rear/EPnPv2_gt_mesh_z_hybrid_labels/3758456896054_0.json,T_map_object_raw,T_camera_object_centered,6099.043378833942,179.35538533248226,14.127341905115184
image_3759369998407,1,187,181,0.109375,/media/hdd2/ARCL_multicar_bags/camera_dataset/2026-05-05-12-28-13-v1/rear/EPnPv2_gt_mesh_z_hybrid_labels/3759369998407_0.json,/media/hdd2/ARCL_multicar_bags/camera_dataset/2026-05-05-12-28-13-v1/rear/EPnPv2_gt_mesh_z_hybrid_labels/3759369998407_0.json,T_map_object_raw,T_camera_object_centered,5587.454315834434,179.37002586659278,14.710062092862367
image_3760657479684,1,188,182,0.1015625,/media/hdd2/ARCL_multicar_bags/camera_dataset/2026-05-05-12-28-13-v1/rear/EPnPv2_gt_mesh_z_hybrid_labels/3760657479684_0.json,/media/hdd2/ARCL_multicar_bags/camera_dataset/2026-05-05-12-28-13-v1/rear/EPnPv2_gt_mesh_z_hybrid_labels/3760657479684_0.json,T_map_object_raw,T_camera_object_centered,3308.593602661739,179.36010664759647,15.167243085728
image_3760865093390,1,190,187,0.10546875,/media/hdd2/ARCL_multicar_bags/camera_dataset/2026-05-05-12-28-13-v1/rear/EPnPv2_gt_mesh_z_hybrid_labels/3760865093390_0.json,/media/hdd2/ARCL_multicar_bags/camera_dataset/2026-05-05-12-28-13-v1/rear/EPnPv2_gt_mesh_z_hybrid_labels/3760865093390_0.json,T_map_object_raw,T_camera_object_centered,5773.214022944949,179.36673054623736,15.87460449783668
image_3761866229376,1,192,189,0.09375,/media/hdd2/ARCL_multicar_bags/camera_dataset/2026-05-05-12-28-13-v1/rear/EPnPv2_gt_mesh_z_hybrid_labels/3761866229376_0.json,/media/hdd2/ARCL_multicar_bags/camera_dataset/2026-05-05-12-28-13-v1/rear/EPnPv2_gt_mesh_z_hybrid_labels/3761866229376_0.json,T_map_object_raw,T_camera_object_centered,3397.4983227948323,179.3709201078286,15.533655184771225
image_3763573656924,1,195,192,0.11328125,/media/hdd2/ARCL_multicar_bags/camera_dataset/2026-05-05-12-28-13-v1/rear/EPnPv2_gt_mesh_z_hybrid_labels/3763573656924_0.json,/media/hdd2/ARCL_multicar_bags/camera_dataset/2026-05-05-12-28-13-v1/rear/EPnPv2_gt_mesh_z_hybrid_labels/3763573656924_0.json,T_map_object_raw,T_camera_object_centered,6018.828956717037,179.37087477848235,16.07128606556727
image_3763759263209,1,197,194,0.09375,/media/hdd2/ARCL_multicar_bags/camera_dataset/2026-05-05-12-28-13-v1/rear/EPnPv2_gt_mesh_z_hybrid_labels/3763759263209_0.json,/media/hdd2/ARCL_multicar_bags/camera_dataset/2026-05-05-12-28-13-v1/rear/EPnPv2_gt_mesh_z_hybrid_labels/3763759263209_0.json,T_map_object_raw,T_camera_object_centered,6220.77666186945,179.3777648668704,16.04494738376966
image_3764456534979,1,199,196,0.09765625,/media/hdd2/ARCL_multicar_bags/camera_dataset/2026-05-05-12-28-13-v1/rear/EPnPv2_gt_mesh_z_hybrid_labels/3764456534979_0.json,/media/hdd2/ARCL_multicar_bags/camera_dataset/2026-05-05-12-28-13-v1/rear/EPnPv2_gt_mesh_z_hybrid_labels/3764456534979_0.json,T_map_object_raw,T_camera_object_centered,6897.267773300632,179.372303022943,16.049541478830573
image_3765258708210,1,200,204,0.09375,/media/hdd2/ARCL_multicar_bags/camera_dataset/2026-05-05-12-28-13-v1/rear/EPnPv2_gt_mesh_z_hybrid_labels/3765258708210_0.json,/media/hdd2/ARCL_multicar_bags/camera_dataset/2026-05-05-12-28-13-v1/rear/EPnPv2_gt_mesh_z_hybrid_labels/3765258708210_0.json,T_map_object_raw,T_camera_object_centered,7167.408677980052,179.3769298127991,16.043932083057904
image_3767561669701,1,203,207,0.08984375,/media/hdd2/ARCL_multicar_bags/camera_dataset/2026-05-05-12-28-13-v1/rear/EPnPv2_gt_mesh_z_hybrid_labels/3767561669701_0.json,/media/hdd2/ARCL_multicar_bags/camera_dataset/2026-05-05-12-28-13-v1/rear/EPnPv2_gt_mesh_z_hybrid_labels/3767561669701_0.json,T_map_object_raw,T_camera_object_centered,6300.895705317076,179.37683771267282,15.900377774886797
image_3767665344268,1,204,208,0.109375,/media/hdd2/ARCL_multicar_bags/camera_dataset/2026-05-05-12-28-13-v1/rear/EPnPv2_gt_mesh_z_hybrid_labels/3767665344268_0.json,/media/hdd2/ARCL_multicar_bags/camera_dataset/2026-05-05-12-28-13-v1/rear/EPnPv2_gt_mesh_z_hybrid_labels/3767665344268_0.json,T_map_object_raw,T_camera_object_centered,4589.971512919726,179.3750352622968,15.738401468222124
image_3767757625005,1,205,209,0.09375,/media/hdd2/ARCL_multicar_bags/camera_dataset/2026-05-05-12-28-13-v1/rear/EPnPv2_gt_mesh_z_hybrid_labels/3767757625005_0.json,/media/hdd2/ARCL_multicar_bags/camera_dataset/2026-05-05-12-28-13-v1/rear/EPnPv2_gt_mesh_z_hybrid_labels/3767757625005_0.json,T_map_object_raw,T_camera_object_centered,5706.2053969347235,179.37986807173607,16.898483693487915
image_3770656703705,1,207,211,0.09375,/media/hdd2/ARCL_multicar_bags/camera_dataset/2026-05-05-12-28-13-v1/rear/EPnPv2_gt_mesh_z_hybrid_labels/3770656703705_0.json,/media/hdd2/ARCL_multicar_bags/camera_dataset/2026-05-05-12-28-13-v1/rear/EPnPv2_gt_mesh_z_hybrid_labels/3770656703705_0.json,T_map_object_raw,T_camera_object_centered,5971.287673449693,179.38481240992772,16.977891788093633
image_3770961664995,1,208,212,0.08203125,/media/hdd2/ARCL_multicar_bags/camera_dataset/2026-05-05-12-28-13-v1/rear/EPnPv2_gt_mesh_z_hybrid_labels/3770961664995_0.json,/media/hdd2/ARCL_multicar_bags/camera_dataset/2026-05-05-12-28-13-v1/rear/EPnPv2_gt_mesh_z_hybrid_labels/3770961664995_0.json,T_map_object_raw,T_camera_object_centered,3171.4062784540542,179.3805947527986,16.059271861178736
image_3771161954617,1,209,213,0.1015625,/media/hdd2/ARCL_multicar_bags/camera_dataset/2026-05-05-12-28-13-v1/rear/EPnPv2_gt_mesh_z_hybrid_labels/3771161954617_0.json,/media/hdd2/ARCL_multicar_bags/camera_dataset/2026-05-05-12-28-13-v1/rear/EPnPv2_gt_mesh_z_hybrid_labels/3771161954617_0.json,T_map_object_raw,T_camera_object_centered,6519.844303935671,179.3858445759752,16.806395434918972
image_3771680713331,1,210,219,0.09375,/media/hdd2/ARCL_multicar_bags/camera_dataset/2026-05-05-12-28-13-v1/rear/EPnPv2_gt_mesh_z_hybrid_labels/3771680713331_0.json,/media/hdd2/ARCL_multicar_bags/camera_dataset/2026-05-05-12-28-13-v1/rear/EPnPv2_gt_mesh_z_hybrid_labels/3771680713331_0.json,T_map_object_raw,T_camera_object_centered,6014.684892640836,179.37734112073153,17.589277107567362
image_3771957570402,1,211,220,0.1015625,/media/hdd2/ARCL_multicar_bags/camera_dataset/2026-05-05-12-28-13-v1/rear/EPnPv2_gt_mesh_z_hybrid_labels/3771957570402_0.json,/media/hdd2/ARCL_multicar_bags/camera_dataset/2026-05-05-12-28-13-v1/rear/EPnPv2_gt_mesh_z_hybrid_labels/3771957570402_0.json,T_map_object_raw,T_camera_object_centered,7147.19426645953,179.39235277139164,17.368924073211975
image_3772062037420,1,212,221,0.09765625,/media/hdd2/ARCL_multicar_bags/camera_dataset/2026-05-05-12-28-13-v1/rear/EPnPv2_gt_mesh_z_hybrid_labels/3772062037420_0.json,/media/hdd2/ARCL_multicar_bags/camera_dataset/2026-05-05-12-28-13-v1/rear/EPnPv2_gt_mesh_z_hybrid_labels/3772062037420_0.json,T_map_object_raw,T_camera_object_centered,5331.382621289935,179.39534768647292,15.84286822511581
image_3774282147597,1,215,224,0.10546875,/media/hdd2/ARCL_multicar_bags/camera_dataset/2026-05-05-12-28-13-v1/rear/EPnPv2_gt_mesh_z_hybrid_labels/3774282147597_0.json,/media/hdd2/ARCL_multicar_bags/camera_dataset/2026-05-05-12-28-13-v1/rear/EPnPv2_gt_mesh_z_hybrid_labels/3774282147597_0.json,T_map_object_raw,T_camera_object_centered,4870.271648803138,179.3944802504164,16.904343015151685
image_3774586759255,1,216,225,0.10546875,/media/hdd2/ARCL_multicar_bags/camera_dataset/2026-05-05-12-28-13-v1/rear/EPnPv2_gt_mesh_z_hybrid_labels/3774586759255_0.json,/media/hdd2/ARCL_multicar_bags/camera_dataset/2026-05-05-12-28-13-v1/rear/EPnPv2_gt_mesh_z_hybrid_labels/3774586759255_0.json,T_map_object_raw,T_camera_object_centered,8346.11052178584,179.4012833642047,16.87349704892747
image_3775355860820,1,219,228,0.09765625,/media/hdd2/ARCL_multicar_bags/camera_dataset/2026-05-05-12-28-13-v1/rear/EPnPv2_gt_mesh_z_hybrid_labels/3775355860820_0.json,/media/hdd2/ARCL_multicar_bags/camera_dataset/2026-05-05-12-28-13-v1/rear/EPnPv2_gt_mesh_z_hybrid_labels/3775355860820_0.json,T_map_object_raw,T_camera_object_centered,5756.128003557969,179.3990585349839,16.125178241943235
image_3775760384653,1,220,234,0.10546875,/media/hdd2/ARCL_multicar_bags/camera_dataset/2026-05-05-12-28-13-v1/rear/EPnPv2_gt_mesh_z_hybrid_labels/3775760384653_0.json,/media/hdd2/ARCL_multicar_bags/camera_dataset/2026-05-05-12-28-13-v1/rear/EPnPv2_gt_mesh_z_hybrid_labels/3775760384653_0.json,T_map_object_raw,T_camera_object_centered,8397.83309847334,179.40012398641517,16.70345793909055
image_3777261409001,1,225,239,0.11328125,/media/hdd2/ARCL_multicar_bags/camera_dataset/2026-05-05-12-28-13-v1/rear/EPnPv2_gt_mesh_z_hybrid_labels/3777261409001_0.json,/media/hdd2/ARCL_multicar_bags/camera_dataset/2026-05-05-12-28-13-v1/rear/EPnPv2_gt_mesh_z_hybrid_labels/3777261409001_0.json,T_map_object_raw,T_camera_object_centered,5030.816354257298,179.3926597519545,17.960250617421114
image_3781274953564,1,230,249,0.1015625,/media/hdd2/ARCL_multicar_bags/camera_dataset/2026-05-05-12-28-13-v1/rear/EPnPv2_gt_mesh_z_hybrid_labels/3781274953564_0.json,/media/hdd2/ARCL_multicar_bags/camera_dataset/2026-05-05-12-28-13-v1/rear/EPnPv2_gt_mesh_z_hybrid_labels/3781274953564_0.json,T_map_object_raw,T_camera_object_centered,8679.422517860774,179.41198541694618,16.894337622204773
image_3783572589799,1,232,251,0.1015625,/media/hdd2/ARCL_multicar_bags/camera_dataset/2026-05-05-12-28-13-v1/rear/EPnPv2_gt_mesh_z_hybrid_labels/3783572589799_0.json,/media/hdd2/ARCL_multicar_bags/camera_dataset/2026-05-05-12-28-13-v1/rear/EPnPv2_gt_mesh_z_hybrid_labels/3783572589799_0.json,T_map_object_raw,T_camera_object_centered,5892.987902099652,179.40678349422646,16.419726356133523
image_3784265309743,1,235,254,0.1015625,/media/hdd2/ARCL_multicar_bags/camera_dataset/2026-05-05-12-28-13-v1/rear/EPnPv2_gt_mesh_z_hybrid_labels/3784265309743_0.json,/media/hdd2/ARCL_multicar_bags/camera_dataset/2026-05-05-12-28-13-v1/rear/EPnPv2_gt_mesh_z_hybrid_labels/3784265309743_0.json,T_map_object_raw,T_camera_object_centered,8552.654702470685,179.4135455295182,16.82930806499643
image_3785657246732,1,237,256,0.1015625,/media/hdd2/ARCL_multicar_bags/camera_dataset/2026-05-05-12-28-13-v1/rear/EPnPv2_gt_mesh_z_hybrid_labels/3785657246732_0.json,/media/hdd2/ARCL_multicar_bags/camera_dataset/2026-05-05-12-28-13-v1/rear/EPnPv2_gt_mesh_z_hybrid_labels/3785657246732_0.json,T_map_object_raw,T_camera_object_centered,5995.324522415989,179.42200940659214,15.799545327255489
image_3787678655244,1,240,264,0.109375,/media/hdd2/ARCL_multicar_bags/camera_dataset/2026-05-05-12-28-13-v1/rear/EPnPv2_gt_mesh_z_hybrid_labels/3787678655244_0.json,/media/hdd2/ARCL_multicar_bags/camera_dataset/2026-05-05-12-28-13-v1/rear/EPnPv2_gt_mesh_z_hybrid_labels/3787678655244_0.json,T_map_object_raw,T_camera_object_centered,5935.524843063847,179.41427189281853,17.13113681200263
image_3792359841148,1,244,268,0.08984375,/media/hdd2/ARCL_multicar_bags/camera_dataset/2026-05-05-12-28-13-v1/rear/EPnPv2_gt_mesh_z_hybrid_labels/3792359841148_0.json,/media/hdd2/ARCL_multicar_bags/camera_dataset/2026-05-05-12-28-13-v1/rear/EPnPv2_gt_mesh_z_hybrid_labels/3792359841148_0.json,T_map_object_raw,T_camera_object_centered,4959.77419328863,179.39317665238428,15.56686446544424
image_3794273655888,1,248,272,0.125,/media/hdd2/ARCL_multicar_bags/camera_dataset/2026-05-05-12-28-13-v1/rear/EPnPv2_gt_mesh_z_hybrid_labels/3794273655888_0.json,/media/hdd2/ARCL_multicar_bags/camera_dataset/2026-05-05-12-28-13-v1/rear/EPnPv2_gt_mesh_z_hybrid_labels/3794273655888_0.json,T_map_object_raw,T_camera_object_centered,6740.702206845199,179.41252207758157,15.38738996179592
image_3794581677806,1,250,278,0.14453125,/media/hdd2/ARCL_multicar_bags/camera_dataset/2026-05-05-12-28-13-v1/rear/EPnPv2_gt_mesh_z_hybrid_labels/3794581677806_0.json,/media/hdd2/ARCL_multicar_bags/camera_dataset/2026-05-05-12-28-13-v1/rear/EPnPv2_gt_mesh_z_hybrid_labels/3794581677806_0.json,T_map_object_raw,T_camera_object_centered,6422.670525842596,179.40209941010875,15.750909118844184
image_3794960739965,1,251,279,0.08984375,/media/hdd2/ARCL_multicar_bags/camera_dataset/2026-05-05-12-28-13-v1/rear/EPnPv2_gt_mesh_z_hybrid_labels/3794960739965_0.json,/media/hdd2/ARCL_multicar_bags/camera_dataset/2026-05-05-12-28-13-v1/rear/EPnPv2_gt_mesh_z_hybrid_labels/3794960739965_0.json,T_map_object_raw,T_camera_object_centered,3398.7438380515036,179.36060674688832,17.297485514080808
image_3795372624750,1,252,280,0.08203125,/media/hdd2/ARCL_multicar_bags/camera_dataset/2026-05-05-12-28-13-v1/rear/EPnPv2_gt_mesh_z_hybrid_labels/3795372624750_0.json,/media/hdd2/ARCL_multicar_bags/camera_dataset/2026-05-05-12-28-13-v1/rear/EPnPv2_gt_mesh_z_hybrid_labels/3795372624750_0.json,T_map_object_raw,T_camera_object_centered,3263.0294158760203,179.354306464074,15.707761653030142
image_3839065689407,1,322,411,0.0625,/media/hdd2/ARCL_multicar_bags/camera_dataset/2026-05-05-12-28-13-v1/rear/EPnPv2_gt_mesh_z_hybrid_labels/3839065689407_0.json,/media/hdd2/ARCL_multicar_bags/camera_dataset/2026-05-05-12-28-13-v1/rear/EPnPv2_gt_mesh_z_hybrid_labels/3839065689407_0.json,T_map_object_raw,T_camera_object_centered,4193.50383122812,172.13065095372934,85.12186923783489
image_3851872519047,1,337,441,0.09375,/media/hdd2/ARCL_multicar_bags/camera_dataset/2026-05-05-12-28-13-v1/rear/EPnPv2_gt_mesh_z_hybrid_labels/3851872519047_0.json,/media/hdd2/ARCL_multicar_bags/camera_dataset/2026-05-05-12-28-13-v1/rear/EPnPv2_gt_mesh_z_hybrid_labels/3851872519047_0.json,T_map_object_raw,T_camera_object_centered,6248.218568428883,175.3374403464657,17.464299890254196
image_3852671317446,1,338,442,0.078125,/media/hdd2/ARCL_multicar_bags/camera_dataset/2026-05-05-12-28-13-v1/rear/EPnPv2_gt_mesh_z_hybrid_labels/3852671317446_0.json,/media/hdd2/ARCL_multicar_bags/camera_dataset/2026-05-05-12-28-13-v1/rear/EPnPv2_gt_mesh_z_hybrid_labels/3852671317446_0.json,T_map_object_raw,T_camera_object_centered,3834.7417594115745,175.87324145642398,12.771709945736209
image_3855457731916,1,347,460,0.09375,/media/hdd2/ARCL_multicar_bags/camera_dataset/2026-05-05-12-28-13-v1/rear/EPnPv2_gt_mesh_z_hybrid_labels/3855457731916_0.json,/media/hdd2/ARCL_multicar_bags/camera_dataset/2026-05-05-12-28-13-v1/rear/EPnPv2_gt_mesh_z_hybrid_labels/3855457731916_0.json,T_map_object_raw,T_camera_object_centered,7628.086913445636,169.51076863344304,21.931164317488157
image_3855457731916,1,347,460,0.09375,/media/hdd2/ARCL_multicar_bags/camera_dataset/2026-05-05-12-28-13-v1/rear/EPnPv2_gt_mesh_z_hybrid_labels/3855457731916_1.json,/media/hdd2/ARCL_multicar_bags/camera_dataset/2026-05-05-12-28-13-v1/rear/EPnPv2_gt_mesh_z_hybrid_labels/3855457731916_1.json,T_map_object_raw,T_camera_object_centered,7628.086913445636,169.51076863344304,21.931164317488157
image_3856970356040,1,349,465,0.08203125,/media/hdd2/ARCL_multicar_bags/camera_dataset/2026-05-05-12-28-13-v1/rear/EPnPv2_gt_mesh_z_hybrid_labels/3856970356040_0.json,/media/hdd2/ARCL_multicar_bags/camera_dataset/2026-05-05-12-28-13-v1/rear/EPnPv2_gt_mesh_z_hybrid_labels/3856970356040_0.json,T_map_object_raw,T_camera_object_centered,8556.270880727834,173.91506392689286,24.263898615086266
image_3856970356040,1,349,465,0.08203125,/media/hdd2/ARCL_multicar_bags/camera_dataset/2026-05-05-12-28-13-v1/rear/EPnPv2_gt_mesh_z_hybrid_labels/3856970356040_1.json,/media/hdd2/ARCL_multicar_bags/camera_dataset/2026-05-05-12-28-13-v1/rear/EPnPv2_gt_mesh_z_hybrid_labels/3856970356040_1.json,T_map_object_raw,T_camera_object_centered,8556.270880727834,173.91506392689286,24.263898615086266
image_3873873664265,1,381,518,0.05078125,/media/hdd2/ARCL_multicar_bags/camera_dataset/2026-05-05-12-28-13-v1/rear/EPnPv2_gt_mesh_z_hybrid_labels/3873873664265_0.json,/media/hdd2/ARCL_multicar_bags/camera_dataset/2026-05-05-12-28-13-v1/rear/EPnPv2_gt_mesh_z_hybrid_labels/3873873664265_0.json,T_map_object_raw,T_camera_object_centered,9129.402281475426,174.19896980946314,8.793778701673094
image_3873873664265,1,381,518,0.05078125,/media/hdd2/ARCL_multicar_bags/camera_dataset/2026-05-05-12-28-13-v1/rear/EPnPv2_gt_mesh_z_hybrid_labels/3873873664265_1.json,/media/hdd2/ARCL_multicar_bags/camera_dataset/2026-05-05-12-28-13-v1/rear/EPnPv2_gt_mesh_z_hybrid_labels/3873873664265_1.json,T_map_object_raw,T_camera_object_centered,9129.402281475426,174.19896980946314,8.793778701673094
image_3876394925940,1,389,533,0.09375,/media/hdd2/ARCL_multicar_bags/camera_dataset/2026-05-05-12-28-13-v1/rear/EPnPv2_gt_mesh_z_hybrid_labels/3876394925940_0.json,/media/hdd2/ARCL_multicar_bags/camera_dataset/2026-05-05-12-28-13-v1/rear/EPnPv2_gt_mesh_z_hybrid_labels/3876394925940_0.json,T_map_object_raw,T_camera_object_centered,9490.302651790282,171.9581202785538,16.35182731183426
image_3876394925940,1,389,533,0.09375,/media/hdd2/ARCL_multicar_bags/camera_dataset/2026-05-05-12-28-13-v1/rear/EPnPv2_gt_mesh_z_hybrid_labels/3876394925940_1.json,/media/hdd2/ARCL_multicar_bags/camera_dataset/2026-05-05-12-28-13-v1/rear/EPnPv2_gt_mesh_z_hybrid_labels/3876394925940_1.json,T_map_object_raw,T_camera_object_centered,9490.302651790282,171.9581202785538,16.35182731183426
image_3884256725142,1,396,548,0.109375,/media/hdd2/ARCL_multicar_bags/camera_dataset/2026-05-05-12-28-13-v1/rear/EPnPv2_gt_mesh_z_hybrid_labels/3884256725142_0.json,/media/hdd2/ARCL_multicar_bags/camera_dataset/2026-05-05-12-28-13-v1/rear/EPnPv2_gt_mesh_z_hybrid_labels/3884256725142_0.json,T_map_object_raw,T_camera_object_centered,4105.272312603948,176.32933611265153,11.84065335376813
image_3884256725142,1,396,548,0.109375,/media/hdd2/ARCL_multicar_bags/camera_dataset/2026-05-05-12-28-13-v1/rear/EPnPv2_gt_mesh_z_hybrid_labels/3884256725142_1.json,/media/hdd2/ARCL_multicar_bags/camera_dataset/2026-05-05-12-28-13-v1/rear/EPnPv2_gt_mesh_z_hybrid_labels/3884256725142_1.json,T_map_object_raw,T_camera_object_centered,4105.272312603948,176.32933611265153,11.84065335376813
image_3885761103876,1,399,554,0.13671875,/media/hdd2/ARCL_multicar_bags/camera_dataset/2026-05-05-12-28-13-v1/rear/EPnPv2_gt_mesh_z_hybrid_labels/3885761103876_0.json,/media/hdd2/ARCL_multicar_bags/camera_dataset/2026-05-05-12-28-13-v1/rear/EPnPv2_gt_mesh_z_hybrid_labels/3885761103876_0.json,T_map_object_raw,T_camera_object_centered,7376.56085960199,177.85541340431286,20.58299142292261
image_3886168226445,1,401,562,0.125,/media/hdd2/ARCL_multicar_bags/camera_dataset/2026-05-05-12-28-13-v1/rear/EPnPv2_gt_mesh_z_hybrid_labels/3886168226445_0.json,/media/hdd2/ARCL_multicar_bags/camera_dataset/2026-05-05-12-28-13-v1/rear/EPnPv2_gt_mesh_z_hybrid_labels/3886168226445_0.json,T_map_object_raw,T_camera_object_centered,5358.477096858325,177.94064503651504,27.68650574165208
image_3886168226445,1,401,562,0.125,/media/hdd2/ARCL_multicar_bags/camera_dataset/2026-05-05-12-28-13-v1/rear/EPnPv2_gt_mesh_z_hybrid_labels/3886168226445_1.json,/media/hdd2/ARCL_multicar_bags/camera_dataset/2026-05-05-12-28-13-v1/rear/EPnPv2_gt_mesh_z_hybrid_labels/3886168226445_1.json,T_map_object_raw,T_camera_object_centered,5358.477096858325,177.94064503651504,27.68650574165208
image_3891061218727,1,405,570,0.11328125,/media/hdd2/ARCL_multicar_bags/camera_dataset/2026-05-05-12-28-13-v1/rear/EPnPv2_gt_mesh_z_hybrid_labels/3891061218727_0.json,/media/hdd2/ARCL_multicar_bags/camera_dataset/2026-05-05-12-28-13-v1/rear/EPnPv2_gt_mesh_z_hybrid_labels/3891061218727_0.json,T_map_object_raw,T_camera_object_centered,4275.986553238507,163.90129604362838,38.237390804851785
image_4238167703836,1,599,826,0.0703125,/media/hdd2/ARCL_multicar_bags/camera_dataset/2026-05-05-12-28-13-v1/rear/EPnPv2_gt_mesh_z_hybrid_labels/4238167703836_0.json,/media/hdd2/ARCL_multicar_bags/camera_dataset/2026-05-05-12-28-13-v1/rear/EPnPv2_gt_mesh_z_hybrid_labels/4238167703836_0.json,T_map_object_raw,T_camera_object_centered,6323.037024971207,177.06769024712375,69.41719562140806
image_4245189441771,1,606,843,0.09375,/media/hdd2/ARCL_multicar_bags/camera_dataset/2026-05-05-12-28-13-v1/rear/EPnPv2_gt_mesh_z_hybrid_labels/4245189441771_0.json,/media/hdd2/ARCL_multicar_bags/camera_dataset/2026-05-05-12-28-13-v1/rear/EPnPv2_gt_mesh_z_hybrid_labels/4245189441771_0.json,T_map_object_raw,T_camera_object_centered,5586.952535327757,175.22640362178402,10.415934095877791
image_4267564439430,1,628,885,0.109375,/media/hdd2/ARCL_multicar_bags/camera_dataset/2026-05-05-12-28-13-v1/rear/EPnPv2_gt_mesh_z_hybrid_labels/4267564439430_0.json,/media/hdd2/ARCL_multicar_bags/camera_dataset/2026-05-05-12-28-13-v1/rear/EPnPv2_gt_mesh_z_hybrid_labels/4267564439430_0.json,T_map_object_raw,T_camera_object_centered,8527.24750806993,174.95389911754373,14.723755578579867
image_4267667299020,1,629,887,0.0859375,/media/hdd2/ARCL_multicar_bags/camera_dataset/2026-05-05-12-28-13-v1/rear/EPnPv2_gt_mesh_z_hybrid_labels/4267667299020_0.json,/media/hdd2/ARCL_multicar_bags/camera_dataset/2026-05-05-12-28-13-v1/rear/EPnPv2_gt_mesh_z_hybrid_labels/4267667299020_0.json,T_map_object_raw,T_camera_object_centered,6891.294376919052,175.65168911204367,13.384241361268131
image_4279262631657,1,652,927,0.12890625,/media/hdd2/ARCL_multicar_bags/camera_dataset/2026-05-05-12-28-13-v1/rear/EPnPv2_gt_mesh_z_hybrid_labels/4279262631657_0.json,/media/hdd2/ARCL_multicar_bags/camera_dataset/2026-05-05-12-28-13-v1/rear/EPnPv2_gt_mesh_z_hybrid_labels/4279262631657_0.json,T_map_object_raw,T_camera_object_centered,4163.055011638541,173.67306523878568,17.781433587115718
image_4282475766956,1,656,935,0.09765625,/media/hdd2/ARCL_multicar_bags/camera_dataset/2026-05-05-12-28-13-v1/rear/EPnPv2_gt_mesh_z_hybrid_labels/4282475766956_0.json,/media/hdd2/ARCL_multicar_bags/camera_dataset/2026-05-05-12-28-13-v1/rear/EPnPv2_gt_mesh_z_hybrid_labels/4282475766956_0.json,T_map_object_raw,T_camera_object_centered,8466.634699149392,179.44780262501564,17.372304866503498
image_4284061916458,1,657,937,0.09765625,/media/hdd2/ARCL_multicar_bags/camera_dataset/2026-05-05-12-28-13-v1/rear/EPnPv2_gt_mesh_z_hybrid_labels/4284061916458_0.json,/media/hdd2/ARCL_multicar_bags/camera_dataset/2026-05-05-12-28-13-v1/rear/EPnPv2_gt_mesh_z_hybrid_labels/4284061916458_0.json,T_map_object_raw,T_camera_object_centered,6889.121139194348,179.6587053916683,15.555735068496736
image_4323377217692,1,687,994,0.06640625,/media/hdd2/ARCL_multicar_bags/camera_dataset/2026-05-05-12-28-13-v1/rear/EPnPv2_gt_mesh_z_hybrid_labels/4323377217692_0.json,/media/hdd2/ARCL_multicar_bags/camera_dataset/2026-05-05-12-28-13-v1/rear/EPnPv2_gt_mesh_z_hybrid_labels/4323377217692_0.json,T_map_object_raw,T_camera_object_centered,5435.165256171415,175.16826032436046,10.487059641476092
image_4330567432486,1,696,1011,0.0859375,/media/hdd2/ARCL_multicar_bags/camera_dataset/2026-05-05-12-28-13-v1/rear/EPnPv2_gt_mesh_z_hybrid_labels/4330567432486_0.json,/media/hdd2/ARCL_multicar_bags/camera_dataset/2026-05-05-12-28-13-v1/rear/EPnPv2_gt_mesh_z_hybrid_labels/4330567432486_0.json,T_map_object_raw,T_camera_object_centered,8387.683935339643,177.70696489749022,13.758297340468955
image_3647144401205,1,27,233,0.09375,/media/hdd2/ARCL_multicar_bags/camera_dataset/2026-05-05-12-28-13-v2/rear/EPnPv2_gt_mesh_z_hybrid_labels/3647144401205_0.json,/media/hdd2/ARCL_multicar_bags/camera_dataset/2026-05-05-12-28-13-v2/rear/EPnPv2_gt_mesh_z_hybrid_labels/3647144401205_0.json,T_map_object_raw,T_camera_object_centered,8395.167667847616,163.45143604286795,14.733899219218218
image_3649243584014,1,28,235,0.05859375,/media/hdd2/ARCL_multicar_bags/camera_dataset/2026-05-05-12-28-13-v2/rear/EPnPv2_gt_mesh_z_hybrid_labels/3649243584014_0.json,/media/hdd2/ARCL_multicar_bags/camera_dataset/2026-05-05-12-28-13-v2/rear/EPnPv2_gt_mesh_z_hybrid_labels/3649243584014_0.json,T_map_object_raw,T_camera_object_centered,4611.860943972858,165.89114056960622,15.290298292219825
image_3650142537889,1,29,237,0.08203125,/media/hdd2/ARCL_multicar_bags/camera_dataset/2026-05-05-12-28-13-v2/rear/EPnPv2_gt_mesh_z_hybrid_labels/3650142537889_0.json,/media/hdd2/ARCL_multicar_bags/camera_dataset/2026-05-05-12-28-13-v2/rear/EPnPv2_gt_mesh_z_hybrid_labels/3650142537889_0.json,T_map_object_raw,T_camera_object_centered,9198.790935894465,166.0588450305861,15.377022935794493
image_3653462384259,1,32,245,0.05078125,/media/hdd2/ARCL_multicar_bags/camera_dataset/2026-05-05-12-28-13-v2/rear/EPnPv2_gt_mesh_z_hybrid_labels/3653462384259_0.json,/media/hdd2/ARCL_multicar_bags/camera_dataset/2026-05-05-12-28-13-v2/rear/EPnPv2_gt_mesh_z_hybrid_labels/3653462384259_0.json,T_map_object_raw,T_camera_object_centered,7274.844936728054,176.5084400280495,21.302986961655506
image_3654241852183,1,33,247,0.07421875,/media/hdd2/ARCL_multicar_bags/camera_dataset/2026-05-05-12-28-13-v2/rear/EPnPv2_gt_mesh_z_hybrid_labels/3654241852183_0.json,/media/hdd2/ARCL_multicar_bags/camera_dataset/2026-05-05-12-28-13-v2/rear/EPnPv2_gt_mesh_z_hybrid_labels/3654241852183_0.json,T_map_object_raw,T_camera_object_centered,7457.075249829372,176.82522605732933,21.42658715270438
image_3660141935681,1,37,255,0.0546875,/media/hdd2/ARCL_multicar_bags/camera_dataset/2026-05-05-12-28-13-v2/rear/EPnPv2_gt_mesh_z_hybrid_labels/3660141935681_0.json,/media/hdd2/ARCL_multicar_bags/camera_dataset/2026-05-05-12-28-13-v2/rear/EPnPv2_gt_mesh_z_hybrid_labels/3660141935681_0.json,T_map_object_raw,T_camera_object_centered,3668.0548959017174,173.96876685761973,14.498689505456188
image_3735542748583,1,65,312,0.078125,/media/hdd2/ARCL_multicar_bags/camera_dataset/2026-05-05-12-28-13-v2/rear/EPnPv2_gt_mesh_z_hybrid_labels/3735542748583_0.json,/media/hdd2/ARCL_multicar_bags/camera_dataset/2026-05-05-12-28-13-v2/rear/EPnPv2_gt_mesh_z_hybrid_labels/3735542748583_0.json,T_map_object_raw,T_camera_object_centered,4718.371638970957,176.4664155237297,17.099190171195122
image_3738443044778,1,69,320,0.1015625,/media/hdd2/ARCL_multicar_bags/camera_dataset/2026-05-05-12-28-13-v2/rear/EPnPv2_gt_mesh_z_hybrid_labels/3738443044778_0.json,/media/hdd2/ARCL_multicar_bags/camera_dataset/2026-05-05-12-28-13-v2/rear/EPnPv2_gt_mesh_z_hybrid_labels/3738443044778_0.json,T_map_object_raw,T_camera_object_centered,3963.052041381903,175.5299878666652,15.782744057279368
image_3741842795847,1,72,327,0.16015625,/media/hdd2/ARCL_multicar_bags/camera_dataset/2026-05-05-12-28-13-v2/rear/EPnPv2_gt_mesh_z_hybrid_labels/3741842795847_0.json,/media/hdd2/ARCL_multicar_bags/camera_dataset/2026-05-05-12-28-13-v2/rear/EPnPv2_gt_mesh_z_hybrid_labels/3741842795847_0.json,T_map_object_raw,T_camera_object_centered,6235.810903821197,175.0709302727675,13.427022499661211
image_3742343281580,1,73,329,0.1015625,/media/hdd2/ARCL_multicar_bags/camera_dataset/2026-05-05-12-28-13-v2/rear/EPnPv2_gt_mesh_z_hybrid_labels/3742343281580_0.json,/media/hdd2/ARCL_multicar_bags/camera_dataset/2026-05-05-12-28-13-v2/rear/EPnPv2_gt_mesh_z_hybrid_labels/3742343281580_0.json,T_map_object_raw,T_camera_object_centered,3197.7989346955737,175.87238081505882,4.329895503522811
image_3795544627168,1,90,365,0.06640625,/media/hdd2/ARCL_multicar_bags/camera_dataset/2026-05-05-12-28-13-v2/rear/EPnPv2_gt_mesh_z_hybrid_labels/3795544627168_0.json,/media/hdd2/ARCL_multicar_bags/camera_dataset/2026-05-05-12-28-13-v2/rear/EPnPv2_gt_mesh_z_hybrid_labels/3795544627168_0.json,T_map_object_raw,T_camera_object_centered,7132.237469575806,179.80936015803553,15.583594013413556
image_3796243620384,1,91,367,0.078125,/media/hdd2/ARCL_multicar_bags/camera_dataset/2026-05-05-12-28-13-v2/rear/EPnPv2_gt_mesh_z_hybrid_labels/3796243620384_0.json,/media/hdd2/ARCL_multicar_bags/camera_dataset/2026-05-05-12-28-13-v2/rear/EPnPv2_gt_mesh_z_hybrid_labels/3796243620384_0.json,T_map_object_raw,T_camera_object_centered,4513.08405665878,179.41407700900274,20.73606639496815
image_3798748048946,1,94,373,0.0546875,/media/hdd2/ARCL_multicar_bags/camera_dataset/2026-05-05-12-28-13-v2/rear/EPnPv2_gt_mesh_z_hybrid_labels/3798748048946_0.json,/media/hdd2/ARCL_multicar_bags/camera_dataset/2026-05-05-12-28-13-v2/rear/EPnPv2_gt_mesh_z_hybrid_labels/3798748048946_0.json,T_map_object_raw,T_camera_object_centered,6713.888959798994,179.39078642721051,20.532231034371716
image_3800443418515,1,96,377,0.07421875,/media/hdd2/ARCL_multicar_bags/camera_dataset/2026-05-05-12-28-13-v2/rear/EPnPv2_gt_mesh_z_hybrid_labels/3800443418515_0.json,/media/hdd2/ARCL_multicar_bags/camera_dataset/2026-05-05-12-28-13-v2/rear/EPnPv2_gt_mesh_z_hybrid_labels/3800443418515_0.json,T_map_object_raw,T_camera_object_centered,8095.8726077519905,179.4519174994484,15.910109154656809
image_3847944015705,1,110,28,0.078125,/media/hdd2/ARCL_multicar_bags/camera_dataset/2026-05-05-12-28-13-v2/rear/EPnPv2_gt_mesh_z_hybrid_labels/3847944015705_0.json,/media/hdd2/ARCL_multicar_bags/camera_dataset/2026-05-05-12-28-13-v2/rear/EPnPv2_gt_mesh_z_hybrid_labels/3847944015705_0.json,T_map_object_raw,T_camera_object_centered,2927.9671554875617,163.84321332500733,3.4566792570735463
image_3881946113995,1,122,55,0.06640625,/media/hdd2/ARCL_multicar_bags/camera_dataset/2026-05-05-12-28-13-v2/rear/EPnPv2_gt_mesh_z_hybrid_labels/3881946113995_0.json,/media/hdd2/ARCL_multicar_bags/camera_dataset/2026-05-05-12-28-13-v2/rear/EPnPv2_gt_mesh_z_hybrid_labels/3881946113995_0.json,T_map_object_raw,T_camera_object_centered,3543.108455019365,175.26597476858984,19.10851563406486
image_3882644420339,1,123,56,0.0546875,/media/hdd2/ARCL_multicar_bags/camera_dataset/2026-05-05-12-28-13-v2/rear/EPnPv2_gt_mesh_z_hybrid_labels/3882644420339_0.json,/media/hdd2/ARCL_multicar_bags/camera_dataset/2026-05-05-12-28-13-v2/rear/EPnPv2_gt_mesh_z_hybrid_labels/3882644420339_0.json,T_map_object_raw,T_camera_object_centered,4136.643464296421,177.1840856308667,20.010039209534497
image_3913345698774,1,137,88,0.10546875,/media/hdd2/ARCL_multicar_bags/camera_dataset/2026-05-05-12-28-13-v2/rear/EPnPv2_gt_mesh_z_hybrid_labels/3913345698774_0.json,/media/hdd2/ARCL_multicar_bags/camera_dataset/2026-05-05-12-28-13-v2/rear/EPnPv2_gt_mesh_z_hybrid_labels/3913345698774_0.json,T_map_object_raw,T_camera_object_centered,4871.536481084351,177.56703136364754,21.384040838091156
image_3913345698774,1,137,88,0.10546875,/media/hdd2/ARCL_multicar_bags/camera_dataset/2026-05-05-12-28-13-v2/rear/EPnPv2_gt_mesh_z_hybrid_labels/3913345698774_1.json,/media/hdd2/ARCL_multicar_bags/camera_dataset/2026-05-05-12-28-13-v2/rear/EPnPv2_gt_mesh_z_hybrid_labels/3913345698774_1.json,T_map_object_raw,T_camera_object_centered,4871.536481084351,177.56703136364754,21.384040838091156
image_3915344895794,1,138,91,0.06640625,/media/hdd2/ARCL_multicar_bags/camera_dataset/2026-05-05-12-28-13-v2/rear/EPnPv2_gt_mesh_z_hybrid_labels/3915344895794_0.json,/media/hdd2/ARCL_multicar_bags/camera_dataset/2026-05-05-12-28-13-v2/rear/EPnPv2_gt_mesh_z_hybrid_labels/3915344895794_0.json,T_map_object_raw,T_camera_object_centered,7476.793743921841,177.69609201598647,18.730600547879504
image_3915344895794,1,138,91,0.06640625,/media/hdd2/ARCL_multicar_bags/camera_dataset/2026-05-05-12-28-13-v2/rear/EPnPv2_gt_mesh_z_hybrid_labels/3915344895794_1.json,/media/hdd2/ARCL_multicar_bags/camera_dataset/2026-05-05-12-28-13-v2/rear/EPnPv2_gt_mesh_z_hybrid_labels/3915344895794_1.json,T_map_object_raw,T_camera_object_centered,7476.793743921841,177.69609201598647,18.730600547879504
image_3916444678387,1,139,94,0.10546875,/media/hdd2/ARCL_multicar_bags/camera_dataset/2026-05-05-12-28-13-v2/rear/EPnPv2_gt_mesh_z_hybrid_labels/3916444678387_0.json,/media/hdd2/ARCL_multicar_bags/camera_dataset/2026-05-05-12-28-13-v2/rear/EPnPv2_gt_mesh_z_hybrid_labels/3916444678387_0.json,T_map_object_raw,T_camera_object_centered,5217.180118381211,177.69756709827848,17.784150161661593
image_3916444678387,1,139,94,0.10546875,/media/hdd2/ARCL_multicar_bags/camera_dataset/2026-05-05-12-28-13-v2/rear/EPnPv2_gt_mesh_z_hybrid_labels/3916444678387_1.json,/media/hdd2/ARCL_multicar_bags/camera_dataset/2026-05-05-12-28-13-v2/rear/EPnPv2_gt_mesh_z_hybrid_labels/3916444678387_1.json,T_map_object_raw,T_camera_object_centered,5217.180118381211,177.69756709827848,17.784150161661593
image_3916944885137,1,140,100,0.06640625,/media/hdd2/ARCL_multicar_bags/camera_dataset/2026-05-05-12-28-13-v2/rear/EPnPv2_gt_mesh_z_hybrid_labels/3916944885137_0.json,/media/hdd2/ARCL_multicar_bags/camera_dataset/2026-05-05-12-28-13-v2/rear/EPnPv2_gt_mesh_z_hybrid_labels/3916944885137_0.json,T_map_object_raw,T_camera_object_centered,3180.5933319684314,168.1204031633847,9.007760378461809
image_3916944885137,1,140,100,0.06640625,/media/hdd2/ARCL_multicar_bags/camera_dataset/2026-05-05-12-28-13-v2/rear/EPnPv2_gt_mesh_z_hybrid_labels/3916944885137_1.json,/media/hdd2/ARCL_multicar_bags/camera_dataset/2026-05-05-12-28-13-v2/rear/EPnPv2_gt_mesh_z_hybrid_labels/3916944885137_1.json,T_map_object_raw,T_camera_object_centered,3180.5933319684314,168.1204031633847,9.007760378461809
image_3920845291781,1,141,101,0.14453125,/media/hdd2/ARCL_multicar_bags/camera_dataset/2026-05-05-12-28-13-v2/rear/EPnPv2_gt_mesh_z_hybrid_labels/3920845291781_0.json,/media/hdd2/ARCL_multicar_bags/camera_dataset/2026-05-05-12-28-13-v2/rear/EPnPv2_gt_mesh_z_hybrid_labels/3920845291781_0.json,T_map_object_raw,T_camera_object_centered,5553.977587459722,177.42787978750795,13.241410319911667
image_3920845291781,1,141,101,0.14453125,/media/hdd2/ARCL_multicar_bags/camera_dataset/2026-05-05-12-28-13-v2/rear/EPnPv2_gt_mesh_z_hybrid_labels/3920845291781_1.json,/media/hdd2/ARCL_multicar_bags/camera_dataset/2026-05-05-12-28-13-v2/rear/EPnPv2_gt_mesh_z_hybrid_labels/3920845291781_1.json,T_map_object_raw,T_camera_object_centered,5553.977587459722,177.42787978750795,13.241410319911667
image_4002447213208,1,172,170,0.09765625,/media/hdd2/ARCL_multicar_bags/camera_dataset/2026-05-05-12-28-13-v2/rear/EPnPv2_gt_mesh_z_hybrid_labels/4002447213208_0.json,/media/hdd2/ARCL_multicar_bags/camera_dataset/2026-05-05-12-28-13-v2/rear/EPnPv2_gt_mesh_z_hybrid_labels/4002447213208_0.json,T_map_object_raw,T_camera_object_centered,9307.400147489388,177.9650464659772,10.696529116277581
image_4002447213208,1,172,170,0.09765625,/media/hdd2/ARCL_multicar_bags/camera_dataset/2026-05-05-12-28-13-v2/rear/EPnPv2_gt_mesh_z_hybrid_labels/4002447213208_1.json,/media/hdd2/ARCL_multicar_bags/camera_dataset/2026-05-05-12-28-13-v2/rear/EPnPv2_gt_mesh_z_hybrid_labels/4002447213208_1.json,T_map_object_raw,T_camera_object_centered,9307.400147489388,177.9650464659772,10.696529116277581
image_4004745967991,1,173,171,0.10546875,/media/hdd2/ARCL_multicar_bags/camera_dataset/2026-05-05-12-28-13-v2/rear/EPnPv2_gt_mesh_z_hybrid_labels/4004745967991_0.json,/media/hdd2/ARCL_multicar_bags/camera_dataset/2026-05-05-12-28-13-v2/rear/EPnPv2_gt_mesh_z_hybrid_labels/4004745967991_0.json,T_map_object_raw,T_camera_object_centered,10069.458785447736,176.42972411759388,10.677730704225436
image_4011647112576,1,181,189,0.078125,/media/hdd2/ARCL_multicar_bags/camera_dataset/2026-05-05-12-28-13-v2/rear/EPnPv2_gt_mesh_z_hybrid_labels/4011647112576_0.json,/media/hdd2/ARCL_multicar_bags/camera_dataset/2026-05-05-12-28-13-v2/rear/EPnPv2_gt_mesh_z_hybrid_labels/4011647112576_0.json,T_map_object_raw,T_camera_object_centered,3814.2438268573646,173.36558803048192,11.179540986342486
image_3715725975502,1,390,5461,0.1171875,/media/hdd2/ARCL_multicar_bags/camera_dataset/2026-05-18-v1-v4/rear/EPnPv2_gt_mesh_z_hybrid_labels/3715725975502_0.json,/media/hdd2/ARCL_multicar_bags/camera_dataset/2026-05-18-v1-v4/rear/EPnPv2_gt_mesh_z_hybrid_labels/3715725975502_0.json,T_map_object_raw,T_camera_object_centered,7624.435572316206,174.7702476247371,19.753564831253396
image_3716527762197,1,396,5481,0.13671875,/media/hdd2/ARCL_multicar_bags/camera_dataset/2026-05-18-v1-v4/rear/EPnPv2_gt_mesh_z_hybrid_labels/3716527762197_0.json,/media/hdd2/ARCL_multicar_bags/camera_dataset/2026-05-18-v1-v4/rear/EPnPv2_gt_mesh_z_hybrid_labels/3716527762197_0.json,T_map_object_raw,T_camera_object_centered,2705.993592316802,179.91036919685405,19.34993098605806
image_3716727843460,1,398,5487,0.1328125,/media/hdd2/ARCL_multicar_bags/camera_dataset/2026-05-18-v1-v4/rear/EPnPv2_gt_mesh_z_hybrid_labels/3716727843460_0.json,/media/hdd2/ARCL_multicar_bags/camera_dataset/2026-05-18-v1-v4/rear/EPnPv2_gt_mesh_z_hybrid_labels/3716727843460_0.json,T_map_object_raw,T_camera_object_centered,2956.2586978749796,178.38883596769307,17.02319617060322
image_3716824696306,1,399,5490,0.125,/media/hdd2/ARCL_multicar_bags/camera_dataset/2026-05-18-v1-v4/rear/EPnPv2_gt_mesh_z_hybrid_labels/3716824696306_0.json,/media/hdd2/ARCL_multicar_bags/camera_dataset/2026-05-18-v1-v4/rear/EPnPv2_gt_mesh_z_hybrid_labels/3716824696306_0.json,T_map_object_raw,T_camera_object_centered,1415.6442256554512,178.58810982299195,14.95389465613237
image_3716925557685,1,400,5495,0.13671875,/media/hdd2/ARCL_multicar_bags/camera_dataset/2026-05-18-v1-v4/rear/EPnPv2_gt_mesh_z_hybrid_labels/3716925557685_0.json,/media/hdd2/ARCL_multicar_bags/camera_dataset/2026-05-18-v1-v4/rear/EPnPv2_gt_mesh_z_hybrid_labels/3716925557685_0.json,T_map_object_raw,T_camera_object_centered,3494.578174318146,178.44685144142707,16.711644768147245
image_3716925557685,1,400,5495,0.13671875,/media/hdd2/ARCL_multicar_bags/camera_dataset/2026-05-18-v1-v4/rear/EPnPv2_gt_mesh_z_hybrid_labels/3716925557685_1.json,/media/hdd2/ARCL_multicar_bags/camera_dataset/2026-05-18-v1-v4/rear/EPnPv2_gt_mesh_z_hybrid_labels/3716925557685_1.json,T_map_object_raw,T_camera_object_centered,3494.578174318146,178.44685144142707,16.711644768147245
image_3717025697805,1,401,5498,0.1328125,/media/hdd2/ARCL_multicar_bags/camera_dataset/2026-05-18-v1-v4/rear/EPnPv2_gt_mesh_z_hybrid_labels/3717025697805_0.json,/media/hdd2/ARCL_multicar_bags/camera_dataset/2026-05-18-v1-v4/rear/EPnPv2_gt_mesh_z_hybrid_labels/3717025697805_0.json,T_map_object_raw,T_camera_object_centered,2087.358139709869,178.50683254292508,17.803523346696803
image_3717025697805,1,401,5498,0.1328125,/media/hdd2/ARCL_multicar_bags/camera_dataset/2026-05-18-v1-v4/rear/EPnPv2_gt_mesh_z_hybrid_labels/3717025697805_1.json,/media/hdd2/ARCL_multicar_bags/camera_dataset/2026-05-18-v1-v4/rear/EPnPv2_gt_mesh_z_hybrid_labels/3717025697805_1.json,T_map_object_raw,T_camera_object_centered,2087.358139709869,178.50683254292508,17.803523346696803
image_3717127758233,1,402,5501,0.140625,/media/hdd2/ARCL_multicar_bags/camera_dataset/2026-05-18-v1-v4/rear/EPnPv2_gt_mesh_z_hybrid_labels/3717127758233_0.json,/media/hdd2/ARCL_multicar_bags/camera_dataset/2026-05-18-v1-v4/rear/EPnPv2_gt_mesh_z_hybrid_labels/3717127758233_0.json,T_map_object_raw,T_camera_object_centered,2302.3796150876487,178.49046188988981,16.768025240718345
image_3717127758233,1,402,5501,0.140625,/media/hdd2/ARCL_multicar_bags/camera_dataset/2026-05-18-v1-v4/rear/EPnPv2_gt_mesh_z_hybrid_labels/3717127758233_1.json,/media/hdd2/ARCL_multicar_bags/camera_dataset/2026-05-18-v1-v4/rear/EPnPv2_gt_mesh_z_hybrid_labels/3717127758233_1.json,T_map_object_raw,T_camera_object_centered,2302.3796150876487,178.49046188988981,16.768025240718345
image_3717227218198,1,403,5504,0.125,/media/hdd2/ARCL_multicar_bags/camera_dataset/2026-05-18-v1-v4/rear/EPnPv2_gt_mesh_z_hybrid_labels/3717227218198_0.json,/media/hdd2/ARCL_multicar_bags/camera_dataset/2026-05-18-v1-v4/rear/EPnPv2_gt_mesh_z_hybrid_labels/3717227218198_0.json,T_map_object_raw,T_camera_object_centered,2391.183192931249,176.89185496768587,16.37680050054477
image_3717227218198,1,403,5504,0.125,/media/hdd2/ARCL_multicar_bags/camera_dataset/2026-05-18-v1-v4/rear/EPnPv2_gt_mesh_z_hybrid_labels/3717227218198_1.json,/media/hdd2/ARCL_multicar_bags/camera_dataset/2026-05-18-v1-v4/rear/EPnPv2_gt_mesh_z_hybrid_labels/3717227218198_1.json,T_map_object_raw,T_camera_object_centered,2391.183192931249,176.89185496768587,16.37680050054477
image_3717328537036,1,404,5507,0.14453125,/media/hdd2/ARCL_multicar_bags/camera_dataset/2026-05-18-v1-v4/rear/EPnPv2_gt_mesh_z_hybrid_labels/3717328537036_0.json,/media/hdd2/ARCL_multicar_bags/camera_dataset/2026-05-18-v1-v4/rear/EPnPv2_gt_mesh_z_hybrid_labels/3717328537036_0.json,T_map_object_raw,T_camera_object_centered,2325.4152055724817,176.9055220961129,14.881896741910941
image_3717328537036,1,404,5507,0.14453125,/media/hdd2/ARCL_multicar_bags/camera_dataset/2026-05-18-v1-v4/rear/EPnPv2_gt_mesh_z_hybrid_labels/3717328537036_1.json,/media/hdd2/ARCL_multicar_bags/camera_dataset/2026-05-18-v1-v4/rear/EPnPv2_gt_mesh_z_hybrid_labels/3717328537036_1.json,T_map_object_raw,T_camera_object_centered,2325.4152055724817,176.9055220961129,14.881896741910941
image_3717425972124,1,405,5512,0.14453125,/media/hdd2/ARCL_multicar_bags/camera_dataset/2026-05-18-v1-v4/rear/EPnPv2_gt_mesh_z_hybrid_labels/3717425972124_0.json,/media/hdd2/ARCL_multicar_bags/camera_dataset/2026-05-18-v1-v4/rear/EPnPv2_gt_mesh_z_hybrid_labels/3717425972124_0.json,T_map_object_raw,T_camera_object_centered,3121.348624526875,176.93138495685466,14.470270789957386
image_3717425972124,1,405,5512,0.14453125,/media/hdd2/ARCL_multicar_bags/camera_dataset/2026-05-18-v1-v4/rear/EPnPv2_gt_mesh_z_hybrid_labels/3717425972124_1.json,/media/hdd2/ARCL_multicar_bags/camera_dataset/2026-05-18-v1-v4/rear/EPnPv2_gt_mesh_z_hybrid_labels/3717425972124_1.json,T_map_object_raw,T_camera_object_centered,3121.348624526875,176.93138495685466,14.470270789957386
image_3717524725937,1,406,5516,0.14453125,/media/hdd2/ARCL_multicar_bags/camera_dataset/2026-05-18-v1-v4/rear/EPnPv2_gt_mesh_z_hybrid_labels/3717524725937_0.json,/media/hdd2/ARCL_multicar_bags/camera_dataset/2026-05-18-v1-v4/rear/EPnPv2_gt_mesh_z_hybrid_labels/3717524725937_0.json,T_map_object_raw,T_camera_object_centered,5049.459038318209,170.36222644567246,11.77542537170085
image_3717625530548,1,407,5520,0.14453125,/media/hdd2/ARCL_multicar_bags/camera_dataset/2026-05-18-v1-v4/rear/EPnPv2_gt_mesh_z_hybrid_labels/3717625530548_0.json,/media/hdd2/ARCL_multicar_bags/camera_dataset/2026-05-18-v1-v4/rear/EPnPv2_gt_mesh_z_hybrid_labels/3717625530548_0.json,T_map_object_raw,T_camera_object_centered,3525.174688632581,174.9861401679524,14.610251260503878
image_3717625530548,1,407,5520,0.14453125,/media/hdd2/ARCL_multicar_bags/camera_dataset/2026-05-18-v1-v4/rear/EPnPv2_gt_mesh_z_hybrid_labels/3717625530548_1.json,/media/hdd2/ARCL_multicar_bags/camera_dataset/2026-05-18-v1-v4/rear/EPnPv2_gt_mesh_z_hybrid_labels/3717625530548_1.json,T_map_object_raw,T_camera_object_centered,3525.174688632581,174.9861401679524,14.610251260503878
image_3717725411451,1,408,5524,0.16015625,/media/hdd2/ARCL_multicar_bags/camera_dataset/2026-05-18-v1-v4/rear/EPnPv2_gt_mesh_z_hybrid_labels/3717725411451_0.json,/media/hdd2/ARCL_multicar_bags/camera_dataset/2026-05-18-v1-v4/rear/EPnPv2_gt_mesh_z_hybrid_labels/3717725411451_0.json,T_map_object_raw,T_camera_object_centered,4687.74973911668,174.89823712131547,12.799745013002743
image_3717725411451,1,408,5524,0.16015625,/media/hdd2/ARCL_multicar_bags/camera_dataset/2026-05-18-v1-v4/rear/EPnPv2_gt_mesh_z_hybrid_labels/3717725411451_1.json,/media/hdd2/ARCL_multicar_bags/camera_dataset/2026-05-18-v1-v4/rear/EPnPv2_gt_mesh_z_hybrid_labels/3717725411451_1.json,T_map_object_raw,T_camera_object_centered,4687.74973911668,174.89823712131547,12.799745013002743
image_3717824364634,1,409,5528,0.17578125,/media/hdd2/ARCL_multicar_bags/camera_dataset/2026-05-18-v1-v4/rear/EPnPv2_gt_mesh_z_hybrid_labels/3717824364634_0.json,/media/hdd2/ARCL_multicar_bags/camera_dataset/2026-05-18-v1-v4/rear/EPnPv2_gt_mesh_z_hybrid_labels/3717824364634_0.json,T_map_object_raw,T_camera_object_centered,4479.831613927431,169.17758732655932,10.519331837645987
image_3717824364634,1,409,5528,0.17578125,/media/hdd2/ARCL_multicar_bags/camera_dataset/2026-05-18-v1-v4/rear/EPnPv2_gt_mesh_z_hybrid_labels/3717824364634_1.json,/media/hdd2/ARCL_multicar_bags/camera_dataset/2026-05-18-v1-v4/rear/EPnPv2_gt_mesh_z_hybrid_labels/3717824364634_1.json,T_map_object_raw,T_camera_object_centered,4479.831613927431,169.17758732655932,10.519331837645987
image_3717925482256,1,410,5533,0.15234375,/media/hdd2/ARCL_multicar_bags/camera_dataset/2026-05-18-v1-v4/rear/EPnPv2_gt_mesh_z_hybrid_labels/3717925482256_0.json,/media/hdd2/ARCL_multicar_bags/camera_dataset/2026-05-18-v1-v4/rear/EPnPv2_gt_mesh_z_hybrid_labels/3717925482256_0.json,T_map_object_raw,T_camera_object_centered,3733.767793586657,173.32822356719092,17.050073686258326
image_3717925482256,1,410,5533,0.15234375,/media/hdd2/ARCL_multicar_bags/camera_dataset/2026-05-18-v1-v4/rear/EPnPv2_gt_mesh_z_hybrid_labels/3717925482256_1.json,/media/hdd2/ARCL_multicar_bags/camera_dataset/2026-05-18-v1-v4/rear/EPnPv2_gt_mesh_z_hybrid_labels/3717925482256_1.json,T_map_object_raw,T_camera_object_centered,3733.767793586657,173.32822356719092,17.050073686258326
image_3718125253395,1,412,5541,0.13671875,/media/hdd2/ARCL_multicar_bags/camera_dataset/2026-05-18-v1-v4/rear/EPnPv2_gt_mesh_z_hybrid_labels/3718125253395_0.json,/media/hdd2/ARCL_multicar_bags/camera_dataset/2026-05-18-v1-v4/rear/EPnPv2_gt_mesh_z_hybrid_labels/3718125253395_0.json,T_map_object_raw,T_camera_object_centered,2090.7149478098027,173.1194764371712,16.324887636934214
image_3718125253395,1,412,5541,0.13671875,/media/hdd2/ARCL_multicar_bags/camera_dataset/2026-05-18-v1-v4/rear/EPnPv2_gt_mesh_z_hybrid_labels/3718125253395_1.json,/media/hdd2/ARCL_multicar_bags/camera_dataset/2026-05-18-v1-v4/rear/EPnPv2_gt_mesh_z_hybrid_labels/3718125253395_1.json,T_map_object_raw,T_camera_object_centered,2090.7149478098027,173.1194764371712,16.324887636934214
image_3718226193383,1,413,5545,0.1640625,/media/hdd2/ARCL_multicar_bags/camera_dataset/2026-05-18-v1-v4/rear/EPnPv2_gt_mesh_z_hybrid_labels/3718226193383_0.json,/media/hdd2/ARCL_multicar_bags/camera_dataset/2026-05-18-v1-v4/rear/EPnPv2_gt_mesh_z_hybrid_labels/3718226193383_0.json,T_map_object_raw,T_camera_object_centered,3501.3433299339804,173.18841904091812,12.608498523591207
image_3718226193383,1,413,5545,0.1640625,/media/hdd2/ARCL_multicar_bags/camera_dataset/2026-05-18-v1-v4/rear/EPnPv2_gt_mesh_z_hybrid_labels/3718226193383_1.json,/media/hdd2/ARCL_multicar_bags/camera_dataset/2026-05-18-v1-v4/rear/EPnPv2_gt_mesh_z_hybrid_labels/3718226193383_1.json,T_map_object_raw,T_camera_object_centered,3501.3433299339804,173.18841904091812,12.608498523591207
image_3718325338900,1,414,5549,0.16796875,/media/hdd2/ARCL_multicar_bags/camera_dataset/2026-05-18-v1-v4/rear/EPnPv2_gt_mesh_z_hybrid_labels/3718325338900_0.json,/media/hdd2/ARCL_multicar_bags/camera_dataset/2026-05-18-v1-v4/rear/EPnPv2_gt_mesh_z_hybrid_labels/3718325338900_0.json,T_map_object_raw,T_camera_object_centered,3898.162019677361,173.24124321008472,15.5734301806162
image_3718325338900,1,414,5549,0.16796875,/media/hdd2/ARCL_multicar_bags/camera_dataset/2026-05-18-v1-v4/rear/EPnPv2_gt_mesh_z_hybrid_labels/3718325338900_1.json,/media/hdd2/ARCL_multicar_bags/camera_dataset/2026-05-18-v1-v4/rear/EPnPv2_gt_mesh_z_hybrid_labels/3718325338900_1.json,T_map_object_raw,T_camera_object_centered,3898.162019677361,173.24124321008472,15.5734301806162
image_3718425384865,1,415,5555,0.15234375,/media/hdd2/ARCL_multicar_bags/camera_dataset/2026-05-18-v1-v4/rear/EPnPv2_gt_mesh_z_hybrid_labels/3718425384865_0.json,/media/hdd2/ARCL_multicar_bags/camera_dataset/2026-05-18-v1-v4/rear/EPnPv2_gt_mesh_z_hybrid_labels/3718425384865_0.json,T_map_object_raw,T_camera_object_centered,6141.135636979937,167.02079539656617,15.541859718277127
image_3718425384865,1,415,5555,0.15234375,/media/hdd2/ARCL_multicar_bags/camera_dataset/2026-05-18-v1-v4/rear/EPnPv2_gt_mesh_z_hybrid_labels/3718425384865_1.json,/media/hdd2/ARCL_multicar_bags/camera_dataset/2026-05-18-v1-v4/rear/EPnPv2_gt_mesh_z_hybrid_labels/3718425384865_1.json,T_map_object_raw,T_camera_object_centered,6141.135636979937,167.02079539656617,15.541859718277127
image_3718625565731,1,417,5565,0.14453125,/media/hdd2/ARCL_multicar_bags/camera_dataset/2026-05-18-v1-v4/rear/EPnPv2_gt_mesh_z_hybrid_labels/3718625565731_0.json,/media/hdd2/ARCL_multicar_bags/camera_dataset/2026-05-18-v1-v4/rear/EPnPv2_gt_mesh_z_hybrid_labels/3718625565731_0.json,T_map_object_raw,T_camera_object_centered,3626.051945166237,173.2290056555992,9.821578357898185
image_3718924528336,1,420,5581,0.16796875,/media/hdd2/ARCL_multicar_bags/camera_dataset/2026-05-18-v1-v4/rear/EPnPv2_gt_mesh_z_hybrid_labels/3718924528336_0.json,/media/hdd2/ARCL_multicar_bags/camera_dataset/2026-05-18-v1-v4/rear/EPnPv2_gt_mesh_z_hybrid_labels/3718924528336_0.json,T_map_object_raw,T_camera_object_centered,3407.5384008647516,165.81406801288597,11.395952735582823
image_3718924528336,1,420,5581,0.16796875,/media/hdd2/ARCL_multicar_bags/camera_dataset/2026-05-18-v1-v4/rear/EPnPv2_gt_mesh_z_hybrid_labels/3718924528336_1.json,/media/hdd2/ARCL_multicar_bags/camera_dataset/2026-05-18-v1-v4/rear/EPnPv2_gt_mesh_z_hybrid_labels/3718924528336_1.json,T_map_object_raw,T_camera_object_centered,3407.5384008647516,165.81406801288597,11.395952735582823
image_3719027308728,1,421,5586,0.1875,/media/hdd2/ARCL_multicar_bags/camera_dataset/2026-05-18-v1-v4/rear/EPnPv2_gt_mesh_z_hybrid_labels/3719027308728_0.json,/media/hdd2/ARCL_multicar_bags/camera_dataset/2026-05-18-v1-v4/rear/EPnPv2_gt_mesh_z_hybrid_labels/3719027308728_0.json,T_map_object_raw,T_camera_object_centered,6260.645545118805,173.11687056421528,10.226701844994443
image_3719027308728,1,421,5586,0.1875,/media/hdd2/ARCL_multicar_bags/camera_dataset/2026-05-18-v1-v4/rear/EPnPv2_gt_mesh_z_hybrid_labels/3719027308728_1.json,/media/hdd2/ARCL_multicar_bags/camera_dataset/2026-05-18-v1-v4/rear/EPnPv2_gt_mesh_z_hybrid_labels/3719027308728_1.json,T_map_object_raw,T_camera_object_centered,6260.645545118805,173.11687056421528,10.226701844994443
image_3719325275437,1,424,5601,0.1640625,/media/hdd2/ARCL_multicar_bags/camera_dataset/2026-05-18-v1-v4/rear/EPnPv2_gt_mesh_z_hybrid_labels/3719325275437_0.json,/media/hdd2/ARCL_multicar_bags/camera_dataset/2026-05-18-v1-v4/rear/EPnPv2_gt_mesh_z_hybrid_labels/3719325275437_0.json,T_map_object_raw,T_camera_object_centered,3256.075944011889,173.25229858971542,12.973598941446115
image_3719325275437,1,424,5601,0.1640625,/media/hdd2/ARCL_multicar_bags/camera_dataset/2026-05-18-v1-v4/rear/EPnPv2_gt_mesh_z_hybrid_labels/3719325275437_1.json,/media/hdd2/ARCL_multicar_bags/camera_dataset/2026-05-18-v1-v4/rear/EPnPv2_gt_mesh_z_hybrid_labels/3719325275437_1.json,T_map_object_raw,T_camera_object_centered,3256.075944011889,173.25229858971542,12.973598941446115
image_3719425871017,1,425,5608,0.13671875,/media/hdd2/ARCL_multicar_bags/camera_dataset/2026-05-18-v1-v4/rear/EPnPv2_gt_mesh_z_hybrid_labels/3719425871017_0.json,/media/hdd2/ARCL_multicar_bags/camera_dataset/2026-05-18-v1-v4/rear/EPnPv2_gt_mesh_z_hybrid_labels/3719425871017_0.json,T_map_object_raw,T_camera_object_centered,3295.5335850015636,173.25365371236256,12.098720154652474
image_3719425871017,1,425,5608,0.13671875,/media/hdd2/ARCL_multicar_bags/camera_dataset/2026-05-18-v1-v4/rear/EPnPv2_gt_mesh_z_hybrid_labels/3719425871017_1.json,/media/hdd2/ARCL_multicar_bags/camera_dataset/2026-05-18-v1-v4/rear/EPnPv2_gt_mesh_z_hybrid_labels/3719425871017_1.json,T_map_object_raw,T_camera_object_centered,3295.5335850015636,173.25365371236256,12.098720154652474
image_3719524470413,1,426,5613,0.15234375,/media/hdd2/ARCL_multicar_bags/camera_dataset/2026-05-18-v1-v4/rear/EPnPv2_gt_mesh_z_hybrid_labels/3719524470413_0.json,/media/hdd2/ARCL_multicar_bags/camera_dataset/2026-05-18-v1-v4/rear/EPnPv2_gt_mesh_z_hybrid_labels/3719524470413_0.json,T_map_object_raw,T_camera_object_centered,4600.000363929292,173.2248403684806,12.53700379181795
image_3719524470413,1,426,5613,0.15234375,/media/hdd2/ARCL_multicar_bags/camera_dataset/2026-05-18-v1-v4/rear/EPnPv2_gt_mesh_z_hybrid_labels/3719524470413_1.json,/media/hdd2/ARCL_multicar_bags/camera_dataset/2026-05-18-v1-v4/rear/EPnPv2_gt_mesh_z_hybrid_labels/3719524470413_1.json,T_map_object_raw,T_camera_object_centered,4600.000363929292,173.2248403684806,12.53700379181795
image_3719630756451,1,427,5618,0.140625,/media/hdd2/ARCL_multicar_bags/camera_dataset/2026-05-18-v1-v4/rear/EPnPv2_gt_mesh_z_hybrid_labels/3719630756451_0.json,/media/hdd2/ARCL_multicar_bags/camera_dataset/2026-05-18-v1-v4/rear/EPnPv2_gt_mesh_z_hybrid_labels/3719630756451_0.json,T_map_object_raw,T_camera_object_centered,4515.289153918219,173.1906531471037,9.94489789781239
image_3719727931599,1,428,5623,0.15234375,/media/hdd2/ARCL_multicar_bags/camera_dataset/2026-05-18-v1-v4/rear/EPnPv2_gt_mesh_z_hybrid_labels/3719727931599_0.json,/media/hdd2/ARCL_multicar_bags/camera_dataset/2026-05-18-v1-v4/rear/EPnPv2_gt_mesh_z_hybrid_labels/3719727931599_0.json,T_map_object_raw,T_camera_object_centered,5020.611004928668,173.09476882498788,9.144915877593387
image_3720024978439,1,431,5638,0.15234375,/media/hdd2/ARCL_multicar_bags/camera_dataset/2026-05-18-v1-v4/rear/EPnPv2_gt_mesh_z_hybrid_labels/3720024978439_0.json,/media/hdd2/ARCL_multicar_bags/camera_dataset/2026-05-18-v1-v4/rear/EPnPv2_gt_mesh_z_hybrid_labels/3720024978439_0.json,T_map_object_raw,T_camera_object_centered,6128.53802100256,172.8500058154369,10.039137412304704
image_3720247420473,1,433,5646,0.15234375,/media/hdd2/ARCL_multicar_bags/camera_dataset/2026-05-18-v1-v4/rear/EPnPv2_gt_mesh_z_hybrid_labels/3720247420473_0.json,/media/hdd2/ARCL_multicar_bags/camera_dataset/2026-05-18-v1-v4/rear/EPnPv2_gt_mesh_z_hybrid_labels/3720247420473_0.json,T_map_object_raw,T_camera_object_centered,3704.138059525773,163.87246923080875,12.34793589856098
image_3721525590818,1,442,5685,0.15625,/media/hdd2/ARCL_multicar_bags/camera_dataset/2026-05-18-v1-v4/rear/EPnPv2_gt_mesh_z_hybrid_labels/3721525590818_0.json,/media/hdd2/ARCL_multicar_bags/camera_dataset/2026-05-18-v1-v4/rear/EPnPv2_gt_mesh_z_hybrid_labels/3721525590818_0.json,T_map_object_raw,T_camera_object_centered,5231.5460739746295,164.1434430851779,12.680040731046713
image_3721525590818,1,442,5685,0.15625,/media/hdd2/ARCL_multicar_bags/camera_dataset/2026-05-18-v1-v4/rear/EPnPv2_gt_mesh_z_hybrid_labels/3721525590818_1.json,/media/hdd2/ARCL_multicar_bags/camera_dataset/2026-05-18-v1-v4/rear/EPnPv2_gt_mesh_z_hybrid_labels/3721525590818_1.json,T_map_object_raw,T_camera_object_centered,5231.5460739746295,164.1434430851779,12.680040731046713
image_3722924955757,1,455,5749,0.09765625,/media/hdd2/ARCL_multicar_bags/camera_dataset/2026-05-18-v1-v4/rear/EPnPv2_gt_mesh_z_hybrid_labels/3722924955757_0.json,/media/hdd2/ARCL_multicar_bags/camera_dataset/2026-05-18-v1-v4/rear/EPnPv2_gt_mesh_z_hybrid_labels/3722924955757_0.json,T_map_object_raw,T_camera_object_centered,8928.529031515474,168.95409157328393,17.172279535034274
image_3722924955757,1,455,5749,0.09765625,/media/hdd2/ARCL_multicar_bags/camera_dataset/2026-05-18-v1-v4/rear/EPnPv2_gt_mesh_z_hybrid_labels/3722924955757_1.json,/media/hdd2/ARCL_multicar_bags/camera_dataset/2026-05-18-v1-v4/rear/EPnPv2_gt_mesh_z_hybrid_labels/3722924955757_1.json,T_map_object_raw,T_camera_object_centered,8928.529031515474,168.95409157328393,17.172279535034274
image_3723226407892,1,457,5755,0.1171875,/media/hdd2/ARCL_multicar_bags/camera_dataset/2026-05-18-v1-v4/rear/EPnPv2_gt_mesh_z_hybrid_labels/3723226407892_0.json,/media/hdd2/ARCL_multicar_bags/camera_dataset/2026-05-18-v1-v4/rear/EPnPv2_gt_mesh_z_hybrid_labels/3723226407892_0.json,T_map_object_raw,T_camera_object_centered,8609.153201661631,170.38653822434216,15.547506349366076
image_3723324257099,1,458,5758,0.12890625,/media/hdd2/ARCL_multicar_bags/camera_dataset/2026-05-18-v1-v4/rear/EPnPv2_gt_mesh_z_hybrid_labels/3723324257099_0.json,/media/hdd2/ARCL_multicar_bags/camera_dataset/2026-05-18-v1-v4/rear/EPnPv2_gt_mesh_z_hybrid_labels/3723324257099_0.json,T_map_object_raw,T_camera_object_centered,8738.257983694932,171.03645356684274,13.657876642878598
image_3723524820736,1,460,5765,0.15234375,/media/hdd2/ARCL_multicar_bags/camera_dataset/2026-05-18-v1-v4/rear/EPnPv2_gt_mesh_z_hybrid_labels/3723524820736_0.json,/media/hdd2/ARCL_multicar_bags/camera_dataset/2026-05-18-v1-v4/rear/EPnPv2_gt_mesh_z_hybrid_labels/3723524820736_0.json,T_map_object_raw,T_camera_object_centered,3290.2024786757415,171.93228478655192,16.566750023282328
image_3723626527770,1,461,5771,0.17578125,/media/hdd2/ARCL_multicar_bags/camera_dataset/2026-05-18-v1-v4/rear/EPnPv2_gt_mesh_z_hybrid_labels/3723626527770_0.json,/media/hdd2/ARCL_multicar_bags/camera_dataset/2026-05-18-v1-v4/rear/EPnPv2_gt_mesh_z_hybrid_labels/3723626527770_0.json,T_map_object_raw,T_camera_object_centered,3348.002261007596,172.66855583015246,16.59521956053385
image_3723727524183,1,462,5777,0.1484375,/media/hdd2/ARCL_multicar_bags/camera_dataset/2026-05-18-v1-v4/rear/EPnPv2_gt_mesh_z_hybrid_labels/3723727524183_0.json,/media/hdd2/ARCL_multicar_bags/camera_dataset/2026-05-18-v1-v4/rear/EPnPv2_gt_mesh_z_hybrid_labels/3723727524183_0.json,T_map_object_raw,T_camera_object_centered,3329.626893423064,172.93309515740333,17.291217046260023
image_3723825614359,1,463,5783,0.15625,/media/hdd2/ARCL_multicar_bags/camera_dataset/2026-05-18-v1-v4/rear/EPnPv2_gt_mesh_z_hybrid_labels/3723825614359_0.json,/media/hdd2/ARCL_multicar_bags/camera_dataset/2026-05-18-v1-v4/rear/EPnPv2_gt_mesh_z_hybrid_labels/3723825614359_0.json,T_map_object_raw,T_camera_object_centered,5446.210493235752,173.52200145558882,14.196550735110455
image_3723927138041,1,464,5789,0.12109375,/media/hdd2/ARCL_multicar_bags/camera_dataset/2026-05-18-v1-v4/rear/EPnPv2_gt_mesh_z_hybrid_labels/3723927138041_0.json,/media/hdd2/ARCL_multicar_bags/camera_dataset/2026-05-18-v1-v4/rear/EPnPv2_gt_mesh_z_hybrid_labels/3723927138041_0.json,T_map_object_raw,T_camera_object_centered,3755.306596645134,174.22550452903835,15.740080667577539
image_3724033677181,1,465,5797,0.140625,/media/hdd2/ARCL_multicar_bags/camera_dataset/2026-05-18-v1-v4/rear/EPnPv2_gt_mesh_z_hybrid_labels/3724033677181_0.json,/media/hdd2/ARCL_multicar_bags/camera_dataset/2026-05-18-v1-v4/rear/EPnPv2_gt_mesh_z_hybrid_labels/3724033677181_0.json,T_map_object_raw,T_camera_object_centered,5046.307848843845,174.87268234162795,16.625763142009443
image_3724226483799,1,467,5807,0.1171875,/media/hdd2/ARCL_multicar_bags/camera_dataset/2026-05-18-v1-v4/rear/EPnPv2_gt_mesh_z_hybrid_labels/3724226483799_0.json,/media/hdd2/ARCL_multicar_bags/camera_dataset/2026-05-18-v1-v4/rear/EPnPv2_gt_mesh_z_hybrid_labels/3724226483799_0.json,T_map_object_raw,T_camera_object_centered,8751.750597325263,176.33795101473976,12.8338312318011
image_3728925225153,1,510,43,0.125,/media/hdd2/ARCL_multicar_bags/camera_dataset/2026-05-18-v1-v4/rear/EPnPv2_gt_mesh_z_hybrid_labels/3728925225153_0.json,/media/hdd2/ARCL_multicar_bags/camera_dataset/2026-05-18-v1-v4/rear/EPnPv2_gt_mesh_z_hybrid_labels/3728925225153_0.json,T_map_object_raw,T_camera_object_centered,3651.75603361424,179.1895811414743,8.425910962904876
image_3731026771622,1,530,160,0.12109375,/media/hdd2/ARCL_multicar_bags/camera_dataset/2026-05-18-v1-v4/rear/EPnPv2_gt_mesh_z_hybrid_labels/3731026771622_0.json,/media/hdd2/ARCL_multicar_bags/camera_dataset/2026-05-18-v1-v4/rear/EPnPv2_gt_mesh_z_hybrid_labels/3731026771622_0.json,T_map_object_raw,T_camera_object_centered,4505.869105277448,170.55962927682947,8.653655623550808
image_3731338286029,1,533,175,0.16015625,/media/hdd2/ARCL_multicar_bags/camera_dataset/2026-05-18-v1-v4/rear/EPnPv2_gt_mesh_z_hybrid_labels/3731338286029_0.json,/media/hdd2/ARCL_multicar_bags/camera_dataset/2026-05-18-v1-v4/rear/EPnPv2_gt_mesh_z_hybrid_labels/3731338286029_0.json,T_map_object_raw,T_camera_object_centered,4839.356055058112,172.24376980002273,10.064608982695143
image_3731525081230,1,535,187,0.16015625,/media/hdd2/ARCL_multicar_bags/camera_dataset/2026-05-18-v1-v4/rear/EPnPv2_gt_mesh_z_hybrid_labels/3731525081230_0.json,/media/hdd2/ARCL_multicar_bags/camera_dataset/2026-05-18-v1-v4/rear/EPnPv2_gt_mesh_z_hybrid_labels/3731525081230_0.json,T_map_object_raw,T_camera_object_centered,8669.761272345688,173.18847313391535,9.677985410989336
image_3731525081230,1,535,187,0.16015625,/media/hdd2/ARCL_multicar_bags/camera_dataset/2026-05-18-v1-v4/rear/EPnPv2_gt_mesh_z_hybrid_labels/3731525081230_1.json,/media/hdd2/ARCL_multicar_bags/camera_dataset/2026-05-18-v1-v4/rear/EPnPv2_gt_mesh_z_hybrid_labels/3731525081230_1.json,T_map_object_raw,T_camera_object_centered,8669.761272345688,173.18847313391535,9.677985410989336
image_3731727753340,1,537,199,0.16796875,/media/hdd2/ARCL_multicar_bags/camera_dataset/2026-05-18-v1-v4/rear/EPnPv2_gt_mesh_z_hybrid_labels/3731727753340_0.json,/media/hdd2/ARCL_multicar_bags/camera_dataset/2026-05-18-v1-v4/rear/EPnPv2_gt_mesh_z_hybrid_labels/3731727753340_0.json,T_map_object_raw,T_camera_object_centered,5821.277129018764,174.05358125049676,8.998178198947718
image_3731727753340,1,537,199,0.16796875,/media/hdd2/ARCL_multicar_bags/camera_dataset/2026-05-18-v1-v4/rear/EPnPv2_gt_mesh_z_hybrid_labels/3731727753340_1.json,/media/hdd2/ARCL_multicar_bags/camera_dataset/2026-05-18-v1-v4/rear/EPnPv2_gt_mesh_z_hybrid_labels/3731727753340_1.json,T_map_object_raw,T_camera_object_centered,5821.277129018764,174.05358125049676,8.998178198947718
image_3733926865241,1,556,285,0.109375,/media/hdd2/ARCL_multicar_bags/camera_dataset/2026-05-18-v1-v4/rear/EPnPv2_gt_mesh_z_hybrid_labels/3733926865241_0.json,/media/hdd2/ARCL_multicar_bags/camera_dataset/2026-05-18-v1-v4/rear/EPnPv2_gt_mesh_z_hybrid_labels/3733926865241_0.json,T_map_object_raw,T_camera_object_centered,3668.7356582408497,176.31425246746753,8.05568540309121
image_3734025954458,1,557,289,0.1796875,/media/hdd2/ARCL_multicar_bags/camera_dataset/2026-05-18-v1-v4/rear/EPnPv2_gt_mesh_z_hybrid_labels/3734025954458_0.json,/media/hdd2/ARCL_multicar_bags/camera_dataset/2026-05-18-v1-v4/rear/EPnPv2_gt_mesh_z_hybrid_labels/3734025954458_0.json,T_map_object_raw,T_camera_object_centered,2110.9160079185185,175.29433125462717,10.422804369696768
image_3734325220973,1,560,302,0.14453125,/media/hdd2/ARCL_multicar_bags/camera_dataset/2026-05-18-v1-v4/rear/EPnPv2_gt_mesh_z_hybrid_labels/3734325220973_0.json,/media/hdd2/ARCL_multicar_bags/camera_dataset/2026-05-18-v1-v4/rear/EPnPv2_gt_mesh_z_hybrid_labels/3734325220973_0.json,T_map_object_raw,T_camera_object_centered,5033.00864044644,169.2416853899137,6.041174395552569
image_3763324628623,1,686,885,0.05859375,/media/hdd2/ARCL_multicar_bags/camera_dataset/2026-05-18-v1-v4/rear/EPnPv2_gt_mesh_z_hybrid_labels/3763324628623_0.json,/media/hdd2/ARCL_multicar_bags/camera_dataset/2026-05-18-v1-v4/rear/EPnPv2_gt_mesh_z_hybrid_labels/3763324628623_0.json,T_map_object_raw,T_camera_object_centered,8801.834664809394,171.93025317863896,5.1311865080547365
image_3763524966252,1,688,893,0.12109375,/media/hdd2/ARCL_multicar_bags/camera_dataset/2026-05-18-v1-v4/rear/EPnPv2_gt_mesh_z_hybrid_labels/3763524966252_0.json,/media/hdd2/ARCL_multicar_bags/camera_dataset/2026-05-18-v1-v4/rear/EPnPv2_gt_mesh_z_hybrid_labels/3763524966252_0.json,T_map_object_raw,T_camera_object_centered,1815.7713672014254,170.32456383623096,7.982188589533577
image_3782824014572,1,814,1441,0.08984375,/media/hdd2/ARCL_multicar_bags/camera_dataset/2026-05-18-v1-v4/rear/EPnPv2_gt_mesh_z_hybrid_labels/3782824014572_0.json,/media/hdd2/ARCL_multicar_bags/camera_dataset/2026-05-18-v1-v4/rear/EPnPv2_gt_mesh_z_hybrid_labels/3782824014572_0.json,T_map_object_raw,T_camera_object_centered,2016.7980296841897,174.84211717695973,27.150497258753703
image_3782939756927,1,815,1447,0.0546875,/media/hdd2/ARCL_multicar_bags/camera_dataset/2026-05-18-v1-v4/rear/EPnPv2_gt_mesh_z_hybrid_labels/3782939756927_0.json,/media/hdd2/ARCL_multicar_bags/camera_dataset/2026-05-18-v1-v4/rear/EPnPv2_gt_mesh_z_hybrid_labels/3782939756927_0.json,T_map_object_raw,T_camera_object_centered,3835.3301900108067,176.15010729381427,22.05899821803824
image_3783234895469,1,818,1459,0.1015625,/media/hdd2/ARCL_multicar_bags/camera_dataset/2026-05-18-v1-v4/rear/EPnPv2_gt_mesh_z_hybrid_labels/3783234895469_0.json,/media/hdd2/ARCL_multicar_bags/camera_dataset/2026-05-18-v1-v4/rear/EPnPv2_gt_mesh_z_hybrid_labels/3783234895469_0.json,T_map_object_raw,T_camera_object_centered,7960.580136182874,161.44439243043152,16.92052150916667
image_3783323815173,1,819,1463,0.1171875,/media/hdd2/ARCL_multicar_bags/camera_dataset/2026-05-18-v1-v4/rear/EPnPv2_gt_mesh_z_hybrid_labels/3783323815173_0.json,/media/hdd2/ARCL_multicar_bags/camera_dataset/2026-05-18-v1-v4/rear/EPnPv2_gt_mesh_z_hybrid_labels/3783323815173_0.json,T_map_object_raw,T_camera_object_centered,7451.505261284889,161.53308647830576,16.126586684752795
image_3783426163484,1,820,1468,0.12890625,/media/hdd2/ARCL_multicar_bags/camera_dataset/2026-05-18-v1-v4/rear/EPnPv2_gt_mesh_z_hybrid_labels/3783426163484_0.json,/media/hdd2/ARCL_multicar_bags/camera_dataset/2026-05-18-v1-v4/rear/EPnPv2_gt_mesh_z_hybrid_labels/3783426163484_0.json,T_map_object_raw,T_camera_object_centered,4457.024028119691,163.0432184543876,16.06355778814309
image_3783527752568,1,821,1472,0.1015625,/media/hdd2/ARCL_multicar_bags/camera_dataset/2026-05-18-v1-v4/rear/EPnPv2_gt_mesh_z_hybrid_labels/3783527752568_0.json,/media/hdd2/ARCL_multicar_bags/camera_dataset/2026-05-18-v1-v4/rear/EPnPv2_gt_mesh_z_hybrid_labels/3783527752568_0.json,T_map_object_raw,T_camera_object_centered,4342.119426678547,178.24963437073384,25.15529146558753
image_3783726592653,1,823,1480,0.11328125,/media/hdd2/ARCL_multicar_bags/camera_dataset/2026-05-18-v1-v4/rear/EPnPv2_gt_mesh_z_hybrid_labels/3783726592653_0.json,/media/hdd2/ARCL_multicar_bags/camera_dataset/2026-05-18-v1-v4/rear/EPnPv2_gt_mesh_z_hybrid_labels/3783726592653_0.json,T_map_object_raw,T_camera_object_centered,6635.945046529021,164.7553119996953,16.938547200877654
image_3783924491526,1,825,1490,0.08984375,/media/hdd2/ARCL_multicar_bags/camera_dataset/2026-05-18-v1-v4/rear/EPnPv2_gt_mesh_z_hybrid_labels/3783924491526_0.json,/media/hdd2/ARCL_multicar_bags/camera_dataset/2026-05-18-v1-v4/rear/EPnPv2_gt_mesh_z_hybrid_labels/3783924491526_0.json,T_map_object_raw,T_camera_object_centered,6431.527313580257,165.85597055909858,15.82382426113746
image_3784123171568,1,827,1496,0.12890625,/media/hdd2/ARCL_multicar_bags/camera_dataset/2026-05-18-v1-v4/rear/EPnPv2_gt_mesh_z_hybrid_labels/3784123171568_0.json,/media/hdd2/ARCL_multicar_bags/camera_dataset/2026-05-18-v1-v4/rear/EPnPv2_gt_mesh_z_hybrid_labels/3784123171568_0.json,T_map_object_raw,T_camera_object_centered,5046.570141694842,166.99749828342902,18.070156357509457
image_3784423056864,1,830,1506,0.12109375,/media/hdd2/ARCL_multicar_bags/camera_dataset/2026-05-18-v1-v4/rear/EPnPv2_gt_mesh_z_hybrid_labels/3784423056864_0.json,/media/hdd2/ARCL_multicar_bags/camera_dataset/2026-05-18-v1-v4/rear/EPnPv2_gt_mesh_z_hybrid_labels/3784423056864_0.json,T_map_object_raw,T_camera_object_centered,3183.622106245119,168.0920441957417,17.65741842339505
image_3784423056864,1,830,1506,0.12109375,/media/hdd2/ARCL_multicar_bags/camera_dataset/2026-05-18-v1-v4/rear/EPnPv2_gt_mesh_z_hybrid_labels/3784423056864_1.json,/media/hdd2/ARCL_multicar_bags/camera_dataset/2026-05-18-v1-v4/rear/EPnPv2_gt_mesh_z_hybrid_labels/3784423056864_1.json,T_map_object_raw,T_camera_object_centered,3183.622106245119,168.0920441957417,17.65741842339505
image_3784523171259,1,831,1510,0.10546875,/media/hdd2/ARCL_multicar_bags/camera_dataset/2026-05-18-v1-v4/rear/EPnPv2_gt_mesh_z_hybrid_labels/3784523171259_0.json,/media/hdd2/ARCL_multicar_bags/camera_dataset/2026-05-18-v1-v4/rear/EPnPv2_gt_mesh_z_hybrid_labels/3784523171259_0.json,T_map_object_raw,T_camera_object_centered,7211.399545172499,168.7042672334453,18.238333378543047
image_3787023077961,1,855,1610,0.125,/media/hdd2/ARCL_multicar_bags/camera_dataset/2026-05-18-v1-v4/rear/EPnPv2_gt_mesh_z_hybrid_labels/3787023077961_0.json,/media/hdd2/ARCL_multicar_bags/camera_dataset/2026-05-18-v1-v4/rear/EPnPv2_gt_mesh_z_hybrid_labels/3787023077961_0.json,T_map_object_raw,T_camera_object_centered,9057.568513438579,161.14325829999066,14.467278796175087
image_3787323365490,1,858,1622,0.1171875,/media/hdd2/ARCL_multicar_bags/camera_dataset/2026-05-18-v1-v4/rear/EPnPv2_gt_mesh_z_hybrid_labels/3787323365490_0.json,/media/hdd2/ARCL_multicar_bags/camera_dataset/2026-05-18-v1-v4/rear/EPnPv2_gt_mesh_z_hybrid_labels/3787323365490_0.json,T_map_object_raw,T_camera_object_centered,6972.676270324405,161.16156422034535,15.030330777899797
image_3787723797435,1,862,1639,0.109375,/media/hdd2/ARCL_multicar_bags/camera_dataset/2026-05-18-v1-v4/rear/EPnPv2_gt_mesh_z_hybrid_labels/3787723797435_0.json,/media/hdd2/ARCL_multicar_bags/camera_dataset/2026-05-18-v1-v4/rear/EPnPv2_gt_mesh_z_hybrid_labels/3787723797435_0.json,T_map_object_raw,T_camera_object_centered,4987.60581811461,162.7312401127479,13.146326873415692
image_3788123105586,1,865,1653,0.09375,/media/hdd2/ARCL_multicar_bags/camera_dataset/2026-05-18-v1-v4/rear/EPnPv2_gt_mesh_z_hybrid_labels/3788123105586_0.json,/media/hdd2/ARCL_multicar_bags/camera_dataset/2026-05-18-v1-v4/rear/EPnPv2_gt_mesh_z_hybrid_labels/3788123105586_0.json,T_map_object_raw,T_camera_object_centered,3477.4147535496586,164.06377165716194,11.015034813648013
image_3788323698691,1,867,1661,0.14453125,/media/hdd2/ARCL_multicar_bags/camera_dataset/2026-05-18-v1-v4/rear/EPnPv2_gt_mesh_z_hybrid_labels/3788323698691_0.json,/media/hdd2/ARCL_multicar_bags/camera_dataset/2026-05-18-v1-v4/rear/EPnPv2_gt_mesh_z_hybrid_labels/3788323698691_0.json,T_map_object_raw,T_camera_object_centered,3513.727313027857,164.11458534492442,12.275097107923125
image_3788725342353,1,870,1674,0.14453125,/media/hdd2/ARCL_multicar_bags/camera_dataset/2026-05-18-v1-v4/rear/EPnPv2_gt_mesh_z_hybrid_labels/3788725342353_0.json,/media/hdd2/ARCL_multicar_bags/camera_dataset/2026-05-18-v1-v4/rear/EPnPv2_gt_mesh_z_hybrid_labels/3788725342353_0.json,T_map_object_raw,T_camera_object_centered,5869.6690472105865,164.9967439828226,14.80897752937848
image_3789127759342,1,874,1690,0.10546875,/media/hdd2/ARCL_multicar_bags/camera_dataset/2026-05-18-v1-v4/rear/EPnPv2_gt_mesh_z_hybrid_labels/3789127759342_0.json,/media/hdd2/ARCL_multicar_bags/camera_dataset/2026-05-18-v1-v4/rear/EPnPv2_gt_mesh_z_hybrid_labels/3789127759342_0.json,T_map_object_raw,T_camera_object_centered,3976.004858703332,164.95002391079018,13.977168619642594
image_3789323095727,1,876,1700,0.09375,/media/hdd2/ARCL_multicar_bags/camera_dataset/2026-05-18-v1-v4/rear/EPnPv2_gt_mesh_z_hybrid_labels/3789323095727_0.json,/media/hdd2/ARCL_multicar_bags/camera_dataset/2026-05-18-v1-v4/rear/EPnPv2_gt_mesh_z_hybrid_labels/3789323095727_0.json,T_map_object_raw,T_camera_object_centered,3171.616706489634,165.94038755175578,13.756736560394364
image_3789532715707,1,878,1708,0.12109375,/media/hdd2/ARCL_multicar_bags/camera_dataset/2026-05-18-v1-v4/rear/EPnPv2_gt_mesh_z_hybrid_labels/3789532715707_0.json,/media/hdd2/ARCL_multicar_bags/camera_dataset/2026-05-18-v1-v4/rear/EPnPv2_gt_mesh_z_hybrid_labels/3789532715707_0.json,T_map_object_raw,T_camera_object_centered,4940.253252544665,165.01834979588574,13.239291715032516
image_3789623462458,1,879,1712,0.09375,/media/hdd2/ARCL_multicar_bags/camera_dataset/2026-05-18-v1-v4/rear/EPnPv2_gt_mesh_z_hybrid_labels/3789623462458_0.json,/media/hdd2/ARCL_multicar_bags/camera_dataset/2026-05-18-v1-v4/rear/EPnPv2_gt_mesh_z_hybrid_labels/3789623462458_0.json,T_map_object_raw,T_camera_object_centered,2899.0904212304486,166.36142748042673,9.466647838632785
image_3789728574386,1,880,1717,0.09375,/media/hdd2/ARCL_multicar_bags/camera_dataset/2026-05-18-v1-v4/rear/EPnPv2_gt_mesh_z_hybrid_labels/3789728574386_0.json,/media/hdd2/ARCL_multicar_bags/camera_dataset/2026-05-18-v1-v4/rear/EPnPv2_gt_mesh_z_hybrid_labels/3789728574386_0.json,T_map_object_raw,T_camera_object_centered,2793.135182724387,175.71441574869294,14.625210223481881
image_3790024806924,1,882,1725,0.1015625,/media/hdd2/ARCL_multicar_bags/camera_dataset/2026-05-18-v1-v4/rear/EPnPv2_gt_mesh_z_hybrid_labels/3790024806924_0.json,/media/hdd2/ARCL_multicar_bags/camera_dataset/2026-05-18-v1-v4/rear/EPnPv2_gt_mesh_z_hybrid_labels/3790024806924_0.json,T_map_object_raw,T_camera_object_centered,2395.4594991676154,166.54916122746693,11.55599869287117
image_3790323431521,1,885,1739,0.11328125,/media/hdd2/ARCL_multicar_bags/camera_dataset/2026-05-18-v1-v4/rear/EPnPv2_gt_mesh_z_hybrid_labels/3790323431521_0.json,/media/hdd2/ARCL_multicar_bags/camera_dataset/2026-05-18-v1-v4/rear/EPnPv2_gt_mesh_z_hybrid_labels/3790323431521_0.json,T_map_object_raw,T_camera_object_centered,4048.820631633578,166.5987764054849,12.426951739262387
image_3790525990575,1,887,1747,0.09765625,/media/hdd2/ARCL_multicar_bags/camera_dataset/2026-05-18-v1-v4/rear/EPnPv2_gt_mesh_z_hybrid_labels/3790525990575_0.json,/media/hdd2/ARCL_multicar_bags/camera_dataset/2026-05-18-v1-v4/rear/EPnPv2_gt_mesh_z_hybrid_labels/3790525990575_0.json,T_map_object_raw,T_camera_object_centered,5023.537425015047,166.43115285858113,15.991299812928688
image_3790623437022,1,888,1751,0.125,/media/hdd2/ARCL_multicar_bags/camera_dataset/2026-05-18-v1-v4/rear/EPnPv2_gt_mesh_z_hybrid_labels/3790623437022_0.json,/media/hdd2/ARCL_multicar_bags/camera_dataset/2026-05-18-v1-v4/rear/EPnPv2_gt_mesh_z_hybrid_labels/3790623437022_0.json,T_map_object_raw,T_camera_object_centered,9038.250201717328,166.70489993502233,15.815077293492825
image_3790824927139,1,890,1760,0.109375,/media/hdd2/ARCL_multicar_bags/camera_dataset/2026-05-18-v1-v4/rear/EPnPv2_gt_mesh_z_hybrid_labels/3790824927139_0.json,/media/hdd2/ARCL_multicar_bags/camera_dataset/2026-05-18-v1-v4/rear/EPnPv2_gt_mesh_z_hybrid_labels/3790824927139_0.json,T_map_object_raw,T_camera_object_centered,5209.21916060308,166.74281279587078,13.945239538061683
image_3791227803792,1,893,1772,0.1484375,/media/hdd2/ARCL_multicar_bags/camera_dataset/2026-05-18-v1-v4/rear/EPnPv2_gt_mesh_z_hybrid_labels/3791227803792_0.json,/media/hdd2/ARCL_multicar_bags/camera_dataset/2026-05-18-v1-v4/rear/EPnPv2_gt_mesh_z_hybrid_labels/3791227803792_0.json,T_map_object_raw,T_camera_object_centered,5054.516495889496,166.92559373216292,10.899576556562055
image_3791524309571,1,896,1786,0.1171875,/media/hdd2/ARCL_multicar_bags/camera_dataset/2026-05-18-v1-v4/rear/EPnPv2_gt_mesh_z_hybrid_labels/3791524309571_0.json,/media/hdd2/ARCL_multicar_bags/camera_dataset/2026-05-18-v1-v4/rear/EPnPv2_gt_mesh_z_hybrid_labels/3791524309571_0.json,T_map_object_raw,T_camera_object_centered,5611.259189110148,167.0910463541917,10.084459146640004
image_3792123399450,1,902,1812,0.09765625,/media/hdd2/ARCL_multicar_bags/camera_dataset/2026-05-18-v1-v4/rear/EPnPv2_gt_mesh_z_hybrid_labels/3792123399450_0.json,/media/hdd2/ARCL_multicar_bags/camera_dataset/2026-05-18-v1-v4/rear/EPnPv2_gt_mesh_z_hybrid_labels/3792123399450_0.json,T_map_object_raw,T_camera_object_centered,3063.7889937968343,167.45637364933177,12.718102223843925
image_3792823858277,1,909,1842,0.09765625,/media/hdd2/ARCL_multicar_bags/camera_dataset/2026-05-18-v1-v4/rear/EPnPv2_gt_mesh_z_hybrid_labels/3792823858277_0.json,/media/hdd2/ARCL_multicar_bags/camera_dataset/2026-05-18-v1-v4/rear/EPnPv2_gt_mesh_z_hybrid_labels/3792823858277_0.json,T_map_object_raw,T_camera_object_centered,4142.59534307612,167.47891727331424,13.28132926408592
image_3793023663999,1,911,1850,0.078125,/media/hdd2/ARCL_multicar_bags/camera_dataset/2026-05-18-v1-v4/rear/EPnPv2_gt_mesh_z_hybrid_labels/3793023663999_0.json,/media/hdd2/ARCL_multicar_bags/camera_dataset/2026-05-18-v1-v4/rear/EPnPv2_gt_mesh_z_hybrid_labels/3793023663999_0.json,T_map_object_raw,T_camera_object_centered,6135.209108512626,167.32201587509272,9.265229724161804
image_3793126563923,1,912,1853,0.1171875,/media/hdd2/ARCL_multicar_bags/camera_dataset/2026-05-18-v1-v4/rear/EPnPv2_gt_mesh_z_hybrid_labels/3793126563923_0.json,/media/hdd2/ARCL_multicar_bags/camera_dataset/2026-05-18-v1-v4/rear/EPnPv2_gt_mesh_z_hybrid_labels/3793126563923_0.json,T_map_object_raw,T_camera_object_centered,5736.077477152024,167.32488593318314,11.867779811353293
image_3793423471222,1,915,1864,0.08984375,/media/hdd2/ARCL_multicar_bags/camera_dataset/2026-05-18-v1-v4/rear/EPnPv2_gt_mesh_z_hybrid_labels/3793423471222_0.json,/media/hdd2/ARCL_multicar_bags/camera_dataset/2026-05-18-v1-v4/rear/EPnPv2_gt_mesh_z_hybrid_labels/3793423471222_0.json,T_map_object_raw,T_camera_object_centered,1684.2041181869763,174.8047427050343,10.950840882546515
image_3793524087451,1,916,1868,0.0859375,/media/hdd2/ARCL_multicar_bags/camera_dataset/2026-05-18-v1-v4/rear/EPnPv2_gt_mesh_z_hybrid_labels/3793524087451_0.json,/media/hdd2/ARCL_multicar_bags/camera_dataset/2026-05-18-v1-v4/rear/EPnPv2_gt_mesh_z_hybrid_labels/3793524087451_0.json,T_map_object_raw,T_camera_object_centered,3980.0664300945573,167.0869286702471,9.620865129647314
image_3793624293532,1,917,1872,0.12109375,/media/hdd2/ARCL_multicar_bags/camera_dataset/2026-05-18-v1-v4/rear/EPnPv2_gt_mesh_z_hybrid_labels/3793624293532_0.json,/media/hdd2/ARCL_multicar_bags/camera_dataset/2026-05-18-v1-v4/rear/EPnPv2_gt_mesh_z_hybrid_labels/3793624293532_0.json,T_map_object_raw,T_camera_object_centered,2593.9677032195,167.2773932668709,14.901220544890595
image_3793723677644,1,918,1876,0.09375,/media/hdd2/ARCL_multicar_bags/camera_dataset/2026-05-18-v1-v4/rear/EPnPv2_gt_mesh_z_hybrid_labels/3793723677644_0.json,/media/hdd2/ARCL_multicar_bags/camera_dataset/2026-05-18-v1-v4/rear/EPnPv2_gt_mesh_z_hybrid_labels/3793723677644_0.json,T_map_object_raw,T_camera_object_centered,2901.325792365102,167.32730173477705,10.993164129425178
image_3794333789520,1,924,1897,0.109375,/media/hdd2/ARCL_multicar_bags/camera_dataset/2026-05-18-v1-v4/rear/EPnPv2_gt_mesh_z_hybrid_labels/3794333789520_0.json,/media/hdd2/ARCL_multicar_bags/camera_dataset/2026-05-18-v1-v4/rear/EPnPv2_gt_mesh_z_hybrid_labels/3794333789520_0.json,T_map_object_raw,T_camera_object_centered,6357.4164499841045,167.2132633274783,14.198154287659767
image_3794333789520,1,924,1897,0.109375,/media/hdd2/ARCL_multicar_bags/camera_dataset/2026-05-18-v1-v4/rear/EPnPv2_gt_mesh_z_hybrid_labels/3794333789520_1.json,/media/hdd2/ARCL_multicar_bags/camera_dataset/2026-05-18-v1-v4/rear/EPnPv2_gt_mesh_z_hybrid_labels/3794333789520_1.json,T_map_object_raw,T_camera_object_centered,6357.4164499841045,167.2132633274783,14.198154287659767
image_3794523543537,1,926,1906,0.125,/media/hdd2/ARCL_multicar_bags/camera_dataset/2026-05-18-v1-v4/rear/EPnPv2_gt_mesh_z_hybrid_labels/3794523543537_0.json,/media/hdd2/ARCL_multicar_bags/camera_dataset/2026-05-18-v1-v4/rear/EPnPv2_gt_mesh_z_hybrid_labels/3794523543537_0.json,T_map_object_raw,T_camera_object_centered,4334.975786498097,167.28305439223408,12.8852964101357
image_3794823793800,1,928,1914,0.16015625,/media/hdd2/ARCL_multicar_bags/camera_dataset/2026-05-18-v1-v4/rear/EPnPv2_gt_mesh_z_hybrid_labels/3794823793800_0.json,/media/hdd2/ARCL_multicar_bags/camera_dataset/2026-05-18-v1-v4/rear/EPnPv2_gt_mesh_z_hybrid_labels/3794823793800_0.json,T_map_object_raw,T_camera_object_centered,2066.1853322553566,174.69515949610093,22.623632583884714
image_3794925076973,1,929,1918,0.13671875,/media/hdd2/ARCL_multicar_bags/camera_dataset/2026-05-18-v1-v4/rear/EPnPv2_gt_mesh_z_hybrid_labels/3794925076973_0.json,/media/hdd2/ARCL_multicar_bags/camera_dataset/2026-05-18-v1-v4/rear/EPnPv2_gt_mesh_z_hybrid_labels/3794925076973_0.json,T_map_object_raw,T_camera_object_centered,4229.559560721765,174.71982998818365,16.628361434244642
image_3795123203248,1,930,1923,0.1796875,/media/hdd2/ARCL_multicar_bags/camera_dataset/2026-05-18-v1-v4/rear/EPnPv2_gt_mesh_z_hybrid_labels/3795123203248_0.json,/media/hdd2/ARCL_multicar_bags/camera_dataset/2026-05-18-v1-v4/rear/EPnPv2_gt_mesh_z_hybrid_labels/3795123203248_0.json,T_map_object_raw,T_camera_object_centered,6811.895427878708,167.30994076822154,8.979496953839186
image_3795240667239,1,931,1926,0.125,/media/hdd2/ARCL_multicar_bags/camera_dataset/2026-05-18-v1-v4/rear/EPnPv2_gt_mesh_z_hybrid_labels/3795240667239_0.json,/media/hdd2/ARCL_multicar_bags/camera_dataset/2026-05-18-v1-v4/rear/EPnPv2_gt_mesh_z_hybrid_labels/3795240667239_0.json,T_map_object_raw,T_camera_object_centered,2911.3974646060033,167.22150651078513,9.694908593465431
image_3795424662365,1,933,1932,0.09765625,/media/hdd2/ARCL_multicar_bags/camera_dataset/2026-05-18-v1-v4/rear/EPnPv2_gt_mesh_z_hybrid_labels/3795424662365_0.json,/media/hdd2/ARCL_multicar_bags/camera_dataset/2026-05-18-v1-v4/rear/EPnPv2_gt_mesh_z_hybrid_labels/3795424662365_0.json,T_map_object_raw,T_camera_object_centered,4982.68290211068,167.1037129346745,10.17031563758896
image_3795624991027,1,935,1940,0.1015625,/media/hdd2/ARCL_multicar_bags/camera_dataset/2026-05-18-v1-v4/rear/EPnPv2_gt_mesh_z_hybrid_labels/3795624991027_0.json,/media/hdd2/ARCL_multicar_bags/camera_dataset/2026-05-18-v1-v4/rear/EPnPv2_gt_mesh_z_hybrid_labels/3795624991027_0.json,T_map_object_raw,T_camera_object_centered,7726.309069320247,167.12430883669415,14.745474120558171
image_3795723428574,1,936,1944,0.08984375,/media/hdd2/ARCL_multicar_bags/camera_dataset/2026-05-18-v1-v4/rear/EPnPv2_gt_mesh_z_hybrid_labels/3795723428574_0.json,/media/hdd2/ARCL_multicar_bags/camera_dataset/2026-05-18-v1-v4/rear/EPnPv2_gt_mesh_z_hybrid_labels/3795723428574_0.json,T_map_object_raw,T_camera_object_centered,2022.9280048483647,167.1422388690722,15.515075439743923
image_3796324973173,1,942,1967,0.11328125,/media/hdd2/ARCL_multicar_bags/camera_dataset/2026-05-18-v1-v4/rear/EPnPv2_gt_mesh_z_hybrid_labels/3796324973173_0.json,/media/hdd2/ARCL_multicar_bags/camera_dataset/2026-05-18-v1-v4/rear/EPnPv2_gt_mesh_z_hybrid_labels/3796324973173_0.json,T_map_object_raw,T_camera_object_centered,5019.395441514499,167.02706283956974,15.498895844312415
image_3796522748643,1,944,1973,0.125,/media/hdd2/ARCL_multicar_bags/camera_dataset/2026-05-18-v1-v4/rear/EPnPv2_gt_mesh_z_hybrid_labels/3796522748643_0.json,/media/hdd2/ARCL_multicar_bags/camera_dataset/2026-05-18-v1-v4/rear/EPnPv2_gt_mesh_z_hybrid_labels/3796522748643_0.json,T_map_object_raw,T_camera_object_centered,5288.785751804877,166.96922828446392,12.836481557178391
image_3796923904342,1,948,1990,0.109375,/media/hdd2/ARCL_multicar_bags/camera_dataset/2026-05-18-v1-v4/rear/EPnPv2_gt_mesh_z_hybrid_labels/3796923904342_0.json,/media/hdd2/ARCL_multicar_bags/camera_dataset/2026-05-18-v1-v4/rear/EPnPv2_gt_mesh_z_hybrid_labels/3796923904342_0.json,T_map_object_raw,T_camera_object_centered,4106.899856854738,166.93400624255068,13.429482464398188
image_3797225030238,1,951,2006,0.109375,/media/hdd2/ARCL_multicar_bags/camera_dataset/2026-05-18-v1-v4/rear/EPnPv2_gt_mesh_z_hybrid_labels/3797225030238_0.json,/media/hdd2/ARCL_multicar_bags/camera_dataset/2026-05-18-v1-v4/rear/EPnPv2_gt_mesh_z_hybrid_labels/3797225030238_0.json,T_map_object_raw,T_camera_object_centered,2447.643931026853,166.87143957288166,14.933860872654645
image_3797924722214,1,958,2036,0.109375,/media/hdd2/ARCL_multicar_bags/camera_dataset/2026-05-18-v1-v4/rear/EPnPv2_gt_mesh_z_hybrid_labels/3797924722214_0.json,/media/hdd2/ARCL_multicar_bags/camera_dataset/2026-05-18-v1-v4/rear/EPnPv2_gt_mesh_z_hybrid_labels/3797924722214_0.json,T_map_object_raw,T_camera_object_centered,3472.013472521272,166.88356807191613,15.970262083228802
image_3798025765924,1,959,2040,0.1015625,/media/hdd2/ARCL_multicar_bags/camera_dataset/2026-05-18-v1-v4/rear/EPnPv2_gt_mesh_z_hybrid_labels/3798025765924_0.json,/media/hdd2/ARCL_multicar_bags/camera_dataset/2026-05-18-v1-v4/rear/EPnPv2_gt_mesh_z_hybrid_labels/3798025765924_0.json,T_map_object_raw,T_camera_object_centered,5063.851634516095,166.79608525872175,14.649654917188682
image_3798223844942,1,961,2049,0.1484375,/media/hdd2/ARCL_multicar_bags/camera_dataset/2026-05-18-v1-v4/rear/EPnPv2_gt_mesh_z_hybrid_labels/3798223844942_0.json,/media/hdd2/ARCL_multicar_bags/camera_dataset/2026-05-18-v1-v4/rear/EPnPv2_gt_mesh_z_hybrid_labels/3798223844942_0.json,T_map_object_raw,T_camera_object_centered,6371.932513396953,166.8106489712833,12.69611197667029
image_3798425442449,1,963,2057,0.125,/media/hdd2/ARCL_multicar_bags/camera_dataset/2026-05-18-v1-v4/rear/EPnPv2_gt_mesh_z_hybrid_labels/3798425442449_0.json,/media/hdd2/ARCL_multicar_bags/camera_dataset/2026-05-18-v1-v4/rear/EPnPv2_gt_mesh_z_hybrid_labels/3798425442449_0.json,T_map_object_raw,T_camera_object_centered,4365.328249255875,166.83345621299014,11.310906371179863
image_3798527351285,1,964,2061,0.109375,/media/hdd2/ARCL_multicar_bags/camera_dataset/2026-05-18-v1-v4/rear/EPnPv2_gt_mesh_z_hybrid_labels/3798527351285_0.json,/media/hdd2/ARCL_multicar_bags/camera_dataset/2026-05-18-v1-v4/rear/EPnPv2_gt_mesh_z_hybrid_labels/3798527351285_0.json,T_map_object_raw,T_camera_object_centered,3097.462146788639,175.3135149006544,14.626095852607381
image_3799630089573,1,975,2110,0.1328125,/media/hdd2/ARCL_multicar_bags/camera_dataset/2026-05-18-v1-v4/rear/EPnPv2_gt_mesh_z_hybrid_labels/3799630089573_0.json,/media/hdd2/ARCL_multicar_bags/camera_dataset/2026-05-18-v1-v4/rear/EPnPv2_gt_mesh_z_hybrid_labels/3799630089573_0.json,T_map_object_raw,T_camera_object_centered,2989.219459703331,166.08169051789815,17.656217520623887
image_3799923754234,1,977,2120,0.12109375,/media/hdd2/ARCL_multicar_bags/camera_dataset/2026-05-18-v1-v4/rear/EPnPv2_gt_mesh_z_hybrid_labels/3799923754234_0.json,/media/hdd2/ARCL_multicar_bags/camera_dataset/2026-05-18-v1-v4/rear/EPnPv2_gt_mesh_z_hybrid_labels/3799923754234_0.json,T_map_object_raw,T_camera_object_centered,4022.0769031853347,165.95603247882195,16.15182688152588
image_3800323386527,1,981,2140,0.13671875,/media/hdd2/ARCL_multicar_bags/camera_dataset/2026-05-18-v1-v4/rear/EPnPv2_gt_mesh_z_hybrid_labels/3800323386527_0.json,/media/hdd2/ARCL_multicar_bags/camera_dataset/2026-05-18-v1-v4/rear/EPnPv2_gt_mesh_z_hybrid_labels/3800323386527_0.json,T_map_object_raw,T_camera_object_centered,6467.281920224926,165.2383576832803,14.94070168800319
image_3800723049951,1,985,2158,0.17578125,/media/hdd2/ARCL_multicar_bags/camera_dataset/2026-05-18-v1-v4/rear/EPnPv2_gt_mesh_z_hybrid_labels/3800723049951_0.json,/media/hdd2/ARCL_multicar_bags/camera_dataset/2026-05-18-v1-v4/rear/EPnPv2_gt_mesh_z_hybrid_labels/3800723049951_0.json,T_map_object_raw,T_camera_object_centered,4207.015399557528,165.91713951345267,17.775212374981148
image_3801027026762,1,988,2176,0.14453125,/media/hdd2/ARCL_multicar_bags/camera_dataset/2026-05-18-v1-v4/rear/EPnPv2_gt_mesh_z_hybrid_labels/3801027026762_0.json,/media/hdd2/ARCL_multicar_bags/camera_dataset/2026-05-18-v1-v4/rear/EPnPv2_gt_mesh_z_hybrid_labels/3801027026762_0.json,T_map_object_raw,T_camera_object_centered,6374.514445359205,166.47351803873576,12.931136964550978
image_3801226421428,1,990,2189,0.15625,/media/hdd2/ARCL_multicar_bags/camera_dataset/2026-05-18-v1-v4/rear/EPnPv2_gt_mesh_z_hybrid_labels/3801226421428_0.json,/media/hdd2/ARCL_multicar_bags/camera_dataset/2026-05-18-v1-v4/rear/EPnPv2_gt_mesh_z_hybrid_labels/3801226421428_0.json,T_map_object_raw,T_camera_object_centered,4862.988553648717,167.14339082796957,15.358539057293072
image_3801526151029,1,993,2201,0.16015625,/media/hdd2/ARCL_multicar_bags/camera_dataset/2026-05-18-v1-v4/rear/EPnPv2_gt_mesh_z_hybrid_labels/3801526151029_0.json,/media/hdd2/ARCL_multicar_bags/camera_dataset/2026-05-18-v1-v4/rear/EPnPv2_gt_mesh_z_hybrid_labels/3801526151029_0.json,T_map_object_raw,T_camera_object_centered,6564.275230244942,168.36405981714265,18.009630405077527
image_3801526151029,1,993,2201,0.16015625,/media/hdd2/ARCL_multicar_bags/camera_dataset/2026-05-18-v1-v4/rear/EPnPv2_gt_mesh_z_hybrid_labels/3801526151029_1.json,/media/hdd2/ARCL_multicar_bags/camera_dataset/2026-05-18-v1-v4/rear/EPnPv2_gt_mesh_z_hybrid_labels/3801526151029_1.json,T_map_object_raw,T_camera_object_centered,6564.275230244942,168.36405981714265,18.009630405077527
image_3801623334862,1,994,2205,0.16015625,/media/hdd2/ARCL_multicar_bags/camera_dataset/2026-05-18-v1-v4/rear/EPnPv2_gt_mesh_z_hybrid_labels/3801623334862_0.json,/media/hdd2/ARCL_multicar_bags/camera_dataset/2026-05-18-v1-v4/rear/EPnPv2_gt_mesh_z_hybrid_labels/3801623334862_0.json,T_map_object_raw,T_camera_object_centered,3976.270231639292,169.0989365793236,16.31383753935971
image_3801724434314,1,995,2211,0.13671875,/media/hdd2/ARCL_multicar_bags/camera_dataset/2026-05-18-v1-v4/rear/EPnPv2_gt_mesh_z_hybrid_labels/3801724434314_0.json,/media/hdd2/ARCL_multicar_bags/camera_dataset/2026-05-18-v1-v4/rear/EPnPv2_gt_mesh_z_hybrid_labels/3801724434314_0.json,T_map_object_raw,T_camera_object_centered,4867.334411285773,169.67963669305615,17.275638086119717
image_3801724434314,1,995,2211,0.13671875,/media/hdd2/ARCL_multicar_bags/camera_dataset/2026-05-18-v1-v4/rear/EPnPv2_gt_mesh_z_hybrid_labels/3801724434314_1.json,/media/hdd2/ARCL_multicar_bags/camera_dataset/2026-05-18-v1-v4/rear/EPnPv2_gt_mesh_z_hybrid_labels/3801724434314_1.json,T_map_object_raw,T_camera_object_centered,4867.334411285773,169.67963669305615,17.275638086119717
image_3801822648013,1,996,2215,0.14453125,/media/hdd2/ARCL_multicar_bags/camera_dataset/2026-05-18-v1-v4/rear/EPnPv2_gt_mesh_z_hybrid_labels/3801822648013_0.json,/media/hdd2/ARCL_multicar_bags/camera_dataset/2026-05-18-v1-v4/rear/EPnPv2_gt_mesh_z_hybrid_labels/3801822648013_0.json,T_map_object_raw,T_camera_object_centered,3962.3812724336744,170.39948694060288,14.182037863853017
image_3801822648013,1,996,2215,0.14453125,/media/hdd2/ARCL_multicar_bags/camera_dataset/2026-05-18-v1-v4/rear/EPnPv2_gt_mesh_z_hybrid_labels/3801822648013_1.json,/media/hdd2/ARCL_multicar_bags/camera_dataset/2026-05-18-v1-v4/rear/EPnPv2_gt_mesh_z_hybrid_labels/3801822648013_1.json,T_map_object_raw,T_camera_object_centered,3962.3812724336744,170.39948694060288,14.182037863853017
image_3802022894496,1,997,2219,0.16015625,/media/hdd2/ARCL_multicar_bags/camera_dataset/2026-05-18-v1-v4/rear/EPnPv2_gt_mesh_z_hybrid_labels/3802022894496_0.json,/media/hdd2/ARCL_multicar_bags/camera_dataset/2026-05-18-v1-v4/rear/EPnPv2_gt_mesh_z_hybrid_labels/3802022894496_0.json,T_map_object_raw,T_camera_object_centered,4489.555878969588,171.55617471012312,17.349825668463946
image_3802022894496,1,997,2219,0.16015625,/media/hdd2/ARCL_multicar_bags/camera_dataset/2026-05-18-v1-v4/rear/EPnPv2_gt_mesh_z_hybrid_labels/3802022894496_1.json,/media/hdd2/ARCL_multicar_bags/camera_dataset/2026-05-18-v1-v4/rear/EPnPv2_gt_mesh_z_hybrid_labels/3802022894496_1.json,T_map_object_raw,T_camera_object_centered,4489.555878969588,171.55617471012312,17.349825668463946
image_3802124291819,1,998,2223,0.140625,/media/hdd2/ARCL_multicar_bags/camera_dataset/2026-05-18-v1-v4/rear/EPnPv2_gt_mesh_z_hybrid_labels/3802124291819_0.json,/media/hdd2/ARCL_multicar_bags/camera_dataset/2026-05-18-v1-v4/rear/EPnPv2_gt_mesh_z_hybrid_labels/3802124291819_0.json,T_map_object_raw,T_camera_object_centered,7620.427837339924,171.6919768536675,19.43199754728763
image_3802330210610,1,999,2227,0.16015625,/media/hdd2/ARCL_multicar_bags/camera_dataset/2026-05-18-v1-v4/rear/EPnPv2_gt_mesh_z_hybrid_labels/3802330210610_0.json,/media/hdd2/ARCL_multicar_bags/camera_dataset/2026-05-18-v1-v4/rear/EPnPv2_gt_mesh_z_hybrid_labels/3802330210610_0.json,T_map_object_raw,T_camera_object_centered,4014.5637258045654,172.4165570078353,19.387641829287464
image_3802330210610,1,999,2227,0.16015625,/media/hdd2/ARCL_multicar_bags/camera_dataset/2026-05-18-v1-v4/rear/EPnPv2_gt_mesh_z_hybrid_labels/3802330210610_1.json,/media/hdd2/ARCL_multicar_bags/camera_dataset/2026-05-18-v1-v4/rear/EPnPv2_gt_mesh_z_hybrid_labels/3802330210610_1.json,T_map_object_raw,T_camera_object_centered,4014.5637258045654,172.4165570078353,19.387641829287464
image_3803023148348,1,1005,255,0.109375,/media/hdd2/ARCL_multicar_bags/camera_dataset/2026-05-18-v1-v4/rear/EPnPv2_gt_mesh_z_hybrid_labels/3803023148348_0.json,/media/hdd2/ARCL_multicar_bags/camera_dataset/2026-05-18-v1-v4/rear/EPnPv2_gt_mesh_z_hybrid_labels/3803023148348_0.json,T_map_object_raw,T_camera_object_centered,1430.5481732932326,174.72622409452373,18.706080292913434
image_3803023148348,1,1005,255,0.109375,/media/hdd2/ARCL_multicar_bags/camera_dataset/2026-05-18-v1-v4/rear/EPnPv2_gt_mesh_z_hybrid_labels/3803023148348_1.json,/media/hdd2/ARCL_multicar_bags/camera_dataset/2026-05-18-v1-v4/rear/EPnPv2_gt_mesh_z_hybrid_labels/3803023148348_1.json,T_map_object_raw,T_camera_object_centered,1430.5481732932326,174.72622409452373,18.706080292913434
image_3803133558119,1,1006,726,0.13671875,/media/hdd2/ARCL_multicar_bags/camera_dataset/2026-05-18-v1-v4/rear/EPnPv2_gt_mesh_z_hybrid_labels/3803133558119_0.json,/media/hdd2/ARCL_multicar_bags/camera_dataset/2026-05-18-v1-v4/rear/EPnPv2_gt_mesh_z_hybrid_labels/3803133558119_0.json,T_map_object_raw,T_camera_object_centered,6072.8420765687215,175.67829444829545,12.747023436433848
image_3803133558119,1,1006,726,0.13671875,/media/hdd2/ARCL_multicar_bags/camera_dataset/2026-05-18-v1-v4/rear/EPnPv2_gt_mesh_z_hybrid_labels/3803133558119_1.json,/media/hdd2/ARCL_multicar_bags/camera_dataset/2026-05-18-v1-v4/rear/EPnPv2_gt_mesh_z_hybrid_labels/3803133558119_1.json,T_map_object_raw,T_camera_object_centered,6072.8420765687215,175.67829444829545,12.747023436433848
image_3803323705553,1,1008,1584,0.12890625,/media/hdd2/ARCL_multicar_bags/camera_dataset/2026-05-18-v1-v4/rear/EPnPv2_gt_mesh_z_hybrid_labels/3803323705553_0.json,/media/hdd2/ARCL_multicar_bags/camera_dataset/2026-05-18-v1-v4/rear/EPnPv2_gt_mesh_z_hybrid_labels/3803323705553_0.json,T_map_object_raw,T_camera_object_centered,5362.411292197015,175.59452213697188,16.910522452148527
image_3803323705553,1,1008,1584,0.12890625,/media/hdd2/ARCL_multicar_bags/camera_dataset/2026-05-18-v1-v4/rear/EPnPv2_gt_mesh_z_hybrid_labels/3803323705553_1.json,/media/hdd2/ARCL_multicar_bags/camera_dataset/2026-05-18-v1-v4/rear/EPnPv2_gt_mesh_z_hybrid_labels/3803323705553_1.json,T_map_object_raw,T_camera_object_centered,5362.411292197015,175.59452213697188,16.910522452148527
image_3803437773698,1,1009,1998,0.09375,/media/hdd2/ARCL_multicar_bags/camera_dataset/2026-05-18-v1-v4/rear/EPnPv2_gt_mesh_z_hybrid_labels/3803437773698_0.json,/media/hdd2/ARCL_multicar_bags/camera_dataset/2026-05-18-v1-v4/rear/EPnPv2_gt_mesh_z_hybrid_labels/3803437773698_0.json,T_map_object_raw,T_camera_object_centered,5215.715368329427,168.93043962978533,14.917987591663122
image_3803437773698,1,1009,1998,0.09375,/media/hdd2/ARCL_multicar_bags/camera_dataset/2026-05-18-v1-v4/rear/EPnPv2_gt_mesh_z_hybrid_labels/3803437773698_1.json,/media/hdd2/ARCL_multicar_bags/camera_dataset/2026-05-18-v1-v4/rear/EPnPv2_gt_mesh_z_hybrid_labels/3803437773698_1.json,T_map_object_raw,T_camera_object_centered,5215.715368329427,168.93043962978533,14.917987591663122
image_3821022865449,1,1170,4635,0.109375,/media/hdd2/ARCL_multicar_bags/camera_dataset/2026-05-18-v1-v4/rear/EPnPv2_gt_mesh_z_hybrid_labels/3821022865449_0.json,/media/hdd2/ARCL_multicar_bags/camera_dataset/2026-05-18-v1-v4/rear/EPnPv2_gt_mesh_z_hybrid_labels/3821022865449_0.json,T_map_object_raw,T_camera_object_centered,3931.6210270361325,179.92655910852145,14.985013358292974
image_3821022865449,1,1170,4635,0.109375,/media/hdd2/ARCL_multicar_bags/camera_dataset/2026-05-18-v1-v4/rear/EPnPv2_gt_mesh_z_hybrid_labels/3821022865449_1.json,/media/hdd2/ARCL_multicar_bags/camera_dataset/2026-05-18-v1-v4/rear/EPnPv2_gt_mesh_z_hybrid_labels/3821022865449_1.json,T_map_object_raw,T_camera_object_centered,3931.6210270361325,179.92655910852145,14.985013358292974
image_3821251754158,1,1172,4641,0.08203125,/media/hdd2/ARCL_multicar_bags/camera_dataset/2026-05-18-v1-v4/rear/EPnPv2_gt_mesh_z_hybrid_labels/3821251754158_0.json,/media/hdd2/ARCL_multicar_bags/camera_dataset/2026-05-18-v1-v4/rear/EPnPv2_gt_mesh_z_hybrid_labels/3821251754158_0.json,T_map_object_raw,T_camera_object_centered,6386.6222987370775,178.90806257118962,14.401195879207275
image_3821425013427,1,1174,4647,0.09375,/media/hdd2/ARCL_multicar_bags/camera_dataset/2026-05-18-v1-v4/rear/EPnPv2_gt_mesh_z_hybrid_labels/3821425013427_0.json,/media/hdd2/ARCL_multicar_bags/camera_dataset/2026-05-18-v1-v4/rear/EPnPv2_gt_mesh_z_hybrid_labels/3821425013427_0.json,T_map_object_raw,T_camera_object_centered,1849.6351043990635,178.589489460995,14.491025333806004
image_3821425013427,1,1174,4647,0.09375,/media/hdd2/ARCL_multicar_bags/camera_dataset/2026-05-18-v1-v4/rear/EPnPv2_gt_mesh_z_hybrid_labels/3821425013427_1.json,/media/hdd2/ARCL_multicar_bags/camera_dataset/2026-05-18-v1-v4/rear/EPnPv2_gt_mesh_z_hybrid_labels/3821425013427_1.json,T_map_object_raw,T_camera_object_centered,1849.6351043990635,178.589489460995,14.491025333806004
image_3821723756897,1,1176,4655,0.12890625,/media/hdd2/ARCL_multicar_bags/camera_dataset/2026-05-18-v1-v4/rear/EPnPv2_gt_mesh_z_hybrid_labels/3821723756897_0.json,/media/hdd2/ARCL_multicar_bags/camera_dataset/2026-05-18-v1-v4/rear/EPnPv2_gt_mesh_z_hybrid_labels/3821723756897_0.json,T_map_object_raw,T_camera_object_centered,5992.161783960471,176.9477933449562,16.79229396899489
image_3821823528237,1,1177,4658,0.1015625,/media/hdd2/ARCL_multicar_bags/camera_dataset/2026-05-18-v1-v4/rear/EPnPv2_gt_mesh_z_hybrid_labels/3821823528237_0.json,/media/hdd2/ARCL_multicar_bags/camera_dataset/2026-05-18-v1-v4/rear/EPnPv2_gt_mesh_z_hybrid_labels/3821823528237_0.json,T_map_object_raw,T_camera_object_centered,3770.0487938499014,177.00761198631517,13.587182031168686
image_3821823528237,1,1177,4658,0.1015625,/media/hdd2/ARCL_multicar_bags/camera_dataset/2026-05-18-v1-v4/rear/EPnPv2_gt_mesh_z_hybrid_labels/3821823528237_1.json,/media/hdd2/ARCL_multicar_bags/camera_dataset/2026-05-18-v1-v4/rear/EPnPv2_gt_mesh_z_hybrid_labels/3821823528237_1.json,T_map_object_raw,T_camera_object_centered,3770.0487938499014,177.00761198631517,13.587182031168686
image_3822123303035,1,1180,4668,0.12890625,/media/hdd2/ARCL_multicar_bags/camera_dataset/2026-05-18-v1-v4/rear/EPnPv2_gt_mesh_z_hybrid_labels/3822123303035_0.json,/media/hdd2/ARCL_multicar_bags/camera_dataset/2026-05-18-v1-v4/rear/EPnPv2_gt_mesh_z_hybrid_labels/3822123303035_0.json,T_map_object_raw,T_camera_object_centered,2804.0896130284627,175.94870378152845,14.749745679764331
image_3822123303035,1,1180,4668,0.12890625,/media/hdd2/ARCL_multicar_bags/camera_dataset/2026-05-18-v1-v4/rear/EPnPv2_gt_mesh_z_hybrid_labels/3822123303035_1.json,/media/hdd2/ARCL_multicar_bags/camera_dataset/2026-05-18-v1-v4/rear/EPnPv2_gt_mesh_z_hybrid_labels/3822123303035_1.json,T_map_object_raw,T_camera_object_centered,2804.0896130284627,175.94870378152845,14.749745679764331
image_3822426203061,1,1183,4677,0.109375,/media/hdd2/ARCL_multicar_bags/camera_dataset/2026-05-18-v1-v4/rear/EPnPv2_gt_mesh_z_hybrid_labels/3822426203061_0.json,/media/hdd2/ARCL_multicar_bags/camera_dataset/2026-05-18-v1-v4/rear/EPnPv2_gt_mesh_z_hybrid_labels/3822426203061_0.json,T_map_object_raw,T_camera_object_centered,7679.603412500036,174.6538600814932,14.832341452522213
image_3822426203061,1,1183,4677,0.109375,/media/hdd2/ARCL_multicar_bags/camera_dataset/2026-05-18-v1-v4/rear/EPnPv2_gt_mesh_z_hybrid_labels/3822426203061_1.json,/media/hdd2/ARCL_multicar_bags/camera_dataset/2026-05-18-v1-v4/rear/EPnPv2_gt_mesh_z_hybrid_labels/3822426203061_1.json,T_map_object_raw,T_camera_object_centered,7679.603412500036,174.6538600814932,14.832341452522213
image_3822523397788,1,1184,4680,0.12109375,/media/hdd2/ARCL_multicar_bags/camera_dataset/2026-05-18-v1-v4/rear/EPnPv2_gt_mesh_z_hybrid_labels/3822523397788_0.json,/media/hdd2/ARCL_multicar_bags/camera_dataset/2026-05-18-v1-v4/rear/EPnPv2_gt_mesh_z_hybrid_labels/3822523397788_0.json,T_map_object_raw,T_camera_object_centered,3474.6737250812503,174.9062758693112,13.377263965928835
image_3822523397788,1,1184,4680,0.12109375,/media/hdd2/ARCL_multicar_bags/camera_dataset/2026-05-18-v1-v4/rear/EPnPv2_gt_mesh_z_hybrid_labels/3822523397788_1.json,/media/hdd2/ARCL_multicar_bags/camera_dataset/2026-05-18-v1-v4/rear/EPnPv2_gt_mesh_z_hybrid_labels/3822523397788_1.json,T_map_object_raw,T_camera_object_centered,3474.6737250812503,174.9062758693112,13.377263965928835
image_3822622803458,1,1185,4685,0.13671875,/media/hdd2/ARCL_multicar_bags/camera_dataset/2026-05-18-v1-v4/rear/EPnPv2_gt_mesh_z_hybrid_labels/3822622803458_0.json,/media/hdd2/ARCL_multicar_bags/camera_dataset/2026-05-18-v1-v4/rear/EPnPv2_gt_mesh_z_hybrid_labels/3822622803458_0.json,T_map_object_raw,T_camera_object_centered,3322.5797358123705,174.76934166160154,12.12474728862148
image_3822622803458,1,1185,4685,0.13671875,/media/hdd2/ARCL_multicar_bags/camera_dataset/2026-05-18-v1-v4/rear/EPnPv2_gt_mesh_z_hybrid_labels/3822622803458_1.json,/media/hdd2/ARCL_multicar_bags/camera_dataset/2026-05-18-v1-v4/rear/EPnPv2_gt_mesh_z_hybrid_labels/3822622803458_1.json,T_map_object_raw,T_camera_object_centered,3322.5797358123705,174.76934166160154,12.12474728862148
image_3822726543632,1,1186,4688,0.1640625,/media/hdd2/ARCL_multicar_bags/camera_dataset/2026-05-18-v1-v4/rear/EPnPv2_gt_mesh_z_hybrid_labels/3822726543632_0.json,/media/hdd2/ARCL_multicar_bags/camera_dataset/2026-05-18-v1-v4/rear/EPnPv2_gt_mesh_z_hybrid_labels/3822726543632_0.json,T_map_object_raw,T_camera_object_centered,3295.0343766641868,174.16308747260587,13.405026641910261
image_3822726543632,1,1186,4688,0.1640625,/media/hdd2/ARCL_multicar_bags/camera_dataset/2026-05-18-v1-v4/rear/EPnPv2_gt_mesh_z_hybrid_labels/3822726543632_1.json,/media/hdd2/ARCL_multicar_bags/camera_dataset/2026-05-18-v1-v4/rear/EPnPv2_gt_mesh_z_hybrid_labels/3822726543632_1.json,T_map_object_raw,T_camera_object_centered,3295.0343766641868,174.16308747260587,13.405026641910261
image_3822923881777,1,1188,4694,0.1171875,/media/hdd2/ARCL_multicar_bags/camera_dataset/2026-05-18-v1-v4/rear/EPnPv2_gt_mesh_z_hybrid_labels/3822923881777_0.json,/media/hdd2/ARCL_multicar_bags/camera_dataset/2026-05-18-v1-v4/rear/EPnPv2_gt_mesh_z_hybrid_labels/3822923881777_0.json,T_map_object_raw,T_camera_object_centered,5705.581734027371,174.25777778684062,11.428935633752744
image_3822923881777,1,1188,4694,0.1171875,/media/hdd2/ARCL_multicar_bags/camera_dataset/2026-05-18-v1-v4/rear/EPnPv2_gt_mesh_z_hybrid_labels/3822923881777_1.json,/media/hdd2/ARCL_multicar_bags/camera_dataset/2026-05-18-v1-v4/rear/EPnPv2_gt_mesh_z_hybrid_labels/3822923881777_1.json,T_map_object_raw,T_camera_object_centered,5705.581734027371,174.25777778684062,11.428935633752744
image_3823423412043,1,1192,4707,0.14453125,/media/hdd2/ARCL_multicar_bags/camera_dataset/2026-05-18-v1-v4/rear/EPnPv2_gt_mesh_z_hybrid_labels/3823423412043_0.json,/media/hdd2/ARCL_multicar_bags/camera_dataset/2026-05-18-v1-v4/rear/EPnPv2_gt_mesh_z_hybrid_labels/3823423412043_0.json,T_map_object_raw,T_camera_object_centered,4304.582781956805,172.9974811064083,14.083215992108116
image_3823423412043,1,1192,4707,0.14453125,/media/hdd2/ARCL_multicar_bags/camera_dataset/2026-05-18-v1-v4/rear/EPnPv2_gt_mesh_z_hybrid_labels/3823423412043_1.json,/media/hdd2/ARCL_multicar_bags/camera_dataset/2026-05-18-v1-v4/rear/EPnPv2_gt_mesh_z_hybrid_labels/3823423412043_1.json,T_map_object_raw,T_camera_object_centered,4304.582781956805,172.9974811064083,14.083215992108116
image_3824024778824,1,1197,4724,0.12890625,/media/hdd2/ARCL_multicar_bags/camera_dataset/2026-05-18-v1-v4/rear/EPnPv2_gt_mesh_z_hybrid_labels/3824024778824_0.json,/media/hdd2/ARCL_multicar_bags/camera_dataset/2026-05-18-v1-v4/rear/EPnPv2_gt_mesh_z_hybrid_labels/3824024778824_0.json,T_map_object_raw,T_camera_object_centered,8385.645099572686,172.96541539479264,13.986185179117026
image_3824024778824,1,1197,4724,0.12890625,/media/hdd2/ARCL_multicar_bags/camera_dataset/2026-05-18-v1-v4/rear/EPnPv2_gt_mesh_z_hybrid_labels/3824024778824_1.json,/media/hdd2/ARCL_multicar_bags/camera_dataset/2026-05-18-v1-v4/rear/EPnPv2_gt_mesh_z_hybrid_labels/3824024778824_1.json,T_map_object_raw,T_camera_object_centered,8385.645099572686,172.96541539479264,13.986185179117026
image_3824127989191,1,1198,4727,0.15234375,/media/hdd2/ARCL_multicar_bags/camera_dataset/2026-05-18-v1-v4/rear/EPnPv2_gt_mesh_z_hybrid_labels/3824127989191_0.json,/media/hdd2/ARCL_multicar_bags/camera_dataset/2026-05-18-v1-v4/rear/EPnPv2_gt_mesh_z_hybrid_labels/3824127989191_0.json,T_map_object_raw,T_camera_object_centered,5443.9669350537,173.26212665683204,13.878564625065463
image_3824127989191,1,1198,4727,0.15234375,/media/hdd2/ARCL_multicar_bags/camera_dataset/2026-05-18-v1-v4/rear/EPnPv2_gt_mesh_z_hybrid_labels/3824127989191_1.json,/media/hdd2/ARCL_multicar_bags/camera_dataset/2026-05-18-v1-v4/rear/EPnPv2_gt_mesh_z_hybrid_labels/3824127989191_1.json,T_map_object_raw,T_camera_object_centered,5443.9669350537,173.26212665683204,13.878564625065463
image_3824322901731,1,1200,4735,0.140625,/media/hdd2/ARCL_multicar_bags/camera_dataset/2026-05-18-v1-v4/rear/EPnPv2_gt_mesh_z_hybrid_labels/3824322901731_0.json,/media/hdd2/ARCL_multicar_bags/camera_dataset/2026-05-18-v1-v4/rear/EPnPv2_gt_mesh_z_hybrid_labels/3824322901731_0.json,T_map_object_raw,T_camera_object_centered,5858.843993915557,174.19682252663318,13.498655231862665
image_3824322901731,1,1200,4735,0.140625,/media/hdd2/ARCL_multicar_bags/camera_dataset/2026-05-18-v1-v4/rear/EPnPv2_gt_mesh_z_hybrid_labels/3824322901731_1.json,/media/hdd2/ARCL_multicar_bags/camera_dataset/2026-05-18-v1-v4/rear/EPnPv2_gt_mesh_z_hybrid_labels/3824322901731_1.json,T_map_object_raw,T_camera_object_centered,5858.843993915557,174.19682252663318,13.498655231862665
image_3824425361839,1,1201,4738,0.12890625,/media/hdd2/ARCL_multicar_bags/camera_dataset/2026-05-18-v1-v4/rear/EPnPv2_gt_mesh_z_hybrid_labels/3824425361839_0.json,/media/hdd2/ARCL_multicar_bags/camera_dataset/2026-05-18-v1-v4/rear/EPnPv2_gt_mesh_z_hybrid_labels/3824425361839_0.json,T_map_object_raw,T_camera_object_centered,7855.182426060775,173.93748836499503,15.691546427332966
image_3824425361839,1,1201,4738,0.12890625,/media/hdd2/ARCL_multicar_bags/camera_dataset/2026-05-18-v1-v4/rear/EPnPv2_gt_mesh_z_hybrid_labels/3824425361839_1.json,/media/hdd2/ARCL_multicar_bags/camera_dataset/2026-05-18-v1-v4/rear/EPnPv2_gt_mesh_z_hybrid_labels/3824425361839_1.json,T_map_object_raw,T_camera_object_centered,7855.182426060775,173.93748836499503,15.691546427332966
image_3824524115364,1,1202,4741,0.08984375,/media/hdd2/ARCL_multicar_bags/camera_dataset/2026-05-18-v1-v4/rear/EPnPv2_gt_mesh_z_hybrid_labels/3824524115364_0.json,/media/hdd2/ARCL_multicar_bags/camera_dataset/2026-05-18-v1-v4/rear/EPnPv2_gt_mesh_z_hybrid_labels/3824524115364_0.json,T_map_object_raw,T_camera_object_centered,8749.709505959678,174.2174198553993,16.41158424248071
image_3824524115364,1,1202,4741,0.08984375,/media/hdd2/ARCL_multicar_bags/camera_dataset/2026-05-18-v1-v4/rear/EPnPv2_gt_mesh_z_hybrid_labels/3824524115364_1.json,/media/hdd2/ARCL_multicar_bags/camera_dataset/2026-05-18-v1-v4/rear/EPnPv2_gt_mesh_z_hybrid_labels/3824524115364_1.json,T_map_object_raw,T_camera_object_centered,8749.709505959678,174.2174198553993,16.41158424248071
image_3824724679403,1,1204,4747,0.12890625,/media/hdd2/ARCL_multicar_bags/camera_dataset/2026-05-18-v1-v4/rear/EPnPv2_gt_mesh_z_hybrid_labels/3824724679403_0.json,/media/hdd2/ARCL_multicar_bags/camera_dataset/2026-05-18-v1-v4/rear/EPnPv2_gt_mesh_z_hybrid_labels/3824724679403_0.json,T_map_object_raw,T_camera_object_centered,8706.885217889036,174.9824933168466,17.20540642454368
image_3824724679403,1,1204,4747,0.12890625,/media/hdd2/ARCL_multicar_bags/camera_dataset/2026-05-18-v1-v4/rear/EPnPv2_gt_mesh_z_hybrid_labels/3824724679403_1.json,/media/hdd2/ARCL_multicar_bags/camera_dataset/2026-05-18-v1-v4/rear/EPnPv2_gt_mesh_z_hybrid_labels/3824724679403_1.json,T_map_object_raw,T_camera_object_centered,8706.885217889036,174.9824933168466,17.20540642454368
image_3824823904732,1,1205,4752,0.08984375,/media/hdd2/ARCL_multicar_bags/camera_dataset/2026-05-18-v1-v4/rear/EPnPv2_gt_mesh_z_hybrid_labels/3824823904732_0.json,/media/hdd2/ARCL_multicar_bags/camera_dataset/2026-05-18-v1-v4/rear/EPnPv2_gt_mesh_z_hybrid_labels/3824823904732_0.json,T_map_object_raw,T_camera_object_centered,6254.275587290836,175.58018505724522,18.90257380403877
image_3824823904732,1,1205,4752,0.08984375,/media/hdd2/ARCL_multicar_bags/camera_dataset/2026-05-18-v1-v4/rear/EPnPv2_gt_mesh_z_hybrid_labels/3824823904732_1.json,/media/hdd2/ARCL_multicar_bags/camera_dataset/2026-05-18-v1-v4/rear/EPnPv2_gt_mesh_z_hybrid_labels/3824823904732_1.json,T_map_object_raw,T_camera_object_centered,6254.275587290836,175.58018505724522,18.90257380403877
image_3825823821941,1,1215,4785,0.1484375,/media/hdd2/ARCL_multicar_bags/camera_dataset/2026-05-18-v1-v4/rear/EPnPv2_gt_mesh_z_hybrid_labels/3825823821941_0.json,/media/hdd2/ARCL_multicar_bags/camera_dataset/2026-05-18-v1-v4/rear/EPnPv2_gt_mesh_z_hybrid_labels/3825823821941_0.json,T_map_object_raw,T_camera_object_centered,9079.013703523035,163.91659122020707,16.848106654428207
image_3825823821941,1,1215,4785,0.1484375,/media/hdd2/ARCL_multicar_bags/camera_dataset/2026-05-18-v1-v4/rear/EPnPv2_gt_mesh_z_hybrid_labels/3825823821941_1.json,/media/hdd2/ARCL_multicar_bags/camera_dataset/2026-05-18-v1-v4/rear/EPnPv2_gt_mesh_z_hybrid_labels/3825823821941_1.json,T_map_object_raw,T_camera_object_centered,9079.013703523035,163.91659122020707,16.848106654428207
image_3832123505132,1,1274,4990,0.09375,/media/hdd2/ARCL_multicar_bags/camera_dataset/2026-05-18-v1-v4/rear/EPnPv2_gt_mesh_z_hybrid_labels/3832123505132_0.json,/media/hdd2/ARCL_multicar_bags/camera_dataset/2026-05-18-v1-v4/rear/EPnPv2_gt_mesh_z_hybrid_labels/3832123505132_0.json,T_map_object_raw,T_camera_object_centered,5327.497963642661,178.79830118214375,11.616377391732259
image_3832623714823,1,1279,5012,0.1015625,/media/hdd2/ARCL_multicar_bags/camera_dataset/2026-05-18-v1-v4/rear/EPnPv2_gt_mesh_z_hybrid_labels/3832623714823_0.json,/media/hdd2/ARCL_multicar_bags/camera_dataset/2026-05-18-v1-v4/rear/EPnPv2_gt_mesh_z_hybrid_labels/3832623714823_0.json,T_map_object_raw,T_camera_object_centered,5311.426369056805,177.60937170283236,9.252306493197805
image_3833122848831,1,1284,5028,0.15625,/media/hdd2/ARCL_multicar_bags/camera_dataset/2026-05-18-v1-v4/rear/EPnPv2_gt_mesh_z_hybrid_labels/3833122848831_0.json,/media/hdd2/ARCL_multicar_bags/camera_dataset/2026-05-18-v1-v4/rear/EPnPv2_gt_mesh_z_hybrid_labels/3833122848831_0.json,T_map_object_raw,T_camera_object_centered,2091.978289033483,173.8361154155473,15.083403112486584
image_3833422231974,1,1287,5039,0.125,/media/hdd2/ARCL_multicar_bags/camera_dataset/2026-05-18-v1-v4/rear/EPnPv2_gt_mesh_z_hybrid_labels/3833422231974_0.json,/media/hdd2/ARCL_multicar_bags/camera_dataset/2026-05-18-v1-v4/rear/EPnPv2_gt_mesh_z_hybrid_labels/3833422231974_0.json,T_map_object_raw,T_camera_object_centered,2163.597141506723,172.46345907297675,14.344778451096714
image_3833522137986,1,1288,5042,0.14453125,/media/hdd2/ARCL_multicar_bags/camera_dataset/2026-05-18-v1-v4/rear/EPnPv2_gt_mesh_z_hybrid_labels/3833522137986_0.json,/media/hdd2/ARCL_multicar_bags/camera_dataset/2026-05-18-v1-v4/rear/EPnPv2_gt_mesh_z_hybrid_labels/3833522137986_0.json,T_map_object_raw,T_camera_object_centered,6789.226359043773,171.00158356903452,17.09628149990406
image_3833722790317,1,1290,5050,0.13671875,/media/hdd2/ARCL_multicar_bags/camera_dataset/2026-05-18-v1-v4/rear/EPnPv2_gt_mesh_z_hybrid_labels/3833722790317_0.json,/media/hdd2/ARCL_multicar_bags/camera_dataset/2026-05-18-v1-v4/rear/EPnPv2_gt_mesh_z_hybrid_labels/3833722790317_0.json,T_map_object_raw,T_camera_object_centered,7669.577850997927,169.83817189251621,17.536185679841694
image_3833722790317,1,1290,5050,0.13671875,/media/hdd2/ARCL_multicar_bags/camera_dataset/2026-05-18-v1-v4/rear/EPnPv2_gt_mesh_z_hybrid_labels/3833722790317_1.json,/media/hdd2/ARCL_multicar_bags/camera_dataset/2026-05-18-v1-v4/rear/EPnPv2_gt_mesh_z_hybrid_labels/3833722790317_1.json,T_map_object_raw,T_camera_object_centered,7669.577850997927,169.83817189251621,17.536185679841694
image_3834227759806,1,1293,5062,0.15234375,/media/hdd2/ARCL_multicar_bags/camera_dataset/2026-05-18-v1-v4/rear/EPnPv2_gt_mesh_z_hybrid_labels/3834227759806_0.json,/media/hdd2/ARCL_multicar_bags/camera_dataset/2026-05-18-v1-v4/rear/EPnPv2_gt_mesh_z_hybrid_labels/3834227759806_0.json,T_map_object_raw,T_camera_object_centered,6168.2680825484995,167.35705358372775,16.555303185493475
image_3834227759806,1,1293,5062,0.15234375,/media/hdd2/ARCL_multicar_bags/camera_dataset/2026-05-18-v1-v4/rear/EPnPv2_gt_mesh_z_hybrid_labels/3834227759806_1.json,/media/hdd2/ARCL_multicar_bags/camera_dataset/2026-05-18-v1-v4/rear/EPnPv2_gt_mesh_z_hybrid_labels/3834227759806_1.json,T_map_object_raw,T_camera_object_centered,6168.2680825484995,167.35705358372775,16.555303185493475
image_3834422523066,1,1295,5072,0.13671875,/media/hdd2/ARCL_multicar_bags/camera_dataset/2026-05-18-v1-v4/rear/EPnPv2_gt_mesh_z_hybrid_labels/3834422523066_0.json,/media/hdd2/ARCL_multicar_bags/camera_dataset/2026-05-18-v1-v4/rear/EPnPv2_gt_mesh_z_hybrid_labels/3834422523066_0.json,T_map_object_raw,T_camera_object_centered,5500.034036568372,166.62695024949045,15.799546274862177
image_3834822668851,1,1299,5088,0.12890625,/media/hdd2/ARCL_multicar_bags/camera_dataset/2026-05-18-v1-v4/rear/EPnPv2_gt_mesh_z_hybrid_labels/3834822668851_0.json,/media/hdd2/ARCL_multicar_bags/camera_dataset/2026-05-18-v1-v4/rear/EPnPv2_gt_mesh_z_hybrid_labels/3834822668851_0.json,T_map_object_raw,T_camera_object_centered,5595.267191551939,176.3729049129382,20.57614011969115
image_3834822668851,1,1299,5088,0.12890625,/media/hdd2/ARCL_multicar_bags/camera_dataset/2026-05-18-v1-v4/rear/EPnPv2_gt_mesh_z_hybrid_labels/3834822668851_1.json,/media/hdd2/ARCL_multicar_bags/camera_dataset/2026-05-18-v1-v4/rear/EPnPv2_gt_mesh_z_hybrid_labels/3834822668851_1.json,T_map_object_raw,T_camera_object_centered,5595.267191551939,176.3729049129382,20.57614011969115
image_3834923100569,1,1300,5094,0.1640625,/media/hdd2/ARCL_multicar_bags/camera_dataset/2026-05-18-v1-v4/rear/EPnPv2_gt_mesh_z_hybrid_labels/3834923100569_0.json,/media/hdd2/ARCL_multicar_bags/camera_dataset/2026-05-18-v1-v4/rear/EPnPv2_gt_mesh_z_hybrid_labels/3834923100569_0.json,T_map_object_raw,T_camera_object_centered,2243.4600725333084,176.83176329075772,15.954779335415148
image_3834923100569,1,1300,5094,0.1640625,/media/hdd2/ARCL_multicar_bags/camera_dataset/2026-05-18-v1-v4/rear/EPnPv2_gt_mesh_z_hybrid_labels/3834923100569_1.json,/media/hdd2/ARCL_multicar_bags/camera_dataset/2026-05-18-v1-v4/rear/EPnPv2_gt_mesh_z_hybrid_labels/3834923100569_1.json,T_map_object_raw,T_camera_object_centered,2243.4600725333084,176.83176329075772,15.954779335415148
image_3835035777363,1,1301,5098,0.12890625,/media/hdd2/ARCL_multicar_bags/camera_dataset/2026-05-18-v1-v4/rear/EPnPv2_gt_mesh_z_hybrid_labels/3835035777363_0.json,/media/hdd2/ARCL_multicar_bags/camera_dataset/2026-05-18-v1-v4/rear/EPnPv2_gt_mesh_z_hybrid_labels/3835035777363_0.json,T_map_object_raw,T_camera_object_centered,4727.571632858161,176.98847101142954,19.441638615321782
image_3836423074057,1,1313,5159,0.15234375,/media/hdd2/ARCL_multicar_bags/camera_dataset/2026-05-18-v1-v4/rear/EPnPv2_gt_mesh_z_hybrid_labels/3836423074057_0.json,/media/hdd2/ARCL_multicar_bags/camera_dataset/2026-05-18-v1-v4/rear/EPnPv2_gt_mesh_z_hybrid_labels/3836423074057_0.json,T_map_object_raw,T_camera_object_centered,4873.303704656648,164.30527655077196,14.522307313981875
image_3836423074057,1,1313,5159,0.15234375,/media/hdd2/ARCL_multicar_bags/camera_dataset/2026-05-18-v1-v4/rear/EPnPv2_gt_mesh_z_hybrid_labels/3836423074057_1.json,/media/hdd2/ARCL_multicar_bags/camera_dataset/2026-05-18-v1-v4/rear/EPnPv2_gt_mesh_z_hybrid_labels/3836423074057_1.json,T_map_object_raw,T_camera_object_centered,4873.303704656648,164.30527655077196,14.522307313981875
image_3836922381645,1,1318,5177,0.12109375,/media/hdd2/ARCL_multicar_bags/camera_dataset/2026-05-18-v1-v4/rear/EPnPv2_gt_mesh_z_hybrid_labels/3836922381645_0.json,/media/hdd2/ARCL_multicar_bags/camera_dataset/2026-05-18-v1-v4/rear/EPnPv2_gt_mesh_z_hybrid_labels/3836922381645_0.json,T_map_object_raw,T_camera_object_centered,7479.083676047864,164.0004953659234,13.898550990704162
image_3836922381645,1,1318,5177,0.12109375,/media/hdd2/ARCL_multicar_bags/camera_dataset/2026-05-18-v1-v4/rear/EPnPv2_gt_mesh_z_hybrid_labels/3836922381645_1.json,/media/hdd2/ARCL_multicar_bags/camera_dataset/2026-05-18-v1-v4/rear/EPnPv2_gt_mesh_z_hybrid_labels/3836922381645_1.json,T_map_object_raw,T_camera_object_centered,7479.083676047864,164.0004953659234,13.898550990704162
image_3841722900496,1,1361,5353,0.14453125,/media/hdd2/ARCL_multicar_bags/camera_dataset/2026-05-18-v1-v4/rear/EPnPv2_gt_mesh_z_hybrid_labels/3841722900496_0.json,/media/hdd2/ARCL_multicar_bags/camera_dataset/2026-05-18-v1-v4/rear/EPnPv2_gt_mesh_z_hybrid_labels/3841722900496_0.json,T_map_object_raw,T_camera_object_centered,4971.687205561754,163.45255963313392,15.913493338992467
image_3841922393474,1,1363,5362,0.10546875,/media/hdd2/ARCL_multicar_bags/camera_dataset/2026-05-18-v1-v4/rear/EPnPv2_gt_mesh_z_hybrid_labels/3841922393474_0.json,/media/hdd2/ARCL_multicar_bags/camera_dataset/2026-05-18-v1-v4/rear/EPnPv2_gt_mesh_z_hybrid_labels/3841922393474_0.json,T_map_object_raw,T_camera_object_centered,4215.180101725434,163.4515194574321,14.728237922778101
image_3842225540216,1,1366,5375,0.1015625,/media/hdd2/ARCL_multicar_bags/camera_dataset/2026-05-18-v1-v4/rear/EPnPv2_gt_mesh_z_hybrid_labels/3842225540216_0.json,/media/hdd2/ARCL_multicar_bags/camera_dataset/2026-05-18-v1-v4/rear/EPnPv2_gt_mesh_z_hybrid_labels/3842225540216_0.json,T_map_object_raw,T_camera_object_centered,7609.42792445245,163.58589904978126,9.00549474613005
image_3842424637905,1,1368,5383,0.08203125,/media/hdd2/ARCL_multicar_bags/camera_dataset/2026-05-18-v1-v4/rear/EPnPv2_gt_mesh_z_hybrid_labels/3842424637905_0.json,/media/hdd2/ARCL_multicar_bags/camera_dataset/2026-05-18-v1-v4/rear/EPnPv2_gt_mesh_z_hybrid_labels/3842424637905_0.json,T_map_object_raw,T_camera_object_centered,3929.013306613091,178.49830460107123,14.677484383374336
image_3842523690698,1,1369,5387,0.0703125,/media/hdd2/ARCL_multicar_bags/camera_dataset/2026-05-18-v1-v4/rear/EPnPv2_gt_mesh_z_hybrid_labels/3842523690698_0.json,/media/hdd2/ARCL_multicar_bags/camera_dataset/2026-05-18-v1-v4/rear/EPnPv2_gt_mesh_z_hybrid_labels/3842523690698_0.json,T_map_object_raw,T_camera_object_centered,4965.41147419633,163.53034993097046,8.873147613885552
image_3843023191756,1,1372,5398,0.15234375,/media/hdd2/ARCL_multicar_bags/camera_dataset/2026-05-18-v1-v4/rear/EPnPv2_gt_mesh_z_hybrid_labels/3843023191756_0.json,/media/hdd2/ARCL_multicar_bags/camera_dataset/2026-05-18-v1-v4/rear/EPnPv2_gt_mesh_z_hybrid_labels/3843023191756_0.json,T_map_object_raw,T_camera_object_centered,1399.908927987258,178.46213999678807,16.529419601467595
image_3843122150716,1,1373,5401,0.14453125,/media/hdd2/ARCL_multicar_bags/camera_dataset/2026-05-18-v1-v4/rear/EPnPv2_gt_mesh_z_hybrid_labels/3843122150716_0.json,/media/hdd2/ARCL_multicar_bags/camera_dataset/2026-05-18-v1-v4/rear/EPnPv2_gt_mesh_z_hybrid_labels/3843122150716_0.json,T_map_object_raw,T_camera_object_centered,1792.5771622889101,178.42592029857826,12.689301249523691
image_3843243752725,1,1374,5404,0.12890625,/media/hdd2/ARCL_multicar_bags/camera_dataset/2026-05-18-v1-v4/rear/EPnPv2_gt_mesh_z_hybrid_labels/3843243752725_0.json,/media/hdd2/ARCL_multicar_bags/camera_dataset/2026-05-18-v1-v4/rear/EPnPv2_gt_mesh_z_hybrid_labels/3843243752725_0.json,T_map_object_raw,T_camera_object_centered,2326.418687706987,178.41384655476116,13.746657224717499
image_3843423901587,1,1376,5412,0.13671875,/media/hdd2/ARCL_multicar_bags/camera_dataset/2026-05-18-v1-v4/rear/EPnPv2_gt_mesh_z_hybrid_labels/3843423901587_0.json,/media/hdd2/ARCL_multicar_bags/camera_dataset/2026-05-18-v1-v4/rear/EPnPv2_gt_mesh_z_hybrid_labels/3843423901587_0.json,T_map_object_raw,T_camera_object_centered,2898.6162784541116,178.54148402029458,14.205701627528697
image_3843522399135,1,1377,5415,0.1484375,/media/hdd2/ARCL_multicar_bags/camera_dataset/2026-05-18-v1-v4/rear/EPnPv2_gt_mesh_z_hybrid_labels/3843522399135_0.json,/media/hdd2/ARCL_multicar_bags/camera_dataset/2026-05-18-v1-v4/rear/EPnPv2_gt_mesh_z_hybrid_labels/3843522399135_0.json,T_map_object_raw,T_camera_object_centered,3258.002987703346,163.50983062315242,12.245507013222145
image_3843722266724,1,1378,5418,0.140625,/media/hdd2/ARCL_multicar_bags/camera_dataset/2026-05-18-v1-v4/rear/EPnPv2_gt_mesh_z_hybrid_labels/3843722266724_0.json,/media/hdd2/ARCL_multicar_bags/camera_dataset/2026-05-18-v1-v4/rear/EPnPv2_gt_mesh_z_hybrid_labels/3843722266724_0.json,T_map_object_raw,T_camera_object_centered,4992.8605788243285,163.57155645324536,14.886117613314976
image_3843822718937,1,1379,5421,0.10546875,/media/hdd2/ARCL_multicar_bags/camera_dataset/2026-05-18-v1-v4/rear/EPnPv2_gt_mesh_z_hybrid_labels/3843822718937_0.json,/media/hdd2/ARCL_multicar_bags/camera_dataset/2026-05-18-v1-v4/rear/EPnPv2_gt_mesh_z_hybrid_labels/3843822718937_0.json,T_map_object_raw,T_camera_object_centered,2445.234396764358,178.310605570256,16.12598563880622
image_3844026117988,1,1381,5428,0.11328125,/media/hdd2/ARCL_multicar_bags/camera_dataset/2026-05-18-v1-v4/rear/EPnPv2_gt_mesh_z_hybrid_labels/3844026117988_0.json,/media/hdd2/ARCL_multicar_bags/camera_dataset/2026-05-18-v1-v4/rear/EPnPv2_gt_mesh_z_hybrid_labels/3844026117988_0.json,T_map_object_raw,T_camera_object_centered,3394.097959350899,163.77077980390794,14.734321374291731
image_3844122150226,1,1382,5431,0.1328125,/media/hdd2/ARCL_multicar_bags/camera_dataset/2026-05-18-v1-v4/rear/EPnPv2_gt_mesh_z_hybrid_labels/3844122150226_0.json,/media/hdd2/ARCL_multicar_bags/camera_dataset/2026-05-18-v1-v4/rear/EPnPv2_gt_mesh_z_hybrid_labels/3844122150226_0.json,T_map_object_raw,T_camera_object_centered,6057.804218992885,163.68699227407714,17.006494615509304
image_3844322118625,1,1384,5437,0.140625,/media/hdd2/ARCL_multicar_bags/camera_dataset/2026-05-18-v1-v4/rear/EPnPv2_gt_mesh_z_hybrid_labels/3844322118625_0.json,/media/hdd2/ARCL_multicar_bags/camera_dataset/2026-05-18-v1-v4/rear/EPnPv2_gt_mesh_z_hybrid_labels/3844322118625_0.json,T_map_object_raw,T_camera_object_centered,3500.596434047587,163.75047644438803,16.492608382479975
image_3848122506589,1,1416,5562,0.13671875,/media/hdd2/ARCL_multicar_bags/camera_dataset/2026-05-18-v1-v4/rear/EPnPv2_gt_mesh_z_hybrid_labels/3848122506589_0.json,/media/hdd2/ARCL_multicar_bags/camera_dataset/2026-05-18-v1-v4/rear/EPnPv2_gt_mesh_z_hybrid_labels/3848122506589_0.json,T_map_object_raw,T_camera_object_centered,5582.051006880347,178.5235756541927,18.276538309515736
image_3848424439206,1,1419,5577,0.09375,/media/hdd2/ARCL_multicar_bags/camera_dataset/2026-05-18-v1-v4/rear/EPnPv2_gt_mesh_z_hybrid_labels/3848424439206_0.json,/media/hdd2/ARCL_multicar_bags/camera_dataset/2026-05-18-v1-v4/rear/EPnPv2_gt_mesh_z_hybrid_labels/3848424439206_0.json,T_map_object_raw,T_camera_object_centered,7862.786583413305,163.44405138321233,13.468568829311776
image_3848526342293,1,1420,5583,0.109375,/media/hdd2/ARCL_multicar_bags/camera_dataset/2026-05-18-v1-v4/rear/EPnPv2_gt_mesh_z_hybrid_labels/3848526342293_0.json,/media/hdd2/ARCL_multicar_bags/camera_dataset/2026-05-18-v1-v4/rear/EPnPv2_gt_mesh_z_hybrid_labels/3848526342293_0.json,T_map_object_raw,T_camera_object_centered,6796.372350069352,163.47291665982863,12.202659138422021
image_3848925530975,1,1424,5603,0.11328125,/media/hdd2/ARCL_multicar_bags/camera_dataset/2026-05-18-v1-v4/rear/EPnPv2_gt_mesh_z_hybrid_labels/3848925530975_0.json,/media/hdd2/ARCL_multicar_bags/camera_dataset/2026-05-18-v1-v4/rear/EPnPv2_gt_mesh_z_hybrid_labels/3848925530975_0.json,T_map_object_raw,T_camera_object_centered,7288.775712117731,163.50085889547236,12.623903657153758
image_3850021959296,1,1434,5652,0.09765625,/media/hdd2/ARCL_multicar_bags/camera_dataset/2026-05-18-v1-v4/rear/EPnPv2_gt_mesh_z_hybrid_labels/3850021959296_0.json,/media/hdd2/ARCL_multicar_bags/camera_dataset/2026-05-18-v1-v4/rear/EPnPv2_gt_mesh_z_hybrid_labels/3850021959296_0.json,T_map_object_raw,T_camera_object_centered,7068.15137932864,163.8781677477518,13.957159955711477
image_3851822985463,1,1450,5724,0.12890625,/media/hdd2/ARCL_multicar_bags/camera_dataset/2026-05-18-v1-v4/rear/EPnPv2_gt_mesh_z_hybrid_labels/3851822985463_0.json,/media/hdd2/ARCL_multicar_bags/camera_dataset/2026-05-18-v1-v4/rear/EPnPv2_gt_mesh_z_hybrid_labels/3851822985463_0.json,T_map_object_raw,T_camera_object_centered,5868.9121136134445,163.99412107255813,16.001875385221787
image_3852422200154,1,1456,5754,0.11328125,/media/hdd2/ARCL_multicar_bags/camera_dataset/2026-05-18-v1-v4/rear/EPnPv2_gt_mesh_z_hybrid_labels/3852422200154_0.json,/media/hdd2/ARCL_multicar_bags/camera_dataset/2026-05-18-v1-v4/rear/EPnPv2_gt_mesh_z_hybrid_labels/3852422200154_0.json,T_map_object_raw,T_camera_object_centered,3883.3642862834126,164.03354177405203,12.402292760102725
image_3853125739734,1,1462,5780,0.09765625,/media/hdd2/ARCL_multicar_bags/camera_dataset/2026-05-18-v1-v4/rear/EPnPv2_gt_mesh_z_hybrid_labels/3853125739734_0.json,/media/hdd2/ARCL_multicar_bags/camera_dataset/2026-05-18-v1-v4/rear/EPnPv2_gt_mesh_z_hybrid_labels/3853125739734_0.json,T_map_object_raw,T_camera_object_centered,7652.46325801773,177.84205574126008,10.628217732782517
image_3854138736074,1,1470,5827,0.11328125,/media/hdd2/ARCL_multicar_bags/camera_dataset/2026-05-18-v1-v4/rear/EPnPv2_gt_mesh_z_hybrid_labels/3854138736074_0.json,/media/hdd2/ARCL_multicar_bags/camera_dataset/2026-05-18-v1-v4/rear/EPnPv2_gt_mesh_z_hybrid_labels/3854138736074_0.json,T_map_object_raw,T_camera_object_centered,2195.000154167047,177.83927207723508,16.137699940975658
image_3854623171741,1,1473,5860,0.06640625,/media/hdd2/ARCL_multicar_bags/camera_dataset/2026-05-18-v1-v4/rear/EPnPv2_gt_mesh_z_hybrid_labels/3854623171741_0.json,/media/hdd2/ARCL_multicar_bags/camera_dataset/2026-05-18-v1-v4/rear/EPnPv2_gt_mesh_z_hybrid_labels/3854623171741_0.json,T_map_object_raw,T_camera_object_centered,1937.3671687457738,177.7490433237578,15.87269063431001
image_3854729063228,1,1474,5868,0.078125,/media/hdd2/ARCL_multicar_bags/camera_dataset/2026-05-18-v1-v4/rear/EPnPv2_gt_mesh_z_hybrid_labels/3854729063228_0.json,/media/hdd2/ARCL_multicar_bags/camera_dataset/2026-05-18-v1-v4/rear/EPnPv2_gt_mesh_z_hybrid_labels/3854729063228_0.json,T_map_object_raw,T_camera_object_centered,6720.630633184248,164.30418137223754,13.423399679390217
image_3856223656967,1,1487,5962,0.1328125,/media/hdd2/ARCL_multicar_bags/camera_dataset/2026-05-18-v1-v4/rear/EPnPv2_gt_mesh_z_hybrid_labels/3856223656967_0.json,/media/hdd2/ARCL_multicar_bags/camera_dataset/2026-05-18-v1-v4/rear/EPnPv2_gt_mesh_z_hybrid_labels/3856223656967_0.json,T_map_object_raw,T_camera_object_centered,2055.2411689693763,164.3948241363895,16.318269982120533
image_3856326890295,1,1488,5968,0.1171875,/media/hdd2/ARCL_multicar_bags/camera_dataset/2026-05-18-v1-v4/rear/EPnPv2_gt_mesh_z_hybrid_labels/3856326890295_0.json,/media/hdd2/ARCL_multicar_bags/camera_dataset/2026-05-18-v1-v4/rear/EPnPv2_gt_mesh_z_hybrid_labels/3856326890295_0.json,T_map_object_raw,T_camera_object_centered,2688.2341429557214,164.41067028479287,13.036574066988837
image_3856423189975,1,1489,5975,0.09765625,/media/hdd2/ARCL_multicar_bags/camera_dataset/2026-05-18-v1-v4/rear/EPnPv2_gt_mesh_z_hybrid_labels/3856423189975_0.json,/media/hdd2/ARCL_multicar_bags/camera_dataset/2026-05-18-v1-v4/rear/EPnPv2_gt_mesh_z_hybrid_labels/3856423189975_0.json,T_map_object_raw,T_camera_object_centered,3008.734033783444,164.36777220020682,16.24176265100883
image_3856523626833,1,1490,5981,0.10546875,/media/hdd2/ARCL_multicar_bags/camera_dataset/2026-05-18-v1-v4/rear/EPnPv2_gt_mesh_z_hybrid_labels/3856523626833_0.json,/media/hdd2/ARCL_multicar_bags/camera_dataset/2026-05-18-v1-v4/rear/EPnPv2_gt_mesh_z_hybrid_labels/3856523626833_0.json,T_map_object_raw,T_camera_object_centered,5005.644737397654,164.44576140018742,16.178525313575797
image_3856622065227,1,1491,5985,0.1015625,/media/hdd2/ARCL_multicar_bags/camera_dataset/2026-05-18-v1-v4/rear/EPnPv2_gt_mesh_z_hybrid_labels/3856622065227_0.json,/media/hdd2/ARCL_multicar_bags/camera_dataset/2026-05-18-v1-v4/rear/EPnPv2_gt_mesh_z_hybrid_labels/3856622065227_0.json,T_map_object_raw,T_camera_object_centered,5507.690778669797,164.37556765252867,16.053405445389107
image_3856723003077,1,1492,5989,0.11328125,/media/hdd2/ARCL_multicar_bags/camera_dataset/2026-05-18-v1-v4/rear/EPnPv2_gt_mesh_z_hybrid_labels/3856723003077_0.json,/media/hdd2/ARCL_multicar_bags/camera_dataset/2026-05-18-v1-v4/rear/EPnPv2_gt_mesh_z_hybrid_labels/3856723003077_0.json,T_map_object_raw,T_camera_object_centered,7120.185159819096,164.33322455645478,14.911075514374778
image_3856924860139,1,1493,5993,0.12890625,/media/hdd2/ARCL_multicar_bags/camera_dataset/2026-05-18-v1-v4/rear/EPnPv2_gt_mesh_z_hybrid_labels/3856924860139_0.json,/media/hdd2/ARCL_multicar_bags/camera_dataset/2026-05-18-v1-v4/rear/EPnPv2_gt_mesh_z_hybrid_labels/3856924860139_0.json,T_map_object_raw,T_camera_object_centered,3635.9306510513848,177.65563515776316,21.642706890827544
image_3857324271885,1,1496,6007,0.1015625,/media/hdd2/ARCL_multicar_bags/camera_dataset/2026-05-18-v1-v4/rear/EPnPv2_gt_mesh_z_hybrid_labels/3857324271885_0.json,/media/hdd2/ARCL_multicar_bags/camera_dataset/2026-05-18-v1-v4/rear/EPnPv2_gt_mesh_z_hybrid_labels/3857324271885_0.json,T_map_object_raw,T_camera_object_centered,3586.4285444825086,164.36180511891527,16.491342714237906
image_3857423290157,1,1497,6011,0.125,/media/hdd2/ARCL_multicar_bags/camera_dataset/2026-05-18-v1-v4/rear/EPnPv2_gt_mesh_z_hybrid_labels/3857423290157_0.json,/media/hdd2/ARCL_multicar_bags/camera_dataset/2026-05-18-v1-v4/rear/EPnPv2_gt_mesh_z_hybrid_labels/3857423290157_0.json,T_map_object_raw,T_camera_object_centered,4120.129775870887,164.35269295717808,16.24575991615381
image_3857621948515,1,1499,6019,0.11328125,/media/hdd2/ARCL_multicar_bags/camera_dataset/2026-05-18-v1-v4/rear/EPnPv2_gt_mesh_z_hybrid_labels/3857621948515_0.json,/media/hdd2/ARCL_multicar_bags/camera_dataset/2026-05-18-v1-v4/rear/EPnPv2_gt_mesh_z_hybrid_labels/3857621948515_0.json,T_map_object_raw,T_camera_object_centered,6992.892174450065,164.3055017284249,16.75739805957139
image_3859322434802,1,1514,69,0.1015625,/media/hdd2/ARCL_multicar_bags/camera_dataset/2026-05-18-v1-v4/rear/EPnPv2_gt_mesh_z_hybrid_labels/3859322434802_0.json,/media/hdd2/ARCL_multicar_bags/camera_dataset/2026-05-18-v1-v4/rear/EPnPv2_gt_mesh_z_hybrid_labels/3859322434802_0.json,T_map_object_raw,T_camera_object_centered,7999.62314306037,164.21703603791113,14.727084414246546
image_3859723121263,1,1518,99,0.08984375,/media/hdd2/ARCL_multicar_bags/camera_dataset/2026-05-18-v1-v4/rear/EPnPv2_gt_mesh_z_hybrid_labels/3859723121263_0.json,/media/hdd2/ARCL_multicar_bags/camera_dataset/2026-05-18-v1-v4/rear/EPnPv2_gt_mesh_z_hybrid_labels/3859723121263_0.json,T_map_object_raw,T_camera_object_centered,8449.545265549534,164.22423752405888,16.808151167651566
image_3859822015988,1,1519,105,0.1015625,/media/hdd2/ARCL_multicar_bags/camera_dataset/2026-05-18-v1-v4/rear/EPnPv2_gt_mesh_z_hybrid_labels/3859822015988_0.json,/media/hdd2/ARCL_multicar_bags/camera_dataset/2026-05-18-v1-v4/rear/EPnPv2_gt_mesh_z_hybrid_labels/3859822015988_0.json,T_map_object_raw,T_camera_object_centered,8176.946566259668,164.25872888007768,14.351679923179338
image_3860023108948,1,1521,119,0.05859375,/media/hdd2/ARCL_multicar_bags/camera_dataset/2026-05-18-v1-v4/rear/EPnPv2_gt_mesh_z_hybrid_labels/3860023108948_0.json,/media/hdd2/ARCL_multicar_bags/camera_dataset/2026-05-18-v1-v4/rear/EPnPv2_gt_mesh_z_hybrid_labels/3860023108948_0.json,T_map_object_raw,T_camera_object_centered,4889.498736805068,164.279016714326,10.35425517598551
image_3860839962164,1,1528,152,0.140625,/media/hdd2/ARCL_multicar_bags/camera_dataset/2026-05-18-v1-v4/rear/EPnPv2_gt_mesh_z_hybrid_labels/3860839962164_0.json,/media/hdd2/ARCL_multicar_bags/camera_dataset/2026-05-18-v1-v4/rear/EPnPv2_gt_mesh_z_hybrid_labels/3860839962164_0.json,T_map_object_raw,T_camera_object_centered,2502.3752151844974,177.71336429486612,19.998430485269157
image_3860923427805,1,1529,157,0.1171875,/media/hdd2/ARCL_multicar_bags/camera_dataset/2026-05-18-v1-v4/rear/EPnPv2_gt_mesh_z_hybrid_labels/3860923427805_0.json,/media/hdd2/ARCL_multicar_bags/camera_dataset/2026-05-18-v1-v4/rear/EPnPv2_gt_mesh_z_hybrid_labels/3860923427805_0.json,T_map_object_raw,T_camera_object_centered,3463.2381523280583,177.7337925901744,21.634252254719005
image_3861422188855,1,1534,183,0.08203125,/media/hdd2/ARCL_multicar_bags/camera_dataset/2026-05-18-v1-v4/rear/EPnPv2_gt_mesh_z_hybrid_labels/3861422188855_0.json,/media/hdd2/ARCL_multicar_bags/camera_dataset/2026-05-18-v1-v4/rear/EPnPv2_gt_mesh_z_hybrid_labels/3861422188855_0.json,T_map_object_raw,T_camera_object_centered,4441.56150364197,164.32131139390032,12.54693332535183
image_3861621933458,1,1536,195,0.11328125,/media/hdd2/ARCL_multicar_bags/camera_dataset/2026-05-18-v1-v4/rear/EPnPv2_gt_mesh_z_hybrid_labels/3861621933458_0.json,/media/hdd2/ARCL_multicar_bags/camera_dataset/2026-05-18-v1-v4/rear/EPnPv2_gt_mesh_z_hybrid_labels/3861621933458_0.json,T_map_object_raw,T_camera_object_centered,5101.858348108437,164.2622710392682,16.712128084866155
image_3861723088474,1,1537,201,0.11328125,/media/hdd2/ARCL_multicar_bags/camera_dataset/2026-05-18-v1-v4/rear/EPnPv2_gt_mesh_z_hybrid_labels/3861723088474_0.json,/media/hdd2/ARCL_multicar_bags/camera_dataset/2026-05-18-v1-v4/rear/EPnPv2_gt_mesh_z_hybrid_labels/3861723088474_0.json,T_map_object_raw,T_camera_object_centered,4433.147552247463,164.27568020026186,15.759296995369464
image_3861824880352,1,1538,207,0.1171875,/media/hdd2/ARCL_multicar_bags/camera_dataset/2026-05-18-v1-v4/rear/EPnPv2_gt_mesh_z_hybrid_labels/3861824880352_0.json,/media/hdd2/ARCL_multicar_bags/camera_dataset/2026-05-18-v1-v4/rear/EPnPv2_gt_mesh_z_hybrid_labels/3861824880352_0.json,T_map_object_raw,T_camera_object_centered,4413.6492804190375,164.27064193008903,14.498996863190253
image_3862123255507,1,1541,224,0.09765625,/media/hdd2/ARCL_multicar_bags/camera_dataset/2026-05-18-v1-v4/rear/EPnPv2_gt_mesh_z_hybrid_labels/3862123255507_0.json,/media/hdd2/ARCL_multicar_bags/camera_dataset/2026-05-18-v1-v4/rear/EPnPv2_gt_mesh_z_hybrid_labels/3862123255507_0.json,T_map_object_raw,T_camera_object_centered,3283.0676510315966,164.25723541476222,14.746249258222381
image_3863223785765,1,1551,265,0.109375,/media/hdd2/ARCL_multicar_bags/camera_dataset/2026-05-18-v1-v4/rear/EPnPv2_gt_mesh_z_hybrid_labels/3863223785765_0.json,/media/hdd2/ARCL_multicar_bags/camera_dataset/2026-05-18-v1-v4/rear/EPnPv2_gt_mesh_z_hybrid_labels/3863223785765_0.json,T_map_object_raw,T_camera_object_centered,2189.4252258897145,164.21158008049323,16.74636190875274
image_3864024853261,1,1559,299,0.1484375,/media/hdd2/ARCL_multicar_bags/camera_dataset/2026-05-18-v1-v4/rear/EPnPv2_gt_mesh_z_hybrid_labels/3864024853261_0.json,/media/hdd2/ARCL_multicar_bags/camera_dataset/2026-05-18-v1-v4/rear/EPnPv2_gt_mesh_z_hybrid_labels/3864024853261_0.json,T_map_object_raw,T_camera_object_centered,7684.444751625542,164.3552772561472,14.442820001096713
image_3864226132400,1,1561,309,0.13671875,/media/hdd2/ARCL_multicar_bags/camera_dataset/2026-05-18-v1-v4/rear/EPnPv2_gt_mesh_z_hybrid_labels/3864226132400_0.json,/media/hdd2/ARCL_multicar_bags/camera_dataset/2026-05-18-v1-v4/rear/EPnPv2_gt_mesh_z_hybrid_labels/3864226132400_0.json,T_map_object_raw,T_camera_object_centered,3221.554273973526,164.36420072232875,14.795116012902833
image_3866022600998,1,1578,391,0.1328125,/media/hdd2/ARCL_multicar_bags/camera_dataset/2026-05-18-v1-v4/rear/EPnPv2_gt_mesh_z_hybrid_labels/3866022600998_0.json,/media/hdd2/ARCL_multicar_bags/camera_dataset/2026-05-18-v1-v4/rear/EPnPv2_gt_mesh_z_hybrid_labels/3866022600998_0.json,T_map_object_raw,T_camera_object_centered,3170.628951827081,164.3667285199232,12.90610618090978
image_3866022600998,1,1578,391,0.1328125,/media/hdd2/ARCL_multicar_bags/camera_dataset/2026-05-18-v1-v4/rear/EPnPv2_gt_mesh_z_hybrid_labels/3866022600998_1.json,/media/hdd2/ARCL_multicar_bags/camera_dataset/2026-05-18-v1-v4/rear/EPnPv2_gt_mesh_z_hybrid_labels/3866022600998_1.json,T_map_object_raw,T_camera_object_centered,3170.628951827081,164.3667285199232,12.90610618090978
image_3868521807691,1,1602,494,0.12109375,/media/hdd2/ARCL_multicar_bags/camera_dataset/2026-05-18-v1-v4/rear/EPnPv2_gt_mesh_z_hybrid_labels/3868521807691_0.json,/media/hdd2/ARCL_multicar_bags/camera_dataset/2026-05-18-v1-v4/rear/EPnPv2_gt_mesh_z_hybrid_labels/3868521807691_0.json,T_map_object_raw,T_camera_object_centered,6537.135125035206,164.56837596278595,12.912474670147459
image_3868521807691,1,1602,494,0.12109375,/media/hdd2/ARCL_multicar_bags/camera_dataset/2026-05-18-v1-v4/rear/EPnPv2_gt_mesh_z_hybrid_labels/3868521807691_1.json,/media/hdd2/ARCL_multicar_bags/camera_dataset/2026-05-18-v1-v4/rear/EPnPv2_gt_mesh_z_hybrid_labels/3868521807691_1.json,T_map_object_raw,T_camera_object_centered,6537.135125035206,164.56837596278595,12.912474670147459
image_3868825685867,1,1605,513,0.1484375,/media/hdd2/ARCL_multicar_bags/camera_dataset/2026-05-18-v1-v4/rear/EPnPv2_gt_mesh_z_hybrid_labels/3868825685867_0.json,/media/hdd2/ARCL_multicar_bags/camera_dataset/2026-05-18-v1-v4/rear/EPnPv2_gt_mesh_z_hybrid_labels/3868825685867_0.json,T_map_object_raw,T_camera_object_centered,6992.747050203594,164.51181598206225,13.388548982997568
image_3868825685867,1,1605,513,0.1484375,/media/hdd2/ARCL_multicar_bags/camera_dataset/2026-05-18-v1-v4/rear/EPnPv2_gt_mesh_z_hybrid_labels/3868825685867_1.json,/media/hdd2/ARCL_multicar_bags/camera_dataset/2026-05-18-v1-v4/rear/EPnPv2_gt_mesh_z_hybrid_labels/3868825685867_1.json,T_map_object_raw,T_camera_object_centered,6992.747050203594,164.51181598206225,13.388548982997568
image_3868921726344,1,1606,518,0.15625,/media/hdd2/ARCL_multicar_bags/camera_dataset/2026-05-18-v1-v4/rear/EPnPv2_gt_mesh_z_hybrid_labels/3868921726344_0.json,/media/hdd2/ARCL_multicar_bags/camera_dataset/2026-05-18-v1-v4/rear/EPnPv2_gt_mesh_z_hybrid_labels/3868921726344_0.json,T_map_object_raw,T_camera_object_centered,6108.071533624066,172.03420491981342,5.175939549387281
image_3868921726344,1,1606,518,0.15625,/media/hdd2/ARCL_multicar_bags/camera_dataset/2026-05-18-v1-v4/rear/EPnPv2_gt_mesh_z_hybrid_labels/3868921726344_1.json,/media/hdd2/ARCL_multicar_bags/camera_dataset/2026-05-18-v1-v4/rear/EPnPv2_gt_mesh_z_hybrid_labels/3868921726344_1.json,T_map_object_raw,T_camera_object_centered,6108.071533624066,172.03420491981342,5.175939549387281
image_3869423778382,1,1611,542,0.1328125,/media/hdd2/ARCL_multicar_bags/camera_dataset/2026-05-18-v1-v4/rear/EPnPv2_gt_mesh_z_hybrid_labels/3869423778382_0.json,/media/hdd2/ARCL_multicar_bags/camera_dataset/2026-05-18-v1-v4/rear/EPnPv2_gt_mesh_z_hybrid_labels/3869423778382_0.json,T_map_object_raw,T_camera_object_centered,4295.896549147762,172.11332248075666,9.953722794724161
image_3869423778382,1,1611,542,0.1328125,/media/hdd2/ARCL_multicar_bags/camera_dataset/2026-05-18-v1-v4/rear/EPnPv2_gt_mesh_z_hybrid_labels/3869423778382_1.json,/media/hdd2/ARCL_multicar_bags/camera_dataset/2026-05-18-v1-v4/rear/EPnPv2_gt_mesh_z_hybrid_labels/3869423778382_1.json,T_map_object_raw,T_camera_object_centered,4295.896549147762,172.11332248075666,9.953722794724161
image_3869625792135,1,1613,550,0.13671875,/media/hdd2/ARCL_multicar_bags/camera_dataset/2026-05-18-v1-v4/rear/EPnPv2_gt_mesh_z_hybrid_labels/3869625792135_0.json,/media/hdd2/ARCL_multicar_bags/camera_dataset/2026-05-18-v1-v4/rear/EPnPv2_gt_mesh_z_hybrid_labels/3869625792135_0.json,T_map_object_raw,T_camera_object_centered,7132.2080165779535,172.62550173771092,2.7191847007738867
image_3869625792135,1,1613,550,0.13671875,/media/hdd2/ARCL_multicar_bags/camera_dataset/2026-05-18-v1-v4/rear/EPnPv2_gt_mesh_z_hybrid_labels/3869625792135_1.json,/media/hdd2/ARCL_multicar_bags/camera_dataset/2026-05-18-v1-v4/rear/EPnPv2_gt_mesh_z_hybrid_labels/3869625792135_1.json,T_map_object_raw,T_camera_object_centered,7132.2080165779535,172.62550173771092,2.7191847007738867
image_3869722743717,1,1614,554,0.1484375,/media/hdd2/ARCL_multicar_bags/camera_dataset/2026-05-18-v1-v4/rear/EPnPv2_gt_mesh_z_hybrid_labels/3869722743717_0.json,/media/hdd2/ARCL_multicar_bags/camera_dataset/2026-05-18-v1-v4/rear/EPnPv2_gt_mesh_z_hybrid_labels/3869722743717_0.json,T_map_object_raw,T_camera_object_centered,5663.276085330844,172.1452046079621,5.642984514153194
image_3869722743717,1,1614,554,0.1484375,/media/hdd2/ARCL_multicar_bags/camera_dataset/2026-05-18-v1-v4/rear/EPnPv2_gt_mesh_z_hybrid_labels/3869722743717_1.json,/media/hdd2/ARCL_multicar_bags/camera_dataset/2026-05-18-v1-v4/rear/EPnPv2_gt_mesh_z_hybrid_labels/3869722743717_1.json,T_map_object_raw,T_camera_object_centered,5663.276085330844,172.1452046079621,5.642984514153194
image_3869821870078,1,1615,561,0.140625,/media/hdd2/ARCL_multicar_bags/camera_dataset/2026-05-18-v1-v4/rear/EPnPv2_gt_mesh_z_hybrid_labels/3869821870078_0.json,/media/hdd2/ARCL_multicar_bags/camera_dataset/2026-05-18-v1-v4/rear/EPnPv2_gt_mesh_z_hybrid_labels/3869821870078_0.json,T_map_object_raw,T_camera_object_centered,4101.9962208565,164.70755189248663,16.595800107296345
image_3869821870078,1,1615,561,0.140625,/media/hdd2/ARCL_multicar_bags/camera_dataset/2026-05-18-v1-v4/rear/EPnPv2_gt_mesh_z_hybrid_labels/3869821870078_1.json,/media/hdd2/ARCL_multicar_bags/camera_dataset/2026-05-18-v1-v4/rear/EPnPv2_gt_mesh_z_hybrid_labels/3869821870078_1.json,T_map_object_raw,T_camera_object_centered,4101.9962208565,164.70755189248663,16.595800107296345
image_3869921868154,1,1616,565,0.16015625,/media/hdd2/ARCL_multicar_bags/camera_dataset/2026-05-18-v1-v4/rear/EPnPv2_gt_mesh_z_hybrid_labels/3869921868154_0.json,/media/hdd2/ARCL_multicar_bags/camera_dataset/2026-05-18-v1-v4/rear/EPnPv2_gt_mesh_z_hybrid_labels/3869921868154_0.json,T_map_object_raw,T_camera_object_centered,5967.749805187476,164.76465533960513,13.52983703682215
image_3869921868154,1,1616,565,0.16015625,/media/hdd2/ARCL_multicar_bags/camera_dataset/2026-05-18-v1-v4/rear/EPnPv2_gt_mesh_z_hybrid_labels/3869921868154_1.json,/media/hdd2/ARCL_multicar_bags/camera_dataset/2026-05-18-v1-v4/rear/EPnPv2_gt_mesh_z_hybrid_labels/3869921868154_1.json,T_map_object_raw,T_camera_object_centered,5967.749805187476,164.76465533960513,13.52983703682215
image_3870121829674,1,1618,573,0.12890625,/media/hdd2/ARCL_multicar_bags/camera_dataset/2026-05-18-v1-v4/rear/EPnPv2_gt_mesh_z_hybrid_labels/3870121829674_0.json,/media/hdd2/ARCL_multicar_bags/camera_dataset/2026-05-18-v1-v4/rear/EPnPv2_gt_mesh_z_hybrid_labels/3870121829674_0.json,T_map_object_raw,T_camera_object_centered,7982.465677647825,172.67394635010174,14.346274217976726
image_3870121829674,1,1618,573,0.12890625,/media/hdd2/ARCL_multicar_bags/camera_dataset/2026-05-18-v1-v4/rear/EPnPv2_gt_mesh_z_hybrid_labels/3870121829674_1.json,/media/hdd2/ARCL_multicar_bags/camera_dataset/2026-05-18-v1-v4/rear/EPnPv2_gt_mesh_z_hybrid_labels/3870121829674_1.json,T_map_object_raw,T_camera_object_centered,7982.465677647825,172.67394635010174,14.346274217976726
image_3870222434388,1,1619,577,0.1328125,/media/hdd2/ARCL_multicar_bags/camera_dataset/2026-05-18-v1-v4/rear/EPnPv2_gt_mesh_z_hybrid_labels/3870222434388_0.json,/media/hdd2/ARCL_multicar_bags/camera_dataset/2026-05-18-v1-v4/rear/EPnPv2_gt_mesh_z_hybrid_labels/3870222434388_0.json,T_map_object_raw,T_camera_object_centered,5632.913425644677,164.874045366314,14.233386607936362
image_3870222434388,1,1619,577,0.1328125,/media/hdd2/ARCL_multicar_bags/camera_dataset/2026-05-18-v1-v4/rear/EPnPv2_gt_mesh_z_hybrid_labels/3870222434388_1.json,/media/hdd2/ARCL_multicar_bags/camera_dataset/2026-05-18-v1-v4/rear/EPnPv2_gt_mesh_z_hybrid_labels/3870222434388_1.json,T_map_object_raw,T_camera_object_centered,5632.913425644677,164.874045366314,14.233386607936362
image_3870324952741,1,1620,582,0.09375,/media/hdd2/ARCL_multicar_bags/camera_dataset/2026-05-18-v1-v4/rear/EPnPv2_gt_mesh_z_hybrid_labels/3870324952741_0.json,/media/hdd2/ARCL_multicar_bags/camera_dataset/2026-05-18-v1-v4/rear/EPnPv2_gt_mesh_z_hybrid_labels/3870324952741_0.json,T_map_object_raw,T_camera_object_centered,8940.52061100586,164.84442187627343,13.050748349993297
image_3870324952741,1,1620,582,0.09375,/media/hdd2/ARCL_multicar_bags/camera_dataset/2026-05-18-v1-v4/rear/EPnPv2_gt_mesh_z_hybrid_labels/3870324952741_1.json,/media/hdd2/ARCL_multicar_bags/camera_dataset/2026-05-18-v1-v4/rear/EPnPv2_gt_mesh_z_hybrid_labels/3870324952741_1.json,T_map_object_raw,T_camera_object_centered,8940.52061100586,164.84442187627343,13.050748349993297
image_3870623069296,1,1623,594,0.1171875,/media/hdd2/ARCL_multicar_bags/camera_dataset/2026-05-18-v1-v4/rear/EPnPv2_gt_mesh_z_hybrid_labels/3870623069296_0.json,/media/hdd2/ARCL_multicar_bags/camera_dataset/2026-05-18-v1-v4/rear/EPnPv2_gt_mesh_z_hybrid_labels/3870623069296_0.json,T_map_object_raw,T_camera_object_centered,7427.955813229405,164.79434809532182,13.839029026596299
image_3870623069296,1,1623,594,0.1171875,/media/hdd2/ARCL_multicar_bags/camera_dataset/2026-05-18-v1-v4/rear/EPnPv2_gt_mesh_z_hybrid_labels/3870623069296_1.json,/media/hdd2/ARCL_multicar_bags/camera_dataset/2026-05-18-v1-v4/rear/EPnPv2_gt_mesh_z_hybrid_labels/3870623069296_1.json,T_map_object_raw,T_camera_object_centered,7427.955813229405,164.79434809532182,13.839029026596299
image_3871421599748,1,1630,631,0.13671875,/media/hdd2/ARCL_multicar_bags/camera_dataset/2026-05-18-v1-v4/rear/EPnPv2_gt_mesh_z_hybrid_labels/3871421599748_0.json,/media/hdd2/ARCL_multicar_bags/camera_dataset/2026-05-18-v1-v4/rear/EPnPv2_gt_mesh_z_hybrid_labels/3871421599748_0.json,T_map_object_raw,T_camera_object_centered,2249.843444723063,177.3716772128402,16.50006681095207
image_3871421599748,1,1630,631,0.13671875,/media/hdd2/ARCL_multicar_bags/camera_dataset/2026-05-18-v1-v4/rear/EPnPv2_gt_mesh_z_hybrid_labels/3871421599748_1.json,/media/hdd2/ARCL_multicar_bags/camera_dataset/2026-05-18-v1-v4/rear/EPnPv2_gt_mesh_z_hybrid_labels/3871421599748_1.json,T_map_object_raw,T_camera_object_centered,2249.843444723063,177.3716772128402,16.50006681095207
image_3871521654428,1,1631,635,0.15625,/media/hdd2/ARCL_multicar_bags/camera_dataset/2026-05-18-v1-v4/rear/EPnPv2_gt_mesh_z_hybrid_labels/3871521654428_0.json,/media/hdd2/ARCL_multicar_bags/camera_dataset/2026-05-18-v1-v4/rear/EPnPv2_gt_mesh_z_hybrid_labels/3871521654428_0.json,T_map_object_raw,T_camera_object_centered,2131.748729918532,164.70334263890228,10.354786881970513
image_3871521654428,1,1631,635,0.15625,/media/hdd2/ARCL_multicar_bags/camera_dataset/2026-05-18-v1-v4/rear/EPnPv2_gt_mesh_z_hybrid_labels/3871521654428_1.json,/media/hdd2/ARCL_multicar_bags/camera_dataset/2026-05-18-v1-v4/rear/EPnPv2_gt_mesh_z_hybrid_labels/3871521654428_1.json,T_map_object_raw,T_camera_object_centered,2131.748729918532,164.70334263890228,10.354786881970513
image_3871622469502,1,1632,639,0.14453125,/media/hdd2/ARCL_multicar_bags/camera_dataset/2026-05-18-v1-v4/rear/EPnPv2_gt_mesh_z_hybrid_labels/3871622469502_0.json,/media/hdd2/ARCL_multicar_bags/camera_dataset/2026-05-18-v1-v4/rear/EPnPv2_gt_mesh_z_hybrid_labels/3871622469502_0.json,T_map_object_raw,T_camera_object_centered,1963.2399954491711,164.73939864190388,13.375089226750976
image_3871622469502,1,1632,639,0.14453125,/media/hdd2/ARCL_multicar_bags/camera_dataset/2026-05-18-v1-v4/rear/EPnPv2_gt_mesh_z_hybrid_labels/3871622469502_1.json,/media/hdd2/ARCL_multicar_bags/camera_dataset/2026-05-18-v1-v4/rear/EPnPv2_gt_mesh_z_hybrid_labels/3871622469502_1.json,T_map_object_raw,T_camera_object_centered,1963.2399954491711,164.73939864190388,13.375089226750976
image_3871722581234,1,1633,643,0.1171875,/media/hdd2/ARCL_multicar_bags/camera_dataset/2026-05-18-v1-v4/rear/EPnPv2_gt_mesh_z_hybrid_labels/3871722581234_0.json,/media/hdd2/ARCL_multicar_bags/camera_dataset/2026-05-18-v1-v4/rear/EPnPv2_gt_mesh_z_hybrid_labels/3871722581234_0.json,T_map_object_raw,T_camera_object_centered,4391.733720248897,164.72776927125727,12.255431794943815
image_3871722581234,1,1633,643,0.1171875,/media/hdd2/ARCL_multicar_bags/camera_dataset/2026-05-18-v1-v4/rear/EPnPv2_gt_mesh_z_hybrid_labels/3871722581234_1.json,/media/hdd2/ARCL_multicar_bags/camera_dataset/2026-05-18-v1-v4/rear/EPnPv2_gt_mesh_z_hybrid_labels/3871722581234_1.json,T_map_object_raw,T_camera_object_centered,4391.733720248897,164.72776927125727,12.255431794943815
image_3871922791743,1,1635,655,0.13671875,/media/hdd2/ARCL_multicar_bags/camera_dataset/2026-05-18-v1-v4/rear/EPnPv2_gt_mesh_z_hybrid_labels/3871922791743_0.json,/media/hdd2/ARCL_multicar_bags/camera_dataset/2026-05-18-v1-v4/rear/EPnPv2_gt_mesh_z_hybrid_labels/3871922791743_0.json,T_map_object_raw,T_camera_object_centered,7488.297290404188,164.74001273976916,14.799838368044384
image_3871922791743,1,1635,655,0.13671875,/media/hdd2/ARCL_multicar_bags/camera_dataset/2026-05-18-v1-v4/rear/EPnPv2_gt_mesh_z_hybrid_labels/3871922791743_1.json,/media/hdd2/ARCL_multicar_bags/camera_dataset/2026-05-18-v1-v4/rear/EPnPv2_gt_mesh_z_hybrid_labels/3871922791743_1.json,T_map_object_raw,T_camera_object_centered,7488.297290404188,164.74001273976916,14.799838368044384
image_3872222481049,1,1637,665,0.1484375,/media/hdd2/ARCL_multicar_bags/camera_dataset/2026-05-18-v1-v4/rear/EPnPv2_gt_mesh_z_hybrid_labels/3872222481049_0.json,/media/hdd2/ARCL_multicar_bags/camera_dataset/2026-05-18-v1-v4/rear/EPnPv2_gt_mesh_z_hybrid_labels/3872222481049_0.json,T_map_object_raw,T_camera_object_centered,6460.813383062535,164.82445445153957,14.589179056483797
image_3872222481049,1,1637,665,0.1484375,/media/hdd2/ARCL_multicar_bags/camera_dataset/2026-05-18-v1-v4/rear/EPnPv2_gt_mesh_z_hybrid_labels/3872222481049_1.json,/media/hdd2/ARCL_multicar_bags/camera_dataset/2026-05-18-v1-v4/rear/EPnPv2_gt_mesh_z_hybrid_labels/3872222481049_1.json,T_map_object_raw,T_camera_object_centered,6460.813383062535,164.82445445153957,14.589179056483797
image_3872721812233,1,1641,684,0.12890625,/media/hdd2/ARCL_multicar_bags/camera_dataset/2026-05-18-v1-v4/rear/EPnPv2_gt_mesh_z_hybrid_labels/3872721812233_0.json,/media/hdd2/ARCL_multicar_bags/camera_dataset/2026-05-18-v1-v4/rear/EPnPv2_gt_mesh_z_hybrid_labels/3872721812233_0.json,T_map_object_raw,T_camera_object_centered,6257.89716198756,164.87651605135926,17.851997222971576
image_3872721812233,1,1641,684,0.12890625,/media/hdd2/ARCL_multicar_bags/camera_dataset/2026-05-18-v1-v4/rear/EPnPv2_gt_mesh_z_hybrid_labels/3872721812233_1.json,/media/hdd2/ARCL_multicar_bags/camera_dataset/2026-05-18-v1-v4/rear/EPnPv2_gt_mesh_z_hybrid_labels/3872721812233_1.json,T_map_object_raw,T_camera_object_centered,6257.89716198756,164.87651605135926,17.851997222971576
image_3872822858978,1,1642,688,0.12109375,/media/hdd2/ARCL_multicar_bags/camera_dataset/2026-05-18-v1-v4/rear/EPnPv2_gt_mesh_z_hybrid_labels/3872822858978_0.json,/media/hdd2/ARCL_multicar_bags/camera_dataset/2026-05-18-v1-v4/rear/EPnPv2_gt_mesh_z_hybrid_labels/3872822858978_0.json,T_map_object_raw,T_camera_object_centered,2221.79630235513,164.99287048946817,18.298682010832692
image_3872822858978,1,1642,688,0.12109375,/media/hdd2/ARCL_multicar_bags/camera_dataset/2026-05-18-v1-v4/rear/EPnPv2_gt_mesh_z_hybrid_labels/3872822858978_1.json,/media/hdd2/ARCL_multicar_bags/camera_dataset/2026-05-18-v1-v4/rear/EPnPv2_gt_mesh_z_hybrid_labels/3872822858978_1.json,T_map_object_raw,T_camera_object_centered,2221.79630235513,164.99287048946817,18.298682010832692
image_3873123081868,1,1645,704,0.16796875,/media/hdd2/ARCL_multicar_bags/camera_dataset/2026-05-18-v1-v4/rear/EPnPv2_gt_mesh_z_hybrid_labels/3873123081868_0.json,/media/hdd2/ARCL_multicar_bags/camera_dataset/2026-05-18-v1-v4/rear/EPnPv2_gt_mesh_z_hybrid_labels/3873123081868_0.json,T_map_object_raw,T_camera_object_centered,2119.5533910207064,177.25997009177203,21.64161341862777
image_3873123081868,1,1645,704,0.16796875,/media/hdd2/ARCL_multicar_bags/camera_dataset/2026-05-18-v1-v4/rear/EPnPv2_gt_mesh_z_hybrid_labels/3873123081868_1.json,/media/hdd2/ARCL_multicar_bags/camera_dataset/2026-05-18-v1-v4/rear/EPnPv2_gt_mesh_z_hybrid_labels/3873123081868_1.json,T_map_object_raw,T_camera_object_centered,2119.5533910207064,177.25997009177203,21.64161341862777
image_3873223605502,1,1646,709,0.125,/media/hdd2/ARCL_multicar_bags/camera_dataset/2026-05-18-v1-v4/rear/EPnPv2_gt_mesh_z_hybrid_labels/3873223605502_0.json,/media/hdd2/ARCL_multicar_bags/camera_dataset/2026-05-18-v1-v4/rear/EPnPv2_gt_mesh_z_hybrid_labels/3873223605502_0.json,T_map_object_raw,T_camera_object_centered,5388.780213444716,172.73327577201277,1.2915348248874248
image_3873223605502,1,1646,709,0.125,/media/hdd2/ARCL_multicar_bags/camera_dataset/2026-05-18-v1-v4/rear/EPnPv2_gt_mesh_z_hybrid_labels/3873223605502_1.json,/media/hdd2/ARCL_multicar_bags/camera_dataset/2026-05-18-v1-v4/rear/EPnPv2_gt_mesh_z_hybrid_labels/3873223605502_1.json,T_map_object_raw,T_camera_object_centered,5388.780213444716,172.73327577201277,1.2915348248874248
image_3873322978626,1,1647,714,0.16796875,/media/hdd2/ARCL_multicar_bags/camera_dataset/2026-05-18-v1-v4/rear/EPnPv2_gt_mesh_z_hybrid_labels/3873322978626_0.json,/media/hdd2/ARCL_multicar_bags/camera_dataset/2026-05-18-v1-v4/rear/EPnPv2_gt_mesh_z_hybrid_labels/3873322978626_0.json,T_map_object_raw,T_camera_object_centered,2161.10186648528,173.54475551585853,1.8262036401088881
image_3873322978626,1,1647,714,0.16796875,/media/hdd2/ARCL_multicar_bags/camera_dataset/2026-05-18-v1-v4/rear/EPnPv2_gt_mesh_z_hybrid_labels/3873322978626_1.json,/media/hdd2/ARCL_multicar_bags/camera_dataset/2026-05-18-v1-v4/rear/EPnPv2_gt_mesh_z_hybrid_labels/3873322978626_1.json,T_map_object_raw,T_camera_object_centered,2161.10186648528,173.54475551585853,1.8262036401088881
image_3874021710051,1,1654,753,0.1015625,/media/hdd2/ARCL_multicar_bags/camera_dataset/2026-05-18-v1-v4/rear/EPnPv2_gt_mesh_z_hybrid_labels/3874021710051_0.json,/media/hdd2/ARCL_multicar_bags/camera_dataset/2026-05-18-v1-v4/rear/EPnPv2_gt_mesh_z_hybrid_labels/3874021710051_0.json,T_map_object_raw,T_camera_object_centered,3842.952057625387,172.88795990726103,8.823325337356254
image_3874021710051,1,1654,753,0.1015625,/media/hdd2/ARCL_multicar_bags/camera_dataset/2026-05-18-v1-v4/rear/EPnPv2_gt_mesh_z_hybrid_labels/3874021710051_1.json,/media/hdd2/ARCL_multicar_bags/camera_dataset/2026-05-18-v1-v4/rear/EPnPv2_gt_mesh_z_hybrid_labels/3874021710051_1.json,T_map_object_raw,T_camera_object_centered,3842.952057625387,172.88795990726103,8.823325337356254
image_3874123230547,1,1655,759,0.1328125,/media/hdd2/ARCL_multicar_bags/camera_dataset/2026-05-18-v1-v4/rear/EPnPv2_gt_mesh_z_hybrid_labels/3874123230547_0.json,/media/hdd2/ARCL_multicar_bags/camera_dataset/2026-05-18-v1-v4/rear/EPnPv2_gt_mesh_z_hybrid_labels/3874123230547_0.json,T_map_object_raw,T_camera_object_centered,3364.920098646616,164.85071831517365,19.581043286957616
image_3874123230547,1,1655,759,0.1328125,/media/hdd2/ARCL_multicar_bags/camera_dataset/2026-05-18-v1-v4/rear/EPnPv2_gt_mesh_z_hybrid_labels/3874123230547_1.json,/media/hdd2/ARCL_multicar_bags/camera_dataset/2026-05-18-v1-v4/rear/EPnPv2_gt_mesh_z_hybrid_labels/3874123230547_1.json,T_map_object_raw,T_camera_object_centered,3364.920098646616,164.85071831517365,19.581043286957616
image_3875423504559,1,1667,814,0.08984375,/media/hdd2/ARCL_multicar_bags/camera_dataset/2026-05-18-v1-v4/rear/EPnPv2_gt_mesh_z_hybrid_labels/3875423504559_0.json,/media/hdd2/ARCL_multicar_bags/camera_dataset/2026-05-18-v1-v4/rear/EPnPv2_gt_mesh_z_hybrid_labels/3875423504559_0.json,T_map_object_raw,T_camera_object_centered,8826.347918815323,164.7100065683504,17.767923840371935
image_3875423504559,1,1667,814,0.08984375,/media/hdd2/ARCL_multicar_bags/camera_dataset/2026-05-18-v1-v4/rear/EPnPv2_gt_mesh_z_hybrid_labels/3875423504559_1.json,/media/hdd2/ARCL_multicar_bags/camera_dataset/2026-05-18-v1-v4/rear/EPnPv2_gt_mesh_z_hybrid_labels/3875423504559_1.json,T_map_object_raw,T_camera_object_centered,8826.347918815323,164.7100065683504,17.767923840371935
image_3876423261243,1,1677,850,0.11328125,/media/hdd2/ARCL_multicar_bags/camera_dataset/2026-05-18-v1-v4/rear/EPnPv2_gt_mesh_z_hybrid_labels/3876423261243_0.json,/media/hdd2/ARCL_multicar_bags/camera_dataset/2026-05-18-v1-v4/rear/EPnPv2_gt_mesh_z_hybrid_labels/3876423261243_0.json,T_map_object_raw,T_camera_object_centered,5467.251601633879,164.91917781573662,16.373494112523403
image_3876624663130,1,1679,856,0.09765625,/media/hdd2/ARCL_multicar_bags/camera_dataset/2026-05-18-v1-v4/rear/EPnPv2_gt_mesh_z_hybrid_labels/3876624663130_0.json,/media/hdd2/ARCL_multicar_bags/camera_dataset/2026-05-18-v1-v4/rear/EPnPv2_gt_mesh_z_hybrid_labels/3876624663130_0.json,T_map_object_raw,T_camera_object_centered,3589.281611814524,164.52770500806932,21.228079123292655
image_3876724953676,1,1680,861,0.10546875,/media/hdd2/ARCL_multicar_bags/camera_dataset/2026-05-18-v1-v4/rear/EPnPv2_gt_mesh_z_hybrid_labels/3876724953676_0.json,/media/hdd2/ARCL_multicar_bags/camera_dataset/2026-05-18-v1-v4/rear/EPnPv2_gt_mesh_z_hybrid_labels/3876724953676_0.json,T_map_object_raw,T_camera_object_centered,6069.464050211828,164.98497217574644,17.4307684743956
image_3876822661978,1,1681,865,0.125,/media/hdd2/ARCL_multicar_bags/camera_dataset/2026-05-18-v1-v4/rear/EPnPv2_gt_mesh_z_hybrid_labels/3876822661978_0.json,/media/hdd2/ARCL_multicar_bags/camera_dataset/2026-05-18-v1-v4/rear/EPnPv2_gt_mesh_z_hybrid_labels/3876822661978_0.json,T_map_object_raw,T_camera_object_centered,7471.152746429229,164.67514147651272,16.823855164384966
image_3876922356253,1,1682,869,0.12109375,/media/hdd2/ARCL_multicar_bags/camera_dataset/2026-05-18-v1-v4/rear/EPnPv2_gt_mesh_z_hybrid_labels/3876922356253_0.json,/media/hdd2/ARCL_multicar_bags/camera_dataset/2026-05-18-v1-v4/rear/EPnPv2_gt_mesh_z_hybrid_labels/3876922356253_0.json,T_map_object_raw,T_camera_object_centered,7214.552836448643,164.6426284007329,13.940850039704443
image_3877021866691,1,1683,873,0.09375,/media/hdd2/ARCL_multicar_bags/camera_dataset/2026-05-18-v1-v4/rear/EPnPv2_gt_mesh_z_hybrid_labels/3877021866691_0.json,/media/hdd2/ARCL_multicar_bags/camera_dataset/2026-05-18-v1-v4/rear/EPnPv2_gt_mesh_z_hybrid_labels/3877021866691_0.json,T_map_object_raw,T_camera_object_centered,7152.230387322399,164.7166288325043,13.585214506218897
image_3877237020738,1,1684,877,0.12890625,/media/hdd2/ARCL_multicar_bags/camera_dataset/2026-05-18-v1-v4/rear/EPnPv2_gt_mesh_z_hybrid_labels/3877237020738_0.json,/media/hdd2/ARCL_multicar_bags/camera_dataset/2026-05-18-v1-v4/rear/EPnPv2_gt_mesh_z_hybrid_labels/3877237020738_0.json,T_map_object_raw,T_camera_object_centered,8936.620540879772,164.78120566584408,13.87210115216959
image_3877237020738,1,1684,877,0.12890625,/media/hdd2/ARCL_multicar_bags/camera_dataset/2026-05-18-v1-v4/rear/EPnPv2_gt_mesh_z_hybrid_labels/3877237020738_1.json,/media/hdd2/ARCL_multicar_bags/camera_dataset/2026-05-18-v1-v4/rear/EPnPv2_gt_mesh_z_hybrid_labels/3877237020738_1.json,T_map_object_raw,T_camera_object_centered,8936.620540879772,164.78120566584408,13.87210115216959
image_3877322393457,1,1685,883,0.14453125,/media/hdd2/ARCL_multicar_bags/camera_dataset/2026-05-18-v1-v4/rear/EPnPv2_gt_mesh_z_hybrid_labels/3877322393457_0.json,/media/hdd2/ARCL_multicar_bags/camera_dataset/2026-05-18-v1-v4/rear/EPnPv2_gt_mesh_z_hybrid_labels/3877322393457_0.json,T_map_object_raw,T_camera_object_centered,4360.807298041411,164.96216785435783,16.523841432093363
image_3877322393457,1,1685,883,0.14453125,/media/hdd2/ARCL_multicar_bags/camera_dataset/2026-05-18-v1-v4/rear/EPnPv2_gt_mesh_z_hybrid_labels/3877322393457_1.json,/media/hdd2/ARCL_multicar_bags/camera_dataset/2026-05-18-v1-v4/rear/EPnPv2_gt_mesh_z_hybrid_labels/3877322393457_1.json,T_map_object_raw,T_camera_object_centered,4360.807298041411,164.96216785435783,16.523841432093363
image_3877821802908,1,1688,895,0.140625,/media/hdd2/ARCL_multicar_bags/camera_dataset/2026-05-18-v1-v4/rear/EPnPv2_gt_mesh_z_hybrid_labels/3877821802908_0.json,/media/hdd2/ARCL_multicar_bags/camera_dataset/2026-05-18-v1-v4/rear/EPnPv2_gt_mesh_z_hybrid_labels/3877821802908_0.json,T_map_object_raw,T_camera_object_centered,2479.9429187410283,164.9785630650367,18.409857114121973
image_3877821802908,1,1688,895,0.140625,/media/hdd2/ARCL_multicar_bags/camera_dataset/2026-05-18-v1-v4/rear/EPnPv2_gt_mesh_z_hybrid_labels/3877821802908_1.json,/media/hdd2/ARCL_multicar_bags/camera_dataset/2026-05-18-v1-v4/rear/EPnPv2_gt_mesh_z_hybrid_labels/3877821802908_1.json,T_map_object_raw,T_camera_object_centered,2479.9429187410283,164.9785630650367,18.409857114121973
image_3879522602089,1,1705,975,0.14453125,/media/hdd2/ARCL_multicar_bags/camera_dataset/2026-05-18-v1-v4/rear/EPnPv2_gt_mesh_z_hybrid_labels/3879522602089_0.json,/media/hdd2/ARCL_multicar_bags/camera_dataset/2026-05-18-v1-v4/rear/EPnPv2_gt_mesh_z_hybrid_labels/3879522602089_0.json,T_map_object_raw,T_camera_object_centered,5902.748495280272,164.8488539647537,15.941619002547158
image_3879722265413,1,1706,979,0.1484375,/media/hdd2/ARCL_multicar_bags/camera_dataset/2026-05-18-v1-v4/rear/EPnPv2_gt_mesh_z_hybrid_labels/3879722265413_0.json,/media/hdd2/ARCL_multicar_bags/camera_dataset/2026-05-18-v1-v4/rear/EPnPv2_gt_mesh_z_hybrid_labels/3879722265413_0.json,T_map_object_raw,T_camera_object_centered,4267.4105816700385,164.81353861549974,16.11782835916225
image_3879822385261,1,1707,983,0.15234375,/media/hdd2/ARCL_multicar_bags/camera_dataset/2026-05-18-v1-v4/rear/EPnPv2_gt_mesh_z_hybrid_labels/3879822385261_0.json,/media/hdd2/ARCL_multicar_bags/camera_dataset/2026-05-18-v1-v4/rear/EPnPv2_gt_mesh_z_hybrid_labels/3879822385261_0.json,T_map_object_raw,T_camera_object_centered,4961.116800489851,164.76416625828608,17.132571882906227
image_3880022611973,1,1709,991,0.1484375,/media/hdd2/ARCL_multicar_bags/camera_dataset/2026-05-18-v1-v4/rear/EPnPv2_gt_mesh_z_hybrid_labels/3880022611973_0.json,/media/hdd2/ARCL_multicar_bags/camera_dataset/2026-05-18-v1-v4/rear/EPnPv2_gt_mesh_z_hybrid_labels/3880022611973_0.json,T_map_object_raw,T_camera_object_centered,6754.549776362332,164.7538250259558,18.88572242300753
image_3882131760465,1,1726,1063,0.10546875,/media/hdd2/ARCL_multicar_bags/camera_dataset/2026-05-18-v1-v4/rear/EPnPv2_gt_mesh_z_hybrid_labels/3882131760465_0.json,/media/hdd2/ARCL_multicar_bags/camera_dataset/2026-05-18-v1-v4/rear/EPnPv2_gt_mesh_z_hybrid_labels/3882131760465_0.json,T_map_object_raw,T_camera_object_centered,3233.4813403946305,164.85976071055296,16.07491135540985
image_3882223386258,1,1727,1066,0.10546875,/media/hdd2/ARCL_multicar_bags/camera_dataset/2026-05-18-v1-v4/rear/EPnPv2_gt_mesh_z_hybrid_labels/3882223386258_0.json,/media/hdd2/ARCL_multicar_bags/camera_dataset/2026-05-18-v1-v4/rear/EPnPv2_gt_mesh_z_hybrid_labels/3882223386258_0.json,T_map_object_raw,T_camera_object_centered,6196.144441267141,164.90295561435937,10.6591375405707
image_3882623241873,1,1731,1079,0.1171875,/media/hdd2/ARCL_multicar_bags/camera_dataset/2026-05-18-v1-v4/rear/EPnPv2_gt_mesh_z_hybrid_labels/3882623241873_0.json,/media/hdd2/ARCL_multicar_bags/camera_dataset/2026-05-18-v1-v4/rear/EPnPv2_gt_mesh_z_hybrid_labels/3882623241873_0.json,T_map_object_raw,T_camera_object_centered,2345.830514037988,164.75450182314543,14.162806805068374
image_3882723644509,1,1732,1082,0.11328125,/media/hdd2/ARCL_multicar_bags/camera_dataset/2026-05-18-v1-v4/rear/EPnPv2_gt_mesh_z_hybrid_labels/3882723644509_0.json,/media/hdd2/ARCL_multicar_bags/camera_dataset/2026-05-18-v1-v4/rear/EPnPv2_gt_mesh_z_hybrid_labels/3882723644509_0.json,T_map_object_raw,T_camera_object_centered,4669.7359737303805,164.80590147739093,14.202095584833932
image_3882922677905,1,1733,1086,0.09765625,/media/hdd2/ARCL_multicar_bags/camera_dataset/2026-05-18-v1-v4/rear/EPnPv2_gt_mesh_z_hybrid_labels/3882922677905_0.json,/media/hdd2/ARCL_multicar_bags/camera_dataset/2026-05-18-v1-v4/rear/EPnPv2_gt_mesh_z_hybrid_labels/3882922677905_0.json,T_map_object_raw,T_camera_object_centered,3402.7372938653566,164.7287592579294,13.930676165651375
image_3885123754625,1,1752,1156,0.12109375,/media/hdd2/ARCL_multicar_bags/camera_dataset/2026-05-18-v1-v4/rear/EPnPv2_gt_mesh_z_hybrid_labels/3885123754625_0.json,/media/hdd2/ARCL_multicar_bags/camera_dataset/2026-05-18-v1-v4/rear/EPnPv2_gt_mesh_z_hybrid_labels/3885123754625_0.json,T_map_object_raw,T_camera_object_centered,3028.4428309198574,177.09270325380467,13.713061698703177
image_3885326541798,1,1754,1162,0.16796875,/media/hdd2/ARCL_multicar_bags/camera_dataset/2026-05-18-v1-v4/rear/EPnPv2_gt_mesh_z_hybrid_labels/3885326541798_0.json,/media/hdd2/ARCL_multicar_bags/camera_dataset/2026-05-18-v1-v4/rear/EPnPv2_gt_mesh_z_hybrid_labels/3885326541798_0.json,T_map_object_raw,T_camera_object_centered,1745.6833728271022,165.06542187026196,15.392828339319033
image_3885326541798,1,1754,1162,0.16796875,/media/hdd2/ARCL_multicar_bags/camera_dataset/2026-05-18-v1-v4/rear/EPnPv2_gt_mesh_z_hybrid_labels/3885326541798_1.json,/media/hdd2/ARCL_multicar_bags/camera_dataset/2026-05-18-v1-v4/rear/EPnPv2_gt_mesh_z_hybrid_labels/3885326541798_1.json,T_map_object_raw,T_camera_object_centered,1745.6833728271022,165.06542187026196,15.392828339319033
image_3886023599588,1,1761,1193,0.08203125,/media/hdd2/ARCL_multicar_bags/camera_dataset/2026-05-18-v1-v4/rear/EPnPv2_gt_mesh_z_hybrid_labels/3886023599588_0.json,/media/hdd2/ARCL_multicar_bags/camera_dataset/2026-05-18-v1-v4/rear/EPnPv2_gt_mesh_z_hybrid_labels/3886023599588_0.json,T_map_object_raw,T_camera_object_centered,7770.455872678399,165.14443869823637,10.995911510312547
image_3886023599588,1,1761,1193,0.08203125,/media/hdd2/ARCL_multicar_bags/camera_dataset/2026-05-18-v1-v4/rear/EPnPv2_gt_mesh_z_hybrid_labels/3886023599588_1.json,/media/hdd2/ARCL_multicar_bags/camera_dataset/2026-05-18-v1-v4/rear/EPnPv2_gt_mesh_z_hybrid_labels/3886023599588_1.json,T_map_object_raw,T_camera_object_centered,7770.455872678399,165.14443869823637,10.995911510312547
image_3886222371239,1,1763,1205,0.1015625,/media/hdd2/ARCL_multicar_bags/camera_dataset/2026-05-18-v1-v4/rear/EPnPv2_gt_mesh_z_hybrid_labels/3886222371239_0.json,/media/hdd2/ARCL_multicar_bags/camera_dataset/2026-05-18-v1-v4/rear/EPnPv2_gt_mesh_z_hybrid_labels/3886222371239_0.json,T_map_object_raw,T_camera_object_centered,5943.848662228459,165.17806946740924,20.776491063397422
image_3886222371239,1,1763,1205,0.1015625,/media/hdd2/ARCL_multicar_bags/camera_dataset/2026-05-18-v1-v4/rear/EPnPv2_gt_mesh_z_hybrid_labels/3886222371239_1.json,/media/hdd2/ARCL_multicar_bags/camera_dataset/2026-05-18-v1-v4/rear/EPnPv2_gt_mesh_z_hybrid_labels/3886222371239_1.json,T_map_object_raw,T_camera_object_centered,5943.848662228459,165.17806946740924,20.776491063397422
image_3888222073915,1,1783,1293,0.1015625,/media/hdd2/ARCL_multicar_bags/camera_dataset/2026-05-18-v1-v4/rear/EPnPv2_gt_mesh_z_hybrid_labels/3888222073915_0.json,/media/hdd2/ARCL_multicar_bags/camera_dataset/2026-05-18-v1-v4/rear/EPnPv2_gt_mesh_z_hybrid_labels/3888222073915_0.json,T_map_object_raw,T_camera_object_centered,8003.05348156334,165.11659527748864,18.848312097134112
image_3888222073915,1,1783,1293,0.1015625,/media/hdd2/ARCL_multicar_bags/camera_dataset/2026-05-18-v1-v4/rear/EPnPv2_gt_mesh_z_hybrid_labels/3888222073915_1.json,/media/hdd2/ARCL_multicar_bags/camera_dataset/2026-05-18-v1-v4/rear/EPnPv2_gt_mesh_z_hybrid_labels/3888222073915_1.json,T_map_object_raw,T_camera_object_centered,8003.05348156334,165.11659527748864,18.848312097134112
image_3888524430975,1,1786,1306,0.05859375,/media/hdd2/ARCL_multicar_bags/camera_dataset/2026-05-18-v1-v4/rear/EPnPv2_gt_mesh_z_hybrid_labels/3888524430975_0.json,/media/hdd2/ARCL_multicar_bags/camera_dataset/2026-05-18-v1-v4/rear/EPnPv2_gt_mesh_z_hybrid_labels/3888524430975_0.json,T_map_object_raw,T_camera_object_centered,8447.213389476554,165.10117149444542,20.006209414010485
image_3888524430975,1,1786,1306,0.05859375,/media/hdd2/ARCL_multicar_bags/camera_dataset/2026-05-18-v1-v4/rear/EPnPv2_gt_mesh_z_hybrid_labels/3888524430975_1.json,/media/hdd2/ARCL_multicar_bags/camera_dataset/2026-05-18-v1-v4/rear/EPnPv2_gt_mesh_z_hybrid_labels/3888524430975_1.json,T_map_object_raw,T_camera_object_centered,8447.213389476554,165.10117149444542,20.006209414010485
image_3892321518799,1,1820,1470,0.12890625,/media/hdd2/ARCL_multicar_bags/camera_dataset/2026-05-18-v1-v4/rear/EPnPv2_gt_mesh_z_hybrid_labels/3892321518799_0.json,/media/hdd2/ARCL_multicar_bags/camera_dataset/2026-05-18-v1-v4/rear/EPnPv2_gt_mesh_z_hybrid_labels/3892321518799_0.json,T_map_object_raw,T_camera_object_centered,3615.164733104229,164.91858227629888,16.684028224605473
image_3892521213080,1,1822,1478,0.10546875,/media/hdd2/ARCL_multicar_bags/camera_dataset/2026-05-18-v1-v4/rear/EPnPv2_gt_mesh_z_hybrid_labels/3892521213080_0.json,/media/hdd2/ARCL_multicar_bags/camera_dataset/2026-05-18-v1-v4/rear/EPnPv2_gt_mesh_z_hybrid_labels/3892521213080_0.json,T_map_object_raw,T_camera_object_centered,8065.617475293386,165.13664795705594,18.668281510926377
image_3893522327988,1,1831,1512,0.125,/media/hdd2/ARCL_multicar_bags/camera_dataset/2026-05-18-v1-v4/rear/EPnPv2_gt_mesh_z_hybrid_labels/3893522327988_0.json,/media/hdd2/ARCL_multicar_bags/camera_dataset/2026-05-18-v1-v4/rear/EPnPv2_gt_mesh_z_hybrid_labels/3893522327988_0.json,T_map_object_raw,T_camera_object_centered,5961.42838450107,166.93496953659232,16.953966596097885
image_3893921744040,1,1834,1524,0.14453125,/media/hdd2/ARCL_multicar_bags/camera_dataset/2026-05-18-v1-v4/rear/EPnPv2_gt_mesh_z_hybrid_labels/3893921744040_0.json,/media/hdd2/ARCL_multicar_bags/camera_dataset/2026-05-18-v1-v4/rear/EPnPv2_gt_mesh_z_hybrid_labels/3893921744040_0.json,T_map_object_raw,T_camera_object_centered,8744.646704488207,167.98442682202244,11.2617423517497
image_3894030296597,1,1835,1531,0.08984375,/media/hdd2/ARCL_multicar_bags/camera_dataset/2026-05-18-v1-v4/rear/EPnPv2_gt_mesh_z_hybrid_labels/3894030296597_0.json,/media/hdd2/ARCL_multicar_bags/camera_dataset/2026-05-18-v1-v4/rear/EPnPv2_gt_mesh_z_hybrid_labels/3894030296597_0.json,T_map_object_raw,T_camera_object_centered,3377.8813502805624,168.56267058904083,18.655610467597146
image_3894121539569,1,1836,1535,0.125,/media/hdd2/ARCL_multicar_bags/camera_dataset/2026-05-18-v1-v4/rear/EPnPv2_gt_mesh_z_hybrid_labels/3894121539569_0.json,/media/hdd2/ARCL_multicar_bags/camera_dataset/2026-05-18-v1-v4/rear/EPnPv2_gt_mesh_z_hybrid_labels/3894121539569_0.json,T_map_object_raw,T_camera_object_centered,3265.5003856432477,169.1808802854733,17.557592958411377
image_3894321307167,1,1837,1539,0.08984375,/media/hdd2/ARCL_multicar_bags/camera_dataset/2026-05-18-v1-v4/rear/EPnPv2_gt_mesh_z_hybrid_labels/3894321307167_0.json,/media/hdd2/ARCL_multicar_bags/camera_dataset/2026-05-18-v1-v4/rear/EPnPv2_gt_mesh_z_hybrid_labels/3894321307167_0.json,T_map_object_raw,T_camera_object_centered,8644.345143076052,170.18854330087888,14.500511753276603
image_3894423786392,1,1838,1543,0.1171875,/media/hdd2/ARCL_multicar_bags/camera_dataset/2026-05-18-v1-v4/rear/EPnPv2_gt_mesh_z_hybrid_labels/3894423786392_0.json,/media/hdd2/ARCL_multicar_bags/camera_dataset/2026-05-18-v1-v4/rear/EPnPv2_gt_mesh_z_hybrid_labels/3894423786392_0.json,T_map_object_raw,T_camera_object_centered,4966.593092568299,170.45605027274192,20.577793368628075
image_3894521156239,1,1839,1547,0.07421875,/media/hdd2/ARCL_multicar_bags/camera_dataset/2026-05-18-v1-v4/rear/EPnPv2_gt_mesh_z_hybrid_labels/3894521156239_0.json,/media/hdd2/ARCL_multicar_bags/camera_dataset/2026-05-18-v1-v4/rear/EPnPv2_gt_mesh_z_hybrid_labels/3894521156239_0.json,T_map_object_raw,T_camera_object_centered,6464.608992968816,171.19396523973836,16.646348841939883
image_3894621427829,1,1840,1551,0.125,/media/hdd2/ARCL_multicar_bags/camera_dataset/2026-05-18-v1-v4/rear/EPnPv2_gt_mesh_z_hybrid_labels/3894621427829_0.json,/media/hdd2/ARCL_multicar_bags/camera_dataset/2026-05-18-v1-v4/rear/EPnPv2_gt_mesh_z_hybrid_labels/3894621427829_0.json,T_map_object_raw,T_camera_object_centered,4907.003178794779,171.69966098311554,14.468031576457244
image_3894721530437,1,1841,1554,0.1171875,/media/hdd2/ARCL_multicar_bags/camera_dataset/2026-05-18-v1-v4/rear/EPnPv2_gt_mesh_z_hybrid_labels/3894721530437_0.json,/media/hdd2/ARCL_multicar_bags/camera_dataset/2026-05-18-v1-v4/rear/EPnPv2_gt_mesh_z_hybrid_labels/3894721530437_0.json,T_map_object_raw,T_camera_object_centered,1960.3234608362964,172.19582593071303,19.456786463875407
image_3894922843597,1,1842,1558,0.109375,/media/hdd2/ARCL_multicar_bags/camera_dataset/2026-05-18-v1-v4/rear/EPnPv2_gt_mesh_z_hybrid_labels/3894922843597_0.json,/media/hdd2/ARCL_multicar_bags/camera_dataset/2026-05-18-v1-v4/rear/EPnPv2_gt_mesh_z_hybrid_labels/3894922843597_0.json,T_map_object_raw,T_camera_object_centered,7547.405368775628,172.8944894882675,17.311872462743544
image_3895026297282,1,1843,1562,0.12890625,/media/hdd2/ARCL_multicar_bags/camera_dataset/2026-05-18-v1-v4/rear/EPnPv2_gt_mesh_z_hybrid_labels/3895026297282_0.json,/media/hdd2/ARCL_multicar_bags/camera_dataset/2026-05-18-v1-v4/rear/EPnPv2_gt_mesh_z_hybrid_labels/3895026297282_0.json,T_map_object_raw,T_camera_object_centered,7061.002998244201,173.5249351642887,20.747093371912566
image_3895320987963,1,1845,1570,0.125,/media/hdd2/ARCL_multicar_bags/camera_dataset/2026-05-18-v1-v4/rear/EPnPv2_gt_mesh_z_hybrid_labels/3895320987963_0.json,/media/hdd2/ARCL_multicar_bags/camera_dataset/2026-05-18-v1-v4/rear/EPnPv2_gt_mesh_z_hybrid_labels/3895320987963_0.json,T_map_object_raw,T_camera_object_centered,3668.8535723979153,175.82603764405582,14.019217079850062
image_3897621973724,1,1865,1655,0.1171875,/media/hdd2/ARCL_multicar_bags/camera_dataset/2026-05-18-v1-v4/rear/EPnPv2_gt_mesh_z_hybrid_labels/3897621973724_0.json,/media/hdd2/ARCL_multicar_bags/camera_dataset/2026-05-18-v1-v4/rear/EPnPv2_gt_mesh_z_hybrid_labels/3897621973724_0.json,T_map_object_raw,T_camera_object_centered,8048.997851621663,177.37300724459485,17.957017909850485
image_3897621973724,1,1865,1655,0.1171875,/media/hdd2/ARCL_multicar_bags/camera_dataset/2026-05-18-v1-v4/rear/EPnPv2_gt_mesh_z_hybrid_labels/3897621973724_1.json,/media/hdd2/ARCL_multicar_bags/camera_dataset/2026-05-18-v1-v4/rear/EPnPv2_gt_mesh_z_hybrid_labels/3897621973724_1.json,T_map_object_raw,T_camera_object_centered,8048.997851621663,177.37300724459485,17.957017909850485
image_3898221275329,1,1870,1676,0.08984375,/media/hdd2/ARCL_multicar_bags/camera_dataset/2026-05-18-v1-v4/rear/EPnPv2_gt_mesh_z_hybrid_labels/3898221275329_0.json,/media/hdd2/ARCL_multicar_bags/camera_dataset/2026-05-18-v1-v4/rear/EPnPv2_gt_mesh_z_hybrid_labels/3898221275329_0.json,T_map_object_raw,T_camera_object_centered,7125.4115027687885,175.36548083222334,16.798045937499534
image_3898221275329,1,1870,1676,0.08984375,/media/hdd2/ARCL_multicar_bags/camera_dataset/2026-05-18-v1-v4/rear/EPnPv2_gt_mesh_z_hybrid_labels/3898221275329_1.json,/media/hdd2/ARCL_multicar_bags/camera_dataset/2026-05-18-v1-v4/rear/EPnPv2_gt_mesh_z_hybrid_labels/3898221275329_1.json,T_map_object_raw,T_camera_object_centered,7125.4115027687885,175.36548083222334,16.798045937499534
image_3898322093818,1,1871,1681,0.05078125,/media/hdd2/ARCL_multicar_bags/camera_dataset/2026-05-18-v1-v4/rear/EPnPv2_gt_mesh_z_hybrid_labels/3898322093818_0.json,/media/hdd2/ARCL_multicar_bags/camera_dataset/2026-05-18-v1-v4/rear/EPnPv2_gt_mesh_z_hybrid_labels/3898322093818_0.json,T_map_object_raw,T_camera_object_centered,6594.753249703159,166.69681226132997,17.642147113807432
image_3899322030279,1,1879,1714,0.109375,/media/hdd2/ARCL_multicar_bags/camera_dataset/2026-05-18-v1-v4/rear/EPnPv2_gt_mesh_z_hybrid_labels/3899322030279_0.json,/media/hdd2/ARCL_multicar_bags/camera_dataset/2026-05-18-v1-v4/rear/EPnPv2_gt_mesh_z_hybrid_labels/3899322030279_0.json,T_map_object_raw,T_camera_object_centered,1505.563352782053,175.45669106792678,19.599037139461256
image_3899322030279,1,1879,1714,0.109375,/media/hdd2/ARCL_multicar_bags/camera_dataset/2026-05-18-v1-v4/rear/EPnPv2_gt_mesh_z_hybrid_labels/3899322030279_1.json,/media/hdd2/ARCL_multicar_bags/camera_dataset/2026-05-18-v1-v4/rear/EPnPv2_gt_mesh_z_hybrid_labels/3899322030279_1.json,T_map_object_raw,T_camera_object_centered,1505.563352782053,175.45669106792678,19.599037139461256
image_3899924921374,1,1885,1741,0.16015625,/media/hdd2/ARCL_multicar_bags/camera_dataset/2026-05-18-v1-v4/rear/EPnPv2_gt_mesh_z_hybrid_labels/3899924921374_0.json,/media/hdd2/ARCL_multicar_bags/camera_dataset/2026-05-18-v1-v4/rear/EPnPv2_gt_mesh_z_hybrid_labels/3899924921374_0.json,T_map_object_raw,T_camera_object_centered,6194.203394364928,177.31936875041364,18.372985701772734
image_3899924921374,1,1885,1741,0.16015625,/media/hdd2/ARCL_multicar_bags/camera_dataset/2026-05-18-v1-v4/rear/EPnPv2_gt_mesh_z_hybrid_labels/3899924921374_1.json,/media/hdd2/ARCL_multicar_bags/camera_dataset/2026-05-18-v1-v4/rear/EPnPv2_gt_mesh_z_hybrid_labels/3899924921374_1.json,T_map_object_raw,T_camera_object_centered,6194.203394364928,177.31936875041364,18.372985701772734
image_3900122691678,1,1887,1749,0.09375,/media/hdd2/ARCL_multicar_bags/camera_dataset/2026-05-18-v1-v4/rear/EPnPv2_gt_mesh_z_hybrid_labels/3900122691678_0.json,/media/hdd2/ARCL_multicar_bags/camera_dataset/2026-05-18-v1-v4/rear/EPnPv2_gt_mesh_z_hybrid_labels/3900122691678_0.json,T_map_object_raw,T_camera_object_centered,7981.963236059531,177.51870353817336,22.192907577955268
image_3900122691678,1,1887,1749,0.09375,/media/hdd2/ARCL_multicar_bags/camera_dataset/2026-05-18-v1-v4/rear/EPnPv2_gt_mesh_z_hybrid_labels/3900122691678_1.json,/media/hdd2/ARCL_multicar_bags/camera_dataset/2026-05-18-v1-v4/rear/EPnPv2_gt_mesh_z_hybrid_labels/3900122691678_1.json,T_map_object_raw,T_camera_object_centered,7981.963236059531,177.51870353817336,22.192907577955268
image_3900724111121,1,1893,1775,0.09765625,/media/hdd2/ARCL_multicar_bags/camera_dataset/2026-05-18-v1-v4/rear/EPnPv2_gt_mesh_z_hybrid_labels/3900724111121_0.json,/media/hdd2/ARCL_multicar_bags/camera_dataset/2026-05-18-v1-v4/rear/EPnPv2_gt_mesh_z_hybrid_labels/3900724111121_0.json,T_map_object_raw,T_camera_object_centered,3933.4751902691355,178.00193028144793,24.44636109066569
image_3900724111121,1,1893,1775,0.09765625,/media/hdd2/ARCL_multicar_bags/camera_dataset/2026-05-18-v1-v4/rear/EPnPv2_gt_mesh_z_hybrid_labels/3900724111121_1.json,/media/hdd2/ARCL_multicar_bags/camera_dataset/2026-05-18-v1-v4/rear/EPnPv2_gt_mesh_z_hybrid_labels/3900724111121_1.json,T_map_object_raw,T_camera_object_centered,3933.4751902691355,178.00193028144793,24.44636109066569
image_3900822011222,1,1894,1779,0.06640625,/media/hdd2/ARCL_multicar_bags/camera_dataset/2026-05-18-v1-v4/rear/EPnPv2_gt_mesh_z_hybrid_labels/3900822011222_0.json,/media/hdd2/ARCL_multicar_bags/camera_dataset/2026-05-18-v1-v4/rear/EPnPv2_gt_mesh_z_hybrid_labels/3900822011222_0.json,T_map_object_raw,T_camera_object_centered,7249.8998991481985,178.26452194877643,19.85861638219185
image_3900822011222,1,1894,1779,0.06640625,/media/hdd2/ARCL_multicar_bags/camera_dataset/2026-05-18-v1-v4/rear/EPnPv2_gt_mesh_z_hybrid_labels/3900822011222_1.json,/media/hdd2/ARCL_multicar_bags/camera_dataset/2026-05-18-v1-v4/rear/EPnPv2_gt_mesh_z_hybrid_labels/3900822011222_1.json,T_map_object_raw,T_camera_object_centered,7249.8998991481985,178.26452194877643,19.85861638219185
image_3900922172802,1,1895,1784,0.1171875,/media/hdd2/ARCL_multicar_bags/camera_dataset/2026-05-18-v1-v4/rear/EPnPv2_gt_mesh_z_hybrid_labels/3900922172802_0.json,/media/hdd2/ARCL_multicar_bags/camera_dataset/2026-05-18-v1-v4/rear/EPnPv2_gt_mesh_z_hybrid_labels/3900922172802_0.json,T_map_object_raw,T_camera_object_centered,7278.419426733701,177.64548079774482,13.676675713735557
image_3900922172802,1,1895,1784,0.1171875,/media/hdd2/ARCL_multicar_bags/camera_dataset/2026-05-18-v1-v4/rear/EPnPv2_gt_mesh_z_hybrid_labels/3900922172802_1.json,/media/hdd2/ARCL_multicar_bags/camera_dataset/2026-05-18-v1-v4/rear/EPnPv2_gt_mesh_z_hybrid_labels/3900922172802_1.json,T_map_object_raw,T_camera_object_centered,7278.419426733701,177.64548079774482,13.676675713735557
image_3901121581224,1,1897,1792,0.08203125,/media/hdd2/ARCL_multicar_bags/camera_dataset/2026-05-18-v1-v4/rear/EPnPv2_gt_mesh_z_hybrid_labels/3901121581224_0.json,/media/hdd2/ARCL_multicar_bags/camera_dataset/2026-05-18-v1-v4/rear/EPnPv2_gt_mesh_z_hybrid_labels/3901121581224_0.json,T_map_object_raw,T_camera_object_centered,7651.837838345058,178.77880858019068,18.827050939619784
image_3901121581224,1,1897,1792,0.08203125,/media/hdd2/ARCL_multicar_bags/camera_dataset/2026-05-18-v1-v4/rear/EPnPv2_gt_mesh_z_hybrid_labels/3901121581224_1.json,/media/hdd2/ARCL_multicar_bags/camera_dataset/2026-05-18-v1-v4/rear/EPnPv2_gt_mesh_z_hybrid_labels/3901121581224_1.json,T_map_object_raw,T_camera_object_centered,7651.837838345058,178.77880858019068,18.827050939619784
image_3901321868954,1,1899,1800,0.11328125,/media/hdd2/ARCL_multicar_bags/camera_dataset/2026-05-18-v1-v4/rear/EPnPv2_gt_mesh_z_hybrid_labels/3901321868954_0.json,/media/hdd2/ARCL_multicar_bags/camera_dataset/2026-05-18-v1-v4/rear/EPnPv2_gt_mesh_z_hybrid_labels/3901321868954_0.json,T_map_object_raw,T_camera_object_centered,4907.974873093745,178.7089688622219,17.405887571983403
image_3901321868954,1,1899,1800,0.11328125,/media/hdd2/ARCL_multicar_bags/camera_dataset/2026-05-18-v1-v4/rear/EPnPv2_gt_mesh_z_hybrid_labels/3901321868954_1.json,/media/hdd2/ARCL_multicar_bags/camera_dataset/2026-05-18-v1-v4/rear/EPnPv2_gt_mesh_z_hybrid_labels/3901321868954_1.json,T_map_object_raw,T_camera_object_centered,4907.974873093745,178.7089688622219,17.405887571983403
image_3902121395684,1,1905,1828,0.125,/media/hdd2/ARCL_multicar_bags/camera_dataset/2026-05-18-v1-v4/rear/EPnPv2_gt_mesh_z_hybrid_labels/3902121395684_0.json,/media/hdd2/ARCL_multicar_bags/camera_dataset/2026-05-18-v1-v4/rear/EPnPv2_gt_mesh_z_hybrid_labels/3902121395684_0.json,T_map_object_raw,T_camera_object_centered,1481.7013736197935,178.38753985445595,18.021185542838683
image_3902227751718,1,1906,1832,0.12890625,/media/hdd2/ARCL_multicar_bags/camera_dataset/2026-05-18-v1-v4/rear/EPnPv2_gt_mesh_z_hybrid_labels/3902227751718_0.json,/media/hdd2/ARCL_multicar_bags/camera_dataset/2026-05-18-v1-v4/rear/EPnPv2_gt_mesh_z_hybrid_labels/3902227751718_0.json,T_map_object_raw,T_camera_object_centered,1774.4773411830854,177.25601219597547,17.509598828552896
image_3902227751718,1,1906,1832,0.12890625,/media/hdd2/ARCL_multicar_bags/camera_dataset/2026-05-18-v1-v4/rear/EPnPv2_gt_mesh_z_hybrid_labels/3902227751718_1.json,/media/hdd2/ARCL_multicar_bags/camera_dataset/2026-05-18-v1-v4/rear/EPnPv2_gt_mesh_z_hybrid_labels/3902227751718_1.json,T_map_object_raw,T_camera_object_centered,1774.4773411830854,177.25601219597547,17.509598828552896
image_3902522165470,1,1909,1844,0.1328125,/media/hdd2/ARCL_multicar_bags/camera_dataset/2026-05-18-v1-v4/rear/EPnPv2_gt_mesh_z_hybrid_labels/3902522165470_0.json,/media/hdd2/ARCL_multicar_bags/camera_dataset/2026-05-18-v1-v4/rear/EPnPv2_gt_mesh_z_hybrid_labels/3902522165470_0.json,T_map_object_raw,T_camera_object_centered,4920.17718498012,175.0545255773357,15.352916072352194
image_3902821732345,1,1911,1851,0.12890625,/media/hdd2/ARCL_multicar_bags/camera_dataset/2026-05-18-v1-v4/rear/EPnPv2_gt_mesh_z_hybrid_labels/3902821732345_0.json,/media/hdd2/ARCL_multicar_bags/camera_dataset/2026-05-18-v1-v4/rear/EPnPv2_gt_mesh_z_hybrid_labels/3902821732345_0.json,T_map_object_raw,T_camera_object_centered,3797.7566740187162,173.15396697515436,19.02588729500872
image_3902821732345,1,1911,1851,0.12890625,/media/hdd2/ARCL_multicar_bags/camera_dataset/2026-05-18-v1-v4/rear/EPnPv2_gt_mesh_z_hybrid_labels/3902821732345_1.json,/media/hdd2/ARCL_multicar_bags/camera_dataset/2026-05-18-v1-v4/rear/EPnPv2_gt_mesh_z_hybrid_labels/3902821732345_1.json,T_map_object_raw,T_camera_object_centered,3797.7566740187162,173.15396697515436,19.02588729500872
image_3903822054622,1,1921,1889,0.12890625,/media/hdd2/ARCL_multicar_bags/camera_dataset/2026-05-18-v1-v4/rear/EPnPv2_gt_mesh_z_hybrid_labels/3903822054622_0.json,/media/hdd2/ARCL_multicar_bags/camera_dataset/2026-05-18-v1-v4/rear/EPnPv2_gt_mesh_z_hybrid_labels/3903822054622_0.json,T_map_object_raw,T_camera_object_centered,5988.63821443889,168.94898041367165,17.07557287826559
image_3903921041081,1,1922,1892,0.125,/media/hdd2/ARCL_multicar_bags/camera_dataset/2026-05-18-v1-v4/rear/EPnPv2_gt_mesh_z_hybrid_labels/3903921041081_0.json,/media/hdd2/ARCL_multicar_bags/camera_dataset/2026-05-18-v1-v4/rear/EPnPv2_gt_mesh_z_hybrid_labels/3903921041081_0.json,T_map_object_raw,T_camera_object_centered,7150.353250888899,176.53757534964694,15.120036299322383
image_3904321823527,1,1926,1907,0.140625,/media/hdd2/ARCL_multicar_bags/camera_dataset/2026-05-18-v1-v4/rear/EPnPv2_gt_mesh_z_hybrid_labels/3904321823527_0.json,/media/hdd2/ARCL_multicar_bags/camera_dataset/2026-05-18-v1-v4/rear/EPnPv2_gt_mesh_z_hybrid_labels/3904321823527_0.json,T_map_object_raw,T_camera_object_centered,3034.9276004279563,168.78010175054715,12.663041594042884
image_3904321823527,1,1926,1907,0.140625,/media/hdd2/ARCL_multicar_bags/camera_dataset/2026-05-18-v1-v4/rear/EPnPv2_gt_mesh_z_hybrid_labels/3904321823527_1.json,/media/hdd2/ARCL_multicar_bags/camera_dataset/2026-05-18-v1-v4/rear/EPnPv2_gt_mesh_z_hybrid_labels/3904321823527_1.json,T_map_object_raw,T_camera_object_centered,3034.9276004279563,168.78010175054715,12.663041594042884
image_3904524093806,1,1928,1915,0.12890625,/media/hdd2/ARCL_multicar_bags/camera_dataset/2026-05-18-v1-v4/rear/EPnPv2_gt_mesh_z_hybrid_labels/3904524093806_0.json,/media/hdd2/ARCL_multicar_bags/camera_dataset/2026-05-18-v1-v4/rear/EPnPv2_gt_mesh_z_hybrid_labels/3904524093806_0.json,T_map_object_raw,T_camera_object_centered,4467.093037294158,168.37592545741043,17.17315091171619
image_3904524093806,1,1928,1915,0.12890625,/media/hdd2/ARCL_multicar_bags/camera_dataset/2026-05-18-v1-v4/rear/EPnPv2_gt_mesh_z_hybrid_labels/3904524093806_1.json,/media/hdd2/ARCL_multicar_bags/camera_dataset/2026-05-18-v1-v4/rear/EPnPv2_gt_mesh_z_hybrid_labels/3904524093806_1.json,T_map_object_raw,T_camera_object_centered,4467.093037294158,168.37592545741043,17.17315091171619
image_3904620987846,1,1929,1919,0.125,/media/hdd2/ARCL_multicar_bags/camera_dataset/2026-05-18-v1-v4/rear/EPnPv2_gt_mesh_z_hybrid_labels/3904620987846_0.json,/media/hdd2/ARCL_multicar_bags/camera_dataset/2026-05-18-v1-v4/rear/EPnPv2_gt_mesh_z_hybrid_labels/3904620987846_0.json,T_map_object_raw,T_camera_object_centered,2329.911392228005,168.65595470604626,15.02183954878556
image_3904620987846,1,1929,1919,0.125,/media/hdd2/ARCL_multicar_bags/camera_dataset/2026-05-18-v1-v4/rear/EPnPv2_gt_mesh_z_hybrid_labels/3904620987846_1.json,/media/hdd2/ARCL_multicar_bags/camera_dataset/2026-05-18-v1-v4/rear/EPnPv2_gt_mesh_z_hybrid_labels/3904620987846_1.json,T_map_object_raw,T_camera_object_centered,2329.911392228005,168.65595470604626,15.02183954878556
image_3904722170318,1,1930,1924,0.15234375,/media/hdd2/ARCL_multicar_bags/camera_dataset/2026-05-18-v1-v4/rear/EPnPv2_gt_mesh_z_hybrid_labels/3904722170318_1.json,/media/hdd2/ARCL_multicar_bags/camera_dataset/2026-05-18-v1-v4/rear/EPnPv2_gt_mesh_z_hybrid_labels/3904722170318_1.json,T_map_object_raw,T_camera_object_centered,6807.787675915074,168.68565413670242,19.8482040272744
image_3904821829187,1,1931,1927,0.171875,/media/hdd2/ARCL_multicar_bags/camera_dataset/2026-05-18-v1-v4/rear/EPnPv2_gt_mesh_z_hybrid_labels/3904821829187_0.json,/media/hdd2/ARCL_multicar_bags/camera_dataset/2026-05-18-v1-v4/rear/EPnPv2_gt_mesh_z_hybrid_labels/3904821829187_0.json,T_map_object_raw,T_camera_object_centered,5716.778270755914,168.81870587562565,20.326722373581955
image_3904821829187,1,1931,1927,0.171875,/media/hdd2/ARCL_multicar_bags/camera_dataset/2026-05-18-v1-v4/rear/EPnPv2_gt_mesh_z_hybrid_labels/3904821829187_1.json,/media/hdd2/ARCL_multicar_bags/camera_dataset/2026-05-18-v1-v4/rear/EPnPv2_gt_mesh_z_hybrid_labels/3904821829187_1.json,T_map_object_raw,T_camera_object_centered,5716.778270755914,168.81870587562565,20.326722373581955
image_3905023265979,1,1932,1930,0.15625,/media/hdd2/ARCL_multicar_bags/camera_dataset/2026-05-18-v1-v4/rear/EPnPv2_gt_mesh_z_hybrid_labels/3905023265979_0.json,/media/hdd2/ARCL_multicar_bags/camera_dataset/2026-05-18-v1-v4/rear/EPnPv2_gt_mesh_z_hybrid_labels/3905023265979_0.json,T_map_object_raw,T_camera_object_centered,4379.025968397938,169.22467984514412,20.896110711076624
image_3905023265979,1,1932,1930,0.15625,/media/hdd2/ARCL_multicar_bags/camera_dataset/2026-05-18-v1-v4/rear/EPnPv2_gt_mesh_z_hybrid_labels/3905023265979_1.json,/media/hdd2/ARCL_multicar_bags/camera_dataset/2026-05-18-v1-v4/rear/EPnPv2_gt_mesh_z_hybrid_labels/3905023265979_1.json,T_map_object_raw,T_camera_object_centered,4379.025968397938,169.22467984514412,20.896110711076624
image_3905122056571,1,1933,1933,0.15625,/media/hdd2/ARCL_multicar_bags/camera_dataset/2026-05-18-v1-v4/rear/EPnPv2_gt_mesh_z_hybrid_labels/3905122056571_0.json,/media/hdd2/ARCL_multicar_bags/camera_dataset/2026-05-18-v1-v4/rear/EPnPv2_gt_mesh_z_hybrid_labels/3905122056571_0.json,T_map_object_raw,T_camera_object_centered,3024.319962787884,169.17448067254554,25.306910973735135
image_3905122056571,1,1933,1933,0.15625,/media/hdd2/ARCL_multicar_bags/camera_dataset/2026-05-18-v1-v4/rear/EPnPv2_gt_mesh_z_hybrid_labels/3905122056571_1.json,/media/hdd2/ARCL_multicar_bags/camera_dataset/2026-05-18-v1-v4/rear/EPnPv2_gt_mesh_z_hybrid_labels/3905122056571_1.json,T_map_object_raw,T_camera_object_centered,3024.319962787884,169.17448067254554,25.306910973735135
image_3905323781586,1,1935,1943,0.078125,/media/hdd2/ARCL_multicar_bags/camera_dataset/2026-05-18-v1-v4/rear/EPnPv2_gt_mesh_z_hybrid_labels/3905323781586_0.json,/media/hdd2/ARCL_multicar_bags/camera_dataset/2026-05-18-v1-v4/rear/EPnPv2_gt_mesh_z_hybrid_labels/3905323781586_0.json,T_map_object_raw,T_camera_object_centered,8035.401585412287,169.57932150732373,17.496135627962232
image_3905323781586,1,1935,1943,0.078125,/media/hdd2/ARCL_multicar_bags/camera_dataset/2026-05-18-v1-v4/rear/EPnPv2_gt_mesh_z_hybrid_labels/3905323781586_1.json,/media/hdd2/ARCL_multicar_bags/camera_dataset/2026-05-18-v1-v4/rear/EPnPv2_gt_mesh_z_hybrid_labels/3905323781586_1.json,T_map_object_raw,T_camera_object_centered,8035.401585412287,169.57932150732373,17.496135627962232
image_3905423456755,1,1936,1946,0.07421875,/media/hdd2/ARCL_multicar_bags/camera_dataset/2026-05-18-v1-v4/rear/EPnPv2_gt_mesh_z_hybrid_labels/3905423456755_0.json,/media/hdd2/ARCL_multicar_bags/camera_dataset/2026-05-18-v1-v4/rear/EPnPv2_gt_mesh_z_hybrid_labels/3905423456755_0.json,T_map_object_raw,T_camera_object_centered,6626.057911357368,170.84409448704116,17.919810114566182
image_3905423456755,1,1936,1946,0.07421875,/media/hdd2/ARCL_multicar_bags/camera_dataset/2026-05-18-v1-v4/rear/EPnPv2_gt_mesh_z_hybrid_labels/3905423456755_1.json,/media/hdd2/ARCL_multicar_bags/camera_dataset/2026-05-18-v1-v4/rear/EPnPv2_gt_mesh_z_hybrid_labels/3905423456755_1.json,T_map_object_raw,T_camera_object_centered,6626.057911357368,170.84409448704116,17.919810114566182
image_3905622499846,1,1938,1954,0.08203125,/media/hdd2/ARCL_multicar_bags/camera_dataset/2026-05-18-v1-v4/rear/EPnPv2_gt_mesh_z_hybrid_labels/3905622499846_0.json,/media/hdd2/ARCL_multicar_bags/camera_dataset/2026-05-18-v1-v4/rear/EPnPv2_gt_mesh_z_hybrid_labels/3905622499846_0.json,T_map_object_raw,T_camera_object_centered,8376.078923717178,171.02021608274535,21.12671805774725
image_3905922472898,1,1941,1965,0.1484375,/media/hdd2/ARCL_multicar_bags/camera_dataset/2026-05-18-v1-v4/rear/EPnPv2_gt_mesh_z_hybrid_labels/3905922472898_0.json,/media/hdd2/ARCL_multicar_bags/camera_dataset/2026-05-18-v1-v4/rear/EPnPv2_gt_mesh_z_hybrid_labels/3905922472898_0.json,T_map_object_raw,T_camera_object_centered,4029.0573748836364,173.37898030979403,23.992870786978273
image_3905922472898,1,1941,1965,0.1484375,/media/hdd2/ARCL_multicar_bags/camera_dataset/2026-05-18-v1-v4/rear/EPnPv2_gt_mesh_z_hybrid_labels/3905922472898_1.json,/media/hdd2/ARCL_multicar_bags/camera_dataset/2026-05-18-v1-v4/rear/EPnPv2_gt_mesh_z_hybrid_labels/3905922472898_1.json,T_map_object_raw,T_camera_object_centered,4029.0573748836364,173.37898030979403,23.992870786978273
image_3906022685791,1,1942,1968,0.15625,/media/hdd2/ARCL_multicar_bags/camera_dataset/2026-05-18-v1-v4/rear/EPnPv2_gt_mesh_z_hybrid_labels/3906022685791_0.json,/media/hdd2/ARCL_multicar_bags/camera_dataset/2026-05-18-v1-v4/rear/EPnPv2_gt_mesh_z_hybrid_labels/3906022685791_0.json,T_map_object_raw,T_camera_object_centered,5672.554079470228,173.70449719483858,22.37862571177969
image_3906022685791,1,1942,1968,0.15625,/media/hdd2/ARCL_multicar_bags/camera_dataset/2026-05-18-v1-v4/rear/EPnPv2_gt_mesh_z_hybrid_labels/3906022685791_1.json,/media/hdd2/ARCL_multicar_bags/camera_dataset/2026-05-18-v1-v4/rear/EPnPv2_gt_mesh_z_hybrid_labels/3906022685791_1.json,T_map_object_raw,T_camera_object_centered,5672.554079470228,173.70449719483858,22.37862571177969
image_3906123067156,1,1943,1971,0.13671875,/media/hdd2/ARCL_multicar_bags/camera_dataset/2026-05-18-v1-v4/rear/EPnPv2_gt_mesh_z_hybrid_labels/3906123067156_0.json,/media/hdd2/ARCL_multicar_bags/camera_dataset/2026-05-18-v1-v4/rear/EPnPv2_gt_mesh_z_hybrid_labels/3906123067156_0.json,T_map_object_raw,T_camera_object_centered,5701.236583758314,174.39313117454176,20.54787604707518
image_3906123067156,1,1943,1971,0.13671875,/media/hdd2/ARCL_multicar_bags/camera_dataset/2026-05-18-v1-v4/rear/EPnPv2_gt_mesh_z_hybrid_labels/3906123067156_1.json,/media/hdd2/ARCL_multicar_bags/camera_dataset/2026-05-18-v1-v4/rear/EPnPv2_gt_mesh_z_hybrid_labels/3906123067156_1.json,T_map_object_raw,T_camera_object_centered,5701.236583758314,174.39313117454176,20.54787604707518
image_3906821898242,1,1950,2004,0.109375,/media/hdd2/ARCL_multicar_bags/camera_dataset/2026-05-18-v1-v4/rear/EPnPv2_gt_mesh_z_hybrid_labels/3906821898242_0.json,/media/hdd2/ARCL_multicar_bags/camera_dataset/2026-05-18-v1-v4/rear/EPnPv2_gt_mesh_z_hybrid_labels/3906821898242_0.json,T_map_object_raw,T_camera_object_centered,7753.401004331283,163.53853815367302,23.333655839598315
image_3907521723201,1,1957,2034,0.1328125,/media/hdd2/ARCL_multicar_bags/camera_dataset/2026-05-18-v1-v4/rear/EPnPv2_gt_mesh_z_hybrid_labels/3907521723201_0.json,/media/hdd2/ARCL_multicar_bags/camera_dataset/2026-05-18-v1-v4/rear/EPnPv2_gt_mesh_z_hybrid_labels/3907521723201_0.json,T_map_object_raw,T_camera_object_centered,8999.037535439675,168.0482068599024,26.88362067090936
image_3909421727208,1,1976,2117,0.10546875,/media/hdd2/ARCL_multicar_bags/camera_dataset/2026-05-18-v1-v4/rear/EPnPv2_gt_mesh_z_hybrid_labels/3909421727208_0.json,/media/hdd2/ARCL_multicar_bags/camera_dataset/2026-05-18-v1-v4/rear/EPnPv2_gt_mesh_z_hybrid_labels/3909421727208_0.json,T_map_object_raw,T_camera_object_centered,8211.57132874846,179.1312427390329,9.74956872163139
image_3909421727208,1,1976,2117,0.10546875,/media/hdd2/ARCL_multicar_bags/camera_dataset/2026-05-18-v1-v4/rear/EPnPv2_gt_mesh_z_hybrid_labels/3909421727208_1.json,/media/hdd2/ARCL_multicar_bags/camera_dataset/2026-05-18-v1-v4/rear/EPnPv2_gt_mesh_z_hybrid_labels/3909421727208_1.json,T_map_object_raw,T_camera_object_centered,8211.57132874846,179.1312427390329,9.74956872163139
image_3910521630531,1,1987,2172,0.1015625,/media/hdd2/ARCL_multicar_bags/camera_dataset/2026-05-18-v1-v4/rear/EPnPv2_gt_mesh_z_hybrid_labels/3910521630531_0.json,/media/hdd2/ARCL_multicar_bags/camera_dataset/2026-05-18-v1-v4/rear/EPnPv2_gt_mesh_z_hybrid_labels/3910521630531_0.json,T_map_object_raw,T_camera_object_centered,8890.860730754703,176.9252049914303,26.349599118883322
image_3910521630531,1,1987,2172,0.1015625,/media/hdd2/ARCL_multicar_bags/camera_dataset/2026-05-18-v1-v4/rear/EPnPv2_gt_mesh_z_hybrid_labels/3910521630531_1.json,/media/hdd2/ARCL_multicar_bags/camera_dataset/2026-05-18-v1-v4/rear/EPnPv2_gt_mesh_z_hybrid_labels/3910521630531_1.json,T_map_object_raw,T_camera_object_centered,8890.860730754703,176.9252049914303,26.349599118883322
image_3913822614200,1,2016,2298,0.14453125,/media/hdd2/ARCL_multicar_bags/camera_dataset/2026-05-18-v1-v4/rear/EPnPv2_gt_mesh_z_hybrid_labels/3913822614200_0.json,/media/hdd2/ARCL_multicar_bags/camera_dataset/2026-05-18-v1-v4/rear/EPnPv2_gt_mesh_z_hybrid_labels/3913822614200_0.json,T_map_object_raw,T_camera_object_centered,2529.528463779131,177.28511293806355,18.779241992597118
image_3913922719801,1,2017,2302,0.12890625,/media/hdd2/ARCL_multicar_bags/camera_dataset/2026-05-18-v1-v4/rear/EPnPv2_gt_mesh_z_hybrid_labels/3913922719801_0.json,/media/hdd2/ARCL_multicar_bags/camera_dataset/2026-05-18-v1-v4/rear/EPnPv2_gt_mesh_z_hybrid_labels/3913922719801_0.json,T_map_object_raw,T_camera_object_centered,5144.497907345073,177.3072491370724,18.88115590900272
image_3914121769641,1,2018,2305,0.1328125,/media/hdd2/ARCL_multicar_bags/camera_dataset/2026-05-18-v1-v4/rear/EPnPv2_gt_mesh_z_hybrid_labels/3914121769641_0.json,/media/hdd2/ARCL_multicar_bags/camera_dataset/2026-05-18-v1-v4/rear/EPnPv2_gt_mesh_z_hybrid_labels/3914121769641_0.json,T_map_object_raw,T_camera_object_centered,5227.219329858563,176.3077775006529,15.741071129338916
image_3914225214320,1,2019,2308,0.1484375,/media/hdd2/ARCL_multicar_bags/camera_dataset/2026-05-18-v1-v4/rear/EPnPv2_gt_mesh_z_hybrid_labels/3914225214320_0.json,/media/hdd2/ARCL_multicar_bags/camera_dataset/2026-05-18-v1-v4/rear/EPnPv2_gt_mesh_z_hybrid_labels/3914225214320_0.json,T_map_object_raw,T_camera_object_centered,6591.5774193266225,175.2096690286535,19.82774344136155
image_3914322425925,1,2020,2312,0.12890625,/media/hdd2/ARCL_multicar_bags/camera_dataset/2026-05-18-v1-v4/rear/EPnPv2_gt_mesh_z_hybrid_labels/3914322425925_0.json,/media/hdd2/ARCL_multicar_bags/camera_dataset/2026-05-18-v1-v4/rear/EPnPv2_gt_mesh_z_hybrid_labels/3914322425925_0.json,T_map_object_raw,T_camera_object_centered,3848.4573971092705,174.52358907718653,15.69236575999908
image_3914322425925,1,2020,2312,0.12890625,/media/hdd2/ARCL_multicar_bags/camera_dataset/2026-05-18-v1-v4/rear/EPnPv2_gt_mesh_z_hybrid_labels/3914322425925_1.json,/media/hdd2/ARCL_multicar_bags/camera_dataset/2026-05-18-v1-v4/rear/EPnPv2_gt_mesh_z_hybrid_labels/3914322425925_1.json,T_map_object_raw,T_camera_object_centered,3848.4573971092705,174.52358907718653,15.69236575999908
image_3914435766279,1,2021,2315,0.13671875,/media/hdd2/ARCL_multicar_bags/camera_dataset/2026-05-18-v1-v4/rear/EPnPv2_gt_mesh_z_hybrid_labels/3914435766279_0.json,/media/hdd2/ARCL_multicar_bags/camera_dataset/2026-05-18-v1-v4/rear/EPnPv2_gt_mesh_z_hybrid_labels/3914435766279_0.json,T_map_object_raw,T_camera_object_centered,7152.925920504894,174.6410413845633,13.319891684898199
image_3914435766279,1,2021,2315,0.13671875,/media/hdd2/ARCL_multicar_bags/camera_dataset/2026-05-18-v1-v4/rear/EPnPv2_gt_mesh_z_hybrid_labels/3914435766279_1.json,/media/hdd2/ARCL_multicar_bags/camera_dataset/2026-05-18-v1-v4/rear/EPnPv2_gt_mesh_z_hybrid_labels/3914435766279_1.json,T_map_object_raw,T_camera_object_centered,7152.925920504894,174.6410413845633,13.319891684898199
image_3914522962039,1,2022,2318,0.12890625,/media/hdd2/ARCL_multicar_bags/camera_dataset/2026-05-18-v1-v4/rear/EPnPv2_gt_mesh_z_hybrid_labels/3914522962039_0.json,/media/hdd2/ARCL_multicar_bags/camera_dataset/2026-05-18-v1-v4/rear/EPnPv2_gt_mesh_z_hybrid_labels/3914522962039_0.json,T_map_object_raw,T_camera_object_centered,6136.463349640025,173.51645140629486,18.666417678027255
image_3916124488554,1,2036,2368,0.12890625,/media/hdd2/ARCL_multicar_bags/camera_dataset/2026-05-18-v1-v4/rear/EPnPv2_gt_mesh_z_hybrid_labels/3916124488554_0.json,/media/hdd2/ARCL_multicar_bags/camera_dataset/2026-05-18-v1-v4/rear/EPnPv2_gt_mesh_z_hybrid_labels/3916124488554_0.json,T_map_object_raw,T_camera_object_centered,6855.780345038306,163.6764316685172,19.63994584590888
image_3916222987798,1,2037,2371,0.1015625,/media/hdd2/ARCL_multicar_bags/camera_dataset/2026-05-18-v1-v4/rear/EPnPv2_gt_mesh_z_hybrid_labels/3916222987798_0.json,/media/hdd2/ARCL_multicar_bags/camera_dataset/2026-05-18-v1-v4/rear/EPnPv2_gt_mesh_z_hybrid_labels/3916222987798_0.json,T_map_object_raw,T_camera_object_centered,3548.867642959023,163.56747001051696,22.335518464975223
image_3916222987798,1,2037,2371,0.1015625,/media/hdd2/ARCL_multicar_bags/camera_dataset/2026-05-18-v1-v4/rear/EPnPv2_gt_mesh_z_hybrid_labels/3916222987798_1.json,/media/hdd2/ARCL_multicar_bags/camera_dataset/2026-05-18-v1-v4/rear/EPnPv2_gt_mesh_z_hybrid_labels/3916222987798_1.json,T_map_object_raw,T_camera_object_centered,3548.867642959023,163.56747001051696,22.335518464975223
image_3916324369946,1,2038,2374,0.1640625,/media/hdd2/ARCL_multicar_bags/camera_dataset/2026-05-18-v1-v4/rear/EPnPv2_gt_mesh_z_hybrid_labels/3916324369946_0.json,/media/hdd2/ARCL_multicar_bags/camera_dataset/2026-05-18-v1-v4/rear/EPnPv2_gt_mesh_z_hybrid_labels/3916324369946_0.json,T_map_object_raw,T_camera_object_centered,5055.134940485482,163.215922917553,21.6505418741766
image_3916324369946,1,2038,2374,0.1640625,/media/hdd2/ARCL_multicar_bags/camera_dataset/2026-05-18-v1-v4/rear/EPnPv2_gt_mesh_z_hybrid_labels/3916324369946_1.json,/media/hdd2/ARCL_multicar_bags/camera_dataset/2026-05-18-v1-v4/rear/EPnPv2_gt_mesh_z_hybrid_labels/3916324369946_1.json,T_map_object_raw,T_camera_object_centered,5055.134940485482,163.215922917553,21.6505418741766
image_3916921189465,1,2043,2391,0.1484375,/media/hdd2/ARCL_multicar_bags/camera_dataset/2026-05-18-v1-v4/rear/EPnPv2_gt_mesh_z_hybrid_labels/3916921189465_0.json,/media/hdd2/ARCL_multicar_bags/camera_dataset/2026-05-18-v1-v4/rear/EPnPv2_gt_mesh_z_hybrid_labels/3916921189465_0.json,T_map_object_raw,T_camera_object_centered,6803.492643843636,164.08369951132025,18.074790253991306
image_3917021691599,1,2044,2395,0.140625,/media/hdd2/ARCL_multicar_bags/camera_dataset/2026-05-18-v1-v4/rear/EPnPv2_gt_mesh_z_hybrid_labels/3917021691599_0.json,/media/hdd2/ARCL_multicar_bags/camera_dataset/2026-05-18-v1-v4/rear/EPnPv2_gt_mesh_z_hybrid_labels/3917021691599_0.json,T_map_object_raw,T_camera_object_centered,4669.535180852129,164.54896025136264,23.310773774571967
image_3917224067170,1,2046,2404,0.13671875,/media/hdd2/ARCL_multicar_bags/camera_dataset/2026-05-18-v1-v4/rear/EPnPv2_gt_mesh_z_hybrid_labels/3917224067170_0.json,/media/hdd2/ARCL_multicar_bags/camera_dataset/2026-05-18-v1-v4/rear/EPnPv2_gt_mesh_z_hybrid_labels/3917224067170_0.json,T_map_object_raw,T_camera_object_centered,5732.964711626482,164.9272853934885,17.094384354861752
image_3917421539270,1,2048,2410,0.1484375,/media/hdd2/ARCL_multicar_bags/camera_dataset/2026-05-18-v1-v4/rear/EPnPv2_gt_mesh_z_hybrid_labels/3917421539270_0.json,/media/hdd2/ARCL_multicar_bags/camera_dataset/2026-05-18-v1-v4/rear/EPnPv2_gt_mesh_z_hybrid_labels/3917421539270_0.json,T_map_object_raw,T_camera_object_centered,5793.628349908024,165.6262333420131,18.79639311567135
image_3917521403368,1,2049,2413,0.15625,/media/hdd2/ARCL_multicar_bags/camera_dataset/2026-05-18-v1-v4/rear/EPnPv2_gt_mesh_z_hybrid_labels/3917521403368_0.json,/media/hdd2/ARCL_multicar_bags/camera_dataset/2026-05-18-v1-v4/rear/EPnPv2_gt_mesh_z_hybrid_labels/3917521403368_0.json,T_map_object_raw,T_camera_object_centered,5706.003143762588,165.82958305281971,18.739038649645096
image_3917723977028,1,2051,2422,0.15234375,/media/hdd2/ARCL_multicar_bags/camera_dataset/2026-05-18-v1-v4/rear/EPnPv2_gt_mesh_z_hybrid_labels/3917723977028_0.json,/media/hdd2/ARCL_multicar_bags/camera_dataset/2026-05-18-v1-v4/rear/EPnPv2_gt_mesh_z_hybrid_labels/3917723977028_0.json,T_map_object_raw,T_camera_object_centered,6148.860648511922,165.9944039857438,19.464812659988183
image_3917921026128,1,2053,2429,0.13671875,/media/hdd2/ARCL_multicar_bags/camera_dataset/2026-05-18-v1-v4/rear/EPnPv2_gt_mesh_z_hybrid_labels/3917921026128_0.json,/media/hdd2/ARCL_multicar_bags/camera_dataset/2026-05-18-v1-v4/rear/EPnPv2_gt_mesh_z_hybrid_labels/3917921026128_0.json,T_map_object_raw,T_camera_object_centered,5925.503839484411,166.51648673239845,21.87531128837982
image_3918021642504,1,2054,2433,0.171875,/media/hdd2/ARCL_multicar_bags/camera_dataset/2026-05-18-v1-v4/rear/EPnPv2_gt_mesh_z_hybrid_labels/3918021642504_0.json,/media/hdd2/ARCL_multicar_bags/camera_dataset/2026-05-18-v1-v4/rear/EPnPv2_gt_mesh_z_hybrid_labels/3918021642504_0.json,T_map_object_raw,T_camera_object_centered,3262.975374265546,167.00656265152062,21.969870384520558
image_3918324867227,1,2056,2443,0.1875,/media/hdd2/ARCL_multicar_bags/camera_dataset/2026-05-18-v1-v4/rear/EPnPv2_gt_mesh_z_hybrid_labels/3918324867227_0.json,/media/hdd2/ARCL_multicar_bags/camera_dataset/2026-05-18-v1-v4/rear/EPnPv2_gt_mesh_z_hybrid_labels/3918324867227_0.json,T_map_object_raw,T_camera_object_centered,4936.213753491136,166.68412688873298,24.90452863547308
image_3918422842351,1,2057,2447,0.1640625,/media/hdd2/ARCL_multicar_bags/camera_dataset/2026-05-18-v1-v4/rear/EPnPv2_gt_mesh_z_hybrid_labels/3918422842351_0.json,/media/hdd2/ARCL_multicar_bags/camera_dataset/2026-05-18-v1-v4/rear/EPnPv2_gt_mesh_z_hybrid_labels/3918422842351_0.json,T_map_object_raw,T_camera_object_centered,5028.013632902455,166.7643359556288,19.565256999795093
image_3918622401197,1,2059,2453,0.16015625,/media/hdd2/ARCL_multicar_bags/camera_dataset/2026-05-18-v1-v4/rear/EPnPv2_gt_mesh_z_hybrid_labels/3918622401197_0.json,/media/hdd2/ARCL_multicar_bags/camera_dataset/2026-05-18-v1-v4/rear/EPnPv2_gt_mesh_z_hybrid_labels/3918622401197_0.json,T_map_object_raw,T_camera_object_centered,4875.962566145213,166.99534413258002,21.302038534380486
image_3918720706606,1,2060,2457,0.1328125,/media/hdd2/ARCL_multicar_bags/camera_dataset/2026-05-18-v1-v4/rear/EPnPv2_gt_mesh_z_hybrid_labels/3918720706606_0.json,/media/hdd2/ARCL_multicar_bags/camera_dataset/2026-05-18-v1-v4/rear/EPnPv2_gt_mesh_z_hybrid_labels/3918720706606_0.json,T_map_object_raw,T_camera_object_centered,7639.1660573780455,167.1749341313478,19.210182186398
image_3918821074601,1,2061,2460,0.15625,/media/hdd2/ARCL_multicar_bags/camera_dataset/2026-05-18-v1-v4/rear/EPnPv2_gt_mesh_z_hybrid_labels/3918821074601_0.json,/media/hdd2/ARCL_multicar_bags/camera_dataset/2026-05-18-v1-v4/rear/EPnPv2_gt_mesh_z_hybrid_labels/3918821074601_0.json,T_map_object_raw,T_camera_object_centered,3443.569065628856,167.81664875071516,12.527607331121162
image_3918922133349,1,2062,2463,0.1328125,/media/hdd2/ARCL_multicar_bags/camera_dataset/2026-05-18-v1-v4/rear/EPnPv2_gt_mesh_z_hybrid_labels/3918922133349_0.json,/media/hdd2/ARCL_multicar_bags/camera_dataset/2026-05-18-v1-v4/rear/EPnPv2_gt_mesh_z_hybrid_labels/3918922133349_0.json,T_map_object_raw,T_camera_object_centered,2367.623650496809,167.81476847133135,20.981970945871726
image_3919021403266,1,2063,2466,0.15625,/media/hdd2/ARCL_multicar_bags/camera_dataset/2026-05-18-v1-v4/rear/EPnPv2_gt_mesh_z_hybrid_labels/3919021403266_0.json,/media/hdd2/ARCL_multicar_bags/camera_dataset/2026-05-18-v1-v4/rear/EPnPv2_gt_mesh_z_hybrid_labels/3919021403266_0.json,T_map_object_raw,T_camera_object_centered,5896.749499119281,168.10475464688074,18.93144366686145
image_3919721125616,1,2070,2496,0.15625,/media/hdd2/ARCL_multicar_bags/camera_dataset/2026-05-18-v1-v4/rear/EPnPv2_gt_mesh_z_hybrid_labels/3919721125616_0.json,/media/hdd2/ARCL_multicar_bags/camera_dataset/2026-05-18-v1-v4/rear/EPnPv2_gt_mesh_z_hybrid_labels/3919721125616_0.json,T_map_object_raw,T_camera_object_centered,3988.9633096448965,172.1589635270244,20.593761157920895
image_3919820757516,1,2071,2499,0.1484375,/media/hdd2/ARCL_multicar_bags/camera_dataset/2026-05-18-v1-v4/rear/EPnPv2_gt_mesh_z_hybrid_labels/3919820757516_0.json,/media/hdd2/ARCL_multicar_bags/camera_dataset/2026-05-18-v1-v4/rear/EPnPv2_gt_mesh_z_hybrid_labels/3919820757516_0.json,T_map_object_raw,T_camera_object_centered,5466.978515066264,172.95218449980572,12.39613450816832
image_3925421898521,1,2121,2716,0.12890625,/media/hdd2/ARCL_multicar_bags/camera_dataset/2026-05-18-v1-v4/rear/EPnPv2_gt_mesh_z_hybrid_labels/3925421898521_0.json,/media/hdd2/ARCL_multicar_bags/camera_dataset/2026-05-18-v1-v4/rear/EPnPv2_gt_mesh_z_hybrid_labels/3925421898521_0.json,T_map_object_raw,T_camera_object_centered,6936.5312478124,166.75683156579188,18.36560060129102
image_3925421898521,1,2121,2716,0.12890625,/media/hdd2/ARCL_multicar_bags/camera_dataset/2026-05-18-v1-v4/rear/EPnPv2_gt_mesh_z_hybrid_labels/3925421898521_1.json,/media/hdd2/ARCL_multicar_bags/camera_dataset/2026-05-18-v1-v4/rear/EPnPv2_gt_mesh_z_hybrid_labels/3925421898521_1.json,T_map_object_raw,T_camera_object_centered,6936.5312478124,166.75683156579188,18.36560060129102
image_3925521668513,1,2122,2721,0.08984375,/media/hdd2/ARCL_multicar_bags/camera_dataset/2026-05-18-v1-v4/rear/EPnPv2_gt_mesh_z_hybrid_labels/3925521668513_0.json,/media/hdd2/ARCL_multicar_bags/camera_dataset/2026-05-18-v1-v4/rear/EPnPv2_gt_mesh_z_hybrid_labels/3925521668513_0.json,T_map_object_raw,T_camera_object_centered,4819.409963445516,166.04251413524563,13.894037675367493
image_3925521668513,1,2122,2721,0.08984375,/media/hdd2/ARCL_multicar_bags/camera_dataset/2026-05-18-v1-v4/rear/EPnPv2_gt_mesh_z_hybrid_labels/3925521668513_1.json,/media/hdd2/ARCL_multicar_bags/camera_dataset/2026-05-18-v1-v4/rear/EPnPv2_gt_mesh_z_hybrid_labels/3925521668513_1.json,T_map_object_raw,T_camera_object_centered,4819.409963445516,166.04251413524563,13.894037675367493
image_3926023202381,1,2127,2735,0.171875,/media/hdd2/ARCL_multicar_bags/camera_dataset/2026-05-18-v1-v4/rear/EPnPv2_gt_mesh_z_hybrid_labels/3926023202381_0.json,/media/hdd2/ARCL_multicar_bags/camera_dataset/2026-05-18-v1-v4/rear/EPnPv2_gt_mesh_z_hybrid_labels/3926023202381_0.json,T_map_object_raw,T_camera_object_centered,7865.4201338424655,162.23112847208355,15.204377191261544
image_3926023202381,1,2127,2735,0.171875,/media/hdd2/ARCL_multicar_bags/camera_dataset/2026-05-18-v1-v4/rear/EPnPv2_gt_mesh_z_hybrid_labels/3926023202381_1.json,/media/hdd2/ARCL_multicar_bags/camera_dataset/2026-05-18-v1-v4/rear/EPnPv2_gt_mesh_z_hybrid_labels/3926023202381_1.json,T_map_object_raw,T_camera_object_centered,7865.4201338424655,162.23112847208355,15.204377191261544
image_3926424910732,1,2131,2743,0.14453125,/media/hdd2/ARCL_multicar_bags/camera_dataset/2026-05-18-v1-v4/rear/EPnPv2_gt_mesh_z_hybrid_labels/3926424910732_0.json,/media/hdd2/ARCL_multicar_bags/camera_dataset/2026-05-18-v1-v4/rear/EPnPv2_gt_mesh_z_hybrid_labels/3926424910732_0.json,T_map_object_raw,T_camera_object_centered,7038.189434026529,177.2410553556787,17.315784465735092
image_3926424910732,1,2131,2743,0.14453125,/media/hdd2/ARCL_multicar_bags/camera_dataset/2026-05-18-v1-v4/rear/EPnPv2_gt_mesh_z_hybrid_labels/3926424910732_1.json,/media/hdd2/ARCL_multicar_bags/camera_dataset/2026-05-18-v1-v4/rear/EPnPv2_gt_mesh_z_hybrid_labels/3926424910732_1.json,T_map_object_raw,T_camera_object_centered,7038.189434026529,177.2410553556787,17.315784465735092
image_3926520714624,1,2132,2745,0.1484375,/media/hdd2/ARCL_multicar_bags/camera_dataset/2026-05-18-v1-v4/rear/EPnPv2_gt_mesh_z_hybrid_labels/3926520714624_0.json,/media/hdd2/ARCL_multicar_bags/camera_dataset/2026-05-18-v1-v4/rear/EPnPv2_gt_mesh_z_hybrid_labels/3926520714624_0.json,T_map_object_raw,T_camera_object_centered,2026.0925261318923,176.6127707928709,16.639346299873388
image_3926520714624,1,2132,2745,0.1484375,/media/hdd2/ARCL_multicar_bags/camera_dataset/2026-05-18-v1-v4/rear/EPnPv2_gt_mesh_z_hybrid_labels/3926520714624_1.json,/media/hdd2/ARCL_multicar_bags/camera_dataset/2026-05-18-v1-v4/rear/EPnPv2_gt_mesh_z_hybrid_labels/3926520714624_1.json,T_map_object_raw,T_camera_object_centered,2026.0925261318923,176.6127707928709,16.639346299873388
image_3926622015980,1,2133,2747,0.15234375,/media/hdd2/ARCL_multicar_bags/camera_dataset/2026-05-18-v1-v4/rear/EPnPv2_gt_mesh_z_hybrid_labels/3926622015980_0.json,/media/hdd2/ARCL_multicar_bags/camera_dataset/2026-05-18-v1-v4/rear/EPnPv2_gt_mesh_z_hybrid_labels/3926622015980_0.json,T_map_object_raw,T_camera_object_centered,3626.6010409393284,175.86456138774338,16.700096216759004
image_3926622015980,1,2133,2747,0.15234375,/media/hdd2/ARCL_multicar_bags/camera_dataset/2026-05-18-v1-v4/rear/EPnPv2_gt_mesh_z_hybrid_labels/3926622015980_1.json,/media/hdd2/ARCL_multicar_bags/camera_dataset/2026-05-18-v1-v4/rear/EPnPv2_gt_mesh_z_hybrid_labels/3926622015980_1.json,T_map_object_raw,T_camera_object_centered,3626.6010409393284,175.86456138774338,16.700096216759004
image_3926720599707,1,2134,2749,0.16015625,/media/hdd2/ARCL_multicar_bags/camera_dataset/2026-05-18-v1-v4/rear/EPnPv2_gt_mesh_z_hybrid_labels/3926720599707_0.json,/media/hdd2/ARCL_multicar_bags/camera_dataset/2026-05-18-v1-v4/rear/EPnPv2_gt_mesh_z_hybrid_labels/3926720599707_0.json,T_map_object_raw,T_camera_object_centered,2797.246433486584,175.14843343867915,19.015778665277907
image_3926720599707,1,2134,2749,0.16015625,/media/hdd2/ARCL_multicar_bags/camera_dataset/2026-05-18-v1-v4/rear/EPnPv2_gt_mesh_z_hybrid_labels/3926720599707_1.json,/media/hdd2/ARCL_multicar_bags/camera_dataset/2026-05-18-v1-v4/rear/EPnPv2_gt_mesh_z_hybrid_labels/3926720599707_1.json,T_map_object_raw,T_camera_object_centered,2797.246433486584,175.14843343867915,19.015778665277907
image_3926922325249,1,2136,2753,0.16796875,/media/hdd2/ARCL_multicar_bags/camera_dataset/2026-05-18-v1-v4/rear/EPnPv2_gt_mesh_z_hybrid_labels/3926922325249_0.json,/media/hdd2/ARCL_multicar_bags/camera_dataset/2026-05-18-v1-v4/rear/EPnPv2_gt_mesh_z_hybrid_labels/3926922325249_0.json,T_map_object_raw,T_camera_object_centered,5248.999721294575,173.50502901572546,20.937531991738936
image_3926922325249,1,2136,2753,0.16796875,/media/hdd2/ARCL_multicar_bags/camera_dataset/2026-05-18-v1-v4/rear/EPnPv2_gt_mesh_z_hybrid_labels/3926922325249_1.json,/media/hdd2/ARCL_multicar_bags/camera_dataset/2026-05-18-v1-v4/rear/EPnPv2_gt_mesh_z_hybrid_labels/3926922325249_1.json,T_map_object_raw,T_camera_object_centered,5248.999721294575,173.50502901572546,20.937531991738936
image_3927120879530,1,2138,2758,0.14453125,/media/hdd2/ARCL_multicar_bags/camera_dataset/2026-05-18-v1-v4/rear/EPnPv2_gt_mesh_z_hybrid_labels/3927120879530_0.json,/media/hdd2/ARCL_multicar_bags/camera_dataset/2026-05-18-v1-v4/rear/EPnPv2_gt_mesh_z_hybrid_labels/3927120879530_0.json,T_map_object_raw,T_camera_object_centered,2934.2914375958467,171.99009859619872,17.49674237223801
image_3927225268574,1,2139,2760,0.171875,/media/hdd2/ARCL_multicar_bags/camera_dataset/2026-05-18-v1-v4/rear/EPnPv2_gt_mesh_z_hybrid_labels/3927225268574_0.json,/media/hdd2/ARCL_multicar_bags/camera_dataset/2026-05-18-v1-v4/rear/EPnPv2_gt_mesh_z_hybrid_labels/3927225268574_0.json,T_map_object_raw,T_camera_object_centered,6829.43094702414,171.24646564344414,19.141150710474378
image_3927225268574,1,2139,2760,0.171875,/media/hdd2/ARCL_multicar_bags/camera_dataset/2026-05-18-v1-v4/rear/EPnPv2_gt_mesh_z_hybrid_labels/3927225268574_1.json,/media/hdd2/ARCL_multicar_bags/camera_dataset/2026-05-18-v1-v4/rear/EPnPv2_gt_mesh_z_hybrid_labels/3927225268574_1.json,T_map_object_raw,T_camera_object_centered,6829.43094702414,171.24646564344414,19.141150710474378
image_3927322829683,1,2140,2762,0.16796875,/media/hdd2/ARCL_multicar_bags/camera_dataset/2026-05-18-v1-v4/rear/EPnPv2_gt_mesh_z_hybrid_labels/3927322829683_0.json,/media/hdd2/ARCL_multicar_bags/camera_dataset/2026-05-18-v1-v4/rear/EPnPv2_gt_mesh_z_hybrid_labels/3927322829683_0.json,T_map_object_raw,T_camera_object_centered,3882.5253150186722,170.68845704144584,18.5958144139127
image_3927422058363,1,2141,2764,0.1796875,/media/hdd2/ARCL_multicar_bags/camera_dataset/2026-05-18-v1-v4/rear/EPnPv2_gt_mesh_z_hybrid_labels/3927422058363_0.json,/media/hdd2/ARCL_multicar_bags/camera_dataset/2026-05-18-v1-v4/rear/EPnPv2_gt_mesh_z_hybrid_labels/3927422058363_0.json,T_map_object_raw,T_camera_object_centered,7257.307142219692,170.10369985961842,15.509343281520097
image_3927521726875,1,2142,2766,0.140625,/media/hdd2/ARCL_multicar_bags/camera_dataset/2026-05-18-v1-v4/rear/EPnPv2_gt_mesh_z_hybrid_labels/3927521726875_0.json,/media/hdd2/ARCL_multicar_bags/camera_dataset/2026-05-18-v1-v4/rear/EPnPv2_gt_mesh_z_hybrid_labels/3927521726875_0.json,T_map_object_raw,T_camera_object_centered,5351.126169071216,169.31829598345092,22.52123610303165
image_3927622916010,1,2143,2768,0.1640625,/media/hdd2/ARCL_multicar_bags/camera_dataset/2026-05-18-v1-v4/rear/EPnPv2_gt_mesh_z_hybrid_labels/3927622916010_0.json,/media/hdd2/ARCL_multicar_bags/camera_dataset/2026-05-18-v1-v4/rear/EPnPv2_gt_mesh_z_hybrid_labels/3927622916010_0.json,T_map_object_raw,T_camera_object_centered,6357.170596148613,169.0954337767794,15.89955543253034
image_3927721971388,1,2144,2770,0.16796875,/media/hdd2/ARCL_multicar_bags/camera_dataset/2026-05-18-v1-v4/rear/EPnPv2_gt_mesh_z_hybrid_labels/3927721971388_0.json,/media/hdd2/ARCL_multicar_bags/camera_dataset/2026-05-18-v1-v4/rear/EPnPv2_gt_mesh_z_hybrid_labels/3927721971388_0.json,T_map_object_raw,T_camera_object_centered,6765.445656519434,168.56070103295602,16.278488443077944
image_3927921640719,1,2146,2773,0.1328125,/media/hdd2/ARCL_multicar_bags/camera_dataset/2026-05-18-v1-v4/rear/EPnPv2_gt_mesh_z_hybrid_labels/3927921640719_0.json,/media/hdd2/ARCL_multicar_bags/camera_dataset/2026-05-18-v1-v4/rear/EPnPv2_gt_mesh_z_hybrid_labels/3927921640719_0.json,T_map_object_raw,T_camera_object_centered,4465.270435168121,167.86665933480208,15.565917183845396
image_3928020889408,1,2147,2776,0.15625,/media/hdd2/ARCL_multicar_bags/camera_dataset/2026-05-18-v1-v4/rear/EPnPv2_gt_mesh_z_hybrid_labels/3928020889408_0.json,/media/hdd2/ARCL_multicar_bags/camera_dataset/2026-05-18-v1-v4/rear/EPnPv2_gt_mesh_z_hybrid_labels/3928020889408_0.json,T_map_object_raw,T_camera_object_centered,6517.848098102742,167.6892402743092,16.655588738453492
image_3928122212144,1,2148,2777,0.1796875,/media/hdd2/ARCL_multicar_bags/camera_dataset/2026-05-18-v1-v4/rear/EPnPv2_gt_mesh_z_hybrid_labels/3928122212144_0.json,/media/hdd2/ARCL_multicar_bags/camera_dataset/2026-05-18-v1-v4/rear/EPnPv2_gt_mesh_z_hybrid_labels/3928122212144_0.json,T_map_object_raw,T_camera_object_centered,5604.580702713295,167.5316507424658,19.4282396949008
image_3929921272139,1,2165,2815,0.171875,/media/hdd2/ARCL_multicar_bags/camera_dataset/2026-05-18-v1-v4/rear/EPnPv2_gt_mesh_z_hybrid_labels/3929921272139_0.json,/media/hdd2/ARCL_multicar_bags/camera_dataset/2026-05-18-v1-v4/rear/EPnPv2_gt_mesh_z_hybrid_labels/3929921272139_0.json,T_map_object_raw,T_camera_object_centered,6098.516566448878,167.09990414274606,23.61448753531675
image_3930120672331,1,2166,2817,0.18359375,/media/hdd2/ARCL_multicar_bags/camera_dataset/2026-05-18-v1-v4/rear/EPnPv2_gt_mesh_z_hybrid_labels/3930120672331_0.json,/media/hdd2/ARCL_multicar_bags/camera_dataset/2026-05-18-v1-v4/rear/EPnPv2_gt_mesh_z_hybrid_labels/3930120672331_0.json,T_map_object_raw,T_camera_object_centered,3180.591722784907,167.83242674256726,18.407086183171923
image_3930222249095,1,2167,2821,0.16015625,/media/hdd2/ARCL_multicar_bags/camera_dataset/2026-05-18-v1-v4/rear/EPnPv2_gt_mesh_z_hybrid_labels/3930222249095_0.json,/media/hdd2/ARCL_multicar_bags/camera_dataset/2026-05-18-v1-v4/rear/EPnPv2_gt_mesh_z_hybrid_labels/3930222249095_0.json,T_map_object_raw,T_camera_object_centered,5747.543994951834,167.8780265966657,21.942634392973282
image_3930522559051,1,2170,2827,0.16796875,/media/hdd2/ARCL_multicar_bags/camera_dataset/2026-05-18-v1-v4/rear/EPnPv2_gt_mesh_z_hybrid_labels/3930522559051_0.json,/media/hdd2/ARCL_multicar_bags/camera_dataset/2026-05-18-v1-v4/rear/EPnPv2_gt_mesh_z_hybrid_labels/3930522559051_0.json,T_map_object_raw,T_camera_object_centered,5903.78187830003,168.0015437133884,18.598582088649625
image_3930621461677,1,2171,2829,0.1328125,/media/hdd2/ARCL_multicar_bags/camera_dataset/2026-05-18-v1-v4/rear/EPnPv2_gt_mesh_z_hybrid_labels/3930621461677_0.json,/media/hdd2/ARCL_multicar_bags/camera_dataset/2026-05-18-v1-v4/rear/EPnPv2_gt_mesh_z_hybrid_labels/3930621461677_0.json,T_map_object_raw,T_camera_object_centered,4001.6911610328125,167.26092085431296,20.942922079818036
image_3930721253909,1,2172,2831,0.14453125,/media/hdd2/ARCL_multicar_bags/camera_dataset/2026-05-18-v1-v4/rear/EPnPv2_gt_mesh_z_hybrid_labels/3930721253909_0.json,/media/hdd2/ARCL_multicar_bags/camera_dataset/2026-05-18-v1-v4/rear/EPnPv2_gt_mesh_z_hybrid_labels/3930721253909_0.json,T_map_object_raw,T_camera_object_centered,5145.767895621272,167.93918475157895,15.061281201299964
image_3930822952736,1,2173,2833,0.13671875,/media/hdd2/ARCL_multicar_bags/camera_dataset/2026-05-18-v1-v4/rear/EPnPv2_gt_mesh_z_hybrid_labels/3930822952736_0.json,/media/hdd2/ARCL_multicar_bags/camera_dataset/2026-05-18-v1-v4/rear/EPnPv2_gt_mesh_z_hybrid_labels/3930822952736_0.json,T_map_object_raw,T_camera_object_centered,7047.935837448433,167.92626819515297,17.15191359001088
image_3931248072976,1,2177,2844,0.1484375,/media/hdd2/ARCL_multicar_bags/camera_dataset/2026-05-18-v1-v4/rear/EPnPv2_gt_mesh_z_hybrid_labels/3931248072976_0.json,/media/hdd2/ARCL_multicar_bags/camera_dataset/2026-05-18-v1-v4/rear/EPnPv2_gt_mesh_z_hybrid_labels/3931248072976_0.json,T_map_object_raw,T_camera_object_centered,6372.1586303166505,168.20150581295505,21.540151361422065
image_3931622023256,1,2181,2852,0.18359375,/media/hdd2/ARCL_multicar_bags/camera_dataset/2026-05-18-v1-v4/rear/EPnPv2_gt_mesh_z_hybrid_labels/3931622023256_0.json,/media/hdd2/ARCL_multicar_bags/camera_dataset/2026-05-18-v1-v4/rear/EPnPv2_gt_mesh_z_hybrid_labels/3931622023256_0.json,T_map_object_raw,T_camera_object_centered,4948.3486344234,167.54400203683426,21.731443349058818
image_3931721430453,1,2182,2854,0.1796875,/media/hdd2/ARCL_multicar_bags/camera_dataset/2026-05-18-v1-v4/rear/EPnPv2_gt_mesh_z_hybrid_labels/3931721430453_0.json,/media/hdd2/ARCL_multicar_bags/camera_dataset/2026-05-18-v1-v4/rear/EPnPv2_gt_mesh_z_hybrid_labels/3931721430453_0.json,T_map_object_raw,T_camera_object_centered,6737.133652111064,168.45469675512697,14.818381741848201
image_3931721430453,1,2182,2854,0.1796875,/media/hdd2/ARCL_multicar_bags/camera_dataset/2026-05-18-v1-v4/rear/EPnPv2_gt_mesh_z_hybrid_labels/3931721430453_1.json,/media/hdd2/ARCL_multicar_bags/camera_dataset/2026-05-18-v1-v4/rear/EPnPv2_gt_mesh_z_hybrid_labels/3931721430453_1.json,T_map_object_raw,T_camera_object_centered,6737.133652111064,168.45469675512697,14.818381741848201
image_3931921735615,1,2184,2858,0.1328125,/media/hdd2/ARCL_multicar_bags/camera_dataset/2026-05-18-v1-v4/rear/EPnPv2_gt_mesh_z_hybrid_labels/3931921735615_0.json,/media/hdd2/ARCL_multicar_bags/camera_dataset/2026-05-18-v1-v4/rear/EPnPv2_gt_mesh_z_hybrid_labels/3931921735615_0.json,T_map_object_raw,T_camera_object_centered,4205.857653925279,168.4078979034153,22.15290699922386
image_3932021396639,1,2185,2860,0.1484375,/media/hdd2/ARCL_multicar_bags/camera_dataset/2026-05-18-v1-v4/rear/EPnPv2_gt_mesh_z_hybrid_labels/3932021396639_0.json,/media/hdd2/ARCL_multicar_bags/camera_dataset/2026-05-18-v1-v4/rear/EPnPv2_gt_mesh_z_hybrid_labels/3932021396639_0.json,T_map_object_raw,T_camera_object_centered,5906.047008500029,168.47090033768606,18.41918383070925
image_3932121906294,1,2186,2862,0.16015625,/media/hdd2/ARCL_multicar_bags/camera_dataset/2026-05-18-v1-v4/rear/EPnPv2_gt_mesh_z_hybrid_labels/3932121906294_0.json,/media/hdd2/ARCL_multicar_bags/camera_dataset/2026-05-18-v1-v4/rear/EPnPv2_gt_mesh_z_hybrid_labels/3932121906294_0.json,T_map_object_raw,T_camera_object_centered,4276.746545235705,168.16233949614582,17.71158479744427
image_3932321295198,1,2188,2868,0.1875,/media/hdd2/ARCL_multicar_bags/camera_dataset/2026-05-18-v1-v4/rear/EPnPv2_gt_mesh_z_hybrid_labels/3932321295198_0.json,/media/hdd2/ARCL_multicar_bags/camera_dataset/2026-05-18-v1-v4/rear/EPnPv2_gt_mesh_z_hybrid_labels/3932321295198_0.json,T_map_object_raw,T_camera_object_centered,6497.295959487311,168.19938867517277,18.246753660980307
image_3932522569075,1,2190,2872,0.14453125,/media/hdd2/ARCL_multicar_bags/camera_dataset/2026-05-18-v1-v4/rear/EPnPv2_gt_mesh_z_hybrid_labels/3932522569075_0.json,/media/hdd2/ARCL_multicar_bags/camera_dataset/2026-05-18-v1-v4/rear/EPnPv2_gt_mesh_z_hybrid_labels/3932522569075_0.json,T_map_object_raw,T_camera_object_centered,3751.678642831056,167.3640918988945,20.61968215588878
image_3933021608774,1,2193,2878,0.15625,/media/hdd2/ARCL_multicar_bags/camera_dataset/2026-05-18-v1-v4/rear/EPnPv2_gt_mesh_z_hybrid_labels/3933021608774_0.json,/media/hdd2/ARCL_multicar_bags/camera_dataset/2026-05-18-v1-v4/rear/EPnPv2_gt_mesh_z_hybrid_labels/3933021608774_0.json,T_map_object_raw,T_camera_object_centered,5153.023944793418,167.87473144390123,18.048166365509857
image_3933920998414,1,2200,2893,0.18359375,/media/hdd2/ARCL_multicar_bags/camera_dataset/2026-05-18-v1-v4/rear/EPnPv2_gt_mesh_z_hybrid_labels/3933920998414_0.json,/media/hdd2/ARCL_multicar_bags/camera_dataset/2026-05-18-v1-v4/rear/EPnPv2_gt_mesh_z_hybrid_labels/3933920998414_0.json,T_map_object_raw,T_camera_object_centered,4758.676947714318,167.53094466059017,20.700748022923285
image_3934121830400,1,2202,2897,0.1484375,/media/hdd2/ARCL_multicar_bags/camera_dataset/2026-05-18-v1-v4/rear/EPnPv2_gt_mesh_z_hybrid_labels/3934121830400_0.json,/media/hdd2/ARCL_multicar_bags/camera_dataset/2026-05-18-v1-v4/rear/EPnPv2_gt_mesh_z_hybrid_labels/3934121830400_0.json,T_map_object_raw,T_camera_object_centered,5528.299606418103,167.4817380463716,18.501312566110098
image_3935321911615,1,2214,2923,0.140625,/media/hdd2/ARCL_multicar_bags/camera_dataset/2026-05-18-v1-v4/rear/EPnPv2_gt_mesh_z_hybrid_labels/3935321911615_0.json,/media/hdd2/ARCL_multicar_bags/camera_dataset/2026-05-18-v1-v4/rear/EPnPv2_gt_mesh_z_hybrid_labels/3935321911615_0.json,T_map_object_raw,T_camera_object_centered,2433.493587643421,166.81772769921247,17.775796965529
image_3936020398461,1,2220,2936,0.15234375,/media/hdd2/ARCL_multicar_bags/camera_dataset/2026-05-18-v1-v4/rear/EPnPv2_gt_mesh_z_hybrid_labels/3936020398461_0.json,/media/hdd2/ARCL_multicar_bags/camera_dataset/2026-05-18-v1-v4/rear/EPnPv2_gt_mesh_z_hybrid_labels/3936020398461_0.json,T_map_object_raw,T_camera_object_centered,3872.331233861652,167.78026046732822,17.71585758223333
image_3937522618893,1,2234,2956,0.17578125,/media/hdd2/ARCL_multicar_bags/camera_dataset/2026-05-18-v1-v4/rear/EPnPv2_gt_mesh_z_hybrid_labels/3937522618893_0.json,/media/hdd2/ARCL_multicar_bags/camera_dataset/2026-05-18-v1-v4/rear/EPnPv2_gt_mesh_z_hybrid_labels/3937522618893_0.json,T_map_object_raw,T_camera_object_centered,7488.243839864708,169.92285381588104,16.00961097393998
image_3937821270415,1,2237,2961,0.1640625,/media/hdd2/ARCL_multicar_bags/camera_dataset/2026-05-18-v1-v4/rear/EPnPv2_gt_mesh_z_hybrid_labels/3937821270415_0.json,/media/hdd2/ARCL_multicar_bags/camera_dataset/2026-05-18-v1-v4/rear/EPnPv2_gt_mesh_z_hybrid_labels/3937821270415_0.json,T_map_object_raw,T_camera_object_centered,6241.652070088737,170.36355425253262,17.417596926743418
image_3937821270415,1,2237,2961,0.1640625,/media/hdd2/ARCL_multicar_bags/camera_dataset/2026-05-18-v1-v4/rear/EPnPv2_gt_mesh_z_hybrid_labels/3937821270415_1.json,/media/hdd2/ARCL_multicar_bags/camera_dataset/2026-05-18-v1-v4/rear/EPnPv2_gt_mesh_z_hybrid_labels/3937821270415_1.json,T_map_object_raw,T_camera_object_centered,6241.652070088737,170.36355425253262,17.417596926743418
image_3937921371542,1,2238,2962,0.15234375,/media/hdd2/ARCL_multicar_bags/camera_dataset/2026-05-18-v1-v4/rear/EPnPv2_gt_mesh_z_hybrid_labels/3937921371542_0.json,/media/hdd2/ARCL_multicar_bags/camera_dataset/2026-05-18-v1-v4/rear/EPnPv2_gt_mesh_z_hybrid_labels/3937921371542_0.json,T_map_object_raw,T_camera_object_centered,3539.817956151572,170.65561885369837,22.741704611058204
image_3938021866952,1,2239,2963,0.1796875,/media/hdd2/ARCL_multicar_bags/camera_dataset/2026-05-18-v1-v4/rear/EPnPv2_gt_mesh_z_hybrid_labels/3938021866952_0.json,/media/hdd2/ARCL_multicar_bags/camera_dataset/2026-05-18-v1-v4/rear/EPnPv2_gt_mesh_z_hybrid_labels/3938021866952_0.json,T_map_object_raw,T_camera_object_centered,3587.498546464598,170.78800150671162,15.314046749947833
image_3938727826607,1,2246,2970,0.140625,/media/hdd2/ARCL_multicar_bags/camera_dataset/2026-05-18-v1-v4/rear/EPnPv2_gt_mesh_z_hybrid_labels/3938727826607_0.json,/media/hdd2/ARCL_multicar_bags/camera_dataset/2026-05-18-v1-v4/rear/EPnPv2_gt_mesh_z_hybrid_labels/3938727826607_0.json,T_map_object_raw,T_camera_object_centered,1439.0252623598008,173.50075997932112,19.073216539401784
image_3941321802949,1,2268,3033,0.1796875,/media/hdd2/ARCL_multicar_bags/camera_dataset/2026-05-18-v1-v4/rear/EPnPv2_gt_mesh_z_hybrid_labels/3941321802949_0.json,/media/hdd2/ARCL_multicar_bags/camera_dataset/2026-05-18-v1-v4/rear/EPnPv2_gt_mesh_z_hybrid_labels/3941321802949_0.json,T_map_object_raw,T_camera_object_centered,3125.046357370226,177.12339571682404,23.359265740376024
image_3941921553259,1,2273,3048,0.15625,/media/hdd2/ARCL_multicar_bags/camera_dataset/2026-05-18-v1-v4/rear/EPnPv2_gt_mesh_z_hybrid_labels/3941921553259_0.json,/media/hdd2/ARCL_multicar_bags/camera_dataset/2026-05-18-v1-v4/rear/EPnPv2_gt_mesh_z_hybrid_labels/3941921553259_0.json,T_map_object_raw,T_camera_object_centered,6319.292802402015,165.70758119123852,16.173141365704556
image_3941921553259,1,2273,3048,0.15625,/media/hdd2/ARCL_multicar_bags/camera_dataset/2026-05-18-v1-v4/rear/EPnPv2_gt_mesh_z_hybrid_labels/3941921553259_1.json,/media/hdd2/ARCL_multicar_bags/camera_dataset/2026-05-18-v1-v4/rear/EPnPv2_gt_mesh_z_hybrid_labels/3941921553259_1.json,T_map_object_raw,T_camera_object_centered,6319.292802402015,165.70758119123852,16.173141365704556
image_3943722964321,1,2289,3086,0.1484375,/media/hdd2/ARCL_multicar_bags/camera_dataset/2026-05-18-v1-v4/rear/EPnPv2_gt_mesh_z_hybrid_labels/3943722964321_0.json,/media/hdd2/ARCL_multicar_bags/camera_dataset/2026-05-18-v1-v4/rear/EPnPv2_gt_mesh_z_hybrid_labels/3943722964321_0.json,T_map_object_raw,T_camera_object_centered,4767.394064567483,166.69797456066973,15.518276815507742
image_3944120982802,1,2293,3094,0.140625,/media/hdd2/ARCL_multicar_bags/camera_dataset/2026-05-18-v1-v4/rear/EPnPv2_gt_mesh_z_hybrid_labels/3944120982802_0.json,/media/hdd2/ARCL_multicar_bags/camera_dataset/2026-05-18-v1-v4/rear/EPnPv2_gt_mesh_z_hybrid_labels/3944120982802_0.json,T_map_object_raw,T_camera_object_centered,6974.873195341606,166.83813316709464,19.03380072636125
image_3944120982802,1,2293,3094,0.140625,/media/hdd2/ARCL_multicar_bags/camera_dataset/2026-05-18-v1-v4/rear/EPnPv2_gt_mesh_z_hybrid_labels/3944120982802_1.json,/media/hdd2/ARCL_multicar_bags/camera_dataset/2026-05-18-v1-v4/rear/EPnPv2_gt_mesh_z_hybrid_labels/3944120982802_1.json,T_map_object_raw,T_camera_object_centered,6974.873195341606,166.83813316709464,19.03380072636125
image_3944320923559,1,2295,3098,0.1640625,/media/hdd2/ARCL_multicar_bags/camera_dataset/2026-05-18-v1-v4/rear/EPnPv2_gt_mesh_z_hybrid_labels/3944320923559_0.json,/media/hdd2/ARCL_multicar_bags/camera_dataset/2026-05-18-v1-v4/rear/EPnPv2_gt_mesh_z_hybrid_labels/3944320923559_0.json,T_map_object_raw,T_camera_object_centered,7346.700201286529,174.84966140632176,6.818715127417726
image_3944320923559,1,2295,3098,0.1640625,/media/hdd2/ARCL_multicar_bags/camera_dataset/2026-05-18-v1-v4/rear/EPnPv2_gt_mesh_z_hybrid_labels/3944320923559_1.json,/media/hdd2/ARCL_multicar_bags/camera_dataset/2026-05-18-v1-v4/rear/EPnPv2_gt_mesh_z_hybrid_labels/3944320923559_1.json,T_map_object_raw,T_camera_object_centered,7346.700201286529,174.84966140632176,6.818715127417726
image_3944621804057,1,2297,3103,0.1875,/media/hdd2/ARCL_multicar_bags/camera_dataset/2026-05-18-v1-v4/rear/EPnPv2_gt_mesh_z_hybrid_labels/3944621804057_0.json,/media/hdd2/ARCL_multicar_bags/camera_dataset/2026-05-18-v1-v4/rear/EPnPv2_gt_mesh_z_hybrid_labels/3944621804057_0.json,T_map_object_raw,T_camera_object_centered,7741.427671022906,175.27265183263123,4.9638324866459165
image_3944921959646,1,2299,3107,0.15625,/media/hdd2/ARCL_multicar_bags/camera_dataset/2026-05-18-v1-v4/rear/EPnPv2_gt_mesh_z_hybrid_labels/3944921959646_0.json,/media/hdd2/ARCL_multicar_bags/camera_dataset/2026-05-18-v1-v4/rear/EPnPv2_gt_mesh_z_hybrid_labels/3944921959646_0.json,T_map_object_raw,T_camera_object_centered,4497.230284815429,167.18872881975122,21.895341938721174
image_3944921959646,1,2299,3107,0.15625,/media/hdd2/ARCL_multicar_bags/camera_dataset/2026-05-18-v1-v4/rear/EPnPv2_gt_mesh_z_hybrid_labels/3944921959646_1.json,/media/hdd2/ARCL_multicar_bags/camera_dataset/2026-05-18-v1-v4/rear/EPnPv2_gt_mesh_z_hybrid_labels/3944921959646_1.json,T_map_object_raw,T_camera_object_centered,4615.979094683043,167.19053333997616,22.020680615959268
image_3945120971478,1,2300,3109,0.15625,/media/hdd2/ARCL_multicar_bags/camera_dataset/2026-05-18-v1-v4/rear/EPnPv2_gt_mesh_z_hybrid_labels/3945120971478_0.json,/media/hdd2/ARCL_multicar_bags/camera_dataset/2026-05-18-v1-v4/rear/EPnPv2_gt_mesh_z_hybrid_labels/3945120971478_0.json,T_map_object_raw,T_camera_object_centered,6231.152136200013,167.14594539009727,17.353042451042544
image_3945221241114,1,2301,3111,0.16796875,/media/hdd2/ARCL_multicar_bags/camera_dataset/2026-05-18-v1-v4/rear/EPnPv2_gt_mesh_z_hybrid_labels/3945221241114_0.json,/media/hdd2/ARCL_multicar_bags/camera_dataset/2026-05-18-v1-v4/rear/EPnPv2_gt_mesh_z_hybrid_labels/3945221241114_0.json,T_map_object_raw,T_camera_object_centered,4345.75727271427,167.16369707410064,19.104758031884835
image_3945221241114,1,2301,3111,0.16796875,/media/hdd2/ARCL_multicar_bags/camera_dataset/2026-05-18-v1-v4/rear/EPnPv2_gt_mesh_z_hybrid_labels/3945221241114_1.json,/media/hdd2/ARCL_multicar_bags/camera_dataset/2026-05-18-v1-v4/rear/EPnPv2_gt_mesh_z_hybrid_labels/3945221241114_1.json,T_map_object_raw,T_camera_object_centered,4345.75727271427,167.16369707410064,19.104758031884835
image_3945321582156,1,2302,3113,0.15234375,/media/hdd2/ARCL_multicar_bags/camera_dataset/2026-05-18-v1-v4/rear/EPnPv2_gt_mesh_z_hybrid_labels/3945321582156_0.json,/media/hdd2/ARCL_multicar_bags/camera_dataset/2026-05-18-v1-v4/rear/EPnPv2_gt_mesh_z_hybrid_labels/3945321582156_0.json,T_map_object_raw,T_camera_object_centered,3920.65429187297,167.1532714224765,22.251965116477248
image_3945321582156,1,2302,3113,0.15234375,/media/hdd2/ARCL_multicar_bags/camera_dataset/2026-05-18-v1-v4/rear/EPnPv2_gt_mesh_z_hybrid_labels/3945321582156_1.json,/media/hdd2/ARCL_multicar_bags/camera_dataset/2026-05-18-v1-v4/rear/EPnPv2_gt_mesh_z_hybrid_labels/3945321582156_1.json,T_map_object_raw,T_camera_object_centered,3920.65429187297,167.1532714224765,22.251965116477248
image_3945522868492,1,2303,3115,0.1484375,/media/hdd2/ARCL_multicar_bags/camera_dataset/2026-05-18-v1-v4/rear/EPnPv2_gt_mesh_z_hybrid_labels/3945522868492_0.json,/media/hdd2/ARCL_multicar_bags/camera_dataset/2026-05-18-v1-v4/rear/EPnPv2_gt_mesh_z_hybrid_labels/3945522868492_0.json,T_map_object_raw,T_camera_object_centered,5382.106417395318,167.1089965183113,17.880492108353433
image_3945522868492,1,2303,3115,0.1484375,/media/hdd2/ARCL_multicar_bags/camera_dataset/2026-05-18-v1-v4/rear/EPnPv2_gt_mesh_z_hybrid_labels/3945522868492_1.json,/media/hdd2/ARCL_multicar_bags/camera_dataset/2026-05-18-v1-v4/rear/EPnPv2_gt_mesh_z_hybrid_labels/3945522868492_1.json,T_map_object_raw,T_camera_object_centered,5382.106417395318,167.1089965183113,17.880492108353433
image_3945631754780,1,2304,3117,0.1796875,/media/hdd2/ARCL_multicar_bags/camera_dataset/2026-05-18-v1-v4/rear/EPnPv2_gt_mesh_z_hybrid_labels/3945631754780_0.json,/media/hdd2/ARCL_multicar_bags/camera_dataset/2026-05-18-v1-v4/rear/EPnPv2_gt_mesh_z_hybrid_labels/3945631754780_0.json,T_map_object_raw,T_camera_object_centered,5234.0164030683,167.03856833443473,21.083161390205788
image_3945720617188,1,2305,3119,0.17578125,/media/hdd2/ARCL_multicar_bags/camera_dataset/2026-05-18-v1-v4/rear/EPnPv2_gt_mesh_z_hybrid_labels/3945720617188_0.json,/media/hdd2/ARCL_multicar_bags/camera_dataset/2026-05-18-v1-v4/rear/EPnPv2_gt_mesh_z_hybrid_labels/3945720617188_0.json,T_map_object_raw,T_camera_object_centered,4626.884898085761,175.8590453441307,4.922983233890219
image_3945720617188,1,2305,3119,0.17578125,/media/hdd2/ARCL_multicar_bags/camera_dataset/2026-05-18-v1-v4/rear/EPnPv2_gt_mesh_z_hybrid_labels/3945720617188_1.json,/media/hdd2/ARCL_multicar_bags/camera_dataset/2026-05-18-v1-v4/rear/EPnPv2_gt_mesh_z_hybrid_labels/3945720617188_1.json,T_map_object_raw,T_camera_object_centered,4626.884898085761,175.8590453441307,4.922983233890219
image_3945820563772,1,2306,3121,0.16796875,/media/hdd2/ARCL_multicar_bags/camera_dataset/2026-05-18-v1-v4/rear/EPnPv2_gt_mesh_z_hybrid_labels/3945820563772_0.json,/media/hdd2/ARCL_multicar_bags/camera_dataset/2026-05-18-v1-v4/rear/EPnPv2_gt_mesh_z_hybrid_labels/3945820563772_0.json,T_map_object_raw,T_camera_object_centered,6518.158360412945,175.8119685910985,15.052335829777515
image_3945820563772,1,2306,3121,0.16796875,/media/hdd2/ARCL_multicar_bags/camera_dataset/2026-05-18-v1-v4/rear/EPnPv2_gt_mesh_z_hybrid_labels/3945820563772_1.json,/media/hdd2/ARCL_multicar_bags/camera_dataset/2026-05-18-v1-v4/rear/EPnPv2_gt_mesh_z_hybrid_labels/3945820563772_1.json,T_map_object_raw,T_camera_object_centered,6518.158360412945,175.8119685910985,15.052335829777515
image_3945935753121,1,2307,3125,0.1796875,/media/hdd2/ARCL_multicar_bags/camera_dataset/2026-05-18-v1-v4/rear/EPnPv2_gt_mesh_z_hybrid_labels/3945935753121_0.json,/media/hdd2/ARCL_multicar_bags/camera_dataset/2026-05-18-v1-v4/rear/EPnPv2_gt_mesh_z_hybrid_labels/3945935753121_0.json,T_map_object_raw,T_camera_object_centered,4097.889109652033,166.95451532452233,17.04062370596957
image_3945935753121,1,2307,3125,0.1796875,/media/hdd2/ARCL_multicar_bags/camera_dataset/2026-05-18-v1-v4/rear/EPnPv2_gt_mesh_z_hybrid_labels/3945935753121_1.json,/media/hdd2/ARCL_multicar_bags/camera_dataset/2026-05-18-v1-v4/rear/EPnPv2_gt_mesh_z_hybrid_labels/3945935753121_1.json,T_map_object_raw,T_camera_object_centered,4097.889109652033,166.95451532452233,17.04062370596957
image_3946021415215,1,2308,3127,0.171875,/media/hdd2/ARCL_multicar_bags/camera_dataset/2026-05-18-v1-v4/rear/EPnPv2_gt_mesh_z_hybrid_labels/3946021415215_0.json,/media/hdd2/ARCL_multicar_bags/camera_dataset/2026-05-18-v1-v4/rear/EPnPv2_gt_mesh_z_hybrid_labels/3946021415215_0.json,T_map_object_raw,T_camera_object_centered,7660.567522236292,175.88021658269082,10.565086693516102
image_3946121882177,1,2309,3129,0.1640625,/media/hdd2/ARCL_multicar_bags/camera_dataset/2026-05-18-v1-v4/rear/EPnPv2_gt_mesh_z_hybrid_labels/3946121882177_0.json,/media/hdd2/ARCL_multicar_bags/camera_dataset/2026-05-18-v1-v4/rear/EPnPv2_gt_mesh_z_hybrid_labels/3946121882177_0.json,T_map_object_raw,T_camera_object_centered,7670.514841830997,175.85184222260511,10.488554350677871
image_3946121882177,1,2309,3129,0.1640625,/media/hdd2/ARCL_multicar_bags/camera_dataset/2026-05-18-v1-v4/rear/EPnPv2_gt_mesh_z_hybrid_labels/3946121882177_1.json,/media/hdd2/ARCL_multicar_bags/camera_dataset/2026-05-18-v1-v4/rear/EPnPv2_gt_mesh_z_hybrid_labels/3946121882177_1.json,T_map_object_raw,T_camera_object_centered,7670.514841830997,175.85184222260511,10.488554350677871
image_3946320632485,1,2310,3131,0.1484375,/media/hdd2/ARCL_multicar_bags/camera_dataset/2026-05-18-v1-v4/rear/EPnPv2_gt_mesh_z_hybrid_labels/3946320632485_0.json,/media/hdd2/ARCL_multicar_bags/camera_dataset/2026-05-18-v1-v4/rear/EPnPv2_gt_mesh_z_hybrid_labels/3946320632485_0.json,T_map_object_raw,T_camera_object_centered,6119.955579996286,167.03624904979952,15.017281314853163
image_3946320632485,1,2310,3131,0.1484375,/media/hdd2/ARCL_multicar_bags/camera_dataset/2026-05-18-v1-v4/rear/EPnPv2_gt_mesh_z_hybrid_labels/3946320632485_1.json,/media/hdd2/ARCL_multicar_bags/camera_dataset/2026-05-18-v1-v4/rear/EPnPv2_gt_mesh_z_hybrid_labels/3946320632485_1.json,T_map_object_raw,T_camera_object_centered,6119.955579996286,167.03624904979952,15.017281314853163
image_3946423098634,1,2311,3133,0.16015625,/media/hdd2/ARCL_multicar_bags/camera_dataset/2026-05-18-v1-v4/rear/EPnPv2_gt_mesh_z_hybrid_labels/3946423098634_0.json,/media/hdd2/ARCL_multicar_bags/camera_dataset/2026-05-18-v1-v4/rear/EPnPv2_gt_mesh_z_hybrid_labels/3946423098634_0.json,T_map_object_raw,T_camera_object_centered,8603.252325344303,174.60167352907587,10.870474044355138
image_3946521887081,1,2312,3135,0.15625,/media/hdd2/ARCL_multicar_bags/camera_dataset/2026-05-18-v1-v4/rear/EPnPv2_gt_mesh_z_hybrid_labels/3946521887081_0.json,/media/hdd2/ARCL_multicar_bags/camera_dataset/2026-05-18-v1-v4/rear/EPnPv2_gt_mesh_z_hybrid_labels/3946521887081_0.json,T_map_object_raw,T_camera_object_centered,6520.362600114723,167.1606144948185,17.54604804108121
image_3946521887081,1,2312,3135,0.15625,/media/hdd2/ARCL_multicar_bags/camera_dataset/2026-05-18-v1-v4/rear/EPnPv2_gt_mesh_z_hybrid_labels/3946521887081_1.json,/media/hdd2/ARCL_multicar_bags/camera_dataset/2026-05-18-v1-v4/rear/EPnPv2_gt_mesh_z_hybrid_labels/3946521887081_1.json,T_map_object_raw,T_camera_object_centered,6520.362600114723,167.1606144948185,17.54604804108121
image_3946621929050,1,2313,3137,0.18359375,/media/hdd2/ARCL_multicar_bags/camera_dataset/2026-05-18-v1-v4/rear/EPnPv2_gt_mesh_z_hybrid_labels/3946621929050_0.json,/media/hdd2/ARCL_multicar_bags/camera_dataset/2026-05-18-v1-v4/rear/EPnPv2_gt_mesh_z_hybrid_labels/3946621929050_0.json,T_map_object_raw,T_camera_object_centered,3705.689491198627,167.17643217623603,16.206014045637872
image_3946621929050,1,2313,3137,0.18359375,/media/hdd2/ARCL_multicar_bags/camera_dataset/2026-05-18-v1-v4/rear/EPnPv2_gt_mesh_z_hybrid_labels/3946621929050_1.json,/media/hdd2/ARCL_multicar_bags/camera_dataset/2026-05-18-v1-v4/rear/EPnPv2_gt_mesh_z_hybrid_labels/3946621929050_1.json,T_map_object_raw,T_camera_object_centered,3705.689491198627,167.17643217623603,16.206014045637872
image_3946921297421,1,2315,3141,0.15625,/media/hdd2/ARCL_multicar_bags/camera_dataset/2026-05-18-v1-v4/rear/EPnPv2_gt_mesh_z_hybrid_labels/3946921297421_0.json,/media/hdd2/ARCL_multicar_bags/camera_dataset/2026-05-18-v1-v4/rear/EPnPv2_gt_mesh_z_hybrid_labels/3946921297421_0.json,T_map_object_raw,T_camera_object_centered,6751.339997315202,174.67770382683466,4.926064552789988
image_3946921297421,1,2315,3141,0.15625,/media/hdd2/ARCL_multicar_bags/camera_dataset/2026-05-18-v1-v4/rear/EPnPv2_gt_mesh_z_hybrid_labels/3946921297421_1.json,/media/hdd2/ARCL_multicar_bags/camera_dataset/2026-05-18-v1-v4/rear/EPnPv2_gt_mesh_z_hybrid_labels/3946921297421_1.json,T_map_object_raw,T_camera_object_centered,6751.339997315202,174.67770382683466,4.926064552789988
image_3947021266132,1,2316,3143,0.19140625,/media/hdd2/ARCL_multicar_bags/camera_dataset/2026-05-18-v1-v4/rear/EPnPv2_gt_mesh_z_hybrid_labels/3947021266132_0.json,/media/hdd2/ARCL_multicar_bags/camera_dataset/2026-05-18-v1-v4/rear/EPnPv2_gt_mesh_z_hybrid_labels/3947021266132_0.json,T_map_object_raw,T_camera_object_centered,7967.105396558259,176.20766129372925,17.068955261713523
image_3947021266132,1,2316,3143,0.19140625,/media/hdd2/ARCL_multicar_bags/camera_dataset/2026-05-18-v1-v4/rear/EPnPv2_gt_mesh_z_hybrid_labels/3947021266132_1.json,/media/hdd2/ARCL_multicar_bags/camera_dataset/2026-05-18-v1-v4/rear/EPnPv2_gt_mesh_z_hybrid_labels/3947021266132_1.json,T_map_object_raw,T_camera_object_centered,7967.105396558259,176.20766129372925,17.068955261713523
image_3947130059972,1,2317,3146,0.140625,/media/hdd2/ARCL_multicar_bags/camera_dataset/2026-05-18-v1-v4/rear/EPnPv2_gt_mesh_z_hybrid_labels/3947130059972_0.json,/media/hdd2/ARCL_multicar_bags/camera_dataset/2026-05-18-v1-v4/rear/EPnPv2_gt_mesh_z_hybrid_labels/3947130059972_0.json,T_map_object_raw,T_camera_object_centered,9001.484509476804,176.15985790835043,12.086357454727857
image_3947130059972,1,2317,3146,0.140625,/media/hdd2/ARCL_multicar_bags/camera_dataset/2026-05-18-v1-v4/rear/EPnPv2_gt_mesh_z_hybrid_labels/3947130059972_1.json,/media/hdd2/ARCL_multicar_bags/camera_dataset/2026-05-18-v1-v4/rear/EPnPv2_gt_mesh_z_hybrid_labels/3947130059972_1.json,T_map_object_raw,T_camera_object_centered,9001.484509476804,176.15985790835043,12.086357454727857
image_3947220705491,1,2318,3148,0.1640625,/media/hdd2/ARCL_multicar_bags/camera_dataset/2026-05-18-v1-v4/rear/EPnPv2_gt_mesh_z_hybrid_labels/3947220705491_0.json,/media/hdd2/ARCL_multicar_bags/camera_dataset/2026-05-18-v1-v4/rear/EPnPv2_gt_mesh_z_hybrid_labels/3947220705491_0.json,T_map_object_raw,T_camera_object_centered,6763.297889546028,167.2650200137304,17.397647525165034
image_3947220705491,1,2318,3148,0.1640625,/media/hdd2/ARCL_multicar_bags/camera_dataset/2026-05-18-v1-v4/rear/EPnPv2_gt_mesh_z_hybrid_labels/3947220705491_1.json,/media/hdd2/ARCL_multicar_bags/camera_dataset/2026-05-18-v1-v4/rear/EPnPv2_gt_mesh_z_hybrid_labels/3947220705491_1.json,T_map_object_raw,T_camera_object_centered,6763.297889546028,167.2650200137304,17.397647525165034
image_3947321761559,1,2319,3150,0.16796875,/media/hdd2/ARCL_multicar_bags/camera_dataset/2026-05-18-v1-v4/rear/EPnPv2_gt_mesh_z_hybrid_labels/3947321761559_0.json,/media/hdd2/ARCL_multicar_bags/camera_dataset/2026-05-18-v1-v4/rear/EPnPv2_gt_mesh_z_hybrid_labels/3947321761559_0.json,T_map_object_raw,T_camera_object_centered,4786.2292001266605,167.29261927553628,13.517197518686725
image_3947421333388,1,2320,3153,0.07421875,/media/hdd2/ARCL_multicar_bags/camera_dataset/2026-05-18-v1-v4/rear/EPnPv2_gt_mesh_z_hybrid_labels/3947421333388_0.json,/media/hdd2/ARCL_multicar_bags/camera_dataset/2026-05-18-v1-v4/rear/EPnPv2_gt_mesh_z_hybrid_labels/3947421333388_0.json,T_map_object_raw,T_camera_object_centered,6908.064929557349,167.1133999805193,20.151895745676224
image_3947421333388,1,2320,3153,0.07421875,/media/hdd2/ARCL_multicar_bags/camera_dataset/2026-05-18-v1-v4/rear/EPnPv2_gt_mesh_z_hybrid_labels/3947421333388_1.json,/media/hdd2/ARCL_multicar_bags/camera_dataset/2026-05-18-v1-v4/rear/EPnPv2_gt_mesh_z_hybrid_labels/3947421333388_1.json,T_map_object_raw,T_camera_object_centered,6908.064929557349,167.1133999805193,20.151895745676224
image_3948021154824,1,2326,3164,0.1171875,/media/hdd2/ARCL_multicar_bags/camera_dataset/2026-05-18-v1-v4/rear/EPnPv2_gt_mesh_z_hybrid_labels/3948021154824_0.json,/media/hdd2/ARCL_multicar_bags/camera_dataset/2026-05-18-v1-v4/rear/EPnPv2_gt_mesh_z_hybrid_labels/3948021154824_0.json,T_map_object_raw,T_camera_object_centered,8558.52876931883,174.85652041180273,19.125980081857783
image_3948021154824,1,2326,3164,0.1171875,/media/hdd2/ARCL_multicar_bags/camera_dataset/2026-05-18-v1-v4/rear/EPnPv2_gt_mesh_z_hybrid_labels/3948021154824_1.json,/media/hdd2/ARCL_multicar_bags/camera_dataset/2026-05-18-v1-v4/rear/EPnPv2_gt_mesh_z_hybrid_labels/3948021154824_1.json,T_map_object_raw,T_camera_object_centered,8558.52876931883,174.85652041180273,19.125980081857783
image_3948120909416,1,2327,3168,0.140625,/media/hdd2/ARCL_multicar_bags/camera_dataset/2026-05-18-v1-v4/rear/EPnPv2_gt_mesh_z_hybrid_labels/3948120909416_0.json,/media/hdd2/ARCL_multicar_bags/camera_dataset/2026-05-18-v1-v4/rear/EPnPv2_gt_mesh_z_hybrid_labels/3948120909416_0.json,T_map_object_raw,T_camera_object_centered,8165.191917839898,166.7453963597281,18.55736326751202
image_3948120909416,1,2327,3168,0.140625,/media/hdd2/ARCL_multicar_bags/camera_dataset/2026-05-18-v1-v4/rear/EPnPv2_gt_mesh_z_hybrid_labels/3948120909416_1.json,/media/hdd2/ARCL_multicar_bags/camera_dataset/2026-05-18-v1-v4/rear/EPnPv2_gt_mesh_z_hybrid_labels/3948120909416_1.json,T_map_object_raw,T_camera_object_centered,8165.191917839898,166.7453963597281,18.55736326751202
image_3948322591973,1,2329,3172,0.1328125,/media/hdd2/ARCL_multicar_bags/camera_dataset/2026-05-18-v1-v4/rear/EPnPv2_gt_mesh_z_hybrid_labels/3948322591973_0.json,/media/hdd2/ARCL_multicar_bags/camera_dataset/2026-05-18-v1-v4/rear/EPnPv2_gt_mesh_z_hybrid_labels/3948322591973_0.json,T_map_object_raw,T_camera_object_centered,8598.56832275957,166.72153822508076,16.77798176185118
image_3948322591973,1,2329,3172,0.1328125,/media/hdd2/ARCL_multicar_bags/camera_dataset/2026-05-18-v1-v4/rear/EPnPv2_gt_mesh_z_hybrid_labels/3948322591973_1.json,/media/hdd2/ARCL_multicar_bags/camera_dataset/2026-05-18-v1-v4/rear/EPnPv2_gt_mesh_z_hybrid_labels/3948322591973_1.json,T_map_object_raw,T_camera_object_centered,8598.56832275957,166.72153822508076,16.77798176185118
image_3948621103031,1,2331,3176,0.1875,/media/hdd2/ARCL_multicar_bags/camera_dataset/2026-05-18-v1-v4/rear/EPnPv2_gt_mesh_z_hybrid_labels/3948621103031_0.json,/media/hdd2/ARCL_multicar_bags/camera_dataset/2026-05-18-v1-v4/rear/EPnPv2_gt_mesh_z_hybrid_labels/3948621103031_0.json,T_map_object_raw,T_camera_object_centered,6545.5007445828915,175.32361444052592,16.469840235632265
image_3948723440055,1,2332,3178,0.15234375,/media/hdd2/ARCL_multicar_bags/camera_dataset/2026-05-18-v1-v4/rear/EPnPv2_gt_mesh_z_hybrid_labels/3948723440055_0.json,/media/hdd2/ARCL_multicar_bags/camera_dataset/2026-05-18-v1-v4/rear/EPnPv2_gt_mesh_z_hybrid_labels/3948723440055_0.json,T_map_object_raw,T_camera_object_centered,4655.2084404555,166.41295139390257,15.062189315194434
image_3948723440055,1,2332,3178,0.15234375,/media/hdd2/ARCL_multicar_bags/camera_dataset/2026-05-18-v1-v4/rear/EPnPv2_gt_mesh_z_hybrid_labels/3948723440055_1.json,/media/hdd2/ARCL_multicar_bags/camera_dataset/2026-05-18-v1-v4/rear/EPnPv2_gt_mesh_z_hybrid_labels/3948723440055_1.json,T_map_object_raw,T_camera_object_centered,4655.2084404555,166.41295139390257,15.062189315194434
image_3948820314628,1,2333,3180,0.17578125,/media/hdd2/ARCL_multicar_bags/camera_dataset/2026-05-18-v1-v4/rear/EPnPv2_gt_mesh_z_hybrid_labels/3948820314628_0.json,/media/hdd2/ARCL_multicar_bags/camera_dataset/2026-05-18-v1-v4/rear/EPnPv2_gt_mesh_z_hybrid_labels/3948820314628_0.json,T_map_object_raw,T_camera_object_centered,6706.898239563878,174.64247589700716,6.137731643671228
image_3948820314628,1,2333,3180,0.17578125,/media/hdd2/ARCL_multicar_bags/camera_dataset/2026-05-18-v1-v4/rear/EPnPv2_gt_mesh_z_hybrid_labels/3948820314628_1.json,/media/hdd2/ARCL_multicar_bags/camera_dataset/2026-05-18-v1-v4/rear/EPnPv2_gt_mesh_z_hybrid_labels/3948820314628_1.json,T_map_object_raw,T_camera_object_centered,6706.898239563878,174.64247589700716,6.137731643671228
image_3948923176809,1,2334,3182,0.16015625,/media/hdd2/ARCL_multicar_bags/camera_dataset/2026-05-18-v1-v4/rear/EPnPv2_gt_mesh_z_hybrid_labels/3948923176809_0.json,/media/hdd2/ARCL_multicar_bags/camera_dataset/2026-05-18-v1-v4/rear/EPnPv2_gt_mesh_z_hybrid_labels/3948923176809_0.json,T_map_object_raw,T_camera_object_centered,6207.485556250247,166.16632098206597,19.393599936698227
image_3949023005226,1,2335,3184,0.17578125,/media/hdd2/ARCL_multicar_bags/camera_dataset/2026-05-18-v1-v4/rear/EPnPv2_gt_mesh_z_hybrid_labels/3949023005226_0.json,/media/hdd2/ARCL_multicar_bags/camera_dataset/2026-05-18-v1-v4/rear/EPnPv2_gt_mesh_z_hybrid_labels/3949023005226_0.json,T_map_object_raw,T_camera_object_centered,7772.203809814817,174.96176281511322,10.45817466130396
image_3949120576592,1,2336,3186,0.1796875,/media/hdd2/ARCL_multicar_bags/camera_dataset/2026-05-18-v1-v4/rear/EPnPv2_gt_mesh_z_hybrid_labels/3949120576592_0.json,/media/hdd2/ARCL_multicar_bags/camera_dataset/2026-05-18-v1-v4/rear/EPnPv2_gt_mesh_z_hybrid_labels/3949120576592_0.json,T_map_object_raw,T_camera_object_centered,6180.195587626118,165.99098107219135,15.920654827337506
image_3949120576592,1,2336,3186,0.1796875,/media/hdd2/ARCL_multicar_bags/camera_dataset/2026-05-18-v1-v4/rear/EPnPv2_gt_mesh_z_hybrid_labels/3949120576592_1.json,/media/hdd2/ARCL_multicar_bags/camera_dataset/2026-05-18-v1-v4/rear/EPnPv2_gt_mesh_z_hybrid_labels/3949120576592_1.json,T_map_object_raw,T_camera_object_centered,6180.195587626118,165.99098107219135,15.920654827337506
image_3949243764414,1,2337,3189,0.1875,/media/hdd2/ARCL_multicar_bags/camera_dataset/2026-05-18-v1-v4/rear/EPnPv2_gt_mesh_z_hybrid_labels/3949243764414_0.json,/media/hdd2/ARCL_multicar_bags/camera_dataset/2026-05-18-v1-v4/rear/EPnPv2_gt_mesh_z_hybrid_labels/3949243764414_0.json,T_map_object_raw,T_camera_object_centered,5871.560458888528,174.1360589966491,7.24299867067793
image_3949320633559,1,2338,3191,0.15625,/media/hdd2/ARCL_multicar_bags/camera_dataset/2026-05-18-v1-v4/rear/EPnPv2_gt_mesh_z_hybrid_labels/3949320633559_0.json,/media/hdd2/ARCL_multicar_bags/camera_dataset/2026-05-18-v1-v4/rear/EPnPv2_gt_mesh_z_hybrid_labels/3949320633559_0.json,T_map_object_raw,T_camera_object_centered,3170.5704198524645,165.6620480694728,20.651657098132404
image_3949621971064,1,2341,3197,0.18359375,/media/hdd2/ARCL_multicar_bags/camera_dataset/2026-05-18-v1-v4/rear/EPnPv2_gt_mesh_z_hybrid_labels/3949621971064_1.json,/media/hdd2/ARCL_multicar_bags/camera_dataset/2026-05-18-v1-v4/rear/EPnPv2_gt_mesh_z_hybrid_labels/3949621971064_1.json,T_map_object_raw,T_camera_object_centered,7093.36292614085,165.3642342325343,17.767674147782614
image_3949721536345,1,2342,3199,0.14453125,/media/hdd2/ARCL_multicar_bags/camera_dataset/2026-05-18-v1-v4/rear/EPnPv2_gt_mesh_z_hybrid_labels/3949721536345_0.json,/media/hdd2/ARCL_multicar_bags/camera_dataset/2026-05-18-v1-v4/rear/EPnPv2_gt_mesh_z_hybrid_labels/3949721536345_0.json,T_map_object_raw,T_camera_object_centered,5092.702471272354,165.4836196655167,16.621681639445523
image_3949721536345,1,2342,3199,0.14453125,/media/hdd2/ARCL_multicar_bags/camera_dataset/2026-05-18-v1-v4/rear/EPnPv2_gt_mesh_z_hybrid_labels/3949721536345_1.json,/media/hdd2/ARCL_multicar_bags/camera_dataset/2026-05-18-v1-v4/rear/EPnPv2_gt_mesh_z_hybrid_labels/3949721536345_1.json,T_map_object_raw,T_camera_object_centered,5092.702471272354,165.4836196655167,16.621681639445523
image_3949822231293,1,2343,3201,0.1328125,/media/hdd2/ARCL_multicar_bags/camera_dataset/2026-05-18-v1-v4/rear/EPnPv2_gt_mesh_z_hybrid_labels/3949822231293_0.json,/media/hdd2/ARCL_multicar_bags/camera_dataset/2026-05-18-v1-v4/rear/EPnPv2_gt_mesh_z_hybrid_labels/3949822231293_0.json,T_map_object_raw,T_camera_object_centered,4469.348271200209,165.5398486850271,15.8701791595272
image_3949822231293,1,2343,3201,0.1328125,/media/hdd2/ARCL_multicar_bags/camera_dataset/2026-05-18-v1-v4/rear/EPnPv2_gt_mesh_z_hybrid_labels/3949822231293_1.json,/media/hdd2/ARCL_multicar_bags/camera_dataset/2026-05-18-v1-v4/rear/EPnPv2_gt_mesh_z_hybrid_labels/3949822231293_1.json,T_map_object_raw,T_camera_object_centered,4469.348271200209,165.5398486850271,15.8701791595272
image_3949920958340,1,2344,3203,0.1484375,/media/hdd2/ARCL_multicar_bags/camera_dataset/2026-05-18-v1-v4/rear/EPnPv2_gt_mesh_z_hybrid_labels/3949920958340_0.json,/media/hdd2/ARCL_multicar_bags/camera_dataset/2026-05-18-v1-v4/rear/EPnPv2_gt_mesh_z_hybrid_labels/3949920958340_0.json,T_map_object_raw,T_camera_object_centered,8178.680419044093,174.49979859854145,9.152481875510324
image_3950031761281,1,2345,3205,0.15625,/media/hdd2/ARCL_multicar_bags/camera_dataset/2026-05-18-v1-v4/rear/EPnPv2_gt_mesh_z_hybrid_labels/3950031761281_0.json,/media/hdd2/ARCL_multicar_bags/camera_dataset/2026-05-18-v1-v4/rear/EPnPv2_gt_mesh_z_hybrid_labels/3950031761281_0.json,T_map_object_raw,T_camera_object_centered,2766.6419902469206,165.84579240131106,16.433418263006857
image_3950120553440,1,2346,3207,0.16796875,/media/hdd2/ARCL_multicar_bags/camera_dataset/2026-05-18-v1-v4/rear/EPnPv2_gt_mesh_z_hybrid_labels/3950120553440_0.json,/media/hdd2/ARCL_multicar_bags/camera_dataset/2026-05-18-v1-v4/rear/EPnPv2_gt_mesh_z_hybrid_labels/3950120553440_0.json,T_map_object_raw,T_camera_object_centered,4179.648900419004,166.0714085946971,11.263889071388459
image_3950234482595,1,2347,3211,0.15625,/media/hdd2/ARCL_multicar_bags/camera_dataset/2026-05-18-v1-v4/rear/EPnPv2_gt_mesh_z_hybrid_labels/3950234482595_0.json,/media/hdd2/ARCL_multicar_bags/camera_dataset/2026-05-18-v1-v4/rear/EPnPv2_gt_mesh_z_hybrid_labels/3950234482595_0.json,T_map_object_raw,T_camera_object_centered,5108.479328050232,166.20938719197017,18.059010191254888
image_3950620302589,1,2350,3217,0.17578125,/media/hdd2/ARCL_multicar_bags/camera_dataset/2026-05-18-v1-v4/rear/EPnPv2_gt_mesh_z_hybrid_labels/3950620302589_0.json,/media/hdd2/ARCL_multicar_bags/camera_dataset/2026-05-18-v1-v4/rear/EPnPv2_gt_mesh_z_hybrid_labels/3950620302589_0.json,T_map_object_raw,T_camera_object_centered,6083.3445773083295,167.42246553436533,10.563919201690092
image_3950720563106,1,2351,3219,0.1640625,/media/hdd2/ARCL_multicar_bags/camera_dataset/2026-05-18-v1-v4/rear/EPnPv2_gt_mesh_z_hybrid_labels/3950720563106_0.json,/media/hdd2/ARCL_multicar_bags/camera_dataset/2026-05-18-v1-v4/rear/EPnPv2_gt_mesh_z_hybrid_labels/3950720563106_0.json,T_map_object_raw,T_camera_object_centered,3466.0902323025484,167.88517203302936,12.80537745445186
image_3950820901145,1,2352,3221,0.1640625,/media/hdd2/ARCL_multicar_bags/camera_dataset/2026-05-18-v1-v4/rear/EPnPv2_gt_mesh_z_hybrid_labels/3950820901145_0.json,/media/hdd2/ARCL_multicar_bags/camera_dataset/2026-05-18-v1-v4/rear/EPnPv2_gt_mesh_z_hybrid_labels/3950820901145_0.json,T_map_object_raw,T_camera_object_centered,5089.068838908346,168.2066941164191,19.848013770787727
image_3950920327049,1,2353,3223,0.15234375,/media/hdd2/ARCL_multicar_bags/camera_dataset/2026-05-18-v1-v4/rear/EPnPv2_gt_mesh_z_hybrid_labels/3950920327049_0.json,/media/hdd2/ARCL_multicar_bags/camera_dataset/2026-05-18-v1-v4/rear/EPnPv2_gt_mesh_z_hybrid_labels/3950920327049_0.json,T_map_object_raw,T_camera_object_centered,7052.882971388382,176.67340962909248,16.954172494210127
image_3951020941002,1,2354,3225,0.1328125,/media/hdd2/ARCL_multicar_bags/camera_dataset/2026-05-18-v1-v4/rear/EPnPv2_gt_mesh_z_hybrid_labels/3951020941002_0.json,/media/hdd2/ARCL_multicar_bags/camera_dataset/2026-05-18-v1-v4/rear/EPnPv2_gt_mesh_z_hybrid_labels/3951020941002_0.json,T_map_object_raw,T_camera_object_centered,5440.98936876767,168.9972879490771,14.230630323899572
image_3951221430840,1,2356,3229,0.1484375,/media/hdd2/ARCL_multicar_bags/camera_dataset/2026-05-18-v1-v4/rear/EPnPv2_gt_mesh_z_hybrid_labels/3951221430840_0.json,/media/hdd2/ARCL_multicar_bags/camera_dataset/2026-05-18-v1-v4/rear/EPnPv2_gt_mesh_z_hybrid_labels/3951221430840_0.json,T_map_object_raw,T_camera_object_centered,6152.023904481757,170.02517390861485,17.900586787730518
image_3951335761531,1,2357,3232,0.16015625,/media/hdd2/ARCL_multicar_bags/camera_dataset/2026-05-18-v1-v4/rear/EPnPv2_gt_mesh_z_hybrid_labels/3951335761531_0.json,/media/hdd2/ARCL_multicar_bags/camera_dataset/2026-05-18-v1-v4/rear/EPnPv2_gt_mesh_z_hybrid_labels/3951335761531_0.json,T_map_object_raw,T_camera_object_centered,3460.624314819127,170.7303895472695,12.849192151083303
image_3951420779952,1,2358,3234,0.15625,/media/hdd2/ARCL_multicar_bags/camera_dataset/2026-05-18-v1-v4/rear/EPnPv2_gt_mesh_z_hybrid_labels/3951420779952_0.json,/media/hdd2/ARCL_multicar_bags/camera_dataset/2026-05-18-v1-v4/rear/EPnPv2_gt_mesh_z_hybrid_labels/3951420779952_0.json,T_map_object_raw,T_camera_object_centered,5523.732715672813,171.024008659423,14.821953956132184
image_3951520170082,1,2359,3236,0.15234375,/media/hdd2/ARCL_multicar_bags/camera_dataset/2026-05-18-v1-v4/rear/EPnPv2_gt_mesh_z_hybrid_labels/3951520170082_0.json,/media/hdd2/ARCL_multicar_bags/camera_dataset/2026-05-18-v1-v4/rear/EPnPv2_gt_mesh_z_hybrid_labels/3951520170082_0.json,T_map_object_raw,T_camera_object_centered,2816.9878263350843,172.355321762556,15.481930758122697
image_3951520170082,1,2359,3236,0.15234375,/media/hdd2/ARCL_multicar_bags/camera_dataset/2026-05-18-v1-v4/rear/EPnPv2_gt_mesh_z_hybrid_labels/3951520170082_1.json,/media/hdd2/ARCL_multicar_bags/camera_dataset/2026-05-18-v1-v4/rear/EPnPv2_gt_mesh_z_hybrid_labels/3951520170082_1.json,T_map_object_raw,T_camera_object_centered,2816.9878263350843,172.355321762556,15.481930758122697
image_3952420689849,1,2366,3250,0.11328125,/media/hdd2/ARCL_multicar_bags/camera_dataset/2026-05-18-v1-v4/rear/EPnPv2_gt_mesh_z_hybrid_labels/3952420689849_0.json,/media/hdd2/ARCL_multicar_bags/camera_dataset/2026-05-18-v1-v4/rear/EPnPv2_gt_mesh_z_hybrid_labels/3952420689849_0.json,T_map_object_raw,T_camera_object_centered,6973.193500332321,171.65730288885675,19.629102064515145
image_3952420689849,1,2366,3250,0.11328125,/media/hdd2/ARCL_multicar_bags/camera_dataset/2026-05-18-v1-v4/rear/EPnPv2_gt_mesh_z_hybrid_labels/3952420689849_1.json,/media/hdd2/ARCL_multicar_bags/camera_dataset/2026-05-18-v1-v4/rear/EPnPv2_gt_mesh_z_hybrid_labels/3952420689849_1.json,T_map_object_raw,T_camera_object_centered,6973.193500332321,171.65730288885675,19.629102064515145
image_3953323896932,1,2375,3270,0.11328125,/media/hdd2/ARCL_multicar_bags/camera_dataset/2026-05-18-v1-v4/rear/EPnPv2_gt_mesh_z_hybrid_labels/3953323896932_0.json,/media/hdd2/ARCL_multicar_bags/camera_dataset/2026-05-18-v1-v4/rear/EPnPv2_gt_mesh_z_hybrid_labels/3953323896932_0.json,T_map_object_raw,T_camera_object_centered,4813.041140355695,176.7452119847523,29.36335765466282
image_3954021176310,1,2381,3285,0.08203125,/media/hdd2/ARCL_multicar_bags/camera_dataset/2026-05-18-v1-v4/rear/EPnPv2_gt_mesh_z_hybrid_labels/3954021176310_0.json,/media/hdd2/ARCL_multicar_bags/camera_dataset/2026-05-18-v1-v4/rear/EPnPv2_gt_mesh_z_hybrid_labels/3954021176310_0.json,T_map_object_raw,T_camera_object_centered,8667.005917899456,170.94120940994708,19.549179559721683
image_3957323411728,1,2410,3348,0.12890625,/media/hdd2/ARCL_multicar_bags/camera_dataset/2026-05-18-v1-v4/rear/EPnPv2_gt_mesh_z_hybrid_labels/3957323411728_0.json,/media/hdd2/ARCL_multicar_bags/camera_dataset/2026-05-18-v1-v4/rear/EPnPv2_gt_mesh_z_hybrid_labels/3957323411728_0.json,T_map_object_raw,T_camera_object_centered,4919.136381594077,178.97283187806647,15.065227083342485
image_3957420260862,1,2411,3350,0.15234375,/media/hdd2/ARCL_multicar_bags/camera_dataset/2026-05-18-v1-v4/rear/EPnPv2_gt_mesh_z_hybrid_labels/3957420260862_0.json,/media/hdd2/ARCL_multicar_bags/camera_dataset/2026-05-18-v1-v4/rear/EPnPv2_gt_mesh_z_hybrid_labels/3957420260862_0.json,T_map_object_raw,T_camera_object_centered,4653.893269002728,177.56201763222566,18.826088684289488
image_3957521758641,1,2412,3352,0.15234375,/media/hdd2/ARCL_multicar_bags/camera_dataset/2026-05-18-v1-v4/rear/EPnPv2_gt_mesh_z_hybrid_labels/3957521758641_0.json,/media/hdd2/ARCL_multicar_bags/camera_dataset/2026-05-18-v1-v4/rear/EPnPv2_gt_mesh_z_hybrid_labels/3957521758641_0.json,T_map_object_raw,T_camera_object_centered,2156.6588694070715,177.6114290395449,18.909868546144626
image_3957521758641,1,2412,3352,0.15234375,/media/hdd2/ARCL_multicar_bags/camera_dataset/2026-05-18-v1-v4/rear/EPnPv2_gt_mesh_z_hybrid_labels/3957521758641_1.json,/media/hdd2/ARCL_multicar_bags/camera_dataset/2026-05-18-v1-v4/rear/EPnPv2_gt_mesh_z_hybrid_labels/3957521758641_1.json,T_map_object_raw,T_camera_object_centered,2156.6588694070715,177.6114290395449,18.909868546144626
image_3957723393133,1,2414,3356,0.15625,/media/hdd2/ARCL_multicar_bags/camera_dataset/2026-05-18-v1-v4/rear/EPnPv2_gt_mesh_z_hybrid_labels/3957723393133_0.json,/media/hdd2/ARCL_multicar_bags/camera_dataset/2026-05-18-v1-v4/rear/EPnPv2_gt_mesh_z_hybrid_labels/3957723393133_0.json,T_map_object_raw,T_camera_object_centered,6517.812875842323,175.41782356268794,13.836016401203578
image_3957822408896,1,2415,3358,0.12890625,/media/hdd2/ARCL_multicar_bags/camera_dataset/2026-05-18-v1-v4/rear/EPnPv2_gt_mesh_z_hybrid_labels/3957822408896_0.json,/media/hdd2/ARCL_multicar_bags/camera_dataset/2026-05-18-v1-v4/rear/EPnPv2_gt_mesh_z_hybrid_labels/3957822408896_0.json,T_map_object_raw,T_camera_object_centered,7451.3987588666805,174.74286876489055,18.44438473517315
image_3957822408896,1,2415,3358,0.12890625,/media/hdd2/ARCL_multicar_bags/camera_dataset/2026-05-18-v1-v4/rear/EPnPv2_gt_mesh_z_hybrid_labels/3957822408896_1.json,/media/hdd2/ARCL_multicar_bags/camera_dataset/2026-05-18-v1-v4/rear/EPnPv2_gt_mesh_z_hybrid_labels/3957822408896_1.json,T_map_object_raw,T_camera_object_centered,7451.3987588666805,174.74286876489055,18.44438473517315
image_3958321995449,1,2418,3365,0.14453125,/media/hdd2/ARCL_multicar_bags/camera_dataset/2026-05-18-v1-v4/rear/EPnPv2_gt_mesh_z_hybrid_labels/3958321995449_0.json,/media/hdd2/ARCL_multicar_bags/camera_dataset/2026-05-18-v1-v4/rear/EPnPv2_gt_mesh_z_hybrid_labels/3958321995449_0.json,T_map_object_raw,T_camera_object_centered,4161.662949266743,170.61410589971504,14.660129934103281
image_3958321995449,1,2418,3365,0.14453125,/media/hdd2/ARCL_multicar_bags/camera_dataset/2026-05-18-v1-v4/rear/EPnPv2_gt_mesh_z_hybrid_labels/3958321995449_1.json,/media/hdd2/ARCL_multicar_bags/camera_dataset/2026-05-18-v1-v4/rear/EPnPv2_gt_mesh_z_hybrid_labels/3958321995449_1.json,T_map_object_raw,T_camera_object_centered,4161.662949266743,170.61410589971504,14.660129934103281
image_3959920909132,1,2431,3393,0.16015625,/media/hdd2/ARCL_multicar_bags/camera_dataset/2026-05-18-v1-v4/rear/EPnPv2_gt_mesh_z_hybrid_labels/3959920909132_0.json,/media/hdd2/ARCL_multicar_bags/camera_dataset/2026-05-18-v1-v4/rear/EPnPv2_gt_mesh_z_hybrid_labels/3959920909132_0.json,T_map_object_raw,T_camera_object_centered,6794.599134400717,164.08352630139538,18.343196560218825
image_3959920909132,1,2431,3393,0.16015625,/media/hdd2/ARCL_multicar_bags/camera_dataset/2026-05-18-v1-v4/rear/EPnPv2_gt_mesh_z_hybrid_labels/3959920909132_1.json,/media/hdd2/ARCL_multicar_bags/camera_dataset/2026-05-18-v1-v4/rear/EPnPv2_gt_mesh_z_hybrid_labels/3959920909132_1.json,T_map_object_raw,T_camera_object_centered,6794.599134400717,164.08352630139538,18.343196560218825
image_3960322738658,1,2435,3401,0.125,/media/hdd2/ARCL_multicar_bags/camera_dataset/2026-05-18-v1-v4/rear/EPnPv2_gt_mesh_z_hybrid_labels/3960322738658_0.json,/media/hdd2/ARCL_multicar_bags/camera_dataset/2026-05-18-v1-v4/rear/EPnPv2_gt_mesh_z_hybrid_labels/3960322738658_0.json,T_map_object_raw,T_camera_object_centered,4648.42350190209,163.5077550736919,16.533156069031396
image_3960322738658,1,2435,3401,0.125,/media/hdd2/ARCL_multicar_bags/camera_dataset/2026-05-18-v1-v4/rear/EPnPv2_gt_mesh_z_hybrid_labels/3960322738658_1.json,/media/hdd2/ARCL_multicar_bags/camera_dataset/2026-05-18-v1-v4/rear/EPnPv2_gt_mesh_z_hybrid_labels/3960322738658_1.json,T_map_object_raw,T_camera_object_centered,4648.42350190209,163.5077550736919,16.533156069031396
image_3962221529351,1,2448,3431,0.1484375,/media/hdd2/ARCL_multicar_bags/camera_dataset/2026-05-18-v1-v4/rear/EPnPv2_gt_mesh_z_hybrid_labels/3962221529351_0.json,/media/hdd2/ARCL_multicar_bags/camera_dataset/2026-05-18-v1-v4/rear/EPnPv2_gt_mesh_z_hybrid_labels/3962221529351_0.json,T_map_object_raw,T_camera_object_centered,4088.111259309762,169.8030146865319,19.989528870457274
image_3962421326069,1,2450,3434,0.140625,/media/hdd2/ARCL_multicar_bags/camera_dataset/2026-05-18-v1-v4/rear/EPnPv2_gt_mesh_z_hybrid_labels/3962421326069_0.json,/media/hdd2/ARCL_multicar_bags/camera_dataset/2026-05-18-v1-v4/rear/EPnPv2_gt_mesh_z_hybrid_labels/3962421326069_0.json,T_map_object_raw,T_camera_object_centered,2435.2876556020183,171.17981292319396,13.299606701696984
image_3962522780800,1,2451,3436,0.15234375,/media/hdd2/ARCL_multicar_bags/camera_dataset/2026-05-18-v1-v4/rear/EPnPv2_gt_mesh_z_hybrid_labels/3962522780800_0.json,/media/hdd2/ARCL_multicar_bags/camera_dataset/2026-05-18-v1-v4/rear/EPnPv2_gt_mesh_z_hybrid_labels/3962522780800_0.json,T_map_object_raw,T_camera_object_centered,3909.1499580345494,170.99196262574776,20.393944418476416
image_3962624356056,1,2452,3438,0.15625,/media/hdd2/ARCL_multicar_bags/camera_dataset/2026-05-18-v1-v4/rear/EPnPv2_gt_mesh_z_hybrid_labels/3962624356056_0.json,/media/hdd2/ARCL_multicar_bags/camera_dataset/2026-05-18-v1-v4/rear/EPnPv2_gt_mesh_z_hybrid_labels/3962624356056_0.json,T_map_object_raw,T_camera_object_centered,5875.704303789898,171.50814112422006,20.97031533950819
image_3965521925788,1,2480,3499,0.13671875,/media/hdd2/ARCL_multicar_bags/camera_dataset/2026-05-18-v1-v4/rear/EPnPv2_gt_mesh_z_hybrid_labels/3965521925788_0.json,/media/hdd2/ARCL_multicar_bags/camera_dataset/2026-05-18-v1-v4/rear/EPnPv2_gt_mesh_z_hybrid_labels/3965521925788_0.json,T_map_object_raw,T_camera_object_centered,8118.71855789103,178.28760194570404,13.80402514093292
image_3965930577902,1,2483,3505,0.1015625,/media/hdd2/ARCL_multicar_bags/camera_dataset/2026-05-18-v1-v4/rear/EPnPv2_gt_mesh_z_hybrid_labels/3965930577902_0.json,/media/hdd2/ARCL_multicar_bags/camera_dataset/2026-05-18-v1-v4/rear/EPnPv2_gt_mesh_z_hybrid_labels/3965930577902_0.json,T_map_object_raw,T_camera_object_centered,8357.12480194132,179.65123080902,10.479986932908433
image_3966023149227,1,2484,3507,0.140625,/media/hdd2/ARCL_multicar_bags/camera_dataset/2026-05-18-v1-v4/rear/EPnPv2_gt_mesh_z_hybrid_labels/3966023149227_0.json,/media/hdd2/ARCL_multicar_bags/camera_dataset/2026-05-18-v1-v4/rear/EPnPv2_gt_mesh_z_hybrid_labels/3966023149227_0.json,T_map_object_raw,T_camera_object_centered,8139.382472738583,179.50280650514708,15.127055851403917
image_3966023149227,1,2484,3507,0.140625,/media/hdd2/ARCL_multicar_bags/camera_dataset/2026-05-18-v1-v4/rear/EPnPv2_gt_mesh_z_hybrid_labels/3966023149227_1.json,/media/hdd2/ARCL_multicar_bags/camera_dataset/2026-05-18-v1-v4/rear/EPnPv2_gt_mesh_z_hybrid_labels/3966023149227_1.json,T_map_object_raw,T_camera_object_centered,8139.382472738583,179.50280650514708,15.127055851403917
image_3966435754828,1,2488,3517,0.16796875,/media/hdd2/ARCL_multicar_bags/camera_dataset/2026-05-18-v1-v4/rear/EPnPv2_gt_mesh_z_hybrid_labels/3966435754828_0.json,/media/hdd2/ARCL_multicar_bags/camera_dataset/2026-05-18-v1-v4/rear/EPnPv2_gt_mesh_z_hybrid_labels/3966435754828_0.json,T_map_object_raw,T_camera_object_centered,6808.059407015162,175.9528585782243,11.568644960880528
image_3966435754828,1,2488,3517,0.16796875,/media/hdd2/ARCL_multicar_bags/camera_dataset/2026-05-18-v1-v4/rear/EPnPv2_gt_mesh_z_hybrid_labels/3966435754828_1.json,/media/hdd2/ARCL_multicar_bags/camera_dataset/2026-05-18-v1-v4/rear/EPnPv2_gt_mesh_z_hybrid_labels/3966435754828_1.json,T_map_object_raw,T_camera_object_centered,6808.059407015162,175.9528585782243,11.568644960880528
image_3966521230213,1,2489,3519,0.1484375,/media/hdd2/ARCL_multicar_bags/camera_dataset/2026-05-18-v1-v4/rear/EPnPv2_gt_mesh_z_hybrid_labels/3966521230213_0.json,/media/hdd2/ARCL_multicar_bags/camera_dataset/2026-05-18-v1-v4/rear/EPnPv2_gt_mesh_z_hybrid_labels/3966521230213_0.json,T_map_object_raw,T_camera_object_centered,4307.705276758868,176.13460154515363,12.71520399489884
image_4090519818152,1,2838,4232,0.1015625,/media/hdd2/ARCL_multicar_bags/camera_dataset/2026-05-18-v1-v4/rear/EPnPv2_gt_mesh_z_hybrid_labels/4090519818152_0.json,/media/hdd2/ARCL_multicar_bags/camera_dataset/2026-05-18-v1-v4/rear/EPnPv2_gt_mesh_z_hybrid_labels/4090519818152_0.json,T_map_object_raw,T_camera_object_centered,4351.661270340447,174.65317690999186,16.394773305948334
image_4090618771244,1,2839,4235,0.09375,/media/hdd2/ARCL_multicar_bags/camera_dataset/2026-05-18-v1-v4/rear/EPnPv2_gt_mesh_z_hybrid_labels/4090618771244_0.json,/media/hdd2/ARCL_multicar_bags/camera_dataset/2026-05-18-v1-v4/rear/EPnPv2_gt_mesh_z_hybrid_labels/4090618771244_0.json,T_map_object_raw,T_camera_object_centered,3195.8100958697983,174.64953613288102,18.123639804410033
image_4092523228993,1,2858,4268,0.05859375,/media/hdd2/ARCL_multicar_bags/camera_dataset/2026-05-18-v1-v4/rear/EPnPv2_gt_mesh_z_hybrid_labels/4092523228993_0.json,/media/hdd2/ARCL_multicar_bags/camera_dataset/2026-05-18-v1-v4/rear/EPnPv2_gt_mesh_z_hybrid_labels/4092523228993_0.json,T_map_object_raw,T_camera_object_centered,4014.599434853647,166.20682010969017,34.6045473432493
image_4092620118934,1,2859,4269,0.0859375,/media/hdd2/ARCL_multicar_bags/camera_dataset/2026-05-18-v1-v4/rear/EPnPv2_gt_mesh_z_hybrid_labels/4092620118934_0.json,/media/hdd2/ARCL_multicar_bags/camera_dataset/2026-05-18-v1-v4/rear/EPnPv2_gt_mesh_z_hybrid_labels/4092620118934_0.json,T_map_object_raw,T_camera_object_centered,4038.352983954681,166.23547162156424,11.427051638721457
image_4093119859848,1,2864,4279,0.12109375,/media/hdd2/ARCL_multicar_bags/camera_dataset/2026-05-18-v1-v4/rear/EPnPv2_gt_mesh_z_hybrid_labels/4093119859848_0.json,/media/hdd2/ARCL_multicar_bags/camera_dataset/2026-05-18-v1-v4/rear/EPnPv2_gt_mesh_z_hybrid_labels/4093119859848_0.json,T_map_object_raw,T_camera_object_centered,9188.59213419913,175.7750199894523,9.761697258966489
image_4093319008506,1,2866,4283,0.05859375,/media/hdd2/ARCL_multicar_bags/camera_dataset/2026-05-18-v1-v4/rear/EPnPv2_gt_mesh_z_hybrid_labels/4093319008506_0.json,/media/hdd2/ARCL_multicar_bags/camera_dataset/2026-05-18-v1-v4/rear/EPnPv2_gt_mesh_z_hybrid_labels/4093319008506_0.json,T_map_object_raw,T_camera_object_centered,1785.5656032463808,175.46054334253324,6.629171403513275
image_4094518741465,1,2876,4305,0.1328125,/media/hdd2/ARCL_multicar_bags/camera_dataset/2026-05-18-v1-v4/rear/EPnPv2_gt_mesh_z_hybrid_labels/4094518741465_0.json,/media/hdd2/ARCL_multicar_bags/camera_dataset/2026-05-18-v1-v4/rear/EPnPv2_gt_mesh_z_hybrid_labels/4094518741465_0.json,T_map_object_raw,T_camera_object_centered,7697.281336376561,167.11784432830675,7.414794420260311
image_4094618351098,1,2877,4307,0.1015625,/media/hdd2/ARCL_multicar_bags/camera_dataset/2026-05-18-v1-v4/rear/EPnPv2_gt_mesh_z_hybrid_labels/4094618351098_0.json,/media/hdd2/ARCL_multicar_bags/camera_dataset/2026-05-18-v1-v4/rear/EPnPv2_gt_mesh_z_hybrid_labels/4094618351098_0.json,T_map_object_raw,T_camera_object_centered,2437.9236704985033,167.2054539970636,15.320892464073236
image_4094722631942,1,2878,4313,0.10546875,/media/hdd2/ARCL_multicar_bags/camera_dataset/2026-05-18-v1-v4/rear/EPnPv2_gt_mesh_z_hybrid_labels/4094722631942_0.json,/media/hdd2/ARCL_multicar_bags/camera_dataset/2026-05-18-v1-v4/rear/EPnPv2_gt_mesh_z_hybrid_labels/4094722631942_0.json,T_map_object_raw,T_camera_object_centered,7660.590018333674,175.4722912290737,7.295321154270968
image_4095418901161,1,2884,4325,0.15234375,/media/hdd2/ARCL_multicar_bags/camera_dataset/2026-05-18-v1-v4/rear/EPnPv2_gt_mesh_z_hybrid_labels/4095418901161_0.json,/media/hdd2/ARCL_multicar_bags/camera_dataset/2026-05-18-v1-v4/rear/EPnPv2_gt_mesh_z_hybrid_labels/4095418901161_0.json,T_map_object_raw,T_camera_object_centered,8603.165471775006,176.5448197509991,8.061925893219824
image_4095521332121,1,2885,4327,0.10546875,/media/hdd2/ARCL_multicar_bags/camera_dataset/2026-05-18-v1-v4/rear/EPnPv2_gt_mesh_z_hybrid_labels/4095521332121_0.json,/media/hdd2/ARCL_multicar_bags/camera_dataset/2026-05-18-v1-v4/rear/EPnPv2_gt_mesh_z_hybrid_labels/4095521332121_0.json,T_map_object_raw,T_camera_object_centered,8299.308059635405,175.41499444533153,5.568743100902447
image_4095622634353,1,2886,4329,0.22265625,/media/hdd2/ARCL_multicar_bags/camera_dataset/2026-05-18-v1-v4/rear/EPnPv2_gt_mesh_z_hybrid_labels/4095622634353_0.json,/media/hdd2/ARCL_multicar_bags/camera_dataset/2026-05-18-v1-v4/rear/EPnPv2_gt_mesh_z_hybrid_labels/4095622634353_0.json,T_map_object_raw,T_camera_object_centered,7006.893186838447,167.16835650519258,12.670621691473427
image_4095918973654,1,2888,4335,0.16796875,/media/hdd2/ARCL_multicar_bags/camera_dataset/2026-05-18-v1-v4/rear/EPnPv2_gt_mesh_z_hybrid_labels/4095918973654_0.json,/media/hdd2/ARCL_multicar_bags/camera_dataset/2026-05-18-v1-v4/rear/EPnPv2_gt_mesh_z_hybrid_labels/4095918973654_0.json,T_map_object_raw,T_camera_object_centered,3109.908334264447,167.1664838209122,13.958205107933937
image_4096021193729,1,2889,4337,0.18359375,/media/hdd2/ARCL_multicar_bags/camera_dataset/2026-05-18-v1-v4/rear/EPnPv2_gt_mesh_z_hybrid_labels/4096021193729_0.json,/media/hdd2/ARCL_multicar_bags/camera_dataset/2026-05-18-v1-v4/rear/EPnPv2_gt_mesh_z_hybrid_labels/4096021193729_0.json,T_map_object_raw,T_camera_object_centered,7647.724309245164,175.09442909049983,15.215430458689532
image_4096618362971,1,2894,4347,0.11328125,/media/hdd2/ARCL_multicar_bags/camera_dataset/2026-05-18-v1-v4/rear/EPnPv2_gt_mesh_z_hybrid_labels/4096618362971_0.json,/media/hdd2/ARCL_multicar_bags/camera_dataset/2026-05-18-v1-v4/rear/EPnPv2_gt_mesh_z_hybrid_labels/4096618362971_0.json,T_map_object_raw,T_camera_object_centered,4742.548466749606,175.09235294437272,18.310997959694287
image_4096718514447,1,2895,4349,0.17578125,/media/hdd2/ARCL_multicar_bags/camera_dataset/2026-05-18-v1-v4/rear/EPnPv2_gt_mesh_z_hybrid_labels/4096718514447_0.json,/media/hdd2/ARCL_multicar_bags/camera_dataset/2026-05-18-v1-v4/rear/EPnPv2_gt_mesh_z_hybrid_labels/4096718514447_0.json,T_map_object_raw,T_camera_object_centered,8583.677191259329,174.96233147626234,15.334916272097646
image_4097019338143,1,2898,4356,0.109375,/media/hdd2/ARCL_multicar_bags/camera_dataset/2026-05-18-v1-v4/rear/EPnPv2_gt_mesh_z_hybrid_labels/4097019338143_0.json,/media/hdd2/ARCL_multicar_bags/camera_dataset/2026-05-18-v1-v4/rear/EPnPv2_gt_mesh_z_hybrid_labels/4097019338143_0.json,T_map_object_raw,T_camera_object_centered,8702.191888278458,175.91703029719054,3.581854120235892
image_4097121769060,1,2899,4358,0.125,/media/hdd2/ARCL_multicar_bags/camera_dataset/2026-05-18-v1-v4/rear/EPnPv2_gt_mesh_z_hybrid_labels/4097121769060_0.json,/media/hdd2/ARCL_multicar_bags/camera_dataset/2026-05-18-v1-v4/rear/EPnPv2_gt_mesh_z_hybrid_labels/4097121769060_0.json,T_map_object_raw,T_camera_object_centered,6425.016291952614,173.68077657347257,16.24332899187028
image_4097234128605,1,2900,4360,0.17578125,/media/hdd2/ARCL_multicar_bags/camera_dataset/2026-05-18-v1-v4/rear/EPnPv2_gt_mesh_z_hybrid_labels/4097234128605_0.json,/media/hdd2/ARCL_multicar_bags/camera_dataset/2026-05-18-v1-v4/rear/EPnPv2_gt_mesh_z_hybrid_labels/4097234128605_0.json,T_map_object_raw,T_camera_object_centered,5031.896498479958,172.7667694566223,18.74880275752752
image_4187718652238,1,3084,2542,0.12109375,/media/hdd2/ARCL_multicar_bags/camera_dataset/2026-05-18-v1-v4/rear/EPnPv2_gt_mesh_z_hybrid_labels/4187718652238_0.json,/media/hdd2/ARCL_multicar_bags/camera_dataset/2026-05-18-v1-v4/rear/EPnPv2_gt_mesh_z_hybrid_labels/4187718652238_0.json,T_map_object_raw,T_camera_object_centered,8768.211871674217,177.2158132903631,14.125526449909032
image_4188317814523,1,3090,2567,0.13671875,/media/hdd2/ARCL_multicar_bags/camera_dataset/2026-05-18-v1-v4/rear/EPnPv2_gt_mesh_z_hybrid_labels/4188317814523_0.json,/media/hdd2/ARCL_multicar_bags/camera_dataset/2026-05-18-v1-v4/rear/EPnPv2_gt_mesh_z_hybrid_labels/4188317814523_0.json,T_map_object_raw,T_camera_object_centered,3783.810680351649,164.99594565879391,5.793921287188057
image_4188619462273,1,3092,2575,0.078125,/media/hdd2/ARCL_multicar_bags/camera_dataset/2026-05-18-v1-v4/rear/EPnPv2_gt_mesh_z_hybrid_labels/4188619462273_0.json,/media/hdd2/ARCL_multicar_bags/camera_dataset/2026-05-18-v1-v4/rear/EPnPv2_gt_mesh_z_hybrid_labels/4188619462273_0.json,T_map_object_raw,T_camera_object_centered,5834.84976785751,177.21020106960103,12.582046770971248
image_4189917975104,1,3104,2629,0.1328125,/media/hdd2/ARCL_multicar_bags/camera_dataset/2026-05-18-v1-v4/rear/EPnPv2_gt_mesh_z_hybrid_labels/4189917975104_0.json,/media/hdd2/ARCL_multicar_bags/camera_dataset/2026-05-18-v1-v4/rear/EPnPv2_gt_mesh_z_hybrid_labels/4189917975104_0.json,T_map_object_raw,T_camera_object_centered,4847.119553799109,164.64582580633962,18.445237507334845
image_4190418933530,1,3109,2650,0.078125,/media/hdd2/ARCL_multicar_bags/camera_dataset/2026-05-18-v1-v4/rear/EPnPv2_gt_mesh_z_hybrid_labels/4190418933530_0.json,/media/hdd2/ARCL_multicar_bags/camera_dataset/2026-05-18-v1-v4/rear/EPnPv2_gt_mesh_z_hybrid_labels/4190418933530_0.json,T_map_object_raw,T_camera_object_centered,8806.932757224877,164.97016601392508,8.712187551947697
image_4190917460525,1,3113,2664,0.1171875,/media/hdd2/ARCL_multicar_bags/camera_dataset/2026-05-18-v1-v4/rear/EPnPv2_gt_mesh_z_hybrid_labels/4190917460525_0.json,/media/hdd2/ARCL_multicar_bags/camera_dataset/2026-05-18-v1-v4/rear/EPnPv2_gt_mesh_z_hybrid_labels/4190917460525_0.json,T_map_object_raw,T_camera_object_centered,3072.0001429125273,164.88287316057847,11.553995399354893
image_4191020885546,1,3114,2667,0.14453125,/media/hdd2/ARCL_multicar_bags/camera_dataset/2026-05-18-v1-v4/rear/EPnPv2_gt_mesh_z_hybrid_labels/4191020885546_0.json,/media/hdd2/ARCL_multicar_bags/camera_dataset/2026-05-18-v1-v4/rear/EPnPv2_gt_mesh_z_hybrid_labels/4191020885546_0.json,T_map_object_raw,T_camera_object_centered,6391.533381765134,164.63876197363507,13.291354780074876
image_4191321499328,1,3117,2678,0.0859375,/media/hdd2/ARCL_multicar_bags/camera_dataset/2026-05-18-v1-v4/rear/EPnPv2_gt_mesh_z_hybrid_labels/4191321499328_0.json,/media/hdd2/ARCL_multicar_bags/camera_dataset/2026-05-18-v1-v4/rear/EPnPv2_gt_mesh_z_hybrid_labels/4191321499328_0.json,T_map_object_raw,T_camera_object_centered,7307.890339847044,164.61161267422233,9.104294926886588
image_4192023776528,1,3120,2695,0.0859375,/media/hdd2/ARCL_multicar_bags/camera_dataset/2026-05-18-v1-v4/rear/EPnPv2_gt_mesh_z_hybrid_labels/4192023776528_0.json,/media/hdd2/ARCL_multicar_bags/camera_dataset/2026-05-18-v1-v4/rear/EPnPv2_gt_mesh_z_hybrid_labels/4192023776528_0.json,T_map_object_raw,T_camera_object_centered,7409.959198696756,164.6705404958406,9.429342315546123
