match_key,scene_id,im_id,instance_id,score,target_pose_path,source_csv_epnp_label_path,target_pose_key,camera_pose_key,translation_error_mm,rotation_error_deg,image_center_error_px
image_3615672208785,1,38,514,0.078125,/media/hdd2/ARCL_multicar_bags/camera_dataset/2026-05-05-12-28-13-v1/rear/EPnPv2_gt_mesh_z_hybrid_labels/3615672208785_0.json,/media/hdd2/ARCL_multicar_bags/camera_dataset/2026-05-05-12-28-13-v1/rear/EPnPv2_gt_mesh_z_hybrid_labels/3615672208785_0.json,T_map_object_raw,T_camera_object_centered,8190.796128038483,169.7642787737401,2.8373009547624597
image_3616457055512,1,40,558,0.13671875,/media/hdd2/ARCL_multicar_bags/camera_dataset/2026-05-05-12-28-13-v1/rear/EPnPv2_gt_mesh_z_hybrid_labels/3616457055512_0.json,/media/hdd2/ARCL_multicar_bags/camera_dataset/2026-05-05-12-28-13-v1/rear/EPnPv2_gt_mesh_z_hybrid_labels/3616457055512_0.json,T_map_object_raw,T_camera_object_centered,2236.1360053143612,167.4682504287366,9.691501587186677
image_3617065037718,1,42,593,0.09375,/media/hdd2/ARCL_multicar_bags/camera_dataset/2026-05-05-12-28-13-v1/rear/EPnPv2_gt_mesh_z_hybrid_labels/3617065037718_0.json,/media/hdd2/ARCL_multicar_bags/camera_dataset/2026-05-05-12-28-13-v1/rear/EPnPv2_gt_mesh_z_hybrid_labels/3617065037718_0.json,T_map_object_raw,T_camera_object_centered,8077.730424651619,177.3144428024236,17.234613382336217
image_3617454591731,1,43,605,0.08203125,/media/hdd2/ARCL_multicar_bags/camera_dataset/2026-05-05-12-28-13-v1/rear/EPnPv2_gt_mesh_z_hybrid_labels/3617454591731_0.json,/media/hdd2/ARCL_multicar_bags/camera_dataset/2026-05-05-12-28-13-v1/rear/EPnPv2_gt_mesh_z_hybrid_labels/3617454591731_0.json,T_map_object_raw,T_camera_object_centered,9309.244343077246,179.44040485424682,20.818894696295207
image_3707355234778,1,100,8,0.078125,/media/hdd2/ARCL_multicar_bags/camera_dataset/2026-05-05-12-28-13-v1/rear/EPnPv2_gt_mesh_z_hybrid_labels/3707355234778_0.json,/media/hdd2/ARCL_multicar_bags/camera_dataset/2026-05-05-12-28-13-v1/rear/EPnPv2_gt_mesh_z_hybrid_labels/3707355234778_0.json,T_map_object_raw,T_camera_object_centered,5393.508782349875,170.9818648599041,4.090406782246461
image_3749562578765,1,171,162,0.09765625,/media/hdd2/ARCL_multicar_bags/camera_dataset/2026-05-05-12-28-13-v1/rear/EPnPv2_gt_mesh_z_hybrid_labels/3749562578765_0.json,/media/hdd2/ARCL_multicar_bags/camera_dataset/2026-05-05-12-28-13-v1/rear/EPnPv2_gt_mesh_z_hybrid_labels/3749562578765_0.json,T_map_object_raw,T_camera_object_centered,5582.722831289857,179.32775852605025,9.947945050747782
image_3750957051344,1,172,163,0.1328125,/media/hdd2/ARCL_multicar_bags/camera_dataset/2026-05-05-12-28-13-v1/rear/EPnPv2_gt_mesh_z_hybrid_labels/3750957051344_0.json,/media/hdd2/ARCL_multicar_bags/camera_dataset/2026-05-05-12-28-13-v1/rear/EPnPv2_gt_mesh_z_hybrid_labels/3750957051344_0.json,T_map_object_raw,T_camera_object_centered,7030.679380148201,179.13600382371942,10.306583234946928
image_3751356446550,1,173,164,0.09375,/media/hdd2/ARCL_multicar_bags/camera_dataset/2026-05-05-12-28-13-v1/rear/EPnPv2_gt_mesh_z_hybrid_labels/3751356446550_0.json,/media/hdd2/ARCL_multicar_bags/camera_dataset/2026-05-05-12-28-13-v1/rear/EPnPv2_gt_mesh_z_hybrid_labels/3751356446550_0.json,T_map_object_raw,T_camera_object_centered,4704.193444720667,179.17269245471252,10.692877173914313
image_3751858064350,1,174,165,0.09375,/media/hdd2/ARCL_multicar_bags/camera_dataset/2026-05-05-12-28-13-v1/rear/EPnPv2_gt_mesh_z_hybrid_labels/3751858064350_0.json,/media/hdd2/ARCL_multicar_bags/camera_dataset/2026-05-05-12-28-13-v1/rear/EPnPv2_gt_mesh_z_hybrid_labels/3751858064350_0.json,T_map_object_raw,T_camera_object_centered,6149.664848409511,179.2156054222091,8.660105424647135
image_3752169077936,1,176,167,0.07421875,/media/hdd2/ARCL_multicar_bags/camera_dataset/2026-05-05-12-28-13-v1/rear/EPnPv2_gt_mesh_z_hybrid_labels/3752169077936_0.json,/media/hdd2/ARCL_multicar_bags/camera_dataset/2026-05-05-12-28-13-v1/rear/EPnPv2_gt_mesh_z_hybrid_labels/3752169077936_0.json,T_map_object_raw,T_camera_object_centered,6532.783569723489,179.23781472661298,9.209001933600286
image_3753568739936,1,182,176,0.14453125,/media/hdd2/ARCL_multicar_bags/camera_dataset/2026-05-05-12-28-13-v1/rear/EPnPv2_gt_mesh_z_hybrid_labels/3753568739936_0.json,/media/hdd2/ARCL_multicar_bags/camera_dataset/2026-05-05-12-28-13-v1/rear/EPnPv2_gt_mesh_z_hybrid_labels/3753568739936_0.json,T_map_object_raw,T_camera_object_centered,5255.410041086628,179.29414521020104,7.552406801557694
image_3755956712133,1,184,178,0.16796875,/media/hdd2/ARCL_multicar_bags/camera_dataset/2026-05-05-12-28-13-v1/rear/EPnPv2_gt_mesh_z_hybrid_labels/3755956712133_0.json,/media/hdd2/ARCL_multicar_bags/camera_dataset/2026-05-05-12-28-13-v1/rear/EPnPv2_gt_mesh_z_hybrid_labels/3755956712133_0.json,T_map_object_raw,T_camera_object_centered,5846.312266064507,179.35214081903783,7.195661846272069
image_3758456896054,1,186,180,0.109375,/media/hdd2/ARCL_multicar_bags/camera_dataset/2026-05-05-12-28-13-v1/rear/EPnPv2_gt_mesh_z_hybrid_labels/3758456896054_0.json,/media/hdd2/ARCL_multicar_bags/camera_dataset/2026-05-05-12-28-13-v1/rear/EPnPv2_gt_mesh_z_hybrid_labels/3758456896054_0.json,T_map_object_raw,T_camera_object_centered,6210.548662435489,179.32383447399724,9.331467045299334
image_3759369998407,1,187,181,0.109375,/media/hdd2/ARCL_multicar_bags/camera_dataset/2026-05-05-12-28-13-v1/rear/EPnPv2_gt_mesh_z_hybrid_labels/3759369998407_0.json,/media/hdd2/ARCL_multicar_bags/camera_dataset/2026-05-05-12-28-13-v1/rear/EPnPv2_gt_mesh_z_hybrid_labels/3759369998407_0.json,T_map_object_raw,T_camera_object_centered,5696.115671136715,179.33871614440656,9.665224243762673
image_3760657479684,1,188,182,0.1015625,/media/hdd2/ARCL_multicar_bags/camera_dataset/2026-05-05-12-28-13-v1/rear/EPnPv2_gt_mesh_z_hybrid_labels/3760657479684_0.json,/media/hdd2/ARCL_multicar_bags/camera_dataset/2026-05-05-12-28-13-v1/rear/EPnPv2_gt_mesh_z_hybrid_labels/3760657479684_0.json,T_map_object_raw,T_camera_object_centered,3402.6502081717194,179.32866843808068,9.606126766487487
image_3760865093390,1,190,187,0.10546875,/media/hdd2/ARCL_multicar_bags/camera_dataset/2026-05-05-12-28-13-v1/rear/EPnPv2_gt_mesh_z_hybrid_labels/3760865093390_0.json,/media/hdd2/ARCL_multicar_bags/camera_dataset/2026-05-05-12-28-13-v1/rear/EPnPv2_gt_mesh_z_hybrid_labels/3760865093390_0.json,T_map_object_raw,T_camera_object_centered,5881.024459433428,179.3354002727192,10.770144733999615
image_3761866229376,1,192,189,0.09375,/media/hdd2/ARCL_multicar_bags/camera_dataset/2026-05-05-12-28-13-v1/rear/EPnPv2_gt_mesh_z_hybrid_labels/3761866229376_0.json,/media/hdd2/ARCL_multicar_bags/camera_dataset/2026-05-05-12-28-13-v1/rear/EPnPv2_gt_mesh_z_hybrid_labels/3761866229376_0.json,T_map_object_raw,T_camera_object_centered,3491.9712630143536,179.3396300929117,10.108505428144843
image_3763573656924,1,195,192,0.11328125,/media/hdd2/ARCL_multicar_bags/camera_dataset/2026-05-05-12-28-13-v1/rear/EPnPv2_gt_mesh_z_hybrid_labels/3763573656924_0.json,/media/hdd2/ARCL_multicar_bags/camera_dataset/2026-05-05-12-28-13-v1/rear/EPnPv2_gt_mesh_z_hybrid_labels/3763573656924_0.json,T_map_object_raw,T_camera_object_centered,6126.152744127654,179.3395484453205,10.655553219810038
image_3763759263209,1,197,194,0.09375,/media/hdd2/ARCL_multicar_bags/camera_dataset/2026-05-05-12-28-13-v1/rear/EPnPv2_gt_mesh_z_hybrid_labels/3763759263209_0.json,/media/hdd2/ARCL_multicar_bags/camera_dataset/2026-05-05-12-28-13-v1/rear/EPnPv2_gt_mesh_z_hybrid_labels/3763759263209_0.json,T_map_object_raw,T_camera_object_centered,6328.861174659495,179.34654542886378,10.67449200596974
image_3764456534979,1,199,196,0.09765625,/media/hdd2/ARCL_multicar_bags/camera_dataset/2026-05-05-12-28-13-v1/rear/EPnPv2_gt_mesh_z_hybrid_labels/3764456534979_0.json,/media/hdd2/ARCL_multicar_bags/camera_dataset/2026-05-05-12-28-13-v1/rear/EPnPv2_gt_mesh_z_hybrid_labels/3764456534979_0.json,T_map_object_raw,T_camera_object_centered,7006.862250175907,179.3409714623586,10.604592164481193
image_3765258708210,1,200,204,0.09375,/media/hdd2/ARCL_multicar_bags/camera_dataset/2026-05-05-12-28-13-v1/rear/EPnPv2_gt_mesh_z_hybrid_labels/3765258708210_0.json,/media/hdd2/ARCL_multicar_bags/camera_dataset/2026-05-05-12-28-13-v1/rear/EPnPv2_gt_mesh_z_hybrid_labels/3765258708210_0.json,T_map_object_raw,T_camera_object_centered,7277.925650431389,179.34564272649757,10.726628954207357
image_3767561669701,1,203,207,0.08984375,/media/hdd2/ARCL_multicar_bags/camera_dataset/2026-05-05-12-28-13-v1/rear/EPnPv2_gt_mesh_z_hybrid_labels/3767561669701_0.json,/media/hdd2/ARCL_multicar_bags/camera_dataset/2026-05-05-12-28-13-v1/rear/EPnPv2_gt_mesh_z_hybrid_labels/3767561669701_0.json,T_map_object_raw,T_camera_object_centered,6408.451127603784,179.3455081517862,10.167726304335496
image_3767665344268,1,204,208,0.109375,/media/hdd2/ARCL_multicar_bags/camera_dataset/2026-05-05-12-28-13-v1/rear/EPnPv2_gt_mesh_z_hybrid_labels/3767665344268_0.json,/media/hdd2/ARCL_multicar_bags/camera_dataset/2026-05-05-12-28-13-v1/rear/EPnPv2_gt_mesh_z_hybrid_labels/3767665344268_0.json,T_map_object_raw,T_camera_object_centered,4690.9673240555685,179.343654593976,9.943232613510455
image_3767757625005,1,205,209,0.09375,/media/hdd2/ARCL_multicar_bags/camera_dataset/2026-05-05-12-28-13-v1/rear/EPnPv2_gt_mesh_z_hybrid_labels/3767757625005_0.json,/media/hdd2/ARCL_multicar_bags/camera_dataset/2026-05-05-12-28-13-v1/rear/EPnPv2_gt_mesh_z_hybrid_labels/3767757625005_0.json,T_map_object_raw,T_camera_object_centered,5810.481899426087,179.3485666660215,11.270825732134599
image_3770656703705,1,207,211,0.09375,/media/hdd2/ARCL_multicar_bags/camera_dataset/2026-05-05-12-28-13-v1/rear/EPnPv2_gt_mesh_z_hybrid_labels/3770656703705_0.json,/media/hdd2/ARCL_multicar_bags/camera_dataset/2026-05-05-12-28-13-v1/rear/EPnPv2_gt_mesh_z_hybrid_labels/3770656703705_0.json,T_map_object_raw,T_camera_object_centered,6076.220453818369,179.3535099270374,11.300823727439404
image_3770961664995,1,208,212,0.08203125,/media/hdd2/ARCL_multicar_bags/camera_dataset/2026-05-05-12-28-13-v1/rear/EPnPv2_gt_mesh_z_hybrid_labels/3770961664995_0.json,/media/hdd2/ARCL_multicar_bags/camera_dataset/2026-05-05-12-28-13-v1/rear/EPnPv2_gt_mesh_z_hybrid_labels/3770961664995_0.json,T_map_object_raw,T_camera_object_centered,3259.597925698697,179.34923230154027,10.128004318581299
image_3771161954617,1,209,213,0.1015625,/media/hdd2/ARCL_multicar_bags/camera_dataset/2026-05-05-12-28-13-v1/rear/EPnPv2_gt_mesh_z_hybrid_labels/3771161954617_0.json,/media/hdd2/ARCL_multicar_bags/camera_dataset/2026-05-05-12-28-13-v1/rear/EPnPv2_gt_mesh_z_hybrid_labels/3771161954617_0.json,T_map_object_raw,T_camera_object_centered,6626.887857525253,179.3545132174885,11.17754010417144
image_3771680713331,1,210,219,0.09375,/media/hdd2/ARCL_multicar_bags/camera_dataset/2026-05-05-12-28-13-v1/rear/EPnPv2_gt_mesh_z_hybrid_labels/3771680713331_0.json,/media/hdd2/ARCL_multicar_bags/camera_dataset/2026-05-05-12-28-13-v1/rear/EPnPv2_gt_mesh_z_hybrid_labels/3771680713331_0.json,T_map_object_raw,T_camera_object_centered,6118.414502361249,179.34592913754017,11.807510553821208
image_3771957570402,1,211,220,0.1015625,/media/hdd2/ARCL_multicar_bags/camera_dataset/2026-05-05-12-28-13-v1/rear/EPnPv2_gt_mesh_z_hybrid_labels/3771957570402_0.json,/media/hdd2/ARCL_multicar_bags/camera_dataset/2026-05-05-12-28-13-v1/rear/EPnPv2_gt_mesh_z_hybrid_labels/3771957570402_0.json,T_map_object_raw,T_camera_object_centered,7255.181866053401,179.3611736801882,11.790170402396814
image_3772062037420,1,212,221,0.09765625,/media/hdd2/ARCL_multicar_bags/camera_dataset/2026-05-05-12-28-13-v1/rear/EPnPv2_gt_mesh_z_hybrid_labels/3772062037420_0.json,/media/hdd2/ARCL_multicar_bags/camera_dataset/2026-05-05-12-28-13-v1/rear/EPnPv2_gt_mesh_z_hybrid_labels/3772062037420_0.json,T_map_object_raw,T_camera_object_centered,5435.210175231479,179.36419854192533,9.913324983460992
image_3774282147597,1,215,224,0.10546875,/media/hdd2/ARCL_multicar_bags/camera_dataset/2026-05-05-12-28-13-v1/rear/EPnPv2_gt_mesh_z_hybrid_labels/3774282147597_0.json,/media/hdd2/ARCL_multicar_bags/camera_dataset/2026-05-05-12-28-13-v1/rear/EPnPv2_gt_mesh_z_hybrid_labels/3774282147597_0.json,T_map_object_raw,T_camera_object_centered,4970.757795977056,179.36322185894127,11.234778022179206
image_3774586759255,1,216,225,0.10546875,/media/hdd2/ARCL_multicar_bags/camera_dataset/2026-05-05-12-28-13-v1/rear/EPnPv2_gt_mesh_z_hybrid_labels/3774586759255_0.json,/media/hdd2/ARCL_multicar_bags/camera_dataset/2026-05-05-12-28-13-v1/rear/EPnPv2_gt_mesh_z_hybrid_labels/3774586759255_0.json,T_map_object_raw,T_camera_object_centered,8457.1999401797,179.37011442830936,11.313048711641004
image_3775355860820,1,219,228,0.09765625,/media/hdd2/ARCL_multicar_bags/camera_dataset/2026-05-05-12-28-13-v1/rear/EPnPv2_gt_mesh_z_hybrid_labels/3775355860820_0.json,/media/hdd2/ARCL_multicar_bags/camera_dataset/2026-05-05-12-28-13-v1/rear/EPnPv2_gt_mesh_z_hybrid_labels/3775355860820_0.json,T_map_object_raw,T_camera_object_centered,5861.202027603394,179.36780611675312,10.253168261436942
image_3775760384653,1,220,234,0.10546875,/media/hdd2/ARCL_multicar_bags/camera_dataset/2026-05-05-12-28-13-v1/rear/EPnPv2_gt_mesh_z_hybrid_labels/3775760384653_0.json,/media/hdd2/ARCL_multicar_bags/camera_dataset/2026-05-05-12-28-13-v1/rear/EPnPv2_gt_mesh_z_hybrid_labels/3775760384653_0.json,T_map_object_raw,T_camera_object_centered,8509.669325456518,179.36887819872808,11.339967821638007
image_3777261409001,1,225,239,0.11328125,/media/hdd2/ARCL_multicar_bags/camera_dataset/2026-05-05-12-28-13-v1/rear/EPnPv2_gt_mesh_z_hybrid_labels/3777261409001_0.json,/media/hdd2/ARCL_multicar_bags/camera_dataset/2026-05-05-12-28-13-v1/rear/EPnPv2_gt_mesh_z_hybrid_labels/3777261409001_0.json,T_map_object_raw,T_camera_object_centered,5129.947863924398,179.36127795670572,12.267756675048453
image_3781274953564,1,230,249,0.1015625,/media/hdd2/ARCL_multicar_bags/camera_dataset/2026-05-05-12-28-13-v1/rear/EPnPv2_gt_mesh_z_hybrid_labels/3781274953564_0.json,/media/hdd2/ARCL_multicar_bags/camera_dataset/2026-05-05-12-28-13-v1/rear/EPnPv2_gt_mesh_z_hybrid_labels/3781274953564_0.json,T_map_object_raw,T_camera_object_centered,8791.420638484973,179.38078674975293,11.505560448027426
image_3783572589799,1,232,251,0.1015625,/media/hdd2/ARCL_multicar_bags/camera_dataset/2026-05-05-12-28-13-v1/rear/EPnPv2_gt_mesh_z_hybrid_labels/3783572589799_0.json,/media/hdd2/ARCL_multicar_bags/camera_dataset/2026-05-05-12-28-13-v1/rear/EPnPv2_gt_mesh_z_hybrid_labels/3783572589799_0.json,T_map_object_raw,T_camera_object_centered,5998.375231932456,179.37548720762882,10.668430256815787
image_3784265309743,1,235,254,0.1015625,/media/hdd2/ARCL_multicar_bags/camera_dataset/2026-05-05-12-28-13-v1/rear/EPnPv2_gt_mesh_z_hybrid_labels/3784265309743_0.json,/media/hdd2/ARCL_multicar_bags/camera_dataset/2026-05-05-12-28-13-v1/rear/EPnPv2_gt_mesh_z_hybrid_labels/3784265309743_0.json,T_map_object_raw,T_camera_object_centered,8664.232466139469,179.3823186887516,11.310845771728506
image_3785657246732,1,237,256,0.1015625,/media/hdd2/ARCL_multicar_bags/camera_dataset/2026-05-05-12-28-13-v1/rear/EPnPv2_gt_mesh_z_hybrid_labels/3785657246732_0.json,/media/hdd2/ARCL_multicar_bags/camera_dataset/2026-05-05-12-28-13-v1/rear/EPnPv2_gt_mesh_z_hybrid_labels/3785657246732_0.json,T_map_object_raw,T_camera_object_centered,6102.032921709913,179.39087035433667,10.027712759833818
image_3787678655244,1,240,264,0.109375,/media/hdd2/ARCL_multicar_bags/camera_dataset/2026-05-05-12-28-13-v1/rear/EPnPv2_gt_mesh_z_hybrid_labels/3787678655244_0.json,/media/hdd2/ARCL_multicar_bags/camera_dataset/2026-05-05-12-28-13-v1/rear/EPnPv2_gt_mesh_z_hybrid_labels/3787678655244_0.json,T_map_object_raw,T_camera_object_centered,6039.840332264767,179.38299316033505,11.37985319495216
image_3792359841148,1,244,268,0.08984375,/media/hdd2/ARCL_multicar_bags/camera_dataset/2026-05-05-12-28-13-v1/rear/EPnPv2_gt_mesh_z_hybrid_labels/3792359841148_0.json,/media/hdd2/ARCL_multicar_bags/camera_dataset/2026-05-05-12-28-13-v1/rear/EPnPv2_gt_mesh_z_hybrid_labels/3792359841148_0.json,T_map_object_raw,T_camera_object_centered,5062.576113000456,179.3618474171984,9.649668004679349
image_3794273655888,1,248,272,0.125,/media/hdd2/ARCL_multicar_bags/camera_dataset/2026-05-05-12-28-13-v1/rear/EPnPv2_gt_mesh_z_hybrid_labels/3794273655888_0.json,/media/hdd2/ARCL_multicar_bags/camera_dataset/2026-05-05-12-28-13-v1/rear/EPnPv2_gt_mesh_z_hybrid_labels/3794273655888_0.json,T_map_object_raw,T_camera_object_centered,6849.42885793878,179.38133858919196,9.348308902243488
image_3794581677806,1,250,278,0.14453125,/media/hdd2/ARCL_multicar_bags/camera_dataset/2026-05-05-12-28-13-v1/rear/EPnPv2_gt_mesh_z_hybrid_labels/3794581677806_0.json,/media/hdd2/ARCL_multicar_bags/camera_dataset/2026-05-05-12-28-13-v1/rear/EPnPv2_gt_mesh_z_hybrid_labels/3794581677806_0.json,T_map_object_raw,T_camera_object_centered,6529.842364438602,179.37095257494553,9.679563235171972
image_3794960739965,1,251,279,0.08984375,/media/hdd2/ARCL_multicar_bags/camera_dataset/2026-05-05-12-28-13-v1/rear/EPnPv2_gt_mesh_z_hybrid_labels/3794960739965_0.json,/media/hdd2/ARCL_multicar_bags/camera_dataset/2026-05-05-12-28-13-v1/rear/EPnPv2_gt_mesh_z_hybrid_labels/3794960739965_0.json,T_map_object_raw,T_camera_object_centered,3485.458652687183,179.32918364034686,11.472828208830665
image_3795372624750,1,252,280,0.08203125,/media/hdd2/ARCL_multicar_bags/camera_dataset/2026-05-05-12-28-13-v1/rear/EPnPv2_gt_mesh_z_hybrid_labels/3795372624750_0.json,/media/hdd2/ARCL_multicar_bags/camera_dataset/2026-05-05-12-28-13-v1/rear/EPnPv2_gt_mesh_z_hybrid_labels/3795372624750_0.json,T_map_object_raw,T_camera_object_centered,3352.3718166702115,179.3229944108992,9.932943012612103
image_3839065689407,1,322,411,0.0625,/media/hdd2/ARCL_multicar_bags/camera_dataset/2026-05-05-12-28-13-v1/rear/EPnPv2_gt_mesh_z_hybrid_labels/3839065689407_0.json,/media/hdd2/ARCL_multicar_bags/camera_dataset/2026-05-05-12-28-13-v1/rear/EPnPv2_gt_mesh_z_hybrid_labels/3839065689407_0.json,T_map_object_raw,T_camera_object_centered,4222.709644604616,172.16606560891196,86.59733873071798
image_3851872519047,1,337,441,0.09375,/media/hdd2/ARCL_multicar_bags/camera_dataset/2026-05-05-12-28-13-v1/rear/EPnPv2_gt_mesh_z_hybrid_labels/3851872519047_0.json,/media/hdd2/ARCL_multicar_bags/camera_dataset/2026-05-05-12-28-13-v1/rear/EPnPv2_gt_mesh_z_hybrid_labels/3851872519047_0.json,T_map_object_raw,T_camera_object_centered,6179.205445088817,175.30308589956428,15.440666094560637
image_3852671317446,1,338,442,0.078125,/media/hdd2/ARCL_multicar_bags/camera_dataset/2026-05-05-12-28-13-v1/rear/EPnPv2_gt_mesh_z_hybrid_labels/3852671317446_0.json,/media/hdd2/ARCL_multicar_bags/camera_dataset/2026-05-05-12-28-13-v1/rear/EPnPv2_gt_mesh_z_hybrid_labels/3852671317446_0.json,T_map_object_raw,T_camera_object_centered,3764.7114677354302,175.83915717948616,10.883338658763511
image_3855457731916,1,347,460,0.09375,/media/hdd2/ARCL_multicar_bags/camera_dataset/2026-05-05-12-28-13-v1/rear/EPnPv2_gt_mesh_z_hybrid_labels/3855457731916_0.json,/media/hdd2/ARCL_multicar_bags/camera_dataset/2026-05-05-12-28-13-v1/rear/EPnPv2_gt_mesh_z_hybrid_labels/3855457731916_0.json,T_map_object_raw,T_camera_object_centered,7552.886970183504,169.54601188683537,20.070880387405488
image_3855457731916,1,347,460,0.09375,/media/hdd2/ARCL_multicar_bags/camera_dataset/2026-05-05-12-28-13-v1/rear/EPnPv2_gt_mesh_z_hybrid_labels/3855457731916_1.json,/media/hdd2/ARCL_multicar_bags/camera_dataset/2026-05-05-12-28-13-v1/rear/EPnPv2_gt_mesh_z_hybrid_labels/3855457731916_1.json,T_map_object_raw,T_camera_object_centered,7552.886970183504,169.54601188683537,20.070880387405488
image_3856970356040,1,349,465,0.08203125,/media/hdd2/ARCL_multicar_bags/camera_dataset/2026-05-05-12-28-13-v1/rear/EPnPv2_gt_mesh_z_hybrid_labels/3856970356040_0.json,/media/hdd2/ARCL_multicar_bags/camera_dataset/2026-05-05-12-28-13-v1/rear/EPnPv2_gt_mesh_z_hybrid_labels/3856970356040_0.json,T_map_object_raw,T_camera_object_centered,8476.586569391839,173.88225472440092,23.03026585121676
image_3856970356040,1,349,465,0.08203125,/media/hdd2/ARCL_multicar_bags/camera_dataset/2026-05-05-12-28-13-v1/rear/EPnPv2_gt_mesh_z_hybrid_labels/3856970356040_1.json,/media/hdd2/ARCL_multicar_bags/camera_dataset/2026-05-05-12-28-13-v1/rear/EPnPv2_gt_mesh_z_hybrid_labels/3856970356040_1.json,T_map_object_raw,T_camera_object_centered,8476.586569391839,173.88225472440092,23.03026585121676
image_3873873664265,1,381,518,0.05078125,/media/hdd2/ARCL_multicar_bags/camera_dataset/2026-05-05-12-28-13-v1/rear/EPnPv2_gt_mesh_z_hybrid_labels/3873873664265_0.json,/media/hdd2/ARCL_multicar_bags/camera_dataset/2026-05-05-12-28-13-v1/rear/EPnPv2_gt_mesh_z_hybrid_labels/3873873664265_0.json,T_map_object_raw,T_camera_object_centered,9057.666821860566,174.15974125135932,10.559111237911452
image_3873873664265,1,381,518,0.05078125,/media/hdd2/ARCL_multicar_bags/camera_dataset/2026-05-05-12-28-13-v1/rear/EPnPv2_gt_mesh_z_hybrid_labels/3873873664265_1.json,/media/hdd2/ARCL_multicar_bags/camera_dataset/2026-05-05-12-28-13-v1/rear/EPnPv2_gt_mesh_z_hybrid_labels/3873873664265_1.json,T_map_object_raw,T_camera_object_centered,9057.666821860566,174.15974125135932,10.559111237911452
image_3876394925940,1,389,533,0.09375,/media/hdd2/ARCL_multicar_bags/camera_dataset/2026-05-05-12-28-13-v1/rear/EPnPv2_gt_mesh_z_hybrid_labels/3876394925940_0.json,/media/hdd2/ARCL_multicar_bags/camera_dataset/2026-05-05-12-28-13-v1/rear/EPnPv2_gt_mesh_z_hybrid_labels/3876394925940_0.json,T_map_object_raw,T_camera_object_centered,9433.140319198163,171.92852980124576,19.295684147202476
image_3876394925940,1,389,533,0.09375,/media/hdd2/ARCL_multicar_bags/camera_dataset/2026-05-05-12-28-13-v1/rear/EPnPv2_gt_mesh_z_hybrid_labels/3876394925940_1.json,/media/hdd2/ARCL_multicar_bags/camera_dataset/2026-05-05-12-28-13-v1/rear/EPnPv2_gt_mesh_z_hybrid_labels/3876394925940_1.json,T_map_object_raw,T_camera_object_centered,9433.140319198163,171.92852980124576,19.295684147202476
image_3884256725142,1,396,548,0.109375,/media/hdd2/ARCL_multicar_bags/camera_dataset/2026-05-05-12-28-13-v1/rear/EPnPv2_gt_mesh_z_hybrid_labels/3884256725142_0.json,/media/hdd2/ARCL_multicar_bags/camera_dataset/2026-05-05-12-28-13-v1/rear/EPnPv2_gt_mesh_z_hybrid_labels/3884256725142_0.json,T_map_object_raw,T_camera_object_centered,4098.132539025164,176.29867559799885,15.6620530409549
image_3884256725142,1,396,548,0.109375,/media/hdd2/ARCL_multicar_bags/camera_dataset/2026-05-05-12-28-13-v1/rear/EPnPv2_gt_mesh_z_hybrid_labels/3884256725142_1.json,/media/hdd2/ARCL_multicar_bags/camera_dataset/2026-05-05-12-28-13-v1/rear/EPnPv2_gt_mesh_z_hybrid_labels/3884256725142_1.json,T_map_object_raw,T_camera_object_centered,4098.132539025164,176.29867559799885,15.6620530409549
image_3885761103876,1,399,554,0.13671875,/media/hdd2/ARCL_multicar_bags/camera_dataset/2026-05-05-12-28-13-v1/rear/EPnPv2_gt_mesh_z_hybrid_labels/3885761103876_0.json,/media/hdd2/ARCL_multicar_bags/camera_dataset/2026-05-05-12-28-13-v1/rear/EPnPv2_gt_mesh_z_hybrid_labels/3885761103876_0.json,T_map_object_raw,T_camera_object_centered,7364.178495872614,177.82519373847558,24.218025287188542
image_3886168226445,1,401,562,0.125,/media/hdd2/ARCL_multicar_bags/camera_dataset/2026-05-05-12-28-13-v1/rear/EPnPv2_gt_mesh_z_hybrid_labels/3886168226445_0.json,/media/hdd2/ARCL_multicar_bags/camera_dataset/2026-05-05-12-28-13-v1/rear/EPnPv2_gt_mesh_z_hybrid_labels/3886168226445_0.json,T_map_object_raw,T_camera_object_centered,5351.9514698635485,177.9110413724381,31.19198624076431
image_3886168226445,1,401,562,0.125,/media/hdd2/ARCL_multicar_bags/camera_dataset/2026-05-05-12-28-13-v1/rear/EPnPv2_gt_mesh_z_hybrid_labels/3886168226445_1.json,/media/hdd2/ARCL_multicar_bags/camera_dataset/2026-05-05-12-28-13-v1/rear/EPnPv2_gt_mesh_z_hybrid_labels/3886168226445_1.json,T_map_object_raw,T_camera_object_centered,5351.9514698635485,177.9110413724381,31.19198624076431
image_3891061218727,1,405,570,0.11328125,/media/hdd2/ARCL_multicar_bags/camera_dataset/2026-05-05-12-28-13-v1/rear/EPnPv2_gt_mesh_z_hybrid_labels/3891061218727_0.json,/media/hdd2/ARCL_multicar_bags/camera_dataset/2026-05-05-12-28-13-v1/rear/EPnPv2_gt_mesh_z_hybrid_labels/3891061218727_0.json,T_map_object_raw,T_camera_object_centered,4249.589320790135,163.93373252073448,39.770991537484164
image_4238167703836,1,599,826,0.0703125,/media/hdd2/ARCL_multicar_bags/camera_dataset/2026-05-05-12-28-13-v1/rear/EPnPv2_gt_mesh_z_hybrid_labels/4238167703836_0.json,/media/hdd2/ARCL_multicar_bags/camera_dataset/2026-05-05-12-28-13-v1/rear/EPnPv2_gt_mesh_z_hybrid_labels/4238167703836_0.json,T_map_object_raw,T_camera_object_centered,6183.003670348348,177.0323449914881,69.45944468736354
image_4245189441771,1,606,843,0.09375,/media/hdd2/ARCL_multicar_bags/camera_dataset/2026-05-05-12-28-13-v1/rear/EPnPv2_gt_mesh_z_hybrid_labels/4245189441771_0.json,/media/hdd2/ARCL_multicar_bags/camera_dataset/2026-05-05-12-28-13-v1/rear/EPnPv2_gt_mesh_z_hybrid_labels/4245189441771_0.json,T_map_object_raw,T_camera_object_centered,5332.656419150907,175.19127702040836,4.639073127951077
image_4267564439430,1,628,885,0.109375,/media/hdd2/ARCL_multicar_bags/camera_dataset/2026-05-05-12-28-13-v1/rear/EPnPv2_gt_mesh_z_hybrid_labels/4267564439430_0.json,/media/hdd2/ARCL_multicar_bags/camera_dataset/2026-05-05-12-28-13-v1/rear/EPnPv2_gt_mesh_z_hybrid_labels/4267564439430_0.json,T_map_object_raw,T_camera_object_centered,8357.788095538424,174.92112763475902,10.976036205786183
image_4267667299020,1,629,887,0.0859375,/media/hdd2/ARCL_multicar_bags/camera_dataset/2026-05-05-12-28-13-v1/rear/EPnPv2_gt_mesh_z_hybrid_labels/4267667299020_0.json,/media/hdd2/ARCL_multicar_bags/camera_dataset/2026-05-05-12-28-13-v1/rear/EPnPv2_gt_mesh_z_hybrid_labels/4267667299020_0.json,T_map_object_raw,T_camera_object_centered,6719.006296586788,175.6190750001136,8.90258959841124
image_4279262631657,1,652,927,0.12890625,/media/hdd2/ARCL_multicar_bags/camera_dataset/2026-05-05-12-28-13-v1/rear/EPnPv2_gt_mesh_z_hybrid_labels/4279262631657_0.json,/media/hdd2/ARCL_multicar_bags/camera_dataset/2026-05-05-12-28-13-v1/rear/EPnPv2_gt_mesh_z_hybrid_labels/4279262631657_0.json,T_map_object_raw,T_camera_object_centered,4255.217134726327,173.64312695889603,14.001894290641967
image_4282475766956,1,656,935,0.09765625,/media/hdd2/ARCL_multicar_bags/camera_dataset/2026-05-05-12-28-13-v1/rear/EPnPv2_gt_mesh_z_hybrid_labels/4282475766956_0.json,/media/hdd2/ARCL_multicar_bags/camera_dataset/2026-05-05-12-28-13-v1/rear/EPnPv2_gt_mesh_z_hybrid_labels/4282475766956_0.json,T_map_object_raw,T_camera_object_centered,8573.587132970639,179.41714787133117,14.012843659609572
image_4284061916458,1,657,937,0.09765625,/media/hdd2/ARCL_multicar_bags/camera_dataset/2026-05-05-12-28-13-v1/rear/EPnPv2_gt_mesh_z_hybrid_labels/4284061916458_0.json,/media/hdd2/ARCL_multicar_bags/camera_dataset/2026-05-05-12-28-13-v1/rear/EPnPv2_gt_mesh_z_hybrid_labels/4284061916458_0.json,T_map_object_raw,T_camera_object_centered,6996.485855070998,179.62815482114408,11.62517033337343
image_4323377217692,1,687,994,0.06640625,/media/hdd2/ARCL_multicar_bags/camera_dataset/2026-05-05-12-28-13-v1/rear/EPnPv2_gt_mesh_z_hybrid_labels/4323377217692_0.json,/media/hdd2/ARCL_multicar_bags/camera_dataset/2026-05-05-12-28-13-v1/rear/EPnPv2_gt_mesh_z_hybrid_labels/4323377217692_0.json,T_map_object_raw,T_camera_object_centered,5376.633076366162,175.1339883673395,8.525559992277579
image_4330567432486,1,696,1011,0.0859375,/media/hdd2/ARCL_multicar_bags/camera_dataset/2026-05-05-12-28-13-v1/rear/EPnPv2_gt_mesh_z_hybrid_labels/4330567432486_0.json,/media/hdd2/ARCL_multicar_bags/camera_dataset/2026-05-05-12-28-13-v1/rear/EPnPv2_gt_mesh_z_hybrid_labels/4330567432486_0.json,T_map_object_raw,T_camera_object_centered,8316.469772340632,177.67921234704247,12.648964836354796
image_3647144401205,1,27,233,0.09375,/media/hdd2/ARCL_multicar_bags/camera_dataset/2026-05-05-12-28-13-v2/rear/EPnPv2_gt_mesh_z_hybrid_labels/3647144401205_0.json,/media/hdd2/ARCL_multicar_bags/camera_dataset/2026-05-05-12-28-13-v2/rear/EPnPv2_gt_mesh_z_hybrid_labels/3647144401205_0.json,T_map_object_raw,T_camera_object_centered,8355.621376668405,163.48241133533773,7.564855611497912
image_3649243584014,1,28,235,0.05859375,/media/hdd2/ARCL_multicar_bags/camera_dataset/2026-05-05-12-28-13-v2/rear/EPnPv2_gt_mesh_z_hybrid_labels/3649243584014_0.json,/media/hdd2/ARCL_multicar_bags/camera_dataset/2026-05-05-12-28-13-v2/rear/EPnPv2_gt_mesh_z_hybrid_labels/3649243584014_0.json,T_map_object_raw,T_camera_object_centered,4556.222694277708,165.9219454436234,8.96984539533633
image_3650142537889,1,29,237,0.08203125,/media/hdd2/ARCL_multicar_bags/camera_dataset/2026-05-05-12-28-13-v2/rear/EPnPv2_gt_mesh_z_hybrid_labels/3650142537889_0.json,/media/hdd2/ARCL_multicar_bags/camera_dataset/2026-05-05-12-28-13-v2/rear/EPnPv2_gt_mesh_z_hybrid_labels/3650142537889_0.json,T_map_object_raw,T_camera_object_centered,9159.360486724308,166.08922872756628,8.773144420340751
image_3653462384259,1,32,245,0.05078125,/media/hdd2/ARCL_multicar_bags/camera_dataset/2026-05-05-12-28-13-v2/rear/EPnPv2_gt_mesh_z_hybrid_labels/3653462384259_0.json,/media/hdd2/ARCL_multicar_bags/camera_dataset/2026-05-05-12-28-13-v2/rear/EPnPv2_gt_mesh_z_hybrid_labels/3653462384259_0.json,T_map_object_raw,T_camera_object_centered,7204.472777719077,176.47795979547257,13.96362913096712
image_3654241852183,1,33,247,0.07421875,/media/hdd2/ARCL_multicar_bags/camera_dataset/2026-05-05-12-28-13-v2/rear/EPnPv2_gt_mesh_z_hybrid_labels/3654241852183_0.json,/media/hdd2/ARCL_multicar_bags/camera_dataset/2026-05-05-12-28-13-v2/rear/EPnPv2_gt_mesh_z_hybrid_labels/3654241852183_0.json,T_map_object_raw,T_camera_object_centered,7389.685855399912,176.79550623103196,13.38927638090962
image_3660141935681,1,37,255,0.0546875,/media/hdd2/ARCL_multicar_bags/camera_dataset/2026-05-05-12-28-13-v2/rear/EPnPv2_gt_mesh_z_hybrid_labels/3660141935681_0.json,/media/hdd2/ARCL_multicar_bags/camera_dataset/2026-05-05-12-28-13-v2/rear/EPnPv2_gt_mesh_z_hybrid_labels/3660141935681_0.json,T_map_object_raw,T_camera_object_centered,3612.944141211955,173.93958421400652,5.056451533635028
image_3735542748583,1,65,312,0.078125,/media/hdd2/ARCL_multicar_bags/camera_dataset/2026-05-05-12-28-13-v2/rear/EPnPv2_gt_mesh_z_hybrid_labels/3735542748583_0.json,/media/hdd2/ARCL_multicar_bags/camera_dataset/2026-05-05-12-28-13-v2/rear/EPnPv2_gt_mesh_z_hybrid_labels/3735542748583_0.json,T_map_object_raw,T_camera_object_centered,4451.138801595533,176.43225269743243,7.024793123886086
image_3738443044778,1,69,320,0.1015625,/media/hdd2/ARCL_multicar_bags/camera_dataset/2026-05-05-12-28-13-v2/rear/EPnPv2_gt_mesh_z_hybrid_labels/3738443044778_0.json,/media/hdd2/ARCL_multicar_bags/camera_dataset/2026-05-05-12-28-13-v2/rear/EPnPv2_gt_mesh_z_hybrid_labels/3738443044778_0.json,T_map_object_raw,T_camera_object_centered,3692.831320573715,175.4953876780901,5.731002094204483
image_3741842795847,1,72,327,0.16015625,/media/hdd2/ARCL_multicar_bags/camera_dataset/2026-05-05-12-28-13-v2/rear/EPnPv2_gt_mesh_z_hybrid_labels/3741842795847_0.json,/media/hdd2/ARCL_multicar_bags/camera_dataset/2026-05-05-12-28-13-v2/rear/EPnPv2_gt_mesh_z_hybrid_labels/3741842795847_0.json,T_map_object_raw,T_camera_object_centered,5986.166646087785,175.03606390511302,2.827983337548275
image_3742343281580,1,73,329,0.1015625,/media/hdd2/ARCL_multicar_bags/camera_dataset/2026-05-05-12-28-13-v2/rear/EPnPv2_gt_mesh_z_hybrid_labels/3742343281580_0.json,/media/hdd2/ARCL_multicar_bags/camera_dataset/2026-05-05-12-28-13-v2/rear/EPnPv2_gt_mesh_z_hybrid_labels/3742343281580_0.json,T_map_object_raw,T_camera_object_centered,3008.368265299824,175.89903332859743,10.973322227352181
image_3795544627168,1,90,365,0.06640625,/media/hdd2/ARCL_multicar_bags/camera_dataset/2026-05-05-12-28-13-v2/rear/EPnPv2_gt_mesh_z_hybrid_labels/3795544627168_0.json,/media/hdd2/ARCL_multicar_bags/camera_dataset/2026-05-05-12-28-13-v2/rear/EPnPv2_gt_mesh_z_hybrid_labels/3795544627168_0.json,T_map_object_raw,T_camera_object_centered,7236.700632447235,179.778385076383,10.963295398802122
image_3796243620384,1,91,367,0.078125,/media/hdd2/ARCL_multicar_bags/camera_dataset/2026-05-05-12-28-13-v2/rear/EPnPv2_gt_mesh_z_hybrid_labels/3796243620384_0.json,/media/hdd2/ARCL_multicar_bags/camera_dataset/2026-05-05-12-28-13-v2/rear/EPnPv2_gt_mesh_z_hybrid_labels/3796243620384_0.json,T_map_object_raw,T_camera_object_centered,4597.051403961674,179.3830870236773,15.990836679734176
image_3798748048946,1,94,373,0.0546875,/media/hdd2/ARCL_multicar_bags/camera_dataset/2026-05-05-12-28-13-v2/rear/EPnPv2_gt_mesh_z_hybrid_labels/3798748048946_0.json,/media/hdd2/ARCL_multicar_bags/camera_dataset/2026-05-05-12-28-13-v2/rear/EPnPv2_gt_mesh_z_hybrid_labels/3798748048946_0.json,T_map_object_raw,T_camera_object_centered,6811.895477098634,179.35922811588327,15.246930778128615
image_3800443418515,1,96,377,0.07421875,/media/hdd2/ARCL_multicar_bags/camera_dataset/2026-05-05-12-28-13-v2/rear/EPnPv2_gt_mesh_z_hybrid_labels/3800443418515_0.json,/media/hdd2/ARCL_multicar_bags/camera_dataset/2026-05-05-12-28-13-v2/rear/EPnPv2_gt_mesh_z_hybrid_labels/3800443418515_0.json,T_map_object_raw,T_camera_object_centered,8208.277523679943,179.42183148556003,11.097344542433213
image_3847944015705,1,110,28,0.078125,/media/hdd2/ARCL_multicar_bags/camera_dataset/2026-05-05-12-28-13-v2/rear/EPnPv2_gt_mesh_z_hybrid_labels/3847944015705_0.json,/media/hdd2/ARCL_multicar_bags/camera_dataset/2026-05-05-12-28-13-v2/rear/EPnPv2_gt_mesh_z_hybrid_labels/3847944015705_0.json,T_map_object_raw,T_camera_object_centered,2875.8235434786866,163.87087616845488,4.420119517271538
image_3881946113995,1,122,55,0.06640625,/media/hdd2/ARCL_multicar_bags/camera_dataset/2026-05-05-12-28-13-v2/rear/EPnPv2_gt_mesh_z_hybrid_labels/3881946113995_0.json,/media/hdd2/ARCL_multicar_bags/camera_dataset/2026-05-05-12-28-13-v2/rear/EPnPv2_gt_mesh_z_hybrid_labels/3881946113995_0.json,T_map_object_raw,T_camera_object_centered,3542.9095805013976,175.23581791249234,21.9641147160047
image_3882644420339,1,123,56,0.0546875,/media/hdd2/ARCL_multicar_bags/camera_dataset/2026-05-05-12-28-13-v2/rear/EPnPv2_gt_mesh_z_hybrid_labels/3882644420339_0.json,/media/hdd2/ARCL_multicar_bags/camera_dataset/2026-05-05-12-28-13-v2/rear/EPnPv2_gt_mesh_z_hybrid_labels/3882644420339_0.json,T_map_object_raw,T_camera_object_centered,4132.175091425919,177.15346582825785,22.706526058049405
image_3913345698774,1,137,88,0.10546875,/media/hdd2/ARCL_multicar_bags/camera_dataset/2026-05-05-12-28-13-v2/rear/EPnPv2_gt_mesh_z_hybrid_labels/3913345698774_0.json,/media/hdd2/ARCL_multicar_bags/camera_dataset/2026-05-05-12-28-13-v2/rear/EPnPv2_gt_mesh_z_hybrid_labels/3913345698774_0.json,T_map_object_raw,T_camera_object_centered,4820.966379224627,177.53681833611066,17.461576884672937
image_3913345698774,1,137,88,0.10546875,/media/hdd2/ARCL_multicar_bags/camera_dataset/2026-05-05-12-28-13-v2/rear/EPnPv2_gt_mesh_z_hybrid_labels/3913345698774_1.json,/media/hdd2/ARCL_multicar_bags/camera_dataset/2026-05-05-12-28-13-v2/rear/EPnPv2_gt_mesh_z_hybrid_labels/3913345698774_1.json,T_map_object_raw,T_camera_object_centered,4820.966379224627,177.53681833611066,17.461576884672937
image_3915344895794,1,138,91,0.06640625,/media/hdd2/ARCL_multicar_bags/camera_dataset/2026-05-05-12-28-13-v2/rear/EPnPv2_gt_mesh_z_hybrid_labels/3915344895794_0.json,/media/hdd2/ARCL_multicar_bags/camera_dataset/2026-05-05-12-28-13-v2/rear/EPnPv2_gt_mesh_z_hybrid_labels/3915344895794_0.json,T_map_object_raw,T_camera_object_centered,7436.293074294345,177.66569305897838,14.488029063780408
image_3915344895794,1,138,91,0.06640625,/media/hdd2/ARCL_multicar_bags/camera_dataset/2026-05-05-12-28-13-v2/rear/EPnPv2_gt_mesh_z_hybrid_labels/3915344895794_1.json,/media/hdd2/ARCL_multicar_bags/camera_dataset/2026-05-05-12-28-13-v2/rear/EPnPv2_gt_mesh_z_hybrid_labels/3915344895794_1.json,T_map_object_raw,T_camera_object_centered,7436.293074294345,177.66569305897838,14.488029063780408
image_3916444678387,1,139,94,0.10546875,/media/hdd2/ARCL_multicar_bags/camera_dataset/2026-05-05-12-28-13-v2/rear/EPnPv2_gt_mesh_z_hybrid_labels/3916444678387_0.json,/media/hdd2/ARCL_multicar_bags/camera_dataset/2026-05-05-12-28-13-v2/rear/EPnPv2_gt_mesh_z_hybrid_labels/3916444678387_0.json,T_map_object_raw,T_camera_object_centered,5171.694477995483,177.66796412941835,13.839678253430462
image_3916444678387,1,139,94,0.10546875,/media/hdd2/ARCL_multicar_bags/camera_dataset/2026-05-05-12-28-13-v2/rear/EPnPv2_gt_mesh_z_hybrid_labels/3916444678387_1.json,/media/hdd2/ARCL_multicar_bags/camera_dataset/2026-05-05-12-28-13-v2/rear/EPnPv2_gt_mesh_z_hybrid_labels/3916444678387_1.json,T_map_object_raw,T_camera_object_centered,5171.694477995483,177.66796412941835,13.839678253430462
image_3916944885137,1,140,100,0.06640625,/media/hdd2/ARCL_multicar_bags/camera_dataset/2026-05-05-12-28-13-v2/rear/EPnPv2_gt_mesh_z_hybrid_labels/3916944885137_0.json,/media/hdd2/ARCL_multicar_bags/camera_dataset/2026-05-05-12-28-13-v2/rear/EPnPv2_gt_mesh_z_hybrid_labels/3916944885137_0.json,T_map_object_raw,T_camera_object_centered,3140.043963177901,168.0832811114825,4.288599070033256
image_3916944885137,1,140,100,0.06640625,/media/hdd2/ARCL_multicar_bags/camera_dataset/2026-05-05-12-28-13-v2/rear/EPnPv2_gt_mesh_z_hybrid_labels/3916944885137_1.json,/media/hdd2/ARCL_multicar_bags/camera_dataset/2026-05-05-12-28-13-v2/rear/EPnPv2_gt_mesh_z_hybrid_labels/3916944885137_1.json,T_map_object_raw,T_camera_object_centered,3140.043963177901,168.0832811114825,4.288599070033256
image_3920845291781,1,141,101,0.14453125,/media/hdd2/ARCL_multicar_bags/camera_dataset/2026-05-05-12-28-13-v2/rear/EPnPv2_gt_mesh_z_hybrid_labels/3920845291781_0.json,/media/hdd2/ARCL_multicar_bags/camera_dataset/2026-05-05-12-28-13-v2/rear/EPnPv2_gt_mesh_z_hybrid_labels/3920845291781_0.json,T_map_object_raw,T_camera_object_centered,5512.1980705400665,177.39762242600256,7.9688001159225665
image_3920845291781,1,141,101,0.14453125,/media/hdd2/ARCL_multicar_bags/camera_dataset/2026-05-05-12-28-13-v2/rear/EPnPv2_gt_mesh_z_hybrid_labels/3920845291781_1.json,/media/hdd2/ARCL_multicar_bags/camera_dataset/2026-05-05-12-28-13-v2/rear/EPnPv2_gt_mesh_z_hybrid_labels/3920845291781_1.json,T_map_object_raw,T_camera_object_centered,5512.1980705400665,177.39762242600256,7.9688001159225665
image_4002447213208,1,172,170,0.09765625,/media/hdd2/ARCL_multicar_bags/camera_dataset/2026-05-05-12-28-13-v2/rear/EPnPv2_gt_mesh_z_hybrid_labels/4002447213208_0.json,/media/hdd2/ARCL_multicar_bags/camera_dataset/2026-05-05-12-28-13-v2/rear/EPnPv2_gt_mesh_z_hybrid_labels/4002447213208_0.json,T_map_object_raw,T_camera_object_centered,9072.714416432165,177.99952049284335,4.753352261001609
image_4002447213208,1,172,170,0.09765625,/media/hdd2/ARCL_multicar_bags/camera_dataset/2026-05-05-12-28-13-v2/rear/EPnPv2_gt_mesh_z_hybrid_labels/4002447213208_1.json,/media/hdd2/ARCL_multicar_bags/camera_dataset/2026-05-05-12-28-13-v2/rear/EPnPv2_gt_mesh_z_hybrid_labels/4002447213208_1.json,T_map_object_raw,T_camera_object_centered,9072.714416432165,177.99952049284335,4.753352261001609
image_4004745967991,1,173,171,0.10546875,/media/hdd2/ARCL_multicar_bags/camera_dataset/2026-05-05-12-28-13-v2/rear/EPnPv2_gt_mesh_z_hybrid_labels/4004745967991_0.json,/media/hdd2/ARCL_multicar_bags/camera_dataset/2026-05-05-12-28-13-v2/rear/EPnPv2_gt_mesh_z_hybrid_labels/4004745967991_0.json,T_map_object_raw,T_camera_object_centered,9835.389041162765,176.395266631479,5.075886687976867
image_4011647112576,1,181,189,0.078125,/media/hdd2/ARCL_multicar_bags/camera_dataset/2026-05-05-12-28-13-v2/rear/EPnPv2_gt_mesh_z_hybrid_labels/4011647112576_0.json,/media/hdd2/ARCL_multicar_bags/camera_dataset/2026-05-05-12-28-13-v2/rear/EPnPv2_gt_mesh_z_hybrid_labels/4011647112576_0.json,T_map_object_raw,T_camera_object_centered,3534.4771201444682,173.33063795847937,5.448477135070279
image_3715725975502,1,390,5461,0.1171875,/media/hdd2/ARCL_multicar_bags/camera_dataset/2026-05-18-v1-v4/rear/EPnPv2_gt_mesh_z_hybrid_labels/3715725975502_0.json,/media/hdd2/ARCL_multicar_bags/camera_dataset/2026-05-18-v1-v4/rear/EPnPv2_gt_mesh_z_hybrid_labels/3715725975502_0.json,T_map_object_raw,T_camera_object_centered,7433.166039977498,174.79894439550966,28.17803649015891
image_3716527762197,1,396,5481,0.13671875,/media/hdd2/ARCL_multicar_bags/camera_dataset/2026-05-18-v1-v4/rear/EPnPv2_gt_mesh_z_hybrid_labels/3716527762197_0.json,/media/hdd2/ARCL_multicar_bags/camera_dataset/2026-05-18-v1-v4/rear/EPnPv2_gt_mesh_z_hybrid_labels/3716527762197_0.json,T_map_object_raw,T_camera_object_centered,2465.6031075593473,179.876941051679,5.114396181460251
image_3716727843460,1,398,5487,0.1328125,/media/hdd2/ARCL_multicar_bags/camera_dataset/2026-05-18-v1-v4/rear/EPnPv2_gt_mesh_z_hybrid_labels/3716727843460_0.json,/media/hdd2/ARCL_multicar_bags/camera_dataset/2026-05-18-v1-v4/rear/EPnPv2_gt_mesh_z_hybrid_labels/3716727843460_0.json,T_map_object_raw,T_camera_object_centered,2725.521686137356,178.42186731468226,5.572465858893419
image_3716824696306,1,399,5490,0.125,/media/hdd2/ARCL_multicar_bags/camera_dataset/2026-05-18-v1-v4/rear/EPnPv2_gt_mesh_z_hybrid_labels/3716824696306_0.json,/media/hdd2/ARCL_multicar_bags/camera_dataset/2026-05-18-v1-v4/rear/EPnPv2_gt_mesh_z_hybrid_labels/3716824696306_0.json,T_map_object_raw,T_camera_object_centered,1175.025314773584,178.6178221714517,7.377010994765096
image_3716925557685,1,400,5495,0.13671875,/media/hdd2/ARCL_multicar_bags/camera_dataset/2026-05-18-v1-v4/rear/EPnPv2_gt_mesh_z_hybrid_labels/3716925557685_0.json,/media/hdd2/ARCL_multicar_bags/camera_dataset/2026-05-18-v1-v4/rear/EPnPv2_gt_mesh_z_hybrid_labels/3716925557685_0.json,T_map_object_raw,T_camera_object_centered,3269.6156842737914,178.479096420669,7.478871874269386
image_3716925557685,1,400,5495,0.13671875,/media/hdd2/ARCL_multicar_bags/camera_dataset/2026-05-18-v1-v4/rear/EPnPv2_gt_mesh_z_hybrid_labels/3716925557685_1.json,/media/hdd2/ARCL_multicar_bags/camera_dataset/2026-05-18-v1-v4/rear/EPnPv2_gt_mesh_z_hybrid_labels/3716925557685_1.json,T_map_object_raw,T_camera_object_centered,3269.6156842737914,178.479096420669,7.478871874269386
image_3717025697805,1,401,5498,0.1328125,/media/hdd2/ARCL_multicar_bags/camera_dataset/2026-05-18-v1-v4/rear/EPnPv2_gt_mesh_z_hybrid_labels/3717025697805_0.json,/media/hdd2/ARCL_multicar_bags/camera_dataset/2026-05-18-v1-v4/rear/EPnPv2_gt_mesh_z_hybrid_labels/3717025697805_0.json,T_map_object_raw,T_camera_object_centered,1849.0260877913665,178.53806894251215,8.804362469962118
image_3717025697805,1,401,5498,0.1328125,/media/hdd2/ARCL_multicar_bags/camera_dataset/2026-05-18-v1-v4/rear/EPnPv2_gt_mesh_z_hybrid_labels/3717025697805_1.json,/media/hdd2/ARCL_multicar_bags/camera_dataset/2026-05-18-v1-v4/rear/EPnPv2_gt_mesh_z_hybrid_labels/3717025697805_1.json,T_map_object_raw,T_camera_object_centered,1849.0260877913665,178.53806894251215,8.804362469962118
image_3717127758233,1,402,5501,0.140625,/media/hdd2/ARCL_multicar_bags/camera_dataset/2026-05-18-v1-v4/rear/EPnPv2_gt_mesh_z_hybrid_labels/3717127758233_0.json,/media/hdd2/ARCL_multicar_bags/camera_dataset/2026-05-18-v1-v4/rear/EPnPv2_gt_mesh_z_hybrid_labels/3717127758233_0.json,T_map_object_raw,T_camera_object_centered,2073.3785710197017,178.52175887747288,9.760906514726368
image_3717127758233,1,402,5501,0.140625,/media/hdd2/ARCL_multicar_bags/camera_dataset/2026-05-18-v1-v4/rear/EPnPv2_gt_mesh_z_hybrid_labels/3717127758233_1.json,/media/hdd2/ARCL_multicar_bags/camera_dataset/2026-05-18-v1-v4/rear/EPnPv2_gt_mesh_z_hybrid_labels/3717127758233_1.json,T_map_object_raw,T_camera_object_centered,2073.3785710197017,178.52175887747288,9.760906514726368
image_3717227218198,1,403,5504,0.125,/media/hdd2/ARCL_multicar_bags/camera_dataset/2026-05-18-v1-v4/rear/EPnPv2_gt_mesh_z_hybrid_labels/3717227218198_0.json,/media/hdd2/ARCL_multicar_bags/camera_dataset/2026-05-18-v1-v4/rear/EPnPv2_gt_mesh_z_hybrid_labels/3717227218198_0.json,T_map_object_raw,T_camera_object_centered,2166.549544864319,176.92352666569047,10.558426100038274
image_3717227218198,1,403,5504,0.125,/media/hdd2/ARCL_multicar_bags/camera_dataset/2026-05-18-v1-v4/rear/EPnPv2_gt_mesh_z_hybrid_labels/3717227218198_1.json,/media/hdd2/ARCL_multicar_bags/camera_dataset/2026-05-18-v1-v4/rear/EPnPv2_gt_mesh_z_hybrid_labels/3717227218198_1.json,T_map_object_raw,T_camera_object_centered,2166.549544864319,176.92352666569047,10.558426100038274
image_3717328537036,1,404,5507,0.14453125,/media/hdd2/ARCL_multicar_bags/camera_dataset/2026-05-18-v1-v4/rear/EPnPv2_gt_mesh_z_hybrid_labels/3717328537036_0.json,/media/hdd2/ARCL_multicar_bags/camera_dataset/2026-05-18-v1-v4/rear/EPnPv2_gt_mesh_z_hybrid_labels/3717328537036_0.json,T_map_object_raw,T_camera_object_centered,2105.086462210037,176.93675741715703,10.20885771322905
image_3717328537036,1,404,5507,0.14453125,/media/hdd2/ARCL_multicar_bags/camera_dataset/2026-05-18-v1-v4/rear/EPnPv2_gt_mesh_z_hybrid_labels/3717328537036_1.json,/media/hdd2/ARCL_multicar_bags/camera_dataset/2026-05-18-v1-v4/rear/EPnPv2_gt_mesh_z_hybrid_labels/3717328537036_1.json,T_map_object_raw,T_camera_object_centered,2105.086462210037,176.93675741715703,10.20885771322905
image_3717425972124,1,405,5512,0.14453125,/media/hdd2/ARCL_multicar_bags/camera_dataset/2026-05-18-v1-v4/rear/EPnPv2_gt_mesh_z_hybrid_labels/3717425972124_0.json,/media/hdd2/ARCL_multicar_bags/camera_dataset/2026-05-18-v1-v4/rear/EPnPv2_gt_mesh_z_hybrid_labels/3717425972124_0.json,T_map_object_raw,T_camera_object_centered,2901.5118928382344,176.96199121531595,8.622432368502166
image_3717425972124,1,405,5512,0.14453125,/media/hdd2/ARCL_multicar_bags/camera_dataset/2026-05-18-v1-v4/rear/EPnPv2_gt_mesh_z_hybrid_labels/3717425972124_1.json,/media/hdd2/ARCL_multicar_bags/camera_dataset/2026-05-18-v1-v4/rear/EPnPv2_gt_mesh_z_hybrid_labels/3717425972124_1.json,T_map_object_raw,T_camera_object_centered,2901.5118928382344,176.96199121531595,8.622432368502166
image_3717524725937,1,406,5516,0.14453125,/media/hdd2/ARCL_multicar_bags/camera_dataset/2026-05-18-v1-v4/rear/EPnPv2_gt_mesh_z_hybrid_labels/3717524725937_0.json,/media/hdd2/ARCL_multicar_bags/camera_dataset/2026-05-18-v1-v4/rear/EPnPv2_gt_mesh_z_hybrid_labels/3717524725937_0.json,T_map_object_raw,T_camera_object_centered,4840.194978208426,170.39483799797927,10.294665184040399
image_3717625530548,1,407,5520,0.14453125,/media/hdd2/ARCL_multicar_bags/camera_dataset/2026-05-18-v1-v4/rear/EPnPv2_gt_mesh_z_hybrid_labels/3717625530548_0.json,/media/hdd2/ARCL_multicar_bags/camera_dataset/2026-05-18-v1-v4/rear/EPnPv2_gt_mesh_z_hybrid_labels/3717625530548_0.json,T_map_object_raw,T_camera_object_centered,3300.3103385519967,175.0187987560601,4.971258380615137
image_3717625530548,1,407,5520,0.14453125,/media/hdd2/ARCL_multicar_bags/camera_dataset/2026-05-18-v1-v4/rear/EPnPv2_gt_mesh_z_hybrid_labels/3717625530548_1.json,/media/hdd2/ARCL_multicar_bags/camera_dataset/2026-05-18-v1-v4/rear/EPnPv2_gt_mesh_z_hybrid_labels/3717625530548_1.json,T_map_object_raw,T_camera_object_centered,3300.3103385519967,175.0187987560601,4.971258380615137
image_3717725411451,1,408,5524,0.16015625,/media/hdd2/ARCL_multicar_bags/camera_dataset/2026-05-18-v1-v4/rear/EPnPv2_gt_mesh_z_hybrid_labels/3717725411451_0.json,/media/hdd2/ARCL_multicar_bags/camera_dataset/2026-05-18-v1-v4/rear/EPnPv2_gt_mesh_z_hybrid_labels/3717725411451_0.json,T_map_object_raw,T_camera_object_centered,4472.296192518058,174.93164062631726,6.908236334727224
image_3717725411451,1,408,5524,0.16015625,/media/hdd2/ARCL_multicar_bags/camera_dataset/2026-05-18-v1-v4/rear/EPnPv2_gt_mesh_z_hybrid_labels/3717725411451_1.json,/media/hdd2/ARCL_multicar_bags/camera_dataset/2026-05-18-v1-v4/rear/EPnPv2_gt_mesh_z_hybrid_labels/3717725411451_1.json,T_map_object_raw,T_camera_object_centered,4472.296192518058,174.93164062631726,6.908236334727224
image_3717824364634,1,409,5528,0.17578125,/media/hdd2/ARCL_multicar_bags/camera_dataset/2026-05-18-v1-v4/rear/EPnPv2_gt_mesh_z_hybrid_labels/3717824364634_0.json,/media/hdd2/ARCL_multicar_bags/camera_dataset/2026-05-18-v1-v4/rear/EPnPv2_gt_mesh_z_hybrid_labels/3717824364634_0.json,T_map_object_raw,T_camera_object_centered,4269.1449604332865,169.21016970550306,8.28569158586769
image_3717824364634,1,409,5528,0.17578125,/media/hdd2/ARCL_multicar_bags/camera_dataset/2026-05-18-v1-v4/rear/EPnPv2_gt_mesh_z_hybrid_labels/3717824364634_1.json,/media/hdd2/ARCL_multicar_bags/camera_dataset/2026-05-18-v1-v4/rear/EPnPv2_gt_mesh_z_hybrid_labels/3717824364634_1.json,T_map_object_raw,T_camera_object_centered,4269.1449604332865,169.21016970550306,8.28569158586769
image_3717925482256,1,410,5533,0.15234375,/media/hdd2/ARCL_multicar_bags/camera_dataset/2026-05-18-v1-v4/rear/EPnPv2_gt_mesh_z_hybrid_labels/3717925482256_0.json,/media/hdd2/ARCL_multicar_bags/camera_dataset/2026-05-18-v1-v4/rear/EPnPv2_gt_mesh_z_hybrid_labels/3717925482256_0.json,T_map_object_raw,T_camera_object_centered,3508.3161666284936,173.3590066598857,9.510806545359209
image_3717925482256,1,410,5533,0.15234375,/media/hdd2/ARCL_multicar_bags/camera_dataset/2026-05-18-v1-v4/rear/EPnPv2_gt_mesh_z_hybrid_labels/3717925482256_1.json,/media/hdd2/ARCL_multicar_bags/camera_dataset/2026-05-18-v1-v4/rear/EPnPv2_gt_mesh_z_hybrid_labels/3717925482256_1.json,T_map_object_raw,T_camera_object_centered,3508.3161666284936,173.3590066598857,9.510806545359209
image_3718125253395,1,412,5541,0.13671875,/media/hdd2/ARCL_multicar_bags/camera_dataset/2026-05-18-v1-v4/rear/EPnPv2_gt_mesh_z_hybrid_labels/3718125253395_0.json,/media/hdd2/ARCL_multicar_bags/camera_dataset/2026-05-18-v1-v4/rear/EPnPv2_gt_mesh_z_hybrid_labels/3718125253395_0.json,T_map_object_raw,T_camera_object_centered,1840.4257282853805,173.15272745250803,3.2850172019533916
image_3718125253395,1,412,5541,0.13671875,/media/hdd2/ARCL_multicar_bags/camera_dataset/2026-05-18-v1-v4/rear/EPnPv2_gt_mesh_z_hybrid_labels/3718125253395_1.json,/media/hdd2/ARCL_multicar_bags/camera_dataset/2026-05-18-v1-v4/rear/EPnPv2_gt_mesh_z_hybrid_labels/3718125253395_1.json,T_map_object_raw,T_camera_object_centered,1840.4257282853805,173.15272745250803,3.2850172019533916
image_3718226193383,1,413,5545,0.1640625,/media/hdd2/ARCL_multicar_bags/camera_dataset/2026-05-18-v1-v4/rear/EPnPv2_gt_mesh_z_hybrid_labels/3718226193383_0.json,/media/hdd2/ARCL_multicar_bags/camera_dataset/2026-05-18-v1-v4/rear/EPnPv2_gt_mesh_z_hybrid_labels/3718226193383_0.json,T_map_object_raw,T_camera_object_centered,3279.1833070169355,173.2199852139158,5.483109690364582
image_3718226193383,1,413,5545,0.1640625,/media/hdd2/ARCL_multicar_bags/camera_dataset/2026-05-18-v1-v4/rear/EPnPv2_gt_mesh_z_hybrid_labels/3718226193383_1.json,/media/hdd2/ARCL_multicar_bags/camera_dataset/2026-05-18-v1-v4/rear/EPnPv2_gt_mesh_z_hybrid_labels/3718226193383_1.json,T_map_object_raw,T_camera_object_centered,3279.1833070169355,173.2199852139158,5.483109690364582
image_3718325338900,1,414,5549,0.16796875,/media/hdd2/ARCL_multicar_bags/camera_dataset/2026-05-18-v1-v4/rear/EPnPv2_gt_mesh_z_hybrid_labels/3718325338900_0.json,/media/hdd2/ARCL_multicar_bags/camera_dataset/2026-05-18-v1-v4/rear/EPnPv2_gt_mesh_z_hybrid_labels/3718325338900_0.json,T_map_object_raw,T_camera_object_centered,3671.9584349388015,173.2716422611657,6.697793544123091
image_3718325338900,1,414,5549,0.16796875,/media/hdd2/ARCL_multicar_bags/camera_dataset/2026-05-18-v1-v4/rear/EPnPv2_gt_mesh_z_hybrid_labels/3718325338900_1.json,/media/hdd2/ARCL_multicar_bags/camera_dataset/2026-05-18-v1-v4/rear/EPnPv2_gt_mesh_z_hybrid_labels/3718325338900_1.json,T_map_object_raw,T_camera_object_centered,3671.9584349388015,173.2716422611657,6.697793544123091
image_3718425384865,1,415,5555,0.15234375,/media/hdd2/ARCL_multicar_bags/camera_dataset/2026-05-18-v1-v4/rear/EPnPv2_gt_mesh_z_hybrid_labels/3718425384865_0.json,/media/hdd2/ARCL_multicar_bags/camera_dataset/2026-05-18-v1-v4/rear/EPnPv2_gt_mesh_z_hybrid_labels/3718425384865_0.json,T_map_object_raw,T_camera_object_centered,5917.815544396707,167.05424248334856,5.001861434412041
image_3718425384865,1,415,5555,0.15234375,/media/hdd2/ARCL_multicar_bags/camera_dataset/2026-05-18-v1-v4/rear/EPnPv2_gt_mesh_z_hybrid_labels/3718425384865_1.json,/media/hdd2/ARCL_multicar_bags/camera_dataset/2026-05-18-v1-v4/rear/EPnPv2_gt_mesh_z_hybrid_labels/3718425384865_1.json,T_map_object_raw,T_camera_object_centered,5917.815544396707,167.05424248334856,5.001861434412041
image_3718625565731,1,417,5565,0.14453125,/media/hdd2/ARCL_multicar_bags/camera_dataset/2026-05-18-v1-v4/rear/EPnPv2_gt_mesh_z_hybrid_labels/3718625565731_0.json,/media/hdd2/ARCL_multicar_bags/camera_dataset/2026-05-18-v1-v4/rear/EPnPv2_gt_mesh_z_hybrid_labels/3718625565731_0.json,T_map_object_raw,T_camera_object_centered,3414.5985832499186,173.26030406767165,7.799300249764699
image_3718924528336,1,420,5581,0.16796875,/media/hdd2/ARCL_multicar_bags/camera_dataset/2026-05-18-v1-v4/rear/EPnPv2_gt_mesh_z_hybrid_labels/3718924528336_0.json,/media/hdd2/ARCL_multicar_bags/camera_dataset/2026-05-18-v1-v4/rear/EPnPv2_gt_mesh_z_hybrid_labels/3718924528336_0.json,T_map_object_raw,T_camera_object_centered,3187.754132524356,165.8455011640909,5.671863638319963
image_3718924528336,1,420,5581,0.16796875,/media/hdd2/ARCL_multicar_bags/camera_dataset/2026-05-18-v1-v4/rear/EPnPv2_gt_mesh_z_hybrid_labels/3718924528336_1.json,/media/hdd2/ARCL_multicar_bags/camera_dataset/2026-05-18-v1-v4/rear/EPnPv2_gt_mesh_z_hybrid_labels/3718924528336_1.json,T_map_object_raw,T_camera_object_centered,3187.754132524356,165.8455011640909,5.671863638319963
image_3719027308728,1,421,5586,0.1875,/media/hdd2/ARCL_multicar_bags/camera_dataset/2026-05-18-v1-v4/rear/EPnPv2_gt_mesh_z_hybrid_labels/3719027308728_0.json,/media/hdd2/ARCL_multicar_bags/camera_dataset/2026-05-18-v1-v4/rear/EPnPv2_gt_mesh_z_hybrid_labels/3719027308728_0.json,T_map_object_raw,T_camera_object_centered,6050.290911110472,173.14954667909956,8.01159558312433
image_3719027308728,1,421,5586,0.1875,/media/hdd2/ARCL_multicar_bags/camera_dataset/2026-05-18-v1-v4/rear/EPnPv2_gt_mesh_z_hybrid_labels/3719027308728_1.json,/media/hdd2/ARCL_multicar_bags/camera_dataset/2026-05-18-v1-v4/rear/EPnPv2_gt_mesh_z_hybrid_labels/3719027308728_1.json,T_map_object_raw,T_camera_object_centered,6050.290911110472,173.14954667909956,8.01159558312433
image_3719325275437,1,424,5601,0.1640625,/media/hdd2/ARCL_multicar_bags/camera_dataset/2026-05-18-v1-v4/rear/EPnPv2_gt_mesh_z_hybrid_labels/3719325275437_0.json,/media/hdd2/ARCL_multicar_bags/camera_dataset/2026-05-18-v1-v4/rear/EPnPv2_gt_mesh_z_hybrid_labels/3719325275437_0.json,T_map_object_raw,T_camera_object_centered,3032.1009485366803,173.2826176132567,6.27915733721014
image_3719325275437,1,424,5601,0.1640625,/media/hdd2/ARCL_multicar_bags/camera_dataset/2026-05-18-v1-v4/rear/EPnPv2_gt_mesh_z_hybrid_labels/3719325275437_1.json,/media/hdd2/ARCL_multicar_bags/camera_dataset/2026-05-18-v1-v4/rear/EPnPv2_gt_mesh_z_hybrid_labels/3719325275437_1.json,T_map_object_raw,T_camera_object_centered,3032.1009485366803,173.2826176132567,6.27915733721014
image_3719425871017,1,425,5608,0.13671875,/media/hdd2/ARCL_multicar_bags/camera_dataset/2026-05-18-v1-v4/rear/EPnPv2_gt_mesh_z_hybrid_labels/3719425871017_0.json,/media/hdd2/ARCL_multicar_bags/camera_dataset/2026-05-18-v1-v4/rear/EPnPv2_gt_mesh_z_hybrid_labels/3719425871017_0.json,T_map_object_raw,T_camera_object_centered,3077.73880695025,173.2839635513804,8.064804247351212
image_3719425871017,1,425,5608,0.13671875,/media/hdd2/ARCL_multicar_bags/camera_dataset/2026-05-18-v1-v4/rear/EPnPv2_gt_mesh_z_hybrid_labels/3719425871017_1.json,/media/hdd2/ARCL_multicar_bags/camera_dataset/2026-05-18-v1-v4/rear/EPnPv2_gt_mesh_z_hybrid_labels/3719425871017_1.json,T_map_object_raw,T_camera_object_centered,3077.73880695025,173.2839635513804,8.064804247351212
image_3719524470413,1,426,5613,0.15234375,/media/hdd2/ARCL_multicar_bags/camera_dataset/2026-05-18-v1-v4/rear/EPnPv2_gt_mesh_z_hybrid_labels/3719524470413_0.json,/media/hdd2/ARCL_multicar_bags/camera_dataset/2026-05-18-v1-v4/rear/EPnPv2_gt_mesh_z_hybrid_labels/3719524470413_0.json,T_map_object_raw,T_camera_object_centered,4385.652334153562,173.255160236113,9.412889249547518
image_3719524470413,1,426,5613,0.15234375,/media/hdd2/ARCL_multicar_bags/camera_dataset/2026-05-18-v1-v4/rear/EPnPv2_gt_mesh_z_hybrid_labels/3719524470413_1.json,/media/hdd2/ARCL_multicar_bags/camera_dataset/2026-05-18-v1-v4/rear/EPnPv2_gt_mesh_z_hybrid_labels/3719524470413_1.json,T_map_object_raw,T_camera_object_centered,4385.652334153562,173.255160236113,9.412889249547518
image_3719630756451,1,427,5618,0.140625,/media/hdd2/ARCL_multicar_bags/camera_dataset/2026-05-18-v1-v4/rear/EPnPv2_gt_mesh_z_hybrid_labels/3719630756451_0.json,/media/hdd2/ARCL_multicar_bags/camera_dataset/2026-05-18-v1-v4/rear/EPnPv2_gt_mesh_z_hybrid_labels/3719630756451_0.json,T_map_object_raw,T_camera_object_centered,4305.610057998513,173.22101547025304,8.9956985288214
image_3719727931599,1,428,5623,0.15234375,/media/hdd2/ARCL_multicar_bags/camera_dataset/2026-05-18-v1-v4/rear/EPnPv2_gt_mesh_z_hybrid_labels/3719727931599_0.json,/media/hdd2/ARCL_multicar_bags/camera_dataset/2026-05-18-v1-v4/rear/EPnPv2_gt_mesh_z_hybrid_labels/3719727931599_0.json,T_map_object_raw,T_camera_object_centered,4813.4885726454695,173.12592973924498,9.681289384638522
image_3720024978439,1,431,5638,0.15234375,/media/hdd2/ARCL_multicar_bags/camera_dataset/2026-05-18-v1-v4/rear/EPnPv2_gt_mesh_z_hybrid_labels/3720024978439_0.json,/media/hdd2/ARCL_multicar_bags/camera_dataset/2026-05-18-v1-v4/rear/EPnPv2_gt_mesh_z_hybrid_labels/3720024978439_0.json,T_map_object_raw,T_camera_object_centered,5915.206767365034,172.88260037217606,6.435274872439772
image_3720247420473,1,433,5646,0.15234375,/media/hdd2/ARCL_multicar_bags/camera_dataset/2026-05-18-v1-v4/rear/EPnPv2_gt_mesh_z_hybrid_labels/3720247420473_0.json,/media/hdd2/ARCL_multicar_bags/camera_dataset/2026-05-18-v1-v4/rear/EPnPv2_gt_mesh_z_hybrid_labels/3720247420473_0.json,T_map_object_raw,T_camera_object_centered,3478.1985465776897,163.90379683091334,3.8484704248164046
image_3721525590818,1,442,5685,0.15625,/media/hdd2/ARCL_multicar_bags/camera_dataset/2026-05-18-v1-v4/rear/EPnPv2_gt_mesh_z_hybrid_labels/3721525590818_0.json,/media/hdd2/ARCL_multicar_bags/camera_dataset/2026-05-18-v1-v4/rear/EPnPv2_gt_mesh_z_hybrid_labels/3721525590818_0.json,T_map_object_raw,T_camera_object_centered,5006.9745875069,164.17552412137042,5.1587142934153
image_3721525590818,1,442,5685,0.15625,/media/hdd2/ARCL_multicar_bags/camera_dataset/2026-05-18-v1-v4/rear/EPnPv2_gt_mesh_z_hybrid_labels/3721525590818_1.json,/media/hdd2/ARCL_multicar_bags/camera_dataset/2026-05-18-v1-v4/rear/EPnPv2_gt_mesh_z_hybrid_labels/3721525590818_1.json,T_map_object_raw,T_camera_object_centered,5006.9745875069,164.17552412137042,5.1587142934153
image_3722924955757,1,455,5749,0.09765625,/media/hdd2/ARCL_multicar_bags/camera_dataset/2026-05-18-v1-v4/rear/EPnPv2_gt_mesh_z_hybrid_labels/3722924955757_0.json,/media/hdd2/ARCL_multicar_bags/camera_dataset/2026-05-18-v1-v4/rear/EPnPv2_gt_mesh_z_hybrid_labels/3722924955757_0.json,T_map_object_raw,T_camera_object_centered,8698.607197259144,168.98900819121135,4.180238247664876
image_3722924955757,1,455,5749,0.09765625,/media/hdd2/ARCL_multicar_bags/camera_dataset/2026-05-18-v1-v4/rear/EPnPv2_gt_mesh_z_hybrid_labels/3722924955757_1.json,/media/hdd2/ARCL_multicar_bags/camera_dataset/2026-05-18-v1-v4/rear/EPnPv2_gt_mesh_z_hybrid_labels/3722924955757_1.json,T_map_object_raw,T_camera_object_centered,8698.607197259144,168.98900819121135,4.180238247664876
image_3723226407892,1,457,5755,0.1171875,/media/hdd2/ARCL_multicar_bags/camera_dataset/2026-05-18-v1-v4/rear/EPnPv2_gt_mesh_z_hybrid_labels/3723226407892_0.json,/media/hdd2/ARCL_multicar_bags/camera_dataset/2026-05-18-v1-v4/rear/EPnPv2_gt_mesh_z_hybrid_labels/3723226407892_0.json,T_map_object_raw,T_camera_object_centered,8383.42287634184,170.41812402390562,4.168510084336749
image_3723324257099,1,458,5758,0.12890625,/media/hdd2/ARCL_multicar_bags/camera_dataset/2026-05-18-v1-v4/rear/EPnPv2_gt_mesh_z_hybrid_labels/3723324257099_0.json,/media/hdd2/ARCL_multicar_bags/camera_dataset/2026-05-18-v1-v4/rear/EPnPv2_gt_mesh_z_hybrid_labels/3723324257099_0.json,T_map_object_raw,T_camera_object_centered,8515.108508295385,171.06787545277263,1.755811509854691
image_3723524820736,1,460,5765,0.15234375,/media/hdd2/ARCL_multicar_bags/camera_dataset/2026-05-18-v1-v4/rear/EPnPv2_gt_mesh_z_hybrid_labels/3723524820736_0.json,/media/hdd2/ARCL_multicar_bags/camera_dataset/2026-05-18-v1-v4/rear/EPnPv2_gt_mesh_z_hybrid_labels/3723524820736_0.json,T_map_object_raw,T_camera_object_centered,3044.0916482928574,171.96359801573442,7.503578529049373
image_3723626527770,1,461,5771,0.17578125,/media/hdd2/ARCL_multicar_bags/camera_dataset/2026-05-18-v1-v4/rear/EPnPv2_gt_mesh_z_hybrid_labels/3723626527770_0.json,/media/hdd2/ARCL_multicar_bags/camera_dataset/2026-05-18-v1-v4/rear/EPnPv2_gt_mesh_z_hybrid_labels/3723626527770_0.json,T_map_object_raw,T_camera_object_centered,3091.9352691534673,172.7005105513295,4.234481156728627
image_3723727524183,1,462,5777,0.1484375,/media/hdd2/ARCL_multicar_bags/camera_dataset/2026-05-18-v1-v4/rear/EPnPv2_gt_mesh_z_hybrid_labels/3723727524183_0.json,/media/hdd2/ARCL_multicar_bags/camera_dataset/2026-05-18-v1-v4/rear/EPnPv2_gt_mesh_z_hybrid_labels/3723727524183_0.json,T_map_object_raw,T_camera_object_centered,3078.25003420191,172.96438441602598,7.01330651382977
image_3723825614359,1,463,5783,0.15625,/media/hdd2/ARCL_multicar_bags/camera_dataset/2026-05-18-v1-v4/rear/EPnPv2_gt_mesh_z_hybrid_labels/3723825614359_0.json,/media/hdd2/ARCL_multicar_bags/camera_dataset/2026-05-18-v1-v4/rear/EPnPv2_gt_mesh_z_hybrid_labels/3723825614359_0.json,T_map_object_raw,T_camera_object_centered,5218.923668953796,173.55360234875673,3.741853948452161
image_3723927138041,1,464,5789,0.12109375,/media/hdd2/ARCL_multicar_bags/camera_dataset/2026-05-18-v1-v4/rear/EPnPv2_gt_mesh_z_hybrid_labels/3723927138041_0.json,/media/hdd2/ARCL_multicar_bags/camera_dataset/2026-05-18-v1-v4/rear/EPnPv2_gt_mesh_z_hybrid_labels/3723927138041_0.json,T_map_object_raw,T_camera_object_centered,3515.9544146834787,174.2558213554478,6.105737718947904
image_3724033677181,1,465,5797,0.140625,/media/hdd2/ARCL_multicar_bags/camera_dataset/2026-05-18-v1-v4/rear/EPnPv2_gt_mesh_z_hybrid_labels/3724033677181_0.json,/media/hdd2/ARCL_multicar_bags/camera_dataset/2026-05-18-v1-v4/rear/EPnPv2_gt_mesh_z_hybrid_labels/3724033677181_0.json,T_map_object_raw,T_camera_object_centered,4811.769624161616,174.90292682221963,6.065760310476274
image_3724226483799,1,467,5807,0.1171875,/media/hdd2/ARCL_multicar_bags/camera_dataset/2026-05-18-v1-v4/rear/EPnPv2_gt_mesh_z_hybrid_labels/3724226483799_0.json,/media/hdd2/ARCL_multicar_bags/camera_dataset/2026-05-18-v1-v4/rear/EPnPv2_gt_mesh_z_hybrid_labels/3724226483799_0.json,T_map_object_raw,T_camera_object_centered,8539.272805712393,176.3684994523484,5.426370049736005
image_3728925225153,1,510,43,0.125,/media/hdd2/ARCL_multicar_bags/camera_dataset/2026-05-18-v1-v4/rear/EPnPv2_gt_mesh_z_hybrid_labels/3728925225153_0.json,/media/hdd2/ARCL_multicar_bags/camera_dataset/2026-05-18-v1-v4/rear/EPnPv2_gt_mesh_z_hybrid_labels/3728925225153_0.json,T_map_object_raw,T_camera_object_centered,3521.2748706850784,179.16004456740785,8.839509630275797
image_3731026771622,1,530,160,0.12109375,/media/hdd2/ARCL_multicar_bags/camera_dataset/2026-05-18-v1-v4/rear/EPnPv2_gt_mesh_z_hybrid_labels/3731026771622_0.json,/media/hdd2/ARCL_multicar_bags/camera_dataset/2026-05-18-v1-v4/rear/EPnPv2_gt_mesh_z_hybrid_labels/3731026771622_0.json,T_map_object_raw,T_camera_object_centered,4386.189825122681,170.52685307700844,10.088282713070537
image_3731338286029,1,533,175,0.16015625,/media/hdd2/ARCL_multicar_bags/camera_dataset/2026-05-18-v1-v4/rear/EPnPv2_gt_mesh_z_hybrid_labels/3731338286029_0.json,/media/hdd2/ARCL_multicar_bags/camera_dataset/2026-05-18-v1-v4/rear/EPnPv2_gt_mesh_z_hybrid_labels/3731338286029_0.json,T_map_object_raw,T_camera_object_centered,4714.9183056005195,172.21035961488133,10.551374523259254
image_3731525081230,1,535,187,0.16015625,/media/hdd2/ARCL_multicar_bags/camera_dataset/2026-05-18-v1-v4/rear/EPnPv2_gt_mesh_z_hybrid_labels/3731525081230_0.json,/media/hdd2/ARCL_multicar_bags/camera_dataset/2026-05-18-v1-v4/rear/EPnPv2_gt_mesh_z_hybrid_labels/3731525081230_0.json,T_map_object_raw,T_camera_object_centered,8543.73504040498,173.15543084513303,10.17400743975355
image_3731525081230,1,535,187,0.16015625,/media/hdd2/ARCL_multicar_bags/camera_dataset/2026-05-18-v1-v4/rear/EPnPv2_gt_mesh_z_hybrid_labels/3731525081230_1.json,/media/hdd2/ARCL_multicar_bags/camera_dataset/2026-05-18-v1-v4/rear/EPnPv2_gt_mesh_z_hybrid_labels/3731525081230_1.json,T_map_object_raw,T_camera_object_centered,8543.73504040498,173.15543084513303,10.17400743975355
image_3731727753340,1,537,199,0.16796875,/media/hdd2/ARCL_multicar_bags/camera_dataset/2026-05-18-v1-v4/rear/EPnPv2_gt_mesh_z_hybrid_labels/3731727753340_0.json,/media/hdd2/ARCL_multicar_bags/camera_dataset/2026-05-18-v1-v4/rear/EPnPv2_gt_mesh_z_hybrid_labels/3731727753340_0.json,T_map_object_raw,T_camera_object_centered,5703.835866572505,174.02054582827023,11.196808521439507
image_3731727753340,1,537,199,0.16796875,/media/hdd2/ARCL_multicar_bags/camera_dataset/2026-05-18-v1-v4/rear/EPnPv2_gt_mesh_z_hybrid_labels/3731727753340_1.json,/media/hdd2/ARCL_multicar_bags/camera_dataset/2026-05-18-v1-v4/rear/EPnPv2_gt_mesh_z_hybrid_labels/3731727753340_1.json,T_map_object_raw,T_camera_object_centered,5703.835866572505,174.02054582827023,11.196808521439507
image_3733926865241,1,556,285,0.109375,/media/hdd2/ARCL_multicar_bags/camera_dataset/2026-05-18-v1-v4/rear/EPnPv2_gt_mesh_z_hybrid_labels/3733926865241_0.json,/media/hdd2/ARCL_multicar_bags/camera_dataset/2026-05-18-v1-v4/rear/EPnPv2_gt_mesh_z_hybrid_labels/3733926865241_0.json,T_map_object_raw,T_camera_object_centered,3545.0354507414236,176.28003632866182,8.78156192042437
image_3734025954458,1,557,289,0.1796875,/media/hdd2/ARCL_multicar_bags/camera_dataset/2026-05-18-v1-v4/rear/EPnPv2_gt_mesh_z_hybrid_labels/3734025954458_0.json,/media/hdd2/ARCL_multicar_bags/camera_dataset/2026-05-18-v1-v4/rear/EPnPv2_gt_mesh_z_hybrid_labels/3734025954458_0.json,T_map_object_raw,T_camera_object_centered,1966.4365703047229,175.26310299117046,8.974297803557743
image_3734325220973,1,560,302,0.14453125,/media/hdd2/ARCL_multicar_bags/camera_dataset/2026-05-18-v1-v4/rear/EPnPv2_gt_mesh_z_hybrid_labels/3734325220973_0.json,/media/hdd2/ARCL_multicar_bags/camera_dataset/2026-05-18-v1-v4/rear/EPnPv2_gt_mesh_z_hybrid_labels/3734325220973_0.json,T_map_object_raw,T_camera_object_centered,4893.9202760910375,169.2735469990737,1.442684715423545
image_3763324628623,1,686,885,0.05859375,/media/hdd2/ARCL_multicar_bags/camera_dataset/2026-05-18-v1-v4/rear/EPnPv2_gt_mesh_z_hybrid_labels/3763324628623_0.json,/media/hdd2/ARCL_multicar_bags/camera_dataset/2026-05-18-v1-v4/rear/EPnPv2_gt_mesh_z_hybrid_labels/3763324628623_0.json,T_map_object_raw,T_camera_object_centered,8921.16916498574,171.9608160708588,3.1715322734741362
image_3763524966252,1,688,893,0.12109375,/media/hdd2/ARCL_multicar_bags/camera_dataset/2026-05-18-v1-v4/rear/EPnPv2_gt_mesh_z_hybrid_labels/3763524966252_0.json,/media/hdd2/ARCL_multicar_bags/camera_dataset/2026-05-18-v1-v4/rear/EPnPv2_gt_mesh_z_hybrid_labels/3763524966252_0.json,T_map_object_raw,T_camera_object_centered,1862.7247926061377,170.35517783714369,4.704289691301485
image_3782824014572,1,814,1441,0.08984375,/media/hdd2/ARCL_multicar_bags/camera_dataset/2026-05-18-v1-v4/rear/EPnPv2_gt_mesh_z_hybrid_labels/3782824014572_0.json,/media/hdd2/ARCL_multicar_bags/camera_dataset/2026-05-18-v1-v4/rear/EPnPv2_gt_mesh_z_hybrid_labels/3782824014572_0.json,T_map_object_raw,T_camera_object_centered,1969.0682039751316,174.87770700495054,26.798594144514702
image_3782939756927,1,815,1447,0.0546875,/media/hdd2/ARCL_multicar_bags/camera_dataset/2026-05-18-v1-v4/rear/EPnPv2_gt_mesh_z_hybrid_labels/3782939756927_0.json,/media/hdd2/ARCL_multicar_bags/camera_dataset/2026-05-18-v1-v4/rear/EPnPv2_gt_mesh_z_hybrid_labels/3782939756927_0.json,T_map_object_raw,T_camera_object_centered,3785.536939487427,176.1853225144702,21.702521571432715
image_3783234895469,1,818,1459,0.1015625,/media/hdd2/ARCL_multicar_bags/camera_dataset/2026-05-18-v1-v4/rear/EPnPv2_gt_mesh_z_hybrid_labels/3783234895469_0.json,/media/hdd2/ARCL_multicar_bags/camera_dataset/2026-05-18-v1-v4/rear/EPnPv2_gt_mesh_z_hybrid_labels/3783234895469_0.json,T_map_object_raw,T_camera_object_centered,7899.952219652895,161.47901135480578,14.045637878475226
image_3783323815173,1,819,1463,0.1171875,/media/hdd2/ARCL_multicar_bags/camera_dataset/2026-05-18-v1-v4/rear/EPnPv2_gt_mesh_z_hybrid_labels/3783323815173_0.json,/media/hdd2/ARCL_multicar_bags/camera_dataset/2026-05-18-v1-v4/rear/EPnPv2_gt_mesh_z_hybrid_labels/3783323815173_0.json,T_map_object_raw,T_camera_object_centered,7387.897824282306,161.56667450522983,12.701227338526172
image_3783426163484,1,820,1468,0.12890625,/media/hdd2/ARCL_multicar_bags/camera_dataset/2026-05-18-v1-v4/rear/EPnPv2_gt_mesh_z_hybrid_labels/3783426163484_0.json,/media/hdd2/ARCL_multicar_bags/camera_dataset/2026-05-18-v1-v4/rear/EPnPv2_gt_mesh_z_hybrid_labels/3783426163484_0.json,T_map_object_raw,T_camera_object_centered,4390.2531693282335,163.0782024084647,13.38511241586211
image_3783527752568,1,821,1472,0.1015625,/media/hdd2/ARCL_multicar_bags/camera_dataset/2026-05-18-v1-v4/rear/EPnPv2_gt_mesh_z_hybrid_labels/3783527752568_0.json,/media/hdd2/ARCL_multicar_bags/camera_dataset/2026-05-18-v1-v4/rear/EPnPv2_gt_mesh_z_hybrid_labels/3783527752568_0.json,T_map_object_raw,T_camera_object_centered,4286.011220060206,178.2149306931224,24.443148323282763
image_3783726592653,1,823,1480,0.11328125,/media/hdd2/ARCL_multicar_bags/camera_dataset/2026-05-18-v1-v4/rear/EPnPv2_gt_mesh_z_hybrid_labels/3783726592653_0.json,/media/hdd2/ARCL_multicar_bags/camera_dataset/2026-05-18-v1-v4/rear/EPnPv2_gt_mesh_z_hybrid_labels/3783726592653_0.json,T_map_object_raw,T_camera_object_centered,6571.639836752907,164.79083140411623,13.855119527861843
image_3783924491526,1,825,1490,0.08984375,/media/hdd2/ARCL_multicar_bags/camera_dataset/2026-05-18-v1-v4/rear/EPnPv2_gt_mesh_z_hybrid_labels/3783924491526_0.json,/media/hdd2/ARCL_multicar_bags/camera_dataset/2026-05-18-v1-v4/rear/EPnPv2_gt_mesh_z_hybrid_labels/3783924491526_0.json,T_map_object_raw,T_camera_object_centered,6367.699941564229,165.8904138132007,12.712581023980018
image_3784123171568,1,827,1496,0.12890625,/media/hdd2/ARCL_multicar_bags/camera_dataset/2026-05-18-v1-v4/rear/EPnPv2_gt_mesh_z_hybrid_labels/3784123171568_0.json,/media/hdd2/ARCL_multicar_bags/camera_dataset/2026-05-18-v1-v4/rear/EPnPv2_gt_mesh_z_hybrid_labels/3784123171568_0.json,T_map_object_raw,T_camera_object_centered,4979.009695437534,167.03197385384692,15.253895823912753
image_3784423056864,1,830,1506,0.12109375,/media/hdd2/ARCL_multicar_bags/camera_dataset/2026-05-18-v1-v4/rear/EPnPv2_gt_mesh_z_hybrid_labels/3784423056864_0.json,/media/hdd2/ARCL_multicar_bags/camera_dataset/2026-05-18-v1-v4/rear/EPnPv2_gt_mesh_z_hybrid_labels/3784423056864_0.json,T_map_object_raw,T_camera_object_centered,3110.042398720462,168.12637521820915,15.126018547439825
image_3784423056864,1,830,1506,0.12109375,/media/hdd2/ARCL_multicar_bags/camera_dataset/2026-05-18-v1-v4/rear/EPnPv2_gt_mesh_z_hybrid_labels/3784423056864_1.json,/media/hdd2/ARCL_multicar_bags/camera_dataset/2026-05-18-v1-v4/rear/EPnPv2_gt_mesh_z_hybrid_labels/3784423056864_1.json,T_map_object_raw,T_camera_object_centered,3110.042398720462,168.12637521820915,15.126018547439825
image_3784523171259,1,831,1510,0.10546875,/media/hdd2/ARCL_multicar_bags/camera_dataset/2026-05-18-v1-v4/rear/EPnPv2_gt_mesh_z_hybrid_labels/3784523171259_0.json,/media/hdd2/ARCL_multicar_bags/camera_dataset/2026-05-18-v1-v4/rear/EPnPv2_gt_mesh_z_hybrid_labels/3784523171259_0.json,T_map_object_raw,T_camera_object_centered,7148.448106681287,168.73925497926552,15.649331426021353
image_3787023077961,1,855,1610,0.125,/media/hdd2/ARCL_multicar_bags/camera_dataset/2026-05-18-v1-v4/rear/EPnPv2_gt_mesh_z_hybrid_labels/3787023077961_0.json,/media/hdd2/ARCL_multicar_bags/camera_dataset/2026-05-18-v1-v4/rear/EPnPv2_gt_mesh_z_hybrid_labels/3787023077961_0.json,T_map_object_raw,T_camera_object_centered,8996.410447506441,161.17694028716107,10.20660050896106
image_3787323365490,1,858,1622,0.1171875,/media/hdd2/ARCL_multicar_bags/camera_dataset/2026-05-18-v1-v4/rear/EPnPv2_gt_mesh_z_hybrid_labels/3787323365490_0.json,/media/hdd2/ARCL_multicar_bags/camera_dataset/2026-05-18-v1-v4/rear/EPnPv2_gt_mesh_z_hybrid_labels/3787323365490_0.json,T_map_object_raw,T_camera_object_centered,6909.2293823451355,161.19511521027223,10.788176007939938
image_3787723797435,1,862,1639,0.109375,/media/hdd2/ARCL_multicar_bags/camera_dataset/2026-05-18-v1-v4/rear/EPnPv2_gt_mesh_z_hybrid_labels/3787723797435_0.json,/media/hdd2/ARCL_multicar_bags/camera_dataset/2026-05-18-v1-v4/rear/EPnPv2_gt_mesh_z_hybrid_labels/3787723797435_0.json,T_map_object_raw,T_camera_object_centered,4923.0648861261625,162.76706108722303,9.025220830499654
image_3788123105586,1,865,1653,0.09375,/media/hdd2/ARCL_multicar_bags/camera_dataset/2026-05-18-v1-v4/rear/EPnPv2_gt_mesh_z_hybrid_labels/3788123105586_0.json,/media/hdd2/ARCL_multicar_bags/camera_dataset/2026-05-18-v1-v4/rear/EPnPv2_gt_mesh_z_hybrid_labels/3788123105586_0.json,T_map_object_raw,T_camera_object_centered,3412.4788946507083,164.09682063288471,7.584691625149592
image_3788323698691,1,867,1661,0.14453125,/media/hdd2/ARCL_multicar_bags/camera_dataset/2026-05-18-v1-v4/rear/EPnPv2_gt_mesh_z_hybrid_labels/3788323698691_0.json,/media/hdd2/ARCL_multicar_bags/camera_dataset/2026-05-18-v1-v4/rear/EPnPv2_gt_mesh_z_hybrid_labels/3788323698691_0.json,T_map_object_raw,T_camera_object_centered,3446.2551365374857,164.14715107400548,8.485322024460974
image_3788725342353,1,870,1674,0.14453125,/media/hdd2/ARCL_multicar_bags/camera_dataset/2026-05-18-v1-v4/rear/EPnPv2_gt_mesh_z_hybrid_labels/3788725342353_0.json,/media/hdd2/ARCL_multicar_bags/camera_dataset/2026-05-18-v1-v4/rear/EPnPv2_gt_mesh_z_hybrid_labels/3788725342353_0.json,T_map_object_raw,T_camera_object_centered,5805.206077458312,165.029759416679,10.857397310191573
image_3789127759342,1,874,1690,0.10546875,/media/hdd2/ARCL_multicar_bags/camera_dataset/2026-05-18-v1-v4/rear/EPnPv2_gt_mesh_z_hybrid_labels/3789127759342_0.json,/media/hdd2/ARCL_multicar_bags/camera_dataset/2026-05-18-v1-v4/rear/EPnPv2_gt_mesh_z_hybrid_labels/3789127759342_0.json,T_map_object_raw,T_camera_object_centered,3907.8282983279487,164.98327330779307,9.96187808376958
image_3789323095727,1,876,1700,0.09375,/media/hdd2/ARCL_multicar_bags/camera_dataset/2026-05-18-v1-v4/rear/EPnPv2_gt_mesh_z_hybrid_labels/3789323095727_0.json,/media/hdd2/ARCL_multicar_bags/camera_dataset/2026-05-18-v1-v4/rear/EPnPv2_gt_mesh_z_hybrid_labels/3789323095727_0.json,T_map_object_raw,T_camera_object_centered,3101.5577822514224,165.97570469402243,10.26802592227091
image_3789532715707,1,878,1708,0.12109375,/media/hdd2/ARCL_multicar_bags/camera_dataset/2026-05-18-v1-v4/rear/EPnPv2_gt_mesh_z_hybrid_labels/3789532715707_0.json,/media/hdd2/ARCL_multicar_bags/camera_dataset/2026-05-18-v1-v4/rear/EPnPv2_gt_mesh_z_hybrid_labels/3789532715707_0.json,T_map_object_raw,T_camera_object_centered,4875.725470383402,165.0507004848921,9.493015814148883
image_3789623462458,1,879,1712,0.09375,/media/hdd2/ARCL_multicar_bags/camera_dataset/2026-05-18-v1-v4/rear/EPnPv2_gt_mesh_z_hybrid_labels/3789623462458_0.json,/media/hdd2/ARCL_multicar_bags/camera_dataset/2026-05-18-v1-v4/rear/EPnPv2_gt_mesh_z_hybrid_labels/3789623462458_0.json,T_map_object_raw,T_camera_object_centered,2833.308601453829,166.39390917593929,5.843212520500869
image_3789728574386,1,880,1717,0.09375,/media/hdd2/ARCL_multicar_bags/camera_dataset/2026-05-18-v1-v4/rear/EPnPv2_gt_mesh_z_hybrid_labels/3789728574386_0.json,/media/hdd2/ARCL_multicar_bags/camera_dataset/2026-05-18-v1-v4/rear/EPnPv2_gt_mesh_z_hybrid_labels/3789728574386_0.json,T_map_object_raw,T_camera_object_centered,2724.1562195062456,175.68029520744219,11.844203618368644
image_3790024806924,1,882,1725,0.1015625,/media/hdd2/ARCL_multicar_bags/camera_dataset/2026-05-18-v1-v4/rear/EPnPv2_gt_mesh_z_hybrid_labels/3790024806924_0.json,/media/hdd2/ARCL_multicar_bags/camera_dataset/2026-05-18-v1-v4/rear/EPnPv2_gt_mesh_z_hybrid_labels/3790024806924_0.json,T_map_object_raw,T_camera_object_centered,2325.483570856084,166.58111489331762,8.381557754851377
image_3790323431521,1,885,1739,0.11328125,/media/hdd2/ARCL_multicar_bags/camera_dataset/2026-05-18-v1-v4/rear/EPnPv2_gt_mesh_z_hybrid_labels/3790323431521_0.json,/media/hdd2/ARCL_multicar_bags/camera_dataset/2026-05-18-v1-v4/rear/EPnPv2_gt_mesh_z_hybrid_labels/3790323431521_0.json,T_map_object_raw,T_camera_object_centered,3982.224651202647,166.63125076719956,8.695801705624596
image_3790525990575,1,887,1747,0.09765625,/media/hdd2/ARCL_multicar_bags/camera_dataset/2026-05-18-v1-v4/rear/EPnPv2_gt_mesh_z_hybrid_labels/3790525990575_0.json,/media/hdd2/ARCL_multicar_bags/camera_dataset/2026-05-18-v1-v4/rear/EPnPv2_gt_mesh_z_hybrid_labels/3790525990575_0.json,T_map_object_raw,T_camera_object_centered,4956.406164069307,166.46641383367503,12.275068900222319
image_3790623437022,1,888,1751,0.125,/media/hdd2/ARCL_multicar_bags/camera_dataset/2026-05-18-v1-v4/rear/EPnPv2_gt_mesh_z_hybrid_labels/3790623437022_0.json,/media/hdd2/ARCL_multicar_bags/camera_dataset/2026-05-18-v1-v4/rear/EPnPv2_gt_mesh_z_hybrid_labels/3790623437022_0.json,T_map_object_raw,T_camera_object_centered,8976.32132064443,166.73771844179475,12.234230911989028
image_3790824927139,1,890,1760,0.109375,/media/hdd2/ARCL_multicar_bags/camera_dataset/2026-05-18-v1-v4/rear/EPnPv2_gt_mesh_z_hybrid_labels/3790824927139_0.json,/media/hdd2/ARCL_multicar_bags/camera_dataset/2026-05-18-v1-v4/rear/EPnPv2_gt_mesh_z_hybrid_labels/3790824927139_0.json,T_map_object_raw,T_camera_object_centered,5144.600808206691,166.77607451980774,10.42998628168816
image_3791227803792,1,893,1772,0.1484375,/media/hdd2/ARCL_multicar_bags/camera_dataset/2026-05-18-v1-v4/rear/EPnPv2_gt_mesh_z_hybrid_labels/3791227803792_0.json,/media/hdd2/ARCL_multicar_bags/camera_dataset/2026-05-18-v1-v4/rear/EPnPv2_gt_mesh_z_hybrid_labels/3791227803792_0.json,T_map_object_raw,T_camera_object_centered,4992.403867708358,166.95867904247075,7.633151199476569
image_3791524309571,1,896,1786,0.1171875,/media/hdd2/ARCL_multicar_bags/camera_dataset/2026-05-18-v1-v4/rear/EPnPv2_gt_mesh_z_hybrid_labels/3791524309571_0.json,/media/hdd2/ARCL_multicar_bags/camera_dataset/2026-05-18-v1-v4/rear/EPnPv2_gt_mesh_z_hybrid_labels/3791524309571_0.json,T_map_object_raw,T_camera_object_centered,5549.695501877508,167.12402454843007,6.6934748195873395
image_3792123399450,1,902,1812,0.09765625,/media/hdd2/ARCL_multicar_bags/camera_dataset/2026-05-18-v1-v4/rear/EPnPv2_gt_mesh_z_hybrid_labels/3792123399450_0.json,/media/hdd2/ARCL_multicar_bags/camera_dataset/2026-05-18-v1-v4/rear/EPnPv2_gt_mesh_z_hybrid_labels/3792123399450_0.json,T_map_object_raw,T_camera_object_centered,2994.0102127582263,167.48933577757606,9.192433143359445
image_3792823858277,1,909,1842,0.09765625,/media/hdd2/ARCL_multicar_bags/camera_dataset/2026-05-18-v1-v4/rear/EPnPv2_gt_mesh_z_hybrid_labels/3792823858277_0.json,/media/hdd2/ARCL_multicar_bags/camera_dataset/2026-05-18-v1-v4/rear/EPnPv2_gt_mesh_z_hybrid_labels/3792823858277_0.json,T_map_object_raw,T_camera_object_centered,4076.1466101638625,167.51183208192143,10.032086120632071
image_3793023663999,1,911,1850,0.078125,/media/hdd2/ARCL_multicar_bags/camera_dataset/2026-05-18-v1-v4/rear/EPnPv2_gt_mesh_z_hybrid_labels/3793023663999_0.json,/media/hdd2/ARCL_multicar_bags/camera_dataset/2026-05-18-v1-v4/rear/EPnPv2_gt_mesh_z_hybrid_labels/3793023663999_0.json,T_map_object_raw,T_camera_object_centered,6074.1418728121835,167.35585384887435,6.085141743655335
image_3793126563923,1,912,1853,0.1171875,/media/hdd2/ARCL_multicar_bags/camera_dataset/2026-05-18-v1-v4/rear/EPnPv2_gt_mesh_z_hybrid_labels/3793126563923_0.json,/media/hdd2/ARCL_multicar_bags/camera_dataset/2026-05-18-v1-v4/rear/EPnPv2_gt_mesh_z_hybrid_labels/3793126563923_0.json,T_map_object_raw,T_camera_object_centered,5674.3890058257,167.35832426588033,9.331316980290499
image_3793423471222,1,915,1864,0.08984375,/media/hdd2/ARCL_multicar_bags/camera_dataset/2026-05-18-v1-v4/rear/EPnPv2_gt_mesh_z_hybrid_labels/3793423471222_0.json,/media/hdd2/ARCL_multicar_bags/camera_dataset/2026-05-18-v1-v4/rear/EPnPv2_gt_mesh_z_hybrid_labels/3793423471222_0.json,T_map_object_raw,T_camera_object_centered,1610.6726786142963,174.77076658295348,8.090672825402626
image_3793524087451,1,916,1868,0.0859375,/media/hdd2/ARCL_multicar_bags/camera_dataset/2026-05-18-v1-v4/rear/EPnPv2_gt_mesh_z_hybrid_labels/3793524087451_0.json,/media/hdd2/ARCL_multicar_bags/camera_dataset/2026-05-18-v1-v4/rear/EPnPv2_gt_mesh_z_hybrid_labels/3793524087451_0.json,T_map_object_raw,T_camera_object_centered,3916.884670411382,167.12209534488557,6.756914949721155
image_3793624293532,1,917,1872,0.12109375,/media/hdd2/ARCL_multicar_bags/camera_dataset/2026-05-18-v1-v4/rear/EPnPv2_gt_mesh_z_hybrid_labels/3793624293532_0.json,/media/hdd2/ARCL_multicar_bags/camera_dataset/2026-05-18-v1-v4/rear/EPnPv2_gt_mesh_z_hybrid_labels/3793624293532_0.json,T_map_object_raw,T_camera_object_centered,2527.773203772762,167.31031813331342,13.147726480815006
image_3793723677644,1,918,1876,0.09375,/media/hdd2/ARCL_multicar_bags/camera_dataset/2026-05-18-v1-v4/rear/EPnPv2_gt_mesh_z_hybrid_labels/3793723677644_0.json,/media/hdd2/ARCL_multicar_bags/camera_dataset/2026-05-18-v1-v4/rear/EPnPv2_gt_mesh_z_hybrid_labels/3793723677644_0.json,T_map_object_raw,T_camera_object_centered,2833.5282111928823,167.35972258773833,7.887070283967177
image_3794333789520,1,924,1897,0.109375,/media/hdd2/ARCL_multicar_bags/camera_dataset/2026-05-18-v1-v4/rear/EPnPv2_gt_mesh_z_hybrid_labels/3794333789520_0.json,/media/hdd2/ARCL_multicar_bags/camera_dataset/2026-05-18-v1-v4/rear/EPnPv2_gt_mesh_z_hybrid_labels/3794333789520_0.json,T_map_object_raw,T_camera_object_centered,6293.875730888396,167.24800610785175,11.602911088506875
image_3794333789520,1,924,1897,0.109375,/media/hdd2/ARCL_multicar_bags/camera_dataset/2026-05-18-v1-v4/rear/EPnPv2_gt_mesh_z_hybrid_labels/3794333789520_1.json,/media/hdd2/ARCL_multicar_bags/camera_dataset/2026-05-18-v1-v4/rear/EPnPv2_gt_mesh_z_hybrid_labels/3794333789520_1.json,T_map_object_raw,T_camera_object_centered,6293.875730888396,167.24800610785175,11.602911088506875
image_3794523543537,1,926,1906,0.125,/media/hdd2/ARCL_multicar_bags/camera_dataset/2026-05-18-v1-v4/rear/EPnPv2_gt_mesh_z_hybrid_labels/3794523543537_0.json,/media/hdd2/ARCL_multicar_bags/camera_dataset/2026-05-18-v1-v4/rear/EPnPv2_gt_mesh_z_hybrid_labels/3794523543537_0.json,T_map_object_raw,T_camera_object_centered,4268.506694521341,167.3171823273083,9.84420317222226
image_3794823793800,1,928,1914,0.16015625,/media/hdd2/ARCL_multicar_bags/camera_dataset/2026-05-18-v1-v4/rear/EPnPv2_gt_mesh_z_hybrid_labels/3794823793800_0.json,/media/hdd2/ARCL_multicar_bags/camera_dataset/2026-05-18-v1-v4/rear/EPnPv2_gt_mesh_z_hybrid_labels/3794823793800_0.json,T_map_object_raw,T_camera_object_centered,1990.064771771148,174.6613257940194,20.79618810555818
image_3794925076973,1,929,1918,0.13671875,/media/hdd2/ARCL_multicar_bags/camera_dataset/2026-05-18-v1-v4/rear/EPnPv2_gt_mesh_z_hybrid_labels/3794925076973_0.json,/media/hdd2/ARCL_multicar_bags/camera_dataset/2026-05-18-v1-v4/rear/EPnPv2_gt_mesh_z_hybrid_labels/3794925076973_0.json,T_map_object_raw,T_camera_object_centered,4162.253813041834,174.68591856647237,14.233899971976971
image_3795123203248,1,930,1923,0.1796875,/media/hdd2/ARCL_multicar_bags/camera_dataset/2026-05-18-v1-v4/rear/EPnPv2_gt_mesh_z_hybrid_labels/3795123203248_0.json,/media/hdd2/ARCL_multicar_bags/camera_dataset/2026-05-18-v1-v4/rear/EPnPv2_gt_mesh_z_hybrid_labels/3795123203248_0.json,T_map_object_raw,T_camera_object_centered,6750.544205344843,167.3429292699846,6.222960667828835
image_3795240667239,1,931,1926,0.125,/media/hdd2/ARCL_multicar_bags/camera_dataset/2026-05-18-v1-v4/rear/EPnPv2_gt_mesh_z_hybrid_labels/3795240667239_0.json,/media/hdd2/ARCL_multicar_bags/camera_dataset/2026-05-18-v1-v4/rear/EPnPv2_gt_mesh_z_hybrid_labels/3795240667239_0.json,T_map_object_raw,T_camera_object_centered,2844.1058077110933,167.25476602840845,6.593316630968868
image_3795424662365,1,933,1932,0.09765625,/media/hdd2/ARCL_multicar_bags/camera_dataset/2026-05-18-v1-v4/rear/EPnPv2_gt_mesh_z_hybrid_labels/3795424662365_0.json,/media/hdd2/ARCL_multicar_bags/camera_dataset/2026-05-18-v1-v4/rear/EPnPv2_gt_mesh_z_hybrid_labels/3795424662365_0.json,T_map_object_raw,T_camera_object_centered,4918.51511323539,167.1373169526257,6.994550650849987
image_3795624991027,1,935,1940,0.1015625,/media/hdd2/ARCL_multicar_bags/camera_dataset/2026-05-18-v1-v4/rear/EPnPv2_gt_mesh_z_hybrid_labels/3795624991027_0.json,/media/hdd2/ARCL_multicar_bags/camera_dataset/2026-05-18-v1-v4/rear/EPnPv2_gt_mesh_z_hybrid_labels/3795624991027_0.json,T_map_object_raw,T_camera_object_centered,7662.002346407065,167.15713261364755,11.751523135480207
image_3795723428574,1,936,1944,0.08984375,/media/hdd2/ARCL_multicar_bags/camera_dataset/2026-05-18-v1-v4/rear/EPnPv2_gt_mesh_z_hybrid_labels/3795723428574_0.json,/media/hdd2/ARCL_multicar_bags/camera_dataset/2026-05-18-v1-v4/rear/EPnPv2_gt_mesh_z_hybrid_labels/3795723428574_0.json,T_map_object_raw,T_camera_object_centered,1942.563967303168,167.17477901114302,12.551901771094444
image_3796324973173,1,942,1967,0.11328125,/media/hdd2/ARCL_multicar_bags/camera_dataset/2026-05-18-v1-v4/rear/EPnPv2_gt_mesh_z_hybrid_labels/3796324973173_0.json,/media/hdd2/ARCL_multicar_bags/camera_dataset/2026-05-18-v1-v4/rear/EPnPv2_gt_mesh_z_hybrid_labels/3796324973173_0.json,T_map_object_raw,T_camera_object_centered,4952.213865607038,167.05937631688437,12.781821981152008
image_3796522748643,1,944,1973,0.125,/media/hdd2/ARCL_multicar_bags/camera_dataset/2026-05-18-v1-v4/rear/EPnPv2_gt_mesh_z_hybrid_labels/3796522748643_0.json,/media/hdd2/ARCL_multicar_bags/camera_dataset/2026-05-18-v1-v4/rear/EPnPv2_gt_mesh_z_hybrid_labels/3796522748643_0.json,T_map_object_raw,T_camera_object_centered,5222.557413238884,167.0021230494883,9.865135009534095
image_3796923904342,1,948,1990,0.109375,/media/hdd2/ARCL_multicar_bags/camera_dataset/2026-05-18-v1-v4/rear/EPnPv2_gt_mesh_z_hybrid_labels/3796923904342_0.json,/media/hdd2/ARCL_multicar_bags/camera_dataset/2026-05-18-v1-v4/rear/EPnPv2_gt_mesh_z_hybrid_labels/3796923904342_0.json,T_map_object_raw,T_camera_object_centered,4040.7091072560556,166.96662113293004,11.21404419997806
image_3797225030238,1,951,2006,0.109375,/media/hdd2/ARCL_multicar_bags/camera_dataset/2026-05-18-v1-v4/rear/EPnPv2_gt_mesh_z_hybrid_labels/3797225030238_0.json,/media/hdd2/ARCL_multicar_bags/camera_dataset/2026-05-18-v1-v4/rear/EPnPv2_gt_mesh_z_hybrid_labels/3797225030238_0.json,T_map_object_raw,T_camera_object_centered,2370.9373838271727,166.90400729944065,12.036402545006622
image_3797924722214,1,958,2036,0.109375,/media/hdd2/ARCL_multicar_bags/camera_dataset/2026-05-18-v1-v4/rear/EPnPv2_gt_mesh_z_hybrid_labels/3797924722214_0.json,/media/hdd2/ARCL_multicar_bags/camera_dataset/2026-05-18-v1-v4/rear/EPnPv2_gt_mesh_z_hybrid_labels/3797924722214_0.json,T_map_object_raw,T_camera_object_centered,3399.7027338444173,166.91526702631887,13.241622377944228
image_3798025765924,1,959,2040,0.1015625,/media/hdd2/ARCL_multicar_bags/camera_dataset/2026-05-18-v1-v4/rear/EPnPv2_gt_mesh_z_hybrid_labels/3798025765924_0.json,/media/hdd2/ARCL_multicar_bags/camera_dataset/2026-05-18-v1-v4/rear/EPnPv2_gt_mesh_z_hybrid_labels/3798025765924_0.json,T_map_object_raw,T_camera_object_centered,4996.849127034847,166.82883454173972,12.319133015351072
image_3798223844942,1,961,2049,0.1484375,/media/hdd2/ARCL_multicar_bags/camera_dataset/2026-05-18-v1-v4/rear/EPnPv2_gt_mesh_z_hybrid_labels/3798223844942_0.json,/media/hdd2/ARCL_multicar_bags/camera_dataset/2026-05-18-v1-v4/rear/EPnPv2_gt_mesh_z_hybrid_labels/3798223844942_0.json,T_map_object_raw,T_camera_object_centered,6307.559732176278,166.84349650632322,10.738694710870242
image_3798425442449,1,963,2057,0.125,/media/hdd2/ARCL_multicar_bags/camera_dataset/2026-05-18-v1-v4/rear/EPnPv2_gt_mesh_z_hybrid_labels/3798425442449_0.json,/media/hdd2/ARCL_multicar_bags/camera_dataset/2026-05-18-v1-v4/rear/EPnPv2_gt_mesh_z_hybrid_labels/3798425442449_0.json,T_map_object_raw,T_camera_object_centered,4297.857253194845,166.86641647875825,8.65677338429646
image_3798527351285,1,964,2061,0.109375,/media/hdd2/ARCL_multicar_bags/camera_dataset/2026-05-18-v1-v4/rear/EPnPv2_gt_mesh_z_hybrid_labels/3798527351285_0.json,/media/hdd2/ARCL_multicar_bags/camera_dataset/2026-05-18-v1-v4/rear/EPnPv2_gt_mesh_z_hybrid_labels/3798527351285_0.json,T_map_object_raw,T_camera_object_centered,3023.9981949863295,175.27941480158103,11.823505725576151
image_3799630089573,1,975,2110,0.1328125,/media/hdd2/ARCL_multicar_bags/camera_dataset/2026-05-18-v1-v4/rear/EPnPv2_gt_mesh_z_hybrid_labels/3799630089573_0.json,/media/hdd2/ARCL_multicar_bags/camera_dataset/2026-05-18-v1-v4/rear/EPnPv2_gt_mesh_z_hybrid_labels/3799630089573_0.json,T_map_object_raw,T_camera_object_centered,2912.337857181032,166.11530321705231,15.205007179477104
image_3799923754234,1,977,2120,0.12109375,/media/hdd2/ARCL_multicar_bags/camera_dataset/2026-05-18-v1-v4/rear/EPnPv2_gt_mesh_z_hybrid_labels/3799923754234_0.json,/media/hdd2/ARCL_multicar_bags/camera_dataset/2026-05-18-v1-v4/rear/EPnPv2_gt_mesh_z_hybrid_labels/3799923754234_0.json,T_map_object_raw,T_camera_object_centered,3949.9257931540665,165.98795845604772,13.882657645240673
image_3800323386527,1,981,2140,0.13671875,/media/hdd2/ARCL_multicar_bags/camera_dataset/2026-05-18-v1-v4/rear/EPnPv2_gt_mesh_z_hybrid_labels/3800323386527_0.json,/media/hdd2/ARCL_multicar_bags/camera_dataset/2026-05-18-v1-v4/rear/EPnPv2_gt_mesh_z_hybrid_labels/3800323386527_0.json,T_map_object_raw,T_camera_object_centered,6399.686205888022,165.27319654901078,13.235055588000954
image_3800723049951,1,985,2158,0.17578125,/media/hdd2/ARCL_multicar_bags/camera_dataset/2026-05-18-v1-v4/rear/EPnPv2_gt_mesh_z_hybrid_labels/3800723049951_0.json,/media/hdd2/ARCL_multicar_bags/camera_dataset/2026-05-18-v1-v4/rear/EPnPv2_gt_mesh_z_hybrid_labels/3800723049951_0.json,T_map_object_raw,T_camera_object_centered,4132.106131631268,165.9510728131774,15.323553012997461
image_3801027026762,1,988,2176,0.14453125,/media/hdd2/ARCL_multicar_bags/camera_dataset/2026-05-18-v1-v4/rear/EPnPv2_gt_mesh_z_hybrid_labels/3801027026762_0.json,/media/hdd2/ARCL_multicar_bags/camera_dataset/2026-05-18-v1-v4/rear/EPnPv2_gt_mesh_z_hybrid_labels/3801027026762_0.json,T_map_object_raw,T_camera_object_centered,6305.719709191071,166.50767682502126,10.998485613876108
image_3801226421428,1,990,2189,0.15625,/media/hdd2/ARCL_multicar_bags/camera_dataset/2026-05-18-v1-v4/rear/EPnPv2_gt_mesh_z_hybrid_labels/3801226421428_0.json,/media/hdd2/ARCL_multicar_bags/camera_dataset/2026-05-18-v1-v4/rear/EPnPv2_gt_mesh_z_hybrid_labels/3801226421428_0.json,T_map_object_raw,T_camera_object_centered,4792.2861426712025,167.17723931443828,13.628529148467297
image_3801526151029,1,993,2201,0.16015625,/media/hdd2/ARCL_multicar_bags/camera_dataset/2026-05-18-v1-v4/rear/EPnPv2_gt_mesh_z_hybrid_labels/3801526151029_0.json,/media/hdd2/ARCL_multicar_bags/camera_dataset/2026-05-18-v1-v4/rear/EPnPv2_gt_mesh_z_hybrid_labels/3801526151029_0.json,T_map_object_raw,T_camera_object_centered,6492.765121107224,168.39835845087632,16.112334262022593
image_3801526151029,1,993,2201,0.16015625,/media/hdd2/ARCL_multicar_bags/camera_dataset/2026-05-18-v1-v4/rear/EPnPv2_gt_mesh_z_hybrid_labels/3801526151029_1.json,/media/hdd2/ARCL_multicar_bags/camera_dataset/2026-05-18-v1-v4/rear/EPnPv2_gt_mesh_z_hybrid_labels/3801526151029_1.json,T_map_object_raw,T_camera_object_centered,6492.765121107224,168.39835845087632,16.112334262022593
image_3801623334862,1,994,2205,0.16015625,/media/hdd2/ARCL_multicar_bags/camera_dataset/2026-05-18-v1-v4/rear/EPnPv2_gt_mesh_z_hybrid_labels/3801623334862_0.json,/media/hdd2/ARCL_multicar_bags/camera_dataset/2026-05-18-v1-v4/rear/EPnPv2_gt_mesh_z_hybrid_labels/3801623334862_0.json,T_map_object_raw,T_camera_object_centered,3900.247967361676,169.1332303526699,13.983619225927677
image_3801724434314,1,995,2211,0.13671875,/media/hdd2/ARCL_multicar_bags/camera_dataset/2026-05-18-v1-v4/rear/EPnPv2_gt_mesh_z_hybrid_labels/3801724434314_0.json,/media/hdd2/ARCL_multicar_bags/camera_dataset/2026-05-18-v1-v4/rear/EPnPv2_gt_mesh_z_hybrid_labels/3801724434314_0.json,T_map_object_raw,T_camera_object_centered,4797.0393135603745,169.7113304762287,16.143883363745584
image_3801724434314,1,995,2211,0.13671875,/media/hdd2/ARCL_multicar_bags/camera_dataset/2026-05-18-v1-v4/rear/EPnPv2_gt_mesh_z_hybrid_labels/3801724434314_1.json,/media/hdd2/ARCL_multicar_bags/camera_dataset/2026-05-18-v1-v4/rear/EPnPv2_gt_mesh_z_hybrid_labels/3801724434314_1.json,T_map_object_raw,T_camera_object_centered,4797.0393135603745,169.7113304762287,16.143883363745584
image_3801822648013,1,996,2215,0.14453125,/media/hdd2/ARCL_multicar_bags/camera_dataset/2026-05-18-v1-v4/rear/EPnPv2_gt_mesh_z_hybrid_labels/3801822648013_0.json,/media/hdd2/ARCL_multicar_bags/camera_dataset/2026-05-18-v1-v4/rear/EPnPv2_gt_mesh_z_hybrid_labels/3801822648013_0.json,T_map_object_raw,T_camera_object_centered,3887.995090941123,170.43164519249618,12.066638072144256
image_3801822648013,1,996,2215,0.14453125,/media/hdd2/ARCL_multicar_bags/camera_dataset/2026-05-18-v1-v4/rear/EPnPv2_gt_mesh_z_hybrid_labels/3801822648013_1.json,/media/hdd2/ARCL_multicar_bags/camera_dataset/2026-05-18-v1-v4/rear/EPnPv2_gt_mesh_z_hybrid_labels/3801822648013_1.json,T_map_object_raw,T_camera_object_centered,3887.995090941123,170.43164519249618,12.066638072144256
image_3802022894496,1,997,2219,0.16015625,/media/hdd2/ARCL_multicar_bags/camera_dataset/2026-05-18-v1-v4/rear/EPnPv2_gt_mesh_z_hybrid_labels/3802022894496_0.json,/media/hdd2/ARCL_multicar_bags/camera_dataset/2026-05-18-v1-v4/rear/EPnPv2_gt_mesh_z_hybrid_labels/3802022894496_0.json,T_map_object_raw,T_camera_object_centered,4412.5260786248355,171.58938484014567,15.026370711433449
image_3802022894496,1,997,2219,0.16015625,/media/hdd2/ARCL_multicar_bags/camera_dataset/2026-05-18-v1-v4/rear/EPnPv2_gt_mesh_z_hybrid_labels/3802022894496_1.json,/media/hdd2/ARCL_multicar_bags/camera_dataset/2026-05-18-v1-v4/rear/EPnPv2_gt_mesh_z_hybrid_labels/3802022894496_1.json,T_map_object_raw,T_camera_object_centered,4412.5260786248355,171.58938484014567,15.026370711433449
image_3802124291819,1,998,2223,0.140625,/media/hdd2/ARCL_multicar_bags/camera_dataset/2026-05-18-v1-v4/rear/EPnPv2_gt_mesh_z_hybrid_labels/3802124291819_0.json,/media/hdd2/ARCL_multicar_bags/camera_dataset/2026-05-18-v1-v4/rear/EPnPv2_gt_mesh_z_hybrid_labels/3802124291819_0.json,T_map_object_raw,T_camera_object_centered,7546.936882940001,171.72601428220258,17.39974866047133
image_3802330210610,1,999,2227,0.16015625,/media/hdd2/ARCL_multicar_bags/camera_dataset/2026-05-18-v1-v4/rear/EPnPv2_gt_mesh_z_hybrid_labels/3802330210610_0.json,/media/hdd2/ARCL_multicar_bags/camera_dataset/2026-05-18-v1-v4/rear/EPnPv2_gt_mesh_z_hybrid_labels/3802330210610_0.json,T_map_object_raw,T_camera_object_centered,3938.1721624473043,172.44965663474295,17.746948669836804
image_3802330210610,1,999,2227,0.16015625,/media/hdd2/ARCL_multicar_bags/camera_dataset/2026-05-18-v1-v4/rear/EPnPv2_gt_mesh_z_hybrid_labels/3802330210610_1.json,/media/hdd2/ARCL_multicar_bags/camera_dataset/2026-05-18-v1-v4/rear/EPnPv2_gt_mesh_z_hybrid_labels/3802330210610_1.json,T_map_object_raw,T_camera_object_centered,3938.1721624473043,172.44965663474295,17.746948669836804
image_3803023148348,1,1005,255,0.109375,/media/hdd2/ARCL_multicar_bags/camera_dataset/2026-05-18-v1-v4/rear/EPnPv2_gt_mesh_z_hybrid_labels/3803023148348_0.json,/media/hdd2/ARCL_multicar_bags/camera_dataset/2026-05-18-v1-v4/rear/EPnPv2_gt_mesh_z_hybrid_labels/3803023148348_0.json,T_map_object_raw,T_camera_object_centered,1334.6827301152384,174.76048421667312,16.494318511755136
image_3803023148348,1,1005,255,0.109375,/media/hdd2/ARCL_multicar_bags/camera_dataset/2026-05-18-v1-v4/rear/EPnPv2_gt_mesh_z_hybrid_labels/3803023148348_1.json,/media/hdd2/ARCL_multicar_bags/camera_dataset/2026-05-18-v1-v4/rear/EPnPv2_gt_mesh_z_hybrid_labels/3803023148348_1.json,T_map_object_raw,T_camera_object_centered,1334.6827301152384,174.76048421667312,16.494318511755136
image_3803133558119,1,1006,726,0.13671875,/media/hdd2/ARCL_multicar_bags/camera_dataset/2026-05-18-v1-v4/rear/EPnPv2_gt_mesh_z_hybrid_labels/3803133558119_0.json,/media/hdd2/ARCL_multicar_bags/camera_dataset/2026-05-18-v1-v4/rear/EPnPv2_gt_mesh_z_hybrid_labels/3803133558119_0.json,T_map_object_raw,T_camera_object_centered,5997.071327242466,175.65295735570317,11.082191986012376
image_3803133558119,1,1006,726,0.13671875,/media/hdd2/ARCL_multicar_bags/camera_dataset/2026-05-18-v1-v4/rear/EPnPv2_gt_mesh_z_hybrid_labels/3803133558119_1.json,/media/hdd2/ARCL_multicar_bags/camera_dataset/2026-05-18-v1-v4/rear/EPnPv2_gt_mesh_z_hybrid_labels/3803133558119_1.json,T_map_object_raw,T_camera_object_centered,5997.071327242466,175.65295735570317,11.082191986012376
image_3803323705553,1,1008,1584,0.12890625,/media/hdd2/ARCL_multicar_bags/camera_dataset/2026-05-18-v1-v4/rear/EPnPv2_gt_mesh_z_hybrid_labels/3803323705553_0.json,/media/hdd2/ARCL_multicar_bags/camera_dataset/2026-05-18-v1-v4/rear/EPnPv2_gt_mesh_z_hybrid_labels/3803323705553_0.json,T_map_object_raw,T_camera_object_centered,5281.943506796109,175.6311611698476,14.742314392149305
image_3803323705553,1,1008,1584,0.12890625,/media/hdd2/ARCL_multicar_bags/camera_dataset/2026-05-18-v1-v4/rear/EPnPv2_gt_mesh_z_hybrid_labels/3803323705553_1.json,/media/hdd2/ARCL_multicar_bags/camera_dataset/2026-05-18-v1-v4/rear/EPnPv2_gt_mesh_z_hybrid_labels/3803323705553_1.json,T_map_object_raw,T_camera_object_centered,5281.943506796109,175.6311611698476,14.742314392149305
image_3803437773698,1,1009,1998,0.09375,/media/hdd2/ARCL_multicar_bags/camera_dataset/2026-05-18-v1-v4/rear/EPnPv2_gt_mesh_z_hybrid_labels/3803437773698_0.json,/media/hdd2/ARCL_multicar_bags/camera_dataset/2026-05-18-v1-v4/rear/EPnPv2_gt_mesh_z_hybrid_labels/3803437773698_0.json,T_map_object_raw,T_camera_object_centered,5135.8507766898765,168.95657702433604,12.877179848481905
image_3803437773698,1,1009,1998,0.09375,/media/hdd2/ARCL_multicar_bags/camera_dataset/2026-05-18-v1-v4/rear/EPnPv2_gt_mesh_z_hybrid_labels/3803437773698_1.json,/media/hdd2/ARCL_multicar_bags/camera_dataset/2026-05-18-v1-v4/rear/EPnPv2_gt_mesh_z_hybrid_labels/3803437773698_1.json,T_map_object_raw,T_camera_object_centered,5135.8507766898765,168.95657702433604,12.877179848481905
image_3821022865449,1,1170,4635,0.109375,/media/hdd2/ARCL_multicar_bags/camera_dataset/2026-05-18-v1-v4/rear/EPnPv2_gt_mesh_z_hybrid_labels/3821022865449_0.json,/media/hdd2/ARCL_multicar_bags/camera_dataset/2026-05-18-v1-v4/rear/EPnPv2_gt_mesh_z_hybrid_labels/3821022865449_0.json,T_map_object_raw,T_camera_object_centered,3869.8960515308095,179.9576231043132,17.494023358665398
image_3821022865449,1,1170,4635,0.109375,/media/hdd2/ARCL_multicar_bags/camera_dataset/2026-05-18-v1-v4/rear/EPnPv2_gt_mesh_z_hybrid_labels/3821022865449_1.json,/media/hdd2/ARCL_multicar_bags/camera_dataset/2026-05-18-v1-v4/rear/EPnPv2_gt_mesh_z_hybrid_labels/3821022865449_1.json,T_map_object_raw,T_camera_object_centered,3869.8960515308095,179.9576231043132,17.494023358665398
image_3821251754158,1,1172,4641,0.08203125,/media/hdd2/ARCL_multicar_bags/camera_dataset/2026-05-18-v1-v4/rear/EPnPv2_gt_mesh_z_hybrid_labels/3821251754158_0.json,/media/hdd2/ARCL_multicar_bags/camera_dataset/2026-05-18-v1-v4/rear/EPnPv2_gt_mesh_z_hybrid_labels/3821251754158_0.json,T_map_object_raw,T_camera_object_centered,6319.356459138482,178.93939145589513,16.772937103437275
image_3821425013427,1,1174,4647,0.09375,/media/hdd2/ARCL_multicar_bags/camera_dataset/2026-05-18-v1-v4/rear/EPnPv2_gt_mesh_z_hybrid_labels/3821425013427_0.json,/media/hdd2/ARCL_multicar_bags/camera_dataset/2026-05-18-v1-v4/rear/EPnPv2_gt_mesh_z_hybrid_labels/3821425013427_0.json,T_map_object_raw,T_camera_object_centered,1816.2254082210363,178.61918000864426,17.95136937877904
image_3821425013427,1,1174,4647,0.09375,/media/hdd2/ARCL_multicar_bags/camera_dataset/2026-05-18-v1-v4/rear/EPnPv2_gt_mesh_z_hybrid_labels/3821425013427_1.json,/media/hdd2/ARCL_multicar_bags/camera_dataset/2026-05-18-v1-v4/rear/EPnPv2_gt_mesh_z_hybrid_labels/3821425013427_1.json,T_map_object_raw,T_camera_object_centered,1816.2254082210363,178.61918000864426,17.95136937877904
image_3821723756897,1,1176,4655,0.12890625,/media/hdd2/ARCL_multicar_bags/camera_dataset/2026-05-18-v1-v4/rear/EPnPv2_gt_mesh_z_hybrid_labels/3821723756897_0.json,/media/hdd2/ARCL_multicar_bags/camera_dataset/2026-05-18-v1-v4/rear/EPnPv2_gt_mesh_z_hybrid_labels/3821723756897_0.json,T_map_object_raw,T_camera_object_centered,5927.837064772401,176.9773941229529,19.321098040432297
image_3821823528237,1,1177,4658,0.1015625,/media/hdd2/ARCL_multicar_bags/camera_dataset/2026-05-18-v1-v4/rear/EPnPv2_gt_mesh_z_hybrid_labels/3821823528237_0.json,/media/hdd2/ARCL_multicar_bags/camera_dataset/2026-05-18-v1-v4/rear/EPnPv2_gt_mesh_z_hybrid_labels/3821823528237_0.json,T_map_object_raw,T_camera_object_centered,3713.5415425574706,177.03683740141193,16.917956909197034
image_3821823528237,1,1177,4658,0.1015625,/media/hdd2/ARCL_multicar_bags/camera_dataset/2026-05-18-v1-v4/rear/EPnPv2_gt_mesh_z_hybrid_labels/3821823528237_1.json,/media/hdd2/ARCL_multicar_bags/camera_dataset/2026-05-18-v1-v4/rear/EPnPv2_gt_mesh_z_hybrid_labels/3821823528237_1.json,T_map_object_raw,T_camera_object_centered,3713.5415425574706,177.03683740141193,16.917956909197034
image_3822123303035,1,1180,4668,0.12890625,/media/hdd2/ARCL_multicar_bags/camera_dataset/2026-05-18-v1-v4/rear/EPnPv2_gt_mesh_z_hybrid_labels/3822123303035_0.json,/media/hdd2/ARCL_multicar_bags/camera_dataset/2026-05-18-v1-v4/rear/EPnPv2_gt_mesh_z_hybrid_labels/3822123303035_0.json,T_map_object_raw,T_camera_object_centered,2755.695063909615,175.97810561279738,18.04858985731942
image_3822123303035,1,1180,4668,0.12890625,/media/hdd2/ARCL_multicar_bags/camera_dataset/2026-05-18-v1-v4/rear/EPnPv2_gt_mesh_z_hybrid_labels/3822123303035_1.json,/media/hdd2/ARCL_multicar_bags/camera_dataset/2026-05-18-v1-v4/rear/EPnPv2_gt_mesh_z_hybrid_labels/3822123303035_1.json,T_map_object_raw,T_camera_object_centered,2755.695063909615,175.97810561279738,18.04858985731942
image_3822426203061,1,1183,4677,0.109375,/media/hdd2/ARCL_multicar_bags/camera_dataset/2026-05-18-v1-v4/rear/EPnPv2_gt_mesh_z_hybrid_labels/3822426203061_0.json,/media/hdd2/ARCL_multicar_bags/camera_dataset/2026-05-18-v1-v4/rear/EPnPv2_gt_mesh_z_hybrid_labels/3822426203061_0.json,T_map_object_raw,T_camera_object_centered,7613.197726585443,174.68404323286106,17.577095513947178
image_3822426203061,1,1183,4677,0.109375,/media/hdd2/ARCL_multicar_bags/camera_dataset/2026-05-18-v1-v4/rear/EPnPv2_gt_mesh_z_hybrid_labels/3822426203061_1.json,/media/hdd2/ARCL_multicar_bags/camera_dataset/2026-05-18-v1-v4/rear/EPnPv2_gt_mesh_z_hybrid_labels/3822426203061_1.json,T_map_object_raw,T_camera_object_centered,7613.197726585443,174.68404323286106,17.577095513947178
image_3822523397788,1,1184,4680,0.12109375,/media/hdd2/ARCL_multicar_bags/camera_dataset/2026-05-18-v1-v4/rear/EPnPv2_gt_mesh_z_hybrid_labels/3822523397788_0.json,/media/hdd2/ARCL_multicar_bags/camera_dataset/2026-05-18-v1-v4/rear/EPnPv2_gt_mesh_z_hybrid_labels/3822523397788_0.json,T_map_object_raw,T_camera_object_centered,3420.0091419598134,174.93610975481496,16.763041239551992
image_3822523397788,1,1184,4680,0.12109375,/media/hdd2/ARCL_multicar_bags/camera_dataset/2026-05-18-v1-v4/rear/EPnPv2_gt_mesh_z_hybrid_labels/3822523397788_1.json,/media/hdd2/ARCL_multicar_bags/camera_dataset/2026-05-18-v1-v4/rear/EPnPv2_gt_mesh_z_hybrid_labels/3822523397788_1.json,T_map_object_raw,T_camera_object_centered,3420.0091419598134,174.93610975481496,16.763041239551992
image_3822622803458,1,1185,4685,0.13671875,/media/hdd2/ARCL_multicar_bags/camera_dataset/2026-05-18-v1-v4/rear/EPnPv2_gt_mesh_z_hybrid_labels/3822622803458_0.json,/media/hdd2/ARCL_multicar_bags/camera_dataset/2026-05-18-v1-v4/rear/EPnPv2_gt_mesh_z_hybrid_labels/3822622803458_0.json,T_map_object_raw,T_camera_object_centered,3265.4522427200745,174.79885770405446,15.264479212114145
image_3822622803458,1,1185,4685,0.13671875,/media/hdd2/ARCL_multicar_bags/camera_dataset/2026-05-18-v1-v4/rear/EPnPv2_gt_mesh_z_hybrid_labels/3822622803458_1.json,/media/hdd2/ARCL_multicar_bags/camera_dataset/2026-05-18-v1-v4/rear/EPnPv2_gt_mesh_z_hybrid_labels/3822622803458_1.json,T_map_object_raw,T_camera_object_centered,3265.4522427200745,174.79885770405446,15.264479212114145
image_3822726543632,1,1186,4688,0.1640625,/media/hdd2/ARCL_multicar_bags/camera_dataset/2026-05-18-v1-v4/rear/EPnPv2_gt_mesh_z_hybrid_labels/3822726543632_0.json,/media/hdd2/ARCL_multicar_bags/camera_dataset/2026-05-18-v1-v4/rear/EPnPv2_gt_mesh_z_hybrid_labels/3822726543632_0.json,T_map_object_raw,T_camera_object_centered,3236.513005416599,174.19281223926697,16.13626440380871
image_3822726543632,1,1186,4688,0.1640625,/media/hdd2/ARCL_multicar_bags/camera_dataset/2026-05-18-v1-v4/rear/EPnPv2_gt_mesh_z_hybrid_labels/3822726543632_1.json,/media/hdd2/ARCL_multicar_bags/camera_dataset/2026-05-18-v1-v4/rear/EPnPv2_gt_mesh_z_hybrid_labels/3822726543632_1.json,T_map_object_raw,T_camera_object_centered,3236.513005416599,174.19281223926697,16.13626440380871
image_3822923881777,1,1188,4694,0.1171875,/media/hdd2/ARCL_multicar_bags/camera_dataset/2026-05-18-v1-v4/rear/EPnPv2_gt_mesh_z_hybrid_labels/3822923881777_0.json,/media/hdd2/ARCL_multicar_bags/camera_dataset/2026-05-18-v1-v4/rear/EPnPv2_gt_mesh_z_hybrid_labels/3822923881777_0.json,T_map_object_raw,T_camera_object_centered,5640.68746772537,174.287824887903,14.470944701766674
image_3822923881777,1,1188,4694,0.1171875,/media/hdd2/ARCL_multicar_bags/camera_dataset/2026-05-18-v1-v4/rear/EPnPv2_gt_mesh_z_hybrid_labels/3822923881777_1.json,/media/hdd2/ARCL_multicar_bags/camera_dataset/2026-05-18-v1-v4/rear/EPnPv2_gt_mesh_z_hybrid_labels/3822923881777_1.json,T_map_object_raw,T_camera_object_centered,5640.68746772537,174.287824887903,14.470944701766674
image_3823423412043,1,1192,4707,0.14453125,/media/hdd2/ARCL_multicar_bags/camera_dataset/2026-05-18-v1-v4/rear/EPnPv2_gt_mesh_z_hybrid_labels/3823423412043_0.json,/media/hdd2/ARCL_multicar_bags/camera_dataset/2026-05-18-v1-v4/rear/EPnPv2_gt_mesh_z_hybrid_labels/3823423412043_0.json,T_map_object_raw,T_camera_object_centered,4243.361394405888,173.0275416661459,16.83920615241385
image_3823423412043,1,1192,4707,0.14453125,/media/hdd2/ARCL_multicar_bags/camera_dataset/2026-05-18-v1-v4/rear/EPnPv2_gt_mesh_z_hybrid_labels/3823423412043_1.json,/media/hdd2/ARCL_multicar_bags/camera_dataset/2026-05-18-v1-v4/rear/EPnPv2_gt_mesh_z_hybrid_labels/3823423412043_1.json,T_map_object_raw,T_camera_object_centered,4243.361394405888,173.0275416661459,16.83920615241385
image_3824024778824,1,1197,4724,0.12890625,/media/hdd2/ARCL_multicar_bags/camera_dataset/2026-05-18-v1-v4/rear/EPnPv2_gt_mesh_z_hybrid_labels/3824024778824_0.json,/media/hdd2/ARCL_multicar_bags/camera_dataset/2026-05-18-v1-v4/rear/EPnPv2_gt_mesh_z_hybrid_labels/3824024778824_0.json,T_map_object_raw,T_camera_object_centered,8319.592666958059,172.99547245583943,16.826227592729488
image_3824024778824,1,1197,4724,0.12890625,/media/hdd2/ARCL_multicar_bags/camera_dataset/2026-05-18-v1-v4/rear/EPnPv2_gt_mesh_z_hybrid_labels/3824024778824_1.json,/media/hdd2/ARCL_multicar_bags/camera_dataset/2026-05-18-v1-v4/rear/EPnPv2_gt_mesh_z_hybrid_labels/3824024778824_1.json,T_map_object_raw,T_camera_object_centered,8319.592666958059,172.99547245583943,16.826227592729488
image_3824127989191,1,1198,4727,0.15234375,/media/hdd2/ARCL_multicar_bags/camera_dataset/2026-05-18-v1-v4/rear/EPnPv2_gt_mesh_z_hybrid_labels/3824127989191_0.json,/media/hdd2/ARCL_multicar_bags/camera_dataset/2026-05-18-v1-v4/rear/EPnPv2_gt_mesh_z_hybrid_labels/3824127989191_0.json,T_map_object_raw,T_camera_object_centered,5379.103147631155,173.29179639734346,16.142490477648245
image_3824127989191,1,1198,4727,0.15234375,/media/hdd2/ARCL_multicar_bags/camera_dataset/2026-05-18-v1-v4/rear/EPnPv2_gt_mesh_z_hybrid_labels/3824127989191_1.json,/media/hdd2/ARCL_multicar_bags/camera_dataset/2026-05-18-v1-v4/rear/EPnPv2_gt_mesh_z_hybrid_labels/3824127989191_1.json,T_map_object_raw,T_camera_object_centered,5379.103147631155,173.29179639734346,16.142490477648245
image_3824322901731,1,1200,4735,0.140625,/media/hdd2/ARCL_multicar_bags/camera_dataset/2026-05-18-v1-v4/rear/EPnPv2_gt_mesh_z_hybrid_labels/3824322901731_0.json,/media/hdd2/ARCL_multicar_bags/camera_dataset/2026-05-18-v1-v4/rear/EPnPv2_gt_mesh_z_hybrid_labels/3824322901731_0.json,T_map_object_raw,T_camera_object_centered,5798.278187469403,174.22682246314707,16.971047097103273
image_3824322901731,1,1200,4735,0.140625,/media/hdd2/ARCL_multicar_bags/camera_dataset/2026-05-18-v1-v4/rear/EPnPv2_gt_mesh_z_hybrid_labels/3824322901731_1.json,/media/hdd2/ARCL_multicar_bags/camera_dataset/2026-05-18-v1-v4/rear/EPnPv2_gt_mesh_z_hybrid_labels/3824322901731_1.json,T_map_object_raw,T_camera_object_centered,5798.278187469403,174.22682246314707,16.971047097103273
image_3824425361839,1,1201,4738,0.12890625,/media/hdd2/ARCL_multicar_bags/camera_dataset/2026-05-18-v1-v4/rear/EPnPv2_gt_mesh_z_hybrid_labels/3824425361839_0.json,/media/hdd2/ARCL_multicar_bags/camera_dataset/2026-05-18-v1-v4/rear/EPnPv2_gt_mesh_z_hybrid_labels/3824425361839_0.json,T_map_object_raw,T_camera_object_centered,7791.431150867234,173.96744763215165,18.591948304149867
image_3824425361839,1,1201,4738,0.12890625,/media/hdd2/ARCL_multicar_bags/camera_dataset/2026-05-18-v1-v4/rear/EPnPv2_gt_mesh_z_hybrid_labels/3824425361839_1.json,/media/hdd2/ARCL_multicar_bags/camera_dataset/2026-05-18-v1-v4/rear/EPnPv2_gt_mesh_z_hybrid_labels/3824425361839_1.json,T_map_object_raw,T_camera_object_centered,7791.431150867234,173.96744763215165,18.591948304149867
image_3824524115364,1,1202,4741,0.08984375,/media/hdd2/ARCL_multicar_bags/camera_dataset/2026-05-18-v1-v4/rear/EPnPv2_gt_mesh_z_hybrid_labels/3824524115364_0.json,/media/hdd2/ARCL_multicar_bags/camera_dataset/2026-05-18-v1-v4/rear/EPnPv2_gt_mesh_z_hybrid_labels/3824524115364_0.json,T_map_object_raw,T_camera_object_centered,8685.248837919877,174.24742693999502,19.113398100746522
image_3824524115364,1,1202,4741,0.08984375,/media/hdd2/ARCL_multicar_bags/camera_dataset/2026-05-18-v1-v4/rear/EPnPv2_gt_mesh_z_hybrid_labels/3824524115364_1.json,/media/hdd2/ARCL_multicar_bags/camera_dataset/2026-05-18-v1-v4/rear/EPnPv2_gt_mesh_z_hybrid_labels/3824524115364_1.json,T_map_object_raw,T_camera_object_centered,8685.248837919877,174.24742693999502,19.113398100746522
image_3824724679403,1,1204,4747,0.12890625,/media/hdd2/ARCL_multicar_bags/camera_dataset/2026-05-18-v1-v4/rear/EPnPv2_gt_mesh_z_hybrid_labels/3824724679403_0.json,/media/hdd2/ARCL_multicar_bags/camera_dataset/2026-05-18-v1-v4/rear/EPnPv2_gt_mesh_z_hybrid_labels/3824724679403_0.json,T_map_object_raw,T_camera_object_centered,8642.619789260658,175.01247458764615,19.66614304241842
image_3824724679403,1,1204,4747,0.12890625,/media/hdd2/ARCL_multicar_bags/camera_dataset/2026-05-18-v1-v4/rear/EPnPv2_gt_mesh_z_hybrid_labels/3824724679403_1.json,/media/hdd2/ARCL_multicar_bags/camera_dataset/2026-05-18-v1-v4/rear/EPnPv2_gt_mesh_z_hybrid_labels/3824724679403_1.json,T_map_object_raw,T_camera_object_centered,8642.619789260658,175.01247458764615,19.66614304241842
image_3824823904732,1,1205,4752,0.08984375,/media/hdd2/ARCL_multicar_bags/camera_dataset/2026-05-18-v1-v4/rear/EPnPv2_gt_mesh_z_hybrid_labels/3824823904732_0.json,/media/hdd2/ARCL_multicar_bags/camera_dataset/2026-05-18-v1-v4/rear/EPnPv2_gt_mesh_z_hybrid_labels/3824823904732_0.json,T_map_object_raw,T_camera_object_centered,6194.519916828043,175.6098191091545,21.570739114116694
image_3824823904732,1,1205,4752,0.08984375,/media/hdd2/ARCL_multicar_bags/camera_dataset/2026-05-18-v1-v4/rear/EPnPv2_gt_mesh_z_hybrid_labels/3824823904732_1.json,/media/hdd2/ARCL_multicar_bags/camera_dataset/2026-05-18-v1-v4/rear/EPnPv2_gt_mesh_z_hybrid_labels/3824823904732_1.json,T_map_object_raw,T_camera_object_centered,6194.519916828043,175.6098191091545,21.570739114116694
image_3825823821941,1,1215,4785,0.1484375,/media/hdd2/ARCL_multicar_bags/camera_dataset/2026-05-18-v1-v4/rear/EPnPv2_gt_mesh_z_hybrid_labels/3825823821941_0.json,/media/hdd2/ARCL_multicar_bags/camera_dataset/2026-05-18-v1-v4/rear/EPnPv2_gt_mesh_z_hybrid_labels/3825823821941_0.json,T_map_object_raw,T_camera_object_centered,9023.50044603622,163.9466884491548,20.795442066900787
image_3825823821941,1,1215,4785,0.1484375,/media/hdd2/ARCL_multicar_bags/camera_dataset/2026-05-18-v1-v4/rear/EPnPv2_gt_mesh_z_hybrid_labels/3825823821941_1.json,/media/hdd2/ARCL_multicar_bags/camera_dataset/2026-05-18-v1-v4/rear/EPnPv2_gt_mesh_z_hybrid_labels/3825823821941_1.json,T_map_object_raw,T_camera_object_centered,9023.50044603622,163.9466884491548,20.795442066900787
image_3832123505132,1,1274,4990,0.09375,/media/hdd2/ARCL_multicar_bags/camera_dataset/2026-05-18-v1-v4/rear/EPnPv2_gt_mesh_z_hybrid_labels/3832123505132_0.json,/media/hdd2/ARCL_multicar_bags/camera_dataset/2026-05-18-v1-v4/rear/EPnPv2_gt_mesh_z_hybrid_labels/3832123505132_0.json,T_map_object_raw,T_camera_object_centered,5314.611335692138,178.76701958122717,14.630483535633298
image_3832623714823,1,1279,5012,0.1015625,/media/hdd2/ARCL_multicar_bags/camera_dataset/2026-05-18-v1-v4/rear/EPnPv2_gt_mesh_z_hybrid_labels/3832623714823_0.json,/media/hdd2/ARCL_multicar_bags/camera_dataset/2026-05-18-v1-v4/rear/EPnPv2_gt_mesh_z_hybrid_labels/3832623714823_0.json,T_map_object_raw,T_camera_object_centered,5299.363613676526,177.64065851029017,12.802053391972304
image_3833122848831,1,1284,5028,0.15625,/media/hdd2/ARCL_multicar_bags/camera_dataset/2026-05-18-v1-v4/rear/EPnPv2_gt_mesh_z_hybrid_labels/3833122848831_0.json,/media/hdd2/ARCL_multicar_bags/camera_dataset/2026-05-18-v1-v4/rear/EPnPv2_gt_mesh_z_hybrid_labels/3833122848831_0.json,T_map_object_raw,T_camera_object_centered,2094.848153688579,173.8681878383849,17.65462862428258
image_3833422231974,1,1287,5039,0.125,/media/hdd2/ARCL_multicar_bags/camera_dataset/2026-05-18-v1-v4/rear/EPnPv2_gt_mesh_z_hybrid_labels/3833422231974_0.json,/media/hdd2/ARCL_multicar_bags/camera_dataset/2026-05-18-v1-v4/rear/EPnPv2_gt_mesh_z_hybrid_labels/3833422231974_0.json,T_map_object_raw,T_camera_object_centered,2172.7183512465,172.4961798085758,17.64722943402331
image_3833522137986,1,1288,5042,0.14453125,/media/hdd2/ARCL_multicar_bags/camera_dataset/2026-05-18-v1-v4/rear/EPnPv2_gt_mesh_z_hybrid_labels/3833522137986_0.json,/media/hdd2/ARCL_multicar_bags/camera_dataset/2026-05-18-v1-v4/rear/EPnPv2_gt_mesh_z_hybrid_labels/3833522137986_0.json,T_map_object_raw,T_camera_object_centered,6776.656080561294,171.03279446763773,19.53800386853989
image_3833722790317,1,1290,5050,0.13671875,/media/hdd2/ARCL_multicar_bags/camera_dataset/2026-05-18-v1-v4/rear/EPnPv2_gt_mesh_z_hybrid_labels/3833722790317_0.json,/media/hdd2/ARCL_multicar_bags/camera_dataset/2026-05-18-v1-v4/rear/EPnPv2_gt_mesh_z_hybrid_labels/3833722790317_0.json,T_map_object_raw,T_camera_object_centered,7658.319261470655,169.86971370562333,20.556256492727304
image_3833722790317,1,1290,5050,0.13671875,/media/hdd2/ARCL_multicar_bags/camera_dataset/2026-05-18-v1-v4/rear/EPnPv2_gt_mesh_z_hybrid_labels/3833722790317_1.json,/media/hdd2/ARCL_multicar_bags/camera_dataset/2026-05-18-v1-v4/rear/EPnPv2_gt_mesh_z_hybrid_labels/3833722790317_1.json,T_map_object_raw,T_camera_object_centered,7658.319261470655,169.86971370562333,20.556256492727304
image_3834227759806,1,1293,5062,0.15234375,/media/hdd2/ARCL_multicar_bags/camera_dataset/2026-05-18-v1-v4/rear/EPnPv2_gt_mesh_z_hybrid_labels/3834227759806_0.json,/media/hdd2/ARCL_multicar_bags/camera_dataset/2026-05-18-v1-v4/rear/EPnPv2_gt_mesh_z_hybrid_labels/3834227759806_0.json,T_map_object_raw,T_camera_object_centered,6156.214444929717,167.38834981921016,19.121953058583372
image_3834227759806,1,1293,5062,0.15234375,/media/hdd2/ARCL_multicar_bags/camera_dataset/2026-05-18-v1-v4/rear/EPnPv2_gt_mesh_z_hybrid_labels/3834227759806_1.json,/media/hdd2/ARCL_multicar_bags/camera_dataset/2026-05-18-v1-v4/rear/EPnPv2_gt_mesh_z_hybrid_labels/3834227759806_1.json,T_map_object_raw,T_camera_object_centered,6156.214444929717,167.38834981921016,19.121953058583372
image_3834422523066,1,1295,5072,0.13671875,/media/hdd2/ARCL_multicar_bags/camera_dataset/2026-05-18-v1-v4/rear/EPnPv2_gt_mesh_z_hybrid_labels/3834422523066_0.json,/media/hdd2/ARCL_multicar_bags/camera_dataset/2026-05-18-v1-v4/rear/EPnPv2_gt_mesh_z_hybrid_labels/3834422523066_0.json,T_map_object_raw,T_camera_object_centered,5489.681346516381,166.65883724767255,18.68939716326231
image_3834822668851,1,1299,5088,0.12890625,/media/hdd2/ARCL_multicar_bags/camera_dataset/2026-05-18-v1-v4/rear/EPnPv2_gt_mesh_z_hybrid_labels/3834822668851_0.json,/media/hdd2/ARCL_multicar_bags/camera_dataset/2026-05-18-v1-v4/rear/EPnPv2_gt_mesh_z_hybrid_labels/3834822668851_0.json,T_map_object_raw,T_camera_object_centered,5591.878071874138,176.34211752245977,24.167218252164314
image_3834822668851,1,1299,5088,0.12890625,/media/hdd2/ARCL_multicar_bags/camera_dataset/2026-05-18-v1-v4/rear/EPnPv2_gt_mesh_z_hybrid_labels/3834822668851_1.json,/media/hdd2/ARCL_multicar_bags/camera_dataset/2026-05-18-v1-v4/rear/EPnPv2_gt_mesh_z_hybrid_labels/3834822668851_1.json,T_map_object_raw,T_camera_object_centered,5591.878071874138,176.34211752245977,24.167218252164314
image_3834923100569,1,1300,5094,0.1640625,/media/hdd2/ARCL_multicar_bags/camera_dataset/2026-05-18-v1-v4/rear/EPnPv2_gt_mesh_z_hybrid_labels/3834923100569_0.json,/media/hdd2/ARCL_multicar_bags/camera_dataset/2026-05-18-v1-v4/rear/EPnPv2_gt_mesh_z_hybrid_labels/3834923100569_0.json,T_map_object_raw,T_camera_object_centered,2254.7968763490667,176.8011662431579,19.62232924920967
image_3834923100569,1,1300,5094,0.1640625,/media/hdd2/ARCL_multicar_bags/camera_dataset/2026-05-18-v1-v4/rear/EPnPv2_gt_mesh_z_hybrid_labels/3834923100569_1.json,/media/hdd2/ARCL_multicar_bags/camera_dataset/2026-05-18-v1-v4/rear/EPnPv2_gt_mesh_z_hybrid_labels/3834923100569_1.json,T_map_object_raw,T_camera_object_centered,2254.7968763490667,176.8011662431579,19.62232924920967
image_3835035777363,1,1301,5098,0.12890625,/media/hdd2/ARCL_multicar_bags/camera_dataset/2026-05-18-v1-v4/rear/EPnPv2_gt_mesh_z_hybrid_labels/3835035777363_0.json,/media/hdd2/ARCL_multicar_bags/camera_dataset/2026-05-18-v1-v4/rear/EPnPv2_gt_mesh_z_hybrid_labels/3835035777363_0.json,T_map_object_raw,T_camera_object_centered,4725.371860647356,176.95768706438744,23.096980938422245
image_3836423074057,1,1313,5159,0.15234375,/media/hdd2/ARCL_multicar_bags/camera_dataset/2026-05-18-v1-v4/rear/EPnPv2_gt_mesh_z_hybrid_labels/3836423074057_0.json,/media/hdd2/ARCL_multicar_bags/camera_dataset/2026-05-18-v1-v4/rear/EPnPv2_gt_mesh_z_hybrid_labels/3836423074057_0.json,T_map_object_raw,T_camera_object_centered,4860.80769854175,164.33628494221128,17.358006541075298
image_3836423074057,1,1313,5159,0.15234375,/media/hdd2/ARCL_multicar_bags/camera_dataset/2026-05-18-v1-v4/rear/EPnPv2_gt_mesh_z_hybrid_labels/3836423074057_1.json,/media/hdd2/ARCL_multicar_bags/camera_dataset/2026-05-18-v1-v4/rear/EPnPv2_gt_mesh_z_hybrid_labels/3836423074057_1.json,T_map_object_raw,T_camera_object_centered,4860.80769854175,164.33628494221128,17.358006541075298
image_3836922381645,1,1318,5177,0.12109375,/media/hdd2/ARCL_multicar_bags/camera_dataset/2026-05-18-v1-v4/rear/EPnPv2_gt_mesh_z_hybrid_labels/3836922381645_0.json,/media/hdd2/ARCL_multicar_bags/camera_dataset/2026-05-18-v1-v4/rear/EPnPv2_gt_mesh_z_hybrid_labels/3836922381645_0.json,T_map_object_raw,T_camera_object_centered,7458.682987048451,164.03178082149583,15.65067912736264
image_3836922381645,1,1318,5177,0.12109375,/media/hdd2/ARCL_multicar_bags/camera_dataset/2026-05-18-v1-v4/rear/EPnPv2_gt_mesh_z_hybrid_labels/3836922381645_1.json,/media/hdd2/ARCL_multicar_bags/camera_dataset/2026-05-18-v1-v4/rear/EPnPv2_gt_mesh_z_hybrid_labels/3836922381645_1.json,T_map_object_raw,T_camera_object_centered,7458.682987048451,164.03178082149583,15.65067912736264
image_3841722900496,1,1361,5353,0.14453125,/media/hdd2/ARCL_multicar_bags/camera_dataset/2026-05-18-v1-v4/rear/EPnPv2_gt_mesh_z_hybrid_labels/3841722900496_0.json,/media/hdd2/ARCL_multicar_bags/camera_dataset/2026-05-18-v1-v4/rear/EPnPv2_gt_mesh_z_hybrid_labels/3841722900496_0.json,T_map_object_raw,T_camera_object_centered,4946.806109771991,163.48481634313328,17.338220101709464
image_3841922393474,1,1363,5362,0.10546875,/media/hdd2/ARCL_multicar_bags/camera_dataset/2026-05-18-v1-v4/rear/EPnPv2_gt_mesh_z_hybrid_labels/3841922393474_0.json,/media/hdd2/ARCL_multicar_bags/camera_dataset/2026-05-18-v1-v4/rear/EPnPv2_gt_mesh_z_hybrid_labels/3841922393474_0.json,T_map_object_raw,T_camera_object_centered,4191.980283569858,163.48316159254202,16.385636382035038
image_3842225540216,1,1366,5375,0.1015625,/media/hdd2/ARCL_multicar_bags/camera_dataset/2026-05-18-v1-v4/rear/EPnPv2_gt_mesh_z_hybrid_labels/3842225540216_0.json,/media/hdd2/ARCL_multicar_bags/camera_dataset/2026-05-18-v1-v4/rear/EPnPv2_gt_mesh_z_hybrid_labels/3842225540216_0.json,T_map_object_raw,T_camera_object_centered,7580.269926770549,163.61863574496357,10.218023009378493
image_3842424637905,1,1368,5383,0.08203125,/media/hdd2/ARCL_multicar_bags/camera_dataset/2026-05-18-v1-v4/rear/EPnPv2_gt_mesh_z_hybrid_labels/3842424637905_0.json,/media/hdd2/ARCL_multicar_bags/camera_dataset/2026-05-18-v1-v4/rear/EPnPv2_gt_mesh_z_hybrid_labels/3842424637905_0.json,T_map_object_raw,T_camera_object_centered,3905.092664299262,178.46733389865474,16.27919216658408
image_3842523690698,1,1369,5387,0.0703125,/media/hdd2/ARCL_multicar_bags/camera_dataset/2026-05-18-v1-v4/rear/EPnPv2_gt_mesh_z_hybrid_labels/3842523690698_0.json,/media/hdd2/ARCL_multicar_bags/camera_dataset/2026-05-18-v1-v4/rear/EPnPv2_gt_mesh_z_hybrid_labels/3842523690698_0.json,T_map_object_raw,T_camera_object_centered,4937.798277487683,163.56205291255884,10.416733820032487
image_3843023191756,1,1372,5398,0.15234375,/media/hdd2/ARCL_multicar_bags/camera_dataset/2026-05-18-v1-v4/rear/EPnPv2_gt_mesh_z_hybrid_labels/3843023191756_0.json,/media/hdd2/ARCL_multicar_bags/camera_dataset/2026-05-18-v1-v4/rear/EPnPv2_gt_mesh_z_hybrid_labels/3843023191756_0.json,T_map_object_raw,T_camera_object_centered,1388.217132207001,178.43086203459274,17.798057395241646
image_3843122150716,1,1373,5401,0.14453125,/media/hdd2/ARCL_multicar_bags/camera_dataset/2026-05-18-v1-v4/rear/EPnPv2_gt_mesh_z_hybrid_labels/3843122150716_0.json,/media/hdd2/ARCL_multicar_bags/camera_dataset/2026-05-18-v1-v4/rear/EPnPv2_gt_mesh_z_hybrid_labels/3843122150716_0.json,T_map_object_raw,T_camera_object_centered,1772.805876982695,178.39460643122854,14.099748661700662
image_3843243752725,1,1374,5404,0.12890625,/media/hdd2/ARCL_multicar_bags/camera_dataset/2026-05-18-v1-v4/rear/EPnPv2_gt_mesh_z_hybrid_labels/3843243752725_0.json,/media/hdd2/ARCL_multicar_bags/camera_dataset/2026-05-18-v1-v4/rear/EPnPv2_gt_mesh_z_hybrid_labels/3843243752725_0.json,T_map_object_raw,T_camera_object_centered,2304.3633096943568,178.382731301537,15.118272678688278
image_3843423901587,1,1376,5412,0.13671875,/media/hdd2/ARCL_multicar_bags/camera_dataset/2026-05-18-v1-v4/rear/EPnPv2_gt_mesh_z_hybrid_labels/3843423901587_0.json,/media/hdd2/ARCL_multicar_bags/camera_dataset/2026-05-18-v1-v4/rear/EPnPv2_gt_mesh_z_hybrid_labels/3843423901587_0.json,T_map_object_raw,T_camera_object_centered,2872.1945374282686,178.51258525871128,15.168568966968015
image_3843522399135,1,1377,5415,0.1484375,/media/hdd2/ARCL_multicar_bags/camera_dataset/2026-05-18-v1-v4/rear/EPnPv2_gt_mesh_z_hybrid_labels/3843522399135_0.json,/media/hdd2/ARCL_multicar_bags/camera_dataset/2026-05-18-v1-v4/rear/EPnPv2_gt_mesh_z_hybrid_labels/3843522399135_0.json,T_map_object_raw,T_camera_object_centered,3232.114662003285,163.53886638295376,13.556338226300339
image_3843722266724,1,1378,5418,0.140625,/media/hdd2/ARCL_multicar_bags/camera_dataset/2026-05-18-v1-v4/rear/EPnPv2_gt_mesh_z_hybrid_labels/3843722266724_0.json,/media/hdd2/ARCL_multicar_bags/camera_dataset/2026-05-18-v1-v4/rear/EPnPv2_gt_mesh_z_hybrid_labels/3843722266724_0.json,T_map_object_raw,T_camera_object_centered,4965.3802540457755,163.60036411843626,16.147526877823438
image_3843822718937,1,1379,5421,0.10546875,/media/hdd2/ARCL_multicar_bags/camera_dataset/2026-05-18-v1-v4/rear/EPnPv2_gt_mesh_z_hybrid_labels/3843822718937_0.json,/media/hdd2/ARCL_multicar_bags/camera_dataset/2026-05-18-v1-v4/rear/EPnPv2_gt_mesh_z_hybrid_labels/3843822718937_0.json,T_map_object_raw,T_camera_object_centered,2421.982097588702,178.27971433562237,17.27537319596648
image_3844026117988,1,1381,5428,0.11328125,/media/hdd2/ARCL_multicar_bags/camera_dataset/2026-05-18-v1-v4/rear/EPnPv2_gt_mesh_z_hybrid_labels/3844026117988_0.json,/media/hdd2/ARCL_multicar_bags/camera_dataset/2026-05-18-v1-v4/rear/EPnPv2_gt_mesh_z_hybrid_labels/3844026117988_0.json,T_map_object_raw,T_camera_object_centered,3367.3343318695843,163.8031830069169,15.874017315548478
image_3844122150226,1,1382,5431,0.1328125,/media/hdd2/ARCL_multicar_bags/camera_dataset/2026-05-18-v1-v4/rear/EPnPv2_gt_mesh_z_hybrid_labels/3844122150226_0.json,/media/hdd2/ARCL_multicar_bags/camera_dataset/2026-05-18-v1-v4/rear/EPnPv2_gt_mesh_z_hybrid_labels/3844122150226_0.json,T_map_object_raw,T_camera_object_centered,6028.931053846987,163.71838687940908,18.14414100412642
image_3844322118625,1,1384,5437,0.140625,/media/hdd2/ARCL_multicar_bags/camera_dataset/2026-05-18-v1-v4/rear/EPnPv2_gt_mesh_z_hybrid_labels/3844322118625_0.json,/media/hdd2/ARCL_multicar_bags/camera_dataset/2026-05-18-v1-v4/rear/EPnPv2_gt_mesh_z_hybrid_labels/3844322118625_0.json,T_map_object_raw,T_camera_object_centered,3474.327766756313,163.78301664282463,17.58866732074339
image_3848122506589,1,1416,5562,0.13671875,/media/hdd2/ARCL_multicar_bags/camera_dataset/2026-05-18-v1-v4/rear/EPnPv2_gt_mesh_z_hybrid_labels/3848122506589_0.json,/media/hdd2/ARCL_multicar_bags/camera_dataset/2026-05-18-v1-v4/rear/EPnPv2_gt_mesh_z_hybrid_labels/3848122506589_0.json,T_map_object_raw,T_camera_object_centered,5544.4556968683555,178.4936545059478,18.076775159614865
image_3848424439206,1,1419,5577,0.09375,/media/hdd2/ARCL_multicar_bags/camera_dataset/2026-05-18-v1-v4/rear/EPnPv2_gt_mesh_z_hybrid_labels/3848424439206_0.json,/media/hdd2/ARCL_multicar_bags/camera_dataset/2026-05-18-v1-v4/rear/EPnPv2_gt_mesh_z_hybrid_labels/3848424439206_0.json,T_map_object_raw,T_camera_object_centered,7826.503723154843,163.4757590489066,14.032687085801395
image_3848526342293,1,1420,5583,0.109375,/media/hdd2/ARCL_multicar_bags/camera_dataset/2026-05-18-v1-v4/rear/EPnPv2_gt_mesh_z_hybrid_labels/3848526342293_0.json,/media/hdd2/ARCL_multicar_bags/camera_dataset/2026-05-18-v1-v4/rear/EPnPv2_gt_mesh_z_hybrid_labels/3848526342293_0.json,T_map_object_raw,T_camera_object_centered,6759.82327385633,163.5056671882181,12.682011633279568
image_3848925530975,1,1424,5603,0.11328125,/media/hdd2/ARCL_multicar_bags/camera_dataset/2026-05-18-v1-v4/rear/EPnPv2_gt_mesh_z_hybrid_labels/3848925530975_0.json,/media/hdd2/ARCL_multicar_bags/camera_dataset/2026-05-18-v1-v4/rear/EPnPv2_gt_mesh_z_hybrid_labels/3848925530975_0.json,T_map_object_raw,T_camera_object_centered,7251.657527265678,163.53514206534328,13.032523865291848
image_3850021959296,1,1434,5652,0.09765625,/media/hdd2/ARCL_multicar_bags/camera_dataset/2026-05-18-v1-v4/rear/EPnPv2_gt_mesh_z_hybrid_labels/3850021959296_0.json,/media/hdd2/ARCL_multicar_bags/camera_dataset/2026-05-18-v1-v4/rear/EPnPv2_gt_mesh_z_hybrid_labels/3850021959296_0.json,T_map_object_raw,T_camera_object_centered,7029.389078724413,163.9113201780428,13.983480591443833
image_3851822985463,1,1450,5724,0.12890625,/media/hdd2/ARCL_multicar_bags/camera_dataset/2026-05-18-v1-v4/rear/EPnPv2_gt_mesh_z_hybrid_labels/3851822985463_0.json,/media/hdd2/ARCL_multicar_bags/camera_dataset/2026-05-18-v1-v4/rear/EPnPv2_gt_mesh_z_hybrid_labels/3851822985463_0.json,T_map_object_raw,T_camera_object_centered,5829.271095549969,164.0277034357523,16.361426609423503
image_3852422200154,1,1456,5754,0.11328125,/media/hdd2/ARCL_multicar_bags/camera_dataset/2026-05-18-v1-v4/rear/EPnPv2_gt_mesh_z_hybrid_labels/3852422200154_0.json,/media/hdd2/ARCL_multicar_bags/camera_dataset/2026-05-18-v1-v4/rear/EPnPv2_gt_mesh_z_hybrid_labels/3852422200154_0.json,T_map_object_raw,T_camera_object_centered,3840.7404057415647,164.06535454682864,11.993914455328794
image_3853125739734,1,1462,5780,0.09765625,/media/hdd2/ARCL_multicar_bags/camera_dataset/2026-05-18-v1-v4/rear/EPnPv2_gt_mesh_z_hybrid_labels/3853125739734_0.json,/media/hdd2/ARCL_multicar_bags/camera_dataset/2026-05-18-v1-v4/rear/EPnPv2_gt_mesh_z_hybrid_labels/3853125739734_0.json,T_map_object_raw,T_camera_object_centered,7608.703463016533,177.81060968267832,9.83386954085973
image_3854138736074,1,1470,5827,0.11328125,/media/hdd2/ARCL_multicar_bags/camera_dataset/2026-05-18-v1-v4/rear/EPnPv2_gt_mesh_z_hybrid_labels/3854138736074_0.json,/media/hdd2/ARCL_multicar_bags/camera_dataset/2026-05-18-v1-v4/rear/EPnPv2_gt_mesh_z_hybrid_labels/3854138736074_0.json,T_map_object_raw,T_camera_object_centered,2139.0906883048524,177.80977466158456,14.315368645547624
image_3854623171741,1,1473,5860,0.06640625,/media/hdd2/ARCL_multicar_bags/camera_dataset/2026-05-18-v1-v4/rear/EPnPv2_gt_mesh_z_hybrid_labels/3854623171741_0.json,/media/hdd2/ARCL_multicar_bags/camera_dataset/2026-05-18-v1-v4/rear/EPnPv2_gt_mesh_z_hybrid_labels/3854623171741_0.json,T_map_object_raw,T_camera_object_centered,1878.2968191884604,177.7177164225039,13.861701037241561
image_3854729063228,1,1474,5868,0.078125,/media/hdd2/ARCL_multicar_bags/camera_dataset/2026-05-18-v1-v4/rear/EPnPv2_gt_mesh_z_hybrid_labels/3854729063228_0.json,/media/hdd2/ARCL_multicar_bags/camera_dataset/2026-05-18-v1-v4/rear/EPnPv2_gt_mesh_z_hybrid_labels/3854729063228_0.json,T_map_object_raw,T_camera_object_centered,6676.377204722058,164.33631172464266,13.311818441874424
image_3856223656967,1,1487,5962,0.1328125,/media/hdd2/ARCL_multicar_bags/camera_dataset/2026-05-18-v1-v4/rear/EPnPv2_gt_mesh_z_hybrid_labels/3856223656967_0.json,/media/hdd2/ARCL_multicar_bags/camera_dataset/2026-05-18-v1-v4/rear/EPnPv2_gt_mesh_z_hybrid_labels/3856223656967_0.json,T_map_object_raw,T_camera_object_centered,1998.1714889458126,164.42449906630154,14.747248060503797
image_3856326890295,1,1488,5968,0.1171875,/media/hdd2/ARCL_multicar_bags/camera_dataset/2026-05-18-v1-v4/rear/EPnPv2_gt_mesh_z_hybrid_labels/3856326890295_0.json,/media/hdd2/ARCL_multicar_bags/camera_dataset/2026-05-18-v1-v4/rear/EPnPv2_gt_mesh_z_hybrid_labels/3856326890295_0.json,T_map_object_raw,T_camera_object_centered,2638.3767591338515,164.44169606770689,12.138434959567569
image_3856423189975,1,1489,5975,0.09765625,/media/hdd2/ARCL_multicar_bags/camera_dataset/2026-05-18-v1-v4/rear/EPnPv2_gt_mesh_z_hybrid_labels/3856423189975_0.json,/media/hdd2/ARCL_multicar_bags/camera_dataset/2026-05-18-v1-v4/rear/EPnPv2_gt_mesh_z_hybrid_labels/3856423189975_0.json,T_map_object_raw,T_camera_object_centered,2952.8435513094455,164.39732785490222,14.35542784404561
image_3856523626833,1,1490,5981,0.10546875,/media/hdd2/ARCL_multicar_bags/camera_dataset/2026-05-18-v1-v4/rear/EPnPv2_gt_mesh_z_hybrid_labels/3856523626833_0.json,/media/hdd2/ARCL_multicar_bags/camera_dataset/2026-05-18-v1-v4/rear/EPnPv2_gt_mesh_z_hybrid_labels/3856523626833_0.json,T_map_object_raw,T_camera_object_centered,4956.556255127299,164.47860598017317,15.253514811722873
image_3856622065227,1,1491,5985,0.1015625,/media/hdd2/ARCL_multicar_bags/camera_dataset/2026-05-18-v1-v4/rear/EPnPv2_gt_mesh_z_hybrid_labels/3856622065227_0.json,/media/hdd2/ARCL_multicar_bags/camera_dataset/2026-05-18-v1-v4/rear/EPnPv2_gt_mesh_z_hybrid_labels/3856622065227_0.json,T_map_object_raw,T_camera_object_centered,5458.569679527302,164.40647793016817,15.070839701927325
image_3856723003077,1,1492,5989,0.11328125,/media/hdd2/ARCL_multicar_bags/camera_dataset/2026-05-18-v1-v4/rear/EPnPv2_gt_mesh_z_hybrid_labels/3856723003077_0.json,/media/hdd2/ARCL_multicar_bags/camera_dataset/2026-05-18-v1-v4/rear/EPnPv2_gt_mesh_z_hybrid_labels/3856723003077_0.json,T_map_object_raw,T_camera_object_centered,7070.381769170704,164.3624081230969,13.35905399586368
image_3856924860139,1,1493,5993,0.12890625,/media/hdd2/ARCL_multicar_bags/camera_dataset/2026-05-18-v1-v4/rear/EPnPv2_gt_mesh_z_hybrid_labels/3856924860139_0.json,/media/hdd2/ARCL_multicar_bags/camera_dataset/2026-05-18-v1-v4/rear/EPnPv2_gt_mesh_z_hybrid_labels/3856924860139_0.json,T_map_object_raw,T_camera_object_centered,3574.0127074068987,177.6238243498486,19.01055806331467
image_3857324271885,1,1496,6007,0.1015625,/media/hdd2/ARCL_multicar_bags/camera_dataset/2026-05-18-v1-v4/rear/EPnPv2_gt_mesh_z_hybrid_labels/3857324271885_0.json,/media/hdd2/ARCL_multicar_bags/camera_dataset/2026-05-18-v1-v4/rear/EPnPv2_gt_mesh_z_hybrid_labels/3857324271885_0.json,T_map_object_raw,T_camera_object_centered,3536.4254144649203,164.39406200368933,15.721816127446944
image_3857423290157,1,1497,6011,0.125,/media/hdd2/ARCL_multicar_bags/camera_dataset/2026-05-18-v1-v4/rear/EPnPv2_gt_mesh_z_hybrid_labels/3857423290157_0.json,/media/hdd2/ARCL_multicar_bags/camera_dataset/2026-05-18-v1-v4/rear/EPnPv2_gt_mesh_z_hybrid_labels/3857423290157_0.json,T_map_object_raw,T_camera_object_centered,4073.277353490113,164.38515736052042,16.140367932081332
image_3857621948515,1,1499,6019,0.11328125,/media/hdd2/ARCL_multicar_bags/camera_dataset/2026-05-18-v1-v4/rear/EPnPv2_gt_mesh_z_hybrid_labels/3857621948515_0.json,/media/hdd2/ARCL_multicar_bags/camera_dataset/2026-05-18-v1-v4/rear/EPnPv2_gt_mesh_z_hybrid_labels/3857621948515_0.json,T_map_object_raw,T_camera_object_centered,6941.628565717951,164.33771985865127,15.036368270578551
image_3859322434802,1,1514,69,0.1015625,/media/hdd2/ARCL_multicar_bags/camera_dataset/2026-05-18-v1-v4/rear/EPnPv2_gt_mesh_z_hybrid_labels/3859322434802_0.json,/media/hdd2/ARCL_multicar_bags/camera_dataset/2026-05-18-v1-v4/rear/EPnPv2_gt_mesh_z_hybrid_labels/3859322434802_0.json,T_map_object_raw,T_camera_object_centered,7948.224103181487,164.24671830493054,13.34490295464999
image_3859723121263,1,1518,99,0.08984375,/media/hdd2/ARCL_multicar_bags/camera_dataset/2026-05-18-v1-v4/rear/EPnPv2_gt_mesh_z_hybrid_labels/3859723121263_0.json,/media/hdd2/ARCL_multicar_bags/camera_dataset/2026-05-18-v1-v4/rear/EPnPv2_gt_mesh_z_hybrid_labels/3859723121263_0.json,T_map_object_raw,T_camera_object_centered,8395.949084856533,164.25527680787613,14.589867510047904
image_3859822015988,1,1519,105,0.1015625,/media/hdd2/ARCL_multicar_bags/camera_dataset/2026-05-18-v1-v4/rear/EPnPv2_gt_mesh_z_hybrid_labels/3859822015988_0.json,/media/hdd2/ARCL_multicar_bags/camera_dataset/2026-05-18-v1-v4/rear/EPnPv2_gt_mesh_z_hybrid_labels/3859822015988_0.json,T_map_object_raw,T_camera_object_centered,8123.485822091447,164.29051554057324,11.916373396819573
image_3860023108948,1,1521,119,0.05859375,/media/hdd2/ARCL_multicar_bags/camera_dataset/2026-05-18-v1-v4/rear/EPnPv2_gt_mesh_z_hybrid_labels/3860023108948_0.json,/media/hdd2/ARCL_multicar_bags/camera_dataset/2026-05-18-v1-v4/rear/EPnPv2_gt_mesh_z_hybrid_labels/3860023108948_0.json,T_map_object_raw,T_camera_object_centered,4836.661716370348,164.31111386447722,8.50776091188929
image_3860839962164,1,1528,152,0.140625,/media/hdd2/ARCL_multicar_bags/camera_dataset/2026-05-18-v1-v4/rear/EPnPv2_gt_mesh_z_hybrid_labels/3860839962164_0.json,/media/hdd2/ARCL_multicar_bags/camera_dataset/2026-05-18-v1-v4/rear/EPnPv2_gt_mesh_z_hybrid_labels/3860839962164_0.json,T_map_object_raw,T_camera_object_centered,2423.985805640841,177.68122122391617,16.149420446895622
image_3860923427805,1,1529,157,0.1171875,/media/hdd2/ARCL_multicar_bags/camera_dataset/2026-05-18-v1-v4/rear/EPnPv2_gt_mesh_z_hybrid_labels/3860923427805_0.json,/media/hdd2/ARCL_multicar_bags/camera_dataset/2026-05-18-v1-v4/rear/EPnPv2_gt_mesh_z_hybrid_labels/3860923427805_0.json,T_map_object_raw,T_camera_object_centered,3389.9604970526716,177.70235746437928,17.762554955898683
image_3861422188855,1,1534,183,0.08203125,/media/hdd2/ARCL_multicar_bags/camera_dataset/2026-05-18-v1-v4/rear/EPnPv2_gt_mesh_z_hybrid_labels/3861422188855_0.json,/media/hdd2/ARCL_multicar_bags/camera_dataset/2026-05-18-v1-v4/rear/EPnPv2_gt_mesh_z_hybrid_labels/3861422188855_0.json,T_map_object_raw,T_camera_object_centered,4383.5833755840185,164.35367869373917,9.939600952126096
image_3861621933458,1,1536,195,0.11328125,/media/hdd2/ARCL_multicar_bags/camera_dataset/2026-05-18-v1-v4/rear/EPnPv2_gt_mesh_z_hybrid_labels/3861621933458_0.json,/media/hdd2/ARCL_multicar_bags/camera_dataset/2026-05-18-v1-v4/rear/EPnPv2_gt_mesh_z_hybrid_labels/3861621933458_0.json,T_map_object_raw,T_camera_object_centered,5042.953449047015,164.29214698218857,14.472996537800725
image_3861723088474,1,1537,201,0.11328125,/media/hdd2/ARCL_multicar_bags/camera_dataset/2026-05-18-v1-v4/rear/EPnPv2_gt_mesh_z_hybrid_labels/3861723088474_0.json,/media/hdd2/ARCL_multicar_bags/camera_dataset/2026-05-18-v1-v4/rear/EPnPv2_gt_mesh_z_hybrid_labels/3861723088474_0.json,T_map_object_raw,T_camera_object_centered,4374.936835303081,164.30665365536348,13.888468955652279
image_3861824880352,1,1538,207,0.1171875,/media/hdd2/ARCL_multicar_bags/camera_dataset/2026-05-18-v1-v4/rear/EPnPv2_gt_mesh_z_hybrid_labels/3861824880352_0.json,/media/hdd2/ARCL_multicar_bags/camera_dataset/2026-05-18-v1-v4/rear/EPnPv2_gt_mesh_z_hybrid_labels/3861824880352_0.json,T_map_object_raw,T_camera_object_centered,4355.618064396291,164.30183996813528,12.566477721927935
image_3862123255507,1,1541,224,0.09765625,/media/hdd2/ARCL_multicar_bags/camera_dataset/2026-05-18-v1-v4/rear/EPnPv2_gt_mesh_z_hybrid_labels/3862123255507_0.json,/media/hdd2/ARCL_multicar_bags/camera_dataset/2026-05-18-v1-v4/rear/EPnPv2_gt_mesh_z_hybrid_labels/3862123255507_0.json,T_map_object_raw,T_camera_object_centered,3223.292100058541,164.2891216992888,12.983324793214027
image_3863223785765,1,1551,265,0.109375,/media/hdd2/ARCL_multicar_bags/camera_dataset/2026-05-18-v1-v4/rear/EPnPv2_gt_mesh_z_hybrid_labels/3863223785765_0.json,/media/hdd2/ARCL_multicar_bags/camera_dataset/2026-05-18-v1-v4/rear/EPnPv2_gt_mesh_z_hybrid_labels/3863223785765_0.json,T_map_object_raw,T_camera_object_centered,2117.3107463275373,164.24117285940304,14.20222368164066
image_3864024853261,1,1559,299,0.1484375,/media/hdd2/ARCL_multicar_bags/camera_dataset/2026-05-18-v1-v4/rear/EPnPv2_gt_mesh_z_hybrid_labels/3864024853261_0.json,/media/hdd2/ARCL_multicar_bags/camera_dataset/2026-05-18-v1-v4/rear/EPnPv2_gt_mesh_z_hybrid_labels/3864024853261_0.json,T_map_object_raw,T_camera_object_centered,7628.127527401924,164.38716174634735,14.294668927961457
image_3864226132400,1,1561,309,0.13671875,/media/hdd2/ARCL_multicar_bags/camera_dataset/2026-05-18-v1-v4/rear/EPnPv2_gt_mesh_z_hybrid_labels/3864226132400_0.json,/media/hdd2/ARCL_multicar_bags/camera_dataset/2026-05-18-v1-v4/rear/EPnPv2_gt_mesh_z_hybrid_labels/3864226132400_0.json,T_map_object_raw,T_camera_object_centered,3164.156080411789,164.39591938036543,14.513673755096873
image_3866022600998,1,1578,391,0.1328125,/media/hdd2/ARCL_multicar_bags/camera_dataset/2026-05-18-v1-v4/rear/EPnPv2_gt_mesh_z_hybrid_labels/3866022600998_0.json,/media/hdd2/ARCL_multicar_bags/camera_dataset/2026-05-18-v1-v4/rear/EPnPv2_gt_mesh_z_hybrid_labels/3866022600998_0.json,T_map_object_raw,T_camera_object_centered,3100.3091715922124,164.3984836714671,10.188776107208051
image_3866022600998,1,1578,391,0.1328125,/media/hdd2/ARCL_multicar_bags/camera_dataset/2026-05-18-v1-v4/rear/EPnPv2_gt_mesh_z_hybrid_labels/3866022600998_1.json,/media/hdd2/ARCL_multicar_bags/camera_dataset/2026-05-18-v1-v4/rear/EPnPv2_gt_mesh_z_hybrid_labels/3866022600998_1.json,T_map_object_raw,T_camera_object_centered,3100.3091715922124,164.3984836714671,10.188776107208051
image_3868521807691,1,1602,494,0.12109375,/media/hdd2/ARCL_multicar_bags/camera_dataset/2026-05-18-v1-v4/rear/EPnPv2_gt_mesh_z_hybrid_labels/3868521807691_0.json,/media/hdd2/ARCL_multicar_bags/camera_dataset/2026-05-18-v1-v4/rear/EPnPv2_gt_mesh_z_hybrid_labels/3868521807691_0.json,T_map_object_raw,T_camera_object_centered,6469.324725458292,164.60016891323437,10.988378658581437
image_3868521807691,1,1602,494,0.12109375,/media/hdd2/ARCL_multicar_bags/camera_dataset/2026-05-18-v1-v4/rear/EPnPv2_gt_mesh_z_hybrid_labels/3868521807691_1.json,/media/hdd2/ARCL_multicar_bags/camera_dataset/2026-05-18-v1-v4/rear/EPnPv2_gt_mesh_z_hybrid_labels/3868521807691_1.json,T_map_object_raw,T_camera_object_centered,6469.324725458292,164.60016891323437,10.988378658581437
image_3868825685867,1,1605,513,0.1484375,/media/hdd2/ARCL_multicar_bags/camera_dataset/2026-05-18-v1-v4/rear/EPnPv2_gt_mesh_z_hybrid_labels/3868825685867_0.json,/media/hdd2/ARCL_multicar_bags/camera_dataset/2026-05-18-v1-v4/rear/EPnPv2_gt_mesh_z_hybrid_labels/3868825685867_0.json,T_map_object_raw,T_camera_object_centered,6928.273850529902,164.5430585629782,13.569913871638768
image_3868825685867,1,1605,513,0.1484375,/media/hdd2/ARCL_multicar_bags/camera_dataset/2026-05-18-v1-v4/rear/EPnPv2_gt_mesh_z_hybrid_labels/3868825685867_1.json,/media/hdd2/ARCL_multicar_bags/camera_dataset/2026-05-18-v1-v4/rear/EPnPv2_gt_mesh_z_hybrid_labels/3868825685867_1.json,T_map_object_raw,T_camera_object_centered,6928.273850529902,164.5430585629782,13.569913871638768
image_3868921726344,1,1606,518,0.15625,/media/hdd2/ARCL_multicar_bags/camera_dataset/2026-05-18-v1-v4/rear/EPnPv2_gt_mesh_z_hybrid_labels/3868921726344_0.json,/media/hdd2/ARCL_multicar_bags/camera_dataset/2026-05-18-v1-v4/rear/EPnPv2_gt_mesh_z_hybrid_labels/3868921726344_0.json,T_map_object_raw,T_camera_object_centered,6050.6759446058795,172.06908550003098,10.323303998916389
image_3868921726344,1,1606,518,0.15625,/media/hdd2/ARCL_multicar_bags/camera_dataset/2026-05-18-v1-v4/rear/EPnPv2_gt_mesh_z_hybrid_labels/3868921726344_1.json,/media/hdd2/ARCL_multicar_bags/camera_dataset/2026-05-18-v1-v4/rear/EPnPv2_gt_mesh_z_hybrid_labels/3868921726344_1.json,T_map_object_raw,T_camera_object_centered,6050.6759446058795,172.06908550003098,10.323303998916389
image_3869423778382,1,1611,542,0.1328125,/media/hdd2/ARCL_multicar_bags/camera_dataset/2026-05-18-v1-v4/rear/EPnPv2_gt_mesh_z_hybrid_labels/3869423778382_0.json,/media/hdd2/ARCL_multicar_bags/camera_dataset/2026-05-18-v1-v4/rear/EPnPv2_gt_mesh_z_hybrid_labels/3869423778382_0.json,T_map_object_raw,T_camera_object_centered,4222.785644970243,172.1481146458989,6.3799243637435605
image_3869423778382,1,1611,542,0.1328125,/media/hdd2/ARCL_multicar_bags/camera_dataset/2026-05-18-v1-v4/rear/EPnPv2_gt_mesh_z_hybrid_labels/3869423778382_1.json,/media/hdd2/ARCL_multicar_bags/camera_dataset/2026-05-18-v1-v4/rear/EPnPv2_gt_mesh_z_hybrid_labels/3869423778382_1.json,T_map_object_raw,T_camera_object_centered,4222.785644970243,172.1481146458989,6.3799243637435605
image_3869625792135,1,1613,550,0.13671875,/media/hdd2/ARCL_multicar_bags/camera_dataset/2026-05-18-v1-v4/rear/EPnPv2_gt_mesh_z_hybrid_labels/3869625792135_0.json,/media/hdd2/ARCL_multicar_bags/camera_dataset/2026-05-18-v1-v4/rear/EPnPv2_gt_mesh_z_hybrid_labels/3869625792135_0.json,T_map_object_raw,T_camera_object_centered,7072.692150022447,172.66143433102962,9.453673097392969
image_3869625792135,1,1613,550,0.13671875,/media/hdd2/ARCL_multicar_bags/camera_dataset/2026-05-18-v1-v4/rear/EPnPv2_gt_mesh_z_hybrid_labels/3869625792135_1.json,/media/hdd2/ARCL_multicar_bags/camera_dataset/2026-05-18-v1-v4/rear/EPnPv2_gt_mesh_z_hybrid_labels/3869625792135_1.json,T_map_object_raw,T_camera_object_centered,7072.692150022447,172.66143433102962,9.453673097392969
image_3869722743717,1,1614,554,0.1484375,/media/hdd2/ARCL_multicar_bags/camera_dataset/2026-05-18-v1-v4/rear/EPnPv2_gt_mesh_z_hybrid_labels/3869722743717_0.json,/media/hdd2/ARCL_multicar_bags/camera_dataset/2026-05-18-v1-v4/rear/EPnPv2_gt_mesh_z_hybrid_labels/3869722743717_0.json,T_map_object_raw,T_camera_object_centered,5594.09571376806,172.17989655237267,2.895530113511132
image_3869722743717,1,1614,554,0.1484375,/media/hdd2/ARCL_multicar_bags/camera_dataset/2026-05-18-v1-v4/rear/EPnPv2_gt_mesh_z_hybrid_labels/3869722743717_1.json,/media/hdd2/ARCL_multicar_bags/camera_dataset/2026-05-18-v1-v4/rear/EPnPv2_gt_mesh_z_hybrid_labels/3869722743717_1.json,T_map_object_raw,T_camera_object_centered,5594.09571376806,172.17989655237267,2.895530113511132
image_3869821870078,1,1615,561,0.140625,/media/hdd2/ARCL_multicar_bags/camera_dataset/2026-05-18-v1-v4/rear/EPnPv2_gt_mesh_z_hybrid_labels/3869821870078_0.json,/media/hdd2/ARCL_multicar_bags/camera_dataset/2026-05-18-v1-v4/rear/EPnPv2_gt_mesh_z_hybrid_labels/3869821870078_0.json,T_map_object_raw,T_camera_object_centered,4031.808315766982,164.73859726648993,15.769471112269505
image_3869821870078,1,1615,561,0.140625,/media/hdd2/ARCL_multicar_bags/camera_dataset/2026-05-18-v1-v4/rear/EPnPv2_gt_mesh_z_hybrid_labels/3869821870078_1.json,/media/hdd2/ARCL_multicar_bags/camera_dataset/2026-05-18-v1-v4/rear/EPnPv2_gt_mesh_z_hybrid_labels/3869821870078_1.json,T_map_object_raw,T_camera_object_centered,4031.808315766982,164.73859726648993,15.769471112269505
image_3869921868154,1,1616,565,0.16015625,/media/hdd2/ARCL_multicar_bags/camera_dataset/2026-05-18-v1-v4/rear/EPnPv2_gt_mesh_z_hybrid_labels/3869921868154_0.json,/media/hdd2/ARCL_multicar_bags/camera_dataset/2026-05-18-v1-v4/rear/EPnPv2_gt_mesh_z_hybrid_labels/3869921868154_0.json,T_map_object_raw,T_camera_object_centered,5896.614473548216,164.7962002106473,11.596540003935951
image_3869921868154,1,1616,565,0.16015625,/media/hdd2/ARCL_multicar_bags/camera_dataset/2026-05-18-v1-v4/rear/EPnPv2_gt_mesh_z_hybrid_labels/3869921868154_1.json,/media/hdd2/ARCL_multicar_bags/camera_dataset/2026-05-18-v1-v4/rear/EPnPv2_gt_mesh_z_hybrid_labels/3869921868154_1.json,T_map_object_raw,T_camera_object_centered,5896.614473548216,164.7962002106473,11.596540003935951
image_3870121829674,1,1618,573,0.12890625,/media/hdd2/ARCL_multicar_bags/camera_dataset/2026-05-18-v1-v4/rear/EPnPv2_gt_mesh_z_hybrid_labels/3870121829674_0.json,/media/hdd2/ARCL_multicar_bags/camera_dataset/2026-05-18-v1-v4/rear/EPnPv2_gt_mesh_z_hybrid_labels/3870121829674_0.json,T_map_object_raw,T_camera_object_centered,7912.700530386747,172.7097229218132,12.802014489913903
image_3870121829674,1,1618,573,0.12890625,/media/hdd2/ARCL_multicar_bags/camera_dataset/2026-05-18-v1-v4/rear/EPnPv2_gt_mesh_z_hybrid_labels/3870121829674_1.json,/media/hdd2/ARCL_multicar_bags/camera_dataset/2026-05-18-v1-v4/rear/EPnPv2_gt_mesh_z_hybrid_labels/3870121829674_1.json,T_map_object_raw,T_camera_object_centered,7912.700530386747,172.7097229218132,12.802014489913903
image_3870222434388,1,1619,577,0.1328125,/media/hdd2/ARCL_multicar_bags/camera_dataset/2026-05-18-v1-v4/rear/EPnPv2_gt_mesh_z_hybrid_labels/3870222434388_0.json,/media/hdd2/ARCL_multicar_bags/camera_dataset/2026-05-18-v1-v4/rear/EPnPv2_gt_mesh_z_hybrid_labels/3870222434388_0.json,T_map_object_raw,T_camera_object_centered,5570.518500019201,164.9059857072781,15.839923599145695
image_3870222434388,1,1619,577,0.1328125,/media/hdd2/ARCL_multicar_bags/camera_dataset/2026-05-18-v1-v4/rear/EPnPv2_gt_mesh_z_hybrid_labels/3870222434388_1.json,/media/hdd2/ARCL_multicar_bags/camera_dataset/2026-05-18-v1-v4/rear/EPnPv2_gt_mesh_z_hybrid_labels/3870222434388_1.json,T_map_object_raw,T_camera_object_centered,5570.518500019201,164.9059857072781,15.839923599145695
image_3870324952741,1,1620,582,0.09375,/media/hdd2/ARCL_multicar_bags/camera_dataset/2026-05-18-v1-v4/rear/EPnPv2_gt_mesh_z_hybrid_labels/3870324952741_0.json,/media/hdd2/ARCL_multicar_bags/camera_dataset/2026-05-18-v1-v4/rear/EPnPv2_gt_mesh_z_hybrid_labels/3870324952741_0.json,T_map_object_raw,T_camera_object_centered,8877.198227764336,164.87588440906634,15.240566597902758
image_3870324952741,1,1620,582,0.09375,/media/hdd2/ARCL_multicar_bags/camera_dataset/2026-05-18-v1-v4/rear/EPnPv2_gt_mesh_z_hybrid_labels/3870324952741_1.json,/media/hdd2/ARCL_multicar_bags/camera_dataset/2026-05-18-v1-v4/rear/EPnPv2_gt_mesh_z_hybrid_labels/3870324952741_1.json,T_map_object_raw,T_camera_object_centered,8877.198227764336,164.87588440906634,15.240566597902758
image_3870623069296,1,1623,594,0.1171875,/media/hdd2/ARCL_multicar_bags/camera_dataset/2026-05-18-v1-v4/rear/EPnPv2_gt_mesh_z_hybrid_labels/3870623069296_0.json,/media/hdd2/ARCL_multicar_bags/camera_dataset/2026-05-18-v1-v4/rear/EPnPv2_gt_mesh_z_hybrid_labels/3870623069296_0.json,T_map_object_raw,T_camera_object_centered,7358.60161402934,164.82634505611685,12.936600993719468
image_3870623069296,1,1623,594,0.1171875,/media/hdd2/ARCL_multicar_bags/camera_dataset/2026-05-18-v1-v4/rear/EPnPv2_gt_mesh_z_hybrid_labels/3870623069296_1.json,/media/hdd2/ARCL_multicar_bags/camera_dataset/2026-05-18-v1-v4/rear/EPnPv2_gt_mesh_z_hybrid_labels/3870623069296_1.json,T_map_object_raw,T_camera_object_centered,7358.60161402934,164.82634505611685,12.936600993719468
image_3871421599748,1,1630,631,0.13671875,/media/hdd2/ARCL_multicar_bags/camera_dataset/2026-05-18-v1-v4/rear/EPnPv2_gt_mesh_z_hybrid_labels/3871421599748_0.json,/media/hdd2/ARCL_multicar_bags/camera_dataset/2026-05-18-v1-v4/rear/EPnPv2_gt_mesh_z_hybrid_labels/3871421599748_0.json,T_map_object_raw,T_camera_object_centered,2135.4455495066386,177.34114426682714,9.56711569805724
image_3871421599748,1,1630,631,0.13671875,/media/hdd2/ARCL_multicar_bags/camera_dataset/2026-05-18-v1-v4/rear/EPnPv2_gt_mesh_z_hybrid_labels/3871421599748_1.json,/media/hdd2/ARCL_multicar_bags/camera_dataset/2026-05-18-v1-v4/rear/EPnPv2_gt_mesh_z_hybrid_labels/3871421599748_1.json,T_map_object_raw,T_camera_object_centered,2135.4455495066386,177.34114426682714,9.56711569805724
image_3871521654428,1,1631,635,0.15625,/media/hdd2/ARCL_multicar_bags/camera_dataset/2026-05-18-v1-v4/rear/EPnPv2_gt_mesh_z_hybrid_labels/3871521654428_0.json,/media/hdd2/ARCL_multicar_bags/camera_dataset/2026-05-18-v1-v4/rear/EPnPv2_gt_mesh_z_hybrid_labels/3871521654428_0.json,T_map_object_raw,T_camera_object_centered,2073.4611232529764,164.73451530853868,12.17476736823679
image_3871521654428,1,1631,635,0.15625,/media/hdd2/ARCL_multicar_bags/camera_dataset/2026-05-18-v1-v4/rear/EPnPv2_gt_mesh_z_hybrid_labels/3871521654428_1.json,/media/hdd2/ARCL_multicar_bags/camera_dataset/2026-05-18-v1-v4/rear/EPnPv2_gt_mesh_z_hybrid_labels/3871521654428_1.json,T_map_object_raw,T_camera_object_centered,2073.4611232529764,164.73451530853868,12.17476736823679
image_3871622469502,1,1632,639,0.14453125,/media/hdd2/ARCL_multicar_bags/camera_dataset/2026-05-18-v1-v4/rear/EPnPv2_gt_mesh_z_hybrid_labels/3871622469502_0.json,/media/hdd2/ARCL_multicar_bags/camera_dataset/2026-05-18-v1-v4/rear/EPnPv2_gt_mesh_z_hybrid_labels/3871622469502_0.json,T_map_object_raw,T_camera_object_centered,1908.394922394743,164.7707197938867,15.045424983576495
image_3871622469502,1,1632,639,0.14453125,/media/hdd2/ARCL_multicar_bags/camera_dataset/2026-05-18-v1-v4/rear/EPnPv2_gt_mesh_z_hybrid_labels/3871622469502_1.json,/media/hdd2/ARCL_multicar_bags/camera_dataset/2026-05-18-v1-v4/rear/EPnPv2_gt_mesh_z_hybrid_labels/3871622469502_1.json,T_map_object_raw,T_camera_object_centered,1908.394922394743,164.7707197938867,15.045424983576495
image_3871722581234,1,1633,643,0.1171875,/media/hdd2/ARCL_multicar_bags/camera_dataset/2026-05-18-v1-v4/rear/EPnPv2_gt_mesh_z_hybrid_labels/3871722581234_0.json,/media/hdd2/ARCL_multicar_bags/camera_dataset/2026-05-18-v1-v4/rear/EPnPv2_gt_mesh_z_hybrid_labels/3871722581234_0.json,T_map_object_raw,T_camera_object_centered,4327.749099714309,164.75879419744004,13.920593787866167
image_3871722581234,1,1633,643,0.1171875,/media/hdd2/ARCL_multicar_bags/camera_dataset/2026-05-18-v1-v4/rear/EPnPv2_gt_mesh_z_hybrid_labels/3871722581234_1.json,/media/hdd2/ARCL_multicar_bags/camera_dataset/2026-05-18-v1-v4/rear/EPnPv2_gt_mesh_z_hybrid_labels/3871722581234_1.json,T_map_object_raw,T_camera_object_centered,4327.749099714309,164.75879419744004,13.920593787866167
image_3871922791743,1,1635,655,0.13671875,/media/hdd2/ARCL_multicar_bags/camera_dataset/2026-05-18-v1-v4/rear/EPnPv2_gt_mesh_z_hybrid_labels/3871922791743_0.json,/media/hdd2/ARCL_multicar_bags/camera_dataset/2026-05-18-v1-v4/rear/EPnPv2_gt_mesh_z_hybrid_labels/3871922791743_0.json,T_map_object_raw,T_camera_object_centered,7421.649567165288,164.77083457290337,16.150808603678634
image_3871922791743,1,1635,655,0.13671875,/media/hdd2/ARCL_multicar_bags/camera_dataset/2026-05-18-v1-v4/rear/EPnPv2_gt_mesh_z_hybrid_labels/3871922791743_1.json,/media/hdd2/ARCL_multicar_bags/camera_dataset/2026-05-18-v1-v4/rear/EPnPv2_gt_mesh_z_hybrid_labels/3871922791743_1.json,T_map_object_raw,T_camera_object_centered,7421.649567165288,164.77083457290337,16.150808603678634
image_3872222481049,1,1637,665,0.1484375,/media/hdd2/ARCL_multicar_bags/camera_dataset/2026-05-18-v1-v4/rear/EPnPv2_gt_mesh_z_hybrid_labels/3872222481049_0.json,/media/hdd2/ARCL_multicar_bags/camera_dataset/2026-05-18-v1-v4/rear/EPnPv2_gt_mesh_z_hybrid_labels/3872222481049_0.json,T_map_object_raw,T_camera_object_centered,6393.104069096297,164.8560476154591,15.571695693347957
image_3872222481049,1,1637,665,0.1484375,/media/hdd2/ARCL_multicar_bags/camera_dataset/2026-05-18-v1-v4/rear/EPnPv2_gt_mesh_z_hybrid_labels/3872222481049_1.json,/media/hdd2/ARCL_multicar_bags/camera_dataset/2026-05-18-v1-v4/rear/EPnPv2_gt_mesh_z_hybrid_labels/3872222481049_1.json,T_map_object_raw,T_camera_object_centered,6393.104069096297,164.8560476154591,15.571695693347957
image_3872721812233,1,1641,684,0.12890625,/media/hdd2/ARCL_multicar_bags/camera_dataset/2026-05-18-v1-v4/rear/EPnPv2_gt_mesh_z_hybrid_labels/3872721812233_0.json,/media/hdd2/ARCL_multicar_bags/camera_dataset/2026-05-18-v1-v4/rear/EPnPv2_gt_mesh_z_hybrid_labels/3872721812233_0.json,T_map_object_raw,T_camera_object_centered,6184.062732801731,164.908472575436,17.035821273013354
image_3872721812233,1,1641,684,0.12890625,/media/hdd2/ARCL_multicar_bags/camera_dataset/2026-05-18-v1-v4/rear/EPnPv2_gt_mesh_z_hybrid_labels/3872721812233_1.json,/media/hdd2/ARCL_multicar_bags/camera_dataset/2026-05-18-v1-v4/rear/EPnPv2_gt_mesh_z_hybrid_labels/3872721812233_1.json,T_map_object_raw,T_camera_object_centered,6184.062732801731,164.908472575436,17.035821273013354
image_3872822858978,1,1642,688,0.12109375,/media/hdd2/ARCL_multicar_bags/camera_dataset/2026-05-18-v1-v4/rear/EPnPv2_gt_mesh_z_hybrid_labels/3872822858978_0.json,/media/hdd2/ARCL_multicar_bags/camera_dataset/2026-05-18-v1-v4/rear/EPnPv2_gt_mesh_z_hybrid_labels/3872822858978_0.json,T_map_object_raw,T_camera_object_centered,2155.172467456604,165.025930544547,18.537421855102004
image_3872822858978,1,1642,688,0.12109375,/media/hdd2/ARCL_multicar_bags/camera_dataset/2026-05-18-v1-v4/rear/EPnPv2_gt_mesh_z_hybrid_labels/3872822858978_1.json,/media/hdd2/ARCL_multicar_bags/camera_dataset/2026-05-18-v1-v4/rear/EPnPv2_gt_mesh_z_hybrid_labels/3872822858978_1.json,T_map_object_raw,T_camera_object_centered,2155.172467456604,165.025930544547,18.537421855102004
image_3873123081868,1,1645,704,0.16796875,/media/hdd2/ARCL_multicar_bags/camera_dataset/2026-05-18-v1-v4/rear/EPnPv2_gt_mesh_z_hybrid_labels/3873123081868_0.json,/media/hdd2/ARCL_multicar_bags/camera_dataset/2026-05-18-v1-v4/rear/EPnPv2_gt_mesh_z_hybrid_labels/3873123081868_0.json,T_map_object_raw,T_camera_object_centered,1987.4164848081953,177.2299458866501,15.030587127022827
image_3873123081868,1,1645,704,0.16796875,/media/hdd2/ARCL_multicar_bags/camera_dataset/2026-05-18-v1-v4/rear/EPnPv2_gt_mesh_z_hybrid_labels/3873123081868_1.json,/media/hdd2/ARCL_multicar_bags/camera_dataset/2026-05-18-v1-v4/rear/EPnPv2_gt_mesh_z_hybrid_labels/3873123081868_1.json,T_map_object_raw,T_camera_object_centered,1987.4164848081953,177.2299458866501,15.030587127022827
image_3873223605502,1,1646,709,0.125,/media/hdd2/ARCL_multicar_bags/camera_dataset/2026-05-18-v1-v4/rear/EPnPv2_gt_mesh_z_hybrid_labels/3873223605502_0.json,/media/hdd2/ARCL_multicar_bags/camera_dataset/2026-05-18-v1-v4/rear/EPnPv2_gt_mesh_z_hybrid_labels/3873223605502_0.json,T_map_object_raw,T_camera_object_centered,5321.405114216698,172.76904507329675,6.664005787358791
image_3873223605502,1,1646,709,0.125,/media/hdd2/ARCL_multicar_bags/camera_dataset/2026-05-18-v1-v4/rear/EPnPv2_gt_mesh_z_hybrid_labels/3873223605502_1.json,/media/hdd2/ARCL_multicar_bags/camera_dataset/2026-05-18-v1-v4/rear/EPnPv2_gt_mesh_z_hybrid_labels/3873223605502_1.json,T_map_object_raw,T_camera_object_centered,5321.405114216698,172.76904507329675,6.664005787358791
image_3873322978626,1,1647,714,0.16796875,/media/hdd2/ARCL_multicar_bags/camera_dataset/2026-05-18-v1-v4/rear/EPnPv2_gt_mesh_z_hybrid_labels/3873322978626_0.json,/media/hdd2/ARCL_multicar_bags/camera_dataset/2026-05-18-v1-v4/rear/EPnPv2_gt_mesh_z_hybrid_labels/3873322978626_0.json,T_map_object_raw,T_camera_object_centered,2101.1735011764117,173.58245681134082,7.185155955346339
image_3873322978626,1,1647,714,0.16796875,/media/hdd2/ARCL_multicar_bags/camera_dataset/2026-05-18-v1-v4/rear/EPnPv2_gt_mesh_z_hybrid_labels/3873322978626_1.json,/media/hdd2/ARCL_multicar_bags/camera_dataset/2026-05-18-v1-v4/rear/EPnPv2_gt_mesh_z_hybrid_labels/3873322978626_1.json,T_map_object_raw,T_camera_object_centered,2101.1735011764117,173.58245681134082,7.185155955346339
image_3874021710051,1,1654,753,0.1015625,/media/hdd2/ARCL_multicar_bags/camera_dataset/2026-05-18-v1-v4/rear/EPnPv2_gt_mesh_z_hybrid_labels/3874021710051_0.json,/media/hdd2/ARCL_multicar_bags/camera_dataset/2026-05-18-v1-v4/rear/EPnPv2_gt_mesh_z_hybrid_labels/3874021710051_0.json,T_map_object_raw,T_camera_object_centered,3786.599618545999,172.92394507419397,14.35644187620318
image_3874021710051,1,1654,753,0.1015625,/media/hdd2/ARCL_multicar_bags/camera_dataset/2026-05-18-v1-v4/rear/EPnPv2_gt_mesh_z_hybrid_labels/3874021710051_1.json,/media/hdd2/ARCL_multicar_bags/camera_dataset/2026-05-18-v1-v4/rear/EPnPv2_gt_mesh_z_hybrid_labels/3874021710051_1.json,T_map_object_raw,T_camera_object_centered,3786.599618545999,172.92394507419397,14.35644187620318
image_3874123230547,1,1655,759,0.1328125,/media/hdd2/ARCL_multicar_bags/camera_dataset/2026-05-18-v1-v4/rear/EPnPv2_gt_mesh_z_hybrid_labels/3874123230547_0.json,/media/hdd2/ARCL_multicar_bags/camera_dataset/2026-05-18-v1-v4/rear/EPnPv2_gt_mesh_z_hybrid_labels/3874123230547_0.json,T_map_object_raw,T_camera_object_centered,3307.4712844687338,164.88152089512113,22.05489975558741
image_3874123230547,1,1655,759,0.1328125,/media/hdd2/ARCL_multicar_bags/camera_dataset/2026-05-18-v1-v4/rear/EPnPv2_gt_mesh_z_hybrid_labels/3874123230547_1.json,/media/hdd2/ARCL_multicar_bags/camera_dataset/2026-05-18-v1-v4/rear/EPnPv2_gt_mesh_z_hybrid_labels/3874123230547_1.json,T_map_object_raw,T_camera_object_centered,3307.4712844687338,164.88152089512113,22.05489975558741
image_3875423504559,1,1667,814,0.08984375,/media/hdd2/ARCL_multicar_bags/camera_dataset/2026-05-18-v1-v4/rear/EPnPv2_gt_mesh_z_hybrid_labels/3875423504559_0.json,/media/hdd2/ARCL_multicar_bags/camera_dataset/2026-05-18-v1-v4/rear/EPnPv2_gt_mesh_z_hybrid_labels/3875423504559_0.json,T_map_object_raw,T_camera_object_centered,8745.72858460312,164.73933326899711,16.856775329751592
image_3875423504559,1,1667,814,0.08984375,/media/hdd2/ARCL_multicar_bags/camera_dataset/2026-05-18-v1-v4/rear/EPnPv2_gt_mesh_z_hybrid_labels/3875423504559_1.json,/media/hdd2/ARCL_multicar_bags/camera_dataset/2026-05-18-v1-v4/rear/EPnPv2_gt_mesh_z_hybrid_labels/3875423504559_1.json,T_map_object_raw,T_camera_object_centered,8745.72858460312,164.73933326899711,16.856775329751592
image_3876423261243,1,1677,850,0.11328125,/media/hdd2/ARCL_multicar_bags/camera_dataset/2026-05-18-v1-v4/rear/EPnPv2_gt_mesh_z_hybrid_labels/3876423261243_0.json,/media/hdd2/ARCL_multicar_bags/camera_dataset/2026-05-18-v1-v4/rear/EPnPv2_gt_mesh_z_hybrid_labels/3876423261243_0.json,T_map_object_raw,T_camera_object_centered,5382.688861311903,164.95237119743123,14.754918968833408
image_3876624663130,1,1679,856,0.09765625,/media/hdd2/ARCL_multicar_bags/camera_dataset/2026-05-18-v1-v4/rear/EPnPv2_gt_mesh_z_hybrid_labels/3876624663130_0.json,/media/hdd2/ARCL_multicar_bags/camera_dataset/2026-05-18-v1-v4/rear/EPnPv2_gt_mesh_z_hybrid_labels/3876624663130_0.json,T_map_object_raw,T_camera_object_centered,3496.683602518759,164.5557218983822,18.724642177602277
image_3876724953676,1,1680,861,0.10546875,/media/hdd2/ARCL_multicar_bags/camera_dataset/2026-05-18-v1-v4/rear/EPnPv2_gt_mesh_z_hybrid_labels/3876724953676_0.json,/media/hdd2/ARCL_multicar_bags/camera_dataset/2026-05-18-v1-v4/rear/EPnPv2_gt_mesh_z_hybrid_labels/3876724953676_0.json,T_map_object_raw,T_camera_object_centered,5988.53835392428,165.01827481275552,17.149476185999607
image_3876822661978,1,1681,865,0.125,/media/hdd2/ARCL_multicar_bags/camera_dataset/2026-05-18-v1-v4/rear/EPnPv2_gt_mesh_z_hybrid_labels/3876822661978_0.json,/media/hdd2/ARCL_multicar_bags/camera_dataset/2026-05-18-v1-v4/rear/EPnPv2_gt_mesh_z_hybrid_labels/3876822661978_0.json,T_map_object_raw,T_camera_object_centered,7384.384739290958,164.70481619854274,13.341057598294668
image_3876922356253,1,1682,869,0.12109375,/media/hdd2/ARCL_multicar_bags/camera_dataset/2026-05-18-v1-v4/rear/EPnPv2_gt_mesh_z_hybrid_labels/3876922356253_0.json,/media/hdd2/ARCL_multicar_bags/camera_dataset/2026-05-18-v1-v4/rear/EPnPv2_gt_mesh_z_hybrid_labels/3876922356253_0.json,T_map_object_raw,T_camera_object_centered,7128.102561090361,164.67195589687807,9.92074231712683
image_3877021866691,1,1683,873,0.09375,/media/hdd2/ARCL_multicar_bags/camera_dataset/2026-05-18-v1-v4/rear/EPnPv2_gt_mesh_z_hybrid_labels/3877021866691_0.json,/media/hdd2/ARCL_multicar_bags/camera_dataset/2026-05-18-v1-v4/rear/EPnPv2_gt_mesh_z_hybrid_labels/3877021866691_0.json,T_map_object_raw,T_camera_object_centered,7062.090176264103,164.7464367706258,6.4365446863041464
image_3877237020738,1,1684,877,0.12890625,/media/hdd2/ARCL_multicar_bags/camera_dataset/2026-05-18-v1-v4/rear/EPnPv2_gt_mesh_z_hybrid_labels/3877237020738_0.json,/media/hdd2/ARCL_multicar_bags/camera_dataset/2026-05-18-v1-v4/rear/EPnPv2_gt_mesh_z_hybrid_labels/3877237020738_0.json,T_map_object_raw,T_camera_object_centered,8853.660016018577,164.81084330265963,12.209817234270536
image_3877237020738,1,1684,877,0.12890625,/media/hdd2/ARCL_multicar_bags/camera_dataset/2026-05-18-v1-v4/rear/EPnPv2_gt_mesh_z_hybrid_labels/3877237020738_1.json,/media/hdd2/ARCL_multicar_bags/camera_dataset/2026-05-18-v1-v4/rear/EPnPv2_gt_mesh_z_hybrid_labels/3877237020738_1.json,T_map_object_raw,T_camera_object_centered,8853.660016018577,164.81084330265963,12.209817234270536
image_3877322393457,1,1685,883,0.14453125,/media/hdd2/ARCL_multicar_bags/camera_dataset/2026-05-18-v1-v4/rear/EPnPv2_gt_mesh_z_hybrid_labels/3877322393457_0.json,/media/hdd2/ARCL_multicar_bags/camera_dataset/2026-05-18-v1-v4/rear/EPnPv2_gt_mesh_z_hybrid_labels/3877322393457_0.json,T_map_object_raw,T_camera_object_centered,4274.5870972213115,164.99395576788368,14.519751486629069
image_3877322393457,1,1685,883,0.14453125,/media/hdd2/ARCL_multicar_bags/camera_dataset/2026-05-18-v1-v4/rear/EPnPv2_gt_mesh_z_hybrid_labels/3877322393457_1.json,/media/hdd2/ARCL_multicar_bags/camera_dataset/2026-05-18-v1-v4/rear/EPnPv2_gt_mesh_z_hybrid_labels/3877322393457_1.json,T_map_object_raw,T_camera_object_centered,4274.5870972213115,164.99395576788368,14.519751486629069
image_3877821802908,1,1688,895,0.140625,/media/hdd2/ARCL_multicar_bags/camera_dataset/2026-05-18-v1-v4/rear/EPnPv2_gt_mesh_z_hybrid_labels/3877821802908_0.json,/media/hdd2/ARCL_multicar_bags/camera_dataset/2026-05-18-v1-v4/rear/EPnPv2_gt_mesh_z_hybrid_labels/3877821802908_0.json,T_map_object_raw,T_camera_object_centered,2388.5245116001506,165.01088036547367,16.48174296523363
image_3877821802908,1,1688,895,0.140625,/media/hdd2/ARCL_multicar_bags/camera_dataset/2026-05-18-v1-v4/rear/EPnPv2_gt_mesh_z_hybrid_labels/3877821802908_1.json,/media/hdd2/ARCL_multicar_bags/camera_dataset/2026-05-18-v1-v4/rear/EPnPv2_gt_mesh_z_hybrid_labels/3877821802908_1.json,T_map_object_raw,T_camera_object_centered,2388.5245116001506,165.01088036547367,16.48174296523363
image_3879522602089,1,1705,975,0.14453125,/media/hdd2/ARCL_multicar_bags/camera_dataset/2026-05-18-v1-v4/rear/EPnPv2_gt_mesh_z_hybrid_labels/3879522602089_0.json,/media/hdd2/ARCL_multicar_bags/camera_dataset/2026-05-18-v1-v4/rear/EPnPv2_gt_mesh_z_hybrid_labels/3879522602089_0.json,T_map_object_raw,T_camera_object_centered,5816.997261055819,164.8803681217072,13.321054499924006
image_3879722265413,1,1706,979,0.1484375,/media/hdd2/ARCL_multicar_bags/camera_dataset/2026-05-18-v1-v4/rear/EPnPv2_gt_mesh_z_hybrid_labels/3879722265413_0.json,/media/hdd2/ARCL_multicar_bags/camera_dataset/2026-05-18-v1-v4/rear/EPnPv2_gt_mesh_z_hybrid_labels/3879722265413_0.json,T_map_object_raw,T_camera_object_centered,4177.048954409965,164.84503271078492,12.79451784398716
image_3879822385261,1,1707,983,0.15234375,/media/hdd2/ARCL_multicar_bags/camera_dataset/2026-05-18-v1-v4/rear/EPnPv2_gt_mesh_z_hybrid_labels/3879822385261_0.json,/media/hdd2/ARCL_multicar_bags/camera_dataset/2026-05-18-v1-v4/rear/EPnPv2_gt_mesh_z_hybrid_labels/3879822385261_0.json,T_map_object_raw,T_camera_object_centered,4872.089666841039,164.7953638590776,14.024373218791936
image_3880022611973,1,1709,991,0.1484375,/media/hdd2/ARCL_multicar_bags/camera_dataset/2026-05-18-v1-v4/rear/EPnPv2_gt_mesh_z_hybrid_labels/3880022611973_0.json,/media/hdd2/ARCL_multicar_bags/camera_dataset/2026-05-18-v1-v4/rear/EPnPv2_gt_mesh_z_hybrid_labels/3880022611973_0.json,T_map_object_raw,T_camera_object_centered,6675.644472725798,164.78520164970863,19.203815976521454
image_3882131760465,1,1726,1063,0.10546875,/media/hdd2/ARCL_multicar_bags/camera_dataset/2026-05-18-v1-v4/rear/EPnPv2_gt_mesh_z_hybrid_labels/3882131760465_0.json,/media/hdd2/ARCL_multicar_bags/camera_dataset/2026-05-18-v1-v4/rear/EPnPv2_gt_mesh_z_hybrid_labels/3882131760465_0.json,T_map_object_raw,T_camera_object_centered,3131.1995746734865,164.89097425866373,10.908341366159759
image_3882223386258,1,1727,1066,0.10546875,/media/hdd2/ARCL_multicar_bags/camera_dataset/2026-05-18-v1-v4/rear/EPnPv2_gt_mesh_z_hybrid_labels/3882223386258_0.json,/media/hdd2/ARCL_multicar_bags/camera_dataset/2026-05-18-v1-v4/rear/EPnPv2_gt_mesh_z_hybrid_labels/3882223386258_0.json,T_map_object_raw,T_camera_object_centered,6114.427122319887,164.93475522448568,7.394177730802864
image_3882623241873,1,1731,1079,0.1171875,/media/hdd2/ARCL_multicar_bags/camera_dataset/2026-05-18-v1-v4/rear/EPnPv2_gt_mesh_z_hybrid_labels/3882623241873_0.json,/media/hdd2/ARCL_multicar_bags/camera_dataset/2026-05-18-v1-v4/rear/EPnPv2_gt_mesh_z_hybrid_labels/3882623241873_0.json,T_map_object_raw,T_camera_object_centered,2223.9364687016177,164.7846780903785,6.428180321464216
image_3882723644509,1,1732,1082,0.11328125,/media/hdd2/ARCL_multicar_bags/camera_dataset/2026-05-18-v1-v4/rear/EPnPv2_gt_mesh_z_hybrid_labels/3882723644509_0.json,/media/hdd2/ARCL_multicar_bags/camera_dataset/2026-05-18-v1-v4/rear/EPnPv2_gt_mesh_z_hybrid_labels/3882723644509_0.json,T_map_object_raw,T_camera_object_centered,4578.312266359825,164.8370992682905,9.280928892034723
image_3882922677905,1,1733,1086,0.09765625,/media/hdd2/ARCL_multicar_bags/camera_dataset/2026-05-18-v1-v4/rear/EPnPv2_gt_mesh_z_hybrid_labels/3882922677905_0.json,/media/hdd2/ARCL_multicar_bags/camera_dataset/2026-05-18-v1-v4/rear/EPnPv2_gt_mesh_z_hybrid_labels/3882922677905_0.json,T_map_object_raw,T_camera_object_centered,3294.5675932865997,164.75874942593566,5.672086311133578
image_3885123754625,1,1752,1156,0.12109375,/media/hdd2/ARCL_multicar_bags/camera_dataset/2026-05-18-v1-v4/rear/EPnPv2_gt_mesh_z_hybrid_labels/3885123754625_0.json,/media/hdd2/ARCL_multicar_bags/camera_dataset/2026-05-18-v1-v4/rear/EPnPv2_gt_mesh_z_hybrid_labels/3885123754625_0.json,T_map_object_raw,T_camera_object_centered,2909.446874377589,177.0621797950119,5.101652084832021
image_3885326541798,1,1754,1162,0.16796875,/media/hdd2/ARCL_multicar_bags/camera_dataset/2026-05-18-v1-v4/rear/EPnPv2_gt_mesh_z_hybrid_labels/3885326541798_0.json,/media/hdd2/ARCL_multicar_bags/camera_dataset/2026-05-18-v1-v4/rear/EPnPv2_gt_mesh_z_hybrid_labels/3885326541798_0.json,T_map_object_raw,T_camera_object_centered,1579.224916026637,165.09678881226387,7.715442054484772
image_3885326541798,1,1754,1162,0.16796875,/media/hdd2/ARCL_multicar_bags/camera_dataset/2026-05-18-v1-v4/rear/EPnPv2_gt_mesh_z_hybrid_labels/3885326541798_1.json,/media/hdd2/ARCL_multicar_bags/camera_dataset/2026-05-18-v1-v4/rear/EPnPv2_gt_mesh_z_hybrid_labels/3885326541798_1.json,T_map_object_raw,T_camera_object_centered,1579.224916026637,165.09678881226387,7.715442054484772
image_3886023599588,1,1761,1193,0.08203125,/media/hdd2/ARCL_multicar_bags/camera_dataset/2026-05-18-v1-v4/rear/EPnPv2_gt_mesh_z_hybrid_labels/3886023599588_0.json,/media/hdd2/ARCL_multicar_bags/camera_dataset/2026-05-18-v1-v4/rear/EPnPv2_gt_mesh_z_hybrid_labels/3886023599588_0.json,T_map_object_raw,T_camera_object_centered,7691.46834504049,165.17566862547247,7.635759498516061
image_3886023599588,1,1761,1193,0.08203125,/media/hdd2/ARCL_multicar_bags/camera_dataset/2026-05-18-v1-v4/rear/EPnPv2_gt_mesh_z_hybrid_labels/3886023599588_1.json,/media/hdd2/ARCL_multicar_bags/camera_dataset/2026-05-18-v1-v4/rear/EPnPv2_gt_mesh_z_hybrid_labels/3886023599588_1.json,T_map_object_raw,T_camera_object_centered,7691.46834504049,165.17566862547247,7.635759498516061
image_3886222371239,1,1763,1205,0.1015625,/media/hdd2/ARCL_multicar_bags/camera_dataset/2026-05-18-v1-v4/rear/EPnPv2_gt_mesh_z_hybrid_labels/3886222371239_0.json,/media/hdd2/ARCL_multicar_bags/camera_dataset/2026-05-18-v1-v4/rear/EPnPv2_gt_mesh_z_hybrid_labels/3886222371239_0.json,T_map_object_raw,T_camera_object_centered,5845.883572665937,165.21012981559943,16.071933915321527
image_3886222371239,1,1763,1205,0.1015625,/media/hdd2/ARCL_multicar_bags/camera_dataset/2026-05-18-v1-v4/rear/EPnPv2_gt_mesh_z_hybrid_labels/3886222371239_1.json,/media/hdd2/ARCL_multicar_bags/camera_dataset/2026-05-18-v1-v4/rear/EPnPv2_gt_mesh_z_hybrid_labels/3886222371239_1.json,T_map_object_raw,T_camera_object_centered,5845.883572665937,165.21012981559943,16.071933915321527
image_3888222073915,1,1783,1293,0.1015625,/media/hdd2/ARCL_multicar_bags/camera_dataset/2026-05-18-v1-v4/rear/EPnPv2_gt_mesh_z_hybrid_labels/3888222073915_0.json,/media/hdd2/ARCL_multicar_bags/camera_dataset/2026-05-18-v1-v4/rear/EPnPv2_gt_mesh_z_hybrid_labels/3888222073915_0.json,T_map_object_raw,T_camera_object_centered,7897.723893823301,165.14657231456994,8.983189754711798
image_3888222073915,1,1783,1293,0.1015625,/media/hdd2/ARCL_multicar_bags/camera_dataset/2026-05-18-v1-v4/rear/EPnPv2_gt_mesh_z_hybrid_labels/3888222073915_1.json,/media/hdd2/ARCL_multicar_bags/camera_dataset/2026-05-18-v1-v4/rear/EPnPv2_gt_mesh_z_hybrid_labels/3888222073915_1.json,T_map_object_raw,T_camera_object_centered,7897.723893823301,165.14657231456994,8.983189754711798
image_3888524430975,1,1786,1306,0.05859375,/media/hdd2/ARCL_multicar_bags/camera_dataset/2026-05-18-v1-v4/rear/EPnPv2_gt_mesh_z_hybrid_labels/3888524430975_0.json,/media/hdd2/ARCL_multicar_bags/camera_dataset/2026-05-18-v1-v4/rear/EPnPv2_gt_mesh_z_hybrid_labels/3888524430975_0.json,T_map_object_raw,T_camera_object_centered,8352.713286198294,165.13158803802705,15.438601257631117
image_3888524430975,1,1786,1306,0.05859375,/media/hdd2/ARCL_multicar_bags/camera_dataset/2026-05-18-v1-v4/rear/EPnPv2_gt_mesh_z_hybrid_labels/3888524430975_1.json,/media/hdd2/ARCL_multicar_bags/camera_dataset/2026-05-18-v1-v4/rear/EPnPv2_gt_mesh_z_hybrid_labels/3888524430975_1.json,T_map_object_raw,T_camera_object_centered,8352.713286198294,165.13158803802705,15.438601257631117
image_3892321518799,1,1820,1470,0.12890625,/media/hdd2/ARCL_multicar_bags/camera_dataset/2026-05-18-v1-v4/rear/EPnPv2_gt_mesh_z_hybrid_labels/3892321518799_0.json,/media/hdd2/ARCL_multicar_bags/camera_dataset/2026-05-18-v1-v4/rear/EPnPv2_gt_mesh_z_hybrid_labels/3892321518799_0.json,T_map_object_raw,T_camera_object_centered,3521.5270141217215,164.95014468119967,16.405879977352104
image_3892521213080,1,1822,1478,0.10546875,/media/hdd2/ARCL_multicar_bags/camera_dataset/2026-05-18-v1-v4/rear/EPnPv2_gt_mesh_z_hybrid_labels/3892521213080_0.json,/media/hdd2/ARCL_multicar_bags/camera_dataset/2026-05-18-v1-v4/rear/EPnPv2_gt_mesh_z_hybrid_labels/3892521213080_0.json,T_map_object_raw,T_camera_object_centered,7958.791286372727,165.16827545331302,12.221904200900967
image_3893522327988,1,1831,1512,0.125,/media/hdd2/ARCL_multicar_bags/camera_dataset/2026-05-18-v1-v4/rear/EPnPv2_gt_mesh_z_hybrid_labels/3893522327988_0.json,/media/hdd2/ARCL_multicar_bags/camera_dataset/2026-05-18-v1-v4/rear/EPnPv2_gt_mesh_z_hybrid_labels/3893522327988_0.json,T_map_object_raw,T_camera_object_centered,5843.46950762197,166.96668877388223,8.99027981616391
image_3893921744040,1,1834,1524,0.14453125,/media/hdd2/ARCL_multicar_bags/camera_dataset/2026-05-18-v1-v4/rear/EPnPv2_gt_mesh_z_hybrid_labels/3893921744040_0.json,/media/hdd2/ARCL_multicar_bags/camera_dataset/2026-05-18-v1-v4/rear/EPnPv2_gt_mesh_z_hybrid_labels/3893921744040_0.json,T_map_object_raw,T_camera_object_centered,8654.148991127793,168.01636918464422,17.868671718618995
image_3894030296597,1,1835,1531,0.08984375,/media/hdd2/ARCL_multicar_bags/camera_dataset/2026-05-18-v1-v4/rear/EPnPv2_gt_mesh_z_hybrid_labels/3894030296597_0.json,/media/hdd2/ARCL_multicar_bags/camera_dataset/2026-05-18-v1-v4/rear/EPnPv2_gt_mesh_z_hybrid_labels/3894030296597_0.json,T_map_object_raw,T_camera_object_centered,3261.5498552093363,168.59608640365465,16.520221824645265
image_3894121539569,1,1836,1535,0.125,/media/hdd2/ARCL_multicar_bags/camera_dataset/2026-05-18-v1-v4/rear/EPnPv2_gt_mesh_z_hybrid_labels/3894121539569_0.json,/media/hdd2/ARCL_multicar_bags/camera_dataset/2026-05-18-v1-v4/rear/EPnPv2_gt_mesh_z_hybrid_labels/3894121539569_0.json,T_map_object_raw,T_camera_object_centered,3121.827005599246,169.213874886275,9.179092897258057
image_3894321307167,1,1837,1539,0.08984375,/media/hdd2/ARCL_multicar_bags/camera_dataset/2026-05-18-v1-v4/rear/EPnPv2_gt_mesh_z_hybrid_labels/3894321307167_0.json,/media/hdd2/ARCL_multicar_bags/camera_dataset/2026-05-18-v1-v4/rear/EPnPv2_gt_mesh_z_hybrid_labels/3894321307167_0.json,T_map_object_raw,T_camera_object_centered,8523.665532750405,170.2197529486937,6.673350895020432
image_3894423786392,1,1838,1543,0.1171875,/media/hdd2/ARCL_multicar_bags/camera_dataset/2026-05-18-v1-v4/rear/EPnPv2_gt_mesh_z_hybrid_labels/3894423786392_0.json,/media/hdd2/ARCL_multicar_bags/camera_dataset/2026-05-18-v1-v4/rear/EPnPv2_gt_mesh_z_hybrid_labels/3894423786392_0.json,T_map_object_raw,T_camera_object_centered,4843.710863965266,170.48759784807888,18.284033554505147
image_3894521156239,1,1839,1547,0.07421875,/media/hdd2/ARCL_multicar_bags/camera_dataset/2026-05-18-v1-v4/rear/EPnPv2_gt_mesh_z_hybrid_labels/3894521156239_0.json,/media/hdd2/ARCL_multicar_bags/camera_dataset/2026-05-18-v1-v4/rear/EPnPv2_gt_mesh_z_hybrid_labels/3894521156239_0.json,T_map_object_raw,T_camera_object_centered,6334.889558172959,171.2256320560227,9.996946994025969
image_3894621427829,1,1840,1551,0.125,/media/hdd2/ARCL_multicar_bags/camera_dataset/2026-05-18-v1-v4/rear/EPnPv2_gt_mesh_z_hybrid_labels/3894621427829_0.json,/media/hdd2/ARCL_multicar_bags/camera_dataset/2026-05-18-v1-v4/rear/EPnPv2_gt_mesh_z_hybrid_labels/3894621427829_0.json,T_map_object_raw,T_camera_object_centered,4782.914736185991,171.73235213024665,11.506744186738548
image_3894721530437,1,1841,1554,0.1171875,/media/hdd2/ARCL_multicar_bags/camera_dataset/2026-05-18-v1-v4/rear/EPnPv2_gt_mesh_z_hybrid_labels/3894721530437_0.json,/media/hdd2/ARCL_multicar_bags/camera_dataset/2026-05-18-v1-v4/rear/EPnPv2_gt_mesh_z_hybrid_labels/3894721530437_0.json,T_map_object_raw,T_camera_object_centered,1802.1931555136662,172.22909915984678,14.951706862740778
image_3894922843597,1,1842,1558,0.109375,/media/hdd2/ARCL_multicar_bags/camera_dataset/2026-05-18-v1-v4/rear/EPnPv2_gt_mesh_z_hybrid_labels/3894922843597_0.json,/media/hdd2/ARCL_multicar_bags/camera_dataset/2026-05-18-v1-v4/rear/EPnPv2_gt_mesh_z_hybrid_labels/3894922843597_0.json,T_map_object_raw,T_camera_object_centered,7444.878504124299,172.92617080401342,24.653295743866327
image_3895026297282,1,1843,1562,0.12890625,/media/hdd2/ARCL_multicar_bags/camera_dataset/2026-05-18-v1-v4/rear/EPnPv2_gt_mesh_z_hybrid_labels/3895026297282_0.json,/media/hdd2/ARCL_multicar_bags/camera_dataset/2026-05-18-v1-v4/rear/EPnPv2_gt_mesh_z_hybrid_labels/3895026297282_0.json,T_map_object_raw,T_camera_object_centered,6943.19017866801,173.55651376372253,24.09836565988935
image_3895320987963,1,1845,1570,0.125,/media/hdd2/ARCL_multicar_bags/camera_dataset/2026-05-18-v1-v4/rear/EPnPv2_gt_mesh_z_hybrid_labels/3895320987963_0.json,/media/hdd2/ARCL_multicar_bags/camera_dataset/2026-05-18-v1-v4/rear/EPnPv2_gt_mesh_z_hybrid_labels/3895320987963_0.json,T_map_object_raw,T_camera_object_centered,3514.294741258766,175.85876433963247,9.791479175127636
image_3897621973724,1,1865,1655,0.1171875,/media/hdd2/ARCL_multicar_bags/camera_dataset/2026-05-18-v1-v4/rear/EPnPv2_gt_mesh_z_hybrid_labels/3897621973724_0.json,/media/hdd2/ARCL_multicar_bags/camera_dataset/2026-05-18-v1-v4/rear/EPnPv2_gt_mesh_z_hybrid_labels/3897621973724_0.json,T_map_object_raw,T_camera_object_centered,7802.730486920692,177.3410605789932,22.53909144018957
image_3897621973724,1,1865,1655,0.1171875,/media/hdd2/ARCL_multicar_bags/camera_dataset/2026-05-18-v1-v4/rear/EPnPv2_gt_mesh_z_hybrid_labels/3897621973724_1.json,/media/hdd2/ARCL_multicar_bags/camera_dataset/2026-05-18-v1-v4/rear/EPnPv2_gt_mesh_z_hybrid_labels/3897621973724_1.json,T_map_object_raw,T_camera_object_centered,7802.730486920692,177.3410605789932,22.53909144018957
image_3898221275329,1,1870,1676,0.08984375,/media/hdd2/ARCL_multicar_bags/camera_dataset/2026-05-18-v1-v4/rear/EPnPv2_gt_mesh_z_hybrid_labels/3898221275329_0.json,/media/hdd2/ARCL_multicar_bags/camera_dataset/2026-05-18-v1-v4/rear/EPnPv2_gt_mesh_z_hybrid_labels/3898221275329_0.json,T_map_object_raw,T_camera_object_centered,6814.088301455034,175.33310866025292,4.828865348045748
image_3898221275329,1,1870,1676,0.08984375,/media/hdd2/ARCL_multicar_bags/camera_dataset/2026-05-18-v1-v4/rear/EPnPv2_gt_mesh_z_hybrid_labels/3898221275329_1.json,/media/hdd2/ARCL_multicar_bags/camera_dataset/2026-05-18-v1-v4/rear/EPnPv2_gt_mesh_z_hybrid_labels/3898221275329_1.json,T_map_object_raw,T_camera_object_centered,6814.088301455034,175.33310866025292,4.828865348045748
image_3898322093818,1,1871,1681,0.05078125,/media/hdd2/ARCL_multicar_bags/camera_dataset/2026-05-18-v1-v4/rear/EPnPv2_gt_mesh_z_hybrid_labels/3898322093818_0.json,/media/hdd2/ARCL_multicar_bags/camera_dataset/2026-05-18-v1-v4/rear/EPnPv2_gt_mesh_z_hybrid_labels/3898322093818_0.json,T_map_object_raw,T_camera_object_centered,6275.614397955229,166.72773252021102,6.072554641230092
image_3899322030279,1,1879,1714,0.109375,/media/hdd2/ARCL_multicar_bags/camera_dataset/2026-05-18-v1-v4/rear/EPnPv2_gt_mesh_z_hybrid_labels/3899322030279_0.json,/media/hdd2/ARCL_multicar_bags/camera_dataset/2026-05-18-v1-v4/rear/EPnPv2_gt_mesh_z_hybrid_labels/3899322030279_0.json,T_map_object_raw,T_camera_object_centered,1035.4322312518686,175.42610297950142,6.187479957816548
image_3899322030279,1,1879,1714,0.109375,/media/hdd2/ARCL_multicar_bags/camera_dataset/2026-05-18-v1-v4/rear/EPnPv2_gt_mesh_z_hybrid_labels/3899322030279_1.json,/media/hdd2/ARCL_multicar_bags/camera_dataset/2026-05-18-v1-v4/rear/EPnPv2_gt_mesh_z_hybrid_labels/3899322030279_1.json,T_map_object_raw,T_camera_object_centered,1035.4322312518686,175.42610297950142,6.187479957816548
image_3899924921374,1,1885,1741,0.16015625,/media/hdd2/ARCL_multicar_bags/camera_dataset/2026-05-18-v1-v4/rear/EPnPv2_gt_mesh_z_hybrid_labels/3899924921374_0.json,/media/hdd2/ARCL_multicar_bags/camera_dataset/2026-05-18-v1-v4/rear/EPnPv2_gt_mesh_z_hybrid_labels/3899924921374_0.json,T_map_object_raw,T_camera_object_centered,5841.17733545464,177.2866630148223,19.42919043603225
image_3899924921374,1,1885,1741,0.16015625,/media/hdd2/ARCL_multicar_bags/camera_dataset/2026-05-18-v1-v4/rear/EPnPv2_gt_mesh_z_hybrid_labels/3899924921374_1.json,/media/hdd2/ARCL_multicar_bags/camera_dataset/2026-05-18-v1-v4/rear/EPnPv2_gt_mesh_z_hybrid_labels/3899924921374_1.json,T_map_object_raw,T_camera_object_centered,5841.17733545464,177.2866630148223,19.42919043603225
image_3900122691678,1,1887,1749,0.09375,/media/hdd2/ARCL_multicar_bags/camera_dataset/2026-05-18-v1-v4/rear/EPnPv2_gt_mesh_z_hybrid_labels/3900122691678_0.json,/media/hdd2/ARCL_multicar_bags/camera_dataset/2026-05-18-v1-v4/rear/EPnPv2_gt_mesh_z_hybrid_labels/3900122691678_0.json,T_map_object_raw,T_camera_object_centered,7600.448393617917,177.48654386997157,16.783532101523672
image_3900122691678,1,1887,1749,0.09375,/media/hdd2/ARCL_multicar_bags/camera_dataset/2026-05-18-v1-v4/rear/EPnPv2_gt_mesh_z_hybrid_labels/3900122691678_1.json,/media/hdd2/ARCL_multicar_bags/camera_dataset/2026-05-18-v1-v4/rear/EPnPv2_gt_mesh_z_hybrid_labels/3900122691678_1.json,T_map_object_raw,T_camera_object_centered,7600.448393617917,177.48654386997157,16.783532101523672
image_3900724111121,1,1893,1775,0.09765625,/media/hdd2/ARCL_multicar_bags/camera_dataset/2026-05-18-v1-v4/rear/EPnPv2_gt_mesh_z_hybrid_labels/3900724111121_0.json,/media/hdd2/ARCL_multicar_bags/camera_dataset/2026-05-18-v1-v4/rear/EPnPv2_gt_mesh_z_hybrid_labels/3900724111121_0.json,T_map_object_raw,T_camera_object_centered,3510.6377772026035,177.96893218764592,16.685619878915038
image_3900724111121,1,1893,1775,0.09765625,/media/hdd2/ARCL_multicar_bags/camera_dataset/2026-05-18-v1-v4/rear/EPnPv2_gt_mesh_z_hybrid_labels/3900724111121_1.json,/media/hdd2/ARCL_multicar_bags/camera_dataset/2026-05-18-v1-v4/rear/EPnPv2_gt_mesh_z_hybrid_labels/3900724111121_1.json,T_map_object_raw,T_camera_object_centered,3510.6377772026035,177.96893218764592,16.685619878915038
image_3900822011222,1,1894,1779,0.06640625,/media/hdd2/ARCL_multicar_bags/camera_dataset/2026-05-18-v1-v4/rear/EPnPv2_gt_mesh_z_hybrid_labels/3900822011222_0.json,/media/hdd2/ARCL_multicar_bags/camera_dataset/2026-05-18-v1-v4/rear/EPnPv2_gt_mesh_z_hybrid_labels/3900822011222_0.json,T_map_object_raw,T_camera_object_centered,6851.029500300524,178.23334767728184,14.01889102725053
image_3900822011222,1,1894,1779,0.06640625,/media/hdd2/ARCL_multicar_bags/camera_dataset/2026-05-18-v1-v4/rear/EPnPv2_gt_mesh_z_hybrid_labels/3900822011222_1.json,/media/hdd2/ARCL_multicar_bags/camera_dataset/2026-05-18-v1-v4/rear/EPnPv2_gt_mesh_z_hybrid_labels/3900822011222_1.json,T_map_object_raw,T_camera_object_centered,6851.029500300524,178.23334767728184,14.01889102725053
image_3900922172802,1,1895,1784,0.1171875,/media/hdd2/ARCL_multicar_bags/camera_dataset/2026-05-18-v1-v4/rear/EPnPv2_gt_mesh_z_hybrid_labels/3900922172802_0.json,/media/hdd2/ARCL_multicar_bags/camera_dataset/2026-05-18-v1-v4/rear/EPnPv2_gt_mesh_z_hybrid_labels/3900922172802_0.json,T_map_object_raw,T_camera_object_centered,6878.754008105387,177.61241543274548,1.3996992687549294
image_3900922172802,1,1895,1784,0.1171875,/media/hdd2/ARCL_multicar_bags/camera_dataset/2026-05-18-v1-v4/rear/EPnPv2_gt_mesh_z_hybrid_labels/3900922172802_1.json,/media/hdd2/ARCL_multicar_bags/camera_dataset/2026-05-18-v1-v4/rear/EPnPv2_gt_mesh_z_hybrid_labels/3900922172802_1.json,T_map_object_raw,T_camera_object_centered,6878.754008105387,177.61241543274548,1.3996992687549294
image_3901121581224,1,1897,1792,0.08203125,/media/hdd2/ARCL_multicar_bags/camera_dataset/2026-05-18-v1-v4/rear/EPnPv2_gt_mesh_z_hybrid_labels/3901121581224_0.json,/media/hdd2/ARCL_multicar_bags/camera_dataset/2026-05-18-v1-v4/rear/EPnPv2_gt_mesh_z_hybrid_labels/3901121581224_0.json,T_map_object_raw,T_camera_object_centered,7246.754533626772,178.74669062814678,11.944937561454367
image_3901121581224,1,1897,1792,0.08203125,/media/hdd2/ARCL_multicar_bags/camera_dataset/2026-05-18-v1-v4/rear/EPnPv2_gt_mesh_z_hybrid_labels/3901121581224_1.json,/media/hdd2/ARCL_multicar_bags/camera_dataset/2026-05-18-v1-v4/rear/EPnPv2_gt_mesh_z_hybrid_labels/3901121581224_1.json,T_map_object_raw,T_camera_object_centered,7246.754533626772,178.74669062814678,11.944937561454367
image_3901321868954,1,1899,1800,0.11328125,/media/hdd2/ARCL_multicar_bags/camera_dataset/2026-05-18-v1-v4/rear/EPnPv2_gt_mesh_z_hybrid_labels/3901321868954_0.json,/media/hdd2/ARCL_multicar_bags/camera_dataset/2026-05-18-v1-v4/rear/EPnPv2_gt_mesh_z_hybrid_labels/3901321868954_0.json,T_map_object_raw,T_camera_object_centered,4480.597118064355,178.67755899910767,3.2210553848885577
image_3901321868954,1,1899,1800,0.11328125,/media/hdd2/ARCL_multicar_bags/camera_dataset/2026-05-18-v1-v4/rear/EPnPv2_gt_mesh_z_hybrid_labels/3901321868954_1.json,/media/hdd2/ARCL_multicar_bags/camera_dataset/2026-05-18-v1-v4/rear/EPnPv2_gt_mesh_z_hybrid_labels/3901321868954_1.json,T_map_object_raw,T_camera_object_centered,4480.597118064355,178.67755899910767,3.2210553848885577
image_3902121395684,1,1905,1828,0.125,/media/hdd2/ARCL_multicar_bags/camera_dataset/2026-05-18-v1-v4/rear/EPnPv2_gt_mesh_z_hybrid_labels/3902121395684_0.json,/media/hdd2/ARCL_multicar_bags/camera_dataset/2026-05-18-v1-v4/rear/EPnPv2_gt_mesh_z_hybrid_labels/3902121395684_0.json,T_map_object_raw,T_camera_object_centered,958.4237188839779,178.42377024170892,3.4063331122655907
image_3902227751718,1,1906,1832,0.12890625,/media/hdd2/ARCL_multicar_bags/camera_dataset/2026-05-18-v1-v4/rear/EPnPv2_gt_mesh_z_hybrid_labels/3902227751718_0.json,/media/hdd2/ARCL_multicar_bags/camera_dataset/2026-05-18-v1-v4/rear/EPnPv2_gt_mesh_z_hybrid_labels/3902227751718_0.json,T_map_object_raw,T_camera_object_centered,1342.2033454004818,177.2926210227524,12.39487643146225
image_3902227751718,1,1906,1832,0.12890625,/media/hdd2/ARCL_multicar_bags/camera_dataset/2026-05-18-v1-v4/rear/EPnPv2_gt_mesh_z_hybrid_labels/3902227751718_1.json,/media/hdd2/ARCL_multicar_bags/camera_dataset/2026-05-18-v1-v4/rear/EPnPv2_gt_mesh_z_hybrid_labels/3902227751718_1.json,T_map_object_raw,T_camera_object_centered,1342.2033454004818,177.2926210227524,12.39487643146225
image_3902522165470,1,1909,1844,0.1328125,/media/hdd2/ARCL_multicar_bags/camera_dataset/2026-05-18-v1-v4/rear/EPnPv2_gt_mesh_z_hybrid_labels/3902522165470_0.json,/media/hdd2/ARCL_multicar_bags/camera_dataset/2026-05-18-v1-v4/rear/EPnPv2_gt_mesh_z_hybrid_labels/3902522165470_0.json,T_map_object_raw,T_camera_object_centered,4504.817737605393,175.08895407895452,10.905997385265009
image_3902821732345,1,1911,1851,0.12890625,/media/hdd2/ARCL_multicar_bags/camera_dataset/2026-05-18-v1-v4/rear/EPnPv2_gt_mesh_z_hybrid_labels/3902821732345_0.json,/media/hdd2/ARCL_multicar_bags/camera_dataset/2026-05-18-v1-v4/rear/EPnPv2_gt_mesh_z_hybrid_labels/3902821732345_0.json,T_map_object_raw,T_camera_object_centered,3357.429956716255,173.18857315073268,10.257229187265114
image_3902821732345,1,1911,1851,0.12890625,/media/hdd2/ARCL_multicar_bags/camera_dataset/2026-05-18-v1-v4/rear/EPnPv2_gt_mesh_z_hybrid_labels/3902821732345_1.json,/media/hdd2/ARCL_multicar_bags/camera_dataset/2026-05-18-v1-v4/rear/EPnPv2_gt_mesh_z_hybrid_labels/3902821732345_1.json,T_map_object_raw,T_camera_object_centered,3357.429956716255,173.18857315073268,10.257229187265114
image_3903822054622,1,1921,1889,0.12890625,/media/hdd2/ARCL_multicar_bags/camera_dataset/2026-05-18-v1-v4/rear/EPnPv2_gt_mesh_z_hybrid_labels/3903822054622_0.json,/media/hdd2/ARCL_multicar_bags/camera_dataset/2026-05-18-v1-v4/rear/EPnPv2_gt_mesh_z_hybrid_labels/3903822054622_0.json,T_map_object_raw,T_camera_object_centered,5561.890491587944,168.98341703063224,9.143771478017058
image_3903921041081,1,1922,1892,0.125,/media/hdd2/ARCL_multicar_bags/camera_dataset/2026-05-18-v1-v4/rear/EPnPv2_gt_mesh_z_hybrid_labels/3903921041081_0.json,/media/hdd2/ARCL_multicar_bags/camera_dataset/2026-05-18-v1-v4/rear/EPnPv2_gt_mesh_z_hybrid_labels/3903921041081_0.json,T_map_object_raw,T_camera_object_centered,6761.264043903469,176.56402703510906,19.90526618091508
image_3904321823527,1,1926,1907,0.140625,/media/hdd2/ARCL_multicar_bags/camera_dataset/2026-05-18-v1-v4/rear/EPnPv2_gt_mesh_z_hybrid_labels/3904321823527_0.json,/media/hdd2/ARCL_multicar_bags/camera_dataset/2026-05-18-v1-v4/rear/EPnPv2_gt_mesh_z_hybrid_labels/3904321823527_0.json,T_map_object_raw,T_camera_object_centered,2601.659754928959,168.815430707185,4.684741614163713
image_3904321823527,1,1926,1907,0.140625,/media/hdd2/ARCL_multicar_bags/camera_dataset/2026-05-18-v1-v4/rear/EPnPv2_gt_mesh_z_hybrid_labels/3904321823527_1.json,/media/hdd2/ARCL_multicar_bags/camera_dataset/2026-05-18-v1-v4/rear/EPnPv2_gt_mesh_z_hybrid_labels/3904321823527_1.json,T_map_object_raw,T_camera_object_centered,2601.659754928959,168.815430707185,4.684741614163713
image_3904524093806,1,1928,1915,0.12890625,/media/hdd2/ARCL_multicar_bags/camera_dataset/2026-05-18-v1-v4/rear/EPnPv2_gt_mesh_z_hybrid_labels/3904524093806_0.json,/media/hdd2/ARCL_multicar_bags/camera_dataset/2026-05-18-v1-v4/rear/EPnPv2_gt_mesh_z_hybrid_labels/3904524093806_0.json,T_map_object_raw,T_camera_object_centered,4034.852594627682,168.41120237408273,10.125549754656682
image_3904524093806,1,1928,1915,0.12890625,/media/hdd2/ARCL_multicar_bags/camera_dataset/2026-05-18-v1-v4/rear/EPnPv2_gt_mesh_z_hybrid_labels/3904524093806_1.json,/media/hdd2/ARCL_multicar_bags/camera_dataset/2026-05-18-v1-v4/rear/EPnPv2_gt_mesh_z_hybrid_labels/3904524093806_1.json,T_map_object_raw,T_camera_object_centered,4034.852594627682,168.41120237408273,10.125549754656682
image_3904620987846,1,1929,1919,0.125,/media/hdd2/ARCL_multicar_bags/camera_dataset/2026-05-18-v1-v4/rear/EPnPv2_gt_mesh_z_hybrid_labels/3904620987846_0.json,/media/hdd2/ARCL_multicar_bags/camera_dataset/2026-05-18-v1-v4/rear/EPnPv2_gt_mesh_z_hybrid_labels/3904620987846_0.json,T_map_object_raw,T_camera_object_centered,1868.0747136019856,168.68762389270265,2.579585054656463
image_3904620987846,1,1929,1919,0.125,/media/hdd2/ARCL_multicar_bags/camera_dataset/2026-05-18-v1-v4/rear/EPnPv2_gt_mesh_z_hybrid_labels/3904620987846_1.json,/media/hdd2/ARCL_multicar_bags/camera_dataset/2026-05-18-v1-v4/rear/EPnPv2_gt_mesh_z_hybrid_labels/3904620987846_1.json,T_map_object_raw,T_camera_object_centered,1868.0747136019856,168.68762389270265,2.579585054656463
image_3904722170318,1,1930,1924,0.15234375,/media/hdd2/ARCL_multicar_bags/camera_dataset/2026-05-18-v1-v4/rear/EPnPv2_gt_mesh_z_hybrid_labels/3904722170318_1.json,/media/hdd2/ARCL_multicar_bags/camera_dataset/2026-05-18-v1-v4/rear/EPnPv2_gt_mesh_z_hybrid_labels/3904722170318_1.json,T_map_object_raw,T_camera_object_centered,6379.994681276172,168.7211056332597,13.702676161693823
image_3904821829187,1,1931,1927,0.171875,/media/hdd2/ARCL_multicar_bags/camera_dataset/2026-05-18-v1-v4/rear/EPnPv2_gt_mesh_z_hybrid_labels/3904821829187_0.json,/media/hdd2/ARCL_multicar_bags/camera_dataset/2026-05-18-v1-v4/rear/EPnPv2_gt_mesh_z_hybrid_labels/3904821829187_0.json,T_map_object_raw,T_camera_object_centered,5277.560244613653,168.85309805840657,11.126492561263126
image_3904821829187,1,1931,1927,0.171875,/media/hdd2/ARCL_multicar_bags/camera_dataset/2026-05-18-v1-v4/rear/EPnPv2_gt_mesh_z_hybrid_labels/3904821829187_1.json,/media/hdd2/ARCL_multicar_bags/camera_dataset/2026-05-18-v1-v4/rear/EPnPv2_gt_mesh_z_hybrid_labels/3904821829187_1.json,T_map_object_raw,T_camera_object_centered,5277.560244613653,168.85309805840657,11.126492561263126
image_3905023265979,1,1932,1930,0.15625,/media/hdd2/ARCL_multicar_bags/camera_dataset/2026-05-18-v1-v4/rear/EPnPv2_gt_mesh_z_hybrid_labels/3905023265979_0.json,/media/hdd2/ARCL_multicar_bags/camera_dataset/2026-05-18-v1-v4/rear/EPnPv2_gt_mesh_z_hybrid_labels/3905023265979_0.json,T_map_object_raw,T_camera_object_centered,3948.9496973801524,169.25925567715808,16.430614940745816
image_3905023265979,1,1932,1930,0.15625,/media/hdd2/ARCL_multicar_bags/camera_dataset/2026-05-18-v1-v4/rear/EPnPv2_gt_mesh_z_hybrid_labels/3905023265979_1.json,/media/hdd2/ARCL_multicar_bags/camera_dataset/2026-05-18-v1-v4/rear/EPnPv2_gt_mesh_z_hybrid_labels/3905023265979_1.json,T_map_object_raw,T_camera_object_centered,3948.9496973801524,169.25925567715808,16.430614940745816
image_3905122056571,1,1933,1933,0.15625,/media/hdd2/ARCL_multicar_bags/camera_dataset/2026-05-18-v1-v4/rear/EPnPv2_gt_mesh_z_hybrid_labels/3905122056571_0.json,/media/hdd2/ARCL_multicar_bags/camera_dataset/2026-05-18-v1-v4/rear/EPnPv2_gt_mesh_z_hybrid_labels/3905122056571_0.json,T_map_object_raw,T_camera_object_centered,2566.2442363926784,169.20937740825195,18.04506233767113
image_3905122056571,1,1933,1933,0.15625,/media/hdd2/ARCL_multicar_bags/camera_dataset/2026-05-18-v1-v4/rear/EPnPv2_gt_mesh_z_hybrid_labels/3905122056571_1.json,/media/hdd2/ARCL_multicar_bags/camera_dataset/2026-05-18-v1-v4/rear/EPnPv2_gt_mesh_z_hybrid_labels/3905122056571_1.json,T_map_object_raw,T_camera_object_centered,2566.2442363926784,169.20937740825195,18.04506233767113
image_3905323781586,1,1935,1943,0.078125,/media/hdd2/ARCL_multicar_bags/camera_dataset/2026-05-18-v1-v4/rear/EPnPv2_gt_mesh_z_hybrid_labels/3905323781586_0.json,/media/hdd2/ARCL_multicar_bags/camera_dataset/2026-05-18-v1-v4/rear/EPnPv2_gt_mesh_z_hybrid_labels/3905323781586_0.json,T_map_object_raw,T_camera_object_centered,7605.763855597461,169.61198977575148,10.737073766582483
image_3905323781586,1,1935,1943,0.078125,/media/hdd2/ARCL_multicar_bags/camera_dataset/2026-05-18-v1-v4/rear/EPnPv2_gt_mesh_z_hybrid_labels/3905323781586_1.json,/media/hdd2/ARCL_multicar_bags/camera_dataset/2026-05-18-v1-v4/rear/EPnPv2_gt_mesh_z_hybrid_labels/3905323781586_1.json,T_map_object_raw,T_camera_object_centered,7605.763855597461,169.61198977575148,10.737073766582483
image_3905423456755,1,1936,1946,0.07421875,/media/hdd2/ARCL_multicar_bags/camera_dataset/2026-05-18-v1-v4/rear/EPnPv2_gt_mesh_z_hybrid_labels/3905423456755_0.json,/media/hdd2/ARCL_multicar_bags/camera_dataset/2026-05-18-v1-v4/rear/EPnPv2_gt_mesh_z_hybrid_labels/3905423456755_0.json,T_map_object_raw,T_camera_object_centered,6180.369079771443,170.87903514552886,0.6242121820073574
image_3905423456755,1,1936,1946,0.07421875,/media/hdd2/ARCL_multicar_bags/camera_dataset/2026-05-18-v1-v4/rear/EPnPv2_gt_mesh_z_hybrid_labels/3905423456755_1.json,/media/hdd2/ARCL_multicar_bags/camera_dataset/2026-05-18-v1-v4/rear/EPnPv2_gt_mesh_z_hybrid_labels/3905423456755_1.json,T_map_object_raw,T_camera_object_centered,6180.369079771443,170.87903514552886,0.6242121820073574
image_3905622499846,1,1938,1954,0.08203125,/media/hdd2/ARCL_multicar_bags/camera_dataset/2026-05-18-v1-v4/rear/EPnPv2_gt_mesh_z_hybrid_labels/3905622499846_0.json,/media/hdd2/ARCL_multicar_bags/camera_dataset/2026-05-18-v1-v4/rear/EPnPv2_gt_mesh_z_hybrid_labels/3905622499846_0.json,T_map_object_raw,T_camera_object_centered,7931.231803721561,171.05288072472555,8.911977955106781
image_3905922472898,1,1941,1965,0.1484375,/media/hdd2/ARCL_multicar_bags/camera_dataset/2026-05-18-v1-v4/rear/EPnPv2_gt_mesh_z_hybrid_labels/3905922472898_0.json,/media/hdd2/ARCL_multicar_bags/camera_dataset/2026-05-18-v1-v4/rear/EPnPv2_gt_mesh_z_hybrid_labels/3905922472898_0.json,T_map_object_raw,T_camera_object_centered,3533.2134225939612,173.4133623210297,7.168038572103429
image_3905922472898,1,1941,1965,0.1484375,/media/hdd2/ARCL_multicar_bags/camera_dataset/2026-05-18-v1-v4/rear/EPnPv2_gt_mesh_z_hybrid_labels/3905922472898_1.json,/media/hdd2/ARCL_multicar_bags/camera_dataset/2026-05-18-v1-v4/rear/EPnPv2_gt_mesh_z_hybrid_labels/3905922472898_1.json,T_map_object_raw,T_camera_object_centered,3533.2134225939612,173.4133623210297,7.168038572103429
image_3906022685791,1,1942,1968,0.15625,/media/hdd2/ARCL_multicar_bags/camera_dataset/2026-05-18-v1-v4/rear/EPnPv2_gt_mesh_z_hybrid_labels/3906022685791_0.json,/media/hdd2/ARCL_multicar_bags/camera_dataset/2026-05-18-v1-v4/rear/EPnPv2_gt_mesh_z_hybrid_labels/3906022685791_0.json,T_map_object_raw,T_camera_object_centered,5226.8013089033675,173.74038761948245,15.764160251782595
image_3906022685791,1,1942,1968,0.15625,/media/hdd2/ARCL_multicar_bags/camera_dataset/2026-05-18-v1-v4/rear/EPnPv2_gt_mesh_z_hybrid_labels/3906022685791_1.json,/media/hdd2/ARCL_multicar_bags/camera_dataset/2026-05-18-v1-v4/rear/EPnPv2_gt_mesh_z_hybrid_labels/3906022685791_1.json,T_map_object_raw,T_camera_object_centered,5226.8013089033675,173.74038761948245,15.764160251782595
image_3906123067156,1,1943,1971,0.13671875,/media/hdd2/ARCL_multicar_bags/camera_dataset/2026-05-18-v1-v4/rear/EPnPv2_gt_mesh_z_hybrid_labels/3906123067156_0.json,/media/hdd2/ARCL_multicar_bags/camera_dataset/2026-05-18-v1-v4/rear/EPnPv2_gt_mesh_z_hybrid_labels/3906123067156_0.json,T_map_object_raw,T_camera_object_centered,5260.67622766928,174.42784337738573,15.291171683996506
image_3906123067156,1,1943,1971,0.13671875,/media/hdd2/ARCL_multicar_bags/camera_dataset/2026-05-18-v1-v4/rear/EPnPv2_gt_mesh_z_hybrid_labels/3906123067156_1.json,/media/hdd2/ARCL_multicar_bags/camera_dataset/2026-05-18-v1-v4/rear/EPnPv2_gt_mesh_z_hybrid_labels/3906123067156_1.json,T_map_object_raw,T_camera_object_centered,5260.67622766928,174.42784337738573,15.291171683996506
image_3906821898242,1,1950,2004,0.109375,/media/hdd2/ARCL_multicar_bags/camera_dataset/2026-05-18-v1-v4/rear/EPnPv2_gt_mesh_z_hybrid_labels/3906821898242_0.json,/media/hdd2/ARCL_multicar_bags/camera_dataset/2026-05-18-v1-v4/rear/EPnPv2_gt_mesh_z_hybrid_labels/3906821898242_0.json,T_map_object_raw,T_camera_object_centered,7292.356916013927,163.5735816831914,10.397161840134961
image_3907521723201,1,1957,2034,0.1328125,/media/hdd2/ARCL_multicar_bags/camera_dataset/2026-05-18-v1-v4/rear/EPnPv2_gt_mesh_z_hybrid_labels/3907521723201_0.json,/media/hdd2/ARCL_multicar_bags/camera_dataset/2026-05-18-v1-v4/rear/EPnPv2_gt_mesh_z_hybrid_labels/3907521723201_0.json,T_map_object_raw,T_camera_object_centered,8531.916341950087,168.08262803325565,10.427853624394162
image_3909421727208,1,1976,2117,0.10546875,/media/hdd2/ARCL_multicar_bags/camera_dataset/2026-05-18-v1-v4/rear/EPnPv2_gt_mesh_z_hybrid_labels/3909421727208_0.json,/media/hdd2/ARCL_multicar_bags/camera_dataset/2026-05-18-v1-v4/rear/EPnPv2_gt_mesh_z_hybrid_labels/3909421727208_0.json,T_map_object_raw,T_camera_object_centered,7861.270006898341,179.1039811061369,20.789106958598577
image_3909421727208,1,1976,2117,0.10546875,/media/hdd2/ARCL_multicar_bags/camera_dataset/2026-05-18-v1-v4/rear/EPnPv2_gt_mesh_z_hybrid_labels/3909421727208_1.json,/media/hdd2/ARCL_multicar_bags/camera_dataset/2026-05-18-v1-v4/rear/EPnPv2_gt_mesh_z_hybrid_labels/3909421727208_1.json,T_map_object_raw,T_camera_object_centered,7861.270006898341,179.1039811061369,20.789106958598577
image_3910521630531,1,1987,2172,0.1015625,/media/hdd2/ARCL_multicar_bags/camera_dataset/2026-05-18-v1-v4/rear/EPnPv2_gt_mesh_z_hybrid_labels/3910521630531_0.json,/media/hdd2/ARCL_multicar_bags/camera_dataset/2026-05-18-v1-v4/rear/EPnPv2_gt_mesh_z_hybrid_labels/3910521630531_0.json,T_map_object_raw,T_camera_object_centered,8607.773805815052,176.8987536013648,34.930461134751035
image_3910521630531,1,1987,2172,0.1015625,/media/hdd2/ARCL_multicar_bags/camera_dataset/2026-05-18-v1-v4/rear/EPnPv2_gt_mesh_z_hybrid_labels/3910521630531_1.json,/media/hdd2/ARCL_multicar_bags/camera_dataset/2026-05-18-v1-v4/rear/EPnPv2_gt_mesh_z_hybrid_labels/3910521630531_1.json,T_map_object_raw,T_camera_object_centered,8607.773805815052,176.8987536013648,34.930461134751035
image_3913822614200,1,2016,2298,0.14453125,/media/hdd2/ARCL_multicar_bags/camera_dataset/2026-05-18-v1-v4/rear/EPnPv2_gt_mesh_z_hybrid_labels/3913822614200_0.json,/media/hdd2/ARCL_multicar_bags/camera_dataset/2026-05-18-v1-v4/rear/EPnPv2_gt_mesh_z_hybrid_labels/3913822614200_0.json,T_map_object_raw,T_camera_object_centered,2306.2138029666644,177.3179919790951,4.184936984090261
image_3913922719801,1,2017,2302,0.12890625,/media/hdd2/ARCL_multicar_bags/camera_dataset/2026-05-18-v1-v4/rear/EPnPv2_gt_mesh_z_hybrid_labels/3913922719801_0.json,/media/hdd2/ARCL_multicar_bags/camera_dataset/2026-05-18-v1-v4/rear/EPnPv2_gt_mesh_z_hybrid_labels/3913922719801_0.json,T_map_object_raw,T_camera_object_centered,4969.825311065998,177.3405011767642,12.382996426451376
image_3914121769641,1,2018,2305,0.1328125,/media/hdd2/ARCL_multicar_bags/camera_dataset/2026-05-18-v1-v4/rear/EPnPv2_gt_mesh_z_hybrid_labels/3914121769641_0.json,/media/hdd2/ARCL_multicar_bags/camera_dataset/2026-05-18-v1-v4/rear/EPnPv2_gt_mesh_z_hybrid_labels/3914121769641_0.json,T_map_object_raw,T_camera_object_centered,5076.733669334373,176.3409555826497,14.298652628845149
image_3914225214320,1,2019,2308,0.1484375,/media/hdd2/ARCL_multicar_bags/camera_dataset/2026-05-18-v1-v4/rear/EPnPv2_gt_mesh_z_hybrid_labels/3914225214320_0.json,/media/hdd2/ARCL_multicar_bags/camera_dataset/2026-05-18-v1-v4/rear/EPnPv2_gt_mesh_z_hybrid_labels/3914225214320_0.json,T_map_object_raw,T_camera_object_centered,6414.111783008504,175.24304210214774,3.1656408585717863
image_3914322425925,1,2020,2312,0.12890625,/media/hdd2/ARCL_multicar_bags/camera_dataset/2026-05-18-v1-v4/rear/EPnPv2_gt_mesh_z_hybrid_labels/3914322425925_0.json,/media/hdd2/ARCL_multicar_bags/camera_dataset/2026-05-18-v1-v4/rear/EPnPv2_gt_mesh_z_hybrid_labels/3914322425925_0.json,T_map_object_raw,T_camera_object_centered,3680.618021604029,174.55856251590683,7.542708052497328
image_3914322425925,1,2020,2312,0.12890625,/media/hdd2/ARCL_multicar_bags/camera_dataset/2026-05-18-v1-v4/rear/EPnPv2_gt_mesh_z_hybrid_labels/3914322425925_1.json,/media/hdd2/ARCL_multicar_bags/camera_dataset/2026-05-18-v1-v4/rear/EPnPv2_gt_mesh_z_hybrid_labels/3914322425925_1.json,T_map_object_raw,T_camera_object_centered,3680.618021604029,174.55856251590683,7.542708052497328
image_3914435766279,1,2021,2315,0.13671875,/media/hdd2/ARCL_multicar_bags/camera_dataset/2026-05-18-v1-v4/rear/EPnPv2_gt_mesh_z_hybrid_labels/3914435766279_0.json,/media/hdd2/ARCL_multicar_bags/camera_dataset/2026-05-18-v1-v4/rear/EPnPv2_gt_mesh_z_hybrid_labels/3914435766279_0.json,T_map_object_raw,T_camera_object_centered,7008.764500170431,174.67452830005652,12.132117363204186
image_3914435766279,1,2021,2315,0.13671875,/media/hdd2/ARCL_multicar_bags/camera_dataset/2026-05-18-v1-v4/rear/EPnPv2_gt_mesh_z_hybrid_labels/3914435766279_1.json,/media/hdd2/ARCL_multicar_bags/camera_dataset/2026-05-18-v1-v4/rear/EPnPv2_gt_mesh_z_hybrid_labels/3914435766279_1.json,T_map_object_raw,T_camera_object_centered,7008.764500170431,174.67452830005652,12.132117363204186
image_3914522962039,1,2022,2318,0.12890625,/media/hdd2/ARCL_multicar_bags/camera_dataset/2026-05-18-v1-v4/rear/EPnPv2_gt_mesh_z_hybrid_labels/3914522962039_0.json,/media/hdd2/ARCL_multicar_bags/camera_dataset/2026-05-18-v1-v4/rear/EPnPv2_gt_mesh_z_hybrid_labels/3914522962039_0.json,T_map_object_raw,T_camera_object_centered,5965.8296327630915,173.54960529634675,4.399057403459276
image_3916124488554,1,2036,2368,0.12890625,/media/hdd2/ARCL_multicar_bags/camera_dataset/2026-05-18-v1-v4/rear/EPnPv2_gt_mesh_z_hybrid_labels/3916124488554_0.json,/media/hdd2/ARCL_multicar_bags/camera_dataset/2026-05-18-v1-v4/rear/EPnPv2_gt_mesh_z_hybrid_labels/3916124488554_0.json,T_map_object_raw,T_camera_object_centered,6691.62403051691,163.70885032176594,3.7573948552937426
image_3916222987798,1,2037,2371,0.1015625,/media/hdd2/ARCL_multicar_bags/camera_dataset/2026-05-18-v1-v4/rear/EPnPv2_gt_mesh_z_hybrid_labels/3916222987798_0.json,/media/hdd2/ARCL_multicar_bags/camera_dataset/2026-05-18-v1-v4/rear/EPnPv2_gt_mesh_z_hybrid_labels/3916222987798_0.json,T_map_object_raw,T_camera_object_centered,3341.234351838592,163.5988286781856,1.1747795141548023
image_3916222987798,1,2037,2371,0.1015625,/media/hdd2/ARCL_multicar_bags/camera_dataset/2026-05-18-v1-v4/rear/EPnPv2_gt_mesh_z_hybrid_labels/3916222987798_1.json,/media/hdd2/ARCL_multicar_bags/camera_dataset/2026-05-18-v1-v4/rear/EPnPv2_gt_mesh_z_hybrid_labels/3916222987798_1.json,T_map_object_raw,T_camera_object_centered,3341.234351838592,163.5988286781856,1.1747795141548023
image_3916324369946,1,2038,2374,0.1640625,/media/hdd2/ARCL_multicar_bags/camera_dataset/2026-05-18-v1-v4/rear/EPnPv2_gt_mesh_z_hybrid_labels/3916324369946_0.json,/media/hdd2/ARCL_multicar_bags/camera_dataset/2026-05-18-v1-v4/rear/EPnPv2_gt_mesh_z_hybrid_labels/3916324369946_0.json,T_map_object_raw,T_camera_object_centered,4871.081049495663,163.25055818057766,2.1255010809911195
image_3916324369946,1,2038,2374,0.1640625,/media/hdd2/ARCL_multicar_bags/camera_dataset/2026-05-18-v1-v4/rear/EPnPv2_gt_mesh_z_hybrid_labels/3916324369946_1.json,/media/hdd2/ARCL_multicar_bags/camera_dataset/2026-05-18-v1-v4/rear/EPnPv2_gt_mesh_z_hybrid_labels/3916324369946_1.json,T_map_object_raw,T_camera_object_centered,4871.081049495663,163.25055818057766,2.1255010809911195
image_3916921189465,1,2043,2391,0.1484375,/media/hdd2/ARCL_multicar_bags/camera_dataset/2026-05-18-v1-v4/rear/EPnPv2_gt_mesh_z_hybrid_labels/3916921189465_0.json,/media/hdd2/ARCL_multicar_bags/camera_dataset/2026-05-18-v1-v4/rear/EPnPv2_gt_mesh_z_hybrid_labels/3916921189465_0.json,T_map_object_raw,T_camera_object_centered,6643.557662717375,164.11875882783488,5.188943519004124
image_3917021691599,1,2044,2395,0.140625,/media/hdd2/ARCL_multicar_bags/camera_dataset/2026-05-18-v1-v4/rear/EPnPv2_gt_mesh_z_hybrid_labels/3917021691599_0.json,/media/hdd2/ARCL_multicar_bags/camera_dataset/2026-05-18-v1-v4/rear/EPnPv2_gt_mesh_z_hybrid_labels/3917021691599_0.json,T_map_object_raw,T_camera_object_centered,4471.662607119518,164.58100634768726,0.11766933780523067
image_3917224067170,1,2046,2404,0.13671875,/media/hdd2/ARCL_multicar_bags/camera_dataset/2026-05-18-v1-v4/rear/EPnPv2_gt_mesh_z_hybrid_labels/3917224067170_0.json,/media/hdd2/ARCL_multicar_bags/camera_dataset/2026-05-18-v1-v4/rear/EPnPv2_gt_mesh_z_hybrid_labels/3917224067170_0.json,T_map_object_raw,T_camera_object_centered,5574.217233800972,164.96210513830218,6.730665545497068
image_3917421539270,1,2048,2410,0.1484375,/media/hdd2/ARCL_multicar_bags/camera_dataset/2026-05-18-v1-v4/rear/EPnPv2_gt_mesh_z_hybrid_labels/3917421539270_0.json,/media/hdd2/ARCL_multicar_bags/camera_dataset/2026-05-18-v1-v4/rear/EPnPv2_gt_mesh_z_hybrid_labels/3917421539270_0.json,T_map_object_raw,T_camera_object_centered,5626.268699158231,165.66071000538838,7.174621761601255
image_3917521403368,1,2049,2413,0.15625,/media/hdd2/ARCL_multicar_bags/camera_dataset/2026-05-18-v1-v4/rear/EPnPv2_gt_mesh_z_hybrid_labels/3917521403368_0.json,/media/hdd2/ARCL_multicar_bags/camera_dataset/2026-05-18-v1-v4/rear/EPnPv2_gt_mesh_z_hybrid_labels/3917521403368_0.json,T_map_object_raw,T_camera_object_centered,5543.826824676376,165.86222767225377,7.239181320364015
image_3917723977028,1,2051,2422,0.15234375,/media/hdd2/ARCL_multicar_bags/camera_dataset/2026-05-18-v1-v4/rear/EPnPv2_gt_mesh_z_hybrid_labels/3917723977028_0.json,/media/hdd2/ARCL_multicar_bags/camera_dataset/2026-05-18-v1-v4/rear/EPnPv2_gt_mesh_z_hybrid_labels/3917723977028_0.json,T_map_object_raw,T_camera_object_centered,5983.653870663347,166.02917897073462,3.929328646574875
image_3917921026128,1,2053,2429,0.13671875,/media/hdd2/ARCL_multicar_bags/camera_dataset/2026-05-18-v1-v4/rear/EPnPv2_gt_mesh_z_hybrid_labels/3917921026128_0.json,/media/hdd2/ARCL_multicar_bags/camera_dataset/2026-05-18-v1-v4/rear/EPnPv2_gt_mesh_z_hybrid_labels/3917921026128_0.json,T_map_object_raw,T_camera_object_centered,5751.2781754279285,166.54785671597253,2.370876145722986
image_3918021642504,1,2054,2433,0.171875,/media/hdd2/ARCL_multicar_bags/camera_dataset/2026-05-18-v1-v4/rear/EPnPv2_gt_mesh_z_hybrid_labels/3918021642504_0.json,/media/hdd2/ARCL_multicar_bags/camera_dataset/2026-05-18-v1-v4/rear/EPnPv2_gt_mesh_z_hybrid_labels/3918021642504_0.json,T_map_object_raw,T_camera_object_centered,3066.4562448475344,167.03907356600737,10.016984163036044
image_3918324867227,1,2056,2443,0.1875,/media/hdd2/ARCL_multicar_bags/camera_dataset/2026-05-18-v1-v4/rear/EPnPv2_gt_mesh_z_hybrid_labels/3918324867227_0.json,/media/hdd2/ARCL_multicar_bags/camera_dataset/2026-05-18-v1-v4/rear/EPnPv2_gt_mesh_z_hybrid_labels/3918324867227_0.json,T_map_object_raw,T_camera_object_centered,4745.402848201504,166.7165477933233,3.184794845561958
image_3918422842351,1,2057,2447,0.1640625,/media/hdd2/ARCL_multicar_bags/camera_dataset/2026-05-18-v1-v4/rear/EPnPv2_gt_mesh_z_hybrid_labels/3918422842351_0.json,/media/hdd2/ARCL_multicar_bags/camera_dataset/2026-05-18-v1-v4/rear/EPnPv2_gt_mesh_z_hybrid_labels/3918422842351_0.json,T_map_object_raw,T_camera_object_centered,4867.176506087926,166.79674564439287,4.729694724586329
image_3918622401197,1,2059,2453,0.16015625,/media/hdd2/ARCL_multicar_bags/camera_dataset/2026-05-18-v1-v4/rear/EPnPv2_gt_mesh_z_hybrid_labels/3918622401197_0.json,/media/hdd2/ARCL_multicar_bags/camera_dataset/2026-05-18-v1-v4/rear/EPnPv2_gt_mesh_z_hybrid_labels/3918622401197_0.json,T_map_object_raw,T_camera_object_centered,4708.087729469874,167.02814009149697,2.156144558379618
image_3918720706606,1,2060,2457,0.1328125,/media/hdd2/ARCL_multicar_bags/camera_dataset/2026-05-18-v1-v4/rear/EPnPv2_gt_mesh_z_hybrid_labels/3918720706606_0.json,/media/hdd2/ARCL_multicar_bags/camera_dataset/2026-05-18-v1-v4/rear/EPnPv2_gt_mesh_z_hybrid_labels/3918720706606_0.json,T_map_object_raw,T_camera_object_centered,7496.4548820236405,167.20747763461296,3.945851632158421
image_3918821074601,1,2061,2460,0.15625,/media/hdd2/ARCL_multicar_bags/camera_dataset/2026-05-18-v1-v4/rear/EPnPv2_gt_mesh_z_hybrid_labels/3918821074601_0.json,/media/hdd2/ARCL_multicar_bags/camera_dataset/2026-05-18-v1-v4/rear/EPnPv2_gt_mesh_z_hybrid_labels/3918821074601_0.json,T_map_object_raw,T_camera_object_centered,3326.494181912974,167.84960875894453,12.075660333686864
image_3918922133349,1,2062,2463,0.1328125,/media/hdd2/ARCL_multicar_bags/camera_dataset/2026-05-18-v1-v4/rear/EPnPv2_gt_mesh_z_hybrid_labels/3918922133349_0.json,/media/hdd2/ARCL_multicar_bags/camera_dataset/2026-05-18-v1-v4/rear/EPnPv2_gt_mesh_z_hybrid_labels/3918922133349_0.json,T_map_object_raw,T_camera_object_centered,2164.5940223719285,167.84601970567095,3.738731865174788
image_3919021403266,1,2063,2466,0.15625,/media/hdd2/ARCL_multicar_bags/camera_dataset/2026-05-18-v1-v4/rear/EPnPv2_gt_mesh_z_hybrid_labels/3919021403266_0.json,/media/hdd2/ARCL_multicar_bags/camera_dataset/2026-05-18-v1-v4/rear/EPnPv2_gt_mesh_z_hybrid_labels/3919021403266_0.json,T_map_object_raw,T_camera_object_centered,5756.381446669493,168.1370451565735,4.786319376586368
image_3919721125616,1,2070,2496,0.15625,/media/hdd2/ARCL_multicar_bags/camera_dataset/2026-05-18-v1-v4/rear/EPnPv2_gt_mesh_z_hybrid_labels/3919721125616_0.json,/media/hdd2/ARCL_multicar_bags/camera_dataset/2026-05-18-v1-v4/rear/EPnPv2_gt_mesh_z_hybrid_labels/3919721125616_0.json,T_map_object_raw,T_camera_object_centered,3851.763051103922,172.18838869416246,7.047463606844082
image_3919820757516,1,2071,2499,0.1484375,/media/hdd2/ARCL_multicar_bags/camera_dataset/2026-05-18-v1-v4/rear/EPnPv2_gt_mesh_z_hybrid_labels/3919820757516_0.json,/media/hdd2/ARCL_multicar_bags/camera_dataset/2026-05-18-v1-v4/rear/EPnPv2_gt_mesh_z_hybrid_labels/3919820757516_0.json,T_map_object_raw,T_camera_object_centered,5375.9268007163655,172.9826799947234,10.749307975783474
image_3925421898521,1,2121,2716,0.12890625,/media/hdd2/ARCL_multicar_bags/camera_dataset/2026-05-18-v1-v4/rear/EPnPv2_gt_mesh_z_hybrid_labels/3925421898521_0.json,/media/hdd2/ARCL_multicar_bags/camera_dataset/2026-05-18-v1-v4/rear/EPnPv2_gt_mesh_z_hybrid_labels/3925421898521_0.json,T_map_object_raw,T_camera_object_centered,7006.9443079315915,166.78784746923543,10.486034048247003
image_3925421898521,1,2121,2716,0.12890625,/media/hdd2/ARCL_multicar_bags/camera_dataset/2026-05-18-v1-v4/rear/EPnPv2_gt_mesh_z_hybrid_labels/3925421898521_1.json,/media/hdd2/ARCL_multicar_bags/camera_dataset/2026-05-18-v1-v4/rear/EPnPv2_gt_mesh_z_hybrid_labels/3925421898521_1.json,T_map_object_raw,T_camera_object_centered,7006.9443079315915,166.78784746923543,10.486034048247003
image_3925521668513,1,2122,2721,0.08984375,/media/hdd2/ARCL_multicar_bags/camera_dataset/2026-05-18-v1-v4/rear/EPnPv2_gt_mesh_z_hybrid_labels/3925521668513_0.json,/media/hdd2/ARCL_multicar_bags/camera_dataset/2026-05-18-v1-v4/rear/EPnPv2_gt_mesh_z_hybrid_labels/3925521668513_0.json,T_map_object_raw,T_camera_object_centered,4910.392772840325,166.07341753636837,14.270400416194887
image_3925521668513,1,2122,2721,0.08984375,/media/hdd2/ARCL_multicar_bags/camera_dataset/2026-05-18-v1-v4/rear/EPnPv2_gt_mesh_z_hybrid_labels/3925521668513_1.json,/media/hdd2/ARCL_multicar_bags/camera_dataset/2026-05-18-v1-v4/rear/EPnPv2_gt_mesh_z_hybrid_labels/3925521668513_1.json,T_map_object_raw,T_camera_object_centered,4910.392772840325,166.07341753636837,14.270400416194887
image_3926023202381,1,2127,2735,0.171875,/media/hdd2/ARCL_multicar_bags/camera_dataset/2026-05-18-v1-v4/rear/EPnPv2_gt_mesh_z_hybrid_labels/3926023202381_0.json,/media/hdd2/ARCL_multicar_bags/camera_dataset/2026-05-18-v1-v4/rear/EPnPv2_gt_mesh_z_hybrid_labels/3926023202381_0.json,T_map_object_raw,T_camera_object_centered,7941.15691753029,162.26394917454513,11.800320957211767
image_3926023202381,1,2127,2735,0.171875,/media/hdd2/ARCL_multicar_bags/camera_dataset/2026-05-18-v1-v4/rear/EPnPv2_gt_mesh_z_hybrid_labels/3926023202381_1.json,/media/hdd2/ARCL_multicar_bags/camera_dataset/2026-05-18-v1-v4/rear/EPnPv2_gt_mesh_z_hybrid_labels/3926023202381_1.json,T_map_object_raw,T_camera_object_centered,7941.15691753029,162.26394917454513,11.800320957211767
image_3926424910732,1,2131,2743,0.14453125,/media/hdd2/ARCL_multicar_bags/camera_dataset/2026-05-18-v1-v4/rear/EPnPv2_gt_mesh_z_hybrid_labels/3926424910732_0.json,/media/hdd2/ARCL_multicar_bags/camera_dataset/2026-05-18-v1-v4/rear/EPnPv2_gt_mesh_z_hybrid_labels/3926424910732_0.json,T_map_object_raw,T_camera_object_centered,7105.207201511277,177.27398470256549,14.578604323168463
image_3926424910732,1,2131,2743,0.14453125,/media/hdd2/ARCL_multicar_bags/camera_dataset/2026-05-18-v1-v4/rear/EPnPv2_gt_mesh_z_hybrid_labels/3926424910732_1.json,/media/hdd2/ARCL_multicar_bags/camera_dataset/2026-05-18-v1-v4/rear/EPnPv2_gt_mesh_z_hybrid_labels/3926424910732_1.json,T_map_object_raw,T_camera_object_centered,7105.207201511277,177.27398470256549,14.578604323168463
image_3926520714624,1,2132,2745,0.1484375,/media/hdd2/ARCL_multicar_bags/camera_dataset/2026-05-18-v1-v4/rear/EPnPv2_gt_mesh_z_hybrid_labels/3926520714624_0.json,/media/hdd2/ARCL_multicar_bags/camera_dataset/2026-05-18-v1-v4/rear/EPnPv2_gt_mesh_z_hybrid_labels/3926520714624_0.json,T_map_object_raw,T_camera_object_centered,2102.3463626538655,176.64499032638912,17.960748806136632
image_3926520714624,1,2132,2745,0.1484375,/media/hdd2/ARCL_multicar_bags/camera_dataset/2026-05-18-v1-v4/rear/EPnPv2_gt_mesh_z_hybrid_labels/3926520714624_1.json,/media/hdd2/ARCL_multicar_bags/camera_dataset/2026-05-18-v1-v4/rear/EPnPv2_gt_mesh_z_hybrid_labels/3926520714624_1.json,T_map_object_raw,T_camera_object_centered,2102.3463626538655,176.64499032638912,17.960748806136632
image_3926622015980,1,2133,2747,0.15234375,/media/hdd2/ARCL_multicar_bags/camera_dataset/2026-05-18-v1-v4/rear/EPnPv2_gt_mesh_z_hybrid_labels/3926622015980_0.json,/media/hdd2/ARCL_multicar_bags/camera_dataset/2026-05-18-v1-v4/rear/EPnPv2_gt_mesh_z_hybrid_labels/3926622015980_0.json,T_map_object_raw,T_camera_object_centered,3684.757960937922,175.8962242365999,14.60933013464205
image_3926622015980,1,2133,2747,0.15234375,/media/hdd2/ARCL_multicar_bags/camera_dataset/2026-05-18-v1-v4/rear/EPnPv2_gt_mesh_z_hybrid_labels/3926622015980_1.json,/media/hdd2/ARCL_multicar_bags/camera_dataset/2026-05-18-v1-v4/rear/EPnPv2_gt_mesh_z_hybrid_labels/3926622015980_1.json,T_map_object_raw,T_camera_object_centered,3684.757960937922,175.8962242365999,14.60933013464205
image_3926720599707,1,2134,2749,0.16015625,/media/hdd2/ARCL_multicar_bags/camera_dataset/2026-05-18-v1-v4/rear/EPnPv2_gt_mesh_z_hybrid_labels/3926720599707_0.json,/media/hdd2/ARCL_multicar_bags/camera_dataset/2026-05-18-v1-v4/rear/EPnPv2_gt_mesh_z_hybrid_labels/3926720599707_0.json,T_map_object_raw,T_camera_object_centered,2839.119082229476,175.1807575946733,15.828493669179757
image_3926720599707,1,2134,2749,0.16015625,/media/hdd2/ARCL_multicar_bags/camera_dataset/2026-05-18-v1-v4/rear/EPnPv2_gt_mesh_z_hybrid_labels/3926720599707_1.json,/media/hdd2/ARCL_multicar_bags/camera_dataset/2026-05-18-v1-v4/rear/EPnPv2_gt_mesh_z_hybrid_labels/3926720599707_1.json,T_map_object_raw,T_camera_object_centered,2839.119082229476,175.1807575946733,15.828493669179757
image_3926922325249,1,2136,2753,0.16796875,/media/hdd2/ARCL_multicar_bags/camera_dataset/2026-05-18-v1-v4/rear/EPnPv2_gt_mesh_z_hybrid_labels/3926922325249_0.json,/media/hdd2/ARCL_multicar_bags/camera_dataset/2026-05-18-v1-v4/rear/EPnPv2_gt_mesh_z_hybrid_labels/3926922325249_0.json,T_map_object_raw,T_camera_object_centered,5289.493449325744,173.53749362604188,15.805767154354212
image_3926922325249,1,2136,2753,0.16796875,/media/hdd2/ARCL_multicar_bags/camera_dataset/2026-05-18-v1-v4/rear/EPnPv2_gt_mesh_z_hybrid_labels/3926922325249_1.json,/media/hdd2/ARCL_multicar_bags/camera_dataset/2026-05-18-v1-v4/rear/EPnPv2_gt_mesh_z_hybrid_labels/3926922325249_1.json,T_map_object_raw,T_camera_object_centered,5289.493449325744,173.53749362604188,15.805767154354212
image_3927120879530,1,2138,2758,0.14453125,/media/hdd2/ARCL_multicar_bags/camera_dataset/2026-05-18-v1-v4/rear/EPnPv2_gt_mesh_z_hybrid_labels/3927120879530_0.json,/media/hdd2/ARCL_multicar_bags/camera_dataset/2026-05-18-v1-v4/rear/EPnPv2_gt_mesh_z_hybrid_labels/3927120879530_0.json,T_map_object_raw,T_camera_object_centered,2980.1763072742147,172.02324130115596,16.78586287626001
image_3927225268574,1,2139,2760,0.171875,/media/hdd2/ARCL_multicar_bags/camera_dataset/2026-05-18-v1-v4/rear/EPnPv2_gt_mesh_z_hybrid_labels/3927225268574_0.json,/media/hdd2/ARCL_multicar_bags/camera_dataset/2026-05-18-v1-v4/rear/EPnPv2_gt_mesh_z_hybrid_labels/3927225268574_0.json,T_map_object_raw,T_camera_object_centered,6870.453553221512,171.2800849716337,16.176079470304096
image_3927225268574,1,2139,2760,0.171875,/media/hdd2/ARCL_multicar_bags/camera_dataset/2026-05-18-v1-v4/rear/EPnPv2_gt_mesh_z_hybrid_labels/3927225268574_1.json,/media/hdd2/ARCL_multicar_bags/camera_dataset/2026-05-18-v1-v4/rear/EPnPv2_gt_mesh_z_hybrid_labels/3927225268574_1.json,T_map_object_raw,T_camera_object_centered,6870.453553221512,171.2800849716337,16.176079470304096
image_3927322829683,1,2140,2762,0.16796875,/media/hdd2/ARCL_multicar_bags/camera_dataset/2026-05-18-v1-v4/rear/EPnPv2_gt_mesh_z_hybrid_labels/3927322829683_0.json,/media/hdd2/ARCL_multicar_bags/camera_dataset/2026-05-18-v1-v4/rear/EPnPv2_gt_mesh_z_hybrid_labels/3927322829683_0.json,T_map_object_raw,T_camera_object_centered,3906.5998613752863,170.72141190640298,13.057580436361066
image_3927422058363,1,2141,2764,0.1796875,/media/hdd2/ARCL_multicar_bags/camera_dataset/2026-05-18-v1-v4/rear/EPnPv2_gt_mesh_z_hybrid_labels/3927422058363_0.json,/media/hdd2/ARCL_multicar_bags/camera_dataset/2026-05-18-v1-v4/rear/EPnPv2_gt_mesh_z_hybrid_labels/3927422058363_0.json,T_map_object_raw,T_camera_object_centered,7303.099654410166,170.13653373066708,16.891296810680192
image_3927521726875,1,2142,2766,0.140625,/media/hdd2/ARCL_multicar_bags/camera_dataset/2026-05-18-v1-v4/rear/EPnPv2_gt_mesh_z_hybrid_labels/3927521726875_0.json,/media/hdd2/ARCL_multicar_bags/camera_dataset/2026-05-18-v1-v4/rear/EPnPv2_gt_mesh_z_hybrid_labels/3927521726875_0.json,T_map_object_raw,T_camera_object_centered,5374.626207188277,169.35124076670266,18.905109824575742
image_3927622916010,1,2143,2768,0.1640625,/media/hdd2/ARCL_multicar_bags/camera_dataset/2026-05-18-v1-v4/rear/EPnPv2_gt_mesh_z_hybrid_labels/3927622916010_0.json,/media/hdd2/ARCL_multicar_bags/camera_dataset/2026-05-18-v1-v4/rear/EPnPv2_gt_mesh_z_hybrid_labels/3927622916010_0.json,T_map_object_raw,T_camera_object_centered,6394.436021561315,169.12813408630117,16.550802715221465
image_3927721971388,1,2144,2770,0.16796875,/media/hdd2/ARCL_multicar_bags/camera_dataset/2026-05-18-v1-v4/rear/EPnPv2_gt_mesh_z_hybrid_labels/3927721971388_0.json,/media/hdd2/ARCL_multicar_bags/camera_dataset/2026-05-18-v1-v4/rear/EPnPv2_gt_mesh_z_hybrid_labels/3927721971388_0.json,T_map_object_raw,T_camera_object_centered,6802.772542343583,168.59322702293352,18.379489866842714
image_3927921640719,1,2146,2773,0.1328125,/media/hdd2/ARCL_multicar_bags/camera_dataset/2026-05-18-v1-v4/rear/EPnPv2_gt_mesh_z_hybrid_labels/3927921640719_0.json,/media/hdd2/ARCL_multicar_bags/camera_dataset/2026-05-18-v1-v4/rear/EPnPv2_gt_mesh_z_hybrid_labels/3927921640719_0.json,T_map_object_raw,T_camera_object_centered,4486.745617650653,167.89981905310782,14.382640416093063
image_3928020889408,1,2147,2776,0.15625,/media/hdd2/ARCL_multicar_bags/camera_dataset/2026-05-18-v1-v4/rear/EPnPv2_gt_mesh_z_hybrid_labels/3928020889408_0.json,/media/hdd2/ARCL_multicar_bags/camera_dataset/2026-05-18-v1-v4/rear/EPnPv2_gt_mesh_z_hybrid_labels/3928020889408_0.json,T_map_object_raw,T_camera_object_centered,6536.4626171289,167.72189279547155,15.175701704198929
image_3928122212144,1,2148,2777,0.1796875,/media/hdd2/ARCL_multicar_bags/camera_dataset/2026-05-18-v1-v4/rear/EPnPv2_gt_mesh_z_hybrid_labels/3928122212144_0.json,/media/hdd2/ARCL_multicar_bags/camera_dataset/2026-05-18-v1-v4/rear/EPnPv2_gt_mesh_z_hybrid_labels/3928122212144_0.json,T_map_object_raw,T_camera_object_centered,5610.826664121342,167.56418249671756,15.404499095818773
image_3929921272139,1,2165,2815,0.171875,/media/hdd2/ARCL_multicar_bags/camera_dataset/2026-05-18-v1-v4/rear/EPnPv2_gt_mesh_z_hybrid_labels/3929921272139_0.json,/media/hdd2/ARCL_multicar_bags/camera_dataset/2026-05-18-v1-v4/rear/EPnPv2_gt_mesh_z_hybrid_labels/3929921272139_0.json,T_map_object_raw,T_camera_object_centered,6036.749556226294,167.1337924387536,18.847995034983406
image_3930120672331,1,2166,2817,0.18359375,/media/hdd2/ARCL_multicar_bags/camera_dataset/2026-05-18-v1-v4/rear/EPnPv2_gt_mesh_z_hybrid_labels/3930120672331_0.json,/media/hdd2/ARCL_multicar_bags/camera_dataset/2026-05-18-v1-v4/rear/EPnPv2_gt_mesh_z_hybrid_labels/3930120672331_0.json,T_map_object_raw,T_camera_object_centered,3122.8897545752966,167.86594349323803,17.1046255436657
image_3930222249095,1,2167,2821,0.16015625,/media/hdd2/ARCL_multicar_bags/camera_dataset/2026-05-18-v1-v4/rear/EPnPv2_gt_mesh_z_hybrid_labels/3930222249095_0.json,/media/hdd2/ARCL_multicar_bags/camera_dataset/2026-05-18-v1-v4/rear/EPnPv2_gt_mesh_z_hybrid_labels/3930222249095_0.json,T_map_object_raw,T_camera_object_centered,5679.620573463819,167.91127605935134,17.740783335145238
image_3930522559051,1,2170,2827,0.16796875,/media/hdd2/ARCL_multicar_bags/camera_dataset/2026-05-18-v1-v4/rear/EPnPv2_gt_mesh_z_hybrid_labels/3930522559051_0.json,/media/hdd2/ARCL_multicar_bags/camera_dataset/2026-05-18-v1-v4/rear/EPnPv2_gt_mesh_z_hybrid_labels/3930522559051_0.json,T_map_object_raw,T_camera_object_centered,5831.8216104058865,168.035407760372,15.501278911049802
image_3930621461677,1,2171,2829,0.1328125,/media/hdd2/ARCL_multicar_bags/camera_dataset/2026-05-18-v1-v4/rear/EPnPv2_gt_mesh_z_hybrid_labels/3930621461677_0.json,/media/hdd2/ARCL_multicar_bags/camera_dataset/2026-05-18-v1-v4/rear/EPnPv2_gt_mesh_z_hybrid_labels/3930621461677_0.json,T_map_object_raw,T_camera_object_centered,3914.8380957468203,167.29478029646637,16.64959849660181
image_3930721253909,1,2172,2831,0.14453125,/media/hdd2/ARCL_multicar_bags/camera_dataset/2026-05-18-v1-v4/rear/EPnPv2_gt_mesh_z_hybrid_labels/3930721253909_0.json,/media/hdd2/ARCL_multicar_bags/camera_dataset/2026-05-18-v1-v4/rear/EPnPv2_gt_mesh_z_hybrid_labels/3930721253909_0.json,T_map_object_raw,T_camera_object_centered,5071.370827904005,167.9722894317627,13.077920724018103
image_3930822952736,1,2173,2833,0.13671875,/media/hdd2/ARCL_multicar_bags/camera_dataset/2026-05-18-v1-v4/rear/EPnPv2_gt_mesh_z_hybrid_labels/3930822952736_0.json,/media/hdd2/ARCL_multicar_bags/camera_dataset/2026-05-18-v1-v4/rear/EPnPv2_gt_mesh_z_hybrid_labels/3930822952736_0.json,T_map_object_raw,T_camera_object_centered,6971.876320755893,167.96055006465204,15.559003483614415
image_3931248072976,1,2177,2844,0.1484375,/media/hdd2/ARCL_multicar_bags/camera_dataset/2026-05-18-v1-v4/rear/EPnPv2_gt_mesh_z_hybrid_labels/3931248072976_0.json,/media/hdd2/ARCL_multicar_bags/camera_dataset/2026-05-18-v1-v4/rear/EPnPv2_gt_mesh_z_hybrid_labels/3931248072976_0.json,T_map_object_raw,T_camera_object_centered,6276.981366890147,168.23462028169465,18.329612486089776
image_3931622023256,1,2181,2852,0.18359375,/media/hdd2/ARCL_multicar_bags/camera_dataset/2026-05-18-v1-v4/rear/EPnPv2_gt_mesh_z_hybrid_labels/3931622023256_0.json,/media/hdd2/ARCL_multicar_bags/camera_dataset/2026-05-18-v1-v4/rear/EPnPv2_gt_mesh_z_hybrid_labels/3931622023256_0.json,T_map_object_raw,T_camera_object_centered,4837.036199134234,167.5777686562547,17.93592485361331
image_3931721430453,1,2182,2854,0.1796875,/media/hdd2/ARCL_multicar_bags/camera_dataset/2026-05-18-v1-v4/rear/EPnPv2_gt_mesh_z_hybrid_labels/3931721430453_0.json,/media/hdd2/ARCL_multicar_bags/camera_dataset/2026-05-18-v1-v4/rear/EPnPv2_gt_mesh_z_hybrid_labels/3931721430453_0.json,T_map_object_raw,T_camera_object_centered,6638.731321357147,168.4881586911939,14.746142639646498
image_3931721430453,1,2182,2854,0.1796875,/media/hdd2/ARCL_multicar_bags/camera_dataset/2026-05-18-v1-v4/rear/EPnPv2_gt_mesh_z_hybrid_labels/3931721430453_1.json,/media/hdd2/ARCL_multicar_bags/camera_dataset/2026-05-18-v1-v4/rear/EPnPv2_gt_mesh_z_hybrid_labels/3931721430453_1.json,T_map_object_raw,T_camera_object_centered,6638.731321357147,168.4881586911939,14.746142639646498
image_3931921735615,1,2184,2858,0.1328125,/media/hdd2/ARCL_multicar_bags/camera_dataset/2026-05-18-v1-v4/rear/EPnPv2_gt_mesh_z_hybrid_labels/3931921735615_0.json,/media/hdd2/ARCL_multicar_bags/camera_dataset/2026-05-18-v1-v4/rear/EPnPv2_gt_mesh_z_hybrid_labels/3931921735615_0.json,T_map_object_raw,T_camera_object_centered,4077.4012997058567,168.44230740920696,16.49375642237282
image_3932021396639,1,2185,2860,0.1484375,/media/hdd2/ARCL_multicar_bags/camera_dataset/2026-05-18-v1-v4/rear/EPnPv2_gt_mesh_z_hybrid_labels/3932021396639_0.json,/media/hdd2/ARCL_multicar_bags/camera_dataset/2026-05-18-v1-v4/rear/EPnPv2_gt_mesh_z_hybrid_labels/3932021396639_0.json,T_map_object_raw,T_camera_object_centered,5790.686569387907,168.5045948621254,15.4134219888711
image_3932121906294,1,2186,2862,0.16015625,/media/hdd2/ARCL_multicar_bags/camera_dataset/2026-05-18-v1-v4/rear/EPnPv2_gt_mesh_z_hybrid_labels/3932121906294_0.json,/media/hdd2/ARCL_multicar_bags/camera_dataset/2026-05-18-v1-v4/rear/EPnPv2_gt_mesh_z_hybrid_labels/3932121906294_0.json,T_map_object_raw,T_camera_object_centered,4160.9211426012125,168.19645146603582,16.12458609111701
image_3932321295198,1,2188,2868,0.1875,/media/hdd2/ARCL_multicar_bags/camera_dataset/2026-05-18-v1-v4/rear/EPnPv2_gt_mesh_z_hybrid_labels/3932321295198_0.json,/media/hdd2/ARCL_multicar_bags/camera_dataset/2026-05-18-v1-v4/rear/EPnPv2_gt_mesh_z_hybrid_labels/3932321295198_0.json,T_map_object_raw,T_camera_object_centered,6370.748294273441,168.23311864892278,13.633236672294737
image_3932522569075,1,2190,2872,0.14453125,/media/hdd2/ARCL_multicar_bags/camera_dataset/2026-05-18-v1-v4/rear/EPnPv2_gt_mesh_z_hybrid_labels/3932522569075_0.json,/media/hdd2/ARCL_multicar_bags/camera_dataset/2026-05-18-v1-v4/rear/EPnPv2_gt_mesh_z_hybrid_labels/3932522569075_0.json,T_map_object_raw,T_camera_object_centered,3608.476472384717,167.39783142601195,16.05828980660208
image_3933021608774,1,2193,2878,0.15625,/media/hdd2/ARCL_multicar_bags/camera_dataset/2026-05-18-v1-v4/rear/EPnPv2_gt_mesh_z_hybrid_labels/3933021608774_0.json,/media/hdd2/ARCL_multicar_bags/camera_dataset/2026-05-18-v1-v4/rear/EPnPv2_gt_mesh_z_hybrid_labels/3933021608774_0.json,T_map_object_raw,T_camera_object_centered,5003.126456143836,167.90849367191873,12.754447685844147
image_3933920998414,1,2200,2893,0.18359375,/media/hdd2/ARCL_multicar_bags/camera_dataset/2026-05-18-v1-v4/rear/EPnPv2_gt_mesh_z_hybrid_labels/3933920998414_0.json,/media/hdd2/ARCL_multicar_bags/camera_dataset/2026-05-18-v1-v4/rear/EPnPv2_gt_mesh_z_hybrid_labels/3933920998414_0.json,T_map_object_raw,T_camera_object_centered,4577.1679752153605,167.56486912496092,13.63197724077072
image_3934121830400,1,2202,2897,0.1484375,/media/hdd2/ARCL_multicar_bags/camera_dataset/2026-05-18-v1-v4/rear/EPnPv2_gt_mesh_z_hybrid_labels/3934121830400_0.json,/media/hdd2/ARCL_multicar_bags/camera_dataset/2026-05-18-v1-v4/rear/EPnPv2_gt_mesh_z_hybrid_labels/3934121830400_0.json,T_map_object_raw,T_camera_object_centered,5355.686368076852,167.51574863455713,14.932825619002655
image_3935321911615,1,2214,2923,0.140625,/media/hdd2/ARCL_multicar_bags/camera_dataset/2026-05-18-v1-v4/rear/EPnPv2_gt_mesh_z_hybrid_labels/3935321911615_0.json,/media/hdd2/ARCL_multicar_bags/camera_dataset/2026-05-18-v1-v4/rear/EPnPv2_gt_mesh_z_hybrid_labels/3935321911615_0.json,T_map_object_raw,T_camera_object_centered,2227.2276981219147,166.8518906434905,13.993096857165067
image_3936020398461,1,2220,2936,0.15234375,/media/hdd2/ARCL_multicar_bags/camera_dataset/2026-05-18-v1-v4/rear/EPnPv2_gt_mesh_z_hybrid_labels/3936020398461_0.json,/media/hdd2/ARCL_multicar_bags/camera_dataset/2026-05-18-v1-v4/rear/EPnPv2_gt_mesh_z_hybrid_labels/3936020398461_0.json,T_map_object_raw,T_camera_object_centered,3652.649041452173,167.8143960592567,11.065042309622969
image_3937522618893,1,2234,2956,0.17578125,/media/hdd2/ARCL_multicar_bags/camera_dataset/2026-05-18-v1-v4/rear/EPnPv2_gt_mesh_z_hybrid_labels/3937522618893_0.json,/media/hdd2/ARCL_multicar_bags/camera_dataset/2026-05-18-v1-v4/rear/EPnPv2_gt_mesh_z_hybrid_labels/3937522618893_0.json,T_map_object_raw,T_camera_object_centered,7263.992271334127,169.95659440042115,9.327294925602454
image_3937821270415,1,2237,2961,0.1640625,/media/hdd2/ARCL_multicar_bags/camera_dataset/2026-05-18-v1-v4/rear/EPnPv2_gt_mesh_z_hybrid_labels/3937821270415_0.json,/media/hdd2/ARCL_multicar_bags/camera_dataset/2026-05-18-v1-v4/rear/EPnPv2_gt_mesh_z_hybrid_labels/3937821270415_0.json,T_map_object_raw,T_camera_object_centered,6012.4097058321095,170.39712426422193,10.63987134622843
image_3937821270415,1,2237,2961,0.1640625,/media/hdd2/ARCL_multicar_bags/camera_dataset/2026-05-18-v1-v4/rear/EPnPv2_gt_mesh_z_hybrid_labels/3937821270415_1.json,/media/hdd2/ARCL_multicar_bags/camera_dataset/2026-05-18-v1-v4/rear/EPnPv2_gt_mesh_z_hybrid_labels/3937821270415_1.json,T_map_object_raw,T_camera_object_centered,6012.4097058321095,170.39712426422193,10.63987134622843
image_3937921371542,1,2238,2962,0.15234375,/media/hdd2/ARCL_multicar_bags/camera_dataset/2026-05-18-v1-v4/rear/EPnPv2_gt_mesh_z_hybrid_labels/3937921371542_0.json,/media/hdd2/ARCL_multicar_bags/camera_dataset/2026-05-18-v1-v4/rear/EPnPv2_gt_mesh_z_hybrid_labels/3937921371542_0.json,T_map_object_raw,T_camera_object_centered,3278.1101465261127,170.68960033197234,12.089428500178196
image_3938021866952,1,2239,2963,0.1796875,/media/hdd2/ARCL_multicar_bags/camera_dataset/2026-05-18-v1-v4/rear/EPnPv2_gt_mesh_z_hybrid_labels/3938021866952_0.json,/media/hdd2/ARCL_multicar_bags/camera_dataset/2026-05-18-v1-v4/rear/EPnPv2_gt_mesh_z_hybrid_labels/3938021866952_0.json,T_map_object_raw,T_camera_object_centered,3354.0830826943775,170.82151254438398,9.273525000091938
image_3938727826607,1,2246,2970,0.140625,/media/hdd2/ARCL_multicar_bags/camera_dataset/2026-05-18-v1-v4/rear/EPnPv2_gt_mesh_z_hybrid_labels/3938727826607_0.json,/media/hdd2/ARCL_multicar_bags/camera_dataset/2026-05-18-v1-v4/rear/EPnPv2_gt_mesh_z_hybrid_labels/3938727826607_0.json,T_map_object_raw,T_camera_object_centered,1123.0567324456317,173.53496227035535,6.60933849869311
image_3941321802949,1,2268,3033,0.1796875,/media/hdd2/ARCL_multicar_bags/camera_dataset/2026-05-18-v1-v4/rear/EPnPv2_gt_mesh_z_hybrid_labels/3941321802949_0.json,/media/hdd2/ARCL_multicar_bags/camera_dataset/2026-05-18-v1-v4/rear/EPnPv2_gt_mesh_z_hybrid_labels/3941321802949_0.json,T_map_object_raw,T_camera_object_centered,2839.822038896375,177.0890772631644,13.383121602385238
image_3941921553259,1,2273,3048,0.15625,/media/hdd2/ARCL_multicar_bags/camera_dataset/2026-05-18-v1-v4/rear/EPnPv2_gt_mesh_z_hybrid_labels/3941921553259_0.json,/media/hdd2/ARCL_multicar_bags/camera_dataset/2026-05-18-v1-v4/rear/EPnPv2_gt_mesh_z_hybrid_labels/3941921553259_0.json,T_map_object_raw,T_camera_object_centered,6074.611876721678,165.7421368627386,6.221725269814963
image_3941921553259,1,2273,3048,0.15625,/media/hdd2/ARCL_multicar_bags/camera_dataset/2026-05-18-v1-v4/rear/EPnPv2_gt_mesh_z_hybrid_labels/3941921553259_1.json,/media/hdd2/ARCL_multicar_bags/camera_dataset/2026-05-18-v1-v4/rear/EPnPv2_gt_mesh_z_hybrid_labels/3941921553259_1.json,T_map_object_raw,T_camera_object_centered,6074.611876721678,165.7421368627386,6.221725269814963
image_3943722964321,1,2289,3086,0.1484375,/media/hdd2/ARCL_multicar_bags/camera_dataset/2026-05-18-v1-v4/rear/EPnPv2_gt_mesh_z_hybrid_labels/3943722964321_0.json,/media/hdd2/ARCL_multicar_bags/camera_dataset/2026-05-18-v1-v4/rear/EPnPv2_gt_mesh_z_hybrid_labels/3943722964321_0.json,T_map_object_raw,T_camera_object_centered,4510.777671043586,166.73297721852995,1.60339676371994
image_3944120982802,1,2293,3094,0.140625,/media/hdd2/ARCL_multicar_bags/camera_dataset/2026-05-18-v1-v4/rear/EPnPv2_gt_mesh_z_hybrid_labels/3944120982802_0.json,/media/hdd2/ARCL_multicar_bags/camera_dataset/2026-05-18-v1-v4/rear/EPnPv2_gt_mesh_z_hybrid_labels/3944120982802_0.json,T_map_object_raw,T_camera_object_centered,6721.2993290701315,166.87324193184028,7.774356252146103
image_3944120982802,1,2293,3094,0.140625,/media/hdd2/ARCL_multicar_bags/camera_dataset/2026-05-18-v1-v4/rear/EPnPv2_gt_mesh_z_hybrid_labels/3944120982802_1.json,/media/hdd2/ARCL_multicar_bags/camera_dataset/2026-05-18-v1-v4/rear/EPnPv2_gt_mesh_z_hybrid_labels/3944120982802_1.json,T_map_object_raw,T_camera_object_centered,6721.2993290701315,166.87324193184028,7.774356252146103
image_3944320923559,1,2295,3098,0.1640625,/media/hdd2/ARCL_multicar_bags/camera_dataset/2026-05-18-v1-v4/rear/EPnPv2_gt_mesh_z_hybrid_labels/3944320923559_0.json,/media/hdd2/ARCL_multicar_bags/camera_dataset/2026-05-18-v1-v4/rear/EPnPv2_gt_mesh_z_hybrid_labels/3944320923559_0.json,T_map_object_raw,T_camera_object_centered,7131.158619535808,174.87498486739167,15.365632469831391
image_3944320923559,1,2295,3098,0.1640625,/media/hdd2/ARCL_multicar_bags/camera_dataset/2026-05-18-v1-v4/rear/EPnPv2_gt_mesh_z_hybrid_labels/3944320923559_1.json,/media/hdd2/ARCL_multicar_bags/camera_dataset/2026-05-18-v1-v4/rear/EPnPv2_gt_mesh_z_hybrid_labels/3944320923559_1.json,T_map_object_raw,T_camera_object_centered,7131.158619535808,174.87498486739167,15.365632469831391
image_3944621804057,1,2297,3103,0.1875,/media/hdd2/ARCL_multicar_bags/camera_dataset/2026-05-18-v1-v4/rear/EPnPv2_gt_mesh_z_hybrid_labels/3944621804057_0.json,/media/hdd2/ARCL_multicar_bags/camera_dataset/2026-05-18-v1-v4/rear/EPnPv2_gt_mesh_z_hybrid_labels/3944621804057_0.json,T_map_object_raw,T_camera_object_centered,7523.573591426557,175.29824574194825,14.356639136499844
image_3944921959646,1,2299,3107,0.15625,/media/hdd2/ARCL_multicar_bags/camera_dataset/2026-05-18-v1-v4/rear/EPnPv2_gt_mesh_z_hybrid_labels/3944921959646_0.json,/media/hdd2/ARCL_multicar_bags/camera_dataset/2026-05-18-v1-v4/rear/EPnPv2_gt_mesh_z_hybrid_labels/3944921959646_0.json,T_map_object_raw,T_camera_object_centered,4211.520793016844,167.2238984148935,7.945987541911944
image_3944921959646,1,2299,3107,0.15625,/media/hdd2/ARCL_multicar_bags/camera_dataset/2026-05-18-v1-v4/rear/EPnPv2_gt_mesh_z_hybrid_labels/3944921959646_1.json,/media/hdd2/ARCL_multicar_bags/camera_dataset/2026-05-18-v1-v4/rear/EPnPv2_gt_mesh_z_hybrid_labels/3944921959646_1.json,T_map_object_raw,T_camera_object_centered,4331.276832814074,167.2257083286518,8.01826041539276
image_3945120971478,1,2300,3109,0.15625,/media/hdd2/ARCL_multicar_bags/camera_dataset/2026-05-18-v1-v4/rear/EPnPv2_gt_mesh_z_hybrid_labels/3945120971478_0.json,/media/hdd2/ARCL_multicar_bags/camera_dataset/2026-05-18-v1-v4/rear/EPnPv2_gt_mesh_z_hybrid_labels/3945120971478_0.json,T_map_object_raw,T_camera_object_centered,5978.082343898903,167.18102775855232,9.365267085713263
image_3945221241114,1,2301,3111,0.16796875,/media/hdd2/ARCL_multicar_bags/camera_dataset/2026-05-18-v1-v4/rear/EPnPv2_gt_mesh_z_hybrid_labels/3945221241114_0.json,/media/hdd2/ARCL_multicar_bags/camera_dataset/2026-05-18-v1-v4/rear/EPnPv2_gt_mesh_z_hybrid_labels/3945221241114_0.json,T_map_object_raw,T_camera_object_centered,4067.176099254144,167.1989141927756,5.350629355138742
image_3945221241114,1,2301,3111,0.16796875,/media/hdd2/ARCL_multicar_bags/camera_dataset/2026-05-18-v1-v4/rear/EPnPv2_gt_mesh_z_hybrid_labels/3945221241114_1.json,/media/hdd2/ARCL_multicar_bags/camera_dataset/2026-05-18-v1-v4/rear/EPnPv2_gt_mesh_z_hybrid_labels/3945221241114_1.json,T_map_object_raw,T_camera_object_centered,4067.176099254144,167.1989141927756,5.350629355138742
image_3945321582156,1,2302,3113,0.15234375,/media/hdd2/ARCL_multicar_bags/camera_dataset/2026-05-18-v1-v4/rear/EPnPv2_gt_mesh_z_hybrid_labels/3945321582156_0.json,/media/hdd2/ARCL_multicar_bags/camera_dataset/2026-05-18-v1-v4/rear/EPnPv2_gt_mesh_z_hybrid_labels/3945321582156_0.json,T_map_object_raw,T_camera_object_centered,3624.419429257389,167.1884989140998,8.290156132885464
image_3945321582156,1,2302,3113,0.15234375,/media/hdd2/ARCL_multicar_bags/camera_dataset/2026-05-18-v1-v4/rear/EPnPv2_gt_mesh_z_hybrid_labels/3945321582156_1.json,/media/hdd2/ARCL_multicar_bags/camera_dataset/2026-05-18-v1-v4/rear/EPnPv2_gt_mesh_z_hybrid_labels/3945321582156_1.json,T_map_object_raw,T_camera_object_centered,3624.419429257389,167.1884989140998,8.290156132885464
image_3945522868492,1,2303,3115,0.1484375,/media/hdd2/ARCL_multicar_bags/camera_dataset/2026-05-18-v1-v4/rear/EPnPv2_gt_mesh_z_hybrid_labels/3945522868492_0.json,/media/hdd2/ARCL_multicar_bags/camera_dataset/2026-05-18-v1-v4/rear/EPnPv2_gt_mesh_z_hybrid_labels/3945522868492_0.json,T_map_object_raw,T_camera_object_centered,5122.172347696438,167.14421693366484,9.193641853433537
image_3945522868492,1,2303,3115,0.1484375,/media/hdd2/ARCL_multicar_bags/camera_dataset/2026-05-18-v1-v4/rear/EPnPv2_gt_mesh_z_hybrid_labels/3945522868492_1.json,/media/hdd2/ARCL_multicar_bags/camera_dataset/2026-05-18-v1-v4/rear/EPnPv2_gt_mesh_z_hybrid_labels/3945522868492_1.json,T_map_object_raw,T_camera_object_centered,5122.172347696438,167.14421693366484,9.193641853433537
image_3945631754780,1,2304,3117,0.1796875,/media/hdd2/ARCL_multicar_bags/camera_dataset/2026-05-18-v1-v4/rear/EPnPv2_gt_mesh_z_hybrid_labels/3945631754780_0.json,/media/hdd2/ARCL_multicar_bags/camera_dataset/2026-05-18-v1-v4/rear/EPnPv2_gt_mesh_z_hybrid_labels/3945631754780_0.json,T_map_object_raw,T_camera_object_centered,4959.382083858307,167.07377855945916,9.112614035437103
image_3945720617188,1,2305,3119,0.17578125,/media/hdd2/ARCL_multicar_bags/camera_dataset/2026-05-18-v1-v4/rear/EPnPv2_gt_mesh_z_hybrid_labels/3945720617188_0.json,/media/hdd2/ARCL_multicar_bags/camera_dataset/2026-05-18-v1-v4/rear/EPnPv2_gt_mesh_z_hybrid_labels/3945720617188_0.json,T_map_object_raw,T_camera_object_centered,4404.307865025264,175.88531988982402,12.15823344299077
image_3945720617188,1,2305,3119,0.17578125,/media/hdd2/ARCL_multicar_bags/camera_dataset/2026-05-18-v1-v4/rear/EPnPv2_gt_mesh_z_hybrid_labels/3945720617188_1.json,/media/hdd2/ARCL_multicar_bags/camera_dataset/2026-05-18-v1-v4/rear/EPnPv2_gt_mesh_z_hybrid_labels/3945720617188_1.json,T_map_object_raw,T_camera_object_centered,4404.307865025264,175.88531988982402,12.15823344299077
image_3945820563772,1,2306,3121,0.16796875,/media/hdd2/ARCL_multicar_bags/camera_dataset/2026-05-18-v1-v4/rear/EPnPv2_gt_mesh_z_hybrid_labels/3945820563772_0.json,/media/hdd2/ARCL_multicar_bags/camera_dataset/2026-05-18-v1-v4/rear/EPnPv2_gt_mesh_z_hybrid_labels/3945820563772_0.json,T_map_object_raw,T_camera_object_centered,6304.589013615083,175.83821388906884,21.492250763986615
image_3945820563772,1,2306,3121,0.16796875,/media/hdd2/ARCL_multicar_bags/camera_dataset/2026-05-18-v1-v4/rear/EPnPv2_gt_mesh_z_hybrid_labels/3945820563772_1.json,/media/hdd2/ARCL_multicar_bags/camera_dataset/2026-05-18-v1-v4/rear/EPnPv2_gt_mesh_z_hybrid_labels/3945820563772_1.json,T_map_object_raw,T_camera_object_centered,6304.589013615083,175.83821388906884,21.492250763986615
image_3945935753121,1,2307,3125,0.1796875,/media/hdd2/ARCL_multicar_bags/camera_dataset/2026-05-18-v1-v4/rear/EPnPv2_gt_mesh_z_hybrid_labels/3945935753121_0.json,/media/hdd2/ARCL_multicar_bags/camera_dataset/2026-05-18-v1-v4/rear/EPnPv2_gt_mesh_z_hybrid_labels/3945935753121_0.json,T_map_object_raw,T_camera_object_centered,3828.72444510629,166.98972459561625,7.205044338802446
image_3945935753121,1,2307,3125,0.1796875,/media/hdd2/ARCL_multicar_bags/camera_dataset/2026-05-18-v1-v4/rear/EPnPv2_gt_mesh_z_hybrid_labels/3945935753121_1.json,/media/hdd2/ARCL_multicar_bags/camera_dataset/2026-05-18-v1-v4/rear/EPnPv2_gt_mesh_z_hybrid_labels/3945935753121_1.json,T_map_object_raw,T_camera_object_centered,3828.72444510629,166.98972459561625,7.205044338802446
image_3946021415215,1,2308,3127,0.171875,/media/hdd2/ARCL_multicar_bags/camera_dataset/2026-05-18-v1-v4/rear/EPnPv2_gt_mesh_z_hybrid_labels/3946021415215_0.json,/media/hdd2/ARCL_multicar_bags/camera_dataset/2026-05-18-v1-v4/rear/EPnPv2_gt_mesh_z_hybrid_labels/3946021415215_0.json,T_map_object_raw,T_camera_object_centered,7427.680350148573,175.90656304873337,13.733122579934498
image_3946121882177,1,2309,3129,0.1640625,/media/hdd2/ARCL_multicar_bags/camera_dataset/2026-05-18-v1-v4/rear/EPnPv2_gt_mesh_z_hybrid_labels/3946121882177_0.json,/media/hdd2/ARCL_multicar_bags/camera_dataset/2026-05-18-v1-v4/rear/EPnPv2_gt_mesh_z_hybrid_labels/3946121882177_0.json,T_map_object_raw,T_camera_object_centered,7445.922949429828,175.87819351865517,17.283905172808232
image_3946121882177,1,2309,3129,0.1640625,/media/hdd2/ARCL_multicar_bags/camera_dataset/2026-05-18-v1-v4/rear/EPnPv2_gt_mesh_z_hybrid_labels/3946121882177_1.json,/media/hdd2/ARCL_multicar_bags/camera_dataset/2026-05-18-v1-v4/rear/EPnPv2_gt_mesh_z_hybrid_labels/3946121882177_1.json,T_map_object_raw,T_camera_object_centered,7445.922949429828,175.87819351865517,17.283905172808232
image_3946320632485,1,2310,3131,0.1484375,/media/hdd2/ARCL_multicar_bags/camera_dataset/2026-05-18-v1-v4/rear/EPnPv2_gt_mesh_z_hybrid_labels/3946320632485_0.json,/media/hdd2/ARCL_multicar_bags/camera_dataset/2026-05-18-v1-v4/rear/EPnPv2_gt_mesh_z_hybrid_labels/3946320632485_0.json,T_map_object_raw,T_camera_object_centered,5858.789599785535,167.07155838857335,2.6917747576193367
image_3946320632485,1,2310,3131,0.1484375,/media/hdd2/ARCL_multicar_bags/camera_dataset/2026-05-18-v1-v4/rear/EPnPv2_gt_mesh_z_hybrid_labels/3946320632485_1.json,/media/hdd2/ARCL_multicar_bags/camera_dataset/2026-05-18-v1-v4/rear/EPnPv2_gt_mesh_z_hybrid_labels/3946320632485_1.json,T_map_object_raw,T_camera_object_centered,5858.789599785535,167.07155838857335,2.6917747576193367
image_3946423098634,1,2311,3133,0.16015625,/media/hdd2/ARCL_multicar_bags/camera_dataset/2026-05-18-v1-v4/rear/EPnPv2_gt_mesh_z_hybrid_labels/3946423098634_0.json,/media/hdd2/ARCL_multicar_bags/camera_dataset/2026-05-18-v1-v4/rear/EPnPv2_gt_mesh_z_hybrid_labels/3946423098634_0.json,T_map_object_raw,T_camera_object_centered,8368.731908485068,174.62697274871064,14.314041361581895
image_3946521887081,1,2312,3135,0.15625,/media/hdd2/ARCL_multicar_bags/camera_dataset/2026-05-18-v1-v4/rear/EPnPv2_gt_mesh_z_hybrid_labels/3946521887081_0.json,/media/hdd2/ARCL_multicar_bags/camera_dataset/2026-05-18-v1-v4/rear/EPnPv2_gt_mesh_z_hybrid_labels/3946521887081_0.json,T_map_object_raw,T_camera_object_centered,6263.013399731461,167.1960583623278,10.72387860437899
image_3946521887081,1,2312,3135,0.15625,/media/hdd2/ARCL_multicar_bags/camera_dataset/2026-05-18-v1-v4/rear/EPnPv2_gt_mesh_z_hybrid_labels/3946521887081_1.json,/media/hdd2/ARCL_multicar_bags/camera_dataset/2026-05-18-v1-v4/rear/EPnPv2_gt_mesh_z_hybrid_labels/3946521887081_1.json,T_map_object_raw,T_camera_object_centered,6263.013399731461,167.1960583623278,10.72387860437899
image_3946621929050,1,2313,3137,0.18359375,/media/hdd2/ARCL_multicar_bags/camera_dataset/2026-05-18-v1-v4/rear/EPnPv2_gt_mesh_z_hybrid_labels/3946621929050_0.json,/media/hdd2/ARCL_multicar_bags/camera_dataset/2026-05-18-v1-v4/rear/EPnPv2_gt_mesh_z_hybrid_labels/3946621929050_0.json,T_map_object_raw,T_camera_object_centered,3431.4963470699035,167.21184745171445,5.425498289593563
image_3946621929050,1,2313,3137,0.18359375,/media/hdd2/ARCL_multicar_bags/camera_dataset/2026-05-18-v1-v4/rear/EPnPv2_gt_mesh_z_hybrid_labels/3946621929050_1.json,/media/hdd2/ARCL_multicar_bags/camera_dataset/2026-05-18-v1-v4/rear/EPnPv2_gt_mesh_z_hybrid_labels/3946621929050_1.json,T_map_object_raw,T_camera_object_centered,3431.4963470699035,167.21184745171445,5.425498289593563
image_3946921297421,1,2315,3141,0.15625,/media/hdd2/ARCL_multicar_bags/camera_dataset/2026-05-18-v1-v4/rear/EPnPv2_gt_mesh_z_hybrid_labels/3946921297421_0.json,/media/hdd2/ARCL_multicar_bags/camera_dataset/2026-05-18-v1-v4/rear/EPnPv2_gt_mesh_z_hybrid_labels/3946921297421_0.json,T_map_object_raw,T_camera_object_centered,6533.965759077741,174.7030169882609,17.77777657468093
image_3946921297421,1,2315,3141,0.15625,/media/hdd2/ARCL_multicar_bags/camera_dataset/2026-05-18-v1-v4/rear/EPnPv2_gt_mesh_z_hybrid_labels/3946921297421_1.json,/media/hdd2/ARCL_multicar_bags/camera_dataset/2026-05-18-v1-v4/rear/EPnPv2_gt_mesh_z_hybrid_labels/3946921297421_1.json,T_map_object_raw,T_camera_object_centered,6533.965759077741,174.7030169882609,17.77777657468093
image_3947021266132,1,2316,3143,0.19140625,/media/hdd2/ARCL_multicar_bags/camera_dataset/2026-05-18-v1-v4/rear/EPnPv2_gt_mesh_z_hybrid_labels/3947021266132_0.json,/media/hdd2/ARCL_multicar_bags/camera_dataset/2026-05-18-v1-v4/rear/EPnPv2_gt_mesh_z_hybrid_labels/3947021266132_0.json,T_map_object_raw,T_camera_object_centered,7743.1502468546505,176.23415499456473,22.44835105121415
image_3947021266132,1,2316,3143,0.19140625,/media/hdd2/ARCL_multicar_bags/camera_dataset/2026-05-18-v1-v4/rear/EPnPv2_gt_mesh_z_hybrid_labels/3947021266132_1.json,/media/hdd2/ARCL_multicar_bags/camera_dataset/2026-05-18-v1-v4/rear/EPnPv2_gt_mesh_z_hybrid_labels/3947021266132_1.json,T_map_object_raw,T_camera_object_centered,7743.1502468546505,176.23415499456473,22.44835105121415
image_3947130059972,1,2317,3146,0.140625,/media/hdd2/ARCL_multicar_bags/camera_dataset/2026-05-18-v1-v4/rear/EPnPv2_gt_mesh_z_hybrid_labels/3947130059972_0.json,/media/hdd2/ARCL_multicar_bags/camera_dataset/2026-05-18-v1-v4/rear/EPnPv2_gt_mesh_z_hybrid_labels/3947130059972_0.json,T_map_object_raw,T_camera_object_centered,8763.286790393142,176.1863491444038,14.801328767870336
image_3947130059972,1,2317,3146,0.140625,/media/hdd2/ARCL_multicar_bags/camera_dataset/2026-05-18-v1-v4/rear/EPnPv2_gt_mesh_z_hybrid_labels/3947130059972_1.json,/media/hdd2/ARCL_multicar_bags/camera_dataset/2026-05-18-v1-v4/rear/EPnPv2_gt_mesh_z_hybrid_labels/3947130059972_1.json,T_map_object_raw,T_camera_object_centered,8763.286790393142,176.1863491444038,14.801328767870336
image_3947220705491,1,2318,3148,0.1640625,/media/hdd2/ARCL_multicar_bags/camera_dataset/2026-05-18-v1-v4/rear/EPnPv2_gt_mesh_z_hybrid_labels/3947220705491_0.json,/media/hdd2/ARCL_multicar_bags/camera_dataset/2026-05-18-v1-v4/rear/EPnPv2_gt_mesh_z_hybrid_labels/3947220705491_0.json,T_map_object_raw,T_camera_object_centered,6500.852153164048,167.30044962505124,8.77887842347204
image_3947220705491,1,2318,3148,0.1640625,/media/hdd2/ARCL_multicar_bags/camera_dataset/2026-05-18-v1-v4/rear/EPnPv2_gt_mesh_z_hybrid_labels/3947220705491_1.json,/media/hdd2/ARCL_multicar_bags/camera_dataset/2026-05-18-v1-v4/rear/EPnPv2_gt_mesh_z_hybrid_labels/3947220705491_1.json,T_map_object_raw,T_camera_object_centered,6500.852153164048,167.30044962505124,8.77887842347204
image_3947321761559,1,2319,3150,0.16796875,/media/hdd2/ARCL_multicar_bags/camera_dataset/2026-05-18-v1-v4/rear/EPnPv2_gt_mesh_z_hybrid_labels/3947321761559_0.json,/media/hdd2/ARCL_multicar_bags/camera_dataset/2026-05-18-v1-v4/rear/EPnPv2_gt_mesh_z_hybrid_labels/3947321761559_0.json,T_map_object_raw,T_camera_object_centered,4530.630287632984,167.32820961508057,8.688166408280495
image_3947421333388,1,2320,3153,0.07421875,/media/hdd2/ARCL_multicar_bags/camera_dataset/2026-05-18-v1-v4/rear/EPnPv2_gt_mesh_z_hybrid_labels/3947421333388_0.json,/media/hdd2/ARCL_multicar_bags/camera_dataset/2026-05-18-v1-v4/rear/EPnPv2_gt_mesh_z_hybrid_labels/3947421333388_0.json,T_map_object_raw,T_camera_object_centered,6631.541560740155,167.14868535734098,6.0138646866954195
image_3947421333388,1,2320,3153,0.07421875,/media/hdd2/ARCL_multicar_bags/camera_dataset/2026-05-18-v1-v4/rear/EPnPv2_gt_mesh_z_hybrid_labels/3947421333388_1.json,/media/hdd2/ARCL_multicar_bags/camera_dataset/2026-05-18-v1-v4/rear/EPnPv2_gt_mesh_z_hybrid_labels/3947421333388_1.json,T_map_object_raw,T_camera_object_centered,6631.541560740155,167.14868535734098,6.0138646866954195
image_3948021154824,1,2326,3164,0.1171875,/media/hdd2/ARCL_multicar_bags/camera_dataset/2026-05-18-v1-v4/rear/EPnPv2_gt_mesh_z_hybrid_labels/3948021154824_0.json,/media/hdd2/ARCL_multicar_bags/camera_dataset/2026-05-18-v1-v4/rear/EPnPv2_gt_mesh_z_hybrid_labels/3948021154824_0.json,T_map_object_raw,T_camera_object_centered,8318.824216910367,174.88252745818428,21.033784235099258
image_3948021154824,1,2326,3164,0.1171875,/media/hdd2/ARCL_multicar_bags/camera_dataset/2026-05-18-v1-v4/rear/EPnPv2_gt_mesh_z_hybrid_labels/3948021154824_1.json,/media/hdd2/ARCL_multicar_bags/camera_dataset/2026-05-18-v1-v4/rear/EPnPv2_gt_mesh_z_hybrid_labels/3948021154824_1.json,T_map_object_raw,T_camera_object_centered,8318.824216910367,174.88252745818428,21.033784235099258
image_3948120909416,1,2327,3168,0.140625,/media/hdd2/ARCL_multicar_bags/camera_dataset/2026-05-18-v1-v4/rear/EPnPv2_gt_mesh_z_hybrid_labels/3948120909416_0.json,/media/hdd2/ARCL_multicar_bags/camera_dataset/2026-05-18-v1-v4/rear/EPnPv2_gt_mesh_z_hybrid_labels/3948120909416_0.json,T_map_object_raw,T_camera_object_centered,7893.267838274697,166.7809242153949,4.9700058171864345
image_3948120909416,1,2327,3168,0.140625,/media/hdd2/ARCL_multicar_bags/camera_dataset/2026-05-18-v1-v4/rear/EPnPv2_gt_mesh_z_hybrid_labels/3948120909416_1.json,/media/hdd2/ARCL_multicar_bags/camera_dataset/2026-05-18-v1-v4/rear/EPnPv2_gt_mesh_z_hybrid_labels/3948120909416_1.json,T_map_object_raw,T_camera_object_centered,7893.267838274697,166.7809242153949,4.9700058171864345
image_3948322591973,1,2329,3172,0.1328125,/media/hdd2/ARCL_multicar_bags/camera_dataset/2026-05-18-v1-v4/rear/EPnPv2_gt_mesh_z_hybrid_labels/3948322591973_0.json,/media/hdd2/ARCL_multicar_bags/camera_dataset/2026-05-18-v1-v4/rear/EPnPv2_gt_mesh_z_hybrid_labels/3948322591973_0.json,T_map_object_raw,T_camera_object_centered,8332.90442927346,166.75736091483543,6.153781998045152
image_3948322591973,1,2329,3172,0.1328125,/media/hdd2/ARCL_multicar_bags/camera_dataset/2026-05-18-v1-v4/rear/EPnPv2_gt_mesh_z_hybrid_labels/3948322591973_1.json,/media/hdd2/ARCL_multicar_bags/camera_dataset/2026-05-18-v1-v4/rear/EPnPv2_gt_mesh_z_hybrid_labels/3948322591973_1.json,T_map_object_raw,T_camera_object_centered,8332.90442927346,166.75736091483543,6.153781998045152
image_3948621103031,1,2331,3176,0.1875,/media/hdd2/ARCL_multicar_bags/camera_dataset/2026-05-18-v1-v4/rear/EPnPv2_gt_mesh_z_hybrid_labels/3948621103031_0.json,/media/hdd2/ARCL_multicar_bags/camera_dataset/2026-05-18-v1-v4/rear/EPnPv2_gt_mesh_z_hybrid_labels/3948621103031_0.json,T_map_object_raw,T_camera_object_centered,6306.967561525041,175.35026715848193,19.123930960850135
image_3948723440055,1,2332,3178,0.15234375,/media/hdd2/ARCL_multicar_bags/camera_dataset/2026-05-18-v1-v4/rear/EPnPv2_gt_mesh_z_hybrid_labels/3948723440055_0.json,/media/hdd2/ARCL_multicar_bags/camera_dataset/2026-05-18-v1-v4/rear/EPnPv2_gt_mesh_z_hybrid_labels/3948723440055_0.json,T_map_object_raw,T_camera_object_centered,4388.723878165657,166.44868710698444,9.058169714596476
image_3948723440055,1,2332,3178,0.15234375,/media/hdd2/ARCL_multicar_bags/camera_dataset/2026-05-18-v1-v4/rear/EPnPv2_gt_mesh_z_hybrid_labels/3948723440055_1.json,/media/hdd2/ARCL_multicar_bags/camera_dataset/2026-05-18-v1-v4/rear/EPnPv2_gt_mesh_z_hybrid_labels/3948723440055_1.json,T_map_object_raw,T_camera_object_centered,4388.723878165657,166.44868710698444,9.058169714596476
image_3948820314628,1,2333,3180,0.17578125,/media/hdd2/ARCL_multicar_bags/camera_dataset/2026-05-18-v1-v4/rear/EPnPv2_gt_mesh_z_hybrid_labels/3948820314628_0.json,/media/hdd2/ARCL_multicar_bags/camera_dataset/2026-05-18-v1-v4/rear/EPnPv2_gt_mesh_z_hybrid_labels/3948820314628_0.json,T_map_object_raw,T_camera_object_centered,6476.301588245159,174.6688282821442,16.26842289178489
image_3948820314628,1,2333,3180,0.17578125,/media/hdd2/ARCL_multicar_bags/camera_dataset/2026-05-18-v1-v4/rear/EPnPv2_gt_mesh_z_hybrid_labels/3948820314628_1.json,/media/hdd2/ARCL_multicar_bags/camera_dataset/2026-05-18-v1-v4/rear/EPnPv2_gt_mesh_z_hybrid_labels/3948820314628_1.json,T_map_object_raw,T_camera_object_centered,6476.301588245159,174.6688282821442,16.26842289178489
image_3948923176809,1,2334,3182,0.16015625,/media/hdd2/ARCL_multicar_bags/camera_dataset/2026-05-18-v1-v4/rear/EPnPv2_gt_mesh_z_hybrid_labels/3948923176809_0.json,/media/hdd2/ARCL_multicar_bags/camera_dataset/2026-05-18-v1-v4/rear/EPnPv2_gt_mesh_z_hybrid_labels/3948923176809_0.json,T_map_object_raw,T_camera_object_centered,5932.099290593617,166.20200681858532,10.128775954910635
image_3949023005226,1,2335,3184,0.17578125,/media/hdd2/ARCL_multicar_bags/camera_dataset/2026-05-18-v1-v4/rear/EPnPv2_gt_mesh_z_hybrid_labels/3949023005226_0.json,/media/hdd2/ARCL_multicar_bags/camera_dataset/2026-05-18-v1-v4/rear/EPnPv2_gt_mesh_z_hybrid_labels/3949023005226_0.json,T_map_object_raw,T_camera_object_centered,7532.9287780971035,174.9885198837967,16.179264294134317
image_3949120576592,1,2336,3186,0.1796875,/media/hdd2/ARCL_multicar_bags/camera_dataset/2026-05-18-v1-v4/rear/EPnPv2_gt_mesh_z_hybrid_labels/3949120576592_0.json,/media/hdd2/ARCL_multicar_bags/camera_dataset/2026-05-18-v1-v4/rear/EPnPv2_gt_mesh_z_hybrid_labels/3949120576592_0.json,T_map_object_raw,T_camera_object_centered,5920.6402534027875,166.0267552553814,12.720943457561615
image_3949120576592,1,2336,3186,0.1796875,/media/hdd2/ARCL_multicar_bags/camera_dataset/2026-05-18-v1-v4/rear/EPnPv2_gt_mesh_z_hybrid_labels/3949120576592_1.json,/media/hdd2/ARCL_multicar_bags/camera_dataset/2026-05-18-v1-v4/rear/EPnPv2_gt_mesh_z_hybrid_labels/3949120576592_1.json,T_map_object_raw,T_camera_object_centered,5920.6402534027875,166.0267552553814,12.720943457561615
image_3949243764414,1,2337,3189,0.1875,/media/hdd2/ARCL_multicar_bags/camera_dataset/2026-05-18-v1-v4/rear/EPnPv2_gt_mesh_z_hybrid_labels/3949243764414_0.json,/media/hdd2/ARCL_multicar_bags/camera_dataset/2026-05-18-v1-v4/rear/EPnPv2_gt_mesh_z_hybrid_labels/3949243764414_0.json,T_map_object_raw,T_camera_object_centered,5637.291146769533,174.1623537097661,15.049331105447726
image_3949320633559,1,2338,3191,0.15625,/media/hdd2/ARCL_multicar_bags/camera_dataset/2026-05-18-v1-v4/rear/EPnPv2_gt_mesh_z_hybrid_labels/3949320633559_0.json,/media/hdd2/ARCL_multicar_bags/camera_dataset/2026-05-18-v1-v4/rear/EPnPv2_gt_mesh_z_hybrid_labels/3949320633559_0.json,T_map_object_raw,T_camera_object_centered,2866.2863331645785,165.6976810641934,10.003862638746066
image_3949621971064,1,2341,3197,0.18359375,/media/hdd2/ARCL_multicar_bags/camera_dataset/2026-05-18-v1-v4/rear/EPnPv2_gt_mesh_z_hybrid_labels/3949621971064_1.json,/media/hdd2/ARCL_multicar_bags/camera_dataset/2026-05-18-v1-v4/rear/EPnPv2_gt_mesh_z_hybrid_labels/3949621971064_1.json,T_map_object_raw,T_camera_object_centered,6821.010071127185,165.3997165115492,8.702621023013263
image_3949721536345,1,2342,3199,0.14453125,/media/hdd2/ARCL_multicar_bags/camera_dataset/2026-05-18-v1-v4/rear/EPnPv2_gt_mesh_z_hybrid_labels/3949721536345_0.json,/media/hdd2/ARCL_multicar_bags/camera_dataset/2026-05-18-v1-v4/rear/EPnPv2_gt_mesh_z_hybrid_labels/3949721536345_0.json,T_map_object_raw,T_camera_object_centered,4821.26672907761,165.51919133306862,10.100278891963933
image_3949721536345,1,2342,3199,0.14453125,/media/hdd2/ARCL_multicar_bags/camera_dataset/2026-05-18-v1-v4/rear/EPnPv2_gt_mesh_z_hybrid_labels/3949721536345_1.json,/media/hdd2/ARCL_multicar_bags/camera_dataset/2026-05-18-v1-v4/rear/EPnPv2_gt_mesh_z_hybrid_labels/3949721536345_1.json,T_map_object_raw,T_camera_object_centered,4821.26672907761,165.51919133306862,10.100278891963933
image_3949822231293,1,2343,3201,0.1328125,/media/hdd2/ARCL_multicar_bags/camera_dataset/2026-05-18-v1-v4/rear/EPnPv2_gt_mesh_z_hybrid_labels/3949822231293_0.json,/media/hdd2/ARCL_multicar_bags/camera_dataset/2026-05-18-v1-v4/rear/EPnPv2_gt_mesh_z_hybrid_labels/3949822231293_0.json,T_map_object_raw,T_camera_object_centered,4204.040474059635,165.57529547586444,11.972102315724317
image_3949822231293,1,2343,3201,0.1328125,/media/hdd2/ARCL_multicar_bags/camera_dataset/2026-05-18-v1-v4/rear/EPnPv2_gt_mesh_z_hybrid_labels/3949822231293_1.json,/media/hdd2/ARCL_multicar_bags/camera_dataset/2026-05-18-v1-v4/rear/EPnPv2_gt_mesh_z_hybrid_labels/3949822231293_1.json,T_map_object_raw,T_camera_object_centered,4204.040474059635,165.57529547586444,11.972102315724317
image_3949920958340,1,2344,3203,0.1484375,/media/hdd2/ARCL_multicar_bags/camera_dataset/2026-05-18-v1-v4/rear/EPnPv2_gt_mesh_z_hybrid_labels/3949920958340_0.json,/media/hdd2/ARCL_multicar_bags/camera_dataset/2026-05-18-v1-v4/rear/EPnPv2_gt_mesh_z_hybrid_labels/3949920958340_0.json,T_map_object_raw,T_camera_object_centered,7936.209725106628,174.52623714359737,15.317174768408691
image_3950031761281,1,2345,3205,0.15625,/media/hdd2/ARCL_multicar_bags/camera_dataset/2026-05-18-v1-v4/rear/EPnPv2_gt_mesh_z_hybrid_labels/3950031761281_0.json,/media/hdd2/ARCL_multicar_bags/camera_dataset/2026-05-18-v1-v4/rear/EPnPv2_gt_mesh_z_hybrid_labels/3950031761281_0.json,T_map_object_raw,T_camera_object_centered,2471.284103579076,165.88124589377227,6.407005869025421
image_3950120553440,1,2346,3207,0.16796875,/media/hdd2/ARCL_multicar_bags/camera_dataset/2026-05-18-v1-v4/rear/EPnPv2_gt_mesh_z_hybrid_labels/3950120553440_0.json,/media/hdd2/ARCL_multicar_bags/camera_dataset/2026-05-18-v1-v4/rear/EPnPv2_gt_mesh_z_hybrid_labels/3950120553440_0.json,T_map_object_raw,T_camera_object_centered,3911.0877785619073,166.1068559036671,3.49849776433448
image_3950234482595,1,2347,3211,0.15625,/media/hdd2/ARCL_multicar_bags/camera_dataset/2026-05-18-v1-v4/rear/EPnPv2_gt_mesh_z_hybrid_labels/3950234482595_0.json,/media/hdd2/ARCL_multicar_bags/camera_dataset/2026-05-18-v1-v4/rear/EPnPv2_gt_mesh_z_hybrid_labels/3950234482595_0.json,T_map_object_raw,T_camera_object_centered,4827.6715010156695,166.24482063124756,8.537674728541589
image_3950620302589,1,2350,3217,0.17578125,/media/hdd2/ARCL_multicar_bags/camera_dataset/2026-05-18-v1-v4/rear/EPnPv2_gt_mesh_z_hybrid_labels/3950620302589_0.json,/media/hdd2/ARCL_multicar_bags/camera_dataset/2026-05-18-v1-v4/rear/EPnPv2_gt_mesh_z_hybrid_labels/3950620302589_0.json,T_map_object_raw,T_camera_object_centered,5825.537259245399,167.4577981129692,8.560674225164465
image_3950720563106,1,2351,3219,0.1640625,/media/hdd2/ARCL_multicar_bags/camera_dataset/2026-05-18-v1-v4/rear/EPnPv2_gt_mesh_z_hybrid_labels/3950720563106_0.json,/media/hdd2/ARCL_multicar_bags/camera_dataset/2026-05-18-v1-v4/rear/EPnPv2_gt_mesh_z_hybrid_labels/3950720563106_0.json,T_map_object_raw,T_camera_object_centered,3186.5438299417156,167.9204831382185,2.3452713168762793
image_3950820901145,1,2352,3221,0.1640625,/media/hdd2/ARCL_multicar_bags/camera_dataset/2026-05-18-v1-v4/rear/EPnPv2_gt_mesh_z_hybrid_labels/3950820901145_0.json,/media/hdd2/ARCL_multicar_bags/camera_dataset/2026-05-18-v1-v4/rear/EPnPv2_gt_mesh_z_hybrid_labels/3950820901145_0.json,T_map_object_raw,T_camera_object_centered,4805.827765771667,168.24206572389687,11.054651926138165
image_3950920327049,1,2353,3223,0.15234375,/media/hdd2/ARCL_multicar_bags/camera_dataset/2026-05-18-v1-v4/rear/EPnPv2_gt_mesh_z_hybrid_labels/3950920327049_0.json,/media/hdd2/ARCL_multicar_bags/camera_dataset/2026-05-18-v1-v4/rear/EPnPv2_gt_mesh_z_hybrid_labels/3950920327049_0.json,T_map_object_raw,T_camera_object_centered,6818.596417069723,176.69907011353695,22.23368822281849
image_3951020941002,1,2354,3225,0.1328125,/media/hdd2/ARCL_multicar_bags/camera_dataset/2026-05-18-v1-v4/rear/EPnPv2_gt_mesh_z_hybrid_labels/3951020941002_0.json,/media/hdd2/ARCL_multicar_bags/camera_dataset/2026-05-18-v1-v4/rear/EPnPv2_gt_mesh_z_hybrid_labels/3951020941002_0.json,T_map_object_raw,T_camera_object_centered,5176.810923674335,169.03254021188732,10.469730594868961
image_3951221430840,1,2356,3229,0.1484375,/media/hdd2/ARCL_multicar_bags/camera_dataset/2026-05-18-v1-v4/rear/EPnPv2_gt_mesh_z_hybrid_labels/3951221430840_0.json,/media/hdd2/ARCL_multicar_bags/camera_dataset/2026-05-18-v1-v4/rear/EPnPv2_gt_mesh_z_hybrid_labels/3951221430840_0.json,T_map_object_raw,T_camera_object_centered,5876.585455659062,170.0604684972797,10.20231995422564
image_3951335761531,1,2357,3232,0.16015625,/media/hdd2/ARCL_multicar_bags/camera_dataset/2026-05-18-v1-v4/rear/EPnPv2_gt_mesh_z_hybrid_labels/3951335761531_0.json,/media/hdd2/ARCL_multicar_bags/camera_dataset/2026-05-18-v1-v4/rear/EPnPv2_gt_mesh_z_hybrid_labels/3951335761531_0.json,T_map_object_raw,T_camera_object_centered,3204.9873755378485,170.76564886291953,12.544396990082573
image_3951420779952,1,2358,3234,0.15625,/media/hdd2/ARCL_multicar_bags/camera_dataset/2026-05-18-v1-v4/rear/EPnPv2_gt_mesh_z_hybrid_labels/3951420779952_0.json,/media/hdd2/ARCL_multicar_bags/camera_dataset/2026-05-18-v1-v4/rear/EPnPv2_gt_mesh_z_hybrid_labels/3951420779952_0.json,T_map_object_raw,T_camera_object_centered,5259.1464273374395,171.05908751705186,11.755246873931638
image_3951520170082,1,2359,3236,0.15234375,/media/hdd2/ARCL_multicar_bags/camera_dataset/2026-05-18-v1-v4/rear/EPnPv2_gt_mesh_z_hybrid_labels/3951520170082_0.json,/media/hdd2/ARCL_multicar_bags/camera_dataset/2026-05-18-v1-v4/rear/EPnPv2_gt_mesh_z_hybrid_labels/3951520170082_0.json,T_map_object_raw,T_camera_object_centered,2512.79972754384,172.39044085635373,0.4911846749489951
image_3951520170082,1,2359,3236,0.15234375,/media/hdd2/ARCL_multicar_bags/camera_dataset/2026-05-18-v1-v4/rear/EPnPv2_gt_mesh_z_hybrid_labels/3951520170082_1.json,/media/hdd2/ARCL_multicar_bags/camera_dataset/2026-05-18-v1-v4/rear/EPnPv2_gt_mesh_z_hybrid_labels/3951520170082_1.json,T_map_object_raw,T_camera_object_centered,2512.79972754384,172.39044085635373,0.4911846749489951
image_3952420689849,1,2366,3250,0.11328125,/media/hdd2/ARCL_multicar_bags/camera_dataset/2026-05-18-v1-v4/rear/EPnPv2_gt_mesh_z_hybrid_labels/3952420689849_0.json,/media/hdd2/ARCL_multicar_bags/camera_dataset/2026-05-18-v1-v4/rear/EPnPv2_gt_mesh_z_hybrid_labels/3952420689849_0.json,T_map_object_raw,T_camera_object_centered,6705.06633384967,171.68458783898078,17.53718585540968
image_3952420689849,1,2366,3250,0.11328125,/media/hdd2/ARCL_multicar_bags/camera_dataset/2026-05-18-v1-v4/rear/EPnPv2_gt_mesh_z_hybrid_labels/3952420689849_1.json,/media/hdd2/ARCL_multicar_bags/camera_dataset/2026-05-18-v1-v4/rear/EPnPv2_gt_mesh_z_hybrid_labels/3952420689849_1.json,T_map_object_raw,T_camera_object_centered,6705.06633384967,171.68458783898078,17.53718585540968
image_3953323896932,1,2375,3270,0.11328125,/media/hdd2/ARCL_multicar_bags/camera_dataset/2026-05-18-v1-v4/rear/EPnPv2_gt_mesh_z_hybrid_labels/3953323896932_0.json,/media/hdd2/ARCL_multicar_bags/camera_dataset/2026-05-18-v1-v4/rear/EPnPv2_gt_mesh_z_hybrid_labels/3953323896932_0.json,T_map_object_raw,T_camera_object_centered,4537.0167466011235,176.77163857386282,27.067719060105684
image_3954021176310,1,2381,3285,0.08203125,/media/hdd2/ARCL_multicar_bags/camera_dataset/2026-05-18-v1-v4/rear/EPnPv2_gt_mesh_z_hybrid_labels/3954021176310_0.json,/media/hdd2/ARCL_multicar_bags/camera_dataset/2026-05-18-v1-v4/rear/EPnPv2_gt_mesh_z_hybrid_labels/3954021176310_0.json,T_map_object_raw,T_camera_object_centered,8381.979944167419,170.97634517594398,10.287944254445437
image_3957323411728,1,2410,3348,0.12890625,/media/hdd2/ARCL_multicar_bags/camera_dataset/2026-05-18-v1-v4/rear/EPnPv2_gt_mesh_z_hybrid_labels/3957323411728_0.json,/media/hdd2/ARCL_multicar_bags/camera_dataset/2026-05-18-v1-v4/rear/EPnPv2_gt_mesh_z_hybrid_labels/3957323411728_0.json,T_map_object_raw,T_camera_object_centered,4695.018768526952,179.00402881522103,12.088836560177931
image_3957420260862,1,2411,3350,0.15234375,/media/hdd2/ARCL_multicar_bags/camera_dataset/2026-05-18-v1-v4/rear/EPnPv2_gt_mesh_z_hybrid_labels/3957420260862_0.json,/media/hdd2/ARCL_multicar_bags/camera_dataset/2026-05-18-v1-v4/rear/EPnPv2_gt_mesh_z_hybrid_labels/3957420260862_0.json,T_map_object_raw,T_camera_object_centered,4398.446448960951,177.59409530616628,4.0036272517764235
image_3957521758641,1,2412,3352,0.15234375,/media/hdd2/ARCL_multicar_bags/camera_dataset/2026-05-18-v1-v4/rear/EPnPv2_gt_mesh_z_hybrid_labels/3957521758641_0.json,/media/hdd2/ARCL_multicar_bags/camera_dataset/2026-05-18-v1-v4/rear/EPnPv2_gt_mesh_z_hybrid_labels/3957521758641_0.json,T_map_object_raw,T_camera_object_centered,1890.0007880975359,177.6433950935965,12.224020135520409
image_3957521758641,1,2412,3352,0.15234375,/media/hdd2/ARCL_multicar_bags/camera_dataset/2026-05-18-v1-v4/rear/EPnPv2_gt_mesh_z_hybrid_labels/3957521758641_1.json,/media/hdd2/ARCL_multicar_bags/camera_dataset/2026-05-18-v1-v4/rear/EPnPv2_gt_mesh_z_hybrid_labels/3957521758641_1.json,T_map_object_raw,T_camera_object_centered,1890.0007880975359,177.6433950935965,12.224020135520409
image_3957723393133,1,2414,3356,0.15625,/media/hdd2/ARCL_multicar_bags/camera_dataset/2026-05-18-v1-v4/rear/EPnPv2_gt_mesh_z_hybrid_labels/3957723393133_0.json,/media/hdd2/ARCL_multicar_bags/camera_dataset/2026-05-18-v1-v4/rear/EPnPv2_gt_mesh_z_hybrid_labels/3957723393133_0.json,T_map_object_raw,T_camera_object_centered,6288.48046420619,175.45103447424893,1.5040963413274928
image_3957822408896,1,2415,3358,0.12890625,/media/hdd2/ARCL_multicar_bags/camera_dataset/2026-05-18-v1-v4/rear/EPnPv2_gt_mesh_z_hybrid_labels/3957822408896_0.json,/media/hdd2/ARCL_multicar_bags/camera_dataset/2026-05-18-v1-v4/rear/EPnPv2_gt_mesh_z_hybrid_labels/3957822408896_0.json,T_map_object_raw,T_camera_object_centered,7212.682724750814,174.77464234560847,3.5857591167895446
image_3957822408896,1,2415,3358,0.12890625,/media/hdd2/ARCL_multicar_bags/camera_dataset/2026-05-18-v1-v4/rear/EPnPv2_gt_mesh_z_hybrid_labels/3957822408896_1.json,/media/hdd2/ARCL_multicar_bags/camera_dataset/2026-05-18-v1-v4/rear/EPnPv2_gt_mesh_z_hybrid_labels/3957822408896_1.json,T_map_object_raw,T_camera_object_centered,7212.682724750814,174.77464234560847,3.5857591167895446
image_3958321995449,1,2418,3365,0.14453125,/media/hdd2/ARCL_multicar_bags/camera_dataset/2026-05-18-v1-v4/rear/EPnPv2_gt_mesh_z_hybrid_labels/3958321995449_0.json,/media/hdd2/ARCL_multicar_bags/camera_dataset/2026-05-18-v1-v4/rear/EPnPv2_gt_mesh_z_hybrid_labels/3958321995449_0.json,T_map_object_raw,T_camera_object_centered,3922.0537417783225,170.64932360535005,1.2094474339201549
image_3958321995449,1,2418,3365,0.14453125,/media/hdd2/ARCL_multicar_bags/camera_dataset/2026-05-18-v1-v4/rear/EPnPv2_gt_mesh_z_hybrid_labels/3958321995449_1.json,/media/hdd2/ARCL_multicar_bags/camera_dataset/2026-05-18-v1-v4/rear/EPnPv2_gt_mesh_z_hybrid_labels/3958321995449_1.json,T_map_object_raw,T_camera_object_centered,3922.0537417783225,170.64932360535005,1.2094474339201549
image_3959920909132,1,2431,3393,0.16015625,/media/hdd2/ARCL_multicar_bags/camera_dataset/2026-05-18-v1-v4/rear/EPnPv2_gt_mesh_z_hybrid_labels/3959920909132_0.json,/media/hdd2/ARCL_multicar_bags/camera_dataset/2026-05-18-v1-v4/rear/EPnPv2_gt_mesh_z_hybrid_labels/3959920909132_0.json,T_map_object_raw,T_camera_object_centered,6557.509629698736,164.1153164761653,3.462216403163898
image_3959920909132,1,2431,3393,0.16015625,/media/hdd2/ARCL_multicar_bags/camera_dataset/2026-05-18-v1-v4/rear/EPnPv2_gt_mesh_z_hybrid_labels/3959920909132_1.json,/media/hdd2/ARCL_multicar_bags/camera_dataset/2026-05-18-v1-v4/rear/EPnPv2_gt_mesh_z_hybrid_labels/3959920909132_1.json,T_map_object_raw,T_camera_object_centered,6557.509629698736,164.1153164761653,3.462216403163898
image_3960322738658,1,2435,3401,0.125,/media/hdd2/ARCL_multicar_bags/camera_dataset/2026-05-18-v1-v4/rear/EPnPv2_gt_mesh_z_hybrid_labels/3960322738658_0.json,/media/hdd2/ARCL_multicar_bags/camera_dataset/2026-05-18-v1-v4/rear/EPnPv2_gt_mesh_z_hybrid_labels/3960322738658_0.json,T_map_object_raw,T_camera_object_centered,4407.524560359697,163.53877436470393,2.536704245080736
image_3960322738658,1,2435,3401,0.125,/media/hdd2/ARCL_multicar_bags/camera_dataset/2026-05-18-v1-v4/rear/EPnPv2_gt_mesh_z_hybrid_labels/3960322738658_1.json,/media/hdd2/ARCL_multicar_bags/camera_dataset/2026-05-18-v1-v4/rear/EPnPv2_gt_mesh_z_hybrid_labels/3960322738658_1.json,T_map_object_raw,T_camera_object_centered,4407.524560359697,163.53877436470393,2.536704245080736
image_3962221529351,1,2448,3431,0.1484375,/media/hdd2/ARCL_multicar_bags/camera_dataset/2026-05-18-v1-v4/rear/EPnPv2_gt_mesh_z_hybrid_labels/3962221529351_0.json,/media/hdd2/ARCL_multicar_bags/camera_dataset/2026-05-18-v1-v4/rear/EPnPv2_gt_mesh_z_hybrid_labels/3962221529351_0.json,T_map_object_raw,T_camera_object_centered,3834.7796244248516,169.83331897598944,6.929564179886541
image_3962421326069,1,2450,3434,0.140625,/media/hdd2/ARCL_multicar_bags/camera_dataset/2026-05-18-v1-v4/rear/EPnPv2_gt_mesh_z_hybrid_labels/3962421326069_0.json,/media/hdd2/ARCL_multicar_bags/camera_dataset/2026-05-18-v1-v4/rear/EPnPv2_gt_mesh_z_hybrid_labels/3962421326069_0.json,T_map_object_raw,T_camera_object_centered,2190.4889607710325,171.21064026451882,3.23347827672192
image_3962522780800,1,2451,3436,0.15234375,/media/hdd2/ARCL_multicar_bags/camera_dataset/2026-05-18-v1-v4/rear/EPnPv2_gt_mesh_z_hybrid_labels/3962522780800_0.json,/media/hdd2/ARCL_multicar_bags/camera_dataset/2026-05-18-v1-v4/rear/EPnPv2_gt_mesh_z_hybrid_labels/3962522780800_0.json,T_map_object_raw,T_camera_object_centered,3655.251290224439,171.02283610055267,7.541949900655655
image_3962624356056,1,2452,3438,0.15625,/media/hdd2/ARCL_multicar_bags/camera_dataset/2026-05-18-v1-v4/rear/EPnPv2_gt_mesh_z_hybrid_labels/3962624356056_0.json,/media/hdd2/ARCL_multicar_bags/camera_dataset/2026-05-18-v1-v4/rear/EPnPv2_gt_mesh_z_hybrid_labels/3962624356056_0.json,T_map_object_raw,T_camera_object_centered,5635.919206544215,171.54061880357546,8.119436012898559
image_3965521925788,1,2480,3499,0.13671875,/media/hdd2/ARCL_multicar_bags/camera_dataset/2026-05-18-v1-v4/rear/EPnPv2_gt_mesh_z_hybrid_labels/3965521925788_0.json,/media/hdd2/ARCL_multicar_bags/camera_dataset/2026-05-18-v1-v4/rear/EPnPv2_gt_mesh_z_hybrid_labels/3965521925788_0.json,T_map_object_raw,T_camera_object_centered,7969.741615549779,178.25851567368323,2.508246064264949
image_3965930577902,1,2483,3505,0.1015625,/media/hdd2/ARCL_multicar_bags/camera_dataset/2026-05-18-v1-v4/rear/EPnPv2_gt_mesh_z_hybrid_labels/3965930577902_0.json,/media/hdd2/ARCL_multicar_bags/camera_dataset/2026-05-18-v1-v4/rear/EPnPv2_gt_mesh_z_hybrid_labels/3965930577902_0.json,T_map_object_raw,T_camera_object_centered,8219.785008691788,179.6820084214354,3.2969158124106737
image_3966023149227,1,2484,3507,0.140625,/media/hdd2/ARCL_multicar_bags/camera_dataset/2026-05-18-v1-v4/rear/EPnPv2_gt_mesh_z_hybrid_labels/3966023149227_0.json,/media/hdd2/ARCL_multicar_bags/camera_dataset/2026-05-18-v1-v4/rear/EPnPv2_gt_mesh_z_hybrid_labels/3966023149227_0.json,T_map_object_raw,T_camera_object_centered,8002.393143025216,179.53478952030392,12.190391218357592
image_3966023149227,1,2484,3507,0.140625,/media/hdd2/ARCL_multicar_bags/camera_dataset/2026-05-18-v1-v4/rear/EPnPv2_gt_mesh_z_hybrid_labels/3966023149227_1.json,/media/hdd2/ARCL_multicar_bags/camera_dataset/2026-05-18-v1-v4/rear/EPnPv2_gt_mesh_z_hybrid_labels/3966023149227_1.json,T_map_object_raw,T_camera_object_centered,8002.393143025216,179.53478952030392,12.190391218357592
image_3966435754828,1,2488,3517,0.16796875,/media/hdd2/ARCL_multicar_bags/camera_dataset/2026-05-18-v1-v4/rear/EPnPv2_gt_mesh_z_hybrid_labels/3966435754828_0.json,/media/hdd2/ARCL_multicar_bags/camera_dataset/2026-05-18-v1-v4/rear/EPnPv2_gt_mesh_z_hybrid_labels/3966435754828_0.json,T_map_object_raw,T_camera_object_centered,6667.782074153913,175.98513349900313,3.9225829074530827
image_3966435754828,1,2488,3517,0.16796875,/media/hdd2/ARCL_multicar_bags/camera_dataset/2026-05-18-v1-v4/rear/EPnPv2_gt_mesh_z_hybrid_labels/3966435754828_1.json,/media/hdd2/ARCL_multicar_bags/camera_dataset/2026-05-18-v1-v4/rear/EPnPv2_gt_mesh_z_hybrid_labels/3966435754828_1.json,T_map_object_raw,T_camera_object_centered,6667.782074153913,175.98513349900313,3.9225829074530827
image_3966521230213,1,2489,3519,0.1484375,/media/hdd2/ARCL_multicar_bags/camera_dataset/2026-05-18-v1-v4/rear/EPnPv2_gt_mesh_z_hybrid_labels/3966521230213_0.json,/media/hdd2/ARCL_multicar_bags/camera_dataset/2026-05-18-v1-v4/rear/EPnPv2_gt_mesh_z_hybrid_labels/3966521230213_0.json,T_map_object_raw,T_camera_object_centered,4165.203446024568,176.1640172420375,8.857903074058317
image_4090519818152,1,2838,4232,0.1015625,/media/hdd2/ARCL_multicar_bags/camera_dataset/2026-05-18-v1-v4/rear/EPnPv2_gt_mesh_z_hybrid_labels/4090519818152_0.json,/media/hdd2/ARCL_multicar_bags/camera_dataset/2026-05-18-v1-v4/rear/EPnPv2_gt_mesh_z_hybrid_labels/4090519818152_0.json,T_map_object_raw,T_camera_object_centered,4119.699034544327,174.68720678244034,15.193530905342772
image_4090618771244,1,2839,4235,0.09375,/media/hdd2/ARCL_multicar_bags/camera_dataset/2026-05-18-v1-v4/rear/EPnPv2_gt_mesh_z_hybrid_labels/4090618771244_0.json,/media/hdd2/ARCL_multicar_bags/camera_dataset/2026-05-18-v1-v4/rear/EPnPv2_gt_mesh_z_hybrid_labels/4090618771244_0.json,T_map_object_raw,T_camera_object_centered,2930.8588647927286,174.68353471900397,15.978484199441061
image_4092523228993,1,2858,4268,0.05859375,/media/hdd2/ARCL_multicar_bags/camera_dataset/2026-05-18-v1-v4/rear/EPnPv2_gt_mesh_z_hybrid_labels/4092523228993_0.json,/media/hdd2/ARCL_multicar_bags/camera_dataset/2026-05-18-v1-v4/rear/EPnPv2_gt_mesh_z_hybrid_labels/4092523228993_0.json,T_map_object_raw,T_camera_object_centered,3890.367298159055,166.2419457581884,35.70028340805197
image_4092620118934,1,2859,4269,0.0859375,/media/hdd2/ARCL_multicar_bags/camera_dataset/2026-05-18-v1-v4/rear/EPnPv2_gt_mesh_z_hybrid_labels/4092620118934_0.json,/media/hdd2/ARCL_multicar_bags/camera_dataset/2026-05-18-v1-v4/rear/EPnPv2_gt_mesh_z_hybrid_labels/4092620118934_0.json,T_map_object_raw,T_camera_object_centered,3791.564648114841,166.27023534887118,9.032776728490184
image_4093119859848,1,2864,4279,0.12109375,/media/hdd2/ARCL_multicar_bags/camera_dataset/2026-05-18-v1-v4/rear/EPnPv2_gt_mesh_z_hybrid_labels/4093119859848_0.json,/media/hdd2/ARCL_multicar_bags/camera_dataset/2026-05-18-v1-v4/rear/EPnPv2_gt_mesh_z_hybrid_labels/4093119859848_0.json,T_map_object_raw,T_camera_object_centered,8981.532402878545,175.80132786783113,12.2827947437774
image_4093319008506,1,2866,4283,0.05859375,/media/hdd2/ARCL_multicar_bags/camera_dataset/2026-05-18-v1-v4/rear/EPnPv2_gt_mesh_z_hybrid_labels/4093319008506_0.json,/media/hdd2/ARCL_multicar_bags/camera_dataset/2026-05-18-v1-v4/rear/EPnPv2_gt_mesh_z_hybrid_labels/4093319008506_0.json,T_map_object_raw,T_camera_object_centered,1645.2568835956172,175.48666755424196,10.130544467629784
image_4094518741465,1,2876,4305,0.1328125,/media/hdd2/ARCL_multicar_bags/camera_dataset/2026-05-18-v1-v4/rear/EPnPv2_gt_mesh_z_hybrid_labels/4094518741465_0.json,/media/hdd2/ARCL_multicar_bags/camera_dataset/2026-05-18-v1-v4/rear/EPnPv2_gt_mesh_z_hybrid_labels/4094518741465_0.json,T_map_object_raw,T_camera_object_centered,7455.934235833459,167.15342639854964,3.3829468617260794
image_4094618351098,1,2877,4307,0.1015625,/media/hdd2/ARCL_multicar_bags/camera_dataset/2026-05-18-v1-v4/rear/EPnPv2_gt_mesh_z_hybrid_labels/4094618351098_0.json,/media/hdd2/ARCL_multicar_bags/camera_dataset/2026-05-18-v1-v4/rear/EPnPv2_gt_mesh_z_hybrid_labels/4094618351098_0.json,T_map_object_raw,T_camera_object_centered,2109.6847002003615,167.24123029238308,9.911636165315011
image_4094722631942,1,2878,4313,0.10546875,/media/hdd2/ARCL_multicar_bags/camera_dataset/2026-05-18-v1-v4/rear/EPnPv2_gt_mesh_z_hybrid_labels/4094722631942_0.json,/media/hdd2/ARCL_multicar_bags/camera_dataset/2026-05-18-v1-v4/rear/EPnPv2_gt_mesh_z_hybrid_labels/4094722631942_0.json,T_map_object_raw,T_camera_object_centered,7446.121666950145,175.49854423048825,11.095027190338971
image_4095418901161,1,2884,4325,0.15234375,/media/hdd2/ARCL_multicar_bags/camera_dataset/2026-05-18-v1-v4/rear/EPnPv2_gt_mesh_z_hybrid_labels/4095418901161_0.json,/media/hdd2/ARCL_multicar_bags/camera_dataset/2026-05-18-v1-v4/rear/EPnPv2_gt_mesh_z_hybrid_labels/4095418901161_0.json,T_map_object_raw,T_camera_object_centered,8375.975291791594,176.57188723819604,10.17673353010241
image_4095521332121,1,2885,4327,0.10546875,/media/hdd2/ARCL_multicar_bags/camera_dataset/2026-05-18-v1-v4/rear/EPnPv2_gt_mesh_z_hybrid_labels/4095521332121_0.json,/media/hdd2/ARCL_multicar_bags/camera_dataset/2026-05-18-v1-v4/rear/EPnPv2_gt_mesh_z_hybrid_labels/4095521332121_0.json,T_map_object_raw,T_camera_object_centered,8087.533417159907,175.44125852056771,12.486836206645393
image_4095622634353,1,2886,4329,0.22265625,/media/hdd2/ARCL_multicar_bags/camera_dataset/2026-05-18-v1-v4/rear/EPnPv2_gt_mesh_z_hybrid_labels/4095622634353_0.json,/media/hdd2/ARCL_multicar_bags/camera_dataset/2026-05-18-v1-v4/rear/EPnPv2_gt_mesh_z_hybrid_labels/4095622634353_0.json,T_map_object_raw,T_camera_object_centered,6737.601045682726,167.20396681271654,4.5030821526547795
image_4095918973654,1,2888,4335,0.16796875,/media/hdd2/ARCL_multicar_bags/camera_dataset/2026-05-18-v1-v4/rear/EPnPv2_gt_mesh_z_hybrid_labels/4095918973654_0.json,/media/hdd2/ARCL_multicar_bags/camera_dataset/2026-05-18-v1-v4/rear/EPnPv2_gt_mesh_z_hybrid_labels/4095918973654_0.json,T_map_object_raw,T_camera_object_centered,2796.371674723156,167.20228415252865,6.333961640122105
image_4096021193729,1,2889,4337,0.18359375,/media/hdd2/ARCL_multicar_bags/camera_dataset/2026-05-18-v1-v4/rear/EPnPv2_gt_mesh_z_hybrid_labels/4096021193729_0.json,/media/hdd2/ARCL_multicar_bags/camera_dataset/2026-05-18-v1-v4/rear/EPnPv2_gt_mesh_z_hybrid_labels/4096021193729_0.json,T_map_object_raw,T_camera_object_centered,7382.5491092554,175.05908730548632,10.014782266212665
image_4096618362971,1,2894,4347,0.11328125,/media/hdd2/ARCL_multicar_bags/camera_dataset/2026-05-18-v1-v4/rear/EPnPv2_gt_mesh_z_hybrid_labels/4096618362971_0.json,/media/hdd2/ARCL_multicar_bags/camera_dataset/2026-05-18-v1-v4/rear/EPnPv2_gt_mesh_z_hybrid_labels/4096618362971_0.json,T_map_object_raw,T_camera_object_centered,4441.222535931023,175.05683128362213,10.614433546422648
image_4096718514447,1,2895,4349,0.17578125,/media/hdd2/ARCL_multicar_bags/camera_dataset/2026-05-18-v1-v4/rear/EPnPv2_gt_mesh_z_hybrid_labels/4096718514447_0.json,/media/hdd2/ARCL_multicar_bags/camera_dataset/2026-05-18-v1-v4/rear/EPnPv2_gt_mesh_z_hybrid_labels/4096718514447_0.json,T_map_object_raw,T_camera_object_centered,8315.00464035922,174.92692399473353,8.570607718475513
image_4097019338143,1,2898,4356,0.109375,/media/hdd2/ARCL_multicar_bags/camera_dataset/2026-05-18-v1-v4/rear/EPnPv2_gt_mesh_z_hybrid_labels/4097019338143_0.json,/media/hdd2/ARCL_multicar_bags/camera_dataset/2026-05-18-v1-v4/rear/EPnPv2_gt_mesh_z_hybrid_labels/4097019338143_0.json,T_map_object_raw,T_camera_object_centered,8475.217458755356,175.94295911275103,11.622716647998264
image_4097121769060,1,2899,4358,0.125,/media/hdd2/ARCL_multicar_bags/camera_dataset/2026-05-18-v1-v4/rear/EPnPv2_gt_mesh_z_hybrid_labels/4097121769060_0.json,/media/hdd2/ARCL_multicar_bags/camera_dataset/2026-05-18-v1-v4/rear/EPnPv2_gt_mesh_z_hybrid_labels/4097121769060_0.json,T_map_object_raw,T_camera_object_centered,6142.535601039279,173.6453769330335,7.932241501821619
image_4097234128605,1,2900,4360,0.17578125,/media/hdd2/ARCL_multicar_bags/camera_dataset/2026-05-18-v1-v4/rear/EPnPv2_gt_mesh_z_hybrid_labels/4097234128605_0.json,/media/hdd2/ARCL_multicar_bags/camera_dataset/2026-05-18-v1-v4/rear/EPnPv2_gt_mesh_z_hybrid_labels/4097234128605_0.json,T_map_object_raw,T_camera_object_centered,4755.2446522476175,172.73202808138157,14.626590152102738
image_4187718652238,1,3084,2542,0.12109375,/media/hdd2/ARCL_multicar_bags/camera_dataset/2026-05-18-v1-v4/rear/EPnPv2_gt_mesh_z_hybrid_labels/4187718652238_0.json,/media/hdd2/ARCL_multicar_bags/camera_dataset/2026-05-18-v1-v4/rear/EPnPv2_gt_mesh_z_hybrid_labels/4187718652238_0.json,T_map_object_raw,T_camera_object_centered,8687.944385440445,177.18633294684997,10.503075110371874
image_4188317814523,1,3090,2567,0.13671875,/media/hdd2/ARCL_multicar_bags/camera_dataset/2026-05-18-v1-v4/rear/EPnPv2_gt_mesh_z_hybrid_labels/4188317814523_0.json,/media/hdd2/ARCL_multicar_bags/camera_dataset/2026-05-18-v1-v4/rear/EPnPv2_gt_mesh_z_hybrid_labels/4188317814523_0.json,T_map_object_raw,T_camera_object_centered,3709.8064922148446,165.02772791589715,0.8584640757323553
image_4188619462273,1,3092,2575,0.078125,/media/hdd2/ARCL_multicar_bags/camera_dataset/2026-05-18-v1-v4/rear/EPnPv2_gt_mesh_z_hybrid_labels/4188619462273_0.json,/media/hdd2/ARCL_multicar_bags/camera_dataset/2026-05-18-v1-v4/rear/EPnPv2_gt_mesh_z_hybrid_labels/4188619462273_0.json,T_map_object_raw,T_camera_object_centered,5746.473986113526,177.1802693826786,6.922460008044172
image_4189917975104,1,3104,2629,0.1328125,/media/hdd2/ARCL_multicar_bags/camera_dataset/2026-05-18-v1-v4/rear/EPnPv2_gt_mesh_z_hybrid_labels/4189917975104_0.json,/media/hdd2/ARCL_multicar_bags/camera_dataset/2026-05-18-v1-v4/rear/EPnPv2_gt_mesh_z_hybrid_labels/4189917975104_0.json,T_map_object_raw,T_camera_object_centered,4775.390492635695,164.67435057627551,17.767971263493937
image_4190418933530,1,3109,2650,0.078125,/media/hdd2/ARCL_multicar_bags/camera_dataset/2026-05-18-v1-v4/rear/EPnPv2_gt_mesh_z_hybrid_labels/4190418933530_0.json,/media/hdd2/ARCL_multicar_bags/camera_dataset/2026-05-18-v1-v4/rear/EPnPv2_gt_mesh_z_hybrid_labels/4190418933530_0.json,T_map_object_raw,T_camera_object_centered,8741.526157447246,165.00335434051507,9.985025603245177
image_4190917460525,1,3113,2664,0.1171875,/media/hdd2/ARCL_multicar_bags/camera_dataset/2026-05-18-v1-v4/rear/EPnPv2_gt_mesh_z_hybrid_labels/4190917460525_0.json,/media/hdd2/ARCL_multicar_bags/camera_dataset/2026-05-18-v1-v4/rear/EPnPv2_gt_mesh_z_hybrid_labels/4190917460525_0.json,T_map_object_raw,T_camera_object_centered,2985.7317940137054,164.91514767022778,8.380802702464576
image_4191020885546,1,3114,2667,0.14453125,/media/hdd2/ARCL_multicar_bags/camera_dataset/2026-05-18-v1-v4/rear/EPnPv2_gt_mesh_z_hybrid_labels/4191020885546_0.json,/media/hdd2/ARCL_multicar_bags/camera_dataset/2026-05-18-v1-v4/rear/EPnPv2_gt_mesh_z_hybrid_labels/4191020885546_0.json,T_map_object_raw,T_camera_object_centered,6307.171073233419,164.66711370714654,8.226049981636542
image_4191321499328,1,3117,2678,0.0859375,/media/hdd2/ARCL_multicar_bags/camera_dataset/2026-05-18-v1-v4/rear/EPnPv2_gt_mesh_z_hybrid_labels/4191321499328_0.json,/media/hdd2/ARCL_multicar_bags/camera_dataset/2026-05-18-v1-v4/rear/EPnPv2_gt_mesh_z_hybrid_labels/4191321499328_0.json,T_map_object_raw,T_camera_object_centered,7233.596450528696,164.63983261387753,5.024949749483789
image_4192023776528,1,3120,2695,0.0859375,/media/hdd2/ARCL_multicar_bags/camera_dataset/2026-05-18-v1-v4/rear/EPnPv2_gt_mesh_z_hybrid_labels/4192023776528_0.json,/media/hdd2/ARCL_multicar_bags/camera_dataset/2026-05-18-v1-v4/rear/EPnPv2_gt_mesh_z_hybrid_labels/4192023776528_0.json,T_map_object_raw,T_camera_object_centered,7338.440112337716,164.70067034120328,6.211560605176852
