match_key,metadata_path,epnp_label_path,target_label_path,correction_kind,map_z_mode,translation_error_mm,rotation_error_deg,output,raw_map_object_z_m,label_map_pose_z_m,adjusted_map_object_z_m,metadata_lidar_z_m,metadata_ground_truth_pose_z_m,object_minus_ego_z_m,adjusted_minus_lidar_z_m,projection_model,metadata_distortion_model,original_center_u,original_center_v,original_center_depth_mm,original_center_valid_depth,optimized_center_u,optimized_center_v,optimized_center_depth_mm,optimized_center_valid_depth,gigapose_center_u,gigapose_center_v,gigapose_center_depth_mm,gigapose_center_valid_depth
image_3615672208785,/media/hdd2/ARCL_multicar_bags/camera_dataset/2026-05-05-12-28-13-v1/rear/metadata/sample_3615672208785_0.yaml,/media/hdd2/ARCL_multicar_bags/camera_dataset/2026-05-05-12-28-13-v1/rear/EPnPv2_gt_mesh_z_hybrid_labels/3615672208785_0.json,/media/hdd2/ARCL_multicar_bags/camera_dataset/2026-05-05-12-28-13-v1/rear/EPnPv2_gt_mesh_z_hybrid_labels/3615672208785_0.json,epnp_label,raw,2515.518015210133,12.653065859983725,gigaPose_datasets/results/real_world_ot2_IST_tran/extrinsic_optimization_rear_epnp_hybrid_xyz_new/3615672208785_0_extrinsic_before_after.jpg,-36.84343719482422,-36.84343719482422,-36.84343719482422,nan,nan,nan,nan,metadata,pinhole,1011.7114267610012,104.68644034188881,36899.562835693476,True,1020.2426386872484,116.10382355390476,37016.32567212399,True,1018.2667317842598,114.06763382339872,45195.375,True
image_3616457055512,/media/hdd2/ARCL_multicar_bags/camera_dataset/2026-05-05-12-28-13-v1/rear/metadata/sample_3616457055512_0.yaml,/media/hdd2/ARCL_multicar_bags/camera_dataset/2026-05-05-12-28-13-v1/rear/EPnPv2_gt_mesh_z_hybrid_labels/3616457055512_0.json,/media/hdd2/ARCL_multicar_bags/camera_dataset/2026-05-05-12-28-13-v1/rear/EPnPv2_gt_mesh_z_hybrid_labels/3616457055512_0.json,epnp_label,raw,3694.0434204407306,14.889965631487428,gigaPose_datasets/results/real_world_ot2_IST_tran/extrinsic_optimization_rear_epnp_hybrid_xyz_new/3616457055512_0_extrinsic_before_after.jpg,-36.95985412597656,-36.95985412597656,-36.95985412597656,nan,nan,nan,nan,metadata,pinhole,993.8041910021541,101.59242773579925,34636.878967285156,True,1002.8882754787783,113.9781377061688,34780.59631140577,True,994.7724140197834,119.27511758085615,36983.171875,True
image_3617065037718,/media/hdd2/ARCL_multicar_bags/camera_dataset/2026-05-05-12-28-13-v1/rear/metadata/sample_3617065037718_0.yaml,/media/hdd2/ARCL_multicar_bags/camera_dataset/2026-05-05-12-28-13-v1/rear/EPnPv2_gt_mesh_z_hybrid_labels/3617065037718_0.json,/media/hdd2/ARCL_multicar_bags/camera_dataset/2026-05-05-12-28-13-v1/rear/EPnPv2_gt_mesh_z_hybrid_labels/3617065037718_0.json,epnp_label,raw,2299.357256118916,5.33896476696001,gigaPose_datasets/results/real_world_ot2_IST_tran/extrinsic_optimization_rear_epnp_hybrid_xyz_new/3617065037718_0_extrinsic_before_after.jpg,-37.05056381225586,-37.05056381225586,-37.05056381225586,nan,nan,nan,nan,metadata,pinhole,970.6766637739727,99.22887312116325,34206.92443847656,True,979.7595540447787,111.96087408929878,34379.247403348505,True,962.7063030329116,109.46717636005107,42362.2148438,True
image_3617454591731,/media/hdd2/ARCL_multicar_bags/camera_dataset/2026-05-05-12-28-13-v1/rear/metadata/sample_3617454591731_0.yaml,/media/hdd2/ARCL_multicar_bags/camera_dataset/2026-05-05-12-28-13-v1/rear/EPnPv2_gt_mesh_z_hybrid_labels/3617454591731_0.json,/media/hdd2/ARCL_multicar_bags/camera_dataset/2026-05-05-12-28-13-v1/rear/EPnPv2_gt_mesh_z_hybrid_labels/3617454591731_0.json,epnp_label,raw,3474.6157822607015,6.506147372842684,gigaPose_datasets/results/real_world_ot2_IST_tran/extrinsic_optimization_rear_epnp_hybrid_xyz_new/3617454591731_0_extrinsic_before_after.jpg,-37.0962028503418,-37.0962028503418,-37.0962028503418,nan,nan,nan,nan,metadata,pinhole,952.4877075147182,98.2305450207439,34865.66925048822,True,961.3244604105384,110.79931389216037,35056.02204265754,True,940.5616809472308,112.32684959828272,44224.0351562,True
image_3647144401205,/media/hdd2/ARCL_multicar_bags/camera_dataset/2026-05-05-12-28-13-v2/rear/metadata/sample_3647144401205_0.yaml,/media/hdd2/ARCL_multicar_bags/camera_dataset/2026-05-05-12-28-13-v2/rear/EPnPv2_gt_mesh_z_hybrid_labels/3647144401205_0.json,/media/hdd2/ARCL_multicar_bags/camera_dataset/2026-05-05-12-28-13-v2/rear/EPnPv2_gt_mesh_z_hybrid_labels/3647144401205_0.json,epnp_label,raw,2990.482345346442,14.841498533466721,gigaPose_datasets/results/real_world_ot2_IST_tran/extrinsic_optimization_rear_epnp_hybrid_xyz_new/3647144401205_0_extrinsic_before_after.jpg,-35.9304084777832,-35.9304084777832,-35.9304084777832,nan,nan,nan,nan,metadata,pinhole,926.4222648301434,104.09028918362843,50544.456481933594,True,931.5537270649523,110.31323393116227,50596.85392852826,True,931.6176271516017,117.87781965688035,58907.203125,True
image_3649243584014,/media/hdd2/ARCL_multicar_bags/camera_dataset/2026-05-05-12-28-13-v2/rear/metadata/sample_3649243584014_0.yaml,/media/hdd2/ARCL_multicar_bags/camera_dataset/2026-05-05-12-28-13-v2/rear/EPnPv2_gt_mesh_z_hybrid_labels/3649243584014_0.json,/media/hdd2/ARCL_multicar_bags/camera_dataset/2026-05-05-12-28-13-v2/rear/EPnPv2_gt_mesh_z_hybrid_labels/3649243584014_0.json,epnp_label,raw,2194.9894157579192,12.530976295599778,gigaPose_datasets/results/real_world_ot2_IST_tran/extrinsic_optimization_rear_epnp_hybrid_xyz_new/3649243584014_0_extrinsic_before_after.jpg,-35.91163635253906,-35.91163635253906,-35.91163635253906,nan,nan,nan,nan,metadata,pinhole,881.8190881582582,102.66155671978181,50403.709411621036,True,887.0964740615657,109.00362718000365,50467.13214634842,True,884.7654553018583,117.66529433812792,54946.0859375,True
image_3650142537889,/media/hdd2/ARCL_multicar_bags/camera_dataset/2026-05-05-12-28-13-v2/rear/metadata/sample_3650142537889_0.yaml,/media/hdd2/ARCL_multicar_bags/camera_dataset/2026-05-05-12-28-13-v2/rear/EPnPv2_gt_mesh_z_hybrid_labels/3650142537889_0.json,/media/hdd2/ARCL_multicar_bags/camera_dataset/2026-05-05-12-28-13-v2/rear/EPnPv2_gt_mesh_z_hybrid_labels/3650142537889_0.json,epnp_label,raw,3436.3645443330597,12.379486392333542,gigaPose_datasets/results/real_world_ot2_IST_tran/extrinsic_optimization_rear_epnp_hybrid_xyz_new/3650142537889_0_extrinsic_before_after.jpg,-35.90010070800781,-35.90010070800781,-35.90010070800781,nan,nan,nan,nan,metadata,pinhole,884.679704143239,100.32224422491623,52867.40875244135,True,889.7378125620378,106.4292302705694,52932.01162010123,True,888.7608260883794,115.14780586813376,61986.8046875,True
image_3653462384259,/media/hdd2/ARCL_multicar_bags/camera_dataset/2026-05-05-12-28-13-v2/rear/metadata/sample_3653462384259_0.yaml,/media/hdd2/ARCL_multicar_bags/camera_dataset/2026-05-05-12-28-13-v2/rear/EPnPv2_gt_mesh_z_hybrid_labels/3653462384259_0.json,/media/hdd2/ARCL_multicar_bags/camera_dataset/2026-05-05-12-28-13-v2/rear/EPnPv2_gt_mesh_z_hybrid_labels/3653462384259_0.json,epnp_label,raw,959.7161727722735,7.493927437559365,gigaPose_datasets/results/real_world_ot2_IST_tran/extrinsic_optimization_rear_epnp_hybrid_xyz_new/3653462384259_0_extrinsic_before_after.jpg,-35.97492980957031,-35.97492980957031,-35.97492980957031,nan,nan,nan,nan,metadata,pinhole,903.0683470520156,95.85663003000778,55565.170288085996,True,908.0899054974751,102.14156443233483,55628.39267117897,True,910.1289443957172,115.95551603492304,62772.3554688,True
image_3654241852183,/media/hdd2/ARCL_multicar_bags/camera_dataset/2026-05-05-12-28-13-v2/rear/metadata/sample_3654241852183_0.yaml,/media/hdd2/ARCL_multicar_bags/camera_dataset/2026-05-05-12-28-13-v2/rear/EPnPv2_gt_mesh_z_hybrid_labels/3654241852183_0.json,/media/hdd2/ARCL_multicar_bags/camera_dataset/2026-05-05-12-28-13-v2/rear/EPnPv2_gt_mesh_z_hybrid_labels/3654241852183_0.json,epnp_label,raw,1126.7344843074873,7.426963595243264,gigaPose_datasets/results/real_world_ot2_IST_tran/extrinsic_optimization_rear_epnp_hybrid_xyz_new/3654241852183_0_extrinsic_before_after.jpg,-36.042938232421875,-36.042938232421875,-36.042938232421875,nan,nan,nan,nan,metadata,pinhole,905.3532205350334,94.03657959807487,53054.59976196289,True,910.7010603054681,100.78639598466958,53117.587422606244,True,913.3696777749349,113.90703631988345,60456.8046875,True
image_3660141935681,/media/hdd2/ARCL_multicar_bags/camera_dataset/2026-05-05-12-28-13-v2/rear/metadata/sample_3660141935681_0.yaml,/media/hdd2/ARCL_multicar_bags/camera_dataset/2026-05-05-12-28-13-v2/rear/EPnPv2_gt_mesh_z_hybrid_labels/3660141935681_0.json,/media/hdd2/ARCL_multicar_bags/camera_dataset/2026-05-05-12-28-13-v2/rear/EPnPv2_gt_mesh_z_hybrid_labels/3660141935681_0.json,epnp_label,raw,2703.790877052073,10.015512151963874,gigaPose_datasets/results/real_world_ot2_IST_tran/extrinsic_optimization_rear_epnp_hybrid_xyz_new/3660141935681_0_extrinsic_before_after.jpg,-36.76588439941406,-36.76588439941406,-36.76588439941406,nan,nan,nan,nan,metadata,pinhole,837.9405404097017,100.52840681158602,43151.5731811524,True,845.3329400496422,110.23770713346337,43233.72976948973,True,842.3688521368581,114.33427703489157,46756.625,True
image_3707355234778,/media/hdd2/ARCL_multicar_bags/camera_dataset/2026-05-05-12-28-13-v1/rear/metadata/sample_3707355234778_0.yaml,/media/hdd2/ARCL_multicar_bags/camera_dataset/2026-05-05-12-28-13-v1/rear/EPnPv2_gt_mesh_z_hybrid_labels/3707355234778_0.json,/media/hdd2/ARCL_multicar_bags/camera_dataset/2026-05-05-12-28-13-v1/rear/EPnPv2_gt_mesh_z_hybrid_labels/3707355234778_0.json,epnp_label,raw,594.2715437885472,12.609907761519924,gigaPose_datasets/results/real_world_ot2_IST_tran/extrinsic_optimization_rear_epnp_hybrid_xyz_new/3707355234778_0_extrinsic_before_after.jpg,-32.456329345703125,-32.456329345703125,-32.456329345703125,nan,nan,nan,nan,metadata,pinhole,779.331877086131,110.27022388172506,42005.401611328125,True,780.4020434981649,122.01643326165649,42280.92128534411,True,778.0144222898246,118.69518460945783,47474.9492188,True
image_3715725975502,/media/hdd2/ARCL_multicar_bags/camera_dataset/2026-05-18-v1-v4/rear/metadata/sample_3715725975502_0.yaml,/media/hdd2/ARCL_multicar_bags/camera_dataset/2026-05-18-v1-v4/rear/EPnPv2_gt_mesh_z_hybrid_labels/3715725975502_0.json,/media/hdd2/ARCL_multicar_bags/camera_dataset/2026-05-18-v1-v4/rear/EPnPv2_gt_mesh_z_hybrid_labels/3715725975502_0.json,epnp_label,raw,3575.5168638974974,8.631929448182701,gigaPose_datasets/results/real_world_ot2_IST_tran/extrinsic_optimization_rear_epnp_hybrid_xyz_new/3715725975502_0_extrinsic_before_after.jpg,-31.13620376586914,-31.13620376586914,-31.13620376586914,nan,nan,nan,nan,metadata,pinhole,1232.8559400302158,128.024996658467,20196.483612060547,True,1223.66537333717,151.3766855495578,20436.982337708294,True,1249.1044751684203,139.2583589959448,27591.9863281,True
image_3716527762197,/media/hdd2/ARCL_multicar_bags/camera_dataset/2026-05-18-v1-v4/rear/metadata/sample_3716527762197_0.yaml,/media/hdd2/ARCL_multicar_bags/camera_dataset/2026-05-18-v1-v4/rear/EPnPv2_gt_mesh_z_hybrid_labels/3716527762197_0.json,/media/hdd2/ARCL_multicar_bags/camera_dataset/2026-05-18-v1-v4/rear/EPnPv2_gt_mesh_z_hybrid_labels/3716527762197_0.json,epnp_label,raw,2652.1169551172356,7.333023670601527,gigaPose_datasets/results/real_world_ot2_IST_tran/extrinsic_optimization_rear_epnp_hybrid_xyz_new/3716527762197_0_extrinsic_before_after.jpg,-31.11656951904297,-31.11656951904297,-31.11656951904297,nan,nan,nan,nan,metadata,pinhole,1222.6233862593033,126.62260301005917,22517.89093017578,True,1214.6340571213236,147.37882014541253,22757.20220760841,True,1212.1626367105887,142.90119471954918,25193.3808594,True
image_3716727843460,/media/hdd2/ARCL_multicar_bags/camera_dataset/2026-05-18-v1-v4/rear/metadata/sample_3716727843460_0.yaml,/media/hdd2/ARCL_multicar_bags/camera_dataset/2026-05-18-v1-v4/rear/EPnPv2_gt_mesh_z_hybrid_labels/3716727843460_0.json,/media/hdd2/ARCL_multicar_bags/camera_dataset/2026-05-18-v1-v4/rear/EPnPv2_gt_mesh_z_hybrid_labels/3716727843460_0.json,epnp_label,raw,2416.3713844580757,6.066206247102108,gigaPose_datasets/results/real_world_ot2_IST_tran/extrinsic_optimization_rear_epnp_hybrid_xyz_new/3716727843460_0_extrinsic_before_after.jpg,-31.11032485961914,-31.11032485961914,-31.11032485961914,nan,nan,nan,nan,metadata,pinhole,1219.4903669375096,126.93548992382856,23080.677032470703,True,1211.7795902024495,147.136290279751,23319.43039943796,True,1210.9019224774884,141.6333751329316,26005.8066406,True
image_3716824696306,/media/hdd2/ARCL_multicar_bags/camera_dataset/2026-05-18-v1-v4/rear/metadata/sample_3716824696306_0.yaml,/media/hdd2/ARCL_multicar_bags/camera_dataset/2026-05-18-v1-v4/rear/EPnPv2_gt_mesh_z_hybrid_labels/3716824696306_0.json,/media/hdd2/ARCL_multicar_bags/camera_dataset/2026-05-18-v1-v4/rear/EPnPv2_gt_mesh_z_hybrid_labels/3716824696306_0.json,epnp_label,raw,3961.480562743926,9.742562004146246,gigaPose_datasets/results/real_world_ot2_IST_tran/extrinsic_optimization_rear_epnp_hybrid_xyz_new/3716824696306_0_extrinsic_before_after.jpg,-31.11032485961914,-31.11032485961914,-31.11032485961914,nan,nan,nan,nan,metadata,pinhole,1209.036491588269,125.62282157496,24182.727813720732,True,1201.7931136236173,144.9334719879151,24421.30020115699,True,1207.7020532172264,140.51705668860694,25543.5546875,True
image_3716925557685,/media/hdd2/ARCL_multicar_bags/camera_dataset/2026-05-18-v1-v4/rear/metadata/sample_3716925557685_0.yaml,/media/hdd2/ARCL_multicar_bags/camera_dataset/2026-05-18-v1-v4/rear/EPnPv2_gt_mesh_z_hybrid_labels/3716925557685_0.json,/media/hdd2/ARCL_multicar_bags/camera_dataset/2026-05-18-v1-v4/rear/EPnPv2_gt_mesh_z_hybrid_labels/3716925557685_0.json,epnp_label,raw,1893.1628239656159,6.463226401641191,gigaPose_datasets/results/real_world_ot2_IST_tran/extrinsic_optimization_rear_epnp_hybrid_xyz_new/3716925557685_0_extrinsic_before_after.jpg,-31.101486206054688,-31.101486206054688,-31.101486206054688,nan,nan,nan,nan,metadata,pinhole,1216.679768644385,126.21267859663504,23594.741821289062,True,1209.2265885915604,145.93121914885165,23833.272995990206,True,1206.090844653414,139.14147434760056,27064.5546875,True
image_3716925557685,/media/hdd2/ARCL_multicar_bags/camera_dataset/2026-05-18-v1-v4/rear/metadata/sample_3716925557685_1.yaml,/media/hdd2/ARCL_multicar_bags/camera_dataset/2026-05-18-v1-v4/rear/EPnPv2_gt_mesh_z_hybrid_labels/3716925557685_1.json,/media/hdd2/ARCL_multicar_bags/camera_dataset/2026-05-18-v1-v4/rear/EPnPv2_gt_mesh_z_hybrid_labels/3716925557685_1.json,epnp_label,raw,1893.1628239656159,6.463226401641191,gigaPose_datasets/results/real_world_ot2_IST_tran/extrinsic_optimization_rear_epnp_hybrid_xyz_new/3716925557685_1_extrinsic_before_after.jpg,-31.101486206054688,-31.101486206054688,-31.101486206054688,nan,nan,nan,nan,metadata,pinhole,1216.679768644385,126.21267859663504,23594.741821289062,True,1209.2265885915604,145.93121914885165,23833.272995990206,True,1206.090844653414,139.14147434760056,27064.5546875,True
image_3717025697805,/media/hdd2/ARCL_multicar_bags/camera_dataset/2026-05-18-v1-v4/rear/metadata/sample_3717025697805_0.yaml,/media/hdd2/ARCL_multicar_bags/camera_dataset/2026-05-18-v1-v4/rear/EPnPv2_gt_mesh_z_hybrid_labels/3717025697805_0.json,/media/hdd2/ARCL_multicar_bags/camera_dataset/2026-05-18-v1-v4/rear/EPnPv2_gt_mesh_z_hybrid_labels/3717025697805_0.json,epnp_label,raw,3245.695558895017,7.503116506513608,gigaPose_datasets/results/real_world_ot2_IST_tran/extrinsic_optimization_rear_epnp_hybrid_xyz_new/3717025697805_0_extrinsic_before_after.jpg,-31.097246170043945,-31.097246170043945,-31.097246170043945,nan,nan,nan,nan,metadata,pinhole,1214.8396151361858,125.54773803059221,23856.468200683594,True,1207.5217205794556,145.03122008572421,24094.956385169236,True,1202.1612948084328,138.0467634815329,25926.6308594,True
image_3717025697805,/media/hdd2/ARCL_multicar_bags/camera_dataset/2026-05-18-v1-v4/rear/metadata/sample_3717025697805_1.yaml,/media/hdd2/ARCL_multicar_bags/camera_dataset/2026-05-18-v1-v4/rear/EPnPv2_gt_mesh_z_hybrid_labels/3717025697805_1.json,/media/hdd2/ARCL_multicar_bags/camera_dataset/2026-05-18-v1-v4/rear/EPnPv2_gt_mesh_z_hybrid_labels/3717025697805_1.json,epnp_label,raw,3245.695558895017,7.503116506513608,gigaPose_datasets/results/real_world_ot2_IST_tran/extrinsic_optimization_rear_epnp_hybrid_xyz_new/3717025697805_1_extrinsic_before_after.jpg,-31.097246170043945,-31.097246170043945,-31.097246170043945,nan,nan,nan,nan,metadata,pinhole,1214.8396151361858,125.54773803059221,23856.468200683594,True,1207.5217205794556,145.03122008572421,24094.956385169236,True,1202.1612948084328,138.0467634815329,25926.6308594,True
image_3717127758233,/media/hdd2/ARCL_multicar_bags/camera_dataset/2026-05-18-v1-v4/rear/metadata/sample_3717127758233_0.yaml,/media/hdd2/ARCL_multicar_bags/camera_dataset/2026-05-18-v1-v4/rear/EPnPv2_gt_mesh_z_hybrid_labels/3717127758233_0.json,/media/hdd2/ARCL_multicar_bags/camera_dataset/2026-05-18-v1-v4/rear/EPnPv2_gt_mesh_z_hybrid_labels/3717127758233_0.json,epnp_label,raw,3030.4062650622636,7.356120897110037,gigaPose_datasets/results/real_world_ot2_IST_tran/extrinsic_optimization_rear_epnp_hybrid_xyz_new/3717127758233_0_extrinsic_before_after.jpg,-31.093542098999023,-31.093542098999023,-31.093542098999023,nan,nan,nan,nan,metadata,pinhole,1213.4325883076065,126.24924083244986,24099.733352661133,True,1206.2395752459213,145.51264839882953,24337.769015256898,True,1200.873317644733,137.35920891926523,26389.5019531,True
image_3717127758233,/media/hdd2/ARCL_multicar_bags/camera_dataset/2026-05-18-v1-v4/rear/metadata/sample_3717127758233_1.yaml,/media/hdd2/ARCL_multicar_bags/camera_dataset/2026-05-18-v1-v4/rear/EPnPv2_gt_mesh_z_hybrid_labels/3717127758233_1.json,/media/hdd2/ARCL_multicar_bags/camera_dataset/2026-05-18-v1-v4/rear/EPnPv2_gt_mesh_z_hybrid_labels/3717127758233_1.json,epnp_label,raw,3030.4062650622636,7.356120897110037,gigaPose_datasets/results/real_world_ot2_IST_tran/extrinsic_optimization_rear_epnp_hybrid_xyz_new/3717127758233_1_extrinsic_before_after.jpg,-31.093542098999023,-31.093542098999023,-31.093542098999023,nan,nan,nan,nan,metadata,pinhole,1213.4325883076065,126.24924083244986,24099.733352661133,True,1206.2395752459213,145.51264839882953,24337.769015256898,True,1200.873317644733,137.35920891926523,26389.5019531,True
image_3717227218198,/media/hdd2/ARCL_multicar_bags/camera_dataset/2026-05-18-v1-v4/rear/metadata/sample_3717227218198_0.yaml,/media/hdd2/ARCL_multicar_bags/camera_dataset/2026-05-18-v1-v4/rear/EPnPv2_gt_mesh_z_hybrid_labels/3717227218198_0.json,/media/hdd2/ARCL_multicar_bags/camera_dataset/2026-05-18-v1-v4/rear/EPnPv2_gt_mesh_z_hybrid_labels/3717227218198_0.json,epnp_label,raw,2941.213890594386,6.1626380928644915,gigaPose_datasets/results/real_world_ot2_IST_tran/extrinsic_optimization_rear_epnp_hybrid_xyz_new/3717227218198_0_extrinsic_before_after.jpg,-31.092498779296875,-31.092498779296875,-31.092498779296875,nan,nan,nan,nan,metadata,pinhole,1212.7877702455705,125.84291899189145,24292.621612548828,True,1205.6904526217684,144.9287649574407,24530.71091635397,True,1199.9794706576436,136.04816550045524,26673.7226562,True
image_3717227218198,/media/hdd2/ARCL_multicar_bags/camera_dataset/2026-05-18-v1-v4/rear/metadata/sample_3717227218198_1.yaml,/media/hdd2/ARCL_multicar_bags/camera_dataset/2026-05-18-v1-v4/rear/EPnPv2_gt_mesh_z_hybrid_labels/3717227218198_1.json,/media/hdd2/ARCL_multicar_bags/camera_dataset/2026-05-18-v1-v4/rear/EPnPv2_gt_mesh_z_hybrid_labels/3717227218198_1.json,epnp_label,raw,2941.213890594386,6.1626380928644915,gigaPose_datasets/results/real_world_ot2_IST_tran/extrinsic_optimization_rear_epnp_hybrid_xyz_new/3717227218198_1_extrinsic_before_after.jpg,-31.092498779296875,-31.092498779296875,-31.092498779296875,nan,nan,nan,nan,metadata,pinhole,1212.7877702455705,125.84291899189145,24292.621612548828,True,1205.6904526217684,144.9287649574407,24530.71091635397,True,1199.9794706576436,136.04816550045524,26673.7226562,True
image_3717328537036,/media/hdd2/ARCL_multicar_bags/camera_dataset/2026-05-18-v1-v4/rear/metadata/sample_3717328537036_0.yaml,/media/hdd2/ARCL_multicar_bags/camera_dataset/2026-05-18-v1-v4/rear/EPnPv2_gt_mesh_z_hybrid_labels/3717328537036_0.json,/media/hdd2/ARCL_multicar_bags/camera_dataset/2026-05-18-v1-v4/rear/EPnPv2_gt_mesh_z_hybrid_labels/3717328537036_0.json,epnp_label,raw,3009.1799510954033,6.658046221311945,gigaPose_datasets/results/real_world_ot2_IST_tran/extrinsic_optimization_rear_epnp_hybrid_xyz_new/3717328537036_0_extrinsic_before_after.jpg,-31.084941864013672,-31.084941864013672,-31.084941864013672,nan,nan,nan,nan,metadata,pinhole,1210.929690902975,125.90599142616385,24534.090042114258,True,1203.9591709571496,144.78471358080816,24771.839167775557,True,1199.598811182202,135.55389354995629,26849.3398438,True
image_3717328537036,/media/hdd2/ARCL_multicar_bags/camera_dataset/2026-05-18-v1-v4/rear/metadata/sample_3717328537036_1.yaml,/media/hdd2/ARCL_multicar_bags/camera_dataset/2026-05-18-v1-v4/rear/EPnPv2_gt_mesh_z_hybrid_labels/3717328537036_1.json,/media/hdd2/ARCL_multicar_bags/camera_dataset/2026-05-18-v1-v4/rear/EPnPv2_gt_mesh_z_hybrid_labels/3717328537036_1.json,epnp_label,raw,3009.1799510954033,6.658046221311945,gigaPose_datasets/results/real_world_ot2_IST_tran/extrinsic_optimization_rear_epnp_hybrid_xyz_new/3717328537036_1_extrinsic_before_after.jpg,-31.084941864013672,-31.084941864013672,-31.084941864013672,nan,nan,nan,nan,metadata,pinhole,1210.929690902975,125.90599142616385,24534.090042114258,True,1203.9591709571496,144.78471358080816,24771.839167775557,True,1199.598811182202,135.55389354995629,26849.3398438,True
image_3717425972124,/media/hdd2/ARCL_multicar_bags/camera_dataset/2026-05-18-v1-v4/rear/metadata/sample_3717425972124_0.yaml,/media/hdd2/ARCL_multicar_bags/camera_dataset/2026-05-18-v1-v4/rear/EPnPv2_gt_mesh_z_hybrid_labels/3717425972124_0.json,/media/hdd2/ARCL_multicar_bags/camera_dataset/2026-05-18-v1-v4/rear/EPnPv2_gt_mesh_z_hybrid_labels/3717425972124_0.json,epnp_label,raw,2245.9608719222974,7.551748580293015,gigaPose_datasets/results/real_world_ot2_IST_tran/extrinsic_optimization_rear_epnp_hybrid_xyz_new/3717425972124_0_extrinsic_before_after.jpg,-31.0814151763916,-31.0814151763916,-31.0814151763916,nan,nan,nan,nan,metadata,pinhole,1210.1659965629553,125.81182580790417,24708.40072631836,True,1203.287559956742,144.53375469172235,24946.063839173614,True,1200.337210819154,136.43179320602468,27812.0957031,True
image_3717425972124,/media/hdd2/ARCL_multicar_bags/camera_dataset/2026-05-18-v1-v4/rear/metadata/sample_3717425972124_1.yaml,/media/hdd2/ARCL_multicar_bags/camera_dataset/2026-05-18-v1-v4/rear/EPnPv2_gt_mesh_z_hybrid_labels/3717425972124_1.json,/media/hdd2/ARCL_multicar_bags/camera_dataset/2026-05-18-v1-v4/rear/EPnPv2_gt_mesh_z_hybrid_labels/3717425972124_1.json,epnp_label,raw,2245.9608719222974,7.551748580293015,gigaPose_datasets/results/real_world_ot2_IST_tran/extrinsic_optimization_rear_epnp_hybrid_xyz_new/3717425972124_1_extrinsic_before_after.jpg,-31.0814151763916,-31.0814151763916,-31.0814151763916,nan,nan,nan,nan,metadata,pinhole,1210.1659965629553,125.81182580790417,24708.40072631836,True,1203.287559956742,144.53375469172235,24946.063839173614,True,1200.337210819154,136.43179320602468,27812.0957031,True
image_3717524725937,/media/hdd2/ARCL_multicar_bags/camera_dataset/2026-05-18-v1-v4/rear/metadata/sample_3717524725937_0.yaml,/media/hdd2/ARCL_multicar_bags/camera_dataset/2026-05-18-v1-v4/rear/EPnPv2_gt_mesh_z_hybrid_labels/3717524725937_0.json,/media/hdd2/ARCL_multicar_bags/camera_dataset/2026-05-18-v1-v4/rear/EPnPv2_gt_mesh_z_hybrid_labels/3717524725937_0.json,epnp_label,raw,1011.1385032785182,6.4210296404408425,gigaPose_datasets/results/real_world_ot2_IST_tran/extrinsic_optimization_rear_epnp_hybrid_xyz_new/3717524725937_0_extrinsic_before_after.jpg,-31.0814151763916,-31.0814151763916,-31.0814151763916,nan,nan,nan,nan,metadata,pinhole,1202.5473910120406,123.23419280441921,25789.173126220732,True,1196.0308697276173,141.1919343914114,26027.492748839373,True,1204.1762148578473,134.8964213892064,30761.9804688,True
image_3717625530548,/media/hdd2/ARCL_multicar_bags/camera_dataset/2026-05-18-v1-v4/rear/metadata/sample_3717625530548_0.yaml,/media/hdd2/ARCL_multicar_bags/camera_dataset/2026-05-18-v1-v4/rear/EPnPv2_gt_mesh_z_hybrid_labels/3717625530548_0.json,/media/hdd2/ARCL_multicar_bags/camera_dataset/2026-05-18-v1-v4/rear/EPnPv2_gt_mesh_z_hybrid_labels/3717625530548_0.json,epnp_label,raw,1895.3541573795842,4.780466809972613,gigaPose_datasets/results/real_world_ot2_IST_tran/extrinsic_optimization_rear_epnp_hybrid_xyz_new/3717625530548_0_extrinsic_before_after.jpg,-31.068754196166992,-31.068754196166992,-31.068754196166992,nan,nan,nan,nan,metadata,pinhole,1208.047629566428,124.30560697587498,25123.34442138672,True,1201.3600460291993,142.67040258193057,25361.305665484455,True,1202.56015107491,137.8461764506121,28610.8261719,True
image_3717625530548,/media/hdd2/ARCL_multicar_bags/camera_dataset/2026-05-18-v1-v4/rear/metadata/sample_3717625530548_1.yaml,/media/hdd2/ARCL_multicar_bags/camera_dataset/2026-05-18-v1-v4/rear/EPnPv2_gt_mesh_z_hybrid_labels/3717625530548_1.json,/media/hdd2/ARCL_multicar_bags/camera_dataset/2026-05-18-v1-v4/rear/EPnPv2_gt_mesh_z_hybrid_labels/3717625530548_1.json,epnp_label,raw,1895.3541573795842,4.780466809972613,gigaPose_datasets/results/real_world_ot2_IST_tran/extrinsic_optimization_rear_epnp_hybrid_xyz_new/3717625530548_1_extrinsic_before_after.jpg,-31.068754196166992,-31.068754196166992,-31.068754196166992,nan,nan,nan,nan,metadata,pinhole,1208.047629566428,124.30560697587498,25123.34442138672,True,1201.3600460291993,142.67040258193057,25361.305665484455,True,1202.56015107491,137.8461764506121,28610.8261719,True
image_3717725411451,/media/hdd2/ARCL_multicar_bags/camera_dataset/2026-05-18-v1-v4/rear/metadata/sample_3717725411451_0.yaml,/media/hdd2/ARCL_multicar_bags/camera_dataset/2026-05-18-v1-v4/rear/EPnPv2_gt_mesh_z_hybrid_labels/3717725411451_0.json,/media/hdd2/ARCL_multicar_bags/camera_dataset/2026-05-18-v1-v4/rear/EPnPv2_gt_mesh_z_hybrid_labels/3717725411451_0.json,epnp_label,raw,964.7832199083118,4.615511745713337,gigaPose_datasets/results/real_world_ot2_IST_tran/extrinsic_optimization_rear_epnp_hybrid_xyz_new/3717725411451_0_extrinsic_before_after.jpg,-31.06729507446289,-31.06729507446289,-31.06729507446289,nan,nan,nan,nan,metadata,pinhole,1207.676222854208,124.04664693281715,25336.669921875,True,1201.0730787133593,142.22932163448533,25574.701058823906,True,1201.6637901590889,135.3463869955156,29981.890625,True
image_3717725411451,/media/hdd2/ARCL_multicar_bags/camera_dataset/2026-05-18-v1-v4/rear/metadata/sample_3717725411451_1.yaml,/media/hdd2/ARCL_multicar_bags/camera_dataset/2026-05-18-v1-v4/rear/EPnPv2_gt_mesh_z_hybrid_labels/3717725411451_1.json,/media/hdd2/ARCL_multicar_bags/camera_dataset/2026-05-18-v1-v4/rear/EPnPv2_gt_mesh_z_hybrid_labels/3717725411451_1.json,epnp_label,raw,964.7832199083118,4.615511745713337,gigaPose_datasets/results/real_world_ot2_IST_tran/extrinsic_optimization_rear_epnp_hybrid_xyz_new/3717725411451_1_extrinsic_before_after.jpg,-31.06729507446289,-31.06729507446289,-31.06729507446289,nan,nan,nan,nan,metadata,pinhole,1207.676222854208,124.04664693281715,25336.669921875,True,1201.0730787133593,142.22932163448533,25574.701058823906,True,1201.6637901590889,135.3463869955156,29981.890625,True
image_3717824364634,/media/hdd2/ARCL_multicar_bags/camera_dataset/2026-05-18-v1-v4/rear/metadata/sample_3717824364634_0.yaml,/media/hdd2/ARCL_multicar_bags/camera_dataset/2026-05-18-v1-v4/rear/EPnPv2_gt_mesh_z_hybrid_labels/3717824364634_0.json,/media/hdd2/ARCL_multicar_bags/camera_dataset/2026-05-18-v1-v4/rear/EPnPv2_gt_mesh_z_hybrid_labels/3717824364634_0.json,epnp_label,raw,1162.2817212517004,7.13858803225854,gigaPose_datasets/results/real_world_ot2_IST_tran/extrinsic_optimization_rear_epnp_hybrid_xyz_new/3717824364634_0_extrinsic_before_after.jpg,-31.06729507446289,-31.06729507446289,-31.06729507446289,nan,nan,nan,nan,metadata,pinhole,1200.274535829175,125.06869653510824,26458.288192749023,True,1194.0366233482157,142.5002366594462,26695.45292091294,True,1198.313341148989,135.4035916839195,30887.1347656,True
image_3717824364634,/media/hdd2/ARCL_multicar_bags/camera_dataset/2026-05-18-v1-v4/rear/metadata/sample_3717824364634_1.yaml,/media/hdd2/ARCL_multicar_bags/camera_dataset/2026-05-18-v1-v4/rear/EPnPv2_gt_mesh_z_hybrid_labels/3717824364634_1.json,/media/hdd2/ARCL_multicar_bags/camera_dataset/2026-05-18-v1-v4/rear/EPnPv2_gt_mesh_z_hybrid_labels/3717824364634_1.json,epnp_label,raw,1162.2817212517004,7.13858803225854,gigaPose_datasets/results/real_world_ot2_IST_tran/extrinsic_optimization_rear_epnp_hybrid_xyz_new/3717824364634_1_extrinsic_before_after.jpg,-31.06729507446289,-31.06729507446289,-31.06729507446289,nan,nan,nan,nan,metadata,pinhole,1200.274535829175,125.06869653510824,26458.288192749023,True,1194.0366233482157,142.5002366594462,26695.45292091294,True,1198.313341148989,135.4035916839195,30887.1347656,True
image_3717925482256,/media/hdd2/ARCL_multicar_bags/camera_dataset/2026-05-18-v1-v4/rear/metadata/sample_3717925482256_0.yaml,/media/hdd2/ARCL_multicar_bags/camera_dataset/2026-05-18-v1-v4/rear/EPnPv2_gt_mesh_z_hybrid_labels/3717925482256_0.json,/media/hdd2/ARCL_multicar_bags/camera_dataset/2026-05-18-v1-v4/rear/EPnPv2_gt_mesh_z_hybrid_labels/3717925482256_0.json,epnp_label,raw,1638.7734657308279,6.804558345401517,gigaPose_datasets/results/real_world_ot2_IST_tran/extrinsic_optimization_rear_epnp_hybrid_xyz_new/3717925482256_0_extrinsic_before_after.jpg,-31.052051544189453,-31.052051544189453,-31.052051544189453,nan,nan,nan,nan,metadata,pinhole,1205.9764344451937,125.25729491327098,25783.88786315921,True,1199.5777188184684,143.07938791222787,26021.02990075457,True,1192.9500549076315,136.2581334654096,29503.5878906,True
image_3717925482256,/media/hdd2/ARCL_multicar_bags/camera_dataset/2026-05-18-v1-v4/rear/metadata/sample_3717925482256_1.yaml,/media/hdd2/ARCL_multicar_bags/camera_dataset/2026-05-18-v1-v4/rear/EPnPv2_gt_mesh_z_hybrid_labels/3717925482256_1.json,/media/hdd2/ARCL_multicar_bags/camera_dataset/2026-05-18-v1-v4/rear/EPnPv2_gt_mesh_z_hybrid_labels/3717925482256_1.json,epnp_label,raw,1638.7734657308279,6.804558345401517,gigaPose_datasets/results/real_world_ot2_IST_tran/extrinsic_optimization_rear_epnp_hybrid_xyz_new/3717925482256_1_extrinsic_before_after.jpg,-31.052051544189453,-31.052051544189453,-31.052051544189453,nan,nan,nan,nan,metadata,pinhole,1205.9764344451937,125.25729491327098,25783.88786315921,True,1199.5777188184684,143.07938791222787,26021.02990075457,True,1192.9500549076315,136.2581334654096,29503.5878906,True
image_3718125253395,/media/hdd2/ARCL_multicar_bags/camera_dataset/2026-05-18-v1-v4/rear/metadata/sample_3718125253395_0.yaml,/media/hdd2/ARCL_multicar_bags/camera_dataset/2026-05-18-v1-v4/rear/EPnPv2_gt_mesh_z_hybrid_labels/3718125253395_0.json,/media/hdd2/ARCL_multicar_bags/camera_dataset/2026-05-18-v1-v4/rear/EPnPv2_gt_mesh_z_hybrid_labels/3718125253395_0.json,epnp_label,raw,3256.878925977493,4.753409903398059,gigaPose_datasets/results/real_world_ot2_IST_tran/extrinsic_optimization_rear_epnp_hybrid_xyz_new/3718125253395_0_extrinsic_before_after.jpg,-31.038715362548828,-31.038715362548828,-31.038715362548828,nan,nan,nan,nan,metadata,pinhole,1203.6906036772982,123.215889623306,26204.076766967803,True,1197.4623734974405,140.701888450213,26441.742265798093,True,1196.1453274187065,137.69244869444097,28262.5332031,True
image_3718125253395,/media/hdd2/ARCL_multicar_bags/camera_dataset/2026-05-18-v1-v4/rear/metadata/sample_3718125253395_1.yaml,/media/hdd2/ARCL_multicar_bags/camera_dataset/2026-05-18-v1-v4/rear/EPnPv2_gt_mesh_z_hybrid_labels/3718125253395_1.json,/media/hdd2/ARCL_multicar_bags/camera_dataset/2026-05-18-v1-v4/rear/EPnPv2_gt_mesh_z_hybrid_labels/3718125253395_1.json,epnp_label,raw,3256.878925977493,4.753409903398059,gigaPose_datasets/results/real_world_ot2_IST_tran/extrinsic_optimization_rear_epnp_hybrid_xyz_new/3718125253395_1_extrinsic_before_after.jpg,-31.038715362548828,-31.038715362548828,-31.038715362548828,nan,nan,nan,nan,metadata,pinhole,1203.6906036772982,123.215889623306,26204.076766967803,True,1197.4623734974405,140.701888450213,26441.742265798093,True,1196.1453274187065,137.69244869444097,28262.5332031,True
image_3718226193383,/media/hdd2/ARCL_multicar_bags/camera_dataset/2026-05-18-v1-v4/rear/metadata/sample_3718226193383_0.yaml,/media/hdd2/ARCL_multicar_bags/camera_dataset/2026-05-18-v1-v4/rear/EPnPv2_gt_mesh_z_hybrid_labels/3718226193383_0.json,/media/hdd2/ARCL_multicar_bags/camera_dataset/2026-05-18-v1-v4/rear/EPnPv2_gt_mesh_z_hybrid_labels/3718226193383_0.json,epnp_label,raw,1932.384035259295,5.789087848980295,gigaPose_datasets/results/real_world_ot2_IST_tran/extrinsic_optimization_rear_epnp_hybrid_xyz_new/3718226193383_0_extrinsic_before_after.jpg,-31.038715362548828,-31.038715362548828,-31.038715362548828,nan,nan,nan,nan,metadata,pinhole,1195.3750346447296,122.67245443079052,27338.14239501953,True,1189.4778808326305,139.45008294274442,27575.516982318193,True,1192.6607074617027,134.98532018019603,30799.4589844,True
image_3718226193383,/media/hdd2/ARCL_multicar_bags/camera_dataset/2026-05-18-v1-v4/rear/metadata/sample_3718226193383_1.yaml,/media/hdd2/ARCL_multicar_bags/camera_dataset/2026-05-18-v1-v4/rear/EPnPv2_gt_mesh_z_hybrid_labels/3718226193383_1.json,/media/hdd2/ARCL_multicar_bags/camera_dataset/2026-05-18-v1-v4/rear/EPnPv2_gt_mesh_z_hybrid_labels/3718226193383_1.json,epnp_label,raw,1932.384035259295,5.789087848980295,gigaPose_datasets/results/real_world_ot2_IST_tran/extrinsic_optimization_rear_epnp_hybrid_xyz_new/3718226193383_1_extrinsic_before_after.jpg,-31.038715362548828,-31.038715362548828,-31.038715362548828,nan,nan,nan,nan,metadata,pinhole,1195.3750346447296,122.67245443079052,27338.14239501953,True,1189.4778808326305,139.45008294274442,27575.516982318193,True,1192.6607074617027,134.98532018019603,30799.4589844,True
image_3718325338900,/media/hdd2/ARCL_multicar_bags/camera_dataset/2026-05-18-v1-v4/rear/metadata/sample_3718325338900_0.yaml,/media/hdd2/ARCL_multicar_bags/camera_dataset/2026-05-18-v1-v4/rear/EPnPv2_gt_mesh_z_hybrid_labels/3718325338900_0.json,/media/hdd2/ARCL_multicar_bags/camera_dataset/2026-05-18-v1-v4/rear/EPnPv2_gt_mesh_z_hybrid_labels/3718325338900_0.json,epnp_label,raw,1506.5674290750696,7.424839751792965,gigaPose_datasets/results/real_world_ot2_IST_tran/extrinsic_optimization_rear_epnp_hybrid_xyz_new/3718325338900_0_extrinsic_before_after.jpg,-31.035259246826172,-31.035259246826172,-31.035259246826172,nan,nan,nan,nan,metadata,pinhole,1201.6491392306298,123.19628011303085,26542.997360229463,True,1195.5587480817674,140.40089017914138,26780.369104173093,True,1191.5400224579064,135.04269246724047,30420.2304688,True
image_3718325338900,/media/hdd2/ARCL_multicar_bags/camera_dataset/2026-05-18-v1-v4/rear/metadata/sample_3718325338900_1.yaml,/media/hdd2/ARCL_multicar_bags/camera_dataset/2026-05-18-v1-v4/rear/EPnPv2_gt_mesh_z_hybrid_labels/3718325338900_1.json,/media/hdd2/ARCL_multicar_bags/camera_dataset/2026-05-18-v1-v4/rear/EPnPv2_gt_mesh_z_hybrid_labels/3718325338900_1.json,epnp_label,raw,1506.5674290750696,7.424839751792965,gigaPose_datasets/results/real_world_ot2_IST_tran/extrinsic_optimization_rear_epnp_hybrid_xyz_new/3718325338900_1_extrinsic_before_after.jpg,-31.035259246826172,-31.035259246826172,-31.035259246826172,nan,nan,nan,nan,metadata,pinhole,1201.6491392306298,123.19628011303085,26542.997360229463,True,1195.5587480817674,140.40089017914138,26780.369104173093,True,1191.5400224579064,135.04269246724047,30420.2304688,True
image_3718425384865,/media/hdd2/ARCL_multicar_bags/camera_dataset/2026-05-18-v1-v4/rear/metadata/sample_3718425384865_0.yaml,/media/hdd2/ARCL_multicar_bags/camera_dataset/2026-05-18-v1-v4/rear/EPnPv2_gt_mesh_z_hybrid_labels/3718425384865_0.json,/media/hdd2/ARCL_multicar_bags/camera_dataset/2026-05-18-v1-v4/rear/EPnPv2_gt_mesh_z_hybrid_labels/3718425384865_0.json,epnp_label,raw,1226.7309922716636,8.825467701457098,gigaPose_datasets/results/real_world_ot2_IST_tran/extrinsic_optimization_rear_epnp_hybrid_xyz_new/3718425384865_0_extrinsic_before_after.jpg,-31.035259246826172,-31.035259246826172,-31.035259246826172,nan,nan,nan,nan,metadata,pinhole,1194.1473449068428,122.02423497063961,27665.321350097656,True,1188.3567764126644,138.5432740644291,27902.75393698414,True,1193.257104644655,137.54057718709595,33731.0976562,True
image_3718425384865,/media/hdd2/ARCL_multicar_bags/camera_dataset/2026-05-18-v1-v4/rear/metadata/sample_3718425384865_1.yaml,/media/hdd2/ARCL_multicar_bags/camera_dataset/2026-05-18-v1-v4/rear/EPnPv2_gt_mesh_z_hybrid_labels/3718425384865_1.json,/media/hdd2/ARCL_multicar_bags/camera_dataset/2026-05-18-v1-v4/rear/EPnPv2_gt_mesh_z_hybrid_labels/3718425384865_1.json,epnp_label,raw,1226.7309922716636,8.825467701457098,gigaPose_datasets/results/real_world_ot2_IST_tran/extrinsic_optimization_rear_epnp_hybrid_xyz_new/3718425384865_1_extrinsic_before_after.jpg,-31.035259246826172,-31.035259246826172,-31.035259246826172,nan,nan,nan,nan,metadata,pinhole,1194.1473449068428,122.02423497063961,27665.321350097656,True,1188.3567764126644,138.5432740644291,27902.75393698414,True,1193.257104644655,137.54057718709595,33731.0976562,True
image_3718625565731,/media/hdd2/ARCL_multicar_bags/camera_dataset/2026-05-18-v1-v4/rear/metadata/sample_3718625565731_0.yaml,/media/hdd2/ARCL_multicar_bags/camera_dataset/2026-05-18-v1-v4/rear/EPnPv2_gt_mesh_z_hybrid_labels/3718625565731_0.json,/media/hdd2/ARCL_multicar_bags/camera_dataset/2026-05-18-v1-v4/rear/EPnPv2_gt_mesh_z_hybrid_labels/3718625565731_0.json,epnp_label,raw,1833.9679478330509,6.2247903480560725,gigaPose_datasets/results/real_world_ot2_IST_tran/extrinsic_optimization_rear_epnp_hybrid_xyz_new/3718625565731_0_extrinsic_before_after.jpg,-31.02769660949707,-31.02769660949707,-31.02769660949707,nan,nan,nan,nan,metadata,pinhole,1191.3361653439692,119.97322909502473,27835.454940795913,True,1185.6359712617616,136.3321878472245,28073.444962497728,True,1189.6590042953176,129.65054960522897,31423.78125,True
image_3718924528336,/media/hdd2/ARCL_multicar_bags/camera_dataset/2026-05-18-v1-v4/rear/metadata/sample_3718924528336_0.yaml,/media/hdd2/ARCL_multicar_bags/camera_dataset/2026-05-18-v1-v4/rear/EPnPv2_gt_mesh_z_hybrid_labels/3718924528336_0.json,/media/hdd2/ARCL_multicar_bags/camera_dataset/2026-05-18-v1-v4/rear/EPnPv2_gt_mesh_z_hybrid_labels/3718924528336_0.json,epnp_label,raw,1994.3641716980935,10.521162149723926,gigaPose_datasets/results/real_world_ot2_IST_tran/extrinsic_optimization_rear_epnp_hybrid_xyz_new/3718924528336_0_extrinsic_before_after.jpg,-31.025304794311523,-31.025304794311523,-31.025304794311523,nan,nan,nan,nan,metadata,pinhole,1190.259554971212,118.54427995282816,28197.525024414062,True,1184.7390758312974,134.61900853084586,28435.723577973447,True,1185.8705853613938,129.06115612951336,31578.2070312,True
image_3718924528336,/media/hdd2/ARCL_multicar_bags/camera_dataset/2026-05-18-v1-v4/rear/metadata/sample_3718924528336_1.yaml,/media/hdd2/ARCL_multicar_bags/camera_dataset/2026-05-18-v1-v4/rear/EPnPv2_gt_mesh_z_hybrid_labels/3718924528336_1.json,/media/hdd2/ARCL_multicar_bags/camera_dataset/2026-05-18-v1-v4/rear/EPnPv2_gt_mesh_z_hybrid_labels/3718924528336_1.json,epnp_label,raw,1994.3641716980935,10.521162149723926,gigaPose_datasets/results/real_world_ot2_IST_tran/extrinsic_optimization_rear_epnp_hybrid_xyz_new/3718924528336_1_extrinsic_before_after.jpg,-31.025304794311523,-31.025304794311523,-31.025304794311523,nan,nan,nan,nan,metadata,pinhole,1190.259554971212,118.54427995282816,28197.525024414062,True,1184.7390758312974,134.61900853084586,28435.723577973447,True,1185.8705853613938,129.06115612951336,31578.2070312,True
image_3719027308728,/media/hdd2/ARCL_multicar_bags/camera_dataset/2026-05-18-v1-v4/rear/metadata/sample_3719027308728_0.yaml,/media/hdd2/ARCL_multicar_bags/camera_dataset/2026-05-18-v1-v4/rear/EPnPv2_gt_mesh_z_hybrid_labels/3719027308728_0.json,/media/hdd2/ARCL_multicar_bags/camera_dataset/2026-05-18-v1-v4/rear/EPnPv2_gt_mesh_z_hybrid_labels/3719027308728_0.json,epnp_label,raw,1284.7218203501454,4.910490294799535,gigaPose_datasets/results/real_world_ot2_IST_tran/extrinsic_optimization_rear_epnp_hybrid_xyz_new/3719027308728_0_extrinsic_before_after.jpg,-31.024866104125977,-31.024866104125977,-31.024866104125977,nan,nan,nan,nan,metadata,pinhole,1194.9400500125917,120.16646416506626,27417.520523071304,True,1189.2729913435232,136.62819882057687,27655.238549488902,True,1189.1805733789922,128.61713630007628,33630.65625,True
image_3719027308728,/media/hdd2/ARCL_multicar_bags/camera_dataset/2026-05-18-v1-v4/rear/metadata/sample_3719027308728_1.yaml,/media/hdd2/ARCL_multicar_bags/camera_dataset/2026-05-18-v1-v4/rear/EPnPv2_gt_mesh_z_hybrid_labels/3719027308728_1.json,/media/hdd2/ARCL_multicar_bags/camera_dataset/2026-05-18-v1-v4/rear/EPnPv2_gt_mesh_z_hybrid_labels/3719027308728_1.json,epnp_label,raw,1284.7218203501454,4.910490294799535,gigaPose_datasets/results/real_world_ot2_IST_tran/extrinsic_optimization_rear_epnp_hybrid_xyz_new/3719027308728_1_extrinsic_before_after.jpg,-31.024866104125977,-31.024866104125977,-31.024866104125977,nan,nan,nan,nan,metadata,pinhole,1194.9400500125917,120.16646416506626,27417.520523071304,True,1189.2729913435232,136.62819882057687,27655.238549488902,True,1189.1805733789922,128.61713630007628,33630.65625,True
image_3719325275437,/media/hdd2/ARCL_multicar_bags/camera_dataset/2026-05-18-v1-v4/rear/metadata/sample_3719325275437_0.yaml,/media/hdd2/ARCL_multicar_bags/camera_dataset/2026-05-18-v1-v4/rear/EPnPv2_gt_mesh_z_hybrid_labels/3719325275437_0.json,/media/hdd2/ARCL_multicar_bags/camera_dataset/2026-05-18-v1-v4/rear/EPnPv2_gt_mesh_z_hybrid_labels/3719325275437_0.json,epnp_label,raw,2111.573356133857,7.587475771982738,gigaPose_datasets/results/real_world_ot2_IST_tran/extrinsic_optimization_rear_epnp_hybrid_xyz_new/3719325275437_0_extrinsic_before_after.jpg,-31.02623748779297,-31.02623748779297,-31.02623748779297,nan,nan,nan,nan,metadata,pinhole,1191.7829173325442,120.10917177800857,27818.008422851577,True,1186.2930672261696,136.2483248675648,28055.44279705445,True,1183.9254289719258,130.43264726624597,31057.4746094,True
image_3719325275437,/media/hdd2/ARCL_multicar_bags/camera_dataset/2026-05-18-v1-v4/rear/metadata/sample_3719325275437_1.yaml,/media/hdd2/ARCL_multicar_bags/camera_dataset/2026-05-18-v1-v4/rear/EPnPv2_gt_mesh_z_hybrid_labels/3719325275437_1.json,/media/hdd2/ARCL_multicar_bags/camera_dataset/2026-05-18-v1-v4/rear/EPnPv2_gt_mesh_z_hybrid_labels/3719325275437_1.json,epnp_label,raw,2111.573356133857,7.587475771982738,gigaPose_datasets/results/real_world_ot2_IST_tran/extrinsic_optimization_rear_epnp_hybrid_xyz_new/3719325275437_1_extrinsic_before_after.jpg,-31.02623748779297,-31.02623748779297,-31.02623748779297,nan,nan,nan,nan,metadata,pinhole,1191.7829173325442,120.10917177800857,27818.008422851577,True,1186.2930672261696,136.2483248675648,28055.44279705445,True,1183.9254289719258,130.43264726624597,31057.4746094,True
image_3719425871017,/media/hdd2/ARCL_multicar_bags/camera_dataset/2026-05-18-v1-v4/rear/metadata/sample_3719425871017_0.yaml,/media/hdd2/ARCL_multicar_bags/camera_dataset/2026-05-18-v1-v4/rear/EPnPv2_gt_mesh_z_hybrid_labels/3719425871017_0.json,/media/hdd2/ARCL_multicar_bags/camera_dataset/2026-05-18-v1-v4/rear/EPnPv2_gt_mesh_z_hybrid_labels/3719425871017_0.json,epnp_label,raw,2071.951957027065,7.625535242316005,gigaPose_datasets/results/real_world_ot2_IST_tran/extrinsic_optimization_rear_epnp_hybrid_xyz_new/3719425871017_0_extrinsic_before_after.jpg,-31.027828216552734,-31.027828216552734,-31.027828216552734,nan,nan,nan,nan,metadata,pinhole,1190.9844471082547,119.71389968770424,27969.051361083984,True,1185.5503677064917,135.73566938546355,28206.631282629503,True,1182.4507376180632,128.29031104197176,31252.5917969,True
image_3719425871017,/media/hdd2/ARCL_multicar_bags/camera_dataset/2026-05-18-v1-v4/rear/metadata/sample_3719425871017_1.yaml,/media/hdd2/ARCL_multicar_bags/camera_dataset/2026-05-18-v1-v4/rear/EPnPv2_gt_mesh_z_hybrid_labels/3719425871017_1.json,/media/hdd2/ARCL_multicar_bags/camera_dataset/2026-05-18-v1-v4/rear/EPnPv2_gt_mesh_z_hybrid_labels/3719425871017_1.json,epnp_label,raw,2071.951957027065,7.625535242316005,gigaPose_datasets/results/real_world_ot2_IST_tran/extrinsic_optimization_rear_epnp_hybrid_xyz_new/3719425871017_1_extrinsic_before_after.jpg,-31.027828216552734,-31.027828216552734,-31.027828216552734,nan,nan,nan,nan,metadata,pinhole,1190.9844471082547,119.71389968770424,27969.051361083984,True,1185.5503677064917,135.73566938546355,28206.631282629503,True,1182.4507376180632,128.29031104197176,31252.5917969,True
image_3719524470413,/media/hdd2/ARCL_multicar_bags/camera_dataset/2026-05-18-v1-v4/rear/metadata/sample_3719524470413_0.yaml,/media/hdd2/ARCL_multicar_bags/camera_dataset/2026-05-18-v1-v4/rear/EPnPv2_gt_mesh_z_hybrid_labels/3719524470413_0.json,/media/hdd2/ARCL_multicar_bags/camera_dataset/2026-05-18-v1-v4/rear/EPnPv2_gt_mesh_z_hybrid_labels/3719524470413_0.json,epnp_label,raw,930.0648151335168,7.614483465089567,gigaPose_datasets/results/real_world_ot2_IST_tran/extrinsic_optimization_rear_epnp_hybrid_xyz_new/3719524470413_0_extrinsic_before_after.jpg,-31.02664566040039,-31.02664566040039,-31.02664566040039,nan,nan,nan,nan,metadata,pinhole,1190.444779384273,119.63430576907162,28090.093612670913,True,1185.0662404516477,135.5578925695763,28327.68790739459,True,1180.5315990796616,127.30928592046762,32674.2871094,True
image_3719524470413,/media/hdd2/ARCL_multicar_bags/camera_dataset/2026-05-18-v1-v4/rear/metadata/sample_3719524470413_1.yaml,/media/hdd2/ARCL_multicar_bags/camera_dataset/2026-05-18-v1-v4/rear/EPnPv2_gt_mesh_z_hybrid_labels/3719524470413_1.json,/media/hdd2/ARCL_multicar_bags/camera_dataset/2026-05-18-v1-v4/rear/EPnPv2_gt_mesh_z_hybrid_labels/3719524470413_1.json,epnp_label,raw,930.0648151335168,7.614483465089567,gigaPose_datasets/results/real_world_ot2_IST_tran/extrinsic_optimization_rear_epnp_hybrid_xyz_new/3719524470413_1_extrinsic_before_after.jpg,-31.02664566040039,-31.02664566040039,-31.02664566040039,nan,nan,nan,nan,metadata,pinhole,1190.444779384273,119.63430576907162,28090.093612670913,True,1185.0662404516477,135.5578925695763,28327.68790739459,True,1180.5315990796616,127.30928592046762,32674.2871094,True
image_3719630756451,/media/hdd2/ARCL_multicar_bags/camera_dataset/2026-05-18-v1-v4/rear/metadata/sample_3719630756451_0.yaml,/media/hdd2/ARCL_multicar_bags/camera_dataset/2026-05-18-v1-v4/rear/EPnPv2_gt_mesh_z_hybrid_labels/3719630756451_0.json,/media/hdd2/ARCL_multicar_bags/camera_dataset/2026-05-18-v1-v4/rear/EPnPv2_gt_mesh_z_hybrid_labels/3719630756451_0.json,epnp_label,raw,1044.8167434722911,7.517045182739549,gigaPose_datasets/results/real_world_ot2_IST_tran/extrinsic_optimization_rear_epnp_hybrid_xyz_new/3719630756451_0_extrinsic_before_after.jpg,-31.02472496032715,-31.02472496032715,-31.02472496032715,nan,nan,nan,nan,metadata,pinhole,1189.7374205560304,119.8648169550847,28300.703048706055,True,1184.4195714071104,135.6404799399557,28538.07482401996,True,1182.6330987526649,126.82395525749959,32793.7851562,True
image_3719727931599,/media/hdd2/ARCL_multicar_bags/camera_dataset/2026-05-18-v1-v4/rear/metadata/sample_3719727931599_0.yaml,/media/hdd2/ARCL_multicar_bags/camera_dataset/2026-05-18-v1-v4/rear/EPnPv2_gt_mesh_z_hybrid_labels/3719727931599_0.json,/media/hdd2/ARCL_multicar_bags/camera_dataset/2026-05-18-v1-v4/rear/EPnPv2_gt_mesh_z_hybrid_labels/3719727931599_0.json,epnp_label,raw,797.1495709786283,6.331763956505242,gigaPose_datasets/results/real_world_ot2_IST_tran/extrinsic_optimization_rear_epnp_hybrid_xyz_new/3719727931599_0_extrinsic_before_after.jpg,-31.02532958984375,-31.02532958984375,-31.02532958984375,nan,nan,nan,nan,metadata,pinhole,1189.6792438847767,120.16038890078406,28400.245666503906,True,1184.401007287765,135.84991756254934,28637.494890911694,True,1182.8901948375812,126.28723959612778,33393.6953125,True
image_3720024978439,/media/hdd2/ARCL_multicar_bags/camera_dataset/2026-05-18-v1-v4/rear/metadata/sample_3720024978439_0.yaml,/media/hdd2/ARCL_multicar_bags/camera_dataset/2026-05-18-v1-v4/rear/EPnPv2_gt_mesh_z_hybrid_labels/3720024978439_0.json,/media/hdd2/ARCL_multicar_bags/camera_dataset/2026-05-18-v1-v4/rear/EPnPv2_gt_mesh_z_hybrid_labels/3720024978439_0.json,epnp_label,raw,1179.5363374754027,5.045115752185512,gigaPose_datasets/results/real_world_ot2_IST_tran/extrinsic_optimization_rear_epnp_hybrid_xyz_new/3720024978439_0_extrinsic_before_after.jpg,-31.019290924072266,-31.019290924072266,-31.019290924072266,nan,nan,nan,nan,metadata,pinhole,1189.5175482767274,118.37453907319517,28805.93681335452,True,1184.3695412258216,133.75498961677044,29043.94995896591,True,1185.0270646712545,127.35339406545975,34887.5976562,True
image_3720247420473,/media/hdd2/ARCL_multicar_bags/camera_dataset/2026-05-18-v1-v4/rear/metadata/sample_3720247420473_0.yaml,/media/hdd2/ARCL_multicar_bags/camera_dataset/2026-05-18-v1-v4/rear/EPnPv2_gt_mesh_z_hybrid_labels/3720247420473_0.json,/media/hdd2/ARCL_multicar_bags/camera_dataset/2026-05-18-v1-v4/rear/EPnPv2_gt_mesh_z_hybrid_labels/3720247420473_0.json,epnp_label,raw,1713.0042567912742,12.275471343709262,gigaPose_datasets/results/real_world_ot2_IST_tran/extrinsic_optimization_rear_epnp_hybrid_xyz_new/3720247420473_0_extrinsic_before_after.jpg,-31.01479721069336,-31.01479721069336,-31.01479721069336,nan,nan,nan,nan,metadata,pinhole,1191.0648363846244,116.04900168124934,29281.246185302734,True,1186.0225813761176,131.1198632029333,29520.406951656245,True,1185.9173001915399,127.27283311689803,32957.859375,True
image_3721525590818,/media/hdd2/ARCL_multicar_bags/camera_dataset/2026-05-18-v1-v4/rear/metadata/sample_3721525590818_0.yaml,/media/hdd2/ARCL_multicar_bags/camera_dataset/2026-05-18-v1-v4/rear/EPnPv2_gt_mesh_z_hybrid_labels/3721525590818_0.json,/media/hdd2/ARCL_multicar_bags/camera_dataset/2026-05-18-v1-v4/rear/EPnPv2_gt_mesh_z_hybrid_labels/3721525590818_0.json,epnp_label,raw,589.5111290141491,11.650799282010272,gigaPose_datasets/results/real_world_ot2_IST_tran/extrinsic_optimization_rear_epnp_hybrid_xyz_new/3721525590818_0_extrinsic_before_after.jpg,-31.041399002075195,-31.041399002075195,-31.041399002075195,nan,nan,nan,nan,metadata,pinhole,1176.1077112912997,115.80794943066643,30820.398330688477,True,1171.6695711330997,129.7735564470078,31058.88795604011,True,1168.341843705448,125.83165800484298,36031.375,True
image_3721525590818,/media/hdd2/ARCL_multicar_bags/camera_dataset/2026-05-18-v1-v4/rear/metadata/sample_3721525590818_1.yaml,/media/hdd2/ARCL_multicar_bags/camera_dataset/2026-05-18-v1-v4/rear/EPnPv2_gt_mesh_z_hybrid_labels/3721525590818_1.json,/media/hdd2/ARCL_multicar_bags/camera_dataset/2026-05-18-v1-v4/rear/EPnPv2_gt_mesh_z_hybrid_labels/3721525590818_1.json,epnp_label,raw,589.5111290141491,11.650799282010272,gigaPose_datasets/results/real_world_ot2_IST_tran/extrinsic_optimization_rear_epnp_hybrid_xyz_new/3721525590818_1_extrinsic_before_after.jpg,-31.041399002075195,-31.041399002075195,-31.041399002075195,nan,nan,nan,nan,metadata,pinhole,1176.1077112912997,115.80794943066643,30820.398330688477,True,1171.6695711330997,129.7735564470078,31058.88795604011,True,1168.341843705448,125.83165800484298,36031.375,True
image_3722924955757,/media/hdd2/ARCL_multicar_bags/camera_dataset/2026-05-18-v1-v4/rear/metadata/sample_3722924955757_0.yaml,/media/hdd2/ARCL_multicar_bags/camera_dataset/2026-05-18-v1-v4/rear/EPnPv2_gt_mesh_z_hybrid_labels/3722924955757_0.json,/media/hdd2/ARCL_multicar_bags/camera_dataset/2026-05-18-v1-v4/rear/EPnPv2_gt_mesh_z_hybrid_labels/3722924955757_0.json,epnp_label,raw,3624.6711854463965,8.064181065547844,gigaPose_datasets/results/real_world_ot2_IST_tran/extrinsic_optimization_rear_epnp_hybrid_xyz_new/3722924955757_0_extrinsic_before_after.jpg,-31.06068992614746,-31.06068992614746,-31.06068992614746,nan,nan,nan,nan,metadata,pinhole,1094.8593196259656,111.98114040021252,32987.602233886704,True,1091.0155167556463,124.71522814481108,33216.578228078244,True,1088.2092695126157,127.81351286675375,41908.125,True
image_3722924955757,/media/hdd2/ARCL_multicar_bags/camera_dataset/2026-05-18-v1-v4/rear/metadata/sample_3722924955757_1.yaml,/media/hdd2/ARCL_multicar_bags/camera_dataset/2026-05-18-v1-v4/rear/EPnPv2_gt_mesh_z_hybrid_labels/3722924955757_1.json,/media/hdd2/ARCL_multicar_bags/camera_dataset/2026-05-18-v1-v4/rear/EPnPv2_gt_mesh_z_hybrid_labels/3722924955757_1.json,epnp_label,raw,3624.6711854463965,8.064181065547844,gigaPose_datasets/results/real_world_ot2_IST_tran/extrinsic_optimization_rear_epnp_hybrid_xyz_new/3722924955757_1_extrinsic_before_after.jpg,-31.06068992614746,-31.06068992614746,-31.06068992614746,nan,nan,nan,nan,metadata,pinhole,1094.8593196259656,111.98114040021252,32987.602233886704,True,1091.0155167556463,124.71522814481108,33216.578228078244,True,1088.2092695126157,127.81351286675375,41908.125,True
image_3723226407892,/media/hdd2/ARCL_multicar_bags/camera_dataset/2026-05-18-v1-v4/rear/metadata/sample_3723226407892_0.yaml,/media/hdd2/ARCL_multicar_bags/camera_dataset/2026-05-18-v1-v4/rear/EPnPv2_gt_mesh_z_hybrid_labels/3723226407892_0.json,/media/hdd2/ARCL_multicar_bags/camera_dataset/2026-05-18-v1-v4/rear/EPnPv2_gt_mesh_z_hybrid_labels/3723226407892_0.json,epnp_label,raw,3307.9870662898147,6.7989306833806165,gigaPose_datasets/results/real_world_ot2_IST_tran/extrinsic_optimization_rear_epnp_hybrid_xyz_new/3723226407892_0_extrinsic_before_after.jpg,-31.066740036010742,-31.066740036010742,-31.066740036010742,nan,nan,nan,nan,metadata,pinhole,1071.6483850631757,109.51862201973712,33481.63986206053,True,1067.849463599426,121.98895035639902,33707.77810539448,True,1063.789397155199,122.9335861548309,42088.3867188,True
image_3723324257099,/media/hdd2/ARCL_multicar_bags/camera_dataset/2026-05-18-v1-v4/rear/metadata/sample_3723324257099_0.yaml,/media/hdd2/ARCL_multicar_bags/camera_dataset/2026-05-18-v1-v4/rear/EPnPv2_gt_mesh_z_hybrid_labels/3723324257099_0.json,/media/hdd2/ARCL_multicar_bags/camera_dataset/2026-05-18-v1-v4/rear/EPnPv2_gt_mesh_z_hybrid_labels/3723324257099_0.json,epnp_label,raw,3440.1790752120205,6.570009000242181,gigaPose_datasets/results/real_world_ot2_IST_tran/extrinsic_optimization_rear_epnp_hybrid_xyz_new/3723324257099_0_extrinsic_before_after.jpg,-31.066740036010742,-31.066740036010742,-31.066740036010742,nan,nan,nan,nan,metadata,pinhole,1058.5204184867239,108.12424256528021,34567.93212890622,True,1054.8754652371813,120.21477215788363,34793.08343188623,True,1053.1874300485777,120.69789870463313,43304.53125,True
image_3723524820736,/media/hdd2/ARCL_multicar_bags/camera_dataset/2026-05-18-v1-v4/rear/metadata/sample_3723524820736_0.yaml,/media/hdd2/ARCL_multicar_bags/camera_dataset/2026-05-18-v1-v4/rear/EPnPv2_gt_mesh_z_hybrid_labels/3723524820736_0.json,/media/hdd2/ARCL_multicar_bags/camera_dataset/2026-05-18-v1-v4/rear/EPnPv2_gt_mesh_z_hybrid_labels/3723524820736_0.json,epnp_label,raw,2081.3925106111315,6.1425024330068405,gigaPose_datasets/results/real_world_ot2_IST_tran/extrinsic_optimization_rear_epnp_hybrid_xyz_new/3723524820736_0_extrinsic_before_after.jpg,-31.069469451904297,-31.069469451904297,-31.069469451904297,nan,nan,nan,nan,metadata,pinhole,1044.5941108160803,108.24151325999821,33902.122497558565,True,1040.840737598322,120.48965771376382,34123.99206200012,True,1033.3377335616267,120.39680747442779,37155.0625,True
image_3723626527770,/media/hdd2/ARCL_multicar_bags/camera_dataset/2026-05-18-v1-v4/rear/metadata/sample_3723626527770_0.yaml,/media/hdd2/ARCL_multicar_bags/camera_dataset/2026-05-18-v1-v4/rear/EPnPv2_gt_mesh_z_hybrid_labels/3723626527770_0.json,/media/hdd2/ARCL_multicar_bags/camera_dataset/2026-05-18-v1-v4/rear/EPnPv2_gt_mesh_z_hybrid_labels/3723626527770_0.json,epnp_label,raw,2003.26985561026,5.33402647622168,gigaPose_datasets/results/real_world_ot2_IST_tran/extrinsic_optimization_rear_epnp_hybrid_xyz_new/3723626527770_0_extrinsic_before_after.jpg,-31.069469451904297,-31.069469451904297,-31.069469451904297,nan,nan,nan,nan,metadata,pinhole,1030.1868255824047,106.75772264170983,35044.48318481445,True,1026.5591274393244,118.61125386060351,35265.03970382232,True,1024.7286950639086,122.42967604597271,38354.9296875,True
image_3723727524183,/media/hdd2/ARCL_multicar_bags/camera_dataset/2026-05-18-v1-v4/rear/metadata/sample_3723727524183_0.yaml,/media/hdd2/ARCL_multicar_bags/camera_dataset/2026-05-18-v1-v4/rear/EPnPv2_gt_mesh_z_hybrid_labels/3723727524183_0.json,/media/hdd2/ARCL_multicar_bags/camera_dataset/2026-05-18-v1-v4/rear/EPnPv2_gt_mesh_z_hybrid_labels/3723727524183_0.json,epnp_label,raw,2056.8749667199213,5.783713222564749,gigaPose_datasets/results/real_world_ot2_IST_tran/extrinsic_optimization_rear_epnp_hybrid_xyz_new/3723727524183_0_extrinsic_before_after.jpg,-31.071399688720703,-31.071399688720703,-31.071399688720703,nan,nan,nan,nan,metadata,pinhole,1024.2422778173332,106.56305069228482,34288.768768310576,True,1020.4968160036942,118.6228818621314,34507.49941211342,True,1013.6746931253532,120.24926056641374,37570.5039062,True
image_3723825614359,/media/hdd2/ARCL_multicar_bags/camera_dataset/2026-05-18-v1-v4/rear/metadata/sample_3723825614359_0.yaml,/media/hdd2/ARCL_multicar_bags/camera_dataset/2026-05-18-v1-v4/rear/EPnPv2_gt_mesh_z_hybrid_labels/3723825614359_0.json,/media/hdd2/ARCL_multicar_bags/camera_dataset/2026-05-18-v1-v4/rear/EPnPv2_gt_mesh_z_hybrid_labels/3723825614359_0.json,epnp_label,raw,423.49867302419017,5.334861355004277,gigaPose_datasets/results/real_world_ot2_IST_tran/extrinsic_optimization_rear_epnp_hybrid_xyz_new/3723825614359_0_extrinsic_before_after.jpg,-31.073558807373047,-31.073558807373047,-31.073558807373047,nan,nan,nan,nan,metadata,pinhole,1011.9825776041473,105.68311181587526,34427.30712890622,True,1008.2318909237177,117.66935361524659,34644.040962072875,True,1004.4907403434637,117.74190227072594,39851.6953125,True
image_3723927138041,/media/hdd2/ARCL_multicar_bags/camera_dataset/2026-05-18-v1-v4/rear/metadata/sample_3723927138041_0.yaml,/media/hdd2/ARCL_multicar_bags/camera_dataset/2026-05-18-v1-v4/rear/EPnPv2_gt_mesh_z_hybrid_labels/3723927138041_0.json,/media/hdd2/ARCL_multicar_bags/camera_dataset/2026-05-18-v1-v4/rear/EPnPv2_gt_mesh_z_hybrid_labels/3723927138041_0.json,epnp_label,raw,1656.4126051461928,6.608866822523274,gigaPose_datasets/results/real_world_ot2_IST_tran/extrinsic_optimization_rear_epnp_hybrid_xyz_new/3723927138041_0_extrinsic_before_after.jpg,-31.080896377563477,-31.080896377563477,-31.080896377563477,nan,nan,nan,nan,metadata,pinhole,999.3891405101409,105.56140676712118,34611.04202270508,True,995.6449415891857,117.46168199584014,34825.408138878,True,989.5514630201095,117.84840155933858,38319.96875,True
image_3724033677181,/media/hdd2/ARCL_multicar_bags/camera_dataset/2026-05-18-v1-v4/rear/metadata/sample_3724033677181_0.yaml,/media/hdd2/ARCL_multicar_bags/camera_dataset/2026-05-18-v1-v4/rear/EPnPv2_gt_mesh_z_hybrid_labels/3724033677181_0.json,/media/hdd2/ARCL_multicar_bags/camera_dataset/2026-05-18-v1-v4/rear/EPnPv2_gt_mesh_z_hybrid_labels/3724033677181_0.json,epnp_label,raw,618.022034712358,6.652554096727225,gigaPose_datasets/results/real_world_ot2_IST_tran/extrinsic_optimization_rear_epnp_hybrid_xyz_new/3724033677181_0_extrinsic_before_after.jpg,-31.081377029418945,-31.081377029418945,-31.081377029418945,nan,nan,nan,nan,metadata,pinhole,987.053900063851,104.7993645793567,34834.754943847685,True,983.3100459633877,116.59953986128602,35046.840690792655,True,977.5250005603588,118.4234636066886,39833.5117188,True
image_3724226483799,/media/hdd2/ARCL_multicar_bags/camera_dataset/2026-05-18-v1-v4/rear/metadata/sample_3724226483799_0.yaml,/media/hdd2/ARCL_multicar_bags/camera_dataset/2026-05-18-v1-v4/rear/EPnPv2_gt_mesh_z_hybrid_labels/3724226483799_0.json,/media/hdd2/ARCL_multicar_bags/camera_dataset/2026-05-18-v1-v4/rear/EPnPv2_gt_mesh_z_hybrid_labels/3724226483799_0.json,epnp_label,raw,3536.1982638496374,6.408245686177235,gigaPose_datasets/results/real_world_ot2_IST_tran/extrinsic_optimization_rear_epnp_hybrid_xyz_new/3724226483799_0_extrinsic_before_after.jpg,-31.086624145507812,-31.086624145507812,-31.086624145507812,nan,nan,nan,nan,metadata,pinhole,961.1924920867009,103.62087378165964,35007.4577331543,True,957.4022076882704,115.3107463640604,35214.32754508415,True,952.4742854124808,113.03894664567682,43698.7578125,True
image_3728925225153,/media/hdd2/ARCL_multicar_bags/camera_dataset/2026-05-18-v1-v4/rear/metadata/sample_3728925225153_0.yaml,/media/hdd2/ARCL_multicar_bags/camera_dataset/2026-05-18-v1-v4/rear/EPnPv2_gt_mesh_z_hybrid_labels/3728925225153_0.json,/media/hdd2/ARCL_multicar_bags/camera_dataset/2026-05-18-v1-v4/rear/EPnPv2_gt_mesh_z_hybrid_labels/3728925225153_0.json,epnp_label,raw,1757.4664867388933,8.674502349772974,gigaPose_datasets/results/real_world_ot2_IST_tran/extrinsic_optimization_rear_epnp_hybrid_xyz_new/3728925225153_0_extrinsic_before_after.jpg,-31.33755111694336,-31.33755111694336,-31.33755111694336,nan,nan,nan,nan,metadata,pinhole,1074.5069692256943,109.35447524522814,45673.49243164068,True,1070.3807472352853,117.36424065968902,45826.39421105053,True,1079.1648294475178,116.37589345729576,49303.0703125,True
image_3731026771622,/media/hdd2/ARCL_multicar_bags/camera_dataset/2026-05-18-v1-v4/rear/metadata/sample_3731026771622_0.yaml,/media/hdd2/ARCL_multicar_bags/camera_dataset/2026-05-18-v1-v4/rear/EPnPv2_gt_mesh_z_hybrid_labels/3731026771622_0.json,/media/hdd2/ARCL_multicar_bags/camera_dataset/2026-05-18-v1-v4/rear/EPnPv2_gt_mesh_z_hybrid_labels/3731026771622_0.json,epnp_label,raw,1166.9780523446966,15.346255312216009,gigaPose_datasets/results/real_world_ot2_IST_tran/extrinsic_optimization_rear_epnp_hybrid_xyz_new/3731026771622_0_extrinsic_before_after.jpg,-31.501285552978516,-31.501285552978516,-31.501285552978516,nan,nan,nan,nan,metadata,pinhole,1113.1295555579666,109.78460927027437,48180.156707763585,True,1109.315397458503,116.84111069280206,48332.603034332424,True,1119.34988670283,115.80069072744024,52637.3085938,True
image_3731338286029,/media/hdd2/ARCL_multicar_bags/camera_dataset/2026-05-18-v1-v4/rear/metadata/sample_3731338286029_0.yaml,/media/hdd2/ARCL_multicar_bags/camera_dataset/2026-05-18-v1-v4/rear/EPnPv2_gt_mesh_z_hybrid_labels/3731338286029_0.json,/media/hdd2/ARCL_multicar_bags/camera_dataset/2026-05-18-v1-v4/rear/EPnPv2_gt_mesh_z_hybrid_labels/3731338286029_0.json,epnp_label,raw,954.1076176845063,13.817402486415018,gigaPose_datasets/results/real_world_ot2_IST_tran/extrinsic_optimization_rear_epnp_hybrid_xyz_new/3731338286029_0_extrinsic_before_after.jpg,-31.529685974121094,-31.529685974121094,-31.529685974121094,nan,nan,nan,nan,metadata,pinhole,1114.6597600207965,108.37311730644916,48854.270935058594,True,1110.9279075242412,115.25952596441634,49007.31383770352,True,1121.4660731095883,115.78732367745678,53636.6601562,True
image_3731525081230,/media/hdd2/ARCL_multicar_bags/camera_dataset/2026-05-18-v1-v4/rear/metadata/sample_3731525081230_0.yaml,/media/hdd2/ARCL_multicar_bags/camera_dataset/2026-05-18-v1-v4/rear/EPnPv2_gt_mesh_z_hybrid_labels/3731525081230_0.json,/media/hdd2/ARCL_multicar_bags/camera_dataset/2026-05-18-v1-v4/rear/EPnPv2_gt_mesh_z_hybrid_labels/3731525081230_0.json,epnp_label,raw,3615.368451938584,12.844796744042227,gigaPose_datasets/results/real_world_ot2_IST_tran/extrinsic_optimization_rear_epnp_hybrid_xyz_new/3731525081230_0_extrinsic_before_after.jpg,-31.54153060913086,-31.54153060913086,-31.54153060913086,nan,nan,nan,nan,metadata,pinhole,1114.9043481493486,108.76679164818219,49101.173400878935,True,1111.2211615482558,115.57579154243072,49253.97798009595,True,1121.388222437818,115.95169080033786,57711.2734375,True
image_3731525081230,/media/hdd2/ARCL_multicar_bags/camera_dataset/2026-05-18-v1-v4/rear/metadata/sample_3731525081230_1.yaml,/media/hdd2/ARCL_multicar_bags/camera_dataset/2026-05-18-v1-v4/rear/EPnPv2_gt_mesh_z_hybrid_labels/3731525081230_1.json,/media/hdd2/ARCL_multicar_bags/camera_dataset/2026-05-18-v1-v4/rear/EPnPv2_gt_mesh_z_hybrid_labels/3731525081230_1.json,epnp_label,raw,3615.368451938584,12.844796744042227,gigaPose_datasets/results/real_world_ot2_IST_tran/extrinsic_optimization_rear_epnp_hybrid_xyz_new/3731525081230_1_extrinsic_before_after.jpg,-31.54153060913086,-31.54153060913086,-31.54153060913086,nan,nan,nan,nan,metadata,pinhole,1114.9043481493486,108.76679164818219,49101.173400878935,True,1111.2211615482558,115.57579154243072,49253.97798009595,True,1121.388222437818,115.95169080033786,57711.2734375,True
image_3731727753340,/media/hdd2/ARCL_multicar_bags/camera_dataset/2026-05-18-v1-v4/rear/metadata/sample_3731727753340_0.yaml,/media/hdd2/ARCL_multicar_bags/camera_dataset/2026-05-18-v1-v4/rear/EPnPv2_gt_mesh_z_hybrid_labels/3731727753340_0.json,/media/hdd2/ARCL_multicar_bags/camera_dataset/2026-05-18-v1-v4/rear/EPnPv2_gt_mesh_z_hybrid_labels/3731727753340_0.json,epnp_label,raw,1110.174206940669,12.003748368294826,gigaPose_datasets/results/real_world_ot2_IST_tran/extrinsic_optimization_rear_epnp_hybrid_xyz_new/3731727753340_0_extrinsic_before_after.jpg,-31.568588256835938,-31.568588256835938,-31.568588256835938,nan,nan,nan,nan,metadata,pinhole,1114.4210279017316,109.87203929056133,49472.56851196289,True,1110.7926579789316,116.5835722463338,49625.00392642297,True,1121.8660412415709,114.92565060027172,55233.7460938,True
image_3731727753340,/media/hdd2/ARCL_multicar_bags/camera_dataset/2026-05-18-v1-v4/rear/metadata/sample_3731727753340_1.yaml,/media/hdd2/ARCL_multicar_bags/camera_dataset/2026-05-18-v1-v4/rear/EPnPv2_gt_mesh_z_hybrid_labels/3731727753340_1.json,/media/hdd2/ARCL_multicar_bags/camera_dataset/2026-05-18-v1-v4/rear/EPnPv2_gt_mesh_z_hybrid_labels/3731727753340_1.json,epnp_label,raw,1110.174206940669,12.003748368294826,gigaPose_datasets/results/real_world_ot2_IST_tran/extrinsic_optimization_rear_epnp_hybrid_xyz_new/3731727753340_1_extrinsic_before_after.jpg,-31.568588256835938,-31.568588256835938,-31.568588256835938,nan,nan,nan,nan,metadata,pinhole,1114.4210279017316,109.87203929056133,49472.56851196289,True,1110.7926579789316,116.5835722463338,49625.00392642297,True,1121.8660412415709,114.92565060027172,55233.7460938,True
image_3733926865241,/media/hdd2/ARCL_multicar_bags/camera_dataset/2026-05-18-v1-v4/rear/metadata/sample_3733926865241_0.yaml,/media/hdd2/ARCL_multicar_bags/camera_dataset/2026-05-18-v1-v4/rear/EPnPv2_gt_mesh_z_hybrid_labels/3733926865241_0.json,/media/hdd2/ARCL_multicar_bags/camera_dataset/2026-05-18-v1-v4/rear/EPnPv2_gt_mesh_z_hybrid_labels/3733926865241_0.json,epnp_label,raw,1867.6465197018952,10.307696049764642,gigaPose_datasets/results/real_world_ot2_IST_tran/extrinsic_optimization_rear_epnp_hybrid_xyz_new/3733926865241_0_extrinsic_before_after.jpg,-31.83911895751953,-31.83911895751953,-31.83911895751953,nan,nan,nan,nan,metadata,pinhole,1066.6546885659136,105.71912635594398,52946.95663452151,True,1063.5927035443224,111.54440072427641,53093.2964773945,True,1072.3729641085074,111.39322471009245,56588.5625,True
image_3734025954458,/media/hdd2/ARCL_multicar_bags/camera_dataset/2026-05-18-v1-v4/rear/metadata/sample_3734025954458_0.yaml,/media/hdd2/ARCL_multicar_bags/camera_dataset/2026-05-18-v1-v4/rear/EPnPv2_gt_mesh_z_hybrid_labels/3734025954458_0.json,/media/hdd2/ARCL_multicar_bags/camera_dataset/2026-05-18-v1-v4/rear/EPnPv2_gt_mesh_z_hybrid_labels/3734025954458_0.json,epnp_label,raw,3264.8567794345995,11.006116223130824,gigaPose_datasets/results/real_world_ot2_IST_tran/extrinsic_optimization_rear_epnp_hybrid_xyz_new/3734025954458_0_extrinsic_before_after.jpg,-31.855730056762695,-31.855730056762695,-31.855730056762695,nan,nan,nan,nan,metadata,pinhole,1050.633852873478,104.41234255121603,53093.57452392578,True,1047.593012634334,110.2003248371326,53237.664043044904,True,1055.9965520463093,113.34969722196087,55144.4609375,True
image_3734325220973,/media/hdd2/ARCL_multicar_bags/camera_dataset/2026-05-18-v1-v4/rear/metadata/sample_3734325220973_0.yaml,/media/hdd2/ARCL_multicar_bags/camera_dataset/2026-05-18-v1-v4/rear/EPnPv2_gt_mesh_z_hybrid_labels/3734325220973_0.json,/media/hdd2/ARCL_multicar_bags/camera_dataset/2026-05-18-v1-v4/rear/EPnPv2_gt_mesh_z_hybrid_labels/3734325220973_0.json,epnp_label,raw,592.4255711241474,6.608872965846576,gigaPose_datasets/results/real_world_ot2_IST_tran/extrinsic_optimization_rear_epnp_hybrid_xyz_new/3734325220973_0_extrinsic_before_after.jpg,-31.89466094970703,-31.89466094970703,-31.89466094970703,nan,nan,nan,nan,metadata,pinhole,1008.9189851534795,103.16476468187139,53350.292205810576,True,1005.9338746004672,108.86598336581827,53487.56815388563,True,1005.0023760655765,107.76432567505711,58369.84375,True
image_3735542748583,/media/hdd2/ARCL_multicar_bags/camera_dataset/2026-05-05-12-28-13-v2/rear/metadata/sample_3735542748583_0.yaml,/media/hdd2/ARCL_multicar_bags/camera_dataset/2026-05-05-12-28-13-v2/rear/EPnPv2_gt_mesh_z_hybrid_labels/3735542748583_0.json,/media/hdd2/ARCL_multicar_bags/camera_dataset/2026-05-05-12-28-13-v2/rear/EPnPv2_gt_mesh_z_hybrid_labels/3735542748583_0.json,epnp_label,raw,1650.7712970887885,7.902829041271828,gigaPose_datasets/results/real_world_ot2_IST_tran/extrinsic_optimization_rear_epnp_hybrid_xyz_new/3735542748583_0_extrinsic_before_after.jpg,-35.4727897644043,-35.4727897644043,-35.4727897644043,nan,nan,nan,nan,metadata,pinhole,897.0562910791732,103.1973785188651,43583.34732055667,True,898.189856236487,113.24855594958589,43821.29034260937,True,899.9422172043412,120.05127227997468,48238.9492188,True
image_3738443044778,/media/hdd2/ARCL_multicar_bags/camera_dataset/2026-05-05-12-28-13-v2/rear/metadata/sample_3738443044778_0.yaml,/media/hdd2/ARCL_multicar_bags/camera_dataset/2026-05-05-12-28-13-v2/rear/EPnPv2_gt_mesh_z_hybrid_labels/3738443044778_0.json,/media/hdd2/ARCL_multicar_bags/camera_dataset/2026-05-05-12-28-13-v2/rear/EPnPv2_gt_mesh_z_hybrid_labels/3738443044778_0.json,epnp_label,raw,2380.3468135159883,9.189955462283358,gigaPose_datasets/results/real_world_ot2_IST_tran/extrinsic_optimization_rear_epnp_hybrid_xyz_new/3738443044778_0_extrinsic_before_after.jpg,-35.35393142700195,-35.35393142700195,-35.35393142700195,nan,nan,nan,nan,metadata,pinhole,893.1450223079793,95.21314596760479,43300.17471313474,True,894.791301976665,105.5570038476464,43546.208888042514,True,898.199022295536,110.1648045412669,47221.3476562,True
image_3741842795847,/media/hdd2/ARCL_multicar_bags/camera_dataset/2026-05-05-12-28-13-v2/rear/metadata/sample_3741842795847_0.yaml,/media/hdd2/ARCL_multicar_bags/camera_dataset/2026-05-05-12-28-13-v2/rear/EPnPv2_gt_mesh_z_hybrid_labels/3741842795847_0.json,/media/hdd2/ARCL_multicar_bags/camera_dataset/2026-05-05-12-28-13-v2/rear/EPnPv2_gt_mesh_z_hybrid_labels/3741842795847_0.json,epnp_label,raw,500.36490552296607,10.070092397203402,gigaPose_datasets/results/real_world_ot2_IST_tran/extrinsic_optimization_rear_epnp_hybrid_xyz_new/3741842795847_0_extrinsic_before_after.jpg,-35.064884185791016,-35.064884185791016,-35.064884185791016,nan,nan,nan,nan,metadata,pinhole,889.8803974154093,95.49153732437492,43064.769744873076,True,892.013601603576,106.12930696683546,43318.48448350647,True,893.775892663186,108.34105287870449,49253.6875,True
image_3742343281580,/media/hdd2/ARCL_multicar_bags/camera_dataset/2026-05-05-12-28-13-v2/rear/metadata/sample_3742343281580_0.yaml,/media/hdd2/ARCL_multicar_bags/camera_dataset/2026-05-05-12-28-13-v2/rear/EPnPv2_gt_mesh_z_hybrid_labels/3742343281580_0.json,/media/hdd2/ARCL_multicar_bags/camera_dataset/2026-05-05-12-28-13-v2/rear/EPnPv2_gt_mesh_z_hybrid_labels/3742343281580_0.json,epnp_label,raw,3223.9219297314257,10.16264708217189,gigaPose_datasets/results/real_world_ot2_IST_tran/extrinsic_optimization_rear_epnp_hybrid_xyz_new/3742343281580_0_extrinsic_before_after.jpg,-34.964942932128906,-34.964942932128906,-34.964942932128906,nan,nan,nan,nan,metadata,pinhole,889.0218895419785,94.81009565340622,43174.75509643555,True,891.2327052113594,105.45399091764673,43429.772621752665,True,885.0026852169672,96.42068301993982,46306.421875,True
image_3749562578765,/media/hdd2/ARCL_multicar_bags/camera_dataset/2026-05-05-12-28-13-v1/rear/metadata/sample_3749562578765_0.yaml,/media/hdd2/ARCL_multicar_bags/camera_dataset/2026-05-05-12-28-13-v1/rear/EPnPv2_gt_mesh_z_hybrid_labels/3749562578765_0.json,/media/hdd2/ARCL_multicar_bags/camera_dataset/2026-05-05-12-28-13-v1/rear/EPnPv2_gt_mesh_z_hybrid_labels/3749562578765_0.json,epnp_label,raw,530.4193778732013,4.354936096917135,gigaPose_datasets/results/real_world_ot2_IST_tran/extrinsic_optimization_rear_epnp_hybrid_xyz_new/3749562578765_0_extrinsic_before_after.jpg,-33.66001510620117,-33.66001510620117,-33.66001510620117,nan,nan,nan,nan,metadata,pinhole,1136.575202173351,114.70388947070414,40311.18392944337,True,1136.4705782504016,120.64574360830552,40191.849799146345,True,1142.4627360132713,128.58650277085272,45713.6796875,True
image_3750957051344,/media/hdd2/ARCL_multicar_bags/camera_dataset/2026-05-05-12-28-13-v1/rear/metadata/sample_3750957051344_0.yaml,/media/hdd2/ARCL_multicar_bags/camera_dataset/2026-05-05-12-28-13-v1/rear/EPnPv2_gt_mesh_z_hybrid_labels/3750957051344_0.json,/media/hdd2/ARCL_multicar_bags/camera_dataset/2026-05-05-12-28-13-v1/rear/EPnPv2_gt_mesh_z_hybrid_labels/3750957051344_0.json,epnp_label,raw,926.4292557296283,4.501259919548746,gigaPose_datasets/results/real_world_ot2_IST_tran/extrinsic_optimization_rear_epnp_hybrid_xyz_new/3750957051344_0_extrinsic_before_after.jpg,-33.79768371582031,-33.79768371582031,-33.79768371582031,nan,nan,nan,nan,metadata,pinhole,1143.0234911714672,112.54717883208873,38298.59161376953,True,1143.0780767673593,118.89816441193142,38179.500580199216,True,1150.2457378274466,126.30426277116194,45133.25,True
image_3751356446550,/media/hdd2/ARCL_multicar_bags/camera_dataset/2026-05-05-12-28-13-v1/rear/metadata/sample_3751356446550_0.yaml,/media/hdd2/ARCL_multicar_bags/camera_dataset/2026-05-05-12-28-13-v1/rear/EPnPv2_gt_mesh_z_hybrid_labels/3751356446550_0.json,/media/hdd2/ARCL_multicar_bags/camera_dataset/2026-05-05-12-28-13-v1/rear/EPnPv2_gt_mesh_z_hybrid_labels/3751356446550_0.json,epnp_label,raw,1413.660421115575,4.280922506967791,gigaPose_datasets/results/real_world_ot2_IST_tran/extrinsic_optimization_rear_epnp_hybrid_xyz_new/3751356446550_0_extrinsic_before_after.jpg,-33.818119049072266,-33.818119049072266,-33.818119049072266,nan,nan,nan,nan,metadata,pinhole,1143.4441721428002,113.47410047524761,38552.48641967773,True,1143.5235667631312,119.79603261482107,38433.10024291786,True,1149.8419100189435,128.42251282161158,43072.6171875,True
image_3751858064350,/media/hdd2/ARCL_multicar_bags/camera_dataset/2026-05-05-12-28-13-v1/rear/metadata/sample_3751858064350_0.yaml,/media/hdd2/ARCL_multicar_bags/camera_dataset/2026-05-05-12-28-13-v1/rear/EPnPv2_gt_mesh_z_hybrid_labels/3751858064350_0.json,/media/hdd2/ARCL_multicar_bags/camera_dataset/2026-05-05-12-28-13-v1/rear/EPnPv2_gt_mesh_z_hybrid_labels/3751858064350_0.json,epnp_label,raw,89.58699881957817,4.316018988135387,gigaPose_datasets/results/real_world_ot2_IST_tran/extrinsic_optimization_rear_epnp_hybrid_xyz_new/3751858064350_0_extrinsic_before_after.jpg,-33.831268310546875,-33.831268310546875,-33.831268310546875,nan,nan,nan,nan,metadata,pinhole,1142.6993462122048,114.31889594267686,39086.360931396484,True,1142.7876368197724,120.56358117302204,38966.71580293244,True,1147.4896763317022,127.8360120179496,45058.2890625,True
image_3752169077936,/media/hdd2/ARCL_multicar_bags/camera_dataset/2026-05-05-12-28-13-v1/rear/metadata/sample_3752169077936_0.yaml,/media/hdd2/ARCL_multicar_bags/camera_dataset/2026-05-05-12-28-13-v1/rear/EPnPv2_gt_mesh_z_hybrid_labels/3752169077936_0.json,/media/hdd2/ARCL_multicar_bags/camera_dataset/2026-05-05-12-28-13-v1/rear/EPnPv2_gt_mesh_z_hybrid_labels/3752169077936_0.json,epnp_label,raw,441.72621125855164,4.419889355218135,gigaPose_datasets/results/real_world_ot2_IST_tran/extrinsic_optimization_rear_epnp_hybrid_xyz_new/3752169077936_0_extrinsic_before_after.jpg,-33.835060119628906,-33.835060119628906,-33.835060119628906,nan,nan,nan,nan,metadata,pinhole,1140.9223775273047,114.34745250199651,39652.912139892556,True,1141.0065126156383,120.50331287076853,39533.15259556368,True,1147.162088639834,127.35273623506708,45998.5664062,True
image_3753568739936,/media/hdd2/ARCL_multicar_bags/camera_dataset/2026-05-05-12-28-13-v1/rear/metadata/sample_3753568739936_0.yaml,/media/hdd2/ARCL_multicar_bags/camera_dataset/2026-05-05-12-28-13-v1/rear/EPnPv2_gt_mesh_z_hybrid_labels/3753568739936_0.json,/media/hdd2/ARCL_multicar_bags/camera_dataset/2026-05-05-12-28-13-v1/rear/EPnPv2_gt_mesh_z_hybrid_labels/3753568739936_0.json,epnp_label,raw,890.8978600545302,4.903046090283467,gigaPose_datasets/results/real_world_ot2_IST_tran/extrinsic_optimization_rear_epnp_hybrid_xyz_new/3753568739936_0_extrinsic_before_after.jpg,-33.832759857177734,-33.832759857177734,-33.832759857177734,nan,nan,nan,nan,metadata,pinhole,1137.2336921004642,113.68409520744308,40967.15927124024,True,1137.3016627182812,119.63887550076056,40847.39056247006,True,1143.9934734841117,123.14009202798792,46040.5742188,True
image_3755956712133,/media/hdd2/ARCL_multicar_bags/camera_dataset/2026-05-05-12-28-13-v1/rear/metadata/sample_3755956712133_0.yaml,/media/hdd2/ARCL_multicar_bags/camera_dataset/2026-05-05-12-28-13-v1/rear/EPnPv2_gt_mesh_z_hybrid_labels/3755956712133_0.json,/media/hdd2/ARCL_multicar_bags/camera_dataset/2026-05-05-12-28-13-v1/rear/EPnPv2_gt_mesh_z_hybrid_labels/3755956712133_0.json,epnp_label,raw,323.50520455722574,4.597701745564244,gigaPose_datasets/results/real_world_ot2_IST_tran/extrinsic_optimization_rear_epnp_hybrid_xyz_new/3755956712133_0_extrinsic_before_after.jpg,-33.8328742980957,-33.8328742980957,-33.8328742980957,nan,nan,nan,nan,metadata,pinhole,1137.2649242666996,114.35202354293304,40948.52447509766,True,1137.3324823259763,120.30950129413131,40828.60287134604,True,1143.5905204506112,123.86119219235326,46613.0820312,True
image_3758456896054,/media/hdd2/ARCL_multicar_bags/camera_dataset/2026-05-05-12-28-13-v1/rear/metadata/sample_3758456896054_0.yaml,/media/hdd2/ARCL_multicar_bags/camera_dataset/2026-05-05-12-28-13-v1/rear/EPnPv2_gt_mesh_z_hybrid_labels/3758456896054_0.json,/media/hdd2/ARCL_multicar_bags/camera_dataset/2026-05-05-12-28-13-v1/rear/EPnPv2_gt_mesh_z_hybrid_labels/3758456896054_0.json,epnp_label,raw,192.71314114491534,4.185653560598536,gigaPose_datasets/results/real_world_ot2_IST_tran/extrinsic_optimization_rear_epnp_hybrid_xyz_new/3758456896054_0_extrinsic_before_after.jpg,-33.852848052978516,-33.852848052978516,-33.852848052978516,nan,nan,nan,nan,metadata,pinhole,1141.1903911315517,113.72406831930286,39889.90783691408,True,1141.286853077856,119.85215230628073,39770.22824789277,True,1148.4317448584145,125.85438511262996,45908.4609375,True
image_3759369998407,/media/hdd2/ARCL_multicar_bags/camera_dataset/2026-05-05-12-28-13-v1/rear/metadata/sample_3759369998407_0.yaml,/media/hdd2/ARCL_multicar_bags/camera_dataset/2026-05-05-12-28-13-v1/rear/EPnPv2_gt_mesh_z_hybrid_labels/3759369998407_0.json,/media/hdd2/ARCL_multicar_bags/camera_dataset/2026-05-05-12-28-13-v1/rear/EPnPv2_gt_mesh_z_hybrid_labels/3759369998407_0.json,epnp_label,raw,431.90261864631884,4.138414508074093,gigaPose_datasets/results/real_world_ot2_IST_tran/extrinsic_optimization_rear_epnp_hybrid_xyz_new/3759369998407_0_extrinsic_before_after.jpg,-33.85484313964844,-33.85484313964844,-33.85484313964844,nan,nan,nan,nan,metadata,pinhole,1142.337492048446,113.29229023466148,39684.131622314446,True,1142.440695236441,119.45408607506552,39564.57031565827,True,1149.3277185996699,126.2353447249443,45190.96875,True
image_3760657479684,/media/hdd2/ARCL_multicar_bags/camera_dataset/2026-05-05-12-28-13-v1/rear/metadata/sample_3760657479684_0.yaml,/media/hdd2/ARCL_multicar_bags/camera_dataset/2026-05-05-12-28-13-v1/rear/EPnPv2_gt_mesh_z_hybrid_labels/3760657479684_0.json,/media/hdd2/ARCL_multicar_bags/camera_dataset/2026-05-05-12-28-13-v1/rear/EPnPv2_gt_mesh_z_hybrid_labels/3760657479684_0.json,epnp_label,raw,2716.2992965349013,4.1797703713789085,gigaPose_datasets/results/real_world_ot2_IST_tran/extrinsic_optimization_rear_epnp_hybrid_xyz_new/3760657479684_0_extrinsic_before_after.jpg,-33.86669921875,-33.86669921875,-33.86669921875,nan,nan,nan,nan,metadata,pinhole,1144.7207019100395,112.87677941464709,38921.61178588869,True,1144.8442319226588,119.16872687522554,38802.19289701208,True,1150.6042325580297,126.8563834839948,42147.0664062,True
image_3760865093390,/media/hdd2/ARCL_multicar_bags/camera_dataset/2026-05-05-12-28-13-v1/rear/metadata/sample_3760865093390_0.yaml,/media/hdd2/ARCL_multicar_bags/camera_dataset/2026-05-05-12-28-13-v1/rear/EPnPv2_gt_mesh_z_hybrid_labels/3760865093390_0.json,/media/hdd2/ARCL_multicar_bags/camera_dataset/2026-05-05-12-28-13-v1/rear/EPnPv2_gt_mesh_z_hybrid_labels/3760865093390_0.json,epnp_label,raw,274.5824819950817,4.163185633305474,gigaPose_datasets/results/real_world_ot2_IST_tran/extrinsic_optimization_rear_epnp_hybrid_xyz_new/3760865093390_0_extrinsic_before_after.jpg,-33.866539001464844,-33.866539001464844,-33.866539001464844,nan,nan,nan,nan,metadata,pinhole,1144.7109139183772,112.76681709079642,38931.04553222657,True,1144.8338497654918,119.0571391577106,38811.65338764198,True,1152.5501355607707,126.57079014221046,44614.6640625,True
image_3761866229376,/media/hdd2/ARCL_multicar_bags/camera_dataset/2026-05-05-12-28-13-v1/rear/metadata/sample_3761866229376_0.yaml,/media/hdd2/ARCL_multicar_bags/camera_dataset/2026-05-05-12-28-13-v1/rear/EPnPv2_gt_mesh_z_hybrid_labels/3761866229376_0.json,/media/hdd2/ARCL_multicar_bags/camera_dataset/2026-05-05-12-28-13-v1/rear/EPnPv2_gt_mesh_z_hybrid_labels/3761866229376_0.json,epnp_label,raw,2629.6895309292267,4.1835063563272294,gigaPose_datasets/results/real_world_ot2_IST_tran/extrinsic_optimization_rear_epnp_hybrid_xyz_new/3761866229376_0_extrinsic_before_after.jpg,-33.86635208129883,-33.86635208129883,-33.86635208129883,nan,nan,nan,nan,metadata,pinhole,1145.0437886918257,112.42466688013211,38929.14581298829,True,1145.167103720452,118.71504287237286,38809.842834474024,True,1151.6153056221372,126.49980839395002,42238.640625,True
image_3763324628623,/media/hdd2/ARCL_multicar_bags/camera_dataset/2026-05-18-v1-v4/rear/metadata/sample_3763324628623_0.yaml,/media/hdd2/ARCL_multicar_bags/camera_dataset/2026-05-18-v1-v4/rear/EPnPv2_gt_mesh_z_hybrid_labels/3763324628623_0.json,/media/hdd2/ARCL_multicar_bags/camera_dataset/2026-05-18-v1-v4/rear/EPnPv2_gt_mesh_z_hybrid_labels/3763324628623_0.json,epnp_label,raw,3733.763221347394,6.04250623980633,gigaPose_datasets/results/real_world_ot2_IST_tran/extrinsic_optimization_rear_epnp_hybrid_xyz_new/3763324628623_0_extrinsic_before_after.jpg,-35.33026123046875,-35.33026123046875,-35.33026123046875,nan,nan,nan,nan,metadata,pinhole,1466.761383312934,84.13334683060232,83534.98077392581,True,1467.0005707462178,87.32298760613163,83426.0402985797,True,1470.090451402624,88.03800822880964,91538.796875,True
image_3763524966252,/media/hdd2/ARCL_multicar_bags/camera_dataset/2026-05-18-v1-v4/rear/metadata/sample_3763524966252_0.yaml,/media/hdd2/ARCL_multicar_bags/camera_dataset/2026-05-18-v1-v4/rear/EPnPv2_gt_mesh_z_hybrid_labels/3763524966252_0.json,/media/hdd2/ARCL_multicar_bags/camera_dataset/2026-05-18-v1-v4/rear/EPnPv2_gt_mesh_z_hybrid_labels/3763524966252_0.json,epnp_label,raw,3643.087171605233,6.020703495490229,gigaPose_datasets/results/real_world_ot2_IST_tran/extrinsic_optimization_rear_epnp_hybrid_xyz_new/3763524966252_0_extrinsic_before_after.jpg,-35.4340705871582,-35.4340705871582,-35.4340705871582,nan,nan,nan,nan,metadata,pinhole,1490.2418250717446,86.47636623987735,81804.13055419922,True,1490.4857778160429,89.74927986614557,81695.16923386359,True,1490.5296093234651,94.45336535629586,83377.2578125,True
image_3763573656924,/media/hdd2/ARCL_multicar_bags/camera_dataset/2026-05-05-12-28-13-v1/rear/metadata/sample_3763573656924_0.yaml,/media/hdd2/ARCL_multicar_bags/camera_dataset/2026-05-05-12-28-13-v1/rear/EPnPv2_gt_mesh_z_hybrid_labels/3763573656924_0.json,/media/hdd2/ARCL_multicar_bags/camera_dataset/2026-05-05-12-28-13-v1/rear/EPnPv2_gt_mesh_z_hybrid_labels/3763573656924_0.json,epnp_label,raw,104.87855803396532,4.2039323115978,gigaPose_datasets/results/real_world_ot2_IST_tran/extrinsic_optimization_rear_epnp_hybrid_xyz_new/3763573656924_0_extrinsic_before_after.jpg,-33.865901947021484,-33.865901947021484,-33.865901947021484,nan,nan,nan,nan,metadata,pinhole,1145.4505990464081,111.87365186730315,38924.137115478516,True,1145.5749480285804,118.16455281546672,38804.97075552337,True,1152.3507134234346,126.38828783880615,44857.1679688,True
image_3763759263209,/media/hdd2/ARCL_multicar_bags/camera_dataset/2026-05-05-12-28-13-v1/rear/metadata/sample_3763759263209_0.yaml,/media/hdd2/ARCL_multicar_bags/camera_dataset/2026-05-05-12-28-13-v1/rear/EPnPv2_gt_mesh_z_hybrid_labels/3763759263209_0.json,/media/hdd2/ARCL_multicar_bags/camera_dataset/2026-05-05-12-28-13-v1/rear/EPnPv2_gt_mesh_z_hybrid_labels/3763759263209_0.json,epnp_label,raw,241.41736447270696,4.222095898110811,gigaPose_datasets/results/real_world_ot2_IST_tran/extrinsic_optimization_rear_epnp_hybrid_xyz_new/3763759263209_0_extrinsic_before_after.jpg,-33.86574935913086,-33.86574935913086,-33.86574935913086,nan,nan,nan,nan,metadata,pinhole,1145.4140336467956,111.82509210197787,38924.25155639648,True,1145.5384025366939,118.11601687590412,38805.093969532594,True,1152.4658055965526,126.23733859295064,45058.25,True
image_3764456534979,/media/hdd2/ARCL_multicar_bags/camera_dataset/2026-05-05-12-28-13-v1/rear/metadata/sample_3764456534979_0.yaml,/media/hdd2/ARCL_multicar_bags/camera_dataset/2026-05-05-12-28-13-v1/rear/EPnPv2_gt_mesh_z_hybrid_labels/3764456534979_0.json,/media/hdd2/ARCL_multicar_bags/camera_dataset/2026-05-05-12-28-13-v1/rear/EPnPv2_gt_mesh_z_hybrid_labels/3764456534979_0.json,epnp_label,raw,902.4957509483384,4.212954407297541,gigaPose_datasets/results/real_world_ot2_IST_tran/extrinsic_optimization_rear_epnp_hybrid_xyz_new/3764456534979_0_extrinsic_before_after.jpg,-33.86587142944336,-33.86587142944336,-33.86587142944336,nan,nan,nan,nan,metadata,pinhole,1145.5491482898724,111.680852683502,38920.051574707024,True,1145.6740639107293,117.9724188967004,38800.93111136438,True,1152.3314046807236,126.22694425235515,45730.4648438,True
image_3765258708210,/media/hdd2/ARCL_multicar_bags/camera_dataset/2026-05-05-12-28-13-v1/rear/metadata/sample_3765258708210_0.yaml,/media/hdd2/ARCL_multicar_bags/camera_dataset/2026-05-05-12-28-13-v1/rear/EPnPv2_gt_mesh_z_hybrid_labels/3765258708210_0.json,/media/hdd2/ARCL_multicar_bags/camera_dataset/2026-05-05-12-28-13-v1/rear/EPnPv2_gt_mesh_z_hybrid_labels/3765258708210_0.json,epnp_label,raw,1174.2624008392822,4.219493777460474,gigaPose_datasets/results/real_world_ot2_IST_tran/extrinsic_optimization_rear_epnp_hybrid_xyz_new/3765258708210_0_extrinsic_before_after.jpg,-33.865726470947266,-33.865726470947266,-33.865726470947266,nan,nan,nan,nan,metadata,pinhole,1145.6881814336386,111.50688017464792,38916.72134399413,True,1145.81396083984,117.79889326269456,38797.642488369296,True,1152.934780708366,125.82101848742445,45993.921875,True
image_3767561669701,/media/hdd2/ARCL_multicar_bags/camera_dataset/2026-05-05-12-28-13-v1/rear/metadata/sample_3767561669701_0.yaml,/media/hdd2/ARCL_multicar_bags/camera_dataset/2026-05-05-12-28-13-v1/rear/EPnPv2_gt_mesh_z_hybrid_labels/3767561669701_0.json,/media/hdd2/ARCL_multicar_bags/camera_dataset/2026-05-05-12-28-13-v1/rear/EPnPv2_gt_mesh_z_hybrid_labels/3767561669701_0.json,epnp_label,raw,302.90089411829365,4.243469359164189,gigaPose_datasets/results/real_world_ot2_IST_tran/extrinsic_optimization_rear_epnp_hybrid_xyz_new/3767561669701_0_extrinsic_before_after.jpg,-33.865623474121094,-33.865623474121094,-33.865623474121094,nan,nan,nan,nan,metadata,pinhole,1145.933473600716,111.06631146014293,38903.01895141604,True,1146.0597045438992,117.36055870600501,38784.048491056645,True,1151.4610843220678,125.9749510056317,45125.4140625,True
image_3767665344268,/media/hdd2/ARCL_multicar_bags/camera_dataset/2026-05-05-12-28-13-v1/rear/metadata/sample_3767665344268_0.yaml,/media/hdd2/ARCL_multicar_bags/camera_dataset/2026-05-05-12-28-13-v1/rear/EPnPv2_gt_mesh_z_hybrid_labels/3767665344268_0.json,/media/hdd2/ARCL_multicar_bags/camera_dataset/2026-05-05-12-28-13-v1/rear/EPnPv2_gt_mesh_z_hybrid_labels/3767665344268_0.json,epnp_label,raw,1422.4122067801372,4.255570201966538,gigaPose_datasets/results/real_world_ot2_IST_tran/extrinsic_optimization_rear_epnp_hybrid_xyz_new/3767665344268_0_extrinsic_before_after.jpg,-33.86559295654297,-33.86559295654297,-33.86559295654297,nan,nan,nan,nan,metadata,pinhole,1145.928332445457,111.04229239520478,38904.47998046874,True,1146.0550069528824,117.33627850822879,38785.513518582506,True,1151.091143907361,125.90979583673021,43418.6015625,True
image_3767757625005,/media/hdd2/ARCL_multicar_bags/camera_dataset/2026-05-05-12-28-13-v1/rear/metadata/sample_3767757625005_0.yaml,/media/hdd2/ARCL_multicar_bags/camera_dataset/2026-05-05-12-28-13-v1/rear/EPnPv2_gt_mesh_z_hybrid_labels/3767757625005_0.json,/media/hdd2/ARCL_multicar_bags/camera_dataset/2026-05-05-12-28-13-v1/rear/EPnPv2_gt_mesh_z_hybrid_labels/3767757625005_0.json,epnp_label,raw,314.46901417456735,4.238715544605656,gigaPose_datasets/results/real_world_ot2_IST_tran/extrinsic_optimization_rear_epnp_hybrid_xyz_new/3767757625005_0_extrinsic_before_after.jpg,-33.8655891418457,-33.8655891418457,-33.8655891418457,nan,nan,nan,nan,metadata,pinhole,1145.9591077112136,111.0426460302485,38902.90832519531,True,1146.0856242643752,117.33688349945965,38783.94315872399,True,1152.427683527224,126.65406102222163,44522.8515625,True
image_3770656703705,/media/hdd2/ARCL_multicar_bags/camera_dataset/2026-05-05-12-28-13-v1/rear/metadata/sample_3770656703705_0.yaml,/media/hdd2/ARCL_multicar_bags/camera_dataset/2026-05-05-12-28-13-v1/rear/EPnPv2_gt_mesh_z_hybrid_labels/3770656703705_0.json,/media/hdd2/ARCL_multicar_bags/camera_dataset/2026-05-05-12-28-13-v1/rear/EPnPv2_gt_mesh_z_hybrid_labels/3770656703705_0.json,epnp_label,raw,84.3162390949598,4.2557356544294604,gigaPose_datasets/results/real_world_ot2_IST_tran/extrinsic_optimization_rear_epnp_hybrid_xyz_new/3770656703705_0_extrinsic_before_after.jpg,-33.865478515625,-33.865478515625,-33.865478515625,nan,nan,nan,nan,metadata,pinhole,1146.1906914046365,110.65826340513655,38894.84024047851,True,1146.3178169989203,116.95379815628071,38775.968281716974,True,1152.4737706824383,126.43076239410703,44780.4335938,True
image_3770961664995,/media/hdd2/ARCL_multicar_bags/camera_dataset/2026-05-05-12-28-13-v1/rear/metadata/sample_3770961664995_0.yaml,/media/hdd2/ARCL_multicar_bags/camera_dataset/2026-05-05-12-28-13-v1/rear/EPnPv2_gt_mesh_z_hybrid_labels/3770961664995_0.json,/media/hdd2/ARCL_multicar_bags/camera_dataset/2026-05-05-12-28-13-v1/rear/EPnPv2_gt_mesh_z_hybrid_labels/3770961664995_0.json,epnp_label,raw,2860.634187609114,4.275148346844601,gigaPose_datasets/results/real_world_ot2_IST_tran/extrinsic_optimization_rear_epnp_hybrid_xyz_new/3770961664995_0_extrinsic_before_after.jpg,-33.865447998046875,-33.865447998046875,-33.865447998046875,nan,nan,nan,nan,metadata,pinhole,1146.22222314699,110.65739364286469,38894.41680908204,True,1146.3498188311285,116.95296293742076,38775.54428541598,True,1150.8026578971667,126.04959394725981,41981.9179688,True
image_3771161954617,/media/hdd2/ARCL_multicar_bags/camera_dataset/2026-05-05-12-28-13-v1/rear/metadata/sample_3771161954617_0.yaml,/media/hdd2/ARCL_multicar_bags/camera_dataset/2026-05-05-12-28-13-v1/rear/EPnPv2_gt_mesh_z_hybrid_labels/3771161954617_0.json,/media/hdd2/ARCL_multicar_bags/camera_dataset/2026-05-05-12-28-13-v1/rear/EPnPv2_gt_mesh_z_hybrid_labels/3771161954617_0.json,epnp_label,raw,521.6774806779318,4.257871622407021,gigaPose_datasets/results/real_world_ot2_IST_tran/extrinsic_optimization_rear_epnp_hybrid_xyz_new/3771161954617_0_extrinsic_before_after.jpg,-33.86544418334961,-33.86544418334961,-33.86544418334961,nan,nan,nan,nan,metadata,pinhole,1146.2655461957572,110.6256483601311,38892.02880859374,True,1146.3931388234728,116.92161024121043,38773.16479902703,True,1152.693880776736,126.15405594203908,45325.28125,True
image_3771680713331,/media/hdd2/ARCL_multicar_bags/camera_dataset/2026-05-05-12-28-13-v1/rear/metadata/sample_3771680713331_0.yaml,/media/hdd2/ARCL_multicar_bags/camera_dataset/2026-05-05-12-28-13-v1/rear/EPnPv2_gt_mesh_z_hybrid_labels/3771680713331_0.json,/media/hdd2/ARCL_multicar_bags/camera_dataset/2026-05-05-12-28-13-v1/rear/EPnPv2_gt_mesh_z_hybrid_labels/3771680713331_0.json,epnp_label,raw,76.77465647824758,4.310223757864619,gigaPose_datasets/results/real_world_ot2_IST_tran/extrinsic_optimization_rear_epnp_hybrid_xyz_new/3771680713331_0_extrinsic_before_after.jpg,-33.86545944213867,-33.86545944213867,-33.86545944213867,nan,nan,nan,nan,metadata,pinhole,1146.2194399969878,110.59619907184222,38893.985748291,True,1146.344914643041,116.89189949828919,38775.13445093898,True,1152.237606184691,127.12388326848573,44822.0859375,True
image_3771957570402,/media/hdd2/ARCL_multicar_bags/camera_dataset/2026-05-05-12-28-13-v1/rear/metadata/sample_3771957570402_0.yaml,/media/hdd2/ARCL_multicar_bags/camera_dataset/2026-05-05-12-28-13-v1/rear/EPnPv2_gt_mesh_z_hybrid_labels/3771957570402_0.json,/media/hdd2/ARCL_multicar_bags/camera_dataset/2026-05-05-12-28-13-v1/rear/EPnPv2_gt_mesh_z_hybrid_labels/3771957570402_0.json,epnp_label,raw,1147.0486495667021,4.273702309053798,gigaPose_datasets/results/real_world_ot2_IST_tran/extrinsic_optimization_rear_epnp_hybrid_xyz_new/3771957570402_0_extrinsic_before_after.jpg,-33.865482330322266,-33.865482330322266,-33.865482330322266,nan,nan,nan,nan,metadata,pinhole,1146.2373762661762,110.58212348809715,38891.24298095705,True,1146.3630147145877,116.87828706963808,38772.395012814515,True,1153.1606130798593,126.51160293604725,45946.21875,True
image_3772062037420,/media/hdd2/ARCL_multicar_bags/camera_dataset/2026-05-05-12-28-13-v1/rear/metadata/sample_3772062037420_0.yaml,/media/hdd2/ARCL_multicar_bags/camera_dataset/2026-05-05-12-28-13-v1/rear/EPnPv2_gt_mesh_z_hybrid_labels/3772062037420_0.json,/media/hdd2/ARCL_multicar_bags/camera_dataset/2026-05-05-12-28-13-v1/rear/EPnPv2_gt_mesh_z_hybrid_labels/3772062037420_0.json,epnp_label,raw,676.4108762433466,4.295596678271997,gigaPose_datasets/results/real_world_ot2_IST_tran/extrinsic_optimization_rear_epnp_hybrid_xyz_new/3772062037420_0_extrinsic_before_after.jpg,-33.86547088623047,-33.86547088623047,-33.86547088623047,nan,nan,nan,nan,metadata,pinhole,1146.240411602345,110.57999407793383,38891.27731323242,True,1146.3661089009581,116.87614496399735,38772.4297907426,True,1150.7498460440206,125.76753748082204,44150.4570312,True
image_3774282147597,/media/hdd2/ARCL_multicar_bags/camera_dataset/2026-05-05-12-28-13-v1/rear/metadata/sample_3774282147597_0.yaml,/media/hdd2/ARCL_multicar_bags/camera_dataset/2026-05-05-12-28-13-v1/rear/EPnPv2_gt_mesh_z_hybrid_labels/3774282147597_0.json,/media/hdd2/ARCL_multicar_bags/camera_dataset/2026-05-05-12-28-13-v1/rear/EPnPv2_gt_mesh_z_hybrid_labels/3774282147597_0.json,epnp_label,raw,1148.2912941891173,4.255685650237488,gigaPose_datasets/results/real_world_ot2_IST_tran/extrinsic_optimization_rear_epnp_hybrid_xyz_new/3774282147597_0_extrinsic_before_after.jpg,-33.86549377441406,-33.86549377441406,-33.86549377441406,nan,nan,nan,nan,metadata,pinhole,1146.323724941034,110.51497950750903,38894.85931396483,True,1146.4518861135111,116.81053971396256,38776.01814709433,True,1152.6109134663832,126.20663567314767,43678.9375,True
image_3774586759255,/media/hdd2/ARCL_multicar_bags/camera_dataset/2026-05-05-12-28-13-v1/rear/metadata/sample_3774586759255_0.yaml,/media/hdd2/ARCL_multicar_bags/camera_dataset/2026-05-05-12-28-13-v1/rear/EPnPv2_gt_mesh_z_hybrid_labels/3774586759255_0.json,/media/hdd2/ARCL_multicar_bags/camera_dataset/2026-05-05-12-28-13-v1/rear/EPnPv2_gt_mesh_z_hybrid_labels/3774586759255_0.json,epnp_label,raw,2349.3641324201585,4.272867855255062,gigaPose_datasets/results/real_world_ot2_IST_tran/extrinsic_optimization_rear_epnp_hybrid_xyz_new/3774586759255_0_extrinsic_before_after.jpg,-33.865482330322266,-33.865482330322266,-33.865482330322266,nan,nan,nan,nan,metadata,pinhole,1146.3314353732678,110.51286616374355,38895.782470703154,True,1146.4600171848876,116.80825832958007,38776.94038280915,True,1153.0944730352364,125.97172201542152,47148.15625,True
image_3775355860820,/media/hdd2/ARCL_multicar_bags/camera_dataset/2026-05-05-12-28-13-v1/rear/metadata/sample_3775355860820_0.yaml,/media/hdd2/ARCL_multicar_bags/camera_dataset/2026-05-05-12-28-13-v1/rear/EPnPv2_gt_mesh_z_hybrid_labels/3775355860820_0.json,/media/hdd2/ARCL_multicar_bags/camera_dataset/2026-05-05-12-28-13-v1/rear/EPnPv2_gt_mesh_z_hybrid_labels/3775355860820_0.json,epnp_label,raw,250.3253598987027,4.257667918150601,gigaPose_datasets/results/real_world_ot2_IST_tran/extrinsic_optimization_rear_epnp_hybrid_xyz_new/3775355860820_0_extrinsic_before_after.jpg,-33.8654899597168,-33.8654899597168,-33.8654899597168,nan,nan,nan,nan,metadata,pinhole,1146.3537661894056,110.46266143750383,38895.740509033196,True,1146.4822892311374,116.75807998895326,38776.910450133815,True,1151.2923145135398,125.81297458690344,44576.28125,True
image_3775760384653,/media/hdd2/ARCL_multicar_bags/camera_dataset/2026-05-05-12-28-13-v1/rear/metadata/sample_3775760384653_0.yaml,/media/hdd2/ARCL_multicar_bags/camera_dataset/2026-05-05-12-28-13-v1/rear/EPnPv2_gt_mesh_z_hybrid_labels/3775760384653_0.json,/media/hdd2/ARCL_multicar_bags/camera_dataset/2026-05-05-12-28-13-v1/rear/EPnPv2_gt_mesh_z_hybrid_labels/3775760384653_0.json,epnp_label,raw,2403.8993958980855,4.25580247076793,gigaPose_datasets/results/real_world_ot2_IST_tran/extrinsic_optimization_rear_epnp_hybrid_xyz_new/3775760384653_0_extrinsic_before_after.jpg,-33.865478515625,-33.865478515625,-33.865478515625,nan,nan,nan,nan,metadata,pinhole,1146.4006425338011,110.46710247380216,38894.1650390625,True,1146.530233905557,116.76274806041542,38775.33128898415,True,1153.8686253331957,125.40814460716467,47194.3867188,True
image_3777261409001,/media/hdd2/ARCL_multicar_bags/camera_dataset/2026-05-05-12-28-13-v1/rear/metadata/sample_3777261409001_0.yaml,/media/hdd2/ARCL_multicar_bags/camera_dataset/2026-05-05-12-28-13-v1/rear/EPnPv2_gt_mesh_z_hybrid_labels/3777261409001_0.json,/media/hdd2/ARCL_multicar_bags/camera_dataset/2026-05-05-12-28-13-v1/rear/EPnPv2_gt_mesh_z_hybrid_labels/3777261409001_0.json,epnp_label,raw,994.8768148658564,4.286448348485193,gigaPose_datasets/results/real_world_ot2_IST_tran/extrinsic_optimization_rear_epnp_hybrid_xyz_new/3777261409001_0_extrinsic_before_after.jpg,-33.86549377441406,-33.86549377441406,-33.86549377441406,nan,nan,nan,nan,metadata,pinhole,1146.452267147314,110.45070600845884,38890.20919799805,True,1146.580506442824,116.74703374862767,38771.385015681444,True,1153.1160196538235,127.12898543928031,43828.3203125,True
image_3781274953564,/media/hdd2/ARCL_multicar_bags/camera_dataset/2026-05-05-12-28-13-v1/rear/metadata/sample_3781274953564_0.yaml,/media/hdd2/ARCL_multicar_bags/camera_dataset/2026-05-05-12-28-13-v1/rear/EPnPv2_gt_mesh_z_hybrid_labels/3781274953564_0.json,/media/hdd2/ARCL_multicar_bags/camera_dataset/2026-05-05-12-28-13-v1/rear/EPnPv2_gt_mesh_z_hybrid_labels/3781274953564_0.json,epnp_label,raw,2684.7313205318133,4.268354296378148,gigaPose_datasets/results/real_world_ot2_IST_tran/extrinsic_optimization_rear_epnp_hybrid_xyz_new/3781274953564_0_extrinsic_before_after.jpg,-33.865478515625,-33.865478515625,-33.865478515625,nan,nan,nan,nan,metadata,pinhole,1146.582557678314,110.49001774075596,38890.93399047853,True,1146.711613609614,116.78618981154034,38772.09889371727,True,1154.0597012156138,125.63963714903352,47470.9609375,True
image_3782824014572,/media/hdd2/ARCL_multicar_bags/camera_dataset/2026-05-18-v1-v4/rear/metadata/sample_3782824014572_0.yaml,/media/hdd2/ARCL_multicar_bags/camera_dataset/2026-05-18-v1-v4/rear/EPnPv2_gt_mesh_z_hybrid_labels/3782824014572_0.json,/media/hdd2/ARCL_multicar_bags/camera_dataset/2026-05-18-v1-v4/rear/EPnPv2_gt_mesh_z_hybrid_labels/3782824014572_0.json,epnp_label,raw,3504.808268217887,6.662368892024382,gigaPose_datasets/results/real_world_ot2_IST_tran/extrinsic_optimization_rear_epnp_hybrid_xyz_new/3782824014572_0_extrinsic_before_after.jpg,-35.63009262084961,-35.63009262084961,-35.63009262084961,nan,nan,nan,nan,metadata,pinhole,1243.0974608715974,111.22042718905638,46888.149261474624,True,1241.2285055202785,114.79228523229995,46955.14266206302,True,1264.8139630260307,127.51591845425256,48253.5039062,True
image_3782939756927,/media/hdd2/ARCL_multicar_bags/camera_dataset/2026-05-18-v1-v4/rear/metadata/sample_3782939756927_0.yaml,/media/hdd2/ARCL_multicar_bags/camera_dataset/2026-05-18-v1-v4/rear/EPnPv2_gt_mesh_z_hybrid_labels/3782939756927_0.json,/media/hdd2/ARCL_multicar_bags/camera_dataset/2026-05-18-v1-v4/rear/EPnPv2_gt_mesh_z_hybrid_labels/3782939756927_0.json,epnp_label,raw,1809.9080749126613,6.139684634735163,gigaPose_datasets/results/real_world_ot2_IST_tran/extrinsic_optimization_rear_epnp_hybrid_xyz_new/3782939756927_0_extrinsic_before_after.jpg,-35.59666061401367,-35.59666061401367,-35.59666061401367,nan,nan,nan,nan,metadata,pinhole,1231.3511321580743,112.85335463897886,46662.464141845696,True,1229.4999692602787,116.41070285901881,46728.865791322336,True,1248.7794811802098,126.3756345039292,50145.5,True
image_3783234895469,/media/hdd2/ARCL_multicar_bags/camera_dataset/2026-05-18-v1-v4/rear/metadata/sample_3783234895469_0.yaml,/media/hdd2/ARCL_multicar_bags/camera_dataset/2026-05-18-v1-v4/rear/EPnPv2_gt_mesh_z_hybrid_labels/3783234895469_0.json,/media/hdd2/ARCL_multicar_bags/camera_dataset/2026-05-18-v1-v4/rear/EPnPv2_gt_mesh_z_hybrid_labels/3783234895469_0.json,epnp_label,raw,2747.725987669889,14.289702398155498,gigaPose_datasets/results/real_world_ot2_IST_tran/extrinsic_optimization_rear_epnp_hybrid_xyz_new/3783234895469_0_extrinsic_before_after.jpg,-35.501953125,-35.501953125,-35.501953125,nan,nan,nan,nan,metadata,pinhole,1203.9607242434215,112.47648829680986,45365.85617065429,True,1202.1387096812198,116.05003634821891,45431.43560929956,True,1207.5474871736963,129.01248478399438,53172.0898438,True
image_3783323815173,/media/hdd2/ARCL_multicar_bags/camera_dataset/2026-05-18-v1-v4/rear/metadata/sample_3783323815173_0.yaml,/media/hdd2/ARCL_multicar_bags/camera_dataset/2026-05-18-v1-v4/rear/EPnPv2_gt_mesh_z_hybrid_labels/3783323815173_0.json,/media/hdd2/ARCL_multicar_bags/camera_dataset/2026-05-18-v1-v4/rear/EPnPv2_gt_mesh_z_hybrid_labels/3783323815173_0.json,epnp_label,raw,2313.2929604736305,14.469559888589899,gigaPose_datasets/results/real_world_ot2_IST_tran/extrinsic_optimization_rear_epnp_hybrid_xyz_new/3783323815173_0_extrinsic_before_after.jpg,-35.501953125,-35.501953125,-35.501953125,nan,nan,nan,nan,metadata,pinhole,1200.5939124876488,112.65999421410325,46245.84960937499,True,1198.8075695990508,116.16384420527697,46311.40903437899,True,1200.2499017603236,128.78291128020302,53586.1679688,True
image_3783426163484,/media/hdd2/ARCL_multicar_bags/camera_dataset/2026-05-18-v1-v4/rear/metadata/sample_3783426163484_0.yaml,/media/hdd2/ARCL_multicar_bags/camera_dataset/2026-05-18-v1-v4/rear/EPnPv2_gt_mesh_z_hybrid_labels/3783426163484_0.json,/media/hdd2/ARCL_multicar_bags/camera_dataset/2026-05-18-v1-v4/rear/EPnPv2_gt_mesh_z_hybrid_labels/3783426163484_0.json,epnp_label,raw,1057.4728705618625,12.930606922734926,gigaPose_datasets/results/real_world_ot2_IST_tran/extrinsic_optimization_rear_epnp_hybrid_xyz_new/3783426163484_0_extrinsic_before_after.jpg,-35.43547058105469,-35.43547058105469,-35.43547058105469,nan,nan,nan,nan,metadata,pinhole,1188.7908062960628,112.70823106780495,44395.484924316406,True,1186.9843292478367,116.30651747924232,44460.56782126566,True,1193.2254792954213,128.1475174568118,48732.7695312,True
image_3783527752568,/media/hdd2/ARCL_multicar_bags/camera_dataset/2026-05-18-v1-v4/rear/metadata/sample_3783527752568_0.yaml,/media/hdd2/ARCL_multicar_bags/camera_dataset/2026-05-18-v1-v4/rear/EPnPv2_gt_mesh_z_hybrid_labels/3783527752568_0.json,/media/hdd2/ARCL_multicar_bags/camera_dataset/2026-05-18-v1-v4/rear/EPnPv2_gt_mesh_z_hybrid_labels/3783527752568_0.json,epnp_label,raw,1656.5354205268807,9.0093858800301,gigaPose_datasets/results/real_world_ot2_IST_tran/extrinsic_optimization_rear_epnp_hybrid_xyz_new/3783527752568_0_extrinsic_before_after.jpg,-35.405242919921875,-35.405242919921875,-35.405242919921875,nan,nan,nan,nan,metadata,pinhole,1181.9698747791242,112.49901228147652,43958.55712890625,True,1180.1711633495868,116.10749915901022,44023.43937309944,True,1200.8899022009389,129.0767458743547,48000.2734375,True
image_3783572589799,/media/hdd2/ARCL_multicar_bags/camera_dataset/2026-05-05-12-28-13-v1/rear/metadata/sample_3783572589799_0.yaml,/media/hdd2/ARCL_multicar_bags/camera_dataset/2026-05-05-12-28-13-v1/rear/EPnPv2_gt_mesh_z_hybrid_labels/3783572589799_0.json,/media/hdd2/ARCL_multicar_bags/camera_dataset/2026-05-05-12-28-13-v1/rear/EPnPv2_gt_mesh_z_hybrid_labels/3783572589799_0.json,epnp_label,raw,124.23911780593176,4.252872702624191,gigaPose_datasets/results/real_world_ot2_IST_tran/extrinsic_optimization_rear_epnp_hybrid_xyz_new/3783572589799_0_extrinsic_before_after.jpg,-33.865509033203125,-33.865509033203125,-33.865509033203125,nan,nan,nan,nan,metadata,pinhole,1146.5616496986434,110.46398447678662,38892.72689819336,True,1146.6908363080524,116.75990037461713,38773.89597636826,True,1152.2439614719826,125.8691377224014,44704.9804688,True
image_3783726592653,/media/hdd2/ARCL_multicar_bags/camera_dataset/2026-05-18-v1-v4/rear/metadata/sample_3783726592653_0.yaml,/media/hdd2/ARCL_multicar_bags/camera_dataset/2026-05-18-v1-v4/rear/EPnPv2_gt_mesh_z_hybrid_labels/3783726592653_0.json,/media/hdd2/ARCL_multicar_bags/camera_dataset/2026-05-18-v1-v4/rear/EPnPv2_gt_mesh_z_hybrid_labels/3783726592653_0.json,epnp_label,raw,1615.0322651144559,11.84594309107613,gigaPose_datasets/results/real_world_ot2_IST_tran/extrinsic_optimization_rear_epnp_hybrid_xyz_new/3783726592653_0_extrinsic_before_after.jpg,-35.34248733520508,-35.34248733520508,-35.34248733520508,nan,nan,nan,nan,metadata,pinhole,1170.0046288359035,112.22661724349521,43046.01287841797,True,1168.2198926344572,115.86311867933935,43110.49157766978,True,1172.8349291239983,128.9270298598221,49584.9414062,True
image_3783924491526,/media/hdd2/ARCL_multicar_bags/camera_dataset/2026-05-18-v1-v4/rear/metadata/sample_3783924491526_0.yaml,/media/hdd2/ARCL_multicar_bags/camera_dataset/2026-05-18-v1-v4/rear/EPnPv2_gt_mesh_z_hybrid_labels/3783924491526_0.json,/media/hdd2/ARCL_multicar_bags/camera_dataset/2026-05-18-v1-v4/rear/EPnPv2_gt_mesh_z_hybrid_labels/3783924491526_0.json,epnp_label,raw,1464.1848875328365,10.394962359746401,gigaPose_datasets/results/real_world_ot2_IST_tran/extrinsic_optimization_rear_epnp_hybrid_xyz_new/3783924491526_0_extrinsic_before_after.jpg,-35.29572677612305,-35.29572677612305,-35.29572677612305,nan,nan,nan,nan,metadata,pinhole,1160.4752653829114,111.57567472499575,42145.999908447266,True,1158.706899322051,115.24687898244017,42210.24466314951,True,1163.0798522644393,127.18367079828893,48497.21875,True
image_3784123171568,/media/hdd2/ARCL_multicar_bags/camera_dataset/2026-05-18-v1-v4/rear/metadata/sample_3784123171568_0.yaml,/media/hdd2/ARCL_multicar_bags/camera_dataset/2026-05-18-v1-v4/rear/EPnPv2_gt_mesh_z_hybrid_labels/3784123171568_0.json,/media/hdd2/ARCL_multicar_bags/camera_dataset/2026-05-18-v1-v4/rear/EPnPv2_gt_mesh_z_hybrid_labels/3784123171568_0.json,epnp_label,raw,815.0589589524291,9.462013981020476,gigaPose_datasets/results/real_world_ot2_IST_tran/extrinsic_optimization_rear_epnp_hybrid_xyz_new/3784123171568_0_extrinsic_before_after.jpg,-35.24376678466797,-35.24376678466797,-35.24376678466797,nan,nan,nan,nan,metadata,pinhole,1152.8760812387761,111.21911707906278,41294.41833496095,True,1151.1222013898905,114.92572070609327,41358.40991070908,True,1157.9687088939286,128.5568128414995,46244.1679688,True
image_3784265309743,/media/hdd2/ARCL_multicar_bags/camera_dataset/2026-05-05-12-28-13-v1/rear/metadata/sample_3784265309743_0.yaml,/media/hdd2/ARCL_multicar_bags/camera_dataset/2026-05-05-12-28-13-v1/rear/EPnPv2_gt_mesh_z_hybrid_labels/3784265309743_0.json,/media/hdd2/ARCL_multicar_bags/camera_dataset/2026-05-05-12-28-13-v1/rear/EPnPv2_gt_mesh_z_hybrid_labels/3784265309743_0.json,epnp_label,raw,2557.0742776153284,4.256063200699821,gigaPose_datasets/results/real_world_ot2_IST_tran/extrinsic_optimization_rear_epnp_hybrid_xyz_new/3784265309743_0_extrinsic_before_after.jpg,-33.8654670715332,-33.8654670715332,-33.8654670715332,nan,nan,nan,nan,metadata,pinhole,1146.5996802843672,110.46150439435544,38894.40536499023,True,1146.7291060879747,116.75711065088927,38775.57459531267,True,1153.521221410942,125.80157865687738,47351.4648438,True
image_3784423056864,/media/hdd2/ARCL_multicar_bags/camera_dataset/2026-05-18-v1-v4/rear/metadata/sample_3784423056864_0.yaml,/media/hdd2/ARCL_multicar_bags/camera_dataset/2026-05-18-v1-v4/rear/EPnPv2_gt_mesh_z_hybrid_labels/3784423056864_0.json,/media/hdd2/ARCL_multicar_bags/camera_dataset/2026-05-18-v1-v4/rear/EPnPv2_gt_mesh_z_hybrid_labels/3784423056864_0.json,epnp_label,raw,2228.9814265080518,8.6216299360274,gigaPose_datasets/results/real_world_ot2_IST_tran/extrinsic_optimization_rear_epnp_hybrid_xyz_new/3784423056864_0_extrinsic_before_after.jpg,-35.19248962402344,-35.19248962402344,-35.19248962402344,nan,nan,nan,nan,metadata,pinhole,1143.649548983291,110.82052341767107,41531.16226196289,True,1141.9551296507984,114.46987599037078,41594.87430060464,True,1149.928112873233,127.32397944538742,44601.4882812,True
image_3784423056864,/media/hdd2/ARCL_multicar_bags/camera_dataset/2026-05-18-v1-v4/rear/metadata/sample_3784423056864_1.yaml,/media/hdd2/ARCL_multicar_bags/camera_dataset/2026-05-18-v1-v4/rear/EPnPv2_gt_mesh_z_hybrid_labels/3784423056864_1.json,/media/hdd2/ARCL_multicar_bags/camera_dataset/2026-05-18-v1-v4/rear/EPnPv2_gt_mesh_z_hybrid_labels/3784423056864_1.json,epnp_label,raw,2228.9814265080518,8.6216299360274,gigaPose_datasets/results/real_world_ot2_IST_tran/extrinsic_optimization_rear_epnp_hybrid_xyz_new/3784423056864_1_extrinsic_before_after.jpg,-35.19248962402344,-35.19248962402344,-35.19248962402344,nan,nan,nan,nan,metadata,pinhole,1143.649548983291,110.82052341767107,41531.16226196289,True,1141.9551296507984,114.46987599037078,41594.87430060464,True,1149.928112873233,127.32397944538742,44601.4882812,True
image_3784523171259,/media/hdd2/ARCL_multicar_bags/camera_dataset/2026-05-18-v1-v4/rear/metadata/sample_3784523171259_0.yaml,/media/hdd2/ARCL_multicar_bags/camera_dataset/2026-05-18-v1-v4/rear/EPnPv2_gt_mesh_z_hybrid_labels/3784523171259_0.json,/media/hdd2/ARCL_multicar_bags/camera_dataset/2026-05-18-v1-v4/rear/EPnPv2_gt_mesh_z_hybrid_labels/3784523171259_0.json,epnp_label,raw,2137.0810231826185,8.329234103507165,gigaPose_datasets/results/real_world_ot2_IST_tran/extrinsic_optimization_rear_epnp_hybrid_xyz_new/3784523171259_0_extrinsic_before_after.jpg,-35.17200469970703,-35.17200469970703,-35.17200469970703,nan,nan,nan,nan,metadata,pinhole,1141.3899216377235,110.11007744893342,41178.95889282226,True,1139.7009778648853,113.7728717469252,41242.675930057194,True,1147.7060414455282,127.21982423257506,48298.9453125,True
image_3785657246732,/media/hdd2/ARCL_multicar_bags/camera_dataset/2026-05-05-12-28-13-v1/rear/metadata/sample_3785657246732_0.yaml,/media/hdd2/ARCL_multicar_bags/camera_dataset/2026-05-05-12-28-13-v1/rear/EPnPv2_gt_mesh_z_hybrid_labels/3785657246732_0.json,/media/hdd2/ARCL_multicar_bags/camera_dataset/2026-05-05-12-28-13-v1/rear/EPnPv2_gt_mesh_z_hybrid_labels/3785657246732_0.json,epnp_label,raw,35.08602352024481,4.297620918176832,gigaPose_datasets/results/real_world_ot2_IST_tran/extrinsic_optimization_rear_epnp_hybrid_xyz_new/3785657246732_0_extrinsic_before_after.jpg,-33.865413665771484,-33.865413665771484,-33.865413665771484,nan,nan,nan,nan,metadata,pinhole,1146.6782290652561,110.50262829814939,38895.42007446291,True,1146.8085294631355,116.79799686148573,38776.57790754714,True,1151.9932135828412,125.38135714593176,44813.7734375,True
image_3787023077961,/media/hdd2/ARCL_multicar_bags/camera_dataset/2026-05-18-v1-v4/rear/metadata/sample_3787023077961_0.yaml,/media/hdd2/ARCL_multicar_bags/camera_dataset/2026-05-18-v1-v4/rear/EPnPv2_gt_mesh_z_hybrid_labels/3787023077961_0.json,/media/hdd2/ARCL_multicar_bags/camera_dataset/2026-05-18-v1-v4/rear/EPnPv2_gt_mesh_z_hybrid_labels/3787023077961_0.json,epnp_label,raw,3825.3460586557876,14.646759366197076,gigaPose_datasets/results/real_world_ot2_IST_tran/extrinsic_optimization_rear_epnp_hybrid_xyz_new/3787023077961_0_extrinsic_before_after.jpg,-34.6092414855957,-34.6092414855957,-34.6092414855957,nan,nan,nan,nan,metadata,pinhole,1160.69689276969,114.57342250411531,34451.73263549805,True,1159.1826679481123,118.55866305512069,34514.79378575063,True,1155.168561283754,127.94277950989027,43466.296875,True
image_3787323365490,/media/hdd2/ARCL_multicar_bags/camera_dataset/2026-05-18-v1-v4/rear/metadata/sample_3787323365490_0.yaml,/media/hdd2/ARCL_multicar_bags/camera_dataset/2026-05-18-v1-v4/rear/EPnPv2_gt_mesh_z_hybrid_labels/3787323365490_0.json,/media/hdd2/ARCL_multicar_bags/camera_dataset/2026-05-18-v1-v4/rear/EPnPv2_gt_mesh_z_hybrid_labels/3787323365490_0.json,epnp_label,raw,1776.0703997816372,14.621392840260654,gigaPose_datasets/results/real_world_ot2_IST_tran/extrinsic_optimization_rear_epnp_hybrid_xyz_new/3787323365490_0_extrinsic_before_after.jpg,-34.56147384643555,-34.56147384643555,-34.56147384643555,nan,nan,nan,nan,metadata,pinhole,1162.7981414206454,116.05328364380395,34143.48220825196,True,1161.3190199780408,120.03492973988543,34206.3097816002,True,1156.969849280955,129.90759178342267,41081.921875,True
image_3787678655244,/media/hdd2/ARCL_multicar_bags/camera_dataset/2026-05-05-12-28-13-v1/rear/metadata/sample_3787678655244_0.yaml,/media/hdd2/ARCL_multicar_bags/camera_dataset/2026-05-05-12-28-13-v1/rear/EPnPv2_gt_mesh_z_hybrid_labels/3787678655244_0.json,/media/hdd2/ARCL_multicar_bags/camera_dataset/2026-05-05-12-28-13-v1/rear/EPnPv2_gt_mesh_z_hybrid_labels/3787678655244_0.json,epnp_label,raw,100.6631048117846,4.246142478785467,gigaPose_datasets/results/real_world_ot2_IST_tran/extrinsic_optimization_rear_epnp_hybrid_xyz_new/3787678655244_0_extrinsic_before_after.jpg,-33.86542510986328,-33.86542510986328,-33.86542510986328,nan,nan,nan,nan,metadata,pinhole,1146.6722023542582,110.53942023034378,38899.581909179695,True,1146.8001679016234,116.83414778966471,38780.737833646286,True,1152.656881484283,126.59119471736533,44750.0664062,True
image_3787723797435,/media/hdd2/ARCL_multicar_bags/camera_dataset/2026-05-18-v1-v4/rear/metadata/sample_3787723797435_0.yaml,/media/hdd2/ARCL_multicar_bags/camera_dataset/2026-05-18-v1-v4/rear/EPnPv2_gt_mesh_z_hybrid_labels/3787723797435_0.json,/media/hdd2/ARCL_multicar_bags/camera_dataset/2026-05-18-v1-v4/rear/EPnPv2_gt_mesh_z_hybrid_labels/3787723797435_0.json,epnp_label,raw,553.9555216378675,14.095359123893136,gigaPose_datasets/results/real_world_ot2_IST_tran/extrinsic_optimization_rear_epnp_hybrid_xyz_new/3787723797435_0_extrinsic_before_after.jpg,-34.4935188293457,-34.4935188293457,-34.4935188293457,nan,nan,nan,nan,metadata,pinhole,1165.1286846323296,115.62802285574912,33826.29776000976,True,1163.701009593771,119.59651719249642,33889.12237118787,True,1158.5710940334277,127.02205268719527,38793.5078125,True
image_3788123105586,/media/hdd2/ARCL_multicar_bags/camera_dataset/2026-05-18-v1-v4/rear/metadata/sample_3788123105586_0.yaml,/media/hdd2/ARCL_multicar_bags/camera_dataset/2026-05-18-v1-v4/rear/EPnPv2_gt_mesh_z_hybrid_labels/3788123105586_0.json,/media/hdd2/ARCL_multicar_bags/camera_dataset/2026-05-18-v1-v4/rear/EPnPv2_gt_mesh_z_hybrid_labels/3788123105586_0.json,epnp_label,raw,1962.8185348712104,12.384858912951216,gigaPose_datasets/results/real_world_ot2_IST_tran/extrinsic_optimization_rear_epnp_hybrid_xyz_new/3788123105586_0_extrinsic_before_after.jpg,-34.44959259033203,-34.44959259033203,-34.44959259033203,nan,nan,nan,nan,metadata,pinhole,1162.1532404840225,115.09890148728692,34649.94430541992,True,1160.8159040574378,118.93795401176764,34712.74938070925,True,1163.5021229441245,126.03103339532329,38083.9335938,True
image_3788323698691,/media/hdd2/ARCL_multicar_bags/camera_dataset/2026-05-18-v1-v4/rear/metadata/sample_3788323698691_0.yaml,/media/hdd2/ARCL_multicar_bags/camera_dataset/2026-05-18-v1-v4/rear/EPnPv2_gt_mesh_z_hybrid_labels/3788323698691_0.json,/media/hdd2/ARCL_multicar_bags/camera_dataset/2026-05-18-v1-v4/rear/EPnPv2_gt_mesh_z_hybrid_labels/3788323698691_0.json,epnp_label,raw,1907.8005659638463,12.8702325440341,gigaPose_datasets/results/real_world_ot2_IST_tran/extrinsic_optimization_rear_epnp_hybrid_xyz_new/3788323698691_0_extrinsic_before_after.jpg,-34.41524124145508,-34.41524124145508,-34.41524124145508,nan,nan,nan,nan,metadata,pinhole,1163.0798893076696,114.79173642524964,34586.32278442382,True,1161.7744873773458,118.6157046571235,34649.10607590873,True,1162.6242176173937,127.05837297809589,38060.3671875,True
image_3788725342353,/media/hdd2/ARCL_multicar_bags/camera_dataset/2026-05-18-v1-v4/rear/metadata/sample_3788725342353_0.yaml,/media/hdd2/ARCL_multicar_bags/camera_dataset/2026-05-18-v1-v4/rear/EPnPv2_gt_mesh_z_hybrid_labels/3788725342353_0.json,/media/hdd2/ARCL_multicar_bags/camera_dataset/2026-05-18-v1-v4/rear/EPnPv2_gt_mesh_z_hybrid_labels/3788725342353_0.json,epnp_label,raw,781.9842726799382,11.426022929184333,gigaPose_datasets/results/real_world_ot2_IST_tran/extrinsic_optimization_rear_epnp_hybrid_xyz_new/3788725342353_0_extrinsic_before_after.jpg,-34.32667541503906,-34.32667541503906,-34.32667541503906,nan,nan,nan,nan,metadata,pinhole,1168.9530515665215,117.8129301136826,33528.13339233397,True,1167.693797798682,121.70030934392605,33590.48632742966,True,1161.4301604978075,130.5687885886697,39372.1640625,True
image_3789127759342,/media/hdd2/ARCL_multicar_bags/camera_dataset/2026-05-18-v1-v4/rear/metadata/sample_3789127759342_0.yaml,/media/hdd2/ARCL_multicar_bags/camera_dataset/2026-05-18-v1-v4/rear/EPnPv2_gt_mesh_z_hybrid_labels/3789127759342_0.json,/media/hdd2/ARCL_multicar_bags/camera_dataset/2026-05-18-v1-v4/rear/EPnPv2_gt_mesh_z_hybrid_labels/3789127759342_0.json,epnp_label,raw,1442.308673485776,11.048536013528576,gigaPose_datasets/results/real_world_ot2_IST_tran/extrinsic_optimization_rear_epnp_hybrid_xyz_new/3789127759342_0_extrinsic_before_after.jpg,-34.25798034667969,-34.25798034667969,-34.25798034667969,nan,nan,nan,nan,metadata,pinhole,1169.1393327858743,120.15843268551563,33560.0700378418,True,1167.957077717396,123.99896335739133,33621.916462195266,True,1165.471703460767,133.64582449251577,37500.9492188,True
image_3789323095727,/media/hdd2/ARCL_multicar_bags/camera_dataset/2026-05-18-v1-v4/rear/metadata/sample_3789323095727_0.yaml,/media/hdd2/ARCL_multicar_bags/camera_dataset/2026-05-18-v1-v4/rear/EPnPv2_gt_mesh_z_hybrid_labels/3789323095727_0.json,/media/hdd2/ARCL_multicar_bags/camera_dataset/2026-05-18-v1-v4/rear/EPnPv2_gt_mesh_z_hybrid_labels/3789323095727_0.json,epnp_label,raw,2242.075714226072,11.031031133952613,gigaPose_datasets/results/real_world_ot2_IST_tran/extrinsic_optimization_rear_epnp_hybrid_xyz_new/3789323095727_0_extrinsic_before_after.jpg,-34.24978256225586,-34.24978256225586,-34.24978256225586,nan,nan,nan,nan,metadata,pinhole,1164.6858363193417,120.59320667383699,34516.66259765625,True,1163.561906491572,124.31835403786579,34578.33087777499,True,1166.0381969783712,134.28330972092908,37631.2382812,True
image_3789532715707,/media/hdd2/ARCL_multicar_bags/camera_dataset/2026-05-18-v1-v4/rear/metadata/sample_3789532715707_0.yaml,/media/hdd2/ARCL_multicar_bags/camera_dataset/2026-05-18-v1-v4/rear/EPnPv2_gt_mesh_z_hybrid_labels/3789532715707_0.json,/media/hdd2/ARCL_multicar_bags/camera_dataset/2026-05-18-v1-v4/rear/EPnPv2_gt_mesh_z_hybrid_labels/3789532715707_0.json,epnp_label,raw,636.2955117249846,11.838644978738987,gigaPose_datasets/results/real_world_ot2_IST_tran/extrinsic_optimization_rear_epnp_hybrid_xyz_new/3789532715707_0_extrinsic_before_after.jpg,-34.21730041503906,-34.21730041503906,-34.21730041503906,nan,nan,nan,nan,metadata,pinhole,1169.9300269657772,120.59840792745833,33627.258300781235,True,1168.8197937507275,124.38756992824008,33688.912948167614,True,1162.949312739599,131.84778453277127,38545.7695312,True
image_3789623462458,/media/hdd2/ARCL_multicar_bags/camera_dataset/2026-05-18-v1-v4/rear/metadata/sample_3789623462458_0.yaml,/media/hdd2/ARCL_multicar_bags/camera_dataset/2026-05-18-v1-v4/rear/EPnPv2_gt_mesh_z_hybrid_labels/3789623462458_0.json,/media/hdd2/ARCL_multicar_bags/camera_dataset/2026-05-18-v1-v4/rear/EPnPv2_gt_mesh_z_hybrid_labels/3789623462458_0.json,epnp_label,raw,2490.346030763176,10.599093403817673,gigaPose_datasets/results/real_world_ot2_IST_tran/extrinsic_optimization_rear_epnp_hybrid_xyz_new/3789623462458_0_extrinsic_before_after.jpg,-34.21730041503906,-34.21730041503906,-34.21730041503906,nan,nan,nan,nan,metadata,pinhole,1165.4976859475667,120.36627166380906,34527.12631225586,True,1164.4257315140514,124.05836671302451,34588.72366436595,True,1165.3285701168518,129.83140880684573,37393.1210938,True
image_3789728574386,/media/hdd2/ARCL_multicar_bags/camera_dataset/2026-05-18-v1-v4/rear/metadata/sample_3789728574386_0.yaml,/media/hdd2/ARCL_multicar_bags/camera_dataset/2026-05-18-v1-v4/rear/EPnPv2_gt_mesh_z_hybrid_labels/3789728574386_0.json,/media/hdd2/ARCL_multicar_bags/camera_dataset/2026-05-18-v1-v4/rear/EPnPv2_gt_mesh_z_hybrid_labels/3789728574386_0.json,epnp_label,raw,2571.374181055636,10.769082830426584,gigaPose_datasets/results/real_world_ot2_IST_tran/extrinsic_optimization_rear_epnp_hybrid_xyz_new/3789728574386_0_extrinsic_before_after.jpg,-34.188072204589844,-34.188072204589844,-34.188072204589844,nan,nan,nan,nan,metadata,pinhole,1170.7060748814315,119.98330295187856,33607.03277587891,True,1169.6350498729905,123.75445845923825,33668.675905341224,True,1176.4798594561619,133.4205714900021,36315.4765625,True
image_3790024806924,/media/hdd2/ARCL_multicar_bags/camera_dataset/2026-05-18-v1-v4/rear/metadata/sample_3790024806924_0.yaml,/media/hdd2/ARCL_multicar_bags/camera_dataset/2026-05-18-v1-v4/rear/EPnPv2_gt_mesh_z_hybrid_labels/3790024806924_0.json,/media/hdd2/ARCL_multicar_bags/camera_dataset/2026-05-18-v1-v4/rear/EPnPv2_gt_mesh_z_hybrid_labels/3790024806924_0.json,epnp_label,raw,3010.1722380215633,11.300764311047006,gigaPose_datasets/results/real_world_ot2_IST_tran/extrinsic_optimization_rear_epnp_hybrid_xyz_new/3790024806924_0_extrinsic_before_after.jpg,-34.15889358520508,-34.15889358520508,-34.15889358520508,nan,nan,nan,nan,metadata,pinhole,1166.874634098947,118.58128402093067,34583.377838134766,True,1165.8835843078,122.2293242054059,34644.956576883356,True,1169.3133179533693,129.87703219658596,36924.3632812,True
image_3790323431521,/media/hdd2/ARCL_multicar_bags/camera_dataset/2026-05-18-v1-v4/rear/metadata/sample_3790323431521_0.yaml,/media/hdd2/ARCL_multicar_bags/camera_dataset/2026-05-18-v1-v4/rear/EPnPv2_gt_mesh_z_hybrid_labels/3790323431521_0.json,/media/hdd2/ARCL_multicar_bags/camera_dataset/2026-05-18-v1-v4/rear/EPnPv2_gt_mesh_z_hybrid_labels/3790323431521_0.json,epnp_label,raw,1387.7202947751866,10.397381933438687,gigaPose_datasets/results/real_world_ot2_IST_tran/extrinsic_optimization_rear_epnp_hybrid_xyz_new/3790323431521_0_extrinsic_before_after.jpg,-34.12799072265625,-34.12799072265625,-34.12799072265625,nan,nan,nan,nan,metadata,pinhole,1167.1835953082632,117.06485458628194,34631.11877441407,True,1166.251399514667,120.67791442283118,34692.74362476892,True,1164.1906961540199,129.1260188825879,38647.8359375,True
image_3790525990575,/media/hdd2/ARCL_multicar_bags/camera_dataset/2026-05-18-v1-v4/rear/metadata/sample_3790525990575_0.yaml,/media/hdd2/ARCL_multicar_bags/camera_dataset/2026-05-18-v1-v4/rear/EPnPv2_gt_mesh_z_hybrid_labels/3790525990575_0.json,/media/hdd2/ARCL_multicar_bags/camera_dataset/2026-05-18-v1-v4/rear/EPnPv2_gt_mesh_z_hybrid_labels/3790525990575_0.json,epnp_label,raw,542.218839041016,10.608637874553605,gigaPose_datasets/results/real_world_ot2_IST_tran/extrinsic_optimization_rear_epnp_hybrid_xyz_new/3790525990575_0_extrinsic_before_after.jpg,-34.09803771972656,-34.09803771972656,-34.09803771972656,nan,nan,nan,nan,metadata,pinhole,1172.394143534169,115.48904023308529,33702.301025390625,True,1171.4850507878173,119.169961025338,33764.00899393897,True,1165.921991313113,130.1120671199666,38694.640625,True
image_3790623437022,/media/hdd2/ARCL_multicar_bags/camera_dataset/2026-05-18-v1-v4/rear/metadata/sample_3790623437022_0.yaml,/media/hdd2/ARCL_multicar_bags/camera_dataset/2026-05-18-v1-v4/rear/EPnPv2_gt_mesh_z_hybrid_labels/3790623437022_0.json,/media/hdd2/ARCL_multicar_bags/camera_dataset/2026-05-18-v1-v4/rear/EPnPv2_gt_mesh_z_hybrid_labels/3790623437022_0.json,epnp_label,raw,3809.808690543464,9.89804305752904,gigaPose_datasets/results/real_world_ot2_IST_tran/extrinsic_optimization_rear_epnp_hybrid_xyz_new/3790623437022_0_extrinsic_before_after.jpg,-34.092262268066406,-34.092262268066406,-34.092262268066406,nan,nan,nan,nan,metadata,pinhole,1172.1864617368938,114.56715079416742,33701.31301879884,True,1171.2991433880409,118.23824936479883,33763.07102702146,True,1164.3242305185304,128.28946802079298,42695.8125,True
image_3790824927139,/media/hdd2/ARCL_multicar_bags/camera_dataset/2026-05-18-v1-v4/rear/metadata/sample_3790824927139_0.yaml,/media/hdd2/ARCL_multicar_bags/camera_dataset/2026-05-18-v1-v4/rear/EPnPv2_gt_mesh_z_hybrid_labels/3790824927139_0.json,/media/hdd2/ARCL_multicar_bags/camera_dataset/2026-05-18-v1-v4/rear/EPnPv2_gt_mesh_z_hybrid_labels/3790824927139_0.json,epnp_label,raw,533.7019734165693,9.425477481996834,gigaPose_datasets/results/real_world_ot2_IST_tran/extrinsic_optimization_rear_epnp_hybrid_xyz_new/3790824927139_0_extrinsic_before_after.jpg,-34.072479248046875,-34.072479248046875,-34.072479248046875,nan,nan,nan,nan,metadata,pinhole,1171.5202429748056,113.13816583228561,33742.393493652344,True,1170.6752010796454,116.78425680232587,33804.18594680715,True,1164.4854161748572,125.17896803432541,38928.7421875,True
image_3791227803792,/media/hdd2/ARCL_multicar_bags/camera_dataset/2026-05-18-v1-v4/rear/metadata/sample_3791227803792_0.yaml,/media/hdd2/ARCL_multicar_bags/camera_dataset/2026-05-18-v1-v4/rear/EPnPv2_gt_mesh_z_hybrid_labels/3791227803792_0.json,/media/hdd2/ARCL_multicar_bags/camera_dataset/2026-05-18-v1-v4/rear/EPnPv2_gt_mesh_z_hybrid_labels/3791227803792_0.json,epnp_label,raw,638.9421158616728,9.360938023850114,gigaPose_datasets/results/real_world_ot2_IST_tran/extrinsic_optimization_rear_epnp_hybrid_xyz_new/3791227803792_0_extrinsic_before_after.jpg,-34.035335540771484,-34.035335540771484,-34.035335540771484,nan,nan,nan,nan,metadata,pinhole,1170.3054391393616,112.88422944362468,33828.880310058594,True,1169.5398325488095,116.47765252118491,33890.53290867562,True,1164.1391310907145,121.87185505674113,38863.84375,True
image_3791524309571,/media/hdd2/ARCL_multicar_bags/camera_dataset/2026-05-18-v1-v4/rear/metadata/sample_3791524309571_0.yaml,/media/hdd2/ARCL_multicar_bags/camera_dataset/2026-05-18-v1-v4/rear/EPnPv2_gt_mesh_z_hybrid_labels/3791524309571_0.json,/media/hdd2/ARCL_multicar_bags/camera_dataset/2026-05-18-v1-v4/rear/EPnPv2_gt_mesh_z_hybrid_labels/3791524309571_0.json,epnp_label,raw,860.3520455066132,9.184196192804677,gigaPose_datasets/results/real_world_ot2_IST_tran/extrinsic_optimization_rear_epnp_hybrid_xyz_new/3791524309571_0_extrinsic_before_after.jpg,-34.02418518066406,-34.02418518066406,-34.02418518066406,nan,nan,nan,nan,metadata,pinhole,1163.882916163249,113.94282889823083,34791.442871093765,True,1163.1803208755523,117.41607668576869,34852.78331827742,True,1164.2731669255857,124.01973420803438,40355.375,True
image_3792123399450,/media/hdd2/ARCL_multicar_bags/camera_dataset/2026-05-18-v1-v4/rear/metadata/sample_3792123399450_0.yaml,/media/hdd2/ARCL_multicar_bags/camera_dataset/2026-05-18-v1-v4/rear/EPnPv2_gt_mesh_z_hybrid_labels/3792123399450_0.json,/media/hdd2/ARCL_multicar_bags/camera_dataset/2026-05-18-v1-v4/rear/EPnPv2_gt_mesh_z_hybrid_labels/3792123399450_0.json,epnp_label,raw,2300.342022305881,8.838944229096498,gigaPose_datasets/results/real_world_ot2_IST_tran/extrinsic_optimization_rear_epnp_hybrid_xyz_new/3792123399450_0_extrinsic_before_after.jpg,-33.995635986328125,-33.995635986328125,-33.995635986328125,nan,nan,nan,nan,metadata,pinhole,1166.7788379745073,114.27268532508515,33733.848571777344,True,1166.1402336308183,117.76822922421309,33795.07012966443,True,1163.1801221398641,126.471019986736,36769.4179688,True
image_3792359841148,/media/hdd2/ARCL_multicar_bags/camera_dataset/2026-05-05-12-28-13-v1/rear/metadata/sample_3792359841148_0.yaml,/media/hdd2/ARCL_multicar_bags/camera_dataset/2026-05-05-12-28-13-v1/rear/EPnPv2_gt_mesh_z_hybrid_labels/3792359841148_0.json,/media/hdd2/ARCL_multicar_bags/camera_dataset/2026-05-05-12-28-13-v1/rear/EPnPv2_gt_mesh_z_hybrid_labels/3792359841148_0.json,epnp_label,raw,1048.4870766591532,4.270393763067435,gigaPose_datasets/results/real_world_ot2_IST_tran/extrinsic_optimization_rear_epnp_hybrid_xyz_new/3792359841148_0_extrinsic_before_after.jpg,-33.86546325683594,-33.86546325683594,-33.86546325683594,nan,nan,nan,nan,metadata,pinhole,1146.4252459369945,110.36493800780173,38896.961212158174,True,1146.5545461600777,116.66014059534021,38778.15297241097,True,1150.905917893302,125.27301796819467,43785.5390625,True
image_3792823858277,/media/hdd2/ARCL_multicar_bags/camera_dataset/2026-05-18-v1-v4/rear/metadata/sample_3792823858277_0.yaml,/media/hdd2/ARCL_multicar_bags/camera_dataset/2026-05-18-v1-v4/rear/EPnPv2_gt_mesh_z_hybrid_labels/3792823858277_0.json,/media/hdd2/ARCL_multicar_bags/camera_dataset/2026-05-18-v1-v4/rear/EPnPv2_gt_mesh_z_hybrid_labels/3792823858277_0.json,epnp_label,raw,1265.2111037369652,9.134808674035504,gigaPose_datasets/results/real_world_ot2_IST_tran/extrinsic_optimization_rear_epnp_hybrid_xyz_new/3792823858277_0_extrinsic_before_after.jpg,-34.00523376464844,-34.00523376464844,-34.00523376464844,nan,nan,nan,nan,metadata,pinhole,1170.542920823106,109.49695013269181,33427.06680297851,True,1170.0260768607457,112.93934062025187,33488.79594501998,True,1164.5797019615552,121.36428883310438,37548.9882812,True
image_3793023663999,/media/hdd2/ARCL_multicar_bags/camera_dataset/2026-05-18-v1-v4/rear/metadata/sample_3793023663999_0.yaml,/media/hdd2/ARCL_multicar_bags/camera_dataset/2026-05-18-v1-v4/rear/EPnPv2_gt_mesh_z_hybrid_labels/3793023663999_0.json,/media/hdd2/ARCL_multicar_bags/camera_dataset/2026-05-18-v1-v4/rear/EPnPv2_gt_mesh_z_hybrid_labels/3793023663999_0.json,epnp_label,raw,1218.528873727364,8.675756700125516,gigaPose_datasets/results/real_world_ot2_IST_tran/extrinsic_optimization_rear_epnp_hybrid_xyz_new/3793023663999_0_extrinsic_before_after.jpg,-34.00926208496094,-34.00926208496094,-34.00926208496094,nan,nan,nan,nan,metadata,pinhole,1166.8608337729477,107.7450198696186,34355.232238769524,True,1166.3925679096296,111.08453846063722,34417.06275489025,True,1168.088628499411,116.92853782033663,40435.1328125,True
image_3793126563923,/media/hdd2/ARCL_multicar_bags/camera_dataset/2026-05-18-v1-v4/rear/metadata/sample_3793126563923_0.yaml,/media/hdd2/ARCL_multicar_bags/camera_dataset/2026-05-18-v1-v4/rear/EPnPv2_gt_mesh_z_hybrid_labels/3793126563923_0.json,/media/hdd2/ARCL_multicar_bags/camera_dataset/2026-05-18-v1-v4/rear/EPnPv2_gt_mesh_z_hybrid_labels/3793126563923_0.json,epnp_label,raw,747.468968155737,8.782317598775434,gigaPose_datasets/results/real_world_ot2_IST_tran/extrinsic_optimization_rear_epnp_hybrid_xyz_new/3793126563923_0_extrinsic_before_after.jpg,-34.02130889892578,-34.02130889892578,-34.02130889892578,nan,nan,nan,nan,metadata,pinhole,1173.0260033821999,109.15884705594036,33303.72619628905,True,1172.5722136230436,112.57725900201476,33365.47975628622,True,1164.7494881475632,117.66434487920688,39022.2578125,True
image_3793423471222,/media/hdd2/ARCL_multicar_bags/camera_dataset/2026-05-18-v1-v4/rear/metadata/sample_3793423471222_0.yaml,/media/hdd2/ARCL_multicar_bags/camera_dataset/2026-05-18-v1-v4/rear/EPnPv2_gt_mesh_z_hybrid_labels/3793423471222_0.json,/media/hdd2/ARCL_multicar_bags/camera_dataset/2026-05-18-v1-v4/rear/EPnPv2_gt_mesh_z_hybrid_labels/3793423471222_0.json,epnp_label,raw,3661.245441675121,11.532818654180632,gigaPose_datasets/results/real_world_ot2_IST_tran/extrinsic_optimization_rear_epnp_hybrid_xyz_new/3793423471222_0_extrinsic_before_after.jpg,-34.037330627441406,-34.037330627441406,-34.037330627441406,nan,nan,nan,nan,metadata,pinhole,1174.5309567361753,110.94721008754412,33177.10876464845,True,1174.1419733529922,114.34174165359946,33238.646149538596,True,1178.519568453469,121.14583218092123,34799.4296875,True
image_3793524087451,/media/hdd2/ARCL_multicar_bags/camera_dataset/2026-05-18-v1-v4/rear/metadata/sample_3793524087451_0.yaml,/media/hdd2/ARCL_multicar_bags/camera_dataset/2026-05-18-v1-v4/rear/EPnPv2_gt_mesh_z_hybrid_labels/3793524087451_0.json,/media/hdd2/ARCL_multicar_bags/camera_dataset/2026-05-18-v1-v4/rear/EPnPv2_gt_mesh_z_hybrid_labels/3793524087451_0.json,epnp_label,raw,1427.4275242655694,10.024436913228012,gigaPose_datasets/results/real_world_ot2_IST_tran/extrinsic_optimization_rear_epnp_hybrid_xyz_new/3793524087451_0_extrinsic_before_after.jpg,-34.03974914550781,-34.03974914550781,-34.03974914550781,nan,nan,nan,nan,metadata,pinhole,1174.5090036212225,110.96000283786199,33167.827606201165,True,1174.138760035075,114.34331017191437,33229.33998251646,True,1169.2720860145612,119.03067442230304,37131.0742188,True
image_3793624293532,/media/hdd2/ARCL_multicar_bags/camera_dataset/2026-05-18-v1-v4/rear/metadata/sample_3793624293532_0.yaml,/media/hdd2/ARCL_multicar_bags/camera_dataset/2026-05-18-v1-v4/rear/EPnPv2_gt_mesh_z_hybrid_labels/3793624293532_0.json,/media/hdd2/ARCL_multicar_bags/camera_dataset/2026-05-18-v1-v4/rear/EPnPv2_gt_mesh_z_hybrid_labels/3793624293532_0.json,epnp_label,raw,2735.7655926719885,9.098929783356965,gigaPose_datasets/results/real_world_ot2_IST_tran/extrinsic_optimization_rear_epnp_hybrid_xyz_new/3793624293532_0_extrinsic_before_after.jpg,-34.04225540161133,-34.04225540161133,-34.04225540161133,nan,nan,nan,nan,metadata,pinhole,1174.5394279146767,111.6098471588858,33136.322021484375,True,1174.1896825928968,114.98406597200805,33197.74772975698,True,1161.7632340279752,119.27895685277332,35722.90625,True
image_3793723677644,/media/hdd2/ARCL_multicar_bags/camera_dataset/2026-05-18-v1-v4/rear/metadata/sample_3793723677644_0.yaml,/media/hdd2/ARCL_multicar_bags/camera_dataset/2026-05-18-v1-v4/rear/EPnPv2_gt_mesh_z_hybrid_labels/3793723677644_0.json,/media/hdd2/ARCL_multicar_bags/camera_dataset/2026-05-18-v1-v4/rear/EPnPv2_gt_mesh_z_hybrid_labels/3793723677644_0.json,epnp_label,raw,2453.8592519076565,9.740740083326882,gigaPose_datasets/results/real_world_ot2_IST_tran/extrinsic_optimization_rear_epnp_hybrid_xyz_new/3793723677644_0_extrinsic_before_after.jpg,-34.04777526855469,-34.04777526855469,-34.04777526855469,nan,nan,nan,nan,metadata,pinhole,1174.342421853431,111.7677314198137,33126.06048583985,True,1174.0094951887872,115.13056315926138,33187.46281532039,True,1169.6806419756338,121.72350692689727,36009.109375,True
image_3794273655888,/media/hdd2/ARCL_multicar_bags/camera_dataset/2026-05-05-12-28-13-v1/rear/metadata/sample_3794273655888_0.yaml,/media/hdd2/ARCL_multicar_bags/camera_dataset/2026-05-05-12-28-13-v1/rear/EPnPv2_gt_mesh_z_hybrid_labels/3794273655888_0.json,/media/hdd2/ARCL_multicar_bags/camera_dataset/2026-05-05-12-28-13-v1/rear/EPnPv2_gt_mesh_z_hybrid_labels/3794273655888_0.json,epnp_label,raw,743.8516555914914,4.283585956130953,gigaPose_datasets/results/real_world_ot2_IST_tran/extrinsic_optimization_rear_epnp_hybrid_xyz_new/3794273655888_0_extrinsic_before_after.jpg,-33.865478515625,-33.865478515625,-33.865478515625,nan,nan,nan,nan,metadata,pinhole,1146.4383588640064,110.09725700611786,38960.388183593735,True,1146.567328965026,116.38203766978242,38841.635689039715,True,1150.0662460702379,125.05085872126462,45632.8203125,True
image_3794333789520,/media/hdd2/ARCL_multicar_bags/camera_dataset/2026-05-18-v1-v4/rear/metadata/sample_3794333789520_0.yaml,/media/hdd2/ARCL_multicar_bags/camera_dataset/2026-05-18-v1-v4/rear/EPnPv2_gt_mesh_z_hybrid_labels/3794333789520_0.json,/media/hdd2/ARCL_multicar_bags/camera_dataset/2026-05-18-v1-v4/rear/EPnPv2_gt_mesh_z_hybrid_labels/3794333789520_0.json,epnp_label,raw,1479.2710190359178,9.324408822639905,gigaPose_datasets/results/real_world_ot2_IST_tran/extrinsic_optimization_rear_epnp_hybrid_xyz_new/3794333789520_0_extrinsic_before_after.jpg,-34.09144973754883,-34.09144973754883,-34.09144973754883,nan,nan,nan,nan,metadata,pinhole,1171.1484340154047,114.66477747076587,33219.46716308594,True,1170.9211045316733,117.94448226421301,33280.55393431167,True,1178.1664318860144,127.00719583445417,39478.2265625,True
image_3794333789520,/media/hdd2/ARCL_multicar_bags/camera_dataset/2026-05-18-v1-v4/rear/metadata/sample_3794333789520_1.yaml,/media/hdd2/ARCL_multicar_bags/camera_dataset/2026-05-18-v1-v4/rear/EPnPv2_gt_mesh_z_hybrid_labels/3794333789520_1.json,/media/hdd2/ARCL_multicar_bags/camera_dataset/2026-05-18-v1-v4/rear/EPnPv2_gt_mesh_z_hybrid_labels/3794333789520_1.json,epnp_label,raw,1479.2710190359178,9.324408822639905,gigaPose_datasets/results/real_world_ot2_IST_tran/extrinsic_optimization_rear_epnp_hybrid_xyz_new/3794333789520_1_extrinsic_before_after.jpg,-34.09144973754883,-34.09144973754883,-34.09144973754883,nan,nan,nan,nan,metadata,pinhole,1171.1484340154047,114.66477747076587,33219.46716308594,True,1170.9211045316733,117.94448226421301,33280.55393431167,True,1178.1664318860144,127.00719583445417,39478.2265625,True
image_3794523543537,/media/hdd2/ARCL_multicar_bags/camera_dataset/2026-05-18-v1-v4/rear/metadata/sample_3794523543537_0.yaml,/media/hdd2/ARCL_multicar_bags/camera_dataset/2026-05-18-v1-v4/rear/EPnPv2_gt_mesh_z_hybrid_labels/3794523543537_0.json,/media/hdd2/ARCL_multicar_bags/camera_dataset/2026-05-18-v1-v4/rear/EPnPv2_gt_mesh_z_hybrid_labels/3794523543537_0.json,epnp_label,raw,1274.1225560763871,8.613064740152646,gigaPose_datasets/results/real_world_ot2_IST_tran/extrinsic_optimization_rear_epnp_hybrid_xyz_new/3794523543537_0_extrinsic_before_after.jpg,-34.10221481323242,-34.10221481323242,-34.10221481323242,nan,nan,nan,nan,metadata,pinhole,1170.8928443314192,115.8934041379817,33122.741699218735,True,1170.6968207746945,119.1581801119076,33183.69010878839,True,1174.293172737237,128.32194509457207,37393.0820312,True
image_3794581677806,/media/hdd2/ARCL_multicar_bags/camera_dataset/2026-05-05-12-28-13-v1/rear/metadata/sample_3794581677806_0.yaml,/media/hdd2/ARCL_multicar_bags/camera_dataset/2026-05-05-12-28-13-v1/rear/EPnPv2_gt_mesh_z_hybrid_labels/3794581677806_0.json,/media/hdd2/ARCL_multicar_bags/camera_dataset/2026-05-05-12-28-13-v1/rear/EPnPv2_gt_mesh_z_hybrid_labels/3794581677806_0.json,epnp_label,raw,425.65309741065056,4.338099448713098,gigaPose_datasets/results/real_world_ot2_IST_tran/extrinsic_optimization_rear_epnp_hybrid_xyz_new/3794581677806_0_extrinsic_before_after.jpg,-33.865394592285156,-33.865394592285156,-33.865394592285156,nan,nan,nan,nan,metadata,pinhole,1145.9386170321227,109.09480742826248,39029.26254272464,True,1146.0662054027441,115.36851427643987,38910.73339635286,True,1149.3657061302913,124.46836259235198,45385.0546875,True
image_3794823793800,/media/hdd2/ARCL_multicar_bags/camera_dataset/2026-05-18-v1-v4/rear/metadata/sample_3794823793800_0.yaml,/media/hdd2/ARCL_multicar_bags/camera_dataset/2026-05-18-v1-v4/rear/EPnPv2_gt_mesh_z_hybrid_labels/3794823793800_0.json,/media/hdd2/ARCL_multicar_bags/camera_dataset/2026-05-18-v1-v4/rear/EPnPv2_gt_mesh_z_hybrid_labels/3794823793800_0.json,epnp_label,raw,3317.697532614076,11.480930508124828,gigaPose_datasets/results/real_world_ot2_IST_tran/extrinsic_optimization_rear_epnp_hybrid_xyz_new/3794823793800_0_extrinsic_before_after.jpg,-34.10359573364258,-34.10359573364258,-34.10359573364258,nan,nan,nan,nan,metadata,pinhole,1166.1788183999054,116.40939051989588,34043.28155517577,True,1166.0254755659976,119.56400144838533,34104.06726153784,True,1183.1312260902016,131.39086657509802,35879.6523438,True
image_3794925076973,/media/hdd2/ARCL_multicar_bags/camera_dataset/2026-05-18-v1-v4/rear/metadata/sample_3794925076973_0.yaml,/media/hdd2/ARCL_multicar_bags/camera_dataset/2026-05-18-v1-v4/rear/EPnPv2_gt_mesh_z_hybrid_labels/3794925076973_0.json,/media/hdd2/ARCL_multicar_bags/camera_dataset/2026-05-18-v1-v4/rear/EPnPv2_gt_mesh_z_hybrid_labels/3794925076973_0.json,epnp_label,raw,1178.9159285269677,11.489902971291269,gigaPose_datasets/results/real_world_ot2_IST_tran/extrinsic_optimization_rear_epnp_hybrid_xyz_new/3794925076973_0_extrinsic_before_after.jpg,-34.121700286865234,-34.121700286865234,-34.121700286865234,nan,nan,nan,nan,metadata,pinhole,1171.6760785023419,115.8985071398011,33007.54165649414,True,1171.5381456639939,119.1259321642411,33068.437872237686,True,1181.4105209122185,129.3797175808805,37127.2226562,True
image_3794960739965,/media/hdd2/ARCL_multicar_bags/camera_dataset/2026-05-05-12-28-13-v1/rear/metadata/sample_3794960739965_0.yaml,/media/hdd2/ARCL_multicar_bags/camera_dataset/2026-05-05-12-28-13-v1/rear/EPnPv2_gt_mesh_z_hybrid_labels/3794960739965_0.json,/media/hdd2/ARCL_multicar_bags/camera_dataset/2026-05-05-12-28-13-v1/rear/EPnPv2_gt_mesh_z_hybrid_labels/3794960739965_0.json,epnp_label,raw,2638.937631271998,4.422056985301419,gigaPose_datasets/results/real_world_ot2_IST_tran/extrinsic_optimization_rear_epnp_hybrid_xyz_new/3794960739965_0_extrinsic_before_after.jpg,-33.86543273925781,-33.86543273925781,-33.86543273925781,nan,nan,nan,nan,metadata,pinhole,1144.2686513031942,108.89177704282116,39381.111145019524,True,1144.3875411758856,115.10861949421218,39262.584042718045,True,1149.500857588773,125.37895456036448,42687.296875,True
image_3795123203248,/media/hdd2/ARCL_multicar_bags/camera_dataset/2026-05-18-v1-v4/rear/metadata/sample_3795123203248_0.yaml,/media/hdd2/ARCL_multicar_bags/camera_dataset/2026-05-18-v1-v4/rear/EPnPv2_gt_mesh_z_hybrid_labels/3795123203248_0.json,/media/hdd2/ARCL_multicar_bags/camera_dataset/2026-05-18-v1-v4/rear/EPnPv2_gt_mesh_z_hybrid_labels/3795123203248_0.json,epnp_label,raw,1713.5066079299581,8.661338597839169,gigaPose_datasets/results/real_world_ot2_IST_tran/extrinsic_optimization_rear_epnp_hybrid_xyz_new/3795123203248_0_extrinsic_before_after.jpg,-34.12808609008789,-34.12808609008789,-34.12808609008789,nan,nan,nan,nan,metadata,pinhole,1172.580432854962,115.9296265622713,32952.552795410156,True,1172.4723674019442,119.13866112328301,33013.402861561,True,1168.4989192589776,123.92791464846832,39724.4453125,True
image_3795240667239,/media/hdd2/ARCL_multicar_bags/camera_dataset/2026-05-18-v1-v4/rear/metadata/sample_3795240667239_0.yaml,/media/hdd2/ARCL_multicar_bags/camera_dataset/2026-05-18-v1-v4/rear/EPnPv2_gt_mesh_z_hybrid_labels/3795240667239_0.json,/media/hdd2/ARCL_multicar_bags/camera_dataset/2026-05-18-v1-v4/rear/EPnPv2_gt_mesh_z_hybrid_labels/3795240667239_0.json,epnp_label,raw,2460.8677651183366,8.530492753695375,gigaPose_datasets/results/real_world_ot2_IST_tran/extrinsic_optimization_rear_epnp_hybrid_xyz_new/3795240667239_0_extrinsic_before_after.jpg,-34.13098907470703,-34.13098907470703,-34.13098907470703,nan,nan,nan,nan,metadata,pinhole,1172.9453933413788,116.18777305618673,33091.827392578125,True,1172.8506029245043,119.37184736757301,33152.621737183625,True,1170.8419384160495,125.65174315402399,35977.53125,True
image_3795372624750,/media/hdd2/ARCL_multicar_bags/camera_dataset/2026-05-05-12-28-13-v1/rear/metadata/sample_3795372624750_0.yaml,/media/hdd2/ARCL_multicar_bags/camera_dataset/2026-05-05-12-28-13-v1/rear/EPnPv2_gt_mesh_z_hybrid_labels/3795372624750_0.json,/media/hdd2/ARCL_multicar_bags/camera_dataset/2026-05-05-12-28-13-v1/rear/EPnPv2_gt_mesh_z_hybrid_labels/3795372624750_0.json,epnp_label,raw,2766.534135994369,4.294254249878556,gigaPose_datasets/results/real_world_ot2_IST_tran/extrinsic_optimization_rear_epnp_hybrid_xyz_new/3795372624750_0_extrinsic_before_after.jpg,-33.865352630615234,-33.865352630615234,-33.865352630615234,nan,nan,nan,nan,metadata,pinhole,1141.9647879224356,109.57132374081698,39927.9441833496,True,1142.078222395181,115.7014699771988,39809.16787348263,True,1146.42642177283,124.63212051699779,43110.65625,True
image_3795424662365,/media/hdd2/ARCL_multicar_bags/camera_dataset/2026-05-18-v1-v4/rear/metadata/sample_3795424662365_0.yaml,/media/hdd2/ARCL_multicar_bags/camera_dataset/2026-05-18-v1-v4/rear/EPnPv2_gt_mesh_z_hybrid_labels/3795424662365_0.json,/media/hdd2/ARCL_multicar_bags/camera_dataset/2026-05-18-v1-v4/rear/EPnPv2_gt_mesh_z_hybrid_labels/3795424662365_0.json,epnp_label,raw,849.6094248831641,8.537130016196656,gigaPose_datasets/results/real_world_ot2_IST_tran/extrinsic_optimization_rear_epnp_hybrid_xyz_new/3795424662365_0_extrinsic_before_after.jpg,-34.14327621459961,-34.14327621459961,-34.14327621459961,nan,nan,nan,nan,metadata,pinhole,1174.7692709081875,116.36092118119797,32916.47720336914,True,1174.7077125708995,119.53778808960956,32977.211073585495,True,1174.8479722875854,126.53093230513817,37850.4414062,True
image_3795544627168,/media/hdd2/ARCL_multicar_bags/camera_dataset/2026-05-05-12-28-13-v2/rear/metadata/sample_3795544627168_0.yaml,/media/hdd2/ARCL_multicar_bags/camera_dataset/2026-05-05-12-28-13-v2/rear/EPnPv2_gt_mesh_z_hybrid_labels/3795544627168_0.json,/media/hdd2/ARCL_multicar_bags/camera_dataset/2026-05-05-12-28-13-v2/rear/EPnPv2_gt_mesh_z_hybrid_labels/3795544627168_0.json,epnp_label,raw,874.2322580483186,4.758643876344877,gigaPose_datasets/results/real_world_ot2_IST_tran/extrinsic_optimization_rear_epnp_hybrid_xyz_new/3795544627168_0_extrinsic_before_after.jpg,-33.616432189941406,-33.616432189941406,-33.616432189941406,nan,nan,nan,nan,metadata,pinhole,904.6434663826167,110.03556602334763,42952.59857177737,True,903.5051835953177,115.50435302805522,42833.579489153344,True,908.9770623626055,125.00447875130232,50035.0976562,True
image_3795624991027,/media/hdd2/ARCL_multicar_bags/camera_dataset/2026-05-18-v1-v4/rear/metadata/sample_3795624991027_0.yaml,/media/hdd2/ARCL_multicar_bags/camera_dataset/2026-05-18-v1-v4/rear/EPnPv2_gt_mesh_z_hybrid_labels/3795624991027_0.json,/media/hdd2/ARCL_multicar_bags/camera_dataset/2026-05-18-v1-v4/rear/EPnPv2_gt_mesh_z_hybrid_labels/3795624991027_0.json,epnp_label,raw,2550.574554417333,8.939505750248586,gigaPose_datasets/results/real_world_ot2_IST_tran/extrinsic_optimization_rear_epnp_hybrid_xyz_new/3795624991027_0_extrinsic_before_after.jpg,-34.15199661254883,-34.15199661254883,-34.15199661254883,nan,nan,nan,nan,metadata,pinhole,1175.4499799947916,115.55001880875918,32900.74539184572,True,1175.417070134852,118.70489941760485,32961.54752821216,True,1171.152966991811,129.65550307170687,40573.3671875,True
image_3795723428574,/media/hdd2/ARCL_multicar_bags/camera_dataset/2026-05-18-v1-v4/rear/metadata/sample_3795723428574_0.yaml,/media/hdd2/ARCL_multicar_bags/camera_dataset/2026-05-18-v1-v4/rear/EPnPv2_gt_mesh_z_hybrid_labels/3795723428574_0.json,/media/hdd2/ARCL_multicar_bags/camera_dataset/2026-05-18-v1-v4/rear/EPnPv2_gt_mesh_z_hybrid_labels/3795723428574_0.json,epnp_label,raw,3405.24930531041,9.27857112376974,gigaPose_datasets/results/real_world_ot2_IST_tran/extrinsic_optimization_rear_epnp_hybrid_xyz_new/3795723428574_0_extrinsic_before_after.jpg,-34.15199661254883,-34.15199661254883,-34.15199661254883,nan,nan,nan,nan,metadata,pinhole,1170.426132079772,114.28970294018143,33878.505706787095,True,1170.4015037898307,117.35549205720318,33939.34069814294,True,1173.8852440782898,129.41425615945556,35812.9648438,True
image_3796243620384,/media/hdd2/ARCL_multicar_bags/camera_dataset/2026-05-05-12-28-13-v2/rear/metadata/sample_3796243620384_0.yaml,/media/hdd2/ARCL_multicar_bags/camera_dataset/2026-05-05-12-28-13-v2/rear/EPnPv2_gt_mesh_z_hybrid_labels/3796243620384_0.json,/media/hdd2/ARCL_multicar_bags/camera_dataset/2026-05-05-12-28-13-v2/rear/EPnPv2_gt_mesh_z_hybrid_labels/3796243620384_0.json,epnp_label,raw,1869.5528508529849,4.7530970488028546,gigaPose_datasets/results/real_world_ot2_IST_tran/extrinsic_optimization_rear_epnp_hybrid_xyz_new/3796243620384_0_extrinsic_before_after.jpg,-33.607852935791016,-33.607852935791016,-33.607852935791016,nan,nan,nan,nan,metadata,pinhole,900.0442032154174,113.20163082886069,43093.99414062499,True,898.9950659831266,118.70811080273207,42973.51801060967,True,906.1006740829221,133.03351450559686,47531.7773438,True
image_3796324973173,/media/hdd2/ARCL_multicar_bags/camera_dataset/2026-05-18-v1-v4/rear/metadata/sample_3796324973173_0.yaml,/media/hdd2/ARCL_multicar_bags/camera_dataset/2026-05-18-v1-v4/rear/EPnPv2_gt_mesh_z_hybrid_labels/3796324973173_0.json,/media/hdd2/ARCL_multicar_bags/camera_dataset/2026-05-18-v1-v4/rear/EPnPv2_gt_mesh_z_hybrid_labels/3796324973173_0.json,epnp_label,raw,639.4041681984828,9.787450927761691,gigaPose_datasets/results/real_world_ot2_IST_tran/extrinsic_optimization_rear_epnp_hybrid_xyz_new/3796324973173_0_extrinsic_before_after.jpg,-34.20345687866211,-34.20345687866211,-34.20345687866211,nan,nan,nan,nan,metadata,pinhole,1176.6357680478259,112.49856192961474,32805.53436279297,True,1176.7205218867002,115.57871241733852,32866.52417680288,True,1170.3941300566332,126.68509524750975,37793.859375,True
image_3796522748643,/media/hdd2/ARCL_multicar_bags/camera_dataset/2026-05-18-v1-v4/rear/metadata/sample_3796522748643_0.yaml,/media/hdd2/ARCL_multicar_bags/camera_dataset/2026-05-18-v1-v4/rear/EPnPv2_gt_mesh_z_hybrid_labels/3796522748643_0.json,/media/hdd2/ARCL_multicar_bags/camera_dataset/2026-05-18-v1-v4/rear/EPnPv2_gt_mesh_z_hybrid_labels/3796522748643_0.json,epnp_label,raw,764.5683132190622,9.153876150950433,gigaPose_datasets/results/real_world_ot2_IST_tran/extrinsic_optimization_rear_epnp_hybrid_xyz_new/3796522748643_0_extrinsic_before_after.jpg,-34.20769119262695,-34.20769119262695,-34.20769119262695,nan,nan,nan,nan,metadata,pinhole,1171.2290071055702,110.2471282978642,33761.86752319336,True,1171.3394289463356,113.23005001178203,33822.96610818728,True,1170.6293151597079,123.06959406455076,39001.875,True
image_3796923904342,/media/hdd2/ARCL_multicar_bags/camera_dataset/2026-05-18-v1-v4/rear/metadata/sample_3796923904342_0.yaml,/media/hdd2/ARCL_multicar_bags/camera_dataset/2026-05-18-v1-v4/rear/EPnPv2_gt_mesh_z_hybrid_labels/3796923904342_0.json,/media/hdd2/ARCL_multicar_bags/camera_dataset/2026-05-18-v1-v4/rear/EPnPv2_gt_mesh_z_hybrid_labels/3796923904342_0.json,epnp_label,raw,1289.6289956023368,9.55317481452926,gigaPose_datasets/results/real_world_ot2_IST_tran/extrinsic_optimization_rear_epnp_hybrid_xyz_new/3796923904342_0_extrinsic_before_after.jpg,-34.25225067138672,-34.25225067138672,-34.25225067138672,nan,nan,nan,nan,metadata,pinhole,1176.2511573748368,109.2908414105486,32747.089385986328,True,1176.443172935327,112.30436001084607,32808.28620495992,True,1168.6293380774523,120.3479147059372,36838.0625,True
image_3797225030238,/media/hdd2/ARCL_multicar_bags/camera_dataset/2026-05-18-v1-v4/rear/metadata/sample_3797225030238_0.yaml,/media/hdd2/ARCL_multicar_bags/camera_dataset/2026-05-18-v1-v4/rear/EPnPv2_gt_mesh_z_hybrid_labels/3797225030238_0.json,/media/hdd2/ARCL_multicar_bags/camera_dataset/2026-05-18-v1-v4/rear/EPnPv2_gt_mesh_z_hybrid_labels/3797225030238_0.json,epnp_label,raw,2945.1410204016465,9.796988881420956,gigaPose_datasets/results/real_world_ot2_IST_tran/extrinsic_optimization_rear_epnp_hybrid_xyz_new/3797225030238_0_extrinsic_before_after.jpg,-34.26415252685547,-34.26415252685547,-34.26415252685547,nan,nan,nan,nan,metadata,pinhole,1171.6320851382568,106.77076435615311,33754.467010498076,True,1171.8596774964135,109.67221061539558,33815.84967860297,True,1171.5387311703635,121.70433344061794,36145.1601562,True
image_3797924722214,/media/hdd2/ARCL_multicar_bags/camera_dataset/2026-05-18-v1-v4/rear/metadata/sample_3797924722214_0.yaml,/media/hdd2/ARCL_multicar_bags/camera_dataset/2026-05-18-v1-v4/rear/EPnPv2_gt_mesh_z_hybrid_labels/3797924722214_0.json,/media/hdd2/ARCL_multicar_bags/camera_dataset/2026-05-18-v1-v4/rear/EPnPv2_gt_mesh_z_hybrid_labels/3797924722214_0.json,epnp_label,raw,1935.0317775005642,11.409671958549637,gigaPose_datasets/results/real_world_ot2_IST_tran/extrinsic_optimization_rear_epnp_hybrid_xyz_new/3797924722214_0_extrinsic_before_after.jpg,-34.337223052978516,-34.337223052978516,-34.337223052978516,nan,nan,nan,nan,metadata,pinhole,1175.1464499521624,106.42724202598278,32844.39468383789,True,1175.4942217943249,109.31168400342176,32905.97441502624,True,1172.007207499822,122.08592740606625,36274.9921875,True
image_3798025765924,/media/hdd2/ARCL_multicar_bags/camera_dataset/2026-05-18-v1-v4/rear/metadata/sample_3798025765924_0.yaml,/media/hdd2/ARCL_multicar_bags/camera_dataset/2026-05-18-v1-v4/rear/EPnPv2_gt_mesh_z_hybrid_labels/3798025765924_0.json,/media/hdd2/ARCL_multicar_bags/camera_dataset/2026-05-18-v1-v4/rear/EPnPv2_gt_mesh_z_hybrid_labels/3798025765924_0.json,epnp_label,raw,623.9529026825672,9.831141680298558,gigaPose_datasets/results/real_world_ot2_IST_tran/extrinsic_optimization_rear_epnp_hybrid_xyz_new/3798025765924_0_extrinsic_before_after.jpg,-34.349647521972656,-34.349647521972656,-34.349647521972656,nan,nan,nan,nan,metadata,pinhole,1174.8507778281446,105.02370854779402,32839.68734741214,True,1175.2107960690148,107.89700612832632,32901.434376417776,True,1168.4844726426966,118.21774308914823,37877.7734375,True
image_3798223844942,/media/hdd2/ARCL_multicar_bags/camera_dataset/2026-05-18-v1-v4/rear/metadata/sample_3798223844942_0.yaml,/media/hdd2/ARCL_multicar_bags/camera_dataset/2026-05-18-v1-v4/rear/EPnPv2_gt_mesh_z_hybrid_labels/3798223844942_0.json,/media/hdd2/ARCL_multicar_bags/camera_dataset/2026-05-18-v1-v4/rear/EPnPv2_gt_mesh_z_hybrid_labels/3798223844942_0.json,epnp_label,raw,1277.642737523106,9.858286798728056,gigaPose_datasets/results/real_world_ot2_IST_tran/extrinsic_optimization_rear_epnp_hybrid_xyz_new/3798223844942_0_extrinsic_before_after.jpg,-34.37217712402344,-34.37217712402344,-34.37217712402344,nan,nan,nan,nan,metadata,pinhole,1173.9256188638267,102.96266117676518,32857.79571533203,True,1174.313235779226,105.81048584521092,32919.793241733845,True,1166.7584283139308,113.44229089091226,39203.4570312,True
image_3798425442449,/media/hdd2/ARCL_multicar_bags/camera_dataset/2026-05-18-v1-v4/rear/metadata/sample_3798425442449_0.yaml,/media/hdd2/ARCL_multicar_bags/camera_dataset/2026-05-18-v1-v4/rear/EPnPv2_gt_mesh_z_hybrid_labels/3798425442449_0.json,/media/hdd2/ARCL_multicar_bags/camera_dataset/2026-05-18-v1-v4/rear/EPnPv2_gt_mesh_z_hybrid_labels/3798425442449_0.json,epnp_label,raw,1168.8438468455256,9.907207972865399,gigaPose_datasets/results/real_world_ot2_IST_tran/extrinsic_optimization_rear_epnp_hybrid_xyz_new/3798425442449_0_extrinsic_before_after.jpg,-34.39320755004883,-34.39320755004883,-34.39320755004883,nan,nan,nan,nan,metadata,pinhole,1168.4323997569477,100.04748449711815,33862.15591430664,True,1168.829130458691,102.7999872792393,33924.459726361005,True,1167.0688319657131,111.27589871357387,38193.8203125,True
image_3798527351285,/media/hdd2/ARCL_multicar_bags/camera_dataset/2026-05-18-v1-v4/rear/metadata/sample_3798527351285_0.yaml,/media/hdd2/ARCL_multicar_bags/camera_dataset/2026-05-18-v1-v4/rear/EPnPv2_gt_mesh_z_hybrid_labels/3798527351285_0.json,/media/hdd2/ARCL_multicar_bags/camera_dataset/2026-05-18-v1-v4/rear/EPnPv2_gt_mesh_z_hybrid_labels/3798527351285_0.json,epnp_label,raw,2281.806842487785,11.329990604135464,gigaPose_datasets/results/real_world_ot2_IST_tran/extrinsic_optimization_rear_epnp_hybrid_xyz_new/3798527351285_0_extrinsic_before_after.jpg,-34.413028717041016,-34.413028717041016,-34.413028717041016,nan,nan,nan,nan,metadata,pinhole,1173.539896434439,98.89135539297025,32846.771240234404,True,1173.9746813420666,101.70198152466966,32909.26457555505,True,1177.9602716536908,112.8334844560181,35875.375,True
image_3798748048946,/media/hdd2/ARCL_multicar_bags/camera_dataset/2026-05-05-12-28-13-v2/rear/metadata/sample_3798748048946_0.yaml,/media/hdd2/ARCL_multicar_bags/camera_dataset/2026-05-05-12-28-13-v2/rear/EPnPv2_gt_mesh_z_hybrid_labels/3798748048946_0.json,/media/hdd2/ARCL_multicar_bags/camera_dataset/2026-05-05-12-28-13-v2/rear/EPnPv2_gt_mesh_z_hybrid_labels/3798748048946_0.json,epnp_label,raw,451.4860909913326,5.19784702028942,gigaPose_datasets/results/real_world_ot2_IST_tran/extrinsic_optimization_rear_epnp_hybrid_xyz_new/3798748048946_0_extrinsic_before_after.jpg,-33.81193542480469,-33.81193542480469,-33.81193542480469,nan,nan,nan,nan,metadata,pinhole,906.1426843587475,108.4074187651066,43022.55249023439,True,905.4704818357577,114.13482671507242,42901.77006092491,True,910.90938894723,128.37867407404892,49671.2851562,True
image_3799630089573,/media/hdd2/ARCL_multicar_bags/camera_dataset/2026-05-18-v1-v4/rear/metadata/sample_3799630089573_0.yaml,/media/hdd2/ARCL_multicar_bags/camera_dataset/2026-05-18-v1-v4/rear/EPnPv2_gt_mesh_z_hybrid_labels/3799630089573_0.json,/media/hdd2/ARCL_multicar_bags/camera_dataset/2026-05-18-v1-v4/rear/EPnPv2_gt_mesh_z_hybrid_labels/3799630089573_0.json,epnp_label,raw,2400.7631643431628,10.504368770065202,gigaPose_datasets/results/real_world_ot2_IST_tran/extrinsic_optimization_rear_epnp_hybrid_xyz_new/3799630089573_0_extrinsic_before_after.jpg,-34.54854965209961,-34.54854965209961,-34.54854965209961,nan,nan,nan,nan,metadata,pinhole,1171.8544992660593,95.51178400198054,33927.852630615234,True,1172.4494691753903,98.10525618167046,33990.99808921058,True,1169.3263942375947,112.98607088587478,36865.2539062,True
image_3799923754234,/media/hdd2/ARCL_multicar_bags/camera_dataset/2026-05-18-v1-v4/rear/metadata/sample_3799923754234_0.yaml,/media/hdd2/ARCL_multicar_bags/camera_dataset/2026-05-18-v1-v4/rear/EPnPv2_gt_mesh_z_hybrid_labels/3799923754234_0.json,/media/hdd2/ARCL_multicar_bags/camera_dataset/2026-05-18-v1-v4/rear/EPnPv2_gt_mesh_z_hybrid_labels/3799923754234_0.json,epnp_label,raw,1420.099308683076,13.137326850932535,gigaPose_datasets/results/real_world_ot2_IST_tran/extrinsic_optimization_rear_epnp_hybrid_xyz_new/3799923754234_0_extrinsic_before_after.jpg,-34.58761215209961,-34.58761215209961,-34.58761215209961,nan,nan,nan,nan,metadata,pinhole,1174.6965039028983,96.33386070810388,33891.13616943362,True,1175.3408166446143,98.8912625868573,33954.31893890601,True,1170.7830183291937,112.00441086676739,37877.6523438,True
image_3800323386527,/media/hdd2/ARCL_multicar_bags/camera_dataset/2026-05-18-v1-v4/rear/metadata/sample_3800323386527_0.yaml,/media/hdd2/ARCL_multicar_bags/camera_dataset/2026-05-18-v1-v4/rear/EPnPv2_gt_mesh_z_hybrid_labels/3800323386527_0.json,/media/hdd2/ARCL_multicar_bags/camera_dataset/2026-05-18-v1-v4/rear/EPnPv2_gt_mesh_z_hybrid_labels/3800323386527_0.json,epnp_label,raw,1335.0385959067978,11.117980616260951,gigaPose_datasets/results/real_world_ot2_IST_tran/extrinsic_optimization_rear_epnp_hybrid_xyz_new/3800323386527_0_extrinsic_before_after.jpg,-34.64870071411133,-34.64870071411133,-34.64870071411133,nan,nan,nan,nan,metadata,pinhole,1178.3446655966497,97.75054619710573,32908.47778320311,True,1179.0863333448594,100.31437863050346,32971.92222314213,True,1170.855257989401,110.67855225459141,39346.2773438,True
image_3800443418515,/media/hdd2/ARCL_multicar_bags/camera_dataset/2026-05-05-12-28-13-v2/rear/metadata/sample_3800443418515_0.yaml,/media/hdd2/ARCL_multicar_bags/camera_dataset/2026-05-05-12-28-13-v2/rear/EPnPv2_gt_mesh_z_hybrid_labels/3800443418515_0.json,/media/hdd2/ARCL_multicar_bags/camera_dataset/2026-05-05-12-28-13-v2/rear/EPnPv2_gt_mesh_z_hybrid_labels/3800443418515_0.json,epnp_label,raw,1825.9519686701524,5.814137258557349,gigaPose_datasets/results/real_world_ot2_IST_tran/extrinsic_optimization_rear_epnp_hybrid_xyz_new/3800443418515_0_extrinsic_before_after.jpg,-34.13517379760742,-34.13517379760742,-34.13517379760742,nan,nan,nan,nan,metadata,pinhole,904.8460255158004,104.00500836728133,43010.50949096679,True,904.3778248859772,109.8813864451664,42890.20775607322,True,911.3221906822268,118.53741553368909,51066.0,True
image_3800723049951,/media/hdd2/ARCL_multicar_bags/camera_dataset/2026-05-18-v1-v4/rear/metadata/sample_3800723049951_0.yaml,/media/hdd2/ARCL_multicar_bags/camera_dataset/2026-05-18-v1-v4/rear/EPnPv2_gt_mesh_z_hybrid_labels/3800723049951_0.json,/media/hdd2/ARCL_multicar_bags/camera_dataset/2026-05-18-v1-v4/rear/EPnPv2_gt_mesh_z_hybrid_labels/3800723049951_0.json,epnp_label,raw,1297.2935284528676,10.723249305116054,gigaPose_datasets/results/real_world_ot2_IST_tran/extrinsic_optimization_rear_epnp_hybrid_xyz_new/3800723049951_0_extrinsic_before_after.jpg,-34.670352935791016,-34.670352935791016,-34.670352935791016,nan,nan,nan,nan,metadata,pinhole,1158.3428659600218,96.42021823447482,33980.31234741214,True,1159.1242503210485,98.86267249697919,34044.49485448201,True,1158.9461404913081,114.18519036548544,38132.890625,True
image_3801027026762,/media/hdd2/ARCL_multicar_bags/camera_dataset/2026-05-18-v1-v4/rear/metadata/sample_3801027026762_0.yaml,/media/hdd2/ARCL_multicar_bags/camera_dataset/2026-05-18-v1-v4/rear/EPnPv2_gt_mesh_z_hybrid_labels/3801027026762_0.json,/media/hdd2/ARCL_multicar_bags/camera_dataset/2026-05-18-v1-v4/rear/EPnPv2_gt_mesh_z_hybrid_labels/3801027026762_0.json,epnp_label,raw,1235.2603734988484,10.177541136187006,gigaPose_datasets/results/real_world_ot2_IST_tran/extrinsic_optimization_rear_epnp_hybrid_xyz_new/3801027026762_0_extrinsic_before_after.jpg,-34.68988800048828,-34.68988800048828,-34.68988800048828,nan,nan,nan,nan,metadata,pinhole,1146.5968889110654,98.4614953364117,33129.951477050796,True,1147.4552791232466,100.91016636559232,33194.94252849698,True,1142.4845305457893,110.72130006044871,39481.8945312,True
image_3801226421428,/media/hdd2/ARCL_multicar_bags/camera_dataset/2026-05-18-v1-v4/rear/metadata/sample_3801226421428_0.yaml,/media/hdd2/ARCL_multicar_bags/camera_dataset/2026-05-18-v1-v4/rear/EPnPv2_gt_mesh_z_hybrid_labels/3801226421428_0.json,/media/hdd2/ARCL_multicar_bags/camera_dataset/2026-05-18-v1-v4/rear/EPnPv2_gt_mesh_z_hybrid_labels/3801226421428_0.json,epnp_label,raw,574.8381790210475,9.930746875788762,gigaPose_datasets/results/real_world_ot2_IST_tran/extrinsic_optimization_rear_epnp_hybrid_xyz_new/3801226421428_0_extrinsic_before_after.jpg,-34.69817352294922,-34.69817352294922,-34.69817352294922,nan,nan,nan,nan,metadata,pinhole,1132.8291113769396,96.89962770914873,33187.717437744126,True,1133.7142201891595,99.3165990447265,33253.58285933841,True,1126.5841960612593,110.93122614533473,38038.6796875,True
image_3801526151029,/media/hdd2/ARCL_multicar_bags/camera_dataset/2026-05-18-v1-v4/rear/metadata/sample_3801526151029_0.yaml,/media/hdd2/ARCL_multicar_bags/camera_dataset/2026-05-18-v1-v4/rear/EPnPv2_gt_mesh_z_hybrid_labels/3801526151029_0.json,/media/hdd2/ARCL_multicar_bags/camera_dataset/2026-05-18-v1-v4/rear/EPnPv2_gt_mesh_z_hybrid_labels/3801526151029_0.json,epnp_label,raw,1283.789125908519,8.803720057084682,gigaPose_datasets/results/real_world_ot2_IST_tran/extrinsic_optimization_rear_epnp_hybrid_xyz_new/3801526151029_0_extrinsic_before_after.jpg,-34.698055267333984,-34.698055267333984,-34.698055267333984,nan,nan,nan,nan,metadata,pinhole,1106.363930140367,97.94951743589723,33291.660308837876,True,1107.2831036755222,100.31856155245981,33358.90448564432,True,1100.8797159842286,115.10382250538645,39843.9921875,True
image_3801526151029,/media/hdd2/ARCL_multicar_bags/camera_dataset/2026-05-18-v1-v4/rear/metadata/sample_3801526151029_1.yaml,/media/hdd2/ARCL_multicar_bags/camera_dataset/2026-05-18-v1-v4/rear/EPnPv2_gt_mesh_z_hybrid_labels/3801526151029_1.json,/media/hdd2/ARCL_multicar_bags/camera_dataset/2026-05-18-v1-v4/rear/EPnPv2_gt_mesh_z_hybrid_labels/3801526151029_1.json,epnp_label,raw,1283.789125908519,8.803720057084682,gigaPose_datasets/results/real_world_ot2_IST_tran/extrinsic_optimization_rear_epnp_hybrid_xyz_new/3801526151029_1_extrinsic_before_after.jpg,-34.698055267333984,-34.698055267333984,-34.698055267333984,nan,nan,nan,nan,metadata,pinhole,1106.363930140367,97.94951743589723,33291.660308837876,True,1107.2831036755222,100.31856155245981,33358.90448564432,True,1100.8797159842286,115.10382250538645,39843.9921875,True
image_3801623334862,/media/hdd2/ARCL_multicar_bags/camera_dataset/2026-05-18-v1-v4/rear/metadata/sample_3801623334862_0.yaml,/media/hdd2/ARCL_multicar_bags/camera_dataset/2026-05-18-v1-v4/rear/EPnPv2_gt_mesh_z_hybrid_labels/3801623334862_0.json,/media/hdd2/ARCL_multicar_bags/camera_dataset/2026-05-18-v1-v4/rear/EPnPv2_gt_mesh_z_hybrid_labels/3801623334862_0.json,epnp_label,raw,1394.660887879773,8.354002891813087,gigaPose_datasets/results/real_world_ot2_IST_tran/extrinsic_optimization_rear_epnp_hybrid_xyz_new/3801623334862_0_extrinsic_before_after.jpg,-34.698055267333984,-34.698055267333984,-34.698055267333984,nan,nan,nan,nan,metadata,pinhole,1090.9432640350503,96.04047653300356,34286.167144775376,True,1091.8407989041013,98.34212212600278,34353.95001122974,True,1091.9113789719243,112.32556323002865,38235.3828125,True
image_3801724434314,/media/hdd2/ARCL_multicar_bags/camera_dataset/2026-05-18-v1-v4/rear/metadata/sample_3801724434314_0.yaml,/media/hdd2/ARCL_multicar_bags/camera_dataset/2026-05-18-v1-v4/rear/EPnPv2_gt_mesh_z_hybrid_labels/3801724434314_0.json,/media/hdd2/ARCL_multicar_bags/camera_dataset/2026-05-18-v1-v4/rear/EPnPv2_gt_mesh_z_hybrid_labels/3801724434314_0.json,epnp_label,raw,488.37457373348633,11.466635707160039,gigaPose_datasets/results/real_world_ot2_IST_tran/extrinsic_optimization_rear_epnp_hybrid_xyz_new/3801724434314_0_extrinsic_before_after.jpg,-34.689640045166016,-34.689640045166016,-34.689640045166016,nan,nan,nan,nan,metadata,pinhole,1086.758729320958,95.95994006930404,33354.46548461914,True,1087.6969168424935,98.29812950534162,33422.95412767382,True,1076.2073518173584,109.63897892658929,38212.75,True
image_3801724434314,/media/hdd2/ARCL_multicar_bags/camera_dataset/2026-05-18-v1-v4/rear/metadata/sample_3801724434314_1.yaml,/media/hdd2/ARCL_multicar_bags/camera_dataset/2026-05-18-v1-v4/rear/EPnPv2_gt_mesh_z_hybrid_labels/3801724434314_1.json,/media/hdd2/ARCL_multicar_bags/camera_dataset/2026-05-18-v1-v4/rear/EPnPv2_gt_mesh_z_hybrid_labels/3801724434314_1.json,epnp_label,raw,488.37457373348633,11.466635707160039,gigaPose_datasets/results/real_world_ot2_IST_tran/extrinsic_optimization_rear_epnp_hybrid_xyz_new/3801724434314_1_extrinsic_before_after.jpg,-34.689640045166016,-34.689640045166016,-34.689640045166016,nan,nan,nan,nan,metadata,pinhole,1086.758729320958,95.95994006930404,33354.46548461914,True,1087.6969168424935,98.29812950534162,33422.95412767382,True,1076.2073518173584,109.63897892658929,38212.75,True
