scene_id,im_id,segment_id,raw_selected_candidate,anchored_selected_candidate,selected_polarity,raw_probability,selected_probability,selected_source,lookahead_path_cost,epnp_status,map_heading_source,camera,camera_facing_rule,camera_facing_dot,epnp_rotation_before_deg,epnp_rotation_after_deg,epnp_translation_before_m,epnp_translation_after_m
1,358,0,14,2,1,0.7787140011787415,0.12066429853439331,gigapose_global_rank_2|logz-0.35|rgb_recovery|center_preserving_flip180,21.1385236340256,approved,epnp_raceline,rear,toward,-0.9810705746971734,173.15022965904538,40.684937239732776,1.5676170712089428,0.6484627615734062
1,380,1,8,10,0,0.3134624660015106,0.0573597326874733,gigapose_global_rank_0|yaw+30|rgb_recovery,6.956766367545537,approved,epnp_raceline,rear,toward,-0.7465306942681849,64.69123114269742,14.006379084335357,4.072991381579539,0.20813556348531248
1,381,1,2,10,0,0.16294679045677185,0.03130200877785683,gigapose_global_rank_0|yaw+30|rgb_recovery,5.1965506227097364,approved,epnp_raceline,rear,toward,-0.7794517008679835,93.03770244593468,9.635750137864736,2.245148071901021,0.5122578937868023
1,382,1,10,0,0,0.16399331390857697,0.02939671277999878,gigapose_rank0_baseline|rgb_recovery,2.343116718284818,approved,epnp_raceline,rear,toward,-0.7160917801040197,65.81997725464939,18.517205568802666,3.380127629845958,7.799145061811794
1,384,2,3,10,0,0.1793113797903061,0.002988910535350442,gigapose_global_rank_2|logz-0.35|rgb_recovery,27.047602237137056,approved,epnp_raceline,rear,toward,-0.537571907884839,93.78386471516063,26.917363596703442,2.442481897940369,1.6502099050509837
1,385,2,4,10,0,0.13788922131061554,0.032774921506643295,gigapose_global_rank_0|align_detection|rgb_recovery,13.646781540720433,approved,epnp_raceline,rear,toward,-0.7640409219725344,66.79844024636553,10.835402468495253,4.075940739611767,2.652132361061967
1,387,3,7,15,0,0.19922208786010742,0.011743249371647835,gigapose_global_rank_0|uv0-48|rgb_recovery,38.38230467527859,approved,epnp_raceline,rear,toward,-0.7600101218432875,94.53243081486491,15.48642252863415,2.5079909854401774,0.7382565693404074
1,388,3,10,15,0,0.17238952219486237,0.11161180585622787,gigapose_global_rank_0|yaw-30|rgb_recovery,37.060477260859074,approved,epnp_raceline,rear,toward,-0.7351067438563955,111.79434248252747,20.0942990563729,0.5670836137465435,2.9346862724563514
1,389,3,3,4,0,0.14398202300071716,0.040921129286289215,gigapose_global_rank_0|align_detection|rgb_recovery,37.196242533234994,approved,epnp_raceline,rear,toward,-0.7401333549407967,94.88675680227571,15.496386279664948,4.805833909478091,3.8053896524350805
1,390,3,1,15,0,0.22950705885887146,0.0826495960354805,gigapose_global_rank_2|align_detection|rgb_recovery,49.759941357307035,approved,epnp_raceline,rear,toward,-0.7599502458038206,116.34968141858354,16.723381048844892,2.528164331552728,0.9213511527327044
1,391,3,13,3,0,0.12799939513206482,0.07872024923563004,gigapose_global_rank_0|uv1-48|rgb_recovery,17.90013868940896,approved,epnp_raceline,rear,toward,-0.7553197820249028,119.11292179337674,17.28794377203406,2.305305003970884,1.6445163044481916
1,392,3,1,0,0,0.15677306056022644,0.11485401540994644,gigapose_rank0_baseline|rgb_recovery,20.142543791059758,approved,epnp_raceline,rear,toward,-0.7556119144949731,117.68454953044223,17.249089432402748,1.7223507972048833,7.5109465376953475
1,393,3,10,0,0,0.23321712017059326,0.14262591302394867,gigapose_rank0_baseline|rgb_recovery,20.0701332940101,approved,epnp_raceline,rear,toward,-0.7614770342100131,51.292839142662345,16.070196759716495,3.2566320623248934,5.795986775137237
1,394,3,13,9,0,0.23474566638469696,0.029804790392518044,gigapose_global_rank_0|logz+0.35|rgb_recovery,46.643514731010825,approved,epnp_raceline,rear,toward,-0.7184165066287729,101.30587732922604,20.93420148002316,3.5588066949596704,4.650781321438444
1,395,3,5,0,0,0.12840259075164795,0.11323720216751099,gigapose_rank0_baseline|rgb_recovery,48.2758166022773,approved,epnp_raceline,rear,toward,-0.7628113917891822,114.27993475401796,17.21115358241727,2.327871759981476,7.839981793496308
1,396,3,5,1,0,0.25793513655662537,0.027009962126612663,gigapose_global_rank_3|rgb_recovery,63.229045516193445,approved,epnp_raceline,rear,toward,-0.7475244582957277,71.31110380925345,18.93391018534167,7.480166447528848,6.150527381000196
1,397,3,3,6,0,0.18036088347434998,0.11970850825309753,gigapose_global_rank_1|R1+20|rgb_recovery,84.56904982562386,approved,epnp_raceline,rear,toward,-0.9868265442960591,116.65998428520521,22.522830600472,5.835203156082907,3.003059587703828
1,398,3,3,3,1,0.2971890866756439,0.2971890866756439,gigapose_global_rank_2|align_detection|rgb_recovery|center_preserving_flip180,95.74181804206597,approved,epnp_raceline,rear,toward,-0.8122594679119649,117.27476905303865,63.22196651147977,5.0516743731162945,5.0516743731162945
1,399,3,12,12,1,0.32803988456726074,0.32803988456726074,gigapose_global_rank_3|rgb_recovery|center_preserving_flip180,98.04196998009452,approved,epnp_raceline,rear,toward,-0.7975346173010484,115.96093696147975,64.33987868731619,3.1441495197880616,3.1441495197880616
1,400,3,5,5,1,0.3326852321624756,0.3326852321624756,gigapose_global_rank_2|logz-0.35|rgb_recovery|center_preserving_flip180,111.08653590333245,approved,epnp_raceline,rear,toward,-0.7864246429779479,115.78575407956474,65.53900340782423,1.4992974982235325,1.4992974982235325
1,401,3,10,6,1,0.15512938797473907,0.0603693462908268,gigapose_global_rank_0|R1+45|rgb_recovery|center_preserving_flip180,114.69509585117606,approved,epnp_raceline,rear,toward,-0.9625024532035817,16.557230338150912,41.68866935015079,1.1610825163872993,2.8345000136028737
1,402,3,6,11,1,0.1291559636592865,0.12822170555591583,gigapose_global_rank_2|logz-0.35|rgb_recovery|center_preserving_flip180,113.83921069219517,approved,epnp_raceline,rear,toward,-0.8132861520736722,17.364457765124513,62.53497841997913,0.937818888101305,2.676500051766715
1,403,3,4,8,1,0.2704566419124603,0.10733462870121002,gigapose_global_rank_0|R1+45|rgb_recovery|center_preserving_flip180,118.6841019013325,approved,epnp_raceline,rear,toward,-0.9567929009409522,24.0742995427669,40.704044295348595,4.625215509415313,2.3095281215741386
1,404,3,14,2,1,0.3847772777080536,0.0890292227268219,gigapose_global_rank_1|R1+20|rgb_recovery|center_preserving_flip180,113.85192234592434,approved,epnp_raceline,rear,toward,-0.9998803216989992,20.644153932689747,24.70163689704168,4.08789721049996,3.2116276083239264
1,405,3,7,7,1,0.24330642819404602,0.24330642819404602,gigapose_global_rank_4|rgb_recovery|center_preserving_flip180,116.42434389884924,approved,epnp_raceline,rear,toward,-0.8164609689111795,119.78443700072852,60.869181899107296,5.923219127185594,5.923219127185594
1,406,3,4,6,1,0.2739662230014801,0.09649740159511566,gigapose_global_rank_0|R1+45|rgb_recovery|center_preserving_flip180,99.76716856338629,approved,epnp_raceline,rear,toward,-0.9618746845753265,23.69155230592291,34.38428999845729,3.1307570252620933,2.6449873422046535
1,407,3,1,12,1,0.2945045530796051,0.18302756547927856,gigapose_global_rank_0|R1+45|rgb_recovery|center_preserving_flip180,100.77228450470618,approved,epnp_raceline,rear,toward,-0.9570127625794912,25.241219881517036,40.1206358548808,7.346909788838492,1.1159477287591286
1,408,3,14,12,1,0.2900383174419403,0.20693717896938324,gigapose_global_rank_1|R1+45|rgb_recovery|center_preserving_flip180,100.41358387205693,approved,epnp_raceline,rear,toward,-0.9078013765014722,18.87592891546228,47.99634160607416,5.563596561081317,2.2156975564750754
1,409,3,10,14,1,0.1317785680294037,0.06711612641811371,gigapose_global_rank_1|R1+20|rgb_recovery|center_preserving_flip180,84.76308416893771,approved,epnp_raceline,rear,toward,-0.9928796699980372,12.058590558754323,14.273784005351496,3.187319147683826,3.5835699565367616
1,410,3,8,4,1,0.11529222875833511,0.027924494817852974,gigapose_global_rank_1|flip180|rgb_recovery|center_preserving_flip180,77.20851125489568,approved,epnp_raceline,rear,toward,-0.9803592490170713,12.29780598419419,9.79577584745896,2.2454513861018865,0.4509109171822418
1,411,3,7,2,1,0.3129039406776428,0.14505590498447418,gigapose_global_rank_0|R1+45|rgb_recovery|center_preserving_flip180,100.08736772948878,approved,epnp_raceline,rear,toward,-0.9606751196003815,25.999072082076253,36.36582844463588,6.95640493720416,2.0016591365782532
1,412,3,6,5,1,0.25459548830986023,0.11827364563941956,gigapose_global_rank_0|R1+45|rgb_recovery|center_preserving_flip180,76.93308197461067,approved,epnp_raceline,rear,toward,-0.9490696301441486,24.18295320816695,39.060414260355515,7.490623850027574,0.5838391246164867
1,413,3,1,10,1,0.14266012609004974,0.02783728949725628,gigapose_global_rank_0|R1+45|rgb_recovery|center_preserving_flip180,80.37709755602486,approved,epnp_raceline,rear,toward,-0.948925337768752,31.36302864842432,38.931631097168676,2.4043834431361697,0.9960650578615307
1,414,3,13,5,1,0.31699565052986145,0.1399647742509842,gigapose_global_rank_0|R1+45|rgb_recovery|center_preserving_flip180,109.0694744144603,approved,epnp_raceline,rear,toward,-0.9572027546711361,25.39266325594228,37.26232339336967,7.413106009601019,0.8454366246794294
1,415,3,10,1,0,0.12577448785305023,0.10559043288230896,gigapose_global_rank_1|R1+20|rgb_recovery,114.35223200750963,approved,epnp_raceline,rear,toward,-0.989847114918455,7.51674025165046,23.043200009687943,3.5386164616113125,2.757765302011539
1,416,3,0,2,0,0.10156010836362839,0.09308761358261108,gigapose_global_rank_0|R0+20|rgb_recovery,118.75166821038388,approved,epnp_raceline,rear,toward,-0.9762570348525297,11.490526339665653,9.92982220477467,2.4539913759325667,1.7758151836864324
1,417,3,3,3,0,0.21650177240371704,0.21650177240371704,gigapose_global_rank_3|rgb_recovery,139.96021674822182,approved,epnp_raceline,rear,toward,-0.7715146341773209,23.001053400040977,23.001053400040977,9.180683686111639,9.180683686111639
1,418,3,2,7,0,0.24887093901634216,0.2087429165840149,gigapose_global_rank_4|rgb_recovery,132.76948468178068,approved,epnp_raceline,rear,toward,-0.7640717609565539,15.473572725212506,23.563169298643043,2.060185759108442,7.558013713659458
1,419,3,9,9,0,0.4160815179347992,0.4160815179347992,gigapose_global_rank_3|rgb_recovery,128.52953546593864,approved,epnp_raceline,rear,toward,-0.7399530944550943,26.539146444269633,26.539146444269633,7.664557245771149,7.664557245771149
1,420,3,3,2,0,0.12451633810997009,0.1156158521771431,gigapose_global_rank_1|R1+20|rgb_recovery,123.22338175785947,approved,epnp_raceline,rear,toward,-0.9864396360595765,3.5792300797150745,22.53923574100227,2.8836453757220353,3.081298350675824
1,421,3,6,14,1,0.35381415486335754,0.16959480941295624,gigapose_global_rank_1|R1+45|rgb_recovery|center_preserving_flip180,108.9358865104257,approved,epnp_raceline,rear,toward,-0.9253398756225913,22.033559917503258,42.80018528678697,8.02679964177715,2.18812704106344
1,422,3,1,3,1,0.17775146663188934,0.055312953889369965,gigapose_global_rank_1|R1+45|rgb_recovery|center_preserving_flip180,108.70399199003363,approved,epnp_raceline,rear,toward,-0.9175553312649207,22.865684250808727,36.1244455759981,2.7125215955872366,3.6444808389775782
1,423,3,8,13,1,0.3202880024909973,0.11703459918498993,gigapose_global_rank_1|R1+45|rgb_recovery|center_preserving_flip180,106.46847821106242,approved,epnp_raceline,rear,toward,-0.9525439281912869,29.310905335015196,38.05886494142283,10.176485558315637,0.6001309580096921
1,424,3,12,9,1,0.28552940487861633,0.1106373742222786,gigapose_global_rank_0|R1+45|rgb_recovery|center_preserving_flip180,85.81133697821534,approved,epnp_raceline,rear,toward,-0.9526291508176392,22.62860623045295,37.70165666908241,7.7239504758850295,0.5898982468001845
1,425,3,6,5,1,0.2002955675125122,0.15690255165100098,gigapose_global_rank_1|R0+45|rgb_recovery|center_preserving_flip180,85.80639037724481,approved,epnp_raceline,rear,toward,-0.7528711740056027,78.60028040185192,63.040749311378946,11.093625071879497,7.715978627127984
1,426,3,7,12,1,0.23408256471157074,0.17422062158584595,gigapose_global_rank_1|R1+45|rgb_recovery|center_preserving_flip180,91.89281866762076,approved,epnp_raceline,rear,toward,-0.9002235507664399,24.755069622733192,45.6996725780583,9.114783877543712,2.334148305124811
1,427,3,6,13,1,0.35597482323646545,0.07693055272102356,gigapose_global_rank_0|R1+45|rgb_recovery|center_preserving_flip180,95.93175896133083,approved,epnp_raceline,rear,toward,-0.9519733295681105,14.889710687942955,37.9475808711117,3.1830144378195877,0.8594838283662743
1,428,3,8,8,0,0.15842796862125397,0.15842796862125397,gigapose_global_rank_1|R1+20|rgb_recovery,80.47963864716267,approved,epnp_raceline,rear,toward,-0.9825662865591485,30.24948320579175,30.24948320579175,1.2018320486227456,1.2018320486227456
1,429,3,3,3,0,0.17389464378356934,0.17389464378356934,gigapose_global_rank_1|R1+20|rgb_recovery,101.25768013330958,approved,epnp_raceline,rear,toward,-0.982676425423186,30.547053060719687,30.547053060719687,0.6247886120804803,0.6247886120804803
1,430,3,6,1,0,0.13683466613292694,0.12120478600263596,gigapose_global_rank_1|R1+20|rgb_recovery,109.38544101587802,approved,epnp_raceline,rear,toward,-0.9912768776981933,12.175681334739911,27.73229110917123,0.9169092131903811,1.9505928092423648
1,431,3,14,14,1,0.22499030828475952,0.22499030828475952,gigapose_global_rank_1|R1+45|rgb_recovery|center_preserving_flip180,119.52763331570924,approved,epnp_raceline,rear,toward,-0.9125225240711063,136.1832678357174,44.19283609651412,2.611617432453025,2.611617432453025
1,432,3,9,14,1,0.1118730679154396,0.021419867873191833,gigapose_global_rank_1|R1+45|rgb_recovery|center_preserving_flip180,118.4202422817267,approved,epnp_raceline,rear,toward,-0.9514037549294316,31.64993788154935,37.71758762851535,2.597752926373105,1.1124376445811213
1,433,3,8,11,1,0.2522723972797394,0.12489666044712067,gigapose_global_rank_0|R1+45|rgb_recovery|center_preserving_flip180,135.64254256682634,approved,epnp_raceline,rear,toward,-0.9516180051638043,31.33310706664061,28.914732505573223,10.302135704123637,1.0486291677193356
1,434,3,13,5,1,0.1455916166305542,0.08144968003034592,gigapose_global_rank_0|R1+20|rgb_recovery|center_preserving_flip180,142.65586365515716,approved,epnp_raceline,rear,toward,-0.9997872844526684,13.1597264003763,12.188182312596616,1.7659843838118179,4.648743998283597
1,435,3,9,9,0,0.2685254216194153,0.2685254216194153,gigapose_global_rank_2|align_detection|rgb_recovery,143.41484508759982,approved,epnp_raceline,rear,toward,-0.9946792509963432,6.046035754102866,6.046035754102866,1.463213292781324,1.463213292781324
1,436,3,9,11,0,0.13848961889743805,0.12778598070144653,gigapose_global_rank_1|R1+20|rgb_recovery,135.3262214384192,approved,epnp_raceline,rear,toward,-0.9798143978393163,4.969335388798469,22.30940498861545,4.416026669754408,3.7570791488314392
1,437,3,0,2,0,0.13709615170955658,0.11246207356452942,gigapose_global_rank_0|R1+20|rgb_recovery,132.53420182460044,approved,epnp_raceline,rear,toward,-0.9817082399562791,3.8529893358765537,21.744001671264147,2.5977596188857968,1.743622551172529
1,438,3,12,12,0,0.22339430451393127,0.22339430451393127,gigapose_global_rank_2|align_detection|rgb_recovery,135.31040997721303,approved,epnp_raceline,rear,toward,-0.9963862695126919,7.19298058724075,7.19298058724075,3.629131021231686,3.629131021231686
1,439,3,1,8,1,0.2992393672466278,0.04149463400244713,gigapose_global_rank_0|R1+20|rgb_recovery|center_preserving_flip180,131.26295509801028,approved,epnp_raceline,rear,toward,-0.9998085181360481,35.146123298054626,10.960364350250485,11.370187464287213,2.304006593877615
1,440,3,5,5,0,0.1740744560956955,0.1740744560956955,gigapose_global_rank_1|R1+20|rgb_recovery,98.5847710390588,approved,epnp_raceline,rear,toward,-0.9808505189389988,21.40264188888541,21.40264188888541,0.4076070299375354,0.4076070299375354
1,441,3,1,1,0,0.13153499364852905,0.13153499364852905,gigapose_global_rank_0|R1+20|rgb_recovery,101.62882332660479,approved,epnp_raceline,rear,toward,-0.9876640295053809,19.363479765963948,19.363479765963948,0.5794517754093294,0.5794517754093294
1,442,3,5,7,1,0.291199654340744,0.08618038892745972,gigapose_global_rank_0|R1+45|rgb_recovery|center_preserving_flip180,111.52823008426418,approved,epnp_raceline,rear,toward,-0.9473574390042772,15.838734433450973,29.193794692414954,3.1124256007431597,2.935758672352452
1,443,3,5,12,0,0.16310086846351624,0.138494610786438,gigapose_global_rank_1|R1+20|rgb_recovery,116.09923097432147,approved,epnp_raceline,rear,toward,-0.9734751899143785,4.4439023150413135,23.48612207109673,1.046056914735998,0.3903812727223793
1,444,3,4,3,0,0.15015187859535217,0.10141121596097946,gigapose_global_rank_1|R1+20|rgb_recovery,121.76746467707846,approved,epnp_raceline,rear,toward,-0.9915595758857175,3.8496420296780878,17.653420775675983,2.903102894326792,0.9538723302109223
1,445,3,0,5,0,0.14593465626239777,0.10976652055978775,gigapose_global_rank_0|R1+20|rgb_recovery,145.00865543285988,approved,epnp_raceline,rear,toward,-0.9844812503087127,5.745557988279111,20.46596285293884,3.387715731328989,2.5590395082280346
1,446,3,4,1,1,0.2829735279083252,0.06485031545162201,gigapose_global_rank_4|rgb_recovery|center_preserving_flip180,144.89076252511737,approved,epnp_raceline,rear,toward,-0.991201092663779,31.04278931076873,17.938920334274254,11.63114114600641,0.49769584202857897
1,447,3,9,9,0,0.17851890623569489,0.17851890623569489,gigapose_global_rank_0|R1+20|rgb_recovery,146.6982600723098,approved,epnp_raceline,rear,toward,-0.9824293485677834,21.55129720738359,21.55129720738359,1.9129500149175045,1.9129500149175045
1,448,3,9,8,0,0.29834088683128357,0.26649340987205505,gigapose_global_rank_2|rgb_recovery,145.74047522263444,approved,epnp_raceline,rear,toward,-0.9943598002163614,5.869084291263262,6.7121551707124585,1.9340272434036936,0.9727300983156587
1,449,3,5,4,0,0.10207310318946838,0.07873552292585373,gigapose_global_rank_0|R1+20|rgb_recovery,135.01599525097765,approved,epnp_raceline,rear,toward,-0.9829934977720227,8.097595306454272,21.04257010179692,2.391478007634878,0.34771076268438383
1,450,3,0,3,0,0.1473943442106247,0.12185772508382797,gigapose_global_rank_0|R1+20|rgb_recovery,120.02190984094734,approved,epnp_raceline,rear,toward,-0.9761139441720464,6.664670703076383,23.12058567696251,2.6925521073691727,1.4407663917785105
1,451,3,14,6,1,0.164392352104187,0.06761491298675537,gigapose_global_rank_0|R1+20|rgb_recovery|center_preserving_flip180,121.54890458746524,approved,epnp_raceline,rear,toward,-0.9965543217263998,6.51146633154309,15.430948097251193,2.284809200805972,1.005973080392551
1,452,3,8,8,0,0.15798771381378174,0.15798771381378174,gigapose_global_rank_1|R1+20|rgb_recovery,112.29311506846022,approved,epnp_raceline,rear,toward,-0.9811483904671199,21.61294216476584,21.61294216476584,0.3587275247376382,0.3587275247376382
1,453,3,10,14,1,0.25593405961990356,0.1193377897143364,gigapose_global_rank_1|rgb_recovery|center_preserving_flip180,112.86308245100058,approved,epnp_raceline,rear,toward,-0.7401033120909217,110.01849905052929,54.03715756822687,16.910090991519038,11.607492550007557
1,454,3,3,2,0,0.13343815505504608,0.11198340356349945,gigapose_global_rank_0|R0+20|rgb_recovery,110.83516691733702,approved,epnp_raceline,rear,toward,-0.9974921891996582,8.007229451364179,9.597337342868032,5.717669454803701,4.408785630771781
1,455,3,3,3,0,0.24590766429901123,0.24590766429901123,gigapose_global_rank_1|R1+20|rgb_recovery,105.89000879872012,approved,epnp_raceline,rear,toward,-0.9743018648642847,24.67244313742322,24.67244313742322,2.120777644900706,2.120777644900706
1,456,3,4,3,1,0.30592572689056396,0.02251613140106201,gigapose_global_rank_0|yaw+30|rgb_recovery|center_preserving_flip180,110.7899151836738,approved,epnp_raceline,rear,toward,-0.8964925605941325,81.14761460156446,17.138470067262737,18.91835805510639,11.111431931959443
1,457,3,13,7,1,0.21663326025009155,0.04895823448896408,gigapose_global_rank_1|R1+45|rgb_recovery|center_preserving_flip180,114.93141391325119,approved,epnp_raceline,rear,toward,-0.9416856800387984,7.981805431240866,30.259227825220247,1.4986035567374791,3.2253892280043193
1,458,3,12,5,1,0.2612934708595276,0.05881762132048607,gigapose_global_rank_0|R1+45|rgb_recovery|center_preserving_flip180,116.18139681411441,approved,epnp_raceline,rear,toward,-0.8950237985919451,7.966458952478186,37.00237582398533,4.202507885980644,4.35708708009963
1,459,3,2,14,1,0.11485683172941208,0.06842049211263657,gigapose_global_rank_1|R1+45|rgb_recovery|center_preserving_flip180,115.80342263409395,approved,epnp_raceline,rear,toward,-0.9479446460591593,142.25305792729,28.933230666640736,7.5036101229353624,3.8114282451706156
1,460,3,4,3,1,0.2527388334274292,0.05668347328901291,gigapose_global_rank_1|R1+20|rgb_recovery|center_preserving_flip180,129.9197137199845,approved,epnp_raceline,rear,toward,-0.9924443427780836,23.57349382345263,17.699068417968867,9.592906446843745,1.622718507558135
1,461,3,15,1,1,0.12678636610507965,0.08560237288475037,gigapose_global_rank_1|R1+20|rgb_recovery|center_preserving_flip180,114.6353842654972,approved,epnp_raceline,rear,toward,-0.992863773255082,171.30653073746834,17.810046831748593,2.053475217688302,3.9261456097534304
1,462,3,15,1,1,0.280894935131073,0.027624640613794327,gigapose_global_rank_0|R1+20|rgb_recovery|center_preserving_flip180,93.4974915173405,approved,epnp_raceline,rear,toward,-0.9971730392032616,13.622698909903834,14.491842720146122,5.36331945726629,6.825980287298974
1,463,3,13,3,1,0.23354366421699524,0.08257698267698288,gigapose_global_rank_4|rgb_recovery|center_preserving_flip180,102.41104819621543,approved,epnp_raceline,rear,toward,-0.7013126645431067,5.044861032219796,57.85080457880147,0.5986884348250906,13.017223271453199
1,464,3,1,4,1,0.16435623168945312,0.04995304346084595,gigapose_global_rank_4|rgb_recovery|center_preserving_flip180,91.58250477994036,approved,epnp_raceline,rear,toward,-0.7093080636091494,8.104215486910594,56.75083117206615,0.6014396031586448,10.191532846498946
1,465,3,15,13,1,0.2063041478395462,0.07503238320350647,gigapose_global_rank_2|rgb_recovery|center_preserving_flip180,84.04925222961401,approved,epnp_raceline,rear,toward,-0.6354428570795392,7.727210785780097,62.22115952657846,0.2506436778694623,15.91354085442511
1,466,3,0,1,1,0.1361953467130661,0.05537327006459236,gigapose_global_rank_0|flip180|rgb_recovery|center_preserving_flip180,84.14069599247627,approved,epnp_raceline,rear,toward,-0.9746301828916392,7.224805659713243,5.360580898593337,7.9492717093749645,1.6287368091167416
1,467,3,15,7,1,0.20474953949451447,0.06961949169635773,gigapose_global_rank_2|align_detection|rgb_recovery|center_preserving_flip180,108.80267381468973,approved,epnp_raceline,rear,toward,-0.8337419080984828,16.19712457572734,26.174137995466964,3.7885454484252046,10.68560433107724
1,468,3,15,15,0,0.13753582537174225,0.13753582537174225,gigapose_global_rank_1|R1+45|rgb_recovery,96.3198733405847,approved,epnp_raceline,rear,toward,-0.40261724926075343,55.75025586547631,55.75025586547631,11.109346020672223,11.109346020672223
1,469,3,0,8,0,0.27053171396255493,0.038422636687755585,gigapose_global_rank_1|R1-20|rgb_recovery,107.69763867584278,approved,epnp_raceline,rear,toward,-0.6725195370936871,101.73986881375474,39.2122010722908,37.77832572458073,10.540162300062763
1,470,3,0,6,1,0.1673988699913025,0.016823602840304375,gigapose_global_rank_1|uv0-48|rgb_recovery|center_preserving_flip180,114.47126010929318,approved,epnp_raceline,rear,toward,-0.9163497539740103,109.70894092014667,14.088271971781637,22.572505414764777,0.5145274467471519
1,471,3,12,4,1,0.18913398683071136,0.031732022762298584,gigapose_global_rank_0|uv0+48|rgb_recovery|center_preserving_flip180,127.04636541876053,approved,epnp_raceline,rear,toward,-0.9159907318599799,87.9651567448954,34.7417485190239,4.510068364300595,3.516578438415759
1,472,3,3,6,1,0.1414947509765625,0.02186483144760132,gigapose_global_rank_3|rgb_recovery|center_preserving_flip180,107.83714124199133,approved,epnp_raceline,rear,toward,-0.9327672307518579,100.76873397216443,10.50283926467825,6.216867032433433,3.820488067291302
1,473,3,0,6,1,0.16648302972316742,0.016461050137877464,gigapose_global_rank_1|R1-45|rgb_recovery|center_preserving_flip180,96.50183172909603,approved,epnp_raceline,rear,toward,-0.9759675920718982,107.63707036408415,8.117245765269747,18.275394012715413,6.6136947904170915
1,474,3,5,1,1,0.1604919582605362,0.02995903044939041,gigapose_global_rank_0|R1-20|rgb_recovery|center_preserving_flip180,83.75859540463259,approved,epnp_raceline,rear,toward,-0.9945962764599472,98.32541483162699,17.429829450903007,5.991491308898976,7.4011035613734935
1,475,3,3,5,1,0.18997035920619965,0.028737012296915054,gigapose_global_rank_1|R1-45|rgb_recovery|center_preserving_flip180,85.37176045268433,approved,epnp_raceline,rear,toward,-0.9807450657520088,97.27909719572249,3.650855506773452,2.1470427633652784,5.805802593872434
1,476,3,0,0,0,0.20735809206962585,0.20735809206962585,gigapose_rank0_baseline|rgb_recovery,81.71266497004223,approved,epnp_raceline,rear,toward,-0.767032823622015,32.0933867523393,32.0933867523393,11.392015594276403,11.392015594276403
1,477,3,12,11,0,0.11554877460002899,0.07917819917201996,gigapose_global_rank_2|align_detection|rgb_recovery,78.95626522848434,approved,epnp_raceline,rear,toward,-0.7765648895011188,123.04464732139107,27.41802158658823,2.263743394342106,2.4228663738534824
1,478,3,0,3,0,0.18215958774089813,0.06079176440834999,gigapose_global_rank_0|R0-20|rgb_recovery,86.5019397541828,approved,epnp_raceline,rear,toward,-0.7988515788413607,29.867814488182322,24.489765608083417,16.504155683898908,3.7493013326616524
1,479,3,1,14,1,0.11458417773246765,0.027852846309542656,gigapose_global_rank_1|R1-45|rgb_recovery|center_preserving_flip180,89.7583946900495,approved,epnp_raceline,rear,toward,-0.9880409587893245,120.62803417356278,7.624389788494933,1.7675367961489183,11.339309106204063
1,480,3,0,1,1,0.19790509343147278,0.05293837562203407,gigapose_global_rank_2|flip180|rgb_recovery|center_preserving_flip180,81.20414223830011,approved,epnp_raceline,rear,toward,-0.9352183176390764,112.35727188547654,7.9171940180789,31.158977988387434,2.364644175966552
1,481,3,6,10,1,0.09894450008869171,0.02912566065788269,gigapose_global_rank_1|uv1+48|rgb_recovery|center_preserving_flip180,78.98473957555137,approved,epnp_raceline,rear,toward,-0.8258580257951957,111.39582409166171,23.473096433536416,6.87492923975757,1.2770510385972502
1,482,3,0,3,0,0.10512242466211319,0.0567655973136425,gigapose_global_rank_3|rgb_recovery,99.87159782783311,approved,epnp_raceline,rear,toward,-0.9422225683818007,111.67154351958749,6.817893485817042,27.662943506845558,0.35588272067027327
1,483,3,9,11,0,0.1662515103816986,0.038838859647512436,gigapose_global_rank_3|rgb_recovery,103.32797099919422,approved,epnp_raceline,rear,toward,-0.9435435191087163,103.0517403064297,7.481174150172829,5.168623010255284,3.204545438446929
1,484,3,14,1,0,0.09185101836919785,0.05043325573205948,gigapose_global_rank_1|logz-0.35|rgb_recovery,117.81927462078727,approved,epnp_raceline,rear,toward,-0.9248452689387797,108.03528188946878,7.019659892605678,5.540758746670592,6.48572625788372
1,485,3,11,5,0,0.128595769405365,0.04573678970336914,gigapose_global_rank_4|rgb_recovery,124.55819158188126,approved,epnp_raceline,rear,toward,-0.9791765764535761,100.02346378600895,9.312091835659274,11.851713879275747,9.664742610313603
1,486,3,5,3,1,0.18754763901233673,0.038281869143247604,gigapose_global_rank_1|yaw+30|rgb_recovery|center_preserving_flip180,111.3027097645915,approved,epnp_raceline,rear,toward,-0.9117838088783655,102.04767434305191,41.35606151451946,6.100324439695395,1.6348607689830699
1,487,3,0,9,1,0.13342450559139252,0.02940351329743862,gigapose_global_rank_1|R1-45|rgb_recovery|center_preserving_flip180,76.33660962248995,approved,epnp_raceline,rear,toward,-0.931808336171336,119.77736632555929,7.769295969075616,16.795593203513945,5.327981493933177
1,488,3,9,2,1,0.1356183886528015,0.02784774638712406,gigapose_global_rank_0|R1-20|rgb_recovery|center_preserving_flip180,69.99225407140727,approved,epnp_raceline,rear,toward,-0.9173892748930895,101.67540131437637,41.14673189927395,8.076836642008217,1.5476611360516825
1,489,3,13,2,0,0.12957914173603058,0.07970979064702988,gigapose_global_rank_1|yaw-30|rgb_recovery,53.694127288178265,rejected:center_error_px+bbox_iou,epnp_raceline,rear,toward,-0.9227383672101911,nan,nan,nan,nan
1,490,3,15,8,0,0.1191999688744545,0.09724707901477814,gigapose_global_rank_1|R0+20|rgb_recovery,34.78340155951861,approved,epnp_raceline,rear,toward,-0.9695847020098947,25.855241996167873,6.622964634733419,10.404142989383935,7.956925692708895
1,491,3,15,6,0,0.11033567786216736,0.07144178450107574,gigapose_global_rank_1|uv1-48|rgb_recovery,70.56910258740893,approved,epnp_raceline,rear,toward,-0.9763445964764035,13.86890899211309,8.132537472677848,1.9640254701474293,7.766660237720735
1,492,3,0,3,1,0.11369180679321289,0.05561340972781181,gigapose_global_rank_2|align_detection|rgb_recovery|center_preserving_flip180,95.83985433775308,approved,epnp_raceline,rear,toward,-0.8758591004189782,119.11836358763385,11.523134381395154,15.686015019705955,0.8921000467865579
1,493,3,0,3,1,0.15145960450172424,0.04132017120718956,gigapose_global_rank_1|uv0+48|rgb_recovery|center_preserving_flip180,87.97838839382567,approved,epnp_raceline,rear,toward,-0.8238407312110481,119.45139492901691,15.672775095836764,28.324530005877794,5.449138712376833
1,494,3,0,1,1,0.12116573005914688,0.05729964002966881,gigapose_global_rank_2|flip180|rgb_recovery|center_preserving_flip180,85.24573114682926,approved,epnp_raceline,rear,toward,-0.9674276686634782,119.87901955164715,5.436811837864584,19.070745973424923,5.965958646850858
1,495,3,4,14,1,0.12503977119922638,0.02240958996117115,gigapose_global_rank_0|R1-20|rgb_recovery|center_preserving_flip180,86.42524496070108,approved,epnp_raceline,rear,toward,-0.9191161426619906,99.14262925101089,43.14440655643158,9.365581705491358,1.4831505891167556
1,496,3,14,15,1,0.12003785371780396,0.027403654530644417,gigapose_global_rank_0|R1-20|rgb_recovery|center_preserving_flip180,76.2927556835297,approved,epnp_raceline,rear,toward,-0.9262517936284793,101.83050884791616,42.262289928270434,8.851343931614513,0.5891230863571019
1,497,3,0,1,0,0.29366692900657654,0.06721502542495728,gigapose_global_rank_0|align_detection|rgb_recovery,64.86028727878161,approved,epnp_raceline,rear,toward,-0.7233918853298428,26.635573533419688,23.659109592532527,21.58111005084226,5.540848590751315
1,498,3,3,1,0,0.21695871651172638,0.07406970113515854,gigapose_global_rank_1|uv0-48|rgb_recovery,53.42377232583278,approved,epnp_raceline,rear,toward,-0.19083509519399533,63.6807217668402,59.180001243970906,16.130702138132833,9.263477327184209
1,499,3,7,7,0,0.27540668845176697,0.27540668845176697,gigapose_global_rank_1|R1+45|rgb_recovery,73.36292229591291,approved,epnp_raceline,rear,toward,-0.10758406233378082,65.67209699842499,65.67209699842499,14.131072728659873,14.131072728659873
1,500,3,0,13,0,0.17381930351257324,0.11532854288816452,gigapose_global_rank_2|logz-0.35|rgb_recovery,78.40638968674389,approved,epnp_raceline,rear,toward,-0.8982363553037616,122.15299048602286,6.778573108657682,28.92347002485853,0.7293226452098593
1,501,3,12,5,0,0.2959491014480591,0.06981228291988373,gigapose_global_rank_2|rgb_recovery,76.86946541227101,approved,epnp_raceline,rear,toward,-0.8650569971937903,68.39058793993527,16.58546003567792,21.031730973978004,1.327121519233161
1,502,3,0,9,0,0.19267374277114868,0.09354341775178909,gigapose_global_rank_0|R1-20|rgb_recovery,75.61994495372726,approved,epnp_raceline,rear,toward,-0.6651342579307211,17.135625373677378,31.007370377675596,8.017326251045477,7.295358619571728
1,503,3,12,3,1,0.10814081877470016,0.0838967114686966,gigapose_global_rank_0|R1-45|rgb_recovery|center_preserving_flip180,94.16879546021617,approved,epnp_raceline,rear,toward,-0.1627693959584913,145.87834895599428,59.768359876901236,12.39675852242359,10.053508357286645
1,504,3,0,11,1,0.18297280371189117,0.028901036828756332,gigapose_global_rank_1|R1-45|rgb_recovery|center_preserving_flip180,93.85858851001635,approved,epnp_raceline,rear,toward,-0.18364596321476362,114.31935920253497,58.9668760465688,46.27850702167855,6.736577227724176
1,505,3,13,10,1,0.1408059000968933,0.01971314661204815,gigapose_global_rank_0|R1-45|rgb_recovery|center_preserving_flip180,105.53850604284327,approved,epnp_raceline,rear,toward,-0.8760105089924733,71.73576742489385,8.617765471984727,12.86792301292427,5.222009231813239
1,506,3,15,6,0,0.26636773347854614,0.06851744651794434,gigapose_global_rank_4|rgb_recovery,111.97906695287323,approved,epnp_raceline,rear,toward,-0.8814442887558682,111.66306141339021,9.218518818763103,18.13183501418235,12.158202005166215
1,507,3,4,8,0,0.10422677546739578,0.05270955711603165,gigapose_global_rank_3|rgb_recovery,114.8268387988672,approved,epnp_raceline,rear,toward,-0.8901223774853778,111.11820458177402,10.193827394064677,11.56837868046948,3.9464916837645756
1,508,3,4,8,0,0.13873815536499023,0.08689072728157043,gigapose_global_rank_1|R1+45|rgb_recovery,122.553438811499,approved,epnp_raceline,rear,toward,-0.9531677758304802,47.16676640247581,39.150473911748044,12.34421948079165,1.1734609741182418
1,509,3,8,1,1,0.14576049149036407,0.09222947061061859,gigapose_global_rank_1|logz-0.35|rgb_recovery|center_preserving_flip180,112.30237254708125,approved,epnp_raceline,rear,toward,-0.8559616768438054,125.1993294322991,52.48128951790125,10.996394702181219,6.0734429148258
1,510,3,2,14,1,0.20018278062343597,0.03632213920354843,gigapose_global_rank_0|R1+20|rgb_recovery|center_preserving_flip180,112.54527611879504,approved,epnp_raceline,rear,toward,-0.9969861611943335,20.175806258600762,21.656237127369454,10.303552971986823,6.690603190226628
1,511,3,6,6,1,0.18186523020267487,0.18186523020267487,gigapose_global_rank_3|rgb_recovery|center_preserving_flip180,105.18240041065255,approved,epnp_raceline,rear,toward,-0.8022966054852473,122.5041068134635,59.3252532842854,11.488088273392874,11.488088273392874
1,512,3,0,3,1,0.32996511459350586,0.014641847461462021,gigapose_global_rank_1|R1+45|rgb_recovery|center_preserving_flip180,110.13974578802932,approved,epnp_raceline,rear,toward,-0.9751239778436871,18.989492099658257,33.97973003371362,15.637506212117469,2.1249875691622564
1,513,3,5,5,1,0.2557816803455353,0.2557816803455353,gigapose_global_rank_1|R1+20|rgb_recovery|center_preserving_flip180,109.07402498430403,approved,epnp_raceline,rear,toward,-0.7479953167460158,118.12118896522104,63.141854290154654,14.050160664067208,14.050160664067208
1,514,3,9,3,1,0.17377004027366638,0.05663824826478958,gigapose_global_rank_3|rgb_recovery|center_preserving_flip180,120.87692206794591,approved,epnp_raceline,rear,toward,-0.8986162994212163,15.804769483216958,46.953937201059716,6.953194723627504,4.92643774880354
1,515,3,5,15,1,0.22226153314113617,0.06589397042989731,gigapose_global_rank_0|R1+45|rgb_recovery|center_preserving_flip180,132.71956658193665,approved,epnp_raceline,rear,toward,-0.9239159948306737,11.337066589967673,42.75958321657111,10.096400148912574,3.164153013651661
1,516,3,3,2,1,0.2201155722141266,0.0531211718916893,gigapose_global_rank_2|align_detection|rgb_recovery|center_preserving_flip180,137.870578416204,approved,epnp_raceline,rear,toward,-0.9595081214020756,22.928889837197737,36.42260579955134,12.536434442448817,0.99343887960734
1,517,3,1,5,1,0.2310706377029419,0.03963557630777359,gigapose_global_rank_0|R1+45|rgb_recovery|center_preserving_flip180,138.6832720485798,approved,epnp_raceline,rear,toward,-0.923277004151818,33.863271093841334,42.089527911589244,1.6981958355873872,3.2226472533624757
1,518,3,15,9,1,0.11990915983915329,0.11398324370384216,gigapose_global_rank_3|rgb_recovery|center_preserving_flip180,138.5842680469054,approved,epnp_raceline,rear,toward,-0.9775236322749561,152.95180331915864,31.88965050793165,1.9574191052772383,2.2374974670545362
1,519,3,4,15,1,0.20374688506126404,0.03188733756542206,gigapose_global_rank_0|R1+20|rgb_recovery|center_preserving_flip180,139.43820186413149,approved,epnp_raceline,rear,toward,-0.9917275788420731,23.543329276561423,26.490293184618363,14.027693085445922,1.8418826762058125
1,520,3,13,13,0,0.27667632699012756,0.27667632699012756,gigapose_global_rank_4|rgb_recovery,122.04539847029494,approved,epnp_raceline,rear,toward,-0.9921082770534613,19.01834157460617,19.01834157460617,0.9381457422145084,0.9381457422145084
1,521,3,13,13,1,0.4321444034576416,0.4321444034576416,gigapose_global_rank_1|R1+45|rgb_recovery|center_preserving_flip180,130.81449838462936,approved,epnp_raceline,rear,toward,-0.5032740361384297,101.92429907874477,78.22119208655293,19.088004250570318,19.088004250570318
1,522,3,15,15,1,0.09892929345369339,0.09892929345369339,gigapose_global_rank_4|rgb_recovery|center_preserving_flip180,130.9100460034505,approved,epnp_raceline,rear,toward,-0.8925291531510937,135.35410776950349,44.95273615268847,13.975938269072499,13.975938269072499
1,523,3,15,15,1,0.15519776940345764,0.15519776940345764,gigapose_global_rank_2|rgb_recovery|center_preserving_flip180,133.74757351684661,approved,epnp_raceline,rear,toward,-0.7081693941196319,119.67134392422464,64.1614424241021,24.270685094212528,24.270685094212528
1,524,3,10,13,1,0.19680872559547424,0.17295566201210022,gigapose_global_rank_4|rgb_recovery|center_preserving_flip180,132.74933810782386,approved,epnp_raceline,rear,toward,-0.687326921785624,16.317211845797356,64.8123033703728,2.8754241529170192,21.885102710979428
1,525,3,11,14,1,0.1147451177239418,0.03911825269460678,gigapose_global_rank_0|R1+20|rgb_recovery|center_preserving_flip180,148.9031525568739,approved,epnp_raceline,rear,toward,-0.9978843124272215,173.89060270594092,14.375479478839942,10.011613214334632,2.387357332629852
1,526,3,1,7,1,0.18531493842601776,0.020460328087210655,gigapose_global_rank_0|R1+45|rgb_recovery|center_preserving_flip180,146.96773444587305,approved,epnp_raceline,rear,toward,-0.9248236203291069,27.763328364064282,37.941710011118694,1.6677747327428234,9.374331136090612
1,527,3,12,13,1,0.2377730906009674,0.047965098172426224,gigapose_global_rank_1|R1+45|rgb_recovery|center_preserving_flip180,148.54882192112146,approved,epnp_raceline,rear,toward,-0.9627843253721782,12.083174115052518,31.099544943365352,1.2992947927573697,4.063288650349711
1,528,3,7,10,1,0.12903226912021637,0.05067328363656998,gigapose_global_rank_4|rgb_recovery|center_preserving_flip180,149.79973429191006,approved,epnp_raceline,rear,toward,-0.9723242728326532,5.073315418932561,28.440387494312443,4.818144139554443,8.10485629922829
1,529,3,5,4,1,0.08840540796518326,0.061528537422418594,gigapose_global_rank_2|align_detection|rgb_recovery|center_preserving_flip180,152.0720915775428,approved,epnp_raceline,rear,toward,-0.9741691974964107,177.01099667136427,28.19332679681019,12.292994526452272,6.154443845496652
1,530,3,3,11,1,0.41095542907714844,0.04818936809897423,gigapose_global_rank_0|yaw+30|rgb_recovery|center_preserving_flip180,147.67733420796566,approved,epnp_raceline,rear,toward,-0.9972532431878399,8.6777684118018,11.067785158018275,0.6857571836271403,2.114548785174332
1,531,3,7,8,1,0.1337665617465973,0.06133657693862915,gigapose_global_rank_1|R1+45|rgb_recovery|center_preserving_flip180,139.60350479215555,approved,epnp_raceline,rear,toward,-0.9520630402947281,6.010356085825178,31.635628876461034,4.687908898089675,4.501583714859741
1,532,3,9,9,0,0.25500452518463135,0.25500452518463135,gigapose_global_rank_1|R1+20|rgb_recovery,128.77371733460365,approved,epnp_raceline,rear,toward,-0.9794140811699604,24.87257782018858,24.87257782018858,1.128075180575693,1.128075180575693
1,533,3,6,3,1,0.3434201776981354,0.05251556262373924,gigapose_global_rank_0|R1+20|rgb_recovery|center_preserving_flip180,134.88908240128796,approved,epnp_raceline,rear,toward,-0.9688342885139484,9.308078191118637,27.21829187307775,0.8866764323221658,2.4045313258481555
1,534,3,15,11,1,0.23571206629276276,0.05903197079896927,gigapose_global_rank_2|align_detection|rgb_recovery|center_preserving_flip180,135.97254615310487,approved,epnp_raceline,rear,toward,-0.8942719925353748,22.76177273284361,14.620176935795307,3.813554788392177,17.921319845472052
1,535,3,7,11,1,0.1529005914926529,0.026471851393580437,gigapose_global_rank_3|rgb_recovery|center_preserving_flip180,139.20414827743122,approved,epnp_raceline,rear,toward,-0.8007466746114229,9.59074118318446,26.256078243546547,10.287367155408777,26.52800345544925
1,536,3,0,14,1,0.10852741450071335,0.057853952050209045,gigapose_global_rank_0|R1-20|rgb_recovery|center_preserving_flip180,135.68220624295424,approved,epnp_raceline,rear,toward,-0.5735578202388444,160.42589919478976,44.409484152591034,46.63433733837574,34.031198898199364
1,537,3,13,8,1,0.24418555200099945,0.030608851462602615,gigapose_global_rank_1|align_detection|rgb_recovery|center_preserving_flip180,151.5453077698085,approved,epnp_raceline,rear,toward,-0.9220406409111771,8.461676747137423,15.055867744101318,1.5914355372831928,8.950473584051146
1,538,3,13,1,1,0.13437367975711823,0.045579489320516586,gigapose_global_rank_2|align_detection|rgb_recovery|center_preserving_flip180,144.83341181655103,approved,epnp_raceline,rear,toward,-0.9781064072900681,161.3255623269009,22.6393778633081,21.11774774897853,3.7097213653340546
1,539,3,5,6,1,0.22148887813091278,0.017673354595899582,gigapose_global_rank_3|rgb_recovery|center_preserving_flip180,136.58578421606512,approved,epnp_raceline,rear,toward,-0.9795870692107946,20.428175912356462,21.54388437884838,4.683002769122332,4.589226308778122
1,540,3,0,10,1,0.11389230936765671,0.10905955731868744,gigapose_global_rank_4|rgb_recovery|center_preserving_flip180,138.83412227231776,approved,epnp_raceline,rear,toward,-0.8773674351431877,158.83753265839587,38.57098697854654,35.410225024967,20.15509988906515
1,541,3,10,11,0,0.15235914289951324,0.11958592385053635,gigapose_global_rank_0|R0+20|rgb_recovery,146.07100978758893,approved,epnp_raceline,rear,toward,-0.9900437592201725,19.11382322719497,7.54151318832147,4.538023449952296,1.704018699058324
1,542,3,4,7,1,0.25025659799575806,0.011459999717772007,gigapose_global_rank_4|rgb_recovery|center_preserving_flip180,142.70922519638427,approved,epnp_raceline,rear,toward,-0.8151164866734929,19.831823801951426,29.15801669629152,4.79590194077082,25.272764840884026
1,543,3,8,3,1,0.12003351002931595,0.049574289470911026,gigapose_global_rank_2|rgb_recovery|center_preserving_flip180,130.7956804842843,approved,epnp_raceline,rear,toward,-0.7969991146353761,140.2224418781031,29.97253002147234,17.201409973040782,28.64883231885035
1,544,3,6,6,0,0.2860615849494934,0.2860615849494934,gigapose_global_rank_1|R1+20|rgb_recovery,129.1549661774281,approved,epnp_raceline,rear,toward,-0.9832943731384672,18.847965104195683,18.847965104195683,5.135014937873763,5.135014937873763
1,545,3,0,3,0,0.1798602044582367,0.10801054537296295,gigapose_global_rank_0|rgb_recovery,115.04788277533082,approved,epnp_raceline,rear,toward,-0.992573349307496,5.346910611362553,5.795085738829508,12.353491939426856,0.8899050309009786
1,546,3,1,1,0,0.15769119560718536,0.15769119560718536,gigapose_global_rank_0|R1+20|rgb_recovery,109.00342263308116,approved,epnp_raceline,rear,toward,-0.986028120471913,18.221574844990183,18.221574844990183,5.573879924432454,5.573879924432454
1,547,3,5,13,1,0.19202890992164612,0.14332522451877594,gigapose_global_rank_1|yaw-30|rgb_recovery|center_preserving_flip180,101.5951617278559,approved,epnp_raceline,rear,toward,-0.4389497661161326,99.01786781450171,71.92695276845022,42.134355053850555,34.234182796279654
1,548,3,4,13,1,0.12523679435253143,0.08358416706323624,gigapose_global_rank_2|align_detection|rgb_recovery|center_preserving_flip180,84.88212023519256,approved,epnp_raceline,rear,toward,-0.3169204737451274,18.286517257963023,81.5223446287971,5.218161833024653,39.61698629658102
1,549,3,0,1,0,0.15333306789398193,0.028392953798174858,gigapose_global_rank_4|rgb_recovery,66.09982171748521,approved,epnp_raceline,rear,toward,-0.7718378114395179,4.506181013202217,47.56130935946354,11.620720771435707,35.97933296637763
1,550,3,4,4,0,0.1438327580690384,0.1438327580690384,gigapose_global_rank_4|rgb_recovery,48.110031705154604,approved,epnp_raceline,rear,toward,-0.6696535901790852,58.88234119251023,58.88234119251023,35.788042685457505,35.788042685457505
1,551,3,15,13,0,0.2831849157810211,0.05914787948131561,gigapose_global_rank_3|rgb_recovery,23.629567192289347,approved,epnp_raceline,rear,toward,-0.5559836855845288,110.18068197580507,66.58023056771542,35.141788210853825,47.02682005925573
1,553,4,0,4,0,0.12079939991235733,0.0685766190290451,gigapose_global_rank_0|uv0-48|rgb_recovery,130.08365446122818,approved,epnp_raceline,rear,toward,-0.9945122143665902,5.881619726369708,3.727729406874299,7.8968831286387555,2.0464150775008423
1,554,4,0,1,0,0.12036056816577911,0.11637160181999207,gigapose_global_rank_0|R1+20|rgb_recovery,135.12223680561385,approved,epnp_raceline,rear,toward,-0.9830615060435987,3.590513384473043,16.613359857683502,9.9990143647376,6.71247970602356
1,555,4,7,7,0,0.1581541895866394,0.1581541895866394,gigapose_global_rank_0|flip180|rgb_recovery,167.21963936654083,approved,epnp_raceline,rear,toward,-0.9874016246096176,14.559350117277798,14.559350117277798,4.407011390043634,4.407011390043634
1,556,4,3,3,0,0.17923541367053986,0.17923541367053986,gigapose_global_rank_2|flip180|rgb_recovery,169.50925682741348,approved,epnp_raceline,rear,toward,-0.9963142168047676,11.182378138859114,11.182378138859114,0.9286479417443338,0.9286479417443338
1,557,4,4,4,0,0.16691188514232635,0.16691188514232635,gigapose_global_rank_2|flip180|rgb_recovery,168.06106869605142,approved,epnp_raceline,rear,toward,-0.9918004301396848,12.64870155354569,12.64870155354569,0.5647123130019894,0.5647123130019894
1,558,4,5,6,1,0.16311383247375488,0.07226089388132095,gigapose_global_rank_1|yaw+30|rgb_recovery|center_preserving_flip180,163.71872346985276,approved,epnp_raceline,rear,toward,-0.9967274643332541,23.783304766097505,3.600802028724179,16.30960452655159,2.6427050229419025
1,559,4,2,14,1,0.1563245803117752,0.016952207311987877,gigapose_global_rank_1|R1+20|rgb_recovery|center_preserving_flip180,158.89511352874712,approved,epnp_raceline,rear,toward,-0.9851840368698827,7.099325214394175,15.8441931027176,5.278912919547156,4.126958324540125
1,560,4,7,4,1,0.3472772538661957,0.041160158812999725,gigapose_global_rank_0|yaw-30|rgb_recovery|center_preserving_flip180,161.22099464684823,approved,epnp_raceline,rear,toward,-0.9617036514228667,8.23063775085683,10.030144736856883,1.9691059532454662,1.1539712497110326
1,561,4,1,12,1,0.15865086019039154,0.045457176864147186,gigapose_global_rank_0|R1+20|rgb_recovery|center_preserving_flip180,150.80276232082298,approved,epnp_raceline,rear,toward,-0.9837081802767284,4.068994212193862,16.731341233559107,0.6542374834131218,2.6624996436433843
1,562,4,15,8,1,0.12695716321468353,0.08819679915904999,gigapose_global_rank_0|R1+45|rgb_recovery|center_preserving_flip180,134.45653753536448,approved,epnp_raceline,rear,toward,-0.9199462183608383,179.69368823974457,29.4728196402215,3.627391401382975,13.862388957429049
1,563,4,8,10,1,0.2311180680990219,0.02143276482820511,gigapose_global_rank_4|rgb_recovery|center_preserving_flip180,132.1205128434578,approved,epnp_raceline,rear,toward,-0.9242695543534688,8.17598199287313,29.258646503566435,0.3675600224300016,7.986909836256759
1,564,4,13,5,1,0.13018693029880524,0.045538850128650665,gigapose_global_rank_2|rgb_recovery|center_preserving_flip180,127.68886297017924,approved,epnp_raceline,rear,toward,-0.9263045756421449,174.96091071720772,16.024795634491102,8.1708936509184,14.369578825290908
1,565,4,15,6,1,0.3664521276950836,0.015530033968389034,gigapose_global_rank_0|R1-45|rgb_recovery|center_preserving_flip180,124.2634058093826,approved,epnp_raceline,rear,toward,-0.9382884357733019,95.20489916707157,13.54629742415498,27.83238188784873,11.152123281319021
1,566,4,3,2,1,0.2701359689235687,0.04967847838997841,gigapose_global_rank_0|R0+20|rgb_recovery|center_preserving_flip180,123.8891792878747,approved,epnp_raceline,rear,toward,-0.9454226195444111,63.443576724617955,14.357030803713293,43.317955909488596,19.026908372195468
1,567,4,11,9,1,0.2389451116323471,0.027706807479262352,gigapose_global_rank_1|R1-20|rgb_recovery|center_preserving_flip180,137.87825414233794,approved,epnp_raceline,rear,toward,-0.9747745835373703,17.035155543241963,8.166014331648105,2.8860299389801654,4.366189779616759
1,568,4,11,9,1,0.1679048389196396,0.06383897364139557,gigapose_global_rank_1|R0-20|rgb_recovery|center_preserving_flip180,142.59156401875384,approved,epnp_raceline,rear,toward,-0.7921422599074478,73.10096912097586,46.636619062449746,29.10855844345062,19.58628167478057
1,569,4,15,1,1,0.17093926668167114,0.047856152057647705,gigapose_global_rank_0|flip180|rgb_recovery|center_preserving_flip180,141.80323033147738,approved,epnp_raceline,rear,toward,-0.9857918941458939,19.273652671634068,18.62049879509166,1.0535345207095514,4.093389557766197
1,570,4,7,11,1,0.2615683674812317,0.03917331621050835,gigapose_global_rank_0|R1-45|rgb_recovery|center_preserving_flip180,139.86358625659565,approved,epnp_raceline,rear,toward,-0.9498752070749485,23.812247934854888,12.691814767844646,4.963348252770504,9.110148295835621
1,571,4,0,10,1,0.14571945369243622,0.03002113290131092,gigapose_global_rank_1|R1-45|rgb_recovery|center_preserving_flip180,126.18617438834262,approved,epnp_raceline,rear,toward,-0.9513976837171061,24.957072115242404,8.467859920068651,7.738225260556306,9.490272651550885
1,572,4,6,2,1,0.14631427824497223,0.01709745079278946,gigapose_global_rank_1|logz-0.35|rgb_recovery|center_preserving_flip180,136.88430967562047,approved,epnp_raceline,rear,toward,-0.9742219984813724,26.365039993816165,2.633615358556023,6.428260173275716,7.200136706060714
1,573,4,14,15,1,0.22466756403446198,0.08743010461330414,gigapose_global_rank_1|R1-45|rgb_recovery|center_preserving_flip180,123.46264505277486,approved,epnp_raceline,rear,toward,-0.8896417016579194,40.424172060988894,16.62445733372785,16.052575337044544,11.624883821830936
1,574,4,0,5,0,0.20077413320541382,0.028276383876800537,gigapose_global_rank_0|R1-45|rgb_recovery,120.48933440200388,approved,epnp_raceline,rear,toward,-0.9002286259155307,30.49364866438656,15.38597386256591,16.5725876283122,17.21213519569847
1,575,4,10,14,0,0.18845297396183014,0.05855865031480789,gigapose_global_rank_2|flip180|rgb_recovery,102.5346152093646,approved,epnp_raceline,rear,toward,-0.9590480801050429,63.05426945830187,4.547133294802523,43.234941922891565,16.91844396830824
1,576,4,0,0,0,0.281988263130188,0.281988263130188,gigapose_rank0_baseline|rgb_recovery,110.80120465539322,approved,epnp_raceline,rear,toward,-0.8941902367647883,19.858128991525415,19.858128991525415,36.16935684067854,36.16935684067854
1,577,4,10,10,0,0.15640558302402496,0.15640558302402496,gigapose_global_rank_4|rgb_recovery,89.18200501363035,approved,epnp_raceline,rear,toward,-0.9079983917842841,13.220175928521076,13.220175928521076,24.481652152407797,24.481652152407797
1,578,4,14,15,0,0.14658372104167938,0.09680869430303574,gigapose_global_rank_0|flip180|rgb_recovery,89.50065977514743,approved,epnp_raceline,rear,toward,-0.9750709200770942,22.66642274832458,8.493508182424824,7.898267102948245,8.495905036330779
1,579,4,14,10,0,0.10070373117923737,0.06387121975421906,gigapose_global_rank_1|R1-20|rgb_recovery,98.19444806941077,approved,epnp_raceline,rear,toward,-0.8997924628248652,15.358159664774998,12.531202302829934,2.6479676518252706,14.465587688593198
1,580,4,15,15,1,0.10200101882219315,0.10200101882219315,gigapose_global_rank_1|R1-20|rgb_recovery|center_preserving_flip180,85.85594915260153,approved,epnp_raceline,rear,toward,-0.6692926368939235,149.22653051069835,32.460113217835776,29.558503077379093,29.558503077379093
1,581,4,7,15,1,0.37397608160972595,0.02455037832260132,gigapose_global_rank_0|R1-45|rgb_recovery|center_preserving_flip180,57.5302603220672,approved,epnp_raceline,rear,toward,-0.5781477210425439,62.940667087450386,37.23455459409671,27.7609322077232,31.925337726905344
1,582,4,1,2,1,0.18865136802196503,0.013629448600113392,gigapose_global_rank_0|R1-20|rgb_recovery|center_preserving_flip180,45.9305969006711,approved,epnp_raceline,rear,toward,-0.9354465570418766,93.28260368693411,10.957145507909491,37.52976869296754,12.799455144852534
1,583,4,3,1,1,0.1547372043132782,0.06526251137256622,gigapose_global_rank_1|R1-20|rgb_recovery|center_preserving_flip180,29.012757737326424,approved,epnp_raceline,rear,toward,-0.9238457623598626,33.01070864639945,9.07556850083234,6.621851480445213,16.2311114999809
1,585,5,5,11,1,0.15057730674743652,0.06874603033065796,gigapose_global_rank_0|R1+45|rgb_recovery|center_preserving_flip180,76.22186872624526,approved,epnp_raceline,rear,toward,-0.7918165318815618,153.01978623637785,60.514565650896785,2.3562042483964465,14.019215031211496
1,586,5,0,10,1,0.13232377171516418,0.03168270364403725,gigapose_global_rank_1|R1+20|rgb_recovery|center_preserving_flip180,75.26663550823974,approved,epnp_raceline,rear,toward,-0.9434021610528925,104.22006390149674,41.1426405614857,37.771013330528575,3.2330530721368156
1,587,5,1,2,1,0.18512506783008575,0.0871720239520073,gigapose_global_rank_1|uv1-48|rgb_recovery|center_preserving_flip180,93.19803104914723,approved,epnp_raceline,rear,toward,-0.19954730033377954,127.10392368325721,103.20717936985623,16.480022256635046,22.150412839280477
1,588,5,14,11,1,0.15834185481071472,0.08084872364997864,gigapose_global_rank_1|logz-0.35|rgb_recovery|center_preserving_flip180,71.67113215239905,approved,epnp_raceline,rear,toward,-0.032628679683475714,72.30096214094155,114.17043070680506,22.710647615046298,18.281557886246247
1,589,5,0,11,1,0.14827340841293335,0.07261927425861359,gigapose_global_rank_1|rgb_recovery|center_preserving_flip180,63.14896138239098,approved,epnp_raceline,rear,toward,-0.2899854990646059,174.01742452154704,99.75895467743928,24.407122216586618,20.40187542816144
1,590,5,7,15,1,0.2344672977924347,0.015022261068224907,gigapose_global_rank_0|R1-45|rgb_recovery|center_preserving_flip180,52.01625493233351,approved,epnp_raceline,rear,toward,-0.8889368568678399,66.11071299267645,55.2269585486066,28.50851014178897,12.80656581725463
1,591,5,10,8,1,0.30168959498405457,0.001777027384378016,gigapose_global_rank_0|R1+45|rgb_recovery|center_preserving_flip180,27.384733698954648,approved,epnp_raceline,rear,toward,-0.9023358455124297,142.68691611277097,54.37873310451098,30.376210054312054,7.813908382501117
1,593,6,12,12,0,0.19585160911083221,0.19585160911083221,gigapose_global_rank_1|R1+20|rgb_recovery,22.441269357668787,approved,epnp_raceline,rear,toward,-0.9852408117150028,42.55567674120499,42.55567674120499,5.680571491899518,5.680571491899518
1,594,6,6,12,0,0.14826495945453644,0.08755523711442947,gigapose_global_rank_1|R1+45|rgb_recovery,22.61561989875581,approved,epnp_raceline,rear,toward,-0.9510808424180855,170.35041324510203,51.95049549976593,4.0935258392318135,5.307022929414276
1,595,6,4,11,0,0.12675292789936066,0.04795020446181297,gigapose_global_rank_0|align_detection|rgb_recovery,12.801836329511362,approved,epnp_raceline,rear,toward,-0.9167081956489903,34.34278416595489,12.50765788586047,15.877612651587553,5.053387931767477
1,596,6,2,1,0,0.09203629195690155,0.06166622415184975,gigapose_global_rank_1|logz-0.35|rgb_recovery,48.699198115826114,approved,epnp_raceline,rear,toward,-0.8351447289432433,20.18460669268152,5.875613422354296,10.417182961725699,5.530067619201907
1,597,6,6,1,0,0.12617897987365723,0.03147221356630325,gigapose_global_rank_2|logz-0.35|rgb_recovery,47.49450415332356,approved,epnp_raceline,rear,toward,-0.9199029010569563,18.964827097299437,19.002265607976796,12.225296167915399,5.253974326170419
1,598,6,0,4,0,0.118570476770401,0.04075181111693382,gigapose_global_rank_1|uv0-48|rgb_recovery,45.08306326316181,approved,epnp_raceline,rear,toward,-0.9142360674042425,13.202930421323545,17.004496392986084,29.164877006402115,4.846258428668706
1,599,6,4,14,0,0.14814378321170807,0.05246783420443535,gigapose_global_rank_0|uv1-48|rgb_recovery,43.12703156198562,approved,epnp_raceline,rear,toward,-0.9690136468092255,26.87019241168367,29.27328245643752,11.217722335335274,4.750972778928941
1,600,6,11,7,1,0.1505284309387207,0.035111088305711746,gigapose_global_rank_1|R1-20|rgb_recovery|center_preserving_flip180,40.438654357073744,approved,epnp_raceline,rear,toward,-0.6434468354035382,24.61373219162999,158.33620822534624,51.092392513981984,50.78907248008131
1,602,7,1,4,0,0.16592858731746674,0.09178541600704193,gigapose_global_rank_0|R0-20|rgb_recovery,0.8414719115598118,rejected:center_error_px+bbox_iou,epnp_raceline,rear,toward,-0.10317599230693854,nan,nan,nan,nan
1,606,8,1,1,1,0.17668770253658295,0.17668770253658295,gigapose_global_rank_1|R0+45|rgb_recovery|center_preserving_flip180,18.04025133771363,rejected:center_error_px+bbox_iou,epnp_raceline,rear,toward,-0.754461846859879,nan,nan,nan,nan
1,607,8,2,2,1,0.22671914100646973,0.22671914100646973,gigapose_global_rank_1|R0+45|rgb_recovery|center_preserving_flip180,15.921413337080333,rejected:center_error_px+bbox_iou,epnp_raceline,rear,toward,-0.7300165911171943,nan,nan,nan,nan
1,609,9,3,13,1,0.19261711835861206,0.09708542376756668,gigapose_global_rank_1|yaw+30|rgb_recovery|center_preserving_flip180,104.01879212437188,rejected:center_error_px+bbox_iou,epnp_raceline,rear,toward,-0.8584313052833751,nan,nan,nan,nan
1,610,9,8,14,1,0.14168427884578705,0.032394226640462875,gigapose_global_rank_1|R1-20|rgb_recovery|center_preserving_flip180,108.64069307484783,approved,epnp_raceline,rear,toward,-0.9601976254820906,93.84885069424271,47.89252325233474,10.66294525866005,8.901902268897713
1,611,9,0,11,1,0.118092380464077,0.03394462168216705,gigapose_global_rank_4|rgb_recovery|center_preserving_flip180,98.97432389198985,approved,epnp_raceline,rear,toward,-0.8157301700346733,106.67548586350932,9.114446402825237,36.07128636593599,2.028599422788978
1,612,9,0,1,1,0.18305251002311707,0.0452638640999794,gigapose_global_rank_4|rgb_recovery|center_preserving_flip180,92.4140593165315,approved,epnp_raceline,rear,toward,-0.8872748181056814,106.21983404804458,3.269859317624764,57.70212727053624,3.308040184073064
1,613,9,0,6,1,0.18912231922149658,0.055661655962467194,gigapose_global_rank_0|align_detection|rgb_recovery|center_preserving_flip180,111.51435064741574,approved,epnp_raceline,rear,toward,-0.719693491153003,107.28093565793493,71.70066560254854,57.84291043130692,9.02688465718365
1,614,9,12,13,1,0.3642989993095398,0.028959257528185844,gigapose_global_rank_2|align_detection|rgb_recovery|center_preserving_flip180,104.23105277789558,approved,epnp_raceline,rear,toward,-0.8372645137591019,157.23569130117997,58.81370795114416,13.207965678870188,0.932493531427867
1,615,9,11,4,1,0.12791498005390167,0.022075273096561432,gigapose_global_rank_3|rgb_recovery|center_preserving_flip180,108.08074111849712,approved,epnp_raceline,rear,toward,-0.8499563704665042,27.519854662566896,56.60503443127206,14.813284247659798,8.761057427144129
1,616,9,12,5,1,0.17722797393798828,0.06886817514896393,gigapose_global_rank_1|R0+20|rgb_recovery|center_preserving_flip180,100.07934936891714,approved,epnp_raceline,rear,toward,-0.6768164470460211,161.40613217883134,72.41284349413921,20.358538833493686,15.9401684546111
1,617,9,0,15,1,0.13901647925376892,0.05558569356799126,gigapose_global_rank_0|R0-45|rgb_recovery|center_preserving_flip180,93.22696397300759,approved,epnp_raceline,rear,toward,-0.8245615410189724,131.20614876133618,60.23010326167213,25.846157616110666,12.219750711922712
1,618,9,7,12,1,0.1288476437330246,0.060908231884241104,gigapose_global_rank_1|R1+45|rgb_recovery|center_preserving_flip180,90.30215895055642,approved,epnp_raceline,rear,toward,-0.9558951191314772,22.514982073139127,39.630746793757936,15.673722500671603,2.5217153557247616
1,619,9,8,8,1,0.27870506048202515,0.27870506048202515,gigapose_global_rank_0|R1+45|rgb_recovery|center_preserving_flip180,100.40704092232517,rejected:center_error_px+bbox_iou,epnp_raceline,rear,toward,-0.5718693065464721,nan,nan,nan,nan
1,620,9,10,1,0,0.17695970833301544,0.14393754303455353,gigapose_global_rank_4|rgb_recovery,79.76746705010011,approved,epnp_raceline,rear,toward,-0.7360091532300648,157.59103280005192,63.482629564636184,19.272590011788775,21.850014104106695
1,621,9,14,2,0,0.14162328839302063,0.07621730864048004,gigapose_global_rank_4|rgb_recovery,89.97648732483862,approved,epnp_raceline,rear,toward,-0.9873853064573433,26.005386070546564,28.747128748292216,12.262710761118662,7.99719016323878
1,622,9,2,2,0,0.2310161292552948,0.2310161292552948,gigapose_global_rank_0|R1+20|rgb_recovery,114.23384979067507,approved,epnp_raceline,rear,toward,-0.9716440072491389,33.25710988100733,33.25710988100733,3.1401617990034887,3.1401617990034887
1,623,9,1,8,0,0.13856706023216248,0.10870411247015,gigapose_global_rank_1|yaw+30|rgb_recovery,102.52522371023302,approved,epnp_raceline,rear,toward,-0.9948489157753118,30.689679307964873,18.92041436953038,4.981869046404909,15.087191069689107
1,624,9,1,1,0,0.13877958059310913,0.13877958059310913,gigapose_global_rank_1|R1+20|rgb_recovery,105.77281888626807,approved,epnp_raceline,rear,toward,-0.9896153365390403,25.57569089152378,25.57569089152378,4.820877791797657,4.820877791797657
1,625,9,14,14,0,0.2420850694179535,0.2420850694179535,gigapose_global_rank_2|rgb_recovery,105.58907483797144,approved,epnp_raceline,rear,toward,-0.7481803283527838,69.19273499125427,69.19273499125427,31.46843262525848,31.46843262525848
1,626,9,11,9,1,0.12259704619646072,0.1078411340713501,gigapose_global_rank_4|rgb_recovery|center_preserving_flip180,82.57767487846014,approved,epnp_raceline,rear,toward,-0.7507753712318606,160.9557587387381,57.570546457396475,25.40188645891294,17.847498633394544
1,627,9,0,8,0,0.5499756932258606,0.1066451147198677,gigapose_global_rank_0|logz+0.35|rgb_recovery,55.34730457616807,approved,epnp_raceline,rear,toward,-0.4703592847315726,90.26501247801178,78.97542925829183,45.57884199377203,46.82027762974146
1,628,9,0,3,0,0.1627340018749237,0.03637974336743355,gigapose_global_rank_2|flip180|rgb_recovery,65.25564682551348,approved,epnp_raceline,rear,toward,-0.9795489635382804,11.732130467471126,25.027447511441494,0.8331895098209472,0.8902741922019763
1,629,9,9,4,0,0.12319082021713257,0.1121378168463707,gigapose_global_rank_0|R0+20|rgb_recovery,34.80823771507926,approved,epnp_raceline,rear,toward,-0.9980276472559984,8.920795715503969,9.316498607062872,7.920240098001332,7.416830913567412
1,630,9,14,7,0,0.16860643029212952,0.13387972116470337,gigapose_global_rank_1|R1+20|rgb_recovery,45.10117684437103,approved,epnp_raceline,rear,toward,-0.992596204673537,140.70263118915804,10.264186389303863,31.502597998274,11.027518773216197
1,631,9,0,2,0,0.1693696826696396,0.10479279607534409,gigapose_global_rank_3|rgb_recovery,48.8444498450626,rejected:center_error_px+bbox_iou,epnp_raceline,rear,toward,-0.974906822539676,nan,nan,nan,nan
1,632,9,11,15,1,0.3089451193809509,0.04806653410196304,gigapose_global_rank_4|rgb_recovery|center_preserving_flip180,61.67067819544072,approved,epnp_raceline,rear,toward,-0.9544282318588394,9.541704851123688,28.463867449268495,3.392072936674666,4.023992304618765
1,633,9,0,2,1,0.22471044957637787,0.035916414111852646,gigapose_global_rank_2|flip180|rgb_recovery|center_preserving_flip180,67.87357558449331,approved,epnp_raceline,rear,toward,-0.9737633307134576,10.83429491219711,23.785248916757457,17.120008582969227,3.0899089533235555
1,634,9,3,8,1,0.16521306335926056,0.12485901266336441,gigapose_global_rank_1|R1+20|rgb_recovery|center_preserving_flip180,82.42273463105234,rejected:center_error_px+bbox_iou,epnp_raceline,rear,toward,-0.6260545700579315,nan,nan,nan,nan
1,635,9,0,0,0,0.3251228630542755,0.3251228630542755,gigapose_rank0_baseline|rgb_recovery,100.07908816921274,rejected:center_error_px+bbox_iou,epnp_raceline,rear,toward,-0.8885495448712651,nan,nan,nan,nan
1,636,9,1,13,0,0.20291240513324738,0.042697351425886154,gigapose_global_rank_2|flip180|rgb_recovery,97.33993386279086,approved,epnp_raceline,rear,toward,-0.7279885973603305,142.2004615269332,51.14241393735398,19.692280867655175,5.402311522929892
1,637,9,1,3,0,0.12210000306367874,0.06951867043972015,gigapose_global_rank_1|uv0+48|rgb_recovery,107.96315287043726,approved,epnp_raceline,rear,toward,-0.9892516487210273,17.944151450102638,8.28922317338091,6.297712146880396,8.52577157269946
1,638,9,0,13,1,0.19081716239452362,0.15300671756267548,gigapose_global_rank_0|R0+45|rgb_recovery|center_preserving_flip180,91.31316541637875,approved,epnp_raceline,rear,toward,-0.7626653813849719,139.0139933502687,55.037485564538144,49.738020329150736,10.87246222981159
1,639,9,8,8,1,0.36633822321891785,0.36633822321891785,gigapose_global_rank_0|flip180|rgb_recovery|center_preserving_flip180,48.806959264895795,approved,epnp_raceline,rear,toward,-0.034061404520426615,89.45014663906703,101.53020862776599,39.95903627439939,39.95903627439939
1,640,9,1,7,1,0.09594633430242538,0.08555237203836441,gigapose_global_rank_2|align_detection|rgb_recovery|center_preserving_flip180,40.06896093372387,approved,epnp_raceline,rear,toward,-0.0014062613755366745,89.57597550937966,97.77410461513658,74.46096908466197,74.2554131305212
1,641,9,12,5,1,0.16623452305793762,0.13190090656280518,gigapose_global_rank_0|flip180|rgb_recovery|center_preserving_flip180,6.8636834917622425,approved,epnp_raceline,rear,toward,-0.2891264394838987,89.36492756721468,78.40036736516848,74.48929312003624,74.72829778866956
1,642,9,13,15,1,0.18841230869293213,0.08055886626243591,gigapose_global_rank_0|flip180|rgb_recovery|center_preserving_flip180,4.742112017830618,approved,epnp_raceline,rear,toward,-0.2991009903557319,99.58187504081172,75.38078078985298,74.25421023525716,75.07696358407972
1,643,9,8,3,1,0.20062603056430817,0.14510338008403778,gigapose_global_rank_1|flip180|rgb_recovery|center_preserving_flip180,2.9921480965641054,approved,epnp_raceline,rear,toward,-0.30375439465683274,83.25936869753315,76.16332695290598,74.31483837219747,75.16512343524457
1,644,9,4,12,1,0.23994846642017365,0.07118440419435501,gigapose_global_rank_1|flip180|rgb_recovery|center_preserving_flip180,1.9996777783768334,approved,epnp_raceline,rear,toward,-0.27133609096249356,94.95065903694783,73.88303598056693,74.53144573722341,75.18362028555113
1,646,10,5,5,1,0.39073389768600464,0.39073389768600464,gigapose_global_rank_1|flip180|rgb_recovery|center_preserving_flip180,40.704995482383445,approved,epnp_raceline,rear,toward,-0.08493459531651727,91.96707896830696,92.1979766872807,37.78084778519418,37.78084778519418
1,647,10,1,4,1,0.22409158945083618,0.02774396724998951,gigapose_global_rank_0|R1+45|rgb_recovery|center_preserving_flip180,39.862940055758465,approved,epnp_raceline,rear,toward,-0.9863663523980336,56.31053277592775,13.791591891570379,9.04546518991472,13.47509125736084
1,650,11,12,6,1,0.24934256076812744,0.05259716510772705,gigapose_global_rank_0|R1+45|rgb_recovery|center_preserving_flip180,57.18275295385266,approved,epnp_raceline,rear,toward,-0.13348971873993035,116.78571033273647,90.778161196924,35.54360628622359,46.43343804408647
1,651,11,15,15,0,0.2889898121356964,0.2889898121356964,gigapose_global_rank_3|rgb_recovery,37.0721361675757,approved,epnp_raceline,rear,toward,-0.7199715200467499,49.33134186725808,49.33134186725808,13.929210070545121,13.929210070545121
1,652,11,8,10,0,0.2704766094684601,0.004020028747618198,gigapose_global_rank_0|R0+45|rgb_recovery,13.589707761840302,approved,epnp_raceline,rear,toward,-0.15953590589857766,134.57797369920897,89.1278159609888,86.0140346327541,74.56129328219542
1,654,12,12,7,0,0.16461867094039917,0.05011550709605217,gigapose_global_rank_2|rgb_recovery,74.9659263248329,approved,epnp_raceline,rear,toward,-0.7934790087766374,12.240844655750825,48.12087441254776,7.088942790234925,23.947797874418274
1,655,12,7,6,1,0.11511211097240448,0.09230386465787888,gigapose_global_rank_1|R1-45|rgb_recovery|center_preserving_flip180,116.1036272055434,approved,epnp_raceline,rear,toward,-0.4469563931434692,88.44718710353773,69.29638880085933,77.00454528340998,77.27627771586896
1,656,12,0,13,1,0.25359195470809937,0.07519567757844925,gigapose_global_rank_1|R0+45|rgb_recovery|center_preserving_flip180,105.0807589944213,approved,epnp_raceline,rear,toward,-0.44833354493298383,122.2708512490475,79.01720502781525,80.26628987321392,80.73427133203352
1,657,12,6,6,1,0.46762269735336304,0.46762269735336304,gigapose_global_rank_0|R1+45|rgb_recovery|center_preserving_flip180,93.15420910351264,approved,epnp_raceline,rear,toward,-0.4540902304673108,103.94436447653148,76.82438912095043,80.74933029782797,80.74933029782797
1,658,12,0,1,1,0.2744574248790741,0.03679976984858513,gigapose_global_rank_1|R0+20|rgb_recovery|center_preserving_flip180,82.30149685001929,approved,epnp_raceline,rear,toward,-0.4011502613316535,122.25844435702236,84.35671819771514,80.53588967588158,80.95995983608637
1,659,12,4,11,1,0.12777067720890045,0.09039173275232315,gigapose_global_rank_0|R1-20|rgb_recovery|center_preserving_flip180,74.37078881341583,approved,epnp_raceline,rear,toward,-0.12669995813820387,99.67827772413872,89.54924484801994,78.4837471446452,78.79565296108132
1,660,12,9,9,1,0.37022221088409424,0.37022221088409424,gigapose_global_rank_1|flip180|rgb_recovery|center_preserving_flip180,34.111575661908255,approved,epnp_raceline,rear,toward,-0.3996077941644997,112.74276275172568,75.39851283699996,60.07464722772511,60.07464722772511
1,661,12,14,4,0,0.19446147978305817,0.01600809395313263,gigapose_global_rank_0|R0+20|rgb_recovery,40.24089262254904,approved,epnp_raceline,rear,toward,-0.5778875238906754,118.6739682096032,59.93130268619902,64.4850411748972,36.8227302966002
1,662,12,0,1,0,0.1544668823480606,0.13557513058185577,gigapose_global_rank_0|R1+20|rgb_recovery,56.428594511002785,approved,epnp_raceline,rear,toward,-0.9777070538713658,4.80794508417097,15.122074486038574,1.110737349953851,1.135867941256178
1,663,12,6,9,0,0.5592475533485413,0.018799616023898125,gigapose_global_rank_0|R1-20|rgb_recovery,81.91684905533168,approved,epnp_raceline,rear,toward,-0.8831147016462224,127.36736702457235,38.04323270425844,46.09909284192084,36.19338513508615
1,664,12,12,12,1,0.5226902961730957,0.5226902961730957,gigapose_global_rank_0|flip180|rgb_recovery|center_preserving_flip180,95.84117271066347,approved,epnp_raceline,rear,toward,-0.7248074920725069,135.83963207509103,54.49639322103533,36.95708997119772,36.95708997119772
1,665,12,14,8,1,0.4846651256084442,0.2504519522190094,gigapose_global_rank_1|R1-45|rgb_recovery|center_preserving_flip180,108.71502936754982,approved,epnp_raceline,rear,toward,-0.2159466471452583,84.35452854322585,86.59162962526877,87.32606203582652,87.45548088929657
1,666,12,2,1,1,0.47250813245773315,0.05926461145281792,gigapose_global_rank_2|align_detection|rgb_recovery|center_preserving_flip180,105.287634588709,approved,epnp_raceline,rear,toward,-0.7131295975697907,85.85868567665068,54.947456840249835,87.03423174168829,87.73929013943383
1,667,12,9,9,1,0.7199264764785767,0.7199264764785767,gigapose_global_rank_0|R1+45|rgb_recovery|center_preserving_flip180,98.23918308342596,approved,epnp_raceline,rear,toward,-0.4170395626280702,109.06135759278294,72.41845606734006,88.86256912720864,88.86256912720864
1,668,12,7,7,1,0.8025673627853394,0.8025673627853394,gigapose_global_rank_0|R1+45|rgb_recovery|center_preserving_flip180,81.65293997952936,approved,epnp_raceline,rear,toward,-0.4703705554466288,114.75805769262338,65.36046053260499,87.8785166456674,87.8785166456674
1,669,12,9,9,1,0.4228878915309906,0.4228878915309906,gigapose_global_rank_1|R1+45|rgb_recovery|center_preserving_flip180,80.98566897692436,approved,epnp_raceline,rear,toward,-0.47958897153215563,114.09359658177654,67.90001016834096,87.86983146608726,87.86983146608726
1,670,12,8,1,1,0.24907828867435455,0.10013598203659058,gigapose_global_rank_1|R1+45|rgb_recovery|center_preserving_flip180,83.91960393041917,approved,epnp_raceline,rear,toward,-0.9983069894160247,67.01876214021368,4.554331827314817,36.64270710949196,0.8858636427651496
1,671,12,1,4,1,0.293632835149765,0.24566203355789185,gigapose_global_rank_1|R1+45|rgb_recovery|center_preserving_flip180,90.63534331414904,approved,epnp_raceline,rear,toward,-0.9547417543318947,175.99157171132904,18.672896097950826,5.947137510403456,6.172956772364349
1,672,12,1,1,0,0.2226506918668747,0.2226506918668747,gigapose_global_rank_0|R1+45|rgb_recovery,67.77477113715642,approved,epnp_raceline,rear,toward,-0.999626447103427,6.105720790376209,6.105720790376209,2.4865473631865376,2.4865473631865376
1,673,12,2,10,1,0.1866302341222763,0.138022780418396,gigapose_global_rank_2|align_detection|rgb_recovery|center_preserving_flip180,65.16404874593441,approved,epnp_raceline,rear,toward,-0.8341750329447949,3.167877099267036,34.32498545430042,5.0297967927214,9.22307844637485
1,674,12,2,1,1,0.2453605979681015,0.21217894554138184,gigapose_global_rank_4|rgb_recovery|center_preserving_flip180,45.70975981793849,approved,epnp_raceline,rear,toward,-0.9926141332195842,179.77336860192338,9.39952599942846,4.313060663478405,5.489232582256705
1,675,12,5,1,0,0.15042895078659058,0.1370246708393097,gigapose_global_rank_1|R1+20|rgb_recovery,22.836500331597783,approved,epnp_raceline,rear,toward,-0.9986223651479316,20.289206682112315,3.0856787019561027,0.8355079526606936,1.8454941714728967
1,676,12,0,2,0,0.22489944100379944,0.10062414407730103,gigapose_global_rank_0|yaw+30|rgb_recovery,2.358720749406989,approved,epnp_raceline,rear,toward,-0.9914548844392937,4.057876209662225,7.73496685064641,23.685045357046818,5.355191914256541
1,677,12,13,7,0,0.1971808224916458,0.0868009626865387,gigapose_global_rank_0|R1+20|rgb_recovery,1.3221234585758626,approved,epnp_raceline,rear,toward,-0.9757495165241743,157.89538825747087,13.887622488720757,1.980662044907868,0.7725577430942063
1,679,13,6,6,1,0.47373849153518677,0.47373849153518677,gigapose_global_rank_1|R1-45|rgb_recovery|center_preserving_flip180,1.2022119965256786,approved,epnp_raceline,rear,toward,-0.5816349192362601,130.27234046592457,63.086837053901476,46.619913163253116,46.619913163253116
1,681,14,7,4,0,0.42540231347084045,0.2668710947036743,gigapose_global_rank_0|logz+0.35|rgb_recovery,23.395051064763475,approved,epnp_raceline,rear,toward,-0.3832048426197303,118.08303326689636,106.5456559693931,95.27472081895849,123.308376340234
1,682,14,7,1,0,0.32780179381370544,0.025607341900467873,gigapose_global_rank_3|rgb_recovery,22.294997850095786,approved,epnp_raceline,rear,toward,-0.3855040570521126,58.37454606343879,107.14043270937165,67.75174065621482,99.66217625818706
1,694,15,5,6,1,0.2837978005409241,0.15002886950969696,gigapose_global_rank_0|R1+45|rgb_recovery|center_preserving_flip180,29.804161778872164,approved,epnp_raceline,rear,toward,-0.9930789278349268,152.99067788866554,14.572634176004414,44.01431474869827,8.336924814752976
1,695,15,11,4,1,0.4280236065387726,0.17048309743404388,gigapose_global_rank_1|R1+45|rgb_recovery|center_preserving_flip180,13.318227856809838,approved,epnp_raceline,rear,toward,-0.993781822652931,153.81010972691047,16.75563611509353,49.831419731881496,12.316245562833656
1,700,16,14,1,0,0.4920184314250946,0.04779674485325813,gigapose_global_rank_2|align_detection|rgb_recovery,6.044010597649098,approved,epnp_raceline,rear,toward,-0.9412503353765482,175.9870954582894,6.806796886669977,11.443673538952115,10.99895851282026
1,701,16,4,4,0,0.7193137407302856,0.7193137407302856,gigapose_global_rank_0|uv1+48|rgb_recovery,2.80463817703299,approved,epnp_raceline,rear,toward,-0.9384387938206046,12.163903299529588,12.163903299529588,4.136208481804426,4.136208481804426
1,702,16,0,1,0,0.2121686339378357,0.09550897777080536,gigapose_global_rank_0|align_detection|rgb_recovery,1.6180535971598486,approved,epnp_raceline,rear,toward,-0.9257912838021739,8.55368704502017,4.35530350566225,16.32285900740186,3.891843179120442
1,703,16,0,2,0,0.1832883208990097,0.1767481118440628,gigapose_global_rank_0|uv0-48|rgb_recovery,0.4181227449577606,approved,epnp_raceline,rear,toward,-0.9478162271551616,9.016415528156637,8.869940640701394,27.750079398357325,5.879911632512764
1,717,17,15,1,0,0.2440599501132965,0.19331420958042145,gigapose_global_rank_0|uv1+48|rgb_recovery,3.660619051632173,approved,epnp_raceline,rear,toward,-0.9357130852540221,38.52318280763866,13.220245900561997,3.8750056618967643,3.53381431592409
1,718,17,1,1,0,0.24862654507160187,0.24862654507160187,gigapose_global_rank_0|uv0-48|rgb_recovery,3.1215877004247665,approved,epnp_raceline,rear,toward,-0.9611241780637916,17.619399922788396,17.619399922788396,5.920159838238255,5.920159838238255
1,719,17,10,7,0,0.28817638754844666,0.11705491691827774,gigapose_global_rank_1|R1-20|rgb_recovery,2.5771063762512574,approved,epnp_raceline,rear,toward,-0.8842404297144184,157.8037492247263,7.945352604737214,20.344414118602067,19.650460834737814
1,721,18,14,12,0,0.7742058634757996,0.14429108798503876,gigapose_global_rank_0|R1-20|rgb_recovery,4.5681227392403105,approved,epnp_raceline,rear,toward,-0.9591587875719216,165.74747221912506,21.861789705061003,5.722140205853304,4.8418033825559395
1,722,18,10,10,0,0.2507566213607788,0.2507566213607788,gigapose_global_rank_1|R1-20|rgb_recovery,1.4505723342896202,approved,epnp_raceline,rear,toward,-0.9586802600262025,21.192802248116415,21.192802248116415,3.920174559378677,3.920174559378677
1,736,19,11,11,0,0.6545863747596741,0.6545863747596741,gigapose_global_rank_0|uv0+48|rgb_recovery,1.9993537959491112,approved,epnp_raceline,rear,toward,-0.9259843227263015,19.082925164142072,19.082925164142072,4.703104660473476,4.703104660473476
1,737,19,2,2,0,0.43102261424064636,0.43102261424064636,gigapose_global_rank_1|R1-20|rgb_recovery,0.8820849593099023,approved,epnp_raceline,rear,toward,-0.974445597678607,25.039545380318458,25.039545380318458,6.117522789210306,6.117522789210306
1,743,20,14,12,0,0.3027309775352478,0.28399285674095154,gigapose_global_rank_2|rgb_recovery,7.999274203403889,approved,epnp_raceline,rear,toward,-0.9511200146901472,34.55209514865562,20.443358500569136,3.5898117033371677,5.1525579653612406
1,744,20,8,1,0,0.3003883957862854,0.1246376484632492,gigapose_global_rank_2|logz-0.35|rgb_recovery,6.574438684085636,approved,epnp_raceline,rear,toward,-0.8381803008976167,63.78432419808734,6.987460695752609,47.999706504492174,6.718597267563892
1,745,20,5,8,0,0.5445601344108582,0.06448312848806381,gigapose_global_rank_1|R1-45|rgb_recovery,5.0344180914193455,approved,epnp_raceline,rear,toward,-0.7056346544460885,16.61638489346501,7.970793007890468,3.49438336327599,14.808004243445136
1,747,21,14,14,1,0.44372373819351196,0.44372373819351196,gigapose_global_rank_0|flip180|rgb_recovery|center_preserving_flip180,1.722058033379118,approved,epnp_raceline,rear,toward,-0.9341826109366846,162.60719926338973,18.488995378032197,3.9330617512501957,3.9330617512501957
1,750,22,8,1,0,0.8312119841575623,0.048267632722854614,gigapose_global_rank_0|uv1-48|rgb_recovery,9.928799676541104,approved,epnp_raceline,rear,toward,-0.969633445765351,162.97378476474304,23.126408139431575,3.1736544589358355,4.378843382333742
1,751,22,9,3,0,0.38441526889801025,0.15223227441310883,gigapose_global_rank_1|uv0-48|rgb_recovery,7.253638095151041,approved,epnp_raceline,rear,toward,-0.9522265812200474,19.039207967384645,20.472274521030744,3.1726801974517835,3.540701905104615
1,752,22,6,2,0,0.20709046721458435,0.07140079140663147,gigapose_global_rank_0|uv1+48|rgb_recovery,9.36862872441606,approved,epnp_raceline,rear,toward,-0.9590129814226045,163.97480321427886,22.006803170925266,3.8954105564203223,3.73687577850696
1,753,22,0,4,0,0.1952439844608307,0.12713494896888733,gigapose_global_rank_0|uv0-48|rgb_recovery,9.737783806003868,approved,epnp_raceline,rear,toward,-0.9344693753083856,19.30510576254798,16.558642754208773,12.493532917178143,4.262446317768555
1,754,22,14,1,0,0.3034656047821045,0.12606507539749146,gigapose_global_rank_1|uv1+48|rgb_recovery,15.870246120531819,approved,epnp_raceline,rear,toward,-0.9356592337155185,163.46181229220474,17.62678895916372,4.208157133620946,3.79877461630721
1,755,22,11,1,0,0.21617859601974487,0.1419750154018402,gigapose_global_rank_2|align_detection|rgb_recovery,16.013244944488804,approved,epnp_raceline,rear,toward,-0.9396280306204017,99.83165223670302,18.48169127566144,14.087248694009912,4.085903596429738
1,756,22,7,13,0,0.6707848310470581,0.04493367671966553,gigapose_global_rank_2|logz-0.35|rgb_recovery,17.780408818401,approved,epnp_raceline,rear,toward,-0.9347312325520187,166.08827160664217,17.09449244029793,4.5550143805598635,6.50509476960704
1,757,22,11,4,0,0.48777273297309875,0.14857299625873566,gigapose_global_rank_2|align_detection|rgb_recovery,31.45840013856739,approved,epnp_raceline,rear,toward,-0.9283467082448242,21.043137584100712,15.58414620098866,3.7016225027843963,3.418121561663302
1,758,22,5,7,0,0.2957746386528015,0.09542788565158844,gigapose_global_rank_2|align_detection|rgb_recovery,31.008195094574035,approved,epnp_raceline,rear,toward,-0.9186503005893595,162.38414885936626,14.051996451463273,6.0536142228448515,11.145698974066262
1,759,22,12,2,0,0.2848990261554718,0.15945370495319366,gigapose_global_rank_1|R1-20|rgb_recovery,39.92121089774935,approved,epnp_raceline,rear,toward,-0.8755553610371171,78.82343024967959,13.71384800417559,33.15672487023372,13.060547503151145
1,760,22,7,14,0,0.5387840867042542,0.27692079544067383,gigapose_global_rank_4|rgb_recovery,40.02462923734369,approved,epnp_raceline,rear,toward,-0.9503359394285887,169.97629436255414,21.966819285993257,19.038169088486484,6.357569804084182
1,761,22,4,3,1,0.2741122245788574,0.2478751838207245,gigapose_global_rank_3|rgb_recovery|center_preserving_flip180,44.25960240801934,approved,epnp_raceline,rear,toward,-0.9966921692842157,130.91022377621422,31.556915531354353,118.52327357335156,110.31378494039107
1,762,22,7,6,0,0.24900954961776733,0.10228680074214935,gigapose_global_rank_1|R0-20|rgb_recovery,34.05076298889811,approved,epnp_raceline,rear,toward,-0.994077540803803,146.9586525223215,28.629641955392795,100.80606920169338,104.2490260057925
1,763,22,14,5,0,0.19536732137203217,0.11768350005149841,gigapose_global_rank_1|R1+45|rgb_recovery,34.57641465484682,approved,epnp_raceline,rear,toward,-0.9690125143223762,130.1433721234567,25.40797071030349,110.31688485031387,97.01693486629333
1,764,22,13,8,0,0.21021823585033417,0.02672433666884899,gigapose_global_rank_3|rgb_recovery,24.483481470244868,approved,epnp_raceline,rear,toward,-0.8066822784725275,19.788527112777864,4.633338225956448,6.439749296438484,19.767981326106074
1,765,22,15,13,0,0.2797933518886566,0.00400252640247345,gigapose_global_rank_1|R1-45|rgb_recovery,30.21024289229405,approved,epnp_raceline,rear,toward,-0.3819392665925412,23.326477014781783,34.76981789661292,7.2564667444670325,23.886365497409578
1,766,22,11,14,0,0.43956464529037476,0.02356480434536934,gigapose_global_rank_1|logz-0.35|rgb_recovery,31.56549541755095,approved,epnp_raceline,rear,toward,-0.1078128591127091,32.61407837516717,52.69251311006885,13.120919649407979,16.765242317569072
1,767,22,6,1,0,0.34609848260879517,0.12305120378732681,gigapose_global_rank_0|R0-45|rgb_recovery,36.701385966636444,approved,epnp_raceline,rear,toward,-0.1346168397790436,165.31697051338026,57.23491749119736,23.29676216488548,32.21819692208767
1,768,22,8,6,0,0.6478952169418335,0.010488682426512241,gigapose_global_rank_2|logz-0.35|rgb_recovery,50.96907585516636,approved,epnp_raceline,rear,toward,-0.10685833637423757,20.711406286200678,51.75576111779759,3.068660371674176,15.7959774641921
1,769,22,8,1,0,0.31040534377098083,0.08052804321050644,gigapose_global_rank_0|uv0-48|rgb_recovery,55.43959677640173,approved,epnp_raceline,rear,toward,-0.7765969021970457,12.047334785090786,11.172558536143,7.635361799689095,21.730026330962954
1,770,22,15,3,0,0.23709224164485931,0.03185147047042847,gigapose_global_rank_4|rgb_recovery,52.905128411805116,approved,epnp_raceline,rear,toward,-0.8635878819356727,169.6766063092259,2.4297884859202794,6.037092500240074,19.211383599600172
1,771,22,13,13,0,0.3228536546230316,0.3228536546230316,gigapose_global_rank_3|rgb_recovery,51.03829051823017,approved,epnp_raceline,rear,toward,-0.9275155200978941,15.098933153084696,15.098933153084696,10.871782977139492,10.871782977139492
1,772,22,6,11,1,0.18206946551799774,0.1556382030248642,gigapose_global_rank_1|R1+20|rgb_recovery|center_preserving_flip180,50.214031060201634,approved,epnp_raceline,rear,toward,-0.9822170329878124,84.55719276059695,31.742788429115283,37.87290713750558,7.3424981507561045
1,773,22,9,1,0,0.27310070395469666,0.09684456884860992,gigapose_global_rank_1|uv1+48|rgb_recovery,42.17685042969757,approved,epnp_raceline,rear,toward,-0.906678624870815,23.78723181010379,7.191285424121005,4.993688778207878,6.908900195694416
1,774,22,10,5,0,0.18301135301589966,0.16871771216392517,gigapose_global_rank_1|R1-20|rgb_recovery,41.1621232676624,approved,epnp_raceline,rear,toward,-0.8924015021136609,82.7422220139846,5.6756554347136055,32.727448009242245,18.391468309123574
1,775,22,4,11,0,0.17595942318439484,0.019230015575885773,gigapose_global_rank_1|R1+20|rgb_recovery,48.864501143770475,approved,epnp_raceline,rear,toward,-0.8178017719451542,17.104111598846686,11.714404660379676,2.7418175717173248,24.334822696085006
1,776,22,11,13,0,0.26462990045547485,0.05404600128531456,gigapose_global_rank_2|align_detection|rgb_recovery,47.85368379581702,approved,epnp_raceline,rear,toward,-0.9277997073865265,168.71597315337758,9.235323608252896,2.245412957876271,7.932308181297414
1,777,22,12,1,0,0.2725975215435028,0.23145613074302673,gigapose_global_rank_3|rgb_recovery,44.07027099510112,approved,epnp_raceline,rear,toward,-0.9218525708622933,85.45256334350067,9.04211995807544,35.190722626664915,8.704800686530135
1,778,22,12,2,0,0.27471452951431274,0.1443396955728531,gigapose_global_rank_4|rgb_recovery,42.4890863531569,approved,epnp_raceline,rear,toward,-0.9049108394531726,112.88722210039586,7.312627584517428,12.858840595004587,8.257679727512075
1,779,22,5,14,0,0.23529545962810516,0.015222085639834404,gigapose_global_rank_1|R1-45|rgb_recovery,45.48224972280717,approved,epnp_raceline,rear,toward,-0.06371727064085872,85.9039484716889,56.458288254305955,27.313085322327595,11.172007730926397
1,780,22,12,1,0,0.28935706615448,0.01752946525812149,gigapose_global_rank_0|R0-20|rgb_recovery,36.69586553187523,approved,epnp_raceline,rear,toward,-0.7072960784162542,94.54189770061795,16.07811979820285,29.020002366693127,32.44703378877474
1,781,22,11,3,0,0.3145177662372589,0.03099641017615795,gigapose_global_rank_2|align_detection|rgb_recovery,31.349410628844566,approved,epnp_raceline,rear,toward,-0.7093215395134264,10.54228350238738,17.87205499195707,10.732250542487437,23.349369098624
1,782,22,15,9,0,0.3218884766101837,0.014642833732068539,gigapose_global_rank_1|R1+20|rgb_recovery,28.257700865788095,approved,epnp_raceline,rear,toward,-0.7446439300039858,39.42978299275779,14.595984724600363,18.784901806057444,15.374000098228043
1,783,22,4,3,0,0.3497484028339386,0.00014323307550512254,gigapose_global_rank_0|R1-45|rgb_recovery,22.222733282062723,approved,epnp_raceline,rear,toward,-0.41375092667889213,169.99249249414942,38.69627794082066,3.8218937120867102,29.472405340452198
1,784,22,15,5,0,0.31449687480926514,0.020966272801160812,gigapose_global_rank_0|R1+20|rgb_recovery,16.264075873599165,approved,epnp_raceline,rear,toward,-0.733922555735087,179.8371371542832,16.288246626097383,10.722440092522879,22.5326114403045
1,785,22,14,3,0,0.2337733805179596,0.08380186557769775,gigapose_global_rank_1|uv1-48|rgb_recovery,22.018783962859523,approved,epnp_raceline,rear,toward,-0.8829573435569407,15.759628162297396,2.0462448573487886,16.34324346677816,19.244280027241164
1,786,22,12,2,0,0.262299120426178,0.05743187665939331,gigapose_global_rank_0|uv0-48|rgb_recovery,33.56720192424774,approved,epnp_raceline,rear,toward,-0.9169313900930743,178.6398946025642,9.62856063384574,16.307781238610332,16.789336680116964
1,787,22,8,2,0,0.19968673586845398,0.0886010006070137,gigapose_global_rank_1|uv1-48|rgb_recovery,41.60958354584671,approved,epnp_raceline,rear,toward,-0.889589838570646,28.02498736242288,6.3960065314735335,16.362673411191473,11.486653985859277
1,788,22,4,4,0,0.29903391003608704,0.29903391003608704,gigapose_global_rank_2|logz-0.35|rgb_recovery,54.0822141064515,approved,epnp_raceline,rear,toward,-0.9063148296465853,6.000076447819103,6.000076447819103,7.886754903291046,7.886754903291046
1,789,22,7,1,0,0.29099318385124207,0.06432107836008072,gigapose_global_rank_1|uv1-48|rgb_recovery,54.36573172368186,approved,epnp_raceline,rear,toward,-0.8832281355051552,16.08388319659717,3.981449077555941,12.285645631586043,17.991728153082143
1,790,22,7,1,1,0.27429431676864624,0.1847841888666153,gigapose_global_rank_1|R1+45|rgb_recovery|center_preserving_flip180,56.99173239542121,approved,epnp_raceline,rear,toward,-0.9961560671157125,104.04620753780667,24.841480866830192,28.44668872886188,7.7898721051017
1,791,22,7,7,1,0.18645845353603363,0.18645845353603363,gigapose_global_rank_0|flip180|rgb_recovery|center_preserving_flip180,66.62739814456347,approved,epnp_raceline,rear,toward,-0.9645613536508767,170.10456018386427,11.47614698857925,5.260501232915278,5.260501232915278
1,792,22,7,7,1,0.2644657492637634,0.2644657492637634,gigapose_global_rank_1|R0+20|rgb_recovery|center_preserving_flip180,84.56061917515855,approved,epnp_raceline,rear,toward,-0.9121024129837456,179.77487650493913,13.934692822777743,11.939994192923367,11.939994192923367
1,793,22,4,7,1,0.37963733077049255,0.3688497543334961,gigapose_global_rank_0|flip180|rgb_recovery|center_preserving_flip180,81.05081228423975,approved,epnp_raceline,rear,toward,-0.7253665889352806,45.67147391856103,20.70375138250624,15.503184832224504,12.824715158082714
1,794,22,12,12,0,0.30846118927001953,0.30846118927001953,gigapose_global_rank_4|rgb_recovery,103.80934603333334,approved,epnp_raceline,rear,toward,-0.9070620209485667,6.545154604478809,6.545154604478809,9.715483349654123,9.715483349654123
1,795,22,8,14,1,0.30862048268318176,0.06357893347740173,gigapose_global_rank_0|R1+45|rgb_recovery|center_preserving_flip180,106.55991999766212,approved,epnp_raceline,rear,toward,-0.9437911007480675,123.25179882069723,42.20994336705256,12.558488087155347,2.9249974998245287
1,796,22,1,9,0,0.5058037638664246,0.04064074903726578,gigapose_global_rank_1|yaw+30|rgb_recovery,85.57520035819368,approved,epnp_raceline,rear,toward,-0.7236163541873569,45.143384397681366,22.62929953235713,18.42985655157006,14.060122490172343
1,797,22,6,6,0,0.2978198826313019,0.2978198826313019,gigapose_global_rank_3|rgb_recovery,74.52196363294047,approved,epnp_raceline,rear,toward,-0.9909780701419685,20.7575503054907,20.7575503054907,5.1606114111761325,5.1606114111761325
1,798,22,12,9,1,0.29068952798843384,0.2112095206975937,gigapose_global_rank_0|R1+45|rgb_recovery|center_preserving_flip180,80.83754311801748,approved,epnp_raceline,rear,toward,-0.9981734515213623,112.89593006598052,17.96897526090243,17.38363995280317,4.0080645876248315
1,799,22,2,10,0,0.37138795852661133,0.03845550864934921,gigapose_global_rank_2|logz-0.35|rgb_recovery,84.3542785373397,approved,epnp_raceline,rear,toward,-0.6640071655445114,164.57521303879696,28.49166461176162,6.876591814713928,6.370997851781624
1,800,22,11,8,0,0.22683846950531006,0.04813016578555107,gigapose_global_rank_0|R1+20|rgb_recovery,90.23022293922696,approved,epnp_raceline,rear,toward,-0.7243791039591434,21.74893625206323,38.2692735862357,10.356164556601765,22.28135365323253
1,801,22,3,3,1,0.23283584415912628,0.23283584415912628,gigapose_global_rank_1|R1-45|rgb_recovery|center_preserving_flip180,99.9071227958417,approved,epnp_raceline,rear,toward,-0.09338157959989929,114.52168746806313,67.41483479025914,19.059297992245003,19.059297992245003
1,802,22,1,6,0,0.18646974861621857,0.0700232982635498,gigapose_global_rank_4|rgb_recovery,109.2991526869007,approved,epnp_raceline,rear,toward,-0.9169495639363541,169.81969176068316,4.524270337542227,1.5422887559428224,11.662869097597149
1,803,22,1,1,1,0.11784574389457703,0.11784574389457703,gigapose_global_rank_0|R1+45|rgb_recovery|center_preserving_flip180,104.78621011613018,approved,epnp_raceline,rear,toward,-0.9948928869580118,167.49601548609556,12.755501180983556,5.7402052909652745,5.7402052909652745
1,804,22,0,1,1,0.25685060024261475,0.017976246774196625,gigapose_global_rank_2|logz-0.35|rgb_recovery|center_preserving_flip180,96.70075915090919,approved,epnp_raceline,rear,toward,-0.9938046670052382,65.56043716351039,12.247004827610532,14.847790650935854,6.221333407684096
1,805,22,5,5,0,0.2888181805610657,0.2888181805610657,gigapose_global_rank_2|rgb_recovery,84.4645139040202,approved,epnp_raceline,rear,toward,-0.9874127361899805,10.01249507265631,10.01249507265631,0.6433680438469184,0.6433680438469184
1,806,22,9,3,0,0.12721090018749237,0.06395378708839417,gigapose_global_rank_1|flip180|rgb_recovery,76.1394148992262,approved,epnp_raceline,rear,toward,-0.9878870265767178,174.3906839392659,9.545263453078976,2.5029895603962786,1.3113127086135787
1,807,22,9,11,1,0.2476624995470047,0.1680378019809723,gigapose_global_rank_1|R1+45|rgb_recovery|center_preserving_flip180,62.20928758342448,approved,epnp_raceline,rear,toward,-0.9902411276047772,105.79661646319968,21.141307823612983,26.935066338740015,8.12049569261469
1,808,22,5,4,0,0.11252588778734207,0.08584609627723694,gigapose_global_rank_1|uv0+48|rgb_recovery,68.2306347000318,approved,epnp_raceline,rear,toward,-0.8683863309869647,8.623566619648876,16.478888873619013,4.3612075434530215,14.754926953325262
1,809,22,8,8,1,0.3596777021884918,0.3596777021884918,gigapose_global_rank_1|R1+45|rgb_recovery|center_preserving_flip180,70.70564510828078,approved,epnp_raceline,rear,toward,-0.5612640544420475,139.9657751525288,40.3250498826724,5.76234063208233,5.76234063208233
1,810,22,4,4,1,0.4871521592140198,0.4871521592140198,gigapose_global_rank_0|R1+45|rgb_recovery|center_preserving_flip180,85.14550046886845,approved,epnp_raceline,rear,toward,-0.5401696593946532,136.5230485130539,43.51229324052886,11.865055065839995,11.865055065839995
1,811,22,10,8,0,0.11063166707754135,0.08527661859989166,gigapose_global_rank_4|rgb_recovery,105.33439303321673,approved,epnp_raceline,rear,toward,-0.844135871170408,6.4610563384769915,19.185501973973796,2.1717947805230904,7.673813491126505
1,812,22,13,1,1,0.21047814190387726,0.07234886288642883,gigapose_global_rank_1|uv0+48|rgb_recovery|center_preserving_flip180,122.52826209089659,approved,epnp_raceline,rear,toward,-0.9913151880840211,107.47796556106154,10.154341180398823,22.125257514758005,4.381880919436954
1,813,22,10,3,1,0.12520919740200043,0.03561241924762726,gigapose_global_rank_1|flip180|rgb_recovery|center_preserving_flip180,119.15067142343628,approved,epnp_raceline,rear,toward,-0.552682510175484,76.19747785894053,56.61538416494477,22.057301548960584,24.328280169657805
1,814,22,6,6,1,0.24257874488830566,0.24257874488830566,gigapose_global_rank_0|R1+45|rgb_recovery|center_preserving_flip180,130.55210691677271,approved,epnp_raceline,rear,toward,-0.6310532347591449,140.39278329747745,40.11418338032123,4.196837106177534,4.196837106177534
1,815,22,8,2,1,0.1579921841621399,0.07333291321992874,gigapose_global_rank_0|R1+20|rgb_recovery|center_preserving_flip180,138.2267228644711,approved,epnp_raceline,rear,toward,-0.9009891952354758,5.750042191889796,15.410703815046242,0.8263081660742485,1.0740485808000786
1,816,22,3,2,1,0.19217683374881744,0.14472630620002747,gigapose_global_rank_4|rgb_recovery|center_preserving_flip180,137.90115675687935,approved,epnp_raceline,rear,toward,-0.984288851911129,57.083103170291196,2.2728970052009076,8.460883580214025,0.48843604109216826
1,817,22,1,4,1,0.1952628791332245,0.1884274184703827,gigapose_global_rank_1|R1+45|rgb_recovery|center_preserving_flip180,146.56142567603382,approved,epnp_raceline,rear,toward,-0.9701882925663385,177.71260744591348,4.555382190475088,0.3857202047915049,1.384663238713548
1,818,22,8,9,1,0.167787566781044,0.07916878908872604,gigapose_global_rank_0|R1+20|rgb_recovery|center_preserving_flip180,155.38608083539694,approved,epnp_raceline,rear,toward,-0.9909323269501917,13.108534097063563,1.8906016267281898,3.634666501197055,1.1708996953692627
1,819,22,3,1,1,0.14312922954559326,0.05655832961201668,gigapose_global_rank_1|uv0-48|rgb_recovery|center_preserving_flip180,153.2650504041315,approved,epnp_raceline,rear,toward,-0.9902515677336277,6.439176751396615,1.9108249366792203,4.114091483287056,5.374927048142087
1,820,22,5,1,1,0.15242522954940796,0.06633670628070831,gigapose_global_rank_0|R1+20|rgb_recovery|center_preserving_flip180,156.8657023025242,approved,epnp_raceline,rear,toward,-0.9943174139371871,10.596807645803286,2.7806370848124207,0.8322250871712088,0.6095668643164905
1,821,22,9,2,1,0.1244090273976326,0.10096125304698944,gigapose_global_rank_0|yaw+30|rgb_recovery|center_preserving_flip180,157.17936804435686,approved,epnp_raceline,rear,toward,-0.9919415976212773,4.308199741019563,1.3415486351934454,0.9095907628207189,0.4100812696349278
1,822,22,13,4,1,0.19268739223480225,0.07458733022212982,gigapose_global_rank_1|logz-0.35|rgb_recovery|center_preserving_flip180,127.28062860427293,approved,epnp_raceline,rear,toward,-0.9977254673388034,14.988146943215312,6.777177474124139,2.852134854409149,2.202624510091482
1,823,22,13,14,1,0.2901286780834198,0.03828959912061691,gigapose_global_rank_0|R1+20|rgb_recovery|center_preserving_flip180,126.93836974529106,approved,epnp_raceline,rear,toward,-0.9775366944272872,14.901178287994064,4.686708824147099,1.8059696721065206,2.7134087265824296
1,824,22,14,6,1,0.13835743069648743,0.04188770800828934,gigapose_global_rank_1|rgb_recovery|center_preserving_flip180,131.38779167321263,approved,epnp_raceline,rear,toward,-0.983535936160317,9.804124022146201,17.529525112836545,1.1669748336456556,2.6217340235205713
1,825,22,1,1,0,0.269644558429718,0.269644558429718,gigapose_global_rank_1|R1+20|rgb_recovery,132.38380250868897,approved,epnp_raceline,rear,toward,-0.998556711131981,6.6281406485929395,6.6281406485929395,3.4175434723001237,3.4175434723001237
1,826,22,0,2,0,0.25329071283340454,0.16491053998470306,gigapose_global_rank_0|R1+20|rgb_recovery,134.64355181028236,approved,epnp_raceline,rear,toward,-0.9964417691561954,24.6295526279015,9.087358550960715,11.048412760694992,1.3794325214531802
1,827,22,10,9,0,0.41102269291877747,0.23544909060001373,gigapose_global_rank_3|rgb_recovery,163.11151200602555,approved,epnp_raceline,rear,toward,-0.992549515262239,6.755443339166677,5.652308080717272,0.7055367605784227,3.0728454937580216
1,828,22,0,2,0,0.4042477309703827,0.16610154509544373,gigapose_global_rank_4|rgb_recovery,160.229557278116,approved,epnp_raceline,rear,toward,-0.9961628273663627,24.083458759887293,6.446022320860937,10.119830621190298,0.2895867436092455
1,829,22,14,14,0,0.307586669921875,0.307586669921875,gigapose_global_rank_4|rgb_recovery,160.08265563507737,approved,epnp_raceline,rear,toward,-0.9913079658749269,9.211298113080142,9.211298113080142,0.9023526547336633,0.9023526547336633
1,830,22,3,9,0,0.27214738726615906,0.22892265021800995,gigapose_global_rank_3|rgb_recovery,150.2945706600799,approved,epnp_raceline,rear,toward,-0.9619151557347422,14.300097261006867,21.679991910766216,0.8977198530268028,6.591002829599875
1,831,22,3,2,1,0.08821677416563034,0.06472066044807434,gigapose_global_rank_0|uv0-48|rgb_recovery|center_preserving_flip180,147.49986072515742,approved,epnp_raceline,rear,toward,-0.9936154625806216,163.82363629462688,11.781575691035446,5.973908317866222,1.4083136200223778
1,832,22,5,5,1,0.2718481421470642,0.2718481421470642,gigapose_global_rank_0|R1+45|rgb_recovery|center_preserving_flip180,140.79544016775736,approved,epnp_raceline,rear,toward,-0.8775644169296443,155.42533327863856,26.756102851408826,9.744627059594292,9.744627059594292
1,833,22,10,2,0,0.17259447276592255,0.1574205607175827,gigapose_global_rank_1|R1+20|rgb_recovery,143.7010825731718,approved,epnp_raceline,rear,toward,-0.9851868106222271,12.25752830694417,6.4736563458969165,0.6827461196786396,5.279402460022807
1,834,22,5,1,0,0.1265874207019806,0.12633003294467926,gigapose_global_rank_1|R1+20|rgb_recovery,130.81033532715483,approved,epnp_raceline,rear,toward,-0.9752938910997551,13.25651946423465,10.685417621085632,0.4574680847182056,8.705295226954359
1,835,22,13,7,1,0.23974421620368958,0.07048171013593674,gigapose_global_rank_4|rgb_recovery|center_preserving_flip180,134.4093656583834,approved,epnp_raceline,rear,toward,-0.9828902771615876,40.507421785697595,8.096020630202414,12.404436163108482,2.6676616538607103
1,836,22,2,13,0,0.12689805030822754,0.10728060454130173,gigapose_global_rank_1|R1+20|rgb_recovery,131.28196204951774,approved,epnp_raceline,rear,toward,-0.9774031679715598,9.48262672957614,10.537257370414226,2.917950608963175,0.5531841651583479
1,837,22,0,7,0,0.12124969810247421,0.10013948380947113,gigapose_global_rank_0|R1+20|rgb_recovery,129.59223889837418,approved,epnp_raceline,rear,toward,-0.9882167606350837,8.579527419971102,8.797066064942388,4.785608207098967,0.635939903998031
1,838,22,2,13,0,0.16119098663330078,0.09035792946815491,gigapose_global_rank_0|R0-20|rgb_recovery,130.14896394763997,approved,epnp_raceline,rear,toward,-0.7641342067001551,37.37562756690855,42.233338527746035,12.040121726775235,19.228659060814042
1,839,22,0,1,0,0.13028134405612946,0.12468207627534866,gigapose_global_rank_0|R1+20|rgb_recovery,137.70076707464102,approved,epnp_raceline,rear,toward,-0.9846511498330883,6.675628081227492,11.969616833953726,4.457452360711056,2.735128451023604
1,840,22,6,6,0,0.2058863490819931,0.2058863490819931,gigapose_global_rank_1|R1+20|rgb_recovery,129.40935585043175,approved,epnp_raceline,rear,toward,-0.9874530325163163,13.118054681850476,13.118054681850476,1.3859478497805722,1.3859478497805722
1,841,22,9,9,0,0.18272563815116882,0.18272563815116882,gigapose_global_rank_0|R1+20|rgb_recovery,120.06365230516963,approved,epnp_raceline,rear,toward,-0.9775861741005031,15.573238891736047,15.573238891736047,0.9316990011317057,0.9316990011317057
1,842,22,7,10,1,0.25869372487068176,0.11594503372907639,gigapose_global_rank_1|R1+45|rgb_recovery|center_preserving_flip180,125.7308304047356,approved,epnp_raceline,rear,toward,-0.9519814576695096,14.409974965428717,22.09286155191911,3.6475389747042803,3.1249872386844713
1,843,22,12,8,1,0.2758689522743225,0.09361996501684189,gigapose_global_rank_1|R1+45|rgb_recovery|center_preserving_flip180,125.22582591658607,approved,epnp_raceline,rear,toward,-0.9701588901871107,12.94914388158485,19.035806166765465,2.3181330073117072,3.142554268591368
1,844,22,3,15,1,0.2214878350496292,0.04967696592211723,gigapose_global_rank_1|R1+45|rgb_recovery|center_preserving_flip180,129.30211893701954,approved,epnp_raceline,rear,toward,-0.9421434198690204,14.86751621895777,24.25762709882451,5.099374116449501,3.014331899887159
1,845,22,15,15,1,0.3646082282066345,0.3646082282066345,gigapose_global_rank_0|R1+45|rgb_recovery|center_preserving_flip180,138.55631785439886,approved,epnp_raceline,rear,toward,-0.7314825295384183,130.95150592005527,49.38028783234318,2.1618438363599224,2.1618438363599224
1,846,22,11,3,1,0.15736129879951477,0.0948505625128746,gigapose_global_rank_1|yaw+30|rgb_recovery|center_preserving_flip180,148.4543542350579,approved,epnp_raceline,rear,toward,-0.9951425338521974,10.01619394732732,12.077051056799922,1.906076055470489,2.7740255250278025
1,847,22,13,2,1,0.1417015790939331,0.1019420325756073,gigapose_global_rank_0|R1+45|rgb_recovery|center_preserving_flip180,146.72085209233055,approved,epnp_raceline,rear,toward,-0.9856223397990647,15.290877571501506,16.564739113265382,1.6318185172619841,0.35248640714236973
1,848,22,0,1,1,0.11877275258302689,0.013630777597427368,gigapose_global_rank_4|rgb_recovery|center_preserving_flip180,145.2953143961539,approved,epnp_raceline,rear,toward,-0.9903339996436478,4.793767128093073,14.830593307137967,0.7068372218205035,3.1446266093764588
1,849,22,2,11,1,0.1315341740846634,0.09894643723964691,gigapose_global_rank_3|rgb_recovery|center_preserving_flip180,142.12720651575154,approved,epnp_raceline,rear,toward,-0.9960028353802646,15.843642766182414,12.729455864341672,0.6941039033931778,3.3101454861678605
1,850,22,2,4,0,0.1619364470243454,0.10683025419712067,gigapose_global_rank_1|R1+20|rgb_recovery,140.53670606537983,approved,epnp_raceline,rear,toward,-0.9836286812464992,9.466426438740145,19.066228655708063,2.144858955464799,0.667129091119952
1,851,22,8,4,1,0.2572413980960846,0.05138203874230385,gigapose_global_rank_0|R1+45|rgb_recovery|center_preserving_flip180,135.9512838706736,approved,epnp_raceline,rear,toward,-0.9885702974402466,6.498851249783215,10.714064504906581,3.1198628351501174,0.978794028224537
1,852,22,1,14,1,0.22012941539287567,0.041497603058815,gigapose_global_rank_1|R1+45|rgb_recovery|center_preserving_flip180,125.93994234316901,approved,epnp_raceline,rear,toward,-0.9393071308721821,6.3590272291507475,21.083926928009884,2.3691226947664026,0.8368392880078305
1,853,22,1,15,1,0.34534794092178345,0.08039957284927368,gigapose_global_rank_1|R1+45|rgb_recovery|center_preserving_flip180,123.45699743535747,approved,epnp_raceline,rear,toward,-0.9553374505721064,39.39043168813394,18.24274749668698,11.586484431140237,0.9409146859205867
1,854,22,13,1,1,0.14170268177986145,0.0832420289516449,gigapose_global_rank_3|rgb_recovery|center_preserving_flip180,120.6447036387869,approved,epnp_raceline,rear,toward,-0.9875514679859994,17.576364715051405,15.562788490089284,1.907170787535048,1.826867604425705
1,855,22,2,9,1,0.21502555906772614,0.08593214303255081,gigapose_global_rank_0|R1+45|rgb_recovery|center_preserving_flip180,119.90294081551227,approved,epnp_raceline,rear,toward,-0.9592253634181744,35.413326571797306,22.570724270487595,14.480015330684935,1.6760033766474824
1,856,22,9,3,1,0.28022345900535583,0.08494383841753006,gigapose_global_rank_1|R1+45|rgb_recovery|center_preserving_flip180,121.64121645406172,approved,epnp_raceline,rear,toward,-0.9588705779241263,39.66191546269596,22.1701015982506,8.267760565828175,0.7981505103760419
1,857,22,2,2,0,0.1336396038532257,0.1336396038532257,gigapose_global_rank_0|R1+20|rgb_recovery,123.57108956753686,approved,epnp_raceline,rear,toward,-0.9875313502576897,15.719282054106941,15.719282054106941,0.718489291132895,0.718489291132895
1,858,22,9,8,1,0.3153194189071655,0.08504537492990494,gigapose_global_rank_0|R1+45|rgb_recovery|center_preserving_flip180,125.11536594908257,approved,epnp_raceline,rear,toward,-0.9562150577177853,40.583318487969024,22.866347903763685,7.665070805959199,0.2398265516934596
1,859,22,3,4,1,0.30836400389671326,0.04551735520362854,gigapose_global_rank_1|R1+45|rgb_recovery|center_preserving_flip180,128.1429114578223,approved,epnp_raceline,rear,toward,-0.9644001164331611,2.1799367155750553,21.48949246833567,2.2191838778328536,1.0999361003104433
1,860,22,2,8,1,0.2435753345489502,0.08092950284481049,gigapose_global_rank_1|R1+45|rgb_recovery|center_preserving_flip180,121.59801835304182,approved,epnp_raceline,rear,toward,-0.9580780390455189,32.31600455156728,23.415231247055424,12.779689320113384,0.4268235809752281
1,861,22,11,1,1,0.26413172483444214,0.08426833152770996,gigapose_global_rank_1|R1+45|rgb_recovery|center_preserving_flip180,120.37440745592866,approved,epnp_raceline,rear,toward,-0.984563882624244,30.339990932814025,18.270952738203288,9.709123393093197,2.411653898153689
1,862,22,10,8,1,0.11847276240587234,0.10743553936481476,gigapose_global_rank_0|R1+45|rgb_recovery|center_preserving_flip180,120.90256338128411,approved,epnp_raceline,rear,toward,-0.9558096854006377,14.001473956422016,25.244169583565558,2.4652071089308265,0.31900626084118566
1,863,22,13,3,1,0.4614168405532837,0.08433455973863602,gigapose_global_rank_1|R1+45|rgb_recovery|center_preserving_flip180,119.99206917547865,approved,epnp_raceline,rear,toward,-0.9622312351934555,37.43576343859823,24.914397023587195,7.197524783124101,1.092624503103593
1,864,22,3,3,1,0.25773972272872925,0.25773972272872925,gigapose_global_rank_4|rgb_recovery|center_preserving_flip180,117.0940682883311,approved,epnp_raceline,rear,toward,-0.813277583385595,134.78379278391455,45.92913576187871,7.6391043248741,7.6391043248741
1,865,22,9,3,1,0.2770351767539978,0.0791764035820961,gigapose_global_rank_0|R1+45|rgb_recovery|center_preserving_flip180,127.4671771399401,approved,epnp_raceline,rear,toward,-0.9577465474467236,35.65294882328752,26.027564559526702,10.051316300938677,1.4843368652112034
1,866,22,13,11,1,0.25758180022239685,0.1216965839266777,gigapose_global_rank_0|R1+45|rgb_recovery|center_preserving_flip180,137.57494447890315,approved,epnp_raceline,rear,toward,-0.9142438430586869,35.52932194204473,33.9532619601187,9.21722045002535,4.459968896458276
1,867,22,7,11,1,0.23959094285964966,0.11093165725469589,gigapose_global_rank_1|R1+45|rgb_recovery|center_preserving_flip180,141.7810003577916,approved,epnp_raceline,rear,toward,-0.9265424862678378,35.802629540323515,31.718675833602404,11.518858039343716,3.053895481898498
1,868,22,10,2,1,0.28529274463653564,0.08413252979516983,gigapose_global_rank_0|R1+45|rgb_recovery|center_preserving_flip180,136.23268640636311,approved,epnp_raceline,rear,toward,-0.9672400554411393,36.949641579102035,25.497503390284248,9.31399130646072,0.9025246980156376
1,869,22,9,1,1,0.3235257863998413,0.07686351239681244,gigapose_global_rank_4|rgb_recovery|center_preserving_flip180,133.22687793580292,approved,epnp_raceline,rear,toward,-0.9992174796579663,32.4411164198487,13.654023818291408,8.565709059528073,1.4159460895781004
1,870,22,8,9,1,0.27304643392562866,0.04404616728425026,gigapose_global_rank_0|R1+20|rgb_recovery|center_preserving_flip180,114.99521800783224,approved,epnp_raceline,rear,toward,-0.9840659245302701,30.594943847298026,7.424820696431541,15.421547694905907,0.3340414940551361
1,871,22,8,2,1,0.15352235734462738,0.12034128606319427,gigapose_global_rank_1|R1+45|rgb_recovery|center_preserving_flip180,98.59471113559252,approved,epnp_raceline,rear,toward,-0.9611874177264877,16.859695950509106,27.354797038694883,0.7657242219483399,1.0664136311441437
1,872,22,13,13,1,0.23079220950603485,0.23079220950603485,gigapose_global_rank_1|R1+20|rgb_recovery|center_preserving_flip180,88.54266019368242,approved,epnp_raceline,rear,toward,-0.5746370448056234,113.63392113409284,66.9174551103403,14.56145935343542,14.56145935343542
1,873,22,11,11,1,0.1778210699558258,0.1778210699558258,gigapose_global_rank_3|rgb_recovery|center_preserving_flip180,86.1295877838196,approved,epnp_raceline,rear,toward,-0.8063831443425318,132.54943711929553,50.595786208615785,10.273325251241497,10.273325251241497
1,874,22,14,11,1,0.211848646402359,0.16372033953666687,gigapose_global_rank_1|R1+20|rgb_recovery|center_preserving_flip180,81.632266706324,approved,epnp_raceline,rear,toward,-0.571969833979016,86.70002605485674,66.55056382805746,12.507622595392572,11.056874932108048
1,875,22,2,2,1,0.1868545264005661,0.1868545264005661,gigapose_global_rank_2|align_detection|rgb_recovery|center_preserving_flip180,80.30043389630531,approved,epnp_raceline,rear,toward,-0.7781962074751607,130.02326885981466,52.13004748741372,11.88034398464958,11.88034398464958
1,876,22,7,6,1,0.13688987493515015,0.08534786850214005,gigapose_global_rank_1|R0-20|rgb_recovery|center_preserving_flip180,80.38977576905395,approved,epnp_raceline,rear,toward,-0.7719171799444745,2.965755879524624,55.175610798699246,4.885785475774477,8.056893173264985
1,877,22,2,4,1,0.19712767004966736,0.16333802044391632,gigapose_global_rank_2|align_detection|rgb_recovery|center_preserving_flip180,84.58557204527153,approved,epnp_raceline,rear,toward,-0.7946844870405162,32.81818900003244,50.112177295800656,16.811978892276706,12.020338308678571
1,878,22,11,2,1,0.17537197470664978,0.0949648842215538,gigapose_global_rank_2|align_detection|rgb_recovery|center_preserving_flip180,81.46911998285262,approved,epnp_raceline,rear,toward,-0.787656989241101,35.854764008104986,51.054584776240844,7.25894905869299,13.191569744743484
1,879,22,4,9,1,0.1720375269651413,0.14579497277736664,gigapose_global_rank_1|R1+20|rgb_recovery|center_preserving_flip180,86.13385897708324,approved,epnp_raceline,rear,toward,-0.5838450392447115,84.87434208415957,66.91207029456696,15.208619086085934,12.014869044809755
1,880,22,6,6,1,0.13088729977607727,0.13088729977607727,gigapose_global_rank_4|rgb_recovery|center_preserving_flip180,101.2338231507662,approved,epnp_raceline,rear,toward,-0.8186908879785393,133.06948849967588,48.41282040497148,10.963595085936072,10.963595085936072
1,881,22,11,8,1,0.2796078026294708,0.13446545600891113,gigapose_global_rank_3|rgb_recovery|center_preserving_flip180,101.70082456995873,approved,epnp_raceline,rear,toward,-0.8204332186542679,32.80427607540506,48.7644725160258,10.312296939312422,11.11398194338435
1,882,22,10,10,1,0.15786607563495636,0.15786607563495636,gigapose_global_rank_1|R1+20|rgb_recovery|center_preserving_flip180,105.0971444727903,approved,epnp_raceline,rear,toward,-0.5715292765724421,112.91403541233957,68.05172819146985,9.416851738141565,9.416851738141565
1,883,22,11,9,1,0.24422354996204376,0.15303274989128113,gigapose_global_rank_4|rgb_recovery|center_preserving_flip180,116.38509874163546,approved,epnp_raceline,rear,toward,-0.8096509773100463,33.86015656011789,49.625534811500415,8.774427421057243,9.434993368969707
1,884,22,12,6,1,0.3137374222278595,0.06341943889856339,gigapose_global_rank_1|R1+45|rgb_recovery|center_preserving_flip180,135.73346191873222,approved,epnp_raceline,rear,toward,-0.9670953882251763,34.47446370670422,26.86050487796605,7.913088498298462,0.6439123807237412
1,885,22,11,3,1,0.20774346590042114,0.10687541216611862,gigapose_global_rank_1|R0+20|rgb_recovery|center_preserving_flip180,132.1375038110867,approved,epnp_raceline,rear,toward,-0.7922538616922601,126.67576765253412,50.09206507709363,7.987040375755392,9.703390681374684
1,886,22,15,8,1,0.3015020787715912,0.12590354681015015,gigapose_global_rank_0|R1+45|rgb_recovery|center_preserving_flip180,131.97057073874294,approved,epnp_raceline,rear,toward,-0.9147525268421769,29.28333642868379,36.20827981927755,10.446638659486245,5.687011117591751
1,887,22,10,13,1,0.250898152589798,0.11293484270572662,gigapose_global_rank_1|logz-0.35|rgb_recovery|center_preserving_flip180,127.18777483153555,approved,epnp_raceline,rear,toward,-0.8228911329686468,111.88046892687676,47.341726068901465,13.471319656522265,5.6114462196714845
1,888,22,8,3,1,0.12104979157447815,0.05075865611433983,gigapose_global_rank_0|R1+20|rgb_recovery|center_preserving_flip180,123.29242855042415,approved,epnp_raceline,rear,toward,-0.9969223357947875,6.421569750758086,9.277325626226283,3.810572807157168,1.374378905102805
1,889,22,13,2,1,0.3160412013530731,0.15350095927715302,gigapose_global_rank_2|align_detection|rgb_recovery|center_preserving_flip180,107.74469664306523,approved,epnp_raceline,rear,toward,-0.7546176001646625,32.60008879347021,55.12226776856765,9.907697469826147,16.230950132321507
1,890,22,13,4,1,0.2443143129348755,0.028795717284083366,gigapose_global_rank_2|align_detection|rgb_recovery|center_preserving_flip180,111.99766338607935,approved,epnp_raceline,rear,toward,-0.7769651508558515,59.590972066162706,53.0896441314147,12.539693763261523,15.007247383446515
1,891,22,13,5,1,0.18168030679225922,0.05239105597138405,gigapose_global_rank_2|align_detection|rgb_recovery|center_preserving_flip180,118.39482957472927,approved,epnp_raceline,rear,toward,-0.7667850918506267,20.389268522593714,54.061155272638324,4.092980786505512,17.000085640915845
1,892,22,12,4,1,0.21219246089458466,0.05977858975529671,gigapose_global_rank_1|R1+45|rgb_recovery|center_preserving_flip180,125.2482568626453,approved,epnp_raceline,rear,toward,-0.956582553138051,28.456319106180974,29.79536476576562,9.865064976152706,1.1562092568346265
1,893,22,11,11,1,0.2026921659708023,0.2026921659708023,gigapose_global_rank_3|rgb_recovery|center_preserving_flip180,121.26191501311362,approved,epnp_raceline,rear,toward,-0.8131002225340636,131.77648051759283,48.64716150961541,6.596988123785167,6.596988123785167
1,894,22,11,8,1,0.34666958451271057,0.07539021968841553,gigapose_global_rank_1|R1+45|rgb_recovery|center_preserving_flip180,119.4167473293167,approved,epnp_raceline,rear,toward,-0.9657741410805196,35.5383208241988,28.115321395684827,9.229203683911386,0.3852281597881061
1,895,22,9,15,1,0.2705482840538025,0.08753185719251633,gigapose_global_rank_0|R1+45|rgb_recovery|center_preserving_flip180,116.19067848876327,approved,epnp_raceline,rear,toward,-0.9237657158087134,12.348647705162232,35.21360705148583,5.726682306244371,5.04668980084359
1,896,22,4,5,1,0.22497215867042542,0.0604717954993248,gigapose_global_rank_0|R1+45|rgb_recovery|center_preserving_flip180,118.70404145335667,approved,epnp_raceline,rear,toward,-0.9587112039873098,8.14308071552209,29.3642907570463,2.9443719347014357,0.5085689420405138
1,897,22,2,5,1,0.2796691954135895,0.1429808884859085,gigapose_global_rank_2|rgb_recovery|center_preserving_flip180,121.7076488487476,approved,epnp_raceline,rear,toward,-0.8034655860268766,9.56504532691459,50.625304795931115,4.2507263817546335,11.891480305014362
1,898,22,2,13,1,0.1880783587694168,0.18252520263195038,gigapose_global_rank_3|rgb_recovery|center_preserving_flip180,121.67622562188697,approved,epnp_raceline,rear,toward,-0.7854548572499105,28.86619093259824,51.985138683147184,11.8957657984585,10.972470963611407
1,899,22,9,5,1,0.25111621618270874,0.1123729944229126,gigapose_global_rank_0|R1+45|rgb_recovery|center_preserving_flip180,128.0183297354417,approved,epnp_raceline,rear,toward,-0.9113354374366262,11.838691604585838,37.79182720552246,2.648268866759582,3.9623603702661128
1,900,22,11,10,1,0.29903528094291687,0.06445561349391937,gigapose_global_rank_1|R1+45|rgb_recovery|center_preserving_flip180,131.07765332974165,approved,epnp_raceline,rear,toward,-0.9568987676599723,35.38304714902522,29.295889820425504,10.95090474045762,0.3575582086213016
1,901,22,12,2,0,0.14360171556472778,0.1338283121585846,gigapose_global_rank_1|R1+20|rgb_recovery,126.66102759003385,approved,epnp_raceline,rear,toward,-0.9892812613327957,14.969475422688634,22.257471814138,0.7525509007316935,1.1427997836378145
1,902,22,14,5,1,0.23616023361682892,0.08491862565279007,gigapose_global_rank_4|rgb_recovery|center_preserving_flip180,109.13118025110325,approved,epnp_raceline,rear,toward,-0.8085719019420774,28.537049265027992,52.08581996710121,10.05588832415152,11.643752483517138
1,903,22,14,5,1,0.2724626064300537,0.109683096408844,gigapose_global_rank_0|R1+45|rgb_recovery|center_preserving_flip180,93.2413189520544,approved,epnp_raceline,rear,toward,-0.9286387362572885,29.660066608221364,34.62104998354018,9.34427663726105,3.4901438647130756
1,904,22,6,3,1,0.18411895632743835,0.049262192100286484,gigapose_global_rank_1|align_detection|rgb_recovery|center_preserving_flip180,83.86251336430504,approved,epnp_raceline,rear,toward,-0.9855789283205663,28.56663294569139,22.98478735022148,14.602913129940191,0.28136190753738277
1,905,22,10,14,1,0.22401824593544006,0.1408696472644806,gigapose_global_rank_3|rgb_recovery|center_preserving_flip180,79.91637371034233,approved,epnp_raceline,rear,toward,-0.7928849128721696,28.91535450074498,51.851037111998004,11.911703308708494,12.772010118929492
1,906,22,6,6,1,0.19582954049110413,0.19582954049110413,gigapose_global_rank_0|R1+20|rgb_recovery|center_preserving_flip180,80.29851420365736,approved,epnp_raceline,rear,toward,-0.5708296048088961,111.94539013056064,68.85391400195972,13.790294051566468,13.790294051566468
1,907,22,9,14,1,0.19726864993572235,0.07105953246355057,gigapose_global_rank_0|uv1-48|rgb_recovery|center_preserving_flip180,85.54457486687427,approved,epnp_raceline,rear,toward,-0.8016448992110582,83.20600174700482,50.651686054648025,15.995661840388797,7.071673888219606
1,908,22,1,3,1,0.11140776425600052,0.01697600819170475,gigapose_global_rank_0|R1+45|rgb_recovery|center_preserving_flip180,85.66726678666316,approved,epnp_raceline,rear,toward,-0.98525863027533,23.214006596310263,23.061900156144812,0.49369736280828175,1.492682672432548
1,909,22,5,2,1,0.24551749229431152,0.059843551367521286,gigapose_global_rank_0|R1+45|rgb_recovery|center_preserving_flip180,91.48135623179748,approved,epnp_raceline,rear,toward,-0.9573293897371776,6.139101609313609,30.05452338168922,1.9768693277705793,2.3236725970245278
1,910,22,5,1,1,0.2978118062019348,0.13675059378147125,gigapose_global_rank_1|R1+45|rgb_recovery|center_preserving_flip180,94.62024339131571,approved,epnp_raceline,rear,toward,-0.9850759303259123,34.096026983608205,21.879133038748396,11.512135647666154,1.663993192842829
1,911,22,4,3,1,0.15765321254730225,0.07089110463857651,gigapose_global_rank_2|align_detection|rgb_recovery|center_preserving_flip180,102.0074032544706,approved,epnp_raceline,rear,toward,-0.7773834255035041,34.332665034429354,52.87313742605583,10.727098050784551,12.140081198681262
1,912,22,11,10,1,0.2515248954296112,0.1479058712720871,gigapose_global_rank_4|rgb_recovery|center_preserving_flip180,105.20613296959793,approved,epnp_raceline,rear,toward,-0.7747462410368466,26.991859227648654,52.92682859663278,10.036348371004616,9.164883567700178
1,913,22,8,7,1,0.17625413835048676,0.10175373405218124,gigapose_global_rank_0|R0+20|rgb_recovery|center_preserving_flip180,115.6381129172191,approved,epnp_raceline,rear,toward,-0.8090398660659157,83.43432984461033,49.345803189459886,17.979073281891907,11.521533602615905
1,914,22,12,1,1,0.21445661783218384,0.023321209475398064,gigapose_global_rank_1|R1+45|rgb_recovery|center_preserving_flip180,115.95041087253028,approved,epnp_raceline,rear,toward,-0.963258394315677,83.39852114959949,28.33443225526061,18.708729898115003,4.096519837884997
1,915,22,10,11,1,0.13273921608924866,0.07483310252428055,gigapose_global_rank_2|logz-0.35|rgb_recovery|center_preserving_flip180,98.86101327686978,approved,epnp_raceline,rear,toward,-0.980767571029281,17.117692520192765,24.561663254077654,0.8746253389117716,0.5920014643009253
1,916,22,6,12,1,0.2572700083255768,0.19394484162330627,gigapose_global_rank_1|R0+45|rgb_recovery|center_preserving_flip180,90.86468541551201,approved,epnp_raceline,rear,toward,-0.7568328483628904,110.52935027615118,55.013102758366955,11.294508608798985,10.088088992731489
1,917,22,12,5,1,0.28394225239753723,0.059599973261356354,gigapose_global_rank_0|R1+45|rgb_recovery|center_preserving_flip180,76.65370237833253,approved,epnp_raceline,rear,toward,-0.9617477166511358,28.493838046093934,29.23154880179126,6.861304924070116,0.4883393767435809
1,918,22,10,1,1,0.3471096456050873,0.1347927749156952,gigapose_global_rank_1|logz-0.35|rgb_recovery|center_preserving_flip180,83.77971666229777,approved,epnp_raceline,rear,toward,-0.8452344690141784,130.7435682867044,45.98581763821003,8.89150330392443,5.1148896204199
1,919,22,5,9,1,0.6360138654708862,0.039697449654340744,gigapose_global_rank_4|rgb_recovery|center_preserving_flip180,94.37047123776547,approved,epnp_raceline,rear,toward,-0.8083779821046119,122.23722204696311,49.83705912221744,13.401058173996041,6.62273460538146
1,920,22,9,9,1,0.26301148533821106,0.26301148533821106,gigapose_global_rank_0|R1+45|rgb_recovery|center_preserving_flip180,115.13326366650726,approved,epnp_raceline,rear,toward,-0.840495494581131,134.22735473511045,45.932106561264284,1.056004177413723,1.056004177413723
1,921,22,5,2,1,0.29391956329345703,0.04171280562877655,gigapose_global_rank_1|rgb_recovery|center_preserving_flip180,120.0595076589464,approved,epnp_raceline,rear,toward,-0.9935202546447438,6.453727318064838,20.694197287874896,8.274974562949916,5.396923070851696
1,922,22,12,2,1,0.1626005917787552,0.025030866265296936,gigapose_global_rank_0|yaw+30|rgb_recovery|center_preserving_flip180,139.22891628984456,approved,epnp_raceline,rear,toward,-0.9938042916464801,17.31982504578765,20.230589970547925,4.320467082204381,4.869627602022025
1,923,22,5,14,1,0.11331833153963089,0.05606631934642792,gigapose_global_rank_1|yaw-30|rgb_recovery|center_preserving_flip180,124.746376865696,approved,epnp_raceline,rear,toward,-0.9870941724077545,23.128650498930828,6.187606007079408,3.765638635275668,5.046942233307075
1,924,22,4,4,1,0.3859732449054718,0.3859732449054718,gigapose_global_rank_1|R1+45|rgb_recovery|center_preserving_flip180,130.21971110685928,approved,epnp_raceline,rear,toward,-0.6318289189310271,115.36328238987667,64.96212256837065,5.6941065817239584,5.6941065817239584
1,925,22,8,2,1,0.3095739781856537,0.3014870882034302,gigapose_global_rank_0|R1+45|rgb_recovery|center_preserving_flip180,128.56856345287866,approved,epnp_raceline,rear,toward,-0.6226349213067139,108.0235022889021,65.50338426474462,7.003748096340249,3.61118241786362
1,926,22,15,11,1,0.20833300054073334,0.07227262854576111,gigapose_global_rank_1|R1+20|rgb_recovery|center_preserving_flip180,132.05094134208713,approved,epnp_raceline,rear,toward,-0.9075368796716159,5.972001550135513,38.68785918167397,4.504139252506044,0.704376126842632
1,927,22,5,5,1,0.38550716638565063,0.38550716638565063,gigapose_global_rank_0|R1+45|rgb_recovery|center_preserving_flip180,130.87478983898995,approved,epnp_raceline,rear,toward,-0.6288898965884379,115.17211611676922,65.1261292168939,1.270660721711013,1.270660721711013
1,928,22,12,2,1,0.14025762677192688,0.08057112991809845,gigapose_global_rank_3|rgb_recovery|center_preserving_flip180,145.23566767355135,approved,epnp_raceline,rear,toward,-0.9935590171066566,3.5904970465307473,19.99852329219513,6.337799405536631,3.9057510181878103
1,929,22,2,10,1,0.11746775358915329,0.11048637330532074,gigapose_global_rank_1|R1+45|rgb_recovery|center_preserving_flip180,126.13349464664164,approved,epnp_raceline,rear,toward,-0.9711810726736875,158.02066179281732,27.379867816636825,3.2830836358635676,1.647326292053824
1,930,22,6,3,1,0.19174231588840485,0.02227267064154148,gigapose_global_rank_2|logz-0.35|rgb_recovery|center_preserving_flip180,118.73130483506635,approved,epnp_raceline,rear,toward,-0.9793684765923579,6.899339936897881,25.832917567654096,3.0686904514033997,4.5526670128914315
1,931,22,14,14,1,0.16241972148418427,0.16241972148418427,gigapose_global_rank_4|rgb_recovery|center_preserving_flip180,123.1688591201436,approved,epnp_raceline,rear,toward,-0.8056517441658454,130.2013780570923,50.65958908742234,5.242320236791856,5.242320236791856
1,932,22,13,8,1,0.10506630688905716,0.10035480558872223,gigapose_global_rank_1|R1+20|rgb_recovery|center_preserving_flip180,127.07545750366056,approved,epnp_raceline,rear,toward,-0.9877724983434606,175.49235889128425,21.984424142067642,0.9391466343684088,1.6479655323618867
1,933,22,12,12,1,0.35685834288597107,0.35685834288597107,gigapose_global_rank_1|R1+45|rgb_recovery|center_preserving_flip180,124.02470865885513,approved,epnp_raceline,rear,toward,-0.612198136790702,114.00922277231419,66.07853822019639,2.8269141894546492,2.8269141894546492
1,934,22,7,7,1,0.41429442167282104,0.41429442167282104,gigapose_global_rank_0|R1+45|rgb_recovery|center_preserving_flip180,125.27838746434854,approved,epnp_raceline,rear,toward,-0.6310361590458513,115.38553628046631,64.62926171590803,4.352211669337539,4.352211669337539
1,935,22,5,3,1,0.1523367464542389,0.08385900408029556,gigapose_global_rank_4|rgb_recovery|center_preserving_flip180,136.66656516585223,approved,epnp_raceline,rear,toward,-0.9727463003410481,19.509854578965573,26.51183522391325,1.08566165149286,2.8963932774439396
1,936,22,1,1,0,0.1845644861459732,0.1845644861459732,gigapose_global_rank_1|R1+45|rgb_recovery,136.18148171530328,approved,epnp_raceline,rear,toward,-0.9877792304642462,22.27343792563108,22.27343792563108,1.0296650205904905,1.0296650205904905
1,937,22,11,9,0,0.7349000573158264,0.0360313318669796,gigapose_global_rank_2|rgb_recovery,137.40959372054255,approved,epnp_raceline,rear,toward,-0.724271780767945,86.504985906478,35.55667131936263,20.507730208390633,13.75386032873545
1,938,22,13,13,0,0.23144672811031342,0.23144672811031342,gigapose_global_rank_3|rgb_recovery,136.27435384187854,approved,epnp_raceline,rear,toward,-0.7079064245213861,36.03752315632474,36.03752315632474,8.402012000867993,8.402012000867993
1,939,22,2,2,1,0.0953144058585167,0.0953144058585167,gigapose_global_rank_1|R1+45|rgb_recovery|center_preserving_flip180,142.74125221822524,approved,epnp_raceline,rear,toward,-0.9731385809100832,153.5915768991965,26.72351906827853,0.3252455505647763,0.3252455505647763
1,940,22,6,6,1,0.33666473627090454,0.33666473627090454,gigapose_global_rank_1|R1+45|rgb_recovery|center_preserving_flip180,124.57432448649881,approved,epnp_raceline,rear,toward,-0.6351264834687462,116.08105856860665,63.988858118424815,10.116253011441454,10.116253011441454
1,941,22,9,11,1,0.323047012090683,0.09345311671495438,gigapose_global_rank_0|R1+45|rgb_recovery|center_preserving_flip180,127.65415597114969,approved,epnp_raceline,rear,toward,-0.9322760928829554,7.09937875195266,34.42569425990143,1.8449071502212295,3.174217328174757
1,942,22,8,7,1,0.27346575260162354,0.06160188466310501,gigapose_global_rank_0|R1+45|rgb_recovery|center_preserving_flip180,126.34744817498819,approved,epnp_raceline,rear,toward,-0.9755866820165482,13.745312616763597,25.649380772349726,2.3210473925488166,0.3627113797007468
1,943,22,5,5,1,0.11025960743427277,0.11025960743427277,gigapose_global_rank_1|R1+45|rgb_recovery|center_preserving_flip180,121.44579488532385,approved,epnp_raceline,rear,toward,-0.9704391663838333,153.2558493637925,26.93665174944662,0.4477905430285078,0.4477905430285078
1,944,22,15,10,1,0.257109135389328,0.24539178609848022,gigapose_global_rank_1|R0+45|rgb_recovery|center_preserving_flip180,112.76719589645808,approved,epnp_raceline,rear,toward,-0.7865513030979486,86.57373315523594,53.62905234471302,14.061037785760691,6.2556062821947815
1,945,22,10,4,1,0.2799718976020813,0.06791500002145767,gigapose_global_rank_1|R1+45|rgb_recovery|center_preserving_flip180,122.18307521173455,approved,epnp_raceline,rear,toward,-0.9631533176483786,29.810776966725275,28.631334581942976,10.206566224623048,1.559043564260186
1,946,22,10,7,1,0.2613823115825653,0.06707409024238586,gigapose_global_rank_0|align_detection|rgb_recovery|center_preserving_flip180,116.28676060995926,approved,epnp_raceline,rear,toward,-0.7902786186177698,86.57368688543562,52.52976076420398,15.282790033492548,14.496276436460946
1,947,22,7,4,1,0.27502724528312683,0.16502326726913452,gigapose_global_rank_2|align_detection|rgb_recovery|center_preserving_flip180,102.04278230470744,approved,epnp_raceline,rear,toward,-0.7783383242669055,36.30054293247036,52.764334248406506,11.86921667747158,12.682535962796278
1,948,22,9,5,1,0.174402117729187,0.1581379473209381,gigapose_global_rank_2|logz-0.35|rgb_recovery|center_preserving_flip180,113.88076232905739,approved,epnp_raceline,rear,toward,-0.8265508623682871,35.83008681891999,47.51733658439727,8.590837928647002,5.689410204694098
1,949,22,12,5,1,0.266605943441391,0.06586960703134537,gigapose_global_rank_1|R1+45|rgb_recovery|center_preserving_flip180,121.95782812566327,approved,epnp_raceline,rear,toward,-0.9622149710722107,30.902801623713476,28.71437381780939,7.4755691946911105,1.4691949219138243
1,950,22,10,10,1,0.17370514571666718,0.17370514571666718,gigapose_global_rank_0|R1+45|rgb_recovery|center_preserving_flip180,116.66955710317653,approved,epnp_raceline,rear,toward,-0.9221943889326233,144.71142838708474,35.49227175962684,4.8409519214073224,4.8409519214073224
1,951,22,12,11,1,0.2245439887046814,0.1505354344844818,gigapose_global_rank_1|R0+45|rgb_recovery|center_preserving_flip180,125.34135279075808,approved,epnp_raceline,rear,toward,-0.7659976875407338,88.2436332154468,55.54196537938055,15.514778766445078,6.537156742905349
1,952,22,10,7,1,0.3336387276649475,0.08212956041097641,gigapose_global_rank_1|R1+45|rgb_recovery|center_preserving_flip180,136.00084062463924,approved,epnp_raceline,rear,toward,-0.9633536021315845,36.136438335293384,28.450824784177723,9.061215201162536,0.5713639389224099
1,953,22,1,1,1,0.15505334734916687,0.15505334734916687,gigapose_global_rank_1|R1+45|rgb_recovery|center_preserving_flip180,134.03037749715696,approved,epnp_raceline,rear,toward,-0.9697098647738321,153.59700266370112,26.799564628921555,2.349484228287679,2.349484228287679
1,954,22,5,8,1,0.2780280113220215,0.18531309068202972,gigapose_global_rank_0|R1+45|rgb_recovery|center_preserving_flip180,134.2132344625133,approved,epnp_raceline,rear,toward,-0.9005697963821172,32.746398814152016,38.96165387483283,8.248427537370594,2.0459613359296926
1,955,22,3,6,1,0.1415637731552124,0.052118223160505295,gigapose_global_rank_0|rgb_recovery|center_preserving_flip180,126.02110022195723,approved,epnp_raceline,rear,toward,-0.9253826685405896,13.528879943429551,10.807203269116076,1.2849425702367516,7.034602134993796
1,956,22,1,15,1,0.2312997430562973,0.13756386935710907,gigapose_global_rank_0|R1+45|rgb_recovery|center_preserving_flip180,112.84247592310592,approved,epnp_raceline,rear,toward,-0.9114244172584658,30.648479641272427,36.681953330638564,11.437921011868557,6.207699403145291
1,957,22,10,6,1,0.41096046566963196,0.08996666967868805,gigapose_global_rank_1|R1+45|rgb_recovery|center_preserving_flip180,110.69572600565957,approved,epnp_raceline,rear,toward,-0.9593181577243632,33.082158302349725,29.02769062793182,11.781707575023722,0.46700969546813403
1,958,22,6,6,1,0.4842149615287781,0.4842149615287781,gigapose_global_rank_1|R1+45|rgb_recovery|center_preserving_flip180,101.99952595095608,approved,epnp_raceline,rear,toward,-0.5914546092237478,113.38748768227558,66.95746937363378,8.882481340575117,8.882481340575117
1,959,22,14,7,1,0.24264998733997345,0.17132894694805145,gigapose_global_rank_2|logz-0.35|rgb_recovery|center_preserving_flip180,92.01239568469725,approved,epnp_raceline,rear,toward,-0.8325402613491786,33.575473687246465,46.7663742869468,9.292081763330648,5.334520771889325
1,960,22,13,13,1,0.616235613822937,0.616235613822937,gigapose_global_rank_4|rgb_recovery|center_preserving_flip180,108.4332674760735,approved,epnp_raceline,rear,toward,-0.5987269617866703,114.34118679321661,66.75283338666792,13.106190177609546,13.106190177609546
1,961,22,6,6,1,0.13001978397369385,0.13001978397369385,gigapose_global_rank_0|R1+45|rgb_recovery|center_preserving_flip180,118.67139232286004,approved,epnp_raceline,rear,toward,-0.96295047144624,151.8413887376031,28.3860860119563,1.5073755017023065,1.5073755017023065
1,962,22,8,9,1,0.19981564581394196,0.17236794531345367,gigapose_global_rank_4|rgb_recovery|center_preserving_flip180,119.37176332506043,approved,epnp_raceline,rear,toward,-0.7788210486209968,29.241330461870003,52.29218643648919,9.128233005822251,9.75294323091051
1,963,22,8,2,1,0.2169749140739441,0.1615530550479889,gigapose_global_rank_2|align_detection|rgb_recovery|center_preserving_flip180,128.4590852108316,approved,epnp_raceline,rear,toward,-0.7566794627619667,32.87900066746109,54.91615626477979,7.913468937609898,11.738373849202555
1,964,22,12,5,1,0.16192972660064697,0.07330886274576187,gigapose_global_rank_3|rgb_recovery|center_preserving_flip180,144.87198898550713,approved,epnp_raceline,rear,toward,-0.9807699717331326,11.328377347937094,23.636141924149776,2.7596200383796377,1.4327019197372723
1,965,22,12,2,0,0.10747408121824265,0.09534327685832977,gigapose_global_rank_0|R1+20|rgb_recovery,135.7129551563001,approved,epnp_raceline,rear,toward,-0.9890599712472359,8.202536623052039,20.969192458296043,1.3373808668969251,0.3260871528657114
1,966,22,5,5,0,0.31813856959342957,0.31813856959342957,gigapose_global_rank_2|align_detection|rgb_recovery,144.11590423908598,approved,epnp_raceline,rear,toward,-0.9913546221966958,8.130263266002505,8.130263266002505,1.4399556159474625,1.4399556159474625
1,967,22,6,10,1,0.28302082419395447,0.08385366946458817,gigapose_global_rank_1|R1+45|rgb_recovery|center_preserving_flip180,142.72394783477722,approved,epnp_raceline,rear,toward,-0.9615814767815493,30.383246727487666,28.26601457556553,11.315316259959278,0.2713759946313247
1,968,22,7,12,1,0.27039310336112976,0.034068819135427475,gigapose_global_rank_3|rgb_recovery|center_preserving_flip180,140.95955457433882,approved,epnp_raceline,rear,toward,-0.9983126873606403,11.02544767894226,15.899629283158651,3.5778046436146504,1.8004131254562163
1,969,22,9,4,0,0.11352268606424332,0.08772297203540802,gigapose_global_rank_0|R1+20|rgb_recovery,131.9298945529917,approved,epnp_raceline,rear,toward,-0.9883547214396691,11.910676651559386,21.300173807948664,3.743012528735964,2.0294358544254023
1,970,22,3,6,0,0.1280103176832199,0.08441939949989319,gigapose_global_rank_0|yaw+30|rgb_recovery,131.47265216529425,approved,epnp_raceline,rear,toward,-0.9928532716871229,8.102745545947702,11.357584934873726,0.8801244479495814,1.1593272478446588
1,971,22,6,7,0,0.09459590911865234,0.09117637574672699,gigapose_global_rank_0|R1+20|rgb_recovery,125.42261437675754,approved,epnp_raceline,rear,toward,-0.9856796496095712,9.085588811148538,21.935758571500894,3.0523526881622742,1.6537638167634037
1,972,22,0,9,0,0.10033567994832993,0.0737307146191597,gigapose_global_rank_0|R1+20|rgb_recovery,122.72467008320461,approved,epnp_raceline,rear,toward,-0.9930698721584419,5.849639685914532,19.47517201836443,1.1334306288573357,3.4042597568400934
1,973,22,15,1,0,0.10262426733970642,0.08914316445589066,gigapose_global_rank_1|R1+45|rgb_recovery,125.02036101254325,approved,epnp_raceline,rear,toward,-0.9737573449672884,39.3554188113368,25.085270363671075,9.177566093804337,1.741327204619448
1,974,22,12,1,0,0.19189020991325378,0.07103297114372253,gigapose_global_rank_0|align_detection|rgb_recovery,127.78569358406807,approved,epnp_raceline,rear,toward,-0.9910291548641015,124.75611871198004,8.171919419162087,11.016728073510798,3.101628743433581
1,975,22,8,5,0,0.13659174740314484,0.10198188573122025,gigapose_global_rank_1|R1+20|rgb_recovery,130.3732847732711,approved,epnp_raceline,rear,toward,-0.9890704904973794,6.802394001225821,20.739384352031152,1.6457149757058744,2.6296570015229865
1,976,22,0,3,0,0.12830287218093872,0.07270720601081848,gigapose_global_rank_0|uv1-48|rgb_recovery,128.8449139562944,approved,epnp_raceline,rear,toward,-0.9872471655383491,6.999512016858466,5.409511084416748,3.357767985741601,2.837071708447006
1,977,22,2,14,1,0.14470499753952026,0.12195577472448349,gigapose_global_rank_0|R1+45|rgb_recovery|center_preserving_flip180,119.63819005503557,approved,epnp_raceline,rear,toward,-0.9552921434409295,143.91844686236828,29.76042817877574,12.819403434579618,2.131632891197796
1,978,22,5,5,1,0.24268393218517303,0.24268393218517303,gigapose_global_rank_1|R1+20|rgb_recovery|center_preserving_flip180,131.05062689827804,approved,epnp_raceline,rear,toward,-0.520949684761869,110.52837427724343,71.2461544721379,9.953981544663971,9.953981544663971
1,979,22,14,15,1,0.4682491719722748,0.16248689591884613,gigapose_global_rank_1|yaw-30|rgb_recovery|center_preserving_flip180,124.9343433314378,approved,epnp_raceline,rear,toward,-0.7665501264074794,126.04506402002426,53.88088038838195,7.159140876418542,6.354391866820697
1,980,22,15,15,1,0.14883792400360107,0.14883792400360107,gigapose_global_rank_0|R0+20|rgb_recovery|center_preserving_flip180,120.7827262307679,approved,epnp_raceline,rear,toward,-0.7240224639651348,125.16430237783065,55.09006176522303,12.234528224951887,12.234528224951887
1,981,22,13,13,1,0.19623397290706635,0.19623397290706635,gigapose_global_rank_1|R0+20|rgb_recovery|center_preserving_flip180,117.86612496778382,approved,epnp_raceline,rear,toward,-0.7563890606445797,128.1437331223769,52.23876388506052,11.254775961963535,11.254775961963535
1,982,22,8,6,1,0.5851008892059326,0.035075780004262924,gigapose_global_rank_0|R1+20|rgb_recovery|center_preserving_flip180,124.28520580754767,approved,epnp_raceline,rear,toward,-0.9948843149228813,49.32203878387051,10.615994880971506,18.41814043943161,2.060166090170494
1,983,22,3,2,1,0.19033578038215637,0.09416522085666656,gigapose_global_rank_0|logz-0.35|rgb_recovery|center_preserving_flip180,121.6573964125841,approved,epnp_raceline,rear,toward,-0.5884374518847436,110.966634093646,66.38811707009765,20.940905586733546,11.825022591958726
1,984,22,3,14,1,0.1654403656721115,0.07467839866876602,gigapose_global_rank_0|R1+45|rgb_recovery|center_preserving_flip180,124.65726236628527,approved,epnp_raceline,rear,toward,-0.8800027050172954,22.71467246302446,39.86995189266782,0.6152046471988444,6.885138358769607
1,985,22,7,14,1,0.23336710035800934,0.09302689880132675,gigapose_global_rank_0|R1+45|rgb_recovery|center_preserving_flip180,132.4650284323048,approved,epnp_raceline,rear,toward,-0.9409400147372167,7.134460310748436,30.91835496288056,4.619079361623122,2.493825011004104
1,986,22,3,5,1,0.3207756280899048,0.11786151677370071,gigapose_global_rank_0|R1+45|rgb_recovery|center_preserving_flip180,139.33879126653414,approved,epnp_raceline,rear,toward,-0.9656980837951755,34.333134438574454,26.25768769444243,10.417045353092172,1.961301123261071
1,987,22,10,1,0,0.15207284688949585,0.1160835549235344,gigapose_global_rank_1|uv1-48|rgb_recovery,121.15752736053915,approved,epnp_raceline,rear,toward,-0.9965863937544416,11.272604227818077,8.94302527301417,3.7936936465091433,4.166275517228012
1,988,22,1,1,0,0.13328969478607178,0.13328969478607178,gigapose_global_rank_1|align_detection|rgb_recovery,117.5171344287002,approved,epnp_raceline,rear,toward,-0.9967008539689598,7.155406696711025,7.155406696711025,3.802924321191163,3.802924321191163
1,989,22,9,3,0,0.16403158009052277,0.13158857822418213,gigapose_global_rank_1|R0+20|rgb_recovery,120.51237266108562,approved,epnp_raceline,rear,toward,-0.9985757361862804,8.85772392811987,7.956986482410604,3.1831340704360493,3.3598551972498107
1,990,22,3,8,1,0.2758064568042755,0.05811137333512306,gigapose_global_rank_1|R1+20|rgb_recovery|center_preserving_flip180,120.86316532815115,approved,epnp_raceline,rear,toward,-0.9936341618551361,32.77907711416903,17.308669751345167,12.790413839597427,0.8250823434195048
1,991,22,14,13,1,0.12398237735033035,0.035636767745018005,gigapose_global_rank_1|flip180|rgb_recovery|center_preserving_flip180,109.81156976332025,approved,epnp_raceline,rear,toward,-0.9940954384617562,9.912181610514002,11.735065446350038,2.9298070915517807,3.84929403682271
1,992,22,5,8,1,0.1989806741476059,0.06320512294769287,gigapose_global_rank_0|R1+20|rgb_recovery|center_preserving_flip180,123.69777115689729,approved,epnp_raceline,rear,toward,-0.9991265047091098,153.25498715662587,9.812931048330478,12.023870676005982,3.136317306965169
1,993,22,15,11,1,0.36039116978645325,0.04219859465956688,gigapose_global_rank_0|R1+20|rgb_recovery|center_preserving_flip180,109.93924405381445,approved,epnp_raceline,rear,toward,-0.9972807149432594,30.819816705209888,10.912066334537348,6.90133543081731,4.2206746119946255
1,994,22,9,8,1,0.3437402844429016,0.06439048796892166,gigapose_global_rank_1|R1+45|rgb_recovery|center_preserving_flip180,94.41856611256895,approved,epnp_raceline,rear,toward,-0.953108705680746,19.85151454146007,28.601439080712577,4.228420988686223,1.1611864049327105
1,995,22,5,5,1,0.2475537657737732,0.2475537657737732,gigapose_global_rank_4|rgb_recovery|center_preserving_flip180,96.45332796922433,approved,epnp_raceline,rear,toward,-0.7564339573586011,128.97073500499974,52.28813073592836,8.715249109558442,8.715249109558442
1,996,22,1,8,1,0.23546536266803741,0.15905216336250305,gigapose_global_rank_4|rgb_recovery|center_preserving_flip180,98.35747547712722,approved,epnp_raceline,rear,toward,-0.6791881131144236,30.963104514670466,59.18709210423783,7.504805281742108,11.001922725294584
1,997,22,6,12,1,0.2664561867713928,0.0709030032157898,gigapose_global_rank_4|rgb_recovery|center_preserving_flip180,90.4382866579725,approved,epnp_raceline,rear,toward,-0.6867163041272971,44.53604527426706,58.86293251348793,8.559072258489207,9.744126268684546
1,998,22,12,10,1,0.2340162992477417,0.2062413990497589,gigapose_global_rank_3|rgb_recovery|center_preserving_flip180,96.06323161029256,approved,epnp_raceline,rear,toward,-0.6868838112752799,19.798124715181917,59.94454776760603,2.72443143311234,10.355495730803385
1,999,22,11,13,0,0.1804853081703186,0.13451670110225677,gigapose_global_rank_1|R1+45|rgb_recovery,93.5462960576821,approved,epnp_raceline,rear,toward,-0.9484360494846925,63.21803765500862,30.353081065532884,12.54279605482108,4.336652506218254
1,1000,22,4,3,0,0.25796857476234436,0.02198651432991028,gigapose_global_rank_2|rgb_recovery,81.56941723196009,approved,epnp_raceline,rear,toward,-0.8121424737904985,90.04715346439518,27.93560211945599,23.207321449136312,7.613071350469372
1,1001,22,0,5,0,0.24305495619773865,0.023888492956757545,gigapose_global_rank_4|rgb_recovery,93.32920735983095,approved,epnp_raceline,rear,toward,-0.836789000963224,86.98764556851918,24.571252916218647,28.6370607711688,7.048931665961749
1,1002,22,6,1,1,0.21018989384174347,0.017871318385004997,gigapose_global_rank_0|R0-20|rgb_recovery|center_preserving_flip180,115.80935603682028,approved,epnp_raceline,rear,toward,-0.9070122928405476,102.82353289806406,19.101526671382675,14.63698164111414,2.5866107552603794
1,1003,22,0,11,1,0.13459886610507965,0.01629963144659996,gigapose_global_rank_1|R1-20|rgb_recovery|center_preserving_flip180,130.49049261770816,approved,epnp_raceline,rear,toward,-0.607729294203216,122.4183032587853,41.92278383712772,33.89074628577713,9.21502743206854
1,1004,22,5,2,1,0.12939193844795227,0.027216585353016853,gigapose_global_rank_0|align_detection|rgb_recovery|center_preserving_flip180,144.4428492301442,approved,epnp_raceline,rear,toward,-0.914790602467615,118.82443399331055,13.145136320603344,12.562911102422026,3.553953599271467
1,1005,22,4,7,1,0.18961872160434723,0.0237926933914423,gigapose_global_rank_0|R1+20|rgb_recovery|center_preserving_flip180,132.6240609264724,approved,epnp_raceline,rear,toward,-0.9973384067200343,11.760860071897184,14.688886842526511,1.6192886031701408,2.958659350396285
1,1006,22,1,2,1,0.13809604942798615,0.046508967876434326,gigapose_global_rank_1|uv0-48|rgb_recovery|center_preserving_flip180,111.43880844469766,approved,epnp_raceline,rear,toward,-0.9482401763668247,7.243251977107755,8.806929896225173,0.42372803463862324,1.5731152841405542
1,1007,22,9,2,1,0.24371375143527985,0.044362492859363556,gigapose_global_rank_1|R1-20|rgb_recovery|center_preserving_flip180,113.11151623667861,approved,epnp_raceline,rear,toward,-0.7415090911266017,11.477964660694736,31.99253557405732,0.8238806748015487,8.386278109932467
1,1008,22,7,2,1,0.1557268351316452,0.08157183974981308,gigapose_global_rank_1|R1-20|rgb_recovery|center_preserving_flip180,102.35301022284928,approved,epnp_raceline,rear,toward,-0.722519592452278,164.97801235744254,33.280453847379796,10.004116401581848,9.601763021816163
1,1009,22,9,0,1,0.1472351998090744,0.01520579494535923,gigapose_rank0_baseline|rgb_recovery|center_preserving_flip180,99.49485462089295,approved,epnp_raceline,rear,toward,-0.9036962086940881,20.19271521909055,15.278104172179496,2.8593578702496965,4.9341328479835935
1,1010,22,10,6,1,0.2972904443740845,0.007415840867906809,gigapose_global_rank_3|rgb_recovery|center_preserving_flip180,108.28971750203281,approved,epnp_raceline,rear,toward,-0.9014425617733669,74.36618692628085,14.357606542557264,10.772720672861528,1.6275040306373632
1,1011,22,0,10,1,0.2678326964378357,0.13418303430080414,gigapose_global_rank_0|rgb_recovery|center_preserving_flip180,118.05533076840507,approved,epnp_raceline,rear,toward,-0.6684584362314072,118.49319576713334,60.24521303531668,25.46105086778386,8.60957122666636
1,1012,22,0,7,1,0.20128536224365234,0.1525058001279831,gigapose_global_rank_0|R1+20|rgb_recovery|center_preserving_flip180,108.74866389198323,approved,epnp_raceline,rear,toward,-0.3511485082238009,118.63944779516984,81.78009050351783,25.401680066817235,8.375681933195684
1,1013,22,15,9,1,0.29598262906074524,0.1421969085931778,gigapose_global_rank_2|rgb_recovery|center_preserving_flip180,94.08465764756758,approved,epnp_raceline,rear,toward,-0.5914053803159769,55.59927353101034,66.69638489390472,7.660396747623345,6.57061072822538
1,1014,22,0,11,1,0.23630963265895844,0.12953151762485504,gigapose_global_rank_2|align_detection|rgb_recovery|center_preserving_flip180,105.14983987113679,approved,epnp_raceline,rear,toward,-0.6614330486498681,21.043794349503028,61.53311506670389,16.226921681107985,8.708878362045452
1,1015,22,10,7,0,0.10952909290790558,0.04079388827085495,gigapose_global_rank_2|rgb_recovery,130.5536241985244,approved,epnp_raceline,rear,toward,-0.8866739951544337,111.50585263272409,17.75621232065612,8.620458735232397,1.3131593118389089
1,1016,22,6,10,0,0.2033648043870926,0.03877204284071922,gigapose_global_rank_2|rgb_recovery,123.93499348166057,approved,epnp_raceline,rear,toward,-0.9027292250876443,96.18597417695676,13.46434954001706,11.426308503773853,0.8176810966697143
1,1017,22,0,2,0,0.19559121131896973,0.04710765182971954,gigapose_global_rank_0|rgb_recovery,120.7062691562003,approved,epnp_raceline,rear,toward,-0.8933721423230463,16.864340176606525,14.495936139555145,8.675055948214942,1.537036351310138
1,1018,22,9,6,1,0.39450427889823914,0.03503650799393654,gigapose_global_rank_2|flip180|rgb_recovery|center_preserving_flip180,108.62752425052638,approved,epnp_raceline,rear,toward,-0.9012959707104384,91.62237400612223,14.783518655328807,6.193554576814771,1.77155094072962
1,1019,22,13,7,1,0.12323318421840668,0.043248649686574936,gigapose_global_rank_1|R1-20|rgb_recovery|center_preserving_flip180,105.35834713401694,approved,epnp_raceline,rear,toward,-0.8511966191886422,99.2764415055632,46.15942128180877,6.762208720120854,4.395281255458939
1,1020,22,11,10,0,0.2332962453365326,0.04057753458619118,gigapose_global_rank_1|logz+0.35|rgb_recovery,81.43601052445618,approved,epnp_raceline,rear,toward,-0.8914995416763695,82.78859770647212,15.752232502451887,10.184530770020269,6.436367888228857
1,1021,22,7,7,0,0.18704631924629211,0.18704631924629211,gigapose_global_rank_0|R1+45|rgb_recovery,70.31758629596494,approved,epnp_raceline,rear,toward,-0.08774320212829453,70.0427743342064,70.0427743342064,11.647543613743988,11.647543613743988
1,1022,22,8,8,0,0.27275124192237854,0.27275124192237854,gigapose_global_rank_1|R1+45|rgb_recovery,70.29979313828453,approved,epnp_raceline,rear,toward,-0.04300418120065462,73.02498328288945,73.02498328288945,5.941521796228649,5.941521796228649
1,1023,22,0,9,0,0.17940881848335266,0.014139904640614986,gigapose_global_rank_1|flip180|rgb_recovery,68.50479887858107,approved,epnp_raceline,rear,toward,-0.8003020365707677,15.793281239114998,28.368470849408084,7.74405997468895,5.318691489907624
1,1024,22,0,11,0,0.18392345309257507,0.06592606753110886,gigapose_global_rank_0|yaw-30|rgb_recovery,60.71359685530747,approved,epnp_raceline,rear,toward,-0.8967743136757529,15.405246289197114,16.184104871528785,7.738631631291258,1.1782423159364759
1,1025,22,11,6,0,0.17436997592449188,0.03321706876158714,gigapose_global_rank_0|logz+0.35|rgb_recovery,60.57305869395164,approved,epnp_raceline,rear,toward,-0.8954849373782784,106.87938275376614,11.472664493069628,6.8120054245760056,2.8626781641542385
1,1026,22,6,15,0,0.15990041196346283,0.10870098322629929,gigapose_global_rank_0|R1-20|rgb_recovery,56.16474357447504,approved,epnp_raceline,rear,toward,-0.6293225493901389,110.95770908425254,35.33414821912552,7.206632587086982,5.398231064099931
1,1027,22,0,0,0,0.19590872526168823,0.19590872526168823,gigapose_rank0_baseline|rgb_recovery,64.30426671965486,approved,epnp_raceline,rear,toward,-0.9006156178664392,13.406407664579238,13.406407664579238,8.52076338343824,8.52076338343824
1,1028,22,6,7,0,0.1139453575015068,0.04378112778067589,gigapose_global_rank_2|align_detection|rgb_recovery,78.4002160342477,approved,epnp_raceline,rear,toward,-0.8976819771137734,113.92692487880386,12.373324577550763,5.104110831806945,1.7242489855379024
1,1029,22,3,15,0,0.1447126716375351,0.07658319920301437,gigapose_global_rank_1|R0+20|rgb_recovery,74.72292986433727,approved,epnp_raceline,rear,toward,-0.862837192708578,109.18124401047145,24.956098005386917,6.969736118557706,0.5534618839919258
1,1030,22,3,5,0,0.18757747113704681,0.030575964599847794,gigapose_global_rank_3|rgb_recovery,69.54299406263152,approved,epnp_raceline,rear,toward,-0.8672062113716618,68.06657147618645,13.230998734874477,11.439138660052791,0.45794301676643817
1,1031,22,10,7,0,0.10112480074167252,0.03654245287179947,gigapose_global_rank_2|rgb_recovery,60.55110600307914,approved,epnp_raceline,rear,toward,-0.9092375957288589,106.8292300019045,8.815225426892464,6.858609340974836,0.24373702212498194
1,1032,22,9,1,0,0.20706434547901154,0.035579927265644073,gigapose_global_rank_2|align_detection|rgb_recovery,59.12440780161124,approved,epnp_raceline,rear,toward,-0.9100536535303722,89.89798737387027,8.802932292907279,11.147325093059345,0.508950780094626
1,1033,22,9,10,0,0.18695633113384247,0.07720103114843369,gigapose_global_rank_1|R1-20|rgb_recovery,53.281630136766445,approved,epnp_raceline,rear,toward,-0.7014365273790474,52.131593054962956,28.092460511493268,7.795093322050001,7.626947485961184
1,1034,22,2,2,0,0.14934952557086945,0.14934952557086945,gigapose_global_rank_1|R1-20|rgb_recovery,64.05391008928824,approved,epnp_raceline,rear,toward,-0.6541939189462287,32.56983235758442,32.56983235758442,7.46680130054667,7.46680130054667
1,1035,22,3,3,0,0.26094454526901245,0.26094454526901245,gigapose_global_rank_0|R1+45|rgb_recovery,64.02205061017256,approved,epnp_raceline,rear,toward,-0.055611200416098946,67.45245240693903,67.45245240693903,13.641750935513782,13.641750935513782
1,1036,22,13,12,1,0.4001280963420868,0.023883553221821785,gigapose_global_rank_1|R1-45|rgb_recovery|center_preserving_flip180,79.19752809204755,approved,epnp_raceline,rear,toward,-0.3228947499765688,95.74881997099932,50.54211365648067,4.120978860275465,10.82198998402345
1,1037,22,12,12,0,0.32749155163764954,0.32749155163764954,gigapose_global_rank_1|R1-45|rgb_recovery,79.34746167156098,approved,epnp_raceline,rear,toward,-0.2523059080962676,56.218874790857335,56.218874790857335,14.068910615039256,14.068910615039256
1,1038,22,0,11,0,0.187958225607872,0.07652772963047028,gigapose_global_rank_0|R0+20|rgb_recovery,82.21284673452003,approved,epnp_raceline,rear,toward,-0.8550119605515424,13.911802855621556,28.637217843610184,7.0062059925186055,1.0510886704226918
1,1039,22,1,12,0,0.1654479056596756,0.0911698117852211,gigapose_global_rank_0|R1-20|rgb_recovery,68.97510688572017,approved,epnp_raceline,rear,toward,-0.6829285569245283,49.41187846387051,27.75257696320941,9.387508030174756,5.702020583149624
1,1040,22,15,5,0,0.1312272995710373,0.09436707943677902,gigapose_global_rank_4|rgb_recovery,78.37943872671507,approved,epnp_raceline,rear,toward,-0.8676855985885479,117.56021662429411,15.424496706821483,3.4312316708899018,1.2794923750627596
1,1041,22,12,14,0,0.14193853735923767,0.057310253381729126,gigapose_global_rank_3|rgb_recovery,88.30015788099676,approved,epnp_raceline,rear,toward,-0.8539767601563887,101.24388507485095,11.333384842679168,6.226361372694728,0.8804751030285127
1,1042,22,13,10,1,0.13173367083072662,0.027353860437870026,gigapose_global_rank_1|R1-45|rgb_recovery|center_preserving_flip180,88.31803063582467,approved,epnp_raceline,rear,toward,-0.3304124458873046,114.1336443588926,48.805990792094946,5.518254494762616,8.344573833723782
1,1043,22,0,15,1,0.17328856885433197,0.05495848134160042,gigapose_global_rank_1|R1-45|rgb_recovery|center_preserving_flip180,98.82748728650026,approved,epnp_raceline,rear,toward,-0.3261622421241443,119.35102137465744,50.17855346871254,22.358601770951967,6.343825538767442
1,1044,22,0,4,1,0.1841510534286499,0.027036014944314957,gigapose_global_rank_3|rgb_recovery|center_preserving_flip180,114.71663381924236,approved,epnp_raceline,rear,toward,-0.8897806260282939,109.47278697995971,8.54704801511925,29.218210337271493,0.7005460696437907
1,1045,22,0,12,0,0.2299734652042389,0.10784054547548294,gigapose_global_rank_0|R1-20|rgb_recovery,115.201945297989,approved,epnp_raceline,rear,toward,-0.6856210720956447,15.916336174677122,26.35585323581287,4.688329254960705,2.338915168347138
1,1046,22,0,2,0,0.13471068441867828,0.07436943799257278,gigapose_global_rank_1|yaw-30|rgb_recovery,122.52455231614904,approved,epnp_raceline,rear,toward,-0.8701698901461202,118.08724850894544,13.912797576960184,15.68812939025856,0.3189531642754247
1,1047,22,14,4,0,0.19804702699184418,0.061112355440855026,gigapose_global_rank_0|R1+45|rgb_recovery,117.48619617084009,approved,epnp_raceline,rear,toward,-0.953631956280977,50.60227427852029,40.13037942597676,3.998552701426914,2.547214362752847
1,1048,22,0,13,1,0.19977132976055145,0.08339322358369827,gigapose_global_rank_4|rgb_recovery|center_preserving_flip180,111.63069029952133,approved,epnp_raceline,rear,toward,-0.6555059024077082,14.726298932642264,71.17567048285403,14.318091182119801,5.379273591742878
1,1049,22,15,15,1,0.15568120777606964,0.15568120777606964,gigapose_global_rank_1|R1+20|rgb_recovery|center_preserving_flip180,104.6398885716449,approved,epnp_raceline,rear,toward,-0.5143436228654616,99.13618072945374,81.06790709029141,6.58750178204156,6.58750178204156
1,1050,22,12,5,1,0.14406822621822357,0.03860517963767052,gigapose_global_rank_1|uv0+48|rgb_recovery|center_preserving_flip180,127.72436486317662,approved,epnp_raceline,rear,toward,-0.8043874470357043,91.9855361161456,57.77017167455314,14.181659245452028,3.6784147223040717
1,1051,22,9,1,1,0.16683948040008545,0.03713767230510712,gigapose_global_rank_0|logz+0.35|rgb_recovery|center_preserving_flip180,114.30840654364695,approved,epnp_raceline,rear,toward,-0.8373133151788457,73.0394000479726,11.890372599952281,12.535794949214075,6.756290259021725
1,1052,22,8,5,0,0.2155275195837021,0.07694578170776367,gigapose_global_rank_1|R1-20|rgb_recovery,118.84572068750605,approved,epnp_raceline,rear,toward,-0.682019907588154,52.64533407494257,26.10217185398126,9.643212839289381,6.133922015738374
1,1053,22,0,14,0,0.13887634873390198,0.05278262868523598,gigapose_global_rank_1|flip180|rgb_recovery,120.81160315305448,approved,epnp_raceline,rear,toward,-0.8255007398262738,119.31822260341114,15.391543464535491,22.47306427339127,2.44860738550406
1,1054,22,3,6,0,0.0939391627907753,0.06381651014089584,gigapose_global_rank_0|flip180|rgb_recovery,114.35437966505367,approved,epnp_raceline,rear,toward,-0.7951172134275415,72.21200995773386,59.81872441588503,7.9934845701713355,8.33805335685477
1,1055,22,2,7,0,0.22515662014484406,0.04461975023150444,gigapose_global_rank_2|align_detection|rgb_recovery,100.11142972580785,approved,epnp_raceline,rear,toward,-0.884662799126275,68.28373393536067,12.762404624506303,5.903977661246345,0.231009296776317
1,1056,22,0,11,0,0.2033597230911255,0.07877132296562195,gigapose_global_rank_0|yaw-30|rgb_recovery,90.16251177510021,approved,epnp_raceline,rear,toward,-0.8831463778665237,16.36299383768806,16.84793615335744,10.711471539663435,0.8857460645753018
1,1057,22,0,5,0,0.190907284617424,0.041050780564546585,gigapose_global_rank_0|uv1+48|rgb_recovery,90.99062999618991,approved,epnp_raceline,rear,toward,-0.8799094007266194,17.288806837834596,9.83672239394025,9.677930715629577,0.8496128721429468
1,1058,22,1,7,0,0.12134844064712524,0.03575490042567253,gigapose_global_rank_1|uv1-48|rgb_recovery,105.96163147852513,approved,epnp_raceline,rear,toward,-0.911676437220541,50.7932330885601,11.661487082885648,13.614834505339726,2.338566061140825
1,1059,22,10,4,1,0.12440235167741776,0.07955436408519745,gigapose_global_rank_2|logz-0.35|rgb_recovery|center_preserving_flip180,123.71758878361332,approved,epnp_raceline,rear,toward,-0.6891507326851908,107.13286306931911,70.73800017207921,9.12469138542408,4.640198141918131
1,1060,22,2,15,1,0.1586553305387497,0.09886638075113297,gigapose_global_rank_4|rgb_recovery|center_preserving_flip180,119.06763627458861,approved,epnp_raceline,rear,toward,-0.6498786746485194,113.72662847549167,71.66116988075872,10.368316898194466,7.210100866161521
1,1061,22,0,3,1,0.2879481613636017,0.08878133445978165,gigapose_global_rank_3|rgb_recovery|center_preserving_flip180,123.85449515785602,approved,epnp_raceline,rear,toward,-0.6647780878334864,16.377930781799776,71.39038919539223,6.429540586575126,6.9813118686676985
1,1062,22,11,6,1,0.13551394641399384,0.0097207585349679,gigapose_global_rank_4|rgb_recovery|center_preserving_flip180,110.82676821344144,approved,epnp_raceline,rear,toward,-0.8161503507200811,65.67921370077228,16.24294270074826,10.411531988314925,1.461886651085786
1,1063,22,5,2,1,0.1560787856578827,0.04876946657896042,gigapose_global_rank_0|R1-20|rgb_recovery|center_preserving_flip180,91.3551061195231,approved,epnp_raceline,rear,toward,-0.48787616873666534,4.846078806214133,41.50899086876764,0.560168605408774,8.165706999770416
1,1064,22,13,8,0,0.11271299421787262,0.0831887274980545,gigapose_global_rank_0|R1-20|rgb_recovery,68.97246481842727,approved,epnp_raceline,rear,toward,-0.7152673591402267,106.6928248980354,24.48681633802714,9.704031472208797,7.435091261042549
1,1065,22,14,8,0,0.1361115425825119,0.07769501954317093,gigapose_global_rank_1|yaw-30|rgb_recovery,43.22640075441561,approved,epnp_raceline,rear,toward,-0.85576201444782,100.70760319792873,17.653024874578776,6.809566975588136,0.329891359797656
1,1066,22,4,0,0,0.18514618277549744,0.09599685668945312,gigapose_rank0_baseline|rgb_recovery,68.01589225975258,approved,epnp_raceline,rear,toward,-0.8988048921601144,53.58438368961253,18.686144544668775,10.615075824326269,21.006308790008433
1,1067,22,4,6,0,0.10010187327861786,0.06356917321681976,gigapose_global_rank_0|R1-20|rgb_recovery,92.07085280523256,approved,epnp_raceline,rear,toward,-0.7276530941139453,107.39582888007503,22.845743484625324,8.049984922386033,10.427386586836151
1,1068,22,12,12,0,0.23353131115436554,0.23353131115436554,gigapose_global_rank_0|R1-45|rgb_recovery,96.38226215419641,approved,epnp_raceline,rear,toward,-0.31341676833943144,51.77810926302383,51.77810926302383,9.746197059387425,9.746197059387425
1,1069,22,10,10,0,0.1923421323299408,0.1923421323299408,gigapose_global_rank_0|R1-45|rgb_recovery,100.12969338271996,approved,epnp_raceline,rear,toward,-0.28268619604832534,53.297448137919474,53.297448137919474,6.6292943571042855,6.6292943571042855
1,1070,22,11,11,0,0.20338447391986847,0.20338447391986847,gigapose_global_rank_2|align_detection|rgb_recovery,103.51444048982651,approved,epnp_raceline,rear,toward,-0.896798885603071,8.251271926123417,8.251271926123417,3.6242765404097756,3.6242765404097756
1,1071,22,2,2,1,0.2255423218011856,0.2255423218011856,gigapose_global_rank_2|rgb_recovery|center_preserving_flip180,82.40779049328363,approved,epnp_raceline,rear,toward,-0.5900133368460533,104.71914031552052,75.34735066839364,8.842288240247642,8.842288240247642
1,1072,22,6,13,1,0.12101727724075317,0.11998850107192993,gigapose_global_rank_1|yaw+30|rgb_recovery|center_preserving_flip180,77.18145644238149,approved,epnp_raceline,rear,toward,-0.5911359590776027,104.18759813594116,75.2743523321016,9.305289066441796,7.711023552622827
1,1073,22,11,3,1,0.2149813026189804,0.14097362756729126,gigapose_global_rank_2|align_detection|rgb_recovery|center_preserving_flip180,69.08999684553983,approved,epnp_raceline,rear,toward,-0.6773202540574789,88.36922166589798,70.09092248233286,6.817817428536289,6.155975510098089
1,1074,22,2,10,0,0.27510491013526917,0.10026407986879349,gigapose_global_rank_1|R0-20|rgb_recovery,86.69923942346097,approved,epnp_raceline,rear,toward,-0.8955682956919991,53.773923612287696,7.072855462391777,8.682070298448023,1.2037629450773621
1,1075,22,5,5,0,0.154666930437088,0.154666930437088,gigapose_global_rank_0|R1-45|rgb_recovery,91.41010455593734,approved,epnp_raceline,rear,toward,-0.2944615670794005,53.06310882971337,53.06310882971337,6.456151723055967,6.456151723055967
1,1076,22,7,7,0,0.4101080596446991,0.4101080596446991,gigapose_global_rank_1|R1-45|rgb_recovery,87.73725817031001,approved,epnp_raceline,rear,toward,-0.21478960392582866,57.215047709130594,57.215047709130594,4.959111413114789,4.959111413114789
1,1077,22,8,8,0,0.2989653944969177,0.2989653944969177,gigapose_global_rank_0|R1-45|rgb_recovery,90.66000122464534,approved,epnp_raceline,rear,toward,-0.23316965515904997,56.25274222446824,56.25274222446824,7.956689927492506,7.956689927492506
1,1078,22,0,2,1,0.26814642548561096,0.03316526487469673,gigapose_global_rank_1|R1-45|rgb_recovery|center_preserving_flip180,93.99523379396297,approved,epnp_raceline,rear,toward,-0.5075638051193319,14.335059184763914,38.98274227685819,25.524570024351256,2.17669565407501
1,1079,22,8,8,0,0.20349358022212982,0.20349358022212982,gigapose_global_rank_0|R1-45|rgb_recovery,66.83630532657854,approved,epnp_raceline,rear,toward,-0.32172830123483337,50.59123565943308,50.59123565943308,6.471717541561643,6.471717541561643
1,1080,22,11,11,0,0.19542081654071808,0.19542081654071808,gigapose_global_rank_1|R1-45|rgb_recovery,67.94829201313792,approved,epnp_raceline,rear,toward,-0.3386762924486228,50.41520590571348,50.41520590571348,6.092762558448831,6.092762558448831
1,1081,22,0,5,1,0.2717743515968323,0.038135867565870285,gigapose_global_rank_1|R1-45|rgb_recovery|center_preserving_flip180,72.52265804102426,approved,epnp_raceline,rear,toward,-0.02799003690303063,15.453694940885477,71.24373089305543,5.608681683796764,5.943941266854168
1,1082,22,6,6,0,0.15540753304958344,0.15540753304958344,gigapose_global_rank_1|R1+45|rgb_recovery,61.14621915107912,approved,epnp_raceline,rear,toward,-0.019464975078260734,67.62744487505073,67.62744487505073,10.745280799635355,10.745280799635355
1,1083,22,6,6,0,0.23956306278705597,0.23956306278705597,gigapose_global_rank_1|R1+45|rgb_recovery,77.65909072237315,approved,epnp_raceline,rear,toward,-0.04223951336351773,68.09913911674768,68.09913911674768,11.789455403232779,11.789455403232779
1,1084,22,0,8,0,0.1526247262954712,0.06357748806476593,gigapose_global_rank_0|logz+0.35|rgb_recovery,94.65582007123919,approved,epnp_raceline,rear,toward,-0.8679640244292862,18.13169041777815,11.226551667302017,7.279091847222228,2.771058283805388
1,1085,22,14,12,0,0.15572738647460938,0.14691564440727234,gigapose_global_rank_0|R1-45|rgb_recovery,84.82362395644314,approved,epnp_raceline,rear,toward,-0.2770525050422004,62.21011549355669,52.990526875532396,7.961539267318978,3.4856190267816163
1,1086,22,10,7,0,0.18459372222423553,0.08075813204050064,gigapose_global_rank_1|R1-20|rgb_recovery,84.10355884327349,approved,epnp_raceline,rear,toward,-0.70152376417479,75.4631609762749,25.031080340487726,4.805410804663853,5.167304336083635
1,1087,22,13,13,0,0.25924667716026306,0.25924667716026306,gigapose_global_rank_1|R1-45|rgb_recovery,107.03312064584493,approved,epnp_raceline,rear,toward,-0.28854764364633445,53.44211395049397,53.44211395049397,5.225590285249702,5.225590285249702
1,1088,22,10,10,0,0.21173043549060822,0.21173043549060822,gigapose_global_rank_1|R1-45|rgb_recovery,107.07054864645862,approved,epnp_raceline,rear,toward,-0.30595836989419883,50.32019737569406,50.32019737569406,7.242765085244888,7.242765085244888
1,1089,22,0,9,1,0.2840223014354706,0.0271152351051569,gigapose_global_rank_1|R1-20|rgb_recovery|center_preserving_flip180,87.14280972002078,approved,epnp_raceline,rear,toward,-0.474683342664341,19.12633746046558,43.779111241796045,5.2930477550599875,5.607497651902489
1,1090,22,9,9,0,0.16453848779201508,0.16453848779201508,gigapose_global_rank_0|R1-45|rgb_recovery,77.00386191754652,approved,epnp_raceline,rear,toward,-0.340743674527707,48.67273629552964,48.67273629552964,5.100768352973212,5.100768352973212
1,1091,22,15,15,0,0.6895812153816223,0.6895812153816223,gigapose_global_rank_4|rgb_recovery,98.18954006489486,approved,epnp_raceline,rear,toward,-0.13245068932024512,61.548975144998074,61.548975144998074,13.76701359422018,13.76701359422018
1,1092,22,3,5,1,0.20345568656921387,0.05021287500858307,gigapose_global_rank_0|R1-45|rgb_recovery|center_preserving_flip180,97.49254013963409,approved,epnp_raceline,rear,toward,-0.07599777552887939,75.68114432543406,65.90230349002007,8.430449355961274,12.07904678147767
1,1093,22,4,1,1,0.24588091671466827,0.025595709681510925,gigapose_global_rank_0|flip180|rgb_recovery|center_preserving_flip180,92.2472782840339,approved,epnp_raceline,rear,toward,-0.7075342028686588,80.16051637803201,23.499986588956038,18.087606431555304,7.842585467484663
1,1094,22,8,1,1,0.3742501437664032,0.01664629578590393,gigapose_global_rank_2|rgb_recovery|center_preserving_flip180,104.56906982833652,approved,epnp_raceline,rear,toward,-0.8834546068161154,71.17884611376068,6.184744103651205,13.626174566776713,0.49767137812899026
1,1095,22,9,4,1,0.14746244251728058,0.015697555616497993,gigapose_global_rank_0|R1-45|rgb_recovery|center_preserving_flip180,112.50939562891668,approved,epnp_raceline,rear,toward,-0.03751960161354008,105.62604872836755,68.80143466907506,5.707218259951608,9.620794049387701
1,1096,22,12,10,1,0.23550479114055634,0.04598892852663994,gigapose_global_rank_0|R1-45|rgb_recovery|center_preserving_flip180,86.39240795160762,approved,epnp_raceline,rear,toward,-0.039809643781296145,26.813957054027483,68.35883430779401,6.562078413923463,9.482446153099424
1,1097,22,8,5,1,0.13458427786827087,0.08666025102138519,gigapose_global_rank_0|R1-45|rgb_recovery|center_preserving_flip180,72.86794616158127,approved,epnp_raceline,rear,toward,-0.27960874953232284,53.38390085398121,53.351767813045065,1.1042350467099726,6.913432729129723
1,1098,22,12,13,1,0.16377083957195282,0.010487430728971958,gigapose_global_rank_1|R1+45|rgb_recovery|center_preserving_flip180,72.05272228296111,approved,epnp_raceline,rear,toward,-0.24235734672950074,95.8647970144914,56.06283284987211,12.519324461433017,13.421860367123882
1,1099,22,8,9,1,0.30940142273902893,0.03955109044909477,gigapose_global_rank_1|R1-20|rgb_recovery|center_preserving_flip180,82.32675077056302,approved,epnp_raceline,rear,toward,-0.4445860278246256,128.45032202473325,45.99509495651361,15.274101910037707,5.24651039084057
1,1100,22,7,5,0,0.29259613156318665,0.1753586381673813,gigapose_global_rank_1|yaw-30|rgb_recovery,67.87157576653797,approved,epnp_raceline,rear,toward,-0.652749506466272,117.10488383001426,31.92104836640971,6.527136719892678,2.75124370997922
1,1101,22,9,15,0,0.23754550516605377,0.12260633707046509,gigapose_global_rank_0|R1-45|rgb_recovery,73.18223772879035,approved,epnp_raceline,rear,toward,-0.2865012947107218,78.5961902116435,53.951054907743746,7.099615235703271,6.524246533532255
1,1102,22,8,3,0,0.23527777194976807,0.03890671581029892,gigapose_global_rank_1|R0-20|rgb_recovery,71.014453496705,approved,epnp_raceline,rear,toward,-0.8713309944716563,77.30708031650762,9.01557853325239,9.332441624586169,0.8356987383421716
1,1103,22,13,5,1,0.2818431258201599,0.008274841122329235,gigapose_global_rank_1|R1-45|rgb_recovery|center_preserving_flip180,76.2927289828678,approved,epnp_raceline,rear,toward,-0.8739688094925167,96.52108800246513,6.965566841215967,8.135213822812078,2.319180375410759
1,1104,22,15,10,0,0.15812914073467255,0.04595918208360672,gigapose_global_rank_1|logz+0.35|rgb_recovery,82.68204665479107,approved,epnp_raceline,rear,toward,-0.8616837822647612,98.15323245890794,22.005561886346793,3.6074002966877305,4.255995367415724
1,1105,22,7,7,0,0.12042272090911865,0.12042272090911865,gigapose_global_rank_0|R1-20|rgb_recovery,85.09052308367421,approved,epnp_raceline,rear,toward,-0.6742371151586246,28.55365855307013,28.55365855307013,6.4960066996958075,6.4960066996958075
1,1106,22,4,4,0,0.32834509015083313,0.32834509015083313,gigapose_global_rank_1|R1+45|rgb_recovery,98.30461054580469,approved,epnp_raceline,rear,toward,-0.047842109497135674,66.88154711607675,66.88154711607675,6.66394553600136,6.66394553600136
1,1107,22,8,9,1,0.13593900203704834,0.061495598405599594,gigapose_global_rank_2|flip180|rgb_recovery|center_preserving_flip180,110.73480958047773,approved,epnp_raceline,rear,toward,-0.8776037174052396,117.17071362649175,14.789623471366973,9.156954058984244,1.1406751666734383
1,1108,22,6,12,1,0.3740435540676117,0.0534912571310997,gigapose_global_rank_0|R1+45|rgb_recovery|center_preserving_flip180,103.4615542229505,approved,epnp_raceline,rear,toward,-0.98714990955209,119.39089783584897,29.785615665746555,5.146186398563735,5.753128935690483
1,1109,22,5,8,0,0.13722418248653412,0.0986599251627922,gigapose_global_rank_1|yaw-30|rgb_recovery,89.76777305031283,approved,epnp_raceline,rear,toward,-0.8488349682312905,100.74692284919892,21.06594748457341,5.099990772225975,0.6135023417164116
1,1110,22,0,9,1,0.1167336106300354,0.08119576424360275,gigapose_global_rank_2|flip180|rgb_recovery|center_preserving_flip180,75.63255016263118,approved,epnp_raceline,rear,toward,-0.8637904895390058,119.72560799610707,11.136124781815193,20.817452746025644,2.8015549947056995
1,1111,22,0,5,0,0.35758933424949646,0.107845738530159,gigapose_global_rank_0|align_detection|rgb_recovery,68.06422198887901,approved,epnp_raceline,rear,toward,-0.8948997867654646,17.75222026960977,16.462998386389483,6.231562450103613,1.1728274624568378
1,1112,22,7,12,0,0.16735520958900452,0.06465291231870651,gigapose_global_rank_3|rgb_recovery,61.84680281768199,approved,epnp_raceline,rear,toward,-0.9468119150534968,104.32640674372807,5.692926118831635,5.051999550971799,5.602677880832616
1,1113,22,9,15,0,0.19574499130249023,0.10556881874799728,gigapose_global_rank_0|R1-20|rgb_recovery,58.226111560445005,approved,epnp_raceline,rear,toward,-0.6483181293853718,78.1960334336487,33.32203517659916,3.9710238701301055,3.8194478007387347
1,1114,22,0,4,0,0.13791878521442413,0.08061159402132034,gigapose_global_rank_0|yaw-30|rgb_recovery,59.1631915442951,approved,epnp_raceline,rear,toward,-0.8525679439343359,14.321960507773008,20.445729152874488,12.521040637439546,0.9382623104917529
1,1115,22,0,8,0,0.127234548330307,0.07060633599758148,gigapose_global_rank_0|align_detection|rgb_recovery,83.25211981035777,approved,epnp_raceline,rear,toward,-0.8563141090624228,14.403341439323503,16.282199185564668,17.686219964833356,2.1071881030778954
1,1116,22,12,15,0,0.18985266983509064,0.05889950692653656,gigapose_global_rank_1|logz+0.35|rgb_recovery,87.32692689512682,approved,epnp_raceline,rear,toward,-0.8601502187301392,93.33813869068874,12.066034247250567,9.288325925248243,0.3736874345512585
1,1117,22,0,6,0,0.21066640317440033,0.08285138756036758,gigapose_global_rank_0|align_detection|rgb_recovery,76.3758378420866,approved,epnp_raceline,rear,toward,-0.8721739696691581,17.57468399582548,18.52093440006522,9.140806683752777,0.20719128989961821
1,1118,22,11,1,0,0.14499324560165405,0.03678141161799431,gigapose_global_rank_0|uv0+48|rgb_recovery,62.59378321329452,approved,epnp_raceline,rear,toward,-0.9035494403118531,97.78511340598682,13.384677100405389,8.14667209319608,0.343774156541199
1,1119,22,7,1,1,0.11186368763446808,0.031190145760774612,gigapose_global_rank_1|R1-20|rgb_recovery|center_preserving_flip180,64.85875441896083,approved,epnp_raceline,rear,toward,-0.9926242971913597,113.32764312758907,14.971991612740757,4.128227543027041,8.070244391913997
1,1120,22,0,7,0,0.1381966471672058,0.05430852249264717,gigapose_global_rank_0|logz+0.35|rgb_recovery,53.85308551646104,approved,epnp_raceline,rear,toward,-0.8668020899214617,18.386151390788168,12.567274000675962,6.039746862303429,2.729927991656347
1,1121,22,0,0,0,0.2683851718902588,0.2683851718902588,gigapose_rank0_baseline|rgb_recovery,58.32201948827026,approved,epnp_raceline,rear,toward,-0.901393409985381,16.796953035812955,16.796953035812955,7.0801568530968435,7.0801568530968435
1,1122,22,5,0,0,0.1932833194732666,0.08237895369529724,gigapose_rank0_baseline|rgb_recovery,71.4593152426723,approved,epnp_raceline,rear,toward,-0.9010194045787163,66.68903196961644,14.74922812289716,10.040098873940037,5.121463115366589
1,1123,22,6,11,1,0.1384863704442978,0.03237992525100708,gigapose_global_rank_2|flip180|rgb_recovery|center_preserving_flip180,75.53996408372464,approved,epnp_raceline,rear,toward,-0.8566302808140956,101.9642973862769,16.524045790851986,6.86102160542261,0.42279802105527164
1,1124,22,0,7,1,0.14109911024570465,0.012444510124623775,gigapose_global_rank_1|align_detection|rgb_recovery|center_preserving_flip180,60.690061219850705,approved,epnp_raceline,rear,toward,-0.6271506476789842,108.83079224861841,30.261830100244442,21.31539184875944,6.461858625326788
1,1125,22,10,6,0,0.23360460996627808,0.10667149722576141,gigapose_global_rank_4|rgb_recovery,51.471573597975166,approved,epnp_raceline,rear,toward,-0.860412143825674,93.4582306102874,18.59499733928791,4.5366252113198815,1.0917169053583888
1,1126,22,10,10,0,0.35391679406166077,0.35391679406166077,gigapose_global_rank_1|R1+45|rgb_recovery,31.951029112523205,approved,epnp_raceline,rear,toward,-0.0856932471879074,65.42177672479872,65.42177672479872,11.663623659597986,11.663623659597986
1,1127,22,14,14,0,0.20246157050132751,0.20246157050132751,gigapose_global_rank_0|R1+45|rgb_recovery,39.22010117738894,approved,epnp_raceline,rear,toward,-0.03263339859678593,67.68383703143294,67.68383703143294,7.346149549433995,7.346149549433995
1,1128,22,6,6,0,0.24853508174419403,0.24853508174419403,gigapose_global_rank_1|R1+45|rgb_recovery,70.0196728598729,approved,epnp_raceline,rear,toward,-0.10448390855102968,63.08209960588653,63.08209960588653,11.760792037739122,11.760792037739122
1,1129,22,7,7,0,0.2802325487136841,0.2802325487136841,gigapose_global_rank_0|R1+45|rgb_recovery,94.8460142307018,approved,epnp_raceline,rear,toward,-0.052941308176889745,67.13758263328596,67.13758263328596,15.513470270997493,15.513470270997493
1,1130,22,11,11,0,0.22774095833301544,0.22774095833301544,gigapose_global_rank_1|R1+45|rgb_recovery,112.04161015710014,approved,epnp_raceline,rear,toward,-0.0524847224542443,66.17348244277743,66.17348244277743,8.023963836584027,8.023963836584027
1,1131,22,0,15,0,0.14785999059677124,0.05160371959209442,gigapose_global_rank_2|align_detection|rgb_recovery,124.95097276969571,approved,epnp_raceline,rear,toward,-0.8781401707937235,108.07629581897915,14.915044262016572,22.335017333837605,1.1175973540617736
1,1132,22,9,4,1,0.1417420208454132,0.04538553208112717,gigapose_global_rank_1|uv1+48|rgb_recovery|center_preserving_flip180,137.67882845892734,approved,epnp_raceline,rear,toward,-0.9514850263292285,113.02427273104382,39.541025889016396,7.448140288461485,4.619677099416344
1,1133,22,13,10,1,0.14072492718696594,0.028495224192738533,gigapose_global_rank_0|rgb_recovery|center_preserving_flip180,122.82848504223062,approved,epnp_raceline,rear,toward,-0.9571688117739597,110.88672378146612,38.43618463503566,10.649209180844528,4.357346024123219
1,1134,22,12,11,0,0.13654211163520813,0.07876386493444443,gigapose_global_rank_2|logz-0.35|rgb_recovery,94.10506481761695,approved,epnp_raceline,rear,toward,-0.8982026030459124,107.61384327054265,14.004398112336162,3.9949834547947027,2.521805445663703
1,1135,22,8,4,0,0.14911428093910217,0.07162503898143768,gigapose_global_rank_3|rgb_recovery,80.45132543494319,approved,epnp_raceline,rear,toward,-0.8886396790164315,108.67350629021414,11.46316193490193,6.754800788070251,1.6998197252889484
1,1136,22,12,6,0,0.15424096584320068,0.028894836083054543,gigapose_global_rank_1|flip180|rgb_recovery,85.43944467350731,approved,epnp_raceline,rear,toward,-0.9590040127097643,109.31955406934647,38.20522659790059,7.9286579389137595,3.1963949957011577
1,1137,22,14,8,0,0.24638774991035461,0.0372513048350811,gigapose_global_rank_2|logz-0.35|rgb_recovery,63.968541513803004,approved,epnp_raceline,rear,toward,-0.9044703186578192,63.85271496902801,13.851488295085034,10.97017018023413,1.2932278229167056
1,1138,22,13,6,0,0.11718657612800598,0.06349126994609833,gigapose_global_rank_1|uv1-48|rgb_recovery,60.38771215128013,approved,epnp_raceline,rear,toward,-0.8691052569072333,28.813256103342457,11.392185317591963,5.466953305402483,0.7112226025469438
1,1139,22,5,13,0,0.23852688074111938,0.05533534660935402,gigapose_global_rank_1|R1-20|rgb_recovery,74.84090776503109,approved,epnp_raceline,rear,toward,-0.6698807104841438,65.64669632386003,28.01317206195929,12.724246685207474,6.9700449428934075
1,1140,22,14,10,0,0.09347336739301682,0.06068376824259758,gigapose_global_rank_4|rgb_recovery,70.80571329574222,approved,epnp_raceline,rear,toward,-0.8971614893331478,107.7864049132305,10.990826329249964,5.031642235751274,1.470560977396233
1,1141,22,8,4,0,0.18286749720573425,0.036293093115091324,gigapose_global_rank_2|rgb_recovery,74.99923774100037,approved,epnp_raceline,rear,toward,-0.885749020555985,64.11241829799945,13.589538127376708,11.979919647096098,3.9690195233382166
1,1142,22,14,1,0,0.11238665133714676,0.05624031648039818,gigapose_global_rank_2|align_detection|rgb_recovery,74.40485003589352,approved,epnp_raceline,rear,toward,-0.8692063847878063,109.25689023700362,11.920197905703287,9.855489966981635,1.2243129837376405
1,1143,22,14,9,0,0.12273035198450089,0.0471535325050354,gigapose_global_rank_2|rgb_recovery,78.1114491380186,approved,epnp_raceline,rear,toward,-0.86436226980894,109.39440145633978,18.51562783894048,5.951279835219623,0.4345272514033453
1,1144,22,15,1,0,0.15097947418689728,0.07835607975721359,gigapose_global_rank_1|R1-20|rgb_recovery,90.74072818337608,approved,epnp_raceline,rear,toward,-0.6898595548644726,48.62080149194144,25.847162586468148,9.066055098207757,7.283906205236647
1,1145,22,4,5,1,0.12008991092443466,0.013821983709931374,gigapose_global_rank_2|align_detection|rgb_recovery|center_preserving_flip180,98.22944901165658,approved,epnp_raceline,rear,toward,-0.8239950036128155,116.84620060642722,13.397158092145109,3.0317762907300017,3.537225945698828
1,1146,22,15,6,1,0.1330588310956955,0.011228597722947598,gigapose_global_rank_3|rgb_recovery|center_preserving_flip180,117.15023718409357,approved,epnp_raceline,rear,toward,-0.8156103537957256,101.09808684344716,16.74177741116644,6.390311933708161,4.251404767781001
1,1147,22,14,5,1,0.1669817417860031,0.009561905637383461,gigapose_global_rank_2|rgb_recovery|center_preserving_flip180,120.94194049880839,approved,epnp_raceline,rear,toward,-0.8266946569227658,88.0469574048352,13.828666208547364,9.81427321432029,2.2010751416293832
1,1148,22,14,3,1,0.21385347843170166,0.029359782114624977,gigapose_global_rank_1|R1-20|rgb_recovery|center_preserving_flip180,121.03423247521506,approved,epnp_raceline,rear,toward,-0.5886538791200536,99.5596770897333,33.41850129856287,7.162499361820846,6.580726368187587
1,1149,22,0,3,1,0.23768086731433868,0.02110419049859047,gigapose_global_rank_1|logz+0.35|rgb_recovery|center_preserving_flip180,104.01622765600673,approved,epnp_raceline,rear,toward,-0.8237198120645536,109.30192640524787,12.902821241579124,23.331736149819395,5.113666210186021
1,1150,22,0,1,1,0.14285752177238464,0.03487718850374222,gigapose_global_rank_2|rgb_recovery|center_preserving_flip180,99.0737277685049,approved,epnp_raceline,rear,toward,-0.9531241107519359,110.41553254810853,38.79398958613918,27.028672206199154,3.5741751639084254
1,1151,22,12,3,0,0.22034353017807007,0.040146391838788986,gigapose_global_rank_2|logz-0.35|rgb_recovery,65.96192938547523,approved,epnp_raceline,rear,toward,-0.8761981783307167,66.82296971998736,12.5925769102405,12.345159421665796,0.8947706756523336
1,1152,22,0,10,0,0.1744234710931778,0.05325890704989433,gigapose_global_rank_2|logz-0.35|rgb_recovery,71.33362786044847,approved,epnp_raceline,rear,toward,-0.8858738440151578,110.7146388308902,9.778298497590681,26.420159065482746,0.31663480379288944
1,1153,22,9,7,0,0.16523335874080658,0.03985487297177315,gigapose_global_rank_4|rgb_recovery,94.76365386438754,approved,epnp_raceline,rear,toward,-0.8454468477552026,88.80930171346107,12.544359133440633,10.292803332756675,1.1720587756170926
1,1154,22,9,9,0,0.2579382359981537,0.2579382359981537,gigapose_global_rank_1|R1+45|rgb_recovery,104.52446986618897,approved,epnp_raceline,rear,toward,-0.045819870909455426,66.17370631848787,66.17370631848787,5.7695529891032455,5.7695529891032455
1,1155,22,7,7,0,0.23604439198970795,0.23604439198970795,gigapose_global_rank_0|R1+45|rgb_recovery,108.98146450591967,approved,epnp_raceline,rear,toward,-0.04865782073160842,66.2990875109428,66.2990875109428,12.76384096957455,12.76384096957455
1,1156,22,11,2,1,0.12907502055168152,0.03629206866025925,gigapose_global_rank_2|flip180|rgb_recovery|center_preserving_flip180,118.64571260072069,approved,epnp_raceline,rear,toward,-0.8968879253985875,89.33757746863724,6.394073945648303,8.046476075077724,0.7883955951695899
1,1157,22,14,1,1,0.12428312748670578,0.03204672038555145,gigapose_global_rank_2|align_detection|rgb_recovery|center_preserving_flip180,93.22885099871793,approved,epnp_raceline,rear,toward,-0.9353320216302564,106.98638708883739,42.781289551623644,8.514881884544065,3.7607592895516633
1,1158,22,8,7,0,0.17156177759170532,0.040075093507766724,gigapose_global_rank_2|align_detection|rgb_recovery,96.26499017803518,approved,epnp_raceline,rear,toward,-0.8632186145851667,89.31517078226551,8.747323574600186,11.36584085797565,1.593372120555864
1,1159,22,0,11,0,0.15311038494110107,0.013805347494781017,gigapose_global_rank_2|flip180|rgb_recovery,85.09532916560673,approved,epnp_raceline,rear,toward,-0.8176341785423502,111.90550505470272,15.064407328689962,25.794927165643415,2.592269168955395
1,1160,22,13,13,0,0.2173704206943512,0.2173704206943512,gigapose_global_rank_0|R1+45|rgb_recovery,85.0418065798871,approved,epnp_raceline,rear,toward,-0.012013060897948045,67.70254212263414,67.70254212263414,12.677461593978519,12.677461593978519
1,1161,22,15,15,0,0.23939336836338043,0.23939336836338043,gigapose_global_rank_1|R1+45|rgb_recovery,99.60125259198789,approved,epnp_raceline,rear,toward,-0.05288447928175821,64.89579995831146,64.89579995831146,11.425083342090991,11.425083342090991
1,1162,22,0,7,1,0.21894577145576477,0.02188856527209282,gigapose_global_rank_2|rgb_recovery|center_preserving_flip180,110.40123360681415,approved,epnp_raceline,rear,toward,-0.7817452215824643,112.76076485673201,18.504462259823963,26.83283958543053,4.391449257010251
1,1163,22,14,14,0,0.2960663437843323,0.2960663437843323,gigapose_global_rank_0|R1+45|rgb_recovery,79.85878857833339,approved,epnp_raceline,rear,toward,-0.002711485585464626,68.1831542579845,68.1831542579845,15.695404772941103,15.695404772941103
1,1164,22,10,10,0,0.32318928837776184,0.32318928837776184,gigapose_global_rank_1|R1+45|rgb_recovery,76.4365223742658,approved,epnp_raceline,rear,toward,-0.01166192609412889,67.61157093106661,67.61157093106661,9.838290721862116,9.838290721862116
1,1165,22,5,3,0,0.1506655067205429,0.04980532452464104,gigapose_global_rank_0|align_detection|rgb_recovery,63.70825716419591,approved,epnp_raceline,rear,toward,-0.907313233421912,124.89010295451521,5.3544817957680895,0.5492968060644449,7.005385504560767
1,1166,22,6,4,1,0.22115455567836761,0.1793118417263031,gigapose_global_rank_0|R1+45|rgb_recovery|center_preserving_flip180,50.54804667966166,approved,epnp_raceline,rear,toward,-0.9651127383996103,177.11764503116592,39.71461823962391,6.633868240445883,3.377074771176762
1,1167,22,3,6,1,0.217652827501297,0.15902835130691528,gigapose_global_rank_1|R1+20|rgb_recovery|center_preserving_flip180,60.070778692641774,approved,epnp_raceline,rear,toward,-0.7342062066304575,121.2453447501726,66.41207348549862,1.5472859457553174,1.0081495017560798
1,1168,22,9,9,1,0.288286030292511,0.288286030292511,gigapose_global_rank_2|logz-0.35|rgb_recovery|center_preserving_flip180,62.55290562750892,approved,epnp_raceline,rear,toward,-0.8550334419704878,125.03144867578465,55.179961045734586,5.998487944221276,5.998487944221276
1,1169,22,2,2,1,0.3793972432613373,0.3793972432613373,gigapose_global_rank_1|flip180|rgb_recovery|center_preserving_flip180,68.80866385693608,approved,epnp_raceline,rear,toward,-0.7841817158719829,118.50721473627078,66.58383795522951,2.5217823955819982,2.5217823955819982
1,1170,22,10,10,1,0.26216575503349304,0.26216575503349304,gigapose_global_rank_3|rgb_recovery|center_preserving_flip180,85.19514328861462,approved,epnp_raceline,rear,toward,-0.7121535412773056,113.05459544021595,67.29637193825285,9.870024518230942,9.870024518230942
1,1171,22,7,7,1,0.19626381993293762,0.19626381993293762,gigapose_global_rank_0|R1+20|rgb_recovery|center_preserving_flip180,94.71859433773943,approved,epnp_raceline,rear,toward,-0.4682215459410379,95.79503466820282,84.46807602908619,12.85066171471542,12.85066171471542
1,1172,22,15,15,1,0.527984082698822,0.527984082698822,gigapose_global_rank_1|R1+45|rgb_recovery|center_preserving_flip180,91.30991606271408,approved,epnp_raceline,rear,toward,-0.539166010530523,100.38769517082761,79.67008418504079,10.805219981814945,10.805219981814945
1,1173,22,11,11,1,0.3004269003868103,0.3004269003868103,gigapose_global_rank_2|logz-0.35|rgb_recovery|center_preserving_flip180,105.0080586478347,approved,epnp_raceline,rear,toward,-0.7337953980568169,115.23960362736725,64.95829433139255,4.98531785148881,4.98531785148881
1,1174,22,9,9,1,0.16040554642677307,0.16040554642677307,gigapose_global_rank_1|R1+20|rgb_recovery|center_preserving_flip180,105.61113395273189,approved,epnp_raceline,rear,toward,-0.8725669596882271,128.44417813076035,51.663949853460366,1.637012880260086,1.637012880260086
1,1175,22,2,1,1,0.30545416474342346,0.06247831508517265,gigapose_global_rank_4|rgb_recovery|center_preserving_flip180,93.59513567528546,approved,epnp_raceline,rear,toward,-0.9757004212926379,21.143948838347395,34.14541026544256,11.000653415400574,3.175298440750086
1,1176,22,3,3,1,0.28961145877838135,0.28961145877838135,gigapose_global_rank_3|rgb_recovery|center_preserving_flip180,95.339057571942,approved,epnp_raceline,rear,toward,-0.7379058624674022,116.71774905480156,63.668952996376056,11.059249613757464,11.059249613757464
1,1177,22,8,1,1,0.22131472826004028,0.12695087492465973,gigapose_global_rank_2|align_detection|rgb_recovery|center_preserving_flip180,111.7824974328216,approved,epnp_raceline,rear,toward,-0.9724217090772076,18.509653960215168,34.41585861765479,9.522042183352173,1.5925014837456442
1,1178,22,9,9,1,0.5122562050819397,0.5122562050819397,gigapose_global_rank_1|R1+45|rgb_recovery|center_preserving_flip180,115.83780594307008,approved,epnp_raceline,rear,toward,-0.6519892657048687,110.05497596067886,70.12132512718384,5.701312991730229,5.701312991730229
1,1179,22,12,4,1,0.15725968778133392,0.020500825718045235,gigapose_global_rank_4|rgb_recovery|center_preserving_flip180,131.56121245842687,approved,epnp_raceline,rear,toward,-0.9803185784506584,33.68064039220809,31.488825054080706,0.9696954015941575,2.013200278153004
1,1180,22,11,9,1,0.20038411021232605,0.04413924366235733,gigapose_global_rank_4|rgb_recovery|center_preserving_flip180,142.53594453786897,approved,epnp_raceline,rear,toward,-0.9910331639266415,7.26026294931134,27.868352969539032,1.6912058405697776,0.9879863442222505
1,1181,22,15,4,1,0.11161575466394424,0.04207981377840042,gigapose_global_rank_1|align_detection|rgb_recovery|center_preserving_flip180,150.16818478556604,approved,epnp_raceline,rear,toward,-0.8227119963511232,5.166324936452801,16.17542378727977,3.11076977848379,12.029795144302621
1,1182,22,3,11,1,0.45449450612068176,0.04167456552386284,gigapose_global_rank_2|rgb_recovery|center_preserving_flip180,146.17737848952444,approved,epnp_raceline,rear,toward,-0.8135691390577202,23.909758078583845,17.644016836909394,11.622720971126407,11.223875803493751
1,1183,22,10,13,1,0.3774970769882202,0.08968056738376617,gigapose_global_rank_0|R1+45|rgb_recovery|center_preserving_flip180,142.0394453741711,approved,epnp_raceline,rear,toward,-0.9197119924201245,17.727845771739265,42.21363621199514,2.740434394038732,2.500780262842811
1,1184,22,2,12,1,0.22999955713748932,0.1522465944290161,gigapose_global_rank_4|rgb_recovery|center_preserving_flip180,138.45893986597446,approved,epnp_raceline,rear,toward,-0.7207371389294567,6.490442723357036,63.62579785788212,2.655942274465098,10.729533301301664
1,1185,22,6,4,1,0.39980462193489075,0.039365511387586594,gigapose_global_rank_4|rgb_recovery|center_preserving_flip180,151.89688279166032,approved,epnp_raceline,rear,toward,-0.9762019825146772,14.308929542458113,31.06281748286311,6.440790738068252,2.916281214132919
1,1186,22,4,12,1,0.1517551839351654,0.05986250936985016,gigapose_global_rank_0|R1+20|rgb_recovery|center_preserving_flip180,141.8938996752501,approved,epnp_raceline,rear,toward,-0.9951842767553349,4.237600940792927,14.475489204942704,2.48468835705553,4.0182917229809805
1,1187,22,13,1,1,0.10407575964927673,0.08794567734003067,gigapose_global_rank_4|rgb_recovery|center_preserving_flip180,139.64943216920614,approved,epnp_raceline,rear,toward,-0.9808291201966536,20.95120956034795,29.007248733362246,9.827148599640642,3.354652894142918
1,1188,22,4,1,1,0.28636959195137024,0.046701908111572266,gigapose_global_rank_0|R1+20|rgb_recovery|center_preserving_flip180,138.3759596565736,approved,epnp_raceline,rear,toward,-0.9997627756611575,25.509748246038125,17.121620690531003,8.035745838082505,5.031525525980372
1,1189,22,7,1,1,0.41366517543792725,0.07327255606651306,gigapose_global_rank_1|yaw+30|rgb_recovery|center_preserving_flip180,133.61493707238924,rejected:center_error_px+bbox_iou,epnp_raceline,rear,toward,-0.985124814795743,nan,nan,nan,nan
1,1190,22,8,2,1,0.20284903049468994,0.08704322576522827,gigapose_global_rank_1|R1+20|rgb_recovery|center_preserving_flip180,135.77019365921865,rejected:center_error_px+bbox_iou,epnp_raceline,rear,toward,-0.9937624968700528,nan,nan,nan,nan
1,1191,22,5,2,1,0.24113616347312927,0.048633985221385956,gigapose_global_rank_1|R1+20|rgb_recovery|center_preserving_flip180,139.34472212651917,rejected:center_error_px+bbox_iou,epnp_raceline,rear,toward,-0.9961232794571426,nan,nan,nan,nan
1,1192,22,9,15,1,0.2384776622056961,0.05849743261933327,gigapose_global_rank_1|R1+20|rgb_recovery|center_preserving_flip180,138.1807749644924,rejected:center_error_px+bbox_iou,epnp_raceline,rear,toward,-0.997234653468032,nan,nan,nan,nan
1,1193,22,15,1,1,0.3400123715400696,0.10924045741558075,gigapose_global_rank_1|R1+45|rgb_recovery|center_preserving_flip180,136.8397024037805,approved,epnp_raceline,rear,toward,-0.9195565324033533,20.067468111186976,37.93236296243158,11.983520007390629,4.561039567134119
1,1194,22,1,13,1,0.2130058854818344,0.014262042008340359,gigapose_global_rank_0|R1+20|rgb_recovery|center_preserving_flip180,141.79789694498976,approved,epnp_raceline,rear,toward,-0.9930965167344508,13.258601216466413,21.940305189748816,5.126063744744629,1.875532672205583
1,1195,22,12,5,1,0.2969014644622803,0.04077731445431709,gigapose_global_rank_1|R1+20|rgb_recovery|center_preserving_flip180,141.2907741937845,approved,epnp_raceline,rear,toward,-0.9907252169452238,25.454692391201828,21.694053804177106,7.939272308985742,0.9838304860575358
1,1196,22,13,10,1,0.2601889967918396,0.03835038095712662,gigapose_global_rank_0|R1+20|rgb_recovery|center_preserving_flip180,139.344726133503,approved,epnp_raceline,rear,toward,-0.998001020422852,12.252736090543229,16.80407919218705,3.815296128820566,3.845202937252429
1,1197,22,14,9,1,0.3100089132785797,0.11501258611679077,gigapose_global_rank_1|R1+45|rgb_recovery|center_preserving_flip180,138.5048571371899,approved,epnp_raceline,rear,toward,-0.9416106860094126,23.43997130029445,33.36217102264126,6.999774293723411,4.182714129350004
1,1198,22,3,2,1,0.31431564688682556,0.06763093173503876,gigapose_global_rank_1|R1+20|rgb_recovery|center_preserving_flip180,132.00034538140915,approved,epnp_raceline,rear,toward,-0.9868830649303288,24.47679787923696,22.977100747594253,5.941557587330558,0.6901521651854116
1,1199,22,3,5,1,0.305143266916275,0.04688728228211403,gigapose_global_rank_1|R1+20|rgb_recovery|center_preserving_flip180,151.0160215898123,approved,epnp_raceline,rear,toward,-0.9977477887741993,27.668606979235765,13.002034812013815,11.174209191957594,4.3549280153237016
1,1200,22,3,8,1,0.15766668319702148,0.07151053100824356,gigapose_global_rank_4|rgb_recovery|center_preserving_flip180,143.45140348613208,approved,epnp_raceline,rear,toward,-0.9669302505162244,5.856735899971811,27.464119743443398,0.520323316554903,1.14572158013574
1,1201,22,12,2,1,0.1517273634672165,0.01783350110054016,gigapose_global_rank_4|rgb_recovery|center_preserving_flip180,135.09312564488062,approved,epnp_raceline,rear,toward,-0.9718053713958185,17.44681700571459,25.977669347521793,6.702605756387379,1.0523888193793225
1,1202,22,7,7,1,0.2685668468475342,0.2685668468475342,gigapose_global_rank_3|rgb_recovery|center_preserving_flip180,135.57999275807873,approved,epnp_raceline,rear,toward,-0.6856254156432354,121.34204530643767,59.17492483175336,12.435137846423677,12.435137846423677
1,1203,22,6,2,1,0.25472185015678406,0.040573690086603165,gigapose_global_rank_0|R0+20|rgb_recovery|center_preserving_flip180,131.96052245725008,approved,epnp_raceline,rear,toward,-0.9633107444945778,17.93819469613512,4.243132194168005,4.9943219742666685,0.13452745334209576
1,1204,22,5,13,1,0.10376952588558197,0.09275446087121964,gigapose_global_rank_0|R1+45|rgb_recovery|center_preserving_flip180,98.01689790752202,approved,epnp_raceline,rear,toward,-0.8812274159262821,14.927673713337123,40.013804744234804,2.37690833633665,3.2506515511689615
1,1205,22,7,7,1,0.2598317861557007,0.2598317861557007,gigapose_global_rank_4|rgb_recovery|center_preserving_flip180,104.50579707967152,approved,epnp_raceline,rear,toward,-0.6784927769362954,121.78308821755635,60.95503054269798,8.013975425134172,8.013975425134172
1,1206,22,11,14,1,0.43527230620384216,0.12747147679328918,gigapose_global_rank_1|yaw+30|rgb_recovery|center_preserving_flip180,98.23772008666734,approved,epnp_raceline,rear,toward,-0.6382592935050012,75.65207728926646,64.40669604954454,13.928067756603227,8.26189870250941
1,1207,22,12,14,1,0.19917865097522736,0.1527804583311081,gigapose_global_rank_2|align_detection|rgb_recovery|center_preserving_flip180,90.4266851565325,approved,epnp_raceline,rear,toward,-0.6772417598911228,130.43469031332228,60.85582773757742,12.559590056529412,6.896848783553645
1,1208,22,11,10,1,0.23946717381477356,0.07787363976240158,gigapose_global_rank_0|R1+45|rgb_recovery|center_preserving_flip180,92.40399375809105,approved,epnp_raceline,rear,toward,-0.9364452101974815,116.72787883758892,31.811314256073288,10.268276772589468,0.3609063062828008
1,1209,22,5,2,0,0.23642274737358093,0.044088318943977356,gigapose_global_rank_0|R1-20|rgb_recovery,76.97402819524666,approved,epnp_raceline,rear,toward,-0.7051308985777177,72.23709884726175,34.7133302640529,15.757997696519094,7.534153564911919
1,1210,22,12,12,0,0.24462376534938812,0.24462376534938812,gigapose_global_rank_0|R1-45|rgb_recovery,75.33345352086026,approved,epnp_raceline,rear,toward,-0.3389348551874107,58.892774232146834,58.892774232146834,12.934248662694184,12.934248662694184
1,1211,22,12,12,0,0.34035855531692505,0.34035855531692505,gigapose_global_rank_1|R1-45|rgb_recovery,91.36318029138953,approved,epnp_raceline,rear,toward,-0.343491589994512,58.37862393335229,58.37862393335229,11.863612096981205,11.863612096981205
1,1212,22,0,15,1,0.3009800910949707,0.02332855761051178,gigapose_global_rank_1|R1-20|rgb_recovery|center_preserving_flip180,87.20640963633954,approved,epnp_raceline,rear,toward,-0.7146376126071886,115.03734537379731,32.197338910708865,24.861239165196274,6.695166695797117
1,1213,22,0,1,1,0.21407610177993774,0.017719639465212822,gigapose_global_rank_2|align_detection|rgb_recovery|center_preserving_flip180,97.71065661162304,approved,epnp_raceline,rear,toward,-0.8343350236140742,115.29598576656267,21.076081498248524,25.262985481495498,5.063884527477372
1,1214,22,7,4,1,0.2371574193239212,0.06254058331251144,gigapose_global_rank_0|uv0-48|rgb_recovery|center_preserving_flip180,90.18612341061393,approved,epnp_raceline,rear,toward,-0.6604438076511902,71.43769944561987,61.817501506818694,8.081370482876135,6.811854901941442
1,1215,22,12,12,1,0.2668854594230652,0.2668854594230652,gigapose_global_rank_1|R1+20|rgb_recovery|center_preserving_flip180,67.90669730289085,approved,epnp_raceline,rear,toward,-0.27813622981711544,93.55378417789068,87.06760335647219,12.908823889035904,12.908823889035904
1,1216,22,0,2,1,0.1633864939212799,0.09899339079856873,gigapose_global_rank_0|align_detection|rgb_recovery|center_preserving_flip180,65.12645155418296,approved,epnp_raceline,rear,toward,-0.6166657669160129,114.504550520675,64.91458326761017,22.18725414941768,7.412313497398583
1,1217,22,12,15,1,0.2404061108827591,0.14373579621315002,gigapose_global_rank_0|R1+20|rgb_recovery|center_preserving_flip180,64.34049519351125,approved,epnp_raceline,rear,toward,-0.2656235460676212,69.44513981439869,87.98839035826725,11.78669473994414,10.287944696006754
1,1218,22,12,12,1,0.2822740972042084,0.2822740972042084,gigapose_global_rank_0|R1+20|rgb_recovery|center_preserving_flip180,67.5080220543322,approved,epnp_raceline,rear,toward,-0.2631892874029616,92.89838458409082,89.23730696841716,15.79404627711835,15.79404627711835
1,1219,22,13,7,1,0.17468278110027313,0.09650123864412308,gigapose_global_rank_0|R1+20|rgb_recovery|center_preserving_flip180,76.13395167201314,approved,epnp_raceline,rear,toward,-0.26756788715061863,67.46418342219454,88.71191522237578,9.685923596708722,7.202461593025399
1,1220,22,7,10,1,0.23718102276325226,0.17326819896697998,gigapose_global_rank_0|R1+20|rgb_recovery|center_preserving_flip180,80.83720703356127,approved,epnp_raceline,rear,toward,-0.26394253302359566,69.1367958623709,89.96392459526993,15.197234254437992,13.917913748552587
1,1221,22,11,11,1,0.19861043989658356,0.19861043989658356,gigapose_global_rank_3|rgb_recovery|center_preserving_flip180,103.5886489735146,approved,epnp_raceline,rear,toward,-0.5749434633917824,110.64832331294784,70.4549835541181,8.111656396275896,8.111656396275896
1,1222,22,12,9,1,0.20619770884513855,0.05516626685857773,gigapose_global_rank_2|flip180|rgb_recovery|center_preserving_flip180,112.63549825072022,approved,epnp_raceline,rear,toward,-0.9376928141256886,103.48423581149655,8.948232794641642,4.463362662825195,2.8685017181644796
1,1223,22,7,6,1,0.13399489223957062,0.017353510484099388,gigapose_global_rank_2|align_detection|rgb_recovery|center_preserving_flip180,95.67486636935006,approved,epnp_raceline,rear,toward,-0.8617325398492609,102.3166927747136,15.336676375696294,5.636573996958076,4.120005366030758
1,1224,22,8,6,1,0.20052364468574524,0.015623976476490498,gigapose_global_rank_1|uv0+48|rgb_recovery|center_preserving_flip180,92.50734355915243,approved,epnp_raceline,rear,toward,-0.8590678335676649,110.72040944400803,15.363919537030522,8.416983015889057,0.2027017677603321
1,1225,22,12,15,1,0.2468271404504776,0.013605757616460323,gigapose_global_rank_0|rgb_recovery|center_preserving_flip180,84.90594946601989,approved,epnp_raceline,rear,toward,-0.8552854782776467,101.56654191657151,17.811015052436712,5.240937533442646,0.8447797452524216
1,1226,22,5,9,1,0.11759341508150101,0.01823591999709606,gigapose_global_rank_3|rgb_recovery|center_preserving_flip180,56.46995118412199,approved,epnp_raceline,rear,toward,-0.8492146055720602,104.15423665043255,18.104401222978865,8.267184988464225,2.5599301740391467
1,1227,22,8,4,1,0.14597675204277039,0.015308833681046963,gigapose_global_rank_1|uv0-48|rgb_recovery|center_preserving_flip180,53.01668084722745,approved,epnp_raceline,rear,toward,-0.8375374486634484,109.32774389638332,16.670195224693014,6.807260853154893,0.29282783599445167
1,1228,22,9,8,1,0.12121564149856567,0.05295773595571518,gigapose_global_rank_4|rgb_recovery|center_preserving_flip180,56.039112314777896,approved,epnp_raceline,rear,toward,-0.6430784030410905,12.733012711217752,33.48300877618971,1.4164298601188026,3.503442924889285
1,1229,22,0,11,1,0.12828543782234192,0.03047190047800541,gigapose_global_rank_1|R1-45|rgb_recovery|center_preserving_flip180,60.53082739701014,approved,epnp_raceline,rear,toward,-0.23927816613053077,118.21652117167055,58.826320614785544,21.36484080132173,6.376275720535644
1,1230,22,13,7,1,0.10419543832540512,0.029807470738887787,gigapose_global_rank_1|yaw-30|rgb_recovery|center_preserving_flip180,67.41282411883287,approved,epnp_raceline,rear,toward,-0.8498617512311872,115.20168863434941,13.610986231196073,3.2755423679713664,1.2104995833764673
1,1231,22,14,2,1,0.13828520476818085,0.0210984256118536,gigapose_global_rank_2|rgb_recovery|center_preserving_flip180,74.5256314530372,approved,epnp_raceline,rear,toward,-0.8488732025742135,55.523008020317796,16.900628482869248,4.112025542368091,2.417133346372309
1,1232,22,15,7,1,0.10915857553482056,0.032014261931180954,gigapose_global_rank_3|rgb_recovery|center_preserving_flip180,74.99514978431303,approved,epnp_raceline,rear,toward,-0.8593620082372586,102.09237304451258,16.188256603468012,4.026557396110477,1.4677451605293714
1,1233,22,14,8,1,0.19670911133289337,0.018296614289283752,gigapose_global_rank_1|R1-45|rgb_recovery|center_preserving_flip180,74.78871775086441,approved,epnp_raceline,rear,toward,-0.9037455558439471,99.06496233421045,7.701652970674176,7.37160559412637,2.7877298244043534
1,1234,22,4,2,1,0.14178018271923065,0.024183649569749832,gigapose_global_rank_2|align_detection|rgb_recovery|center_preserving_flip180,68.973033631732,approved,epnp_raceline,rear,toward,-0.8552703761296211,88.59346532046628,11.148828079966853,8.324519057025796,1.275845320182417
1,1235,22,15,8,1,0.14007587730884552,0.035178862512111664,gigapose_global_rank_2|align_detection|rgb_recovery|center_preserving_flip180,71.12886052473365,approved,epnp_raceline,rear,toward,-0.8627323910162212,101.98293187046181,10.91981201193557,6.677705497098344,1.31650490445181
1,1236,22,6,14,1,0.16704107820987701,0.031184272840619087,gigapose_global_rank_2|rgb_recovery|center_preserving_flip180,73.37782276116577,approved,epnp_raceline,rear,toward,-0.8578932736740646,90.58362860304509,13.641858310014468,4.009857212438395,1.7784401489862345
1,1237,22,0,9,1,0.15189699828624725,0.034438226372003555,gigapose_global_rank_2|align_detection|rgb_recovery|center_preserving_flip180,71.05121627815367,approved,epnp_raceline,rear,toward,-0.8339169135938712,115.07780139872861,12.619009995432311,23.577404368202558,5.2040532572126335
1,1238,22,0,11,1,0.11251544952392578,0.018357083201408386,gigapose_global_rank_1|R1-20|rgb_recovery|center_preserving_flip180,102.63930193006925,approved,epnp_raceline,rear,toward,-0.6493266721265725,114.6493486392541,28.126368609059192,22.091086491462274,3.5352473545750853
1,1239,22,14,5,1,0.11677994579076767,0.019941695034503937,gigapose_global_rank_2|align_detection|rgb_recovery|center_preserving_flip180,121.63656723973787,approved,epnp_raceline,rear,toward,-0.8751221905720983,100.77322226338347,6.570224697006905,2.3156859685155,0.7093493826435602
1,1240,22,12,7,1,0.17600519955158234,0.01833854801952839,gigapose_global_rank_1|R1-45|rgb_recovery|center_preserving_flip180,134.1888093116926,approved,epnp_raceline,rear,toward,-0.9063675230146151,89.72655628059954,5.505197115718279,3.9808024948063294,2.246025720555331
1,1241,22,9,6,1,0.1156889796257019,0.014832668006420135,gigapose_global_rank_2|rgb_recovery|center_preserving_flip180,146.93459938421125,approved,epnp_raceline,rear,toward,-0.6525309257832631,98.2808842710694,27.50796341609718,8.569114556721013,3.5792224767813314
1,1242,22,3,7,1,0.08932678401470184,0.04971926659345627,gigapose_global_rank_1|yaw-30|rgb_recovery|center_preserving_flip180,158.21408916469537,approved,epnp_raceline,rear,toward,-0.8874271196953117,115.34625292884294,50.70904029047634,1.7425426720433677,1.3029893715645728
1,1243,22,15,2,1,0.18325987458229065,0.03201314061880112,gigapose_global_rank_1|uv0-48|rgb_recovery|center_preserving_flip180,132.89684940104493,approved,epnp_raceline,rear,toward,-0.912464309394456,93.67680403057652,48.20720098678097,5.5861301614244105,2.8608701156106733
1,1244,22,12,2,1,0.10271575301885605,0.06020818278193474,gigapose_global_rank_0|R0+20|rgb_recovery|center_preserving_flip180,119.851685107062,approved,epnp_raceline,rear,toward,-0.9206008149117764,109.25508663874395,46.78729244348054,5.810558402385949,3.6457036737086166
1,1245,22,12,15,1,0.10159393399953842,0.04502196982502937,gigapose_global_rank_0|R1-20|rgb_recovery|center_preserving_flip180,126.9213857767783,approved,epnp_raceline,rear,toward,-0.9274756238172335,104.25656725867137,47.04728925865284,0.9977246848054933,1.5706825561877589
1,1246,22,0,8,1,0.11383096128702164,0.019117193296551704,gigapose_global_rank_2|align_detection|rgb_recovery|center_preserving_flip180,119.6317780388221,approved,epnp_raceline,rear,toward,-0.8654614230611363,110.26289958361033,8.032299456095394,23.721718301499862,3.9083248887156063
1,1247,22,15,11,0,0.16905079782009125,0.12208238244056702,gigapose_global_rank_4|rgb_recovery,129.56329868018713,approved,epnp_raceline,rear,toward,-0.9776752116389266,93.59130991899876,13.8139971089912,9.085533391644217,6.8083552541304115
1,1248,22,10,14,0,0.1319577693939209,0.08520030975341797,gigapose_global_rank_4|rgb_recovery,138.56817000139,approved,epnp_raceline,rear,toward,-0.9738792096765646,97.31815752232178,14.417640458247785,7.556467332756925,7.28024101852449
1,1249,22,15,1,1,0.13642579317092896,0.04148898273706436,gigapose_global_rank_0|R1-20|rgb_recovery|center_preserving_flip180,142.82291333932528,approved,epnp_raceline,rear,toward,-0.9047818166037819,94.05303495637654,50.047654969126846,7.362001455191959,0.7118449700985964
1,1250,22,13,10,1,0.1557021588087082,0.029572438448667526,gigapose_global_rank_1|R1-45|rgb_recovery|center_preserving_flip180,126.69861747455059,approved,epnp_raceline,rear,toward,-0.8979444682568031,90.68536807813709,0.5132883902888576,6.8796925101864055,3.4955668650842004
1,1251,22,10,9,1,0.1333603411912918,0.050057653337717056,gigapose_global_rank_0|R1-20|rgb_recovery|center_preserving_flip180,139.2822078658624,approved,epnp_raceline,rear,toward,-0.9418502439360973,95.02127017801197,44.321506978011364,5.624971046339617,2.152705347461572
1,1252,22,14,5,1,0.16431641578674316,0.04384303465485573,gigapose_global_rank_0|R1-20|rgb_recovery|center_preserving_flip180,131.7307183788256,approved,epnp_raceline,rear,toward,-0.9374057020806226,93.09595897047978,45.32306851495909,8.14629575109829,1.2434521485115835
1,1253,22,13,12,1,0.20660382509231567,0.02548087202012539,gigapose_global_rank_1|R1-45|rgb_recovery|center_preserving_flip180,114.11686942825112,approved,epnp_raceline,rear,toward,-0.9084326029435841,84.67578115124873,4.4183642682395625,2.595493506893357,4.791042919835565
1,1254,22,0,9,1,0.1519346982240677,0.04080462083220482,gigapose_global_rank_2|align_detection|rgb_recovery|center_preserving_flip180,110.49277295061512,approved,epnp_raceline,rear,toward,-0.869583325373981,112.21968174353137,6.648783134774468,22.47586599476349,3.5385428020221283
1,1255,22,15,1,1,0.14775492250919342,0.033245377242565155,gigapose_global_rank_1|uv1+48|rgb_recovery|center_preserving_flip180,105.87705306224385,approved,epnp_raceline,rear,toward,-0.9549117029798703,95.85191463756236,42.18674312647476,5.007230544720798,5.562631748086925
1,1256,22,11,4,0,0.20669858157634735,0.09620621055364609,gigapose_global_rank_2|rgb_recovery,110.9392196147216,approved,epnp_raceline,rear,toward,-0.885121226299232,95.92573842066585,13.974711217694969,4.026089144348717,1.4693178983466724
1,1257,22,10,10,0,0.13464504480361938,0.13464504480361938,gigapose_global_rank_1|R1-20|rgb_recovery,112.9647166685201,approved,epnp_raceline,rear,toward,-0.6897854448339477,25.803644341105585,25.803644341105585,6.710035291875999,6.710035291875999
1,1258,22,9,4,1,0.16529352962970734,0.02045300044119358,gigapose_global_rank_2|align_detection|rgb_recovery|center_preserving_flip180,123.89457195875116,approved,epnp_raceline,rear,toward,-0.8214920613047255,100.02952453904008,11.891595216704138,8.1534542804784,3.1197509883774512
1,1259,22,15,12,1,0.14357176423072815,0.042253896594047546,gigapose_global_rank_2|align_detection|rgb_recovery|center_preserving_flip180,120.27128840635577,approved,epnp_raceline,rear,toward,-0.5993524056081605,78.06613863577581,28.167193788593096,5.325922555805512,7.290878546617234
1,1260,22,0,1,1,0.11622683703899384,0.049303505569696426,gigapose_global_rank_1|rgb_recovery|center_preserving_flip180,118.89484621341317,approved,epnp_raceline,rear,toward,-0.9717448280015147,117.72830386195135,37.708026586074766,15.099833645891778,5.2261809568724145
1,1261,22,7,1,1,0.12963169813156128,0.037834350019693375,gigapose_global_rank_1|uv0+48|rgb_recovery|center_preserving_flip180,99.83231515400573,approved,epnp_raceline,rear,toward,-0.9677668309030493,102.25231493749519,38.65526574152754,5.3176871006850375,4.913669129816031
1,1262,22,15,7,0,0.16291896998882294,0.09453757107257843,gigapose_global_rank_2|align_detection|rgb_recovery,85.45273917376073,approved,epnp_raceline,rear,toward,-0.8706504894650059,100.88768619165592,8.088557520485475,5.73547410290885,4.644070112038661
1,1263,22,0,8,0,0.11950244754552841,0.11027054488658905,gigapose_global_rank_2|rgb_recovery,72.41743167554647,approved,epnp_raceline,rear,toward,-0.8633403973793848,119.03219386056868,7.068200386774876,18.89755798343497,5.68046579323333
1,1264,22,9,9,0,0.10788742452859879,0.10788742452859879,gigapose_global_rank_2|align_detection|rgb_recovery,84.35752588584913,approved,epnp_raceline,rear,toward,-0.8463433005704152,8.196296538319935,8.196296538319935,6.327463659638696,6.327463659638696
1,1265,22,0,14,0,0.34896624088287354,0.10343929380178452,gigapose_global_rank_0|logz+0.35|rgb_recovery,92.60807879087182,approved,epnp_raceline,rear,toward,-0.8396251756155082,16.0277679603886,11.491405683402547,7.0508982817213735,5.177161362951422
1,1266,22,13,13,0,0.12403330951929092,0.12403330951929092,gigapose_global_rank_4|rgb_recovery,96.98723109887266,approved,epnp_raceline,rear,toward,-0.8511492373449172,13.82868501374385,13.82868501374385,1.666466333279507,1.666466333279507
1,1267,22,0,2,0,0.10317074507474899,0.0940173864364624,gigapose_global_rank_0|R1-20|rgb_recovery,105.4550536706213,approved,epnp_raceline,rear,toward,-0.6403146350031197,12.43973749268027,26.137820954893886,19.877658247582207,5.696979540805327
1,1268,22,13,8,1,0.2202467918395996,0.008537299931049347,gigapose_global_rank_1|R1-20|rgb_recovery|center_preserving_flip180,120.13537304573575,approved,epnp_raceline,rear,toward,-0.20287600954363424,92.15820628709949,54.574887827043376,9.960708033210128,4.917321069013364
1,1269,22,12,12,0,0.23039758205413818,0.23039758205413818,gigapose_global_rank_1|R1-45|rgb_recovery,100.22407835642782,approved,epnp_raceline,rear,toward,-0.24490544936382272,51.61961776434914,51.61961776434914,6.668536779955698,6.668536779955698
1,1270,22,4,6,1,0.15827812254428864,0.019234294071793556,gigapose_global_rank_0|R1-45|rgb_recovery|center_preserving_flip180,108.69189935741235,approved,epnp_raceline,rear,toward,-0.062098612080827995,10.312443644419679,63.434900152739964,6.274990116171491,6.703961310475374
1,1271,22,11,10,0,0.134013369679451,0.04126681759953499,gigapose_global_rank_4|rgb_recovery,107.46879582109149,approved,epnp_raceline,rear,toward,-0.818555897194025,119.81217143411929,17.83080996225051,2.993847946524618,2.5145399183073174
1,1272,22,8,1,1,0.25353139638900757,0.034247491508722305,gigapose_global_rank_4|rgb_recovery|center_preserving_flip180,98.38123097769164,approved,epnp_raceline,rear,toward,-0.9858714017717463,58.117470917519206,32.84565350847229,11.510330267603775,6.75003393265171
1,1273,22,3,13,1,0.11057412624359131,0.06590606272220612,gigapose_global_rank_0|flip180|rgb_recovery|center_preserving_flip180,81.62626703953757,approved,epnp_raceline,rear,toward,-0.9954272853534825,20.28202055033072,17.707130994818055,8.364504270994953,7.101054576144305
1,1274,22,1,5,1,0.26257815957069397,0.08996428549289703,gigapose_global_rank_1|R1+45|rgb_recovery|center_preserving_flip180,127.01641818277156,approved,epnp_raceline,rear,toward,-0.9731170361507083,22.630280489082764,36.03687941760625,5.1143610951566325,3.1795277678609932
1,1275,22,3,15,1,0.19281695783138275,0.05969858169555664,gigapose_global_rank_0|R1+45|rgb_recovery|center_preserving_flip180,130.3795198973044,approved,epnp_raceline,rear,toward,-0.9260155305521752,18.66478950149281,44.447953127050376,7.081121303279504,2.58968909664843
1,1276,22,12,12,1,0.38409623503685,0.38409623503685,gigapose_global_rank_1|R1+45|rgb_recovery|center_preserving_flip180,134.45772827991874,approved,epnp_raceline,rear,toward,-0.5176646392694104,99.53237648517133,80.65889056185864,6.373961500995908,6.373961500995908
1,1277,22,15,7,1,0.2812258303165436,0.13566170632839203,gigapose_global_rank_2|align_detection|rgb_recovery|center_preserving_flip180,149.98966656113933,approved,epnp_raceline,rear,toward,-0.7562042762736229,58.31619193572167,62.34932129453,6.473456255378965,9.078220480990696
1,1278,22,8,9,1,0.18222998082637787,0.011566223576664925,gigapose_global_rank_2|rgb_recovery|center_preserving_flip180,135.22480649601104,approved,epnp_raceline,rear,toward,-0.9214065533392942,37.506662852500334,4.687027862918137,9.83455814965652,0.9169220981383011
1,1279,22,1,15,1,0.36202630400657654,0.09738394618034363,gigapose_global_rank_0|R1+45|rgb_recovery|center_preserving_flip180,109.92624442798302,approved,epnp_raceline,rear,toward,-0.9287734638973051,23.368007641227276,41.996820841213136,6.05797856892599,2.3384751071704004
1,1280,22,9,5,1,0.14715293049812317,0.1426762193441391,gigapose_global_rank_0|R1+45|rgb_recovery|center_preserving_flip180,105.1645316664535,approved,epnp_raceline,rear,toward,-0.9963655816899527,148.65129770708702,25.034326354543037,10.215193927454,5.392111679901398
1,1281,22,6,4,0,0.23927998542785645,0.23857811093330383,gigapose_global_rank_3|rgb_recovery,96.33586727573274,approved,epnp_raceline,rear,toward,-0.9900808462715456,23.68232185435937,12.479597418394754,7.560440597322651,5.42605882588013
1,1282,22,5,2,0,0.12936703860759735,0.08840230107307434,gigapose_global_rank_1|align_detection|rgb_recovery,96.66295983737166,approved,epnp_raceline,rear,toward,-0.9919650976346558,11.324199248267698,11.598622808414593,4.429668429005244,4.993207119887065
1,1283,22,2,2,0,0.11356548219919205,0.11356548219919205,gigapose_global_rank_0|R1+20|rgb_recovery,124.58510550137689,approved,epnp_raceline,rear,toward,-0.9737979935467838,31.543031697187125,31.543031697187125,2.435034397968358,2.435034397968358
1,1284,22,1,1,0,0.13157536089420319,0.13157536089420319,gigapose_global_rank_1|R1+20|rgb_recovery,125.23035387414781,approved,epnp_raceline,rear,toward,-0.9802349109723779,29.2524741235565,29.2524741235565,2.190488490699032,2.190488490699032
1,1285,22,6,6,1,0.3432439863681793,0.3432439863681793,gigapose_global_rank_1|R1+45|rgb_recovery|center_preserving_flip180,127.53640393362093,approved,epnp_raceline,rear,toward,-0.5613219807673062,106.79054933377981,73.34053717809917,6.708419497772582,6.708419497772582
1,1286,22,0,15,1,0.12377580255270004,0.028744854032993317,gigapose_global_rank_1|R1+45|rgb_recovery|center_preserving_flip180,110.05275614676921,approved,epnp_raceline,rear,toward,-0.9499982087600993,11.16688666177919,34.5542432417179,1.2133431786341795,1.5307408426498665
1,1287,22,10,2,1,0.14718809723854065,0.1014336496591568,gigapose_global_rank_3|rgb_recovery|center_preserving_flip180,104.56825437891948,approved,epnp_raceline,rear,toward,-0.8026953988329766,13.379793556306634,53.17059819475849,5.046267984858777,7.549734457421823
1,1288,22,11,5,0,0.1121746376156807,0.103408582508564,gigapose_global_rank_1|R1+20|rgb_recovery,99.91163709410739,approved,epnp_raceline,rear,toward,-0.972785510242629,10.987149302885218,28.87161857039372,1.933271044615387,2.1224011499410183
1,1289,22,0,2,0,0.09618697315454483,0.08299799263477325,gigapose_global_rank_0|R1+20|rgb_recovery,102.83071292979281,approved,epnp_raceline,rear,toward,-0.9857963919692166,9.972722840299957,25.47416493877345,2.618864528420632,4.023887915254798
1,1290,22,8,5,0,0.11711489409208298,0.09223522245883942,gigapose_global_rank_1|R1+20|rgb_recovery,105.9656054791484,approved,epnp_raceline,rear,toward,-0.9862613644923888,8.15261894066051,24.268357628665633,1.1145266854923943,0.9773946924263505
1,1291,22,0,7,0,0.13308009505271912,0.09882934391498566,gigapose_global_rank_0|R1+20|rgb_recovery,130.66129300193998,approved,epnp_raceline,rear,toward,-0.9849243982934718,8.623547892039488,24.270773282131902,2.982968563029576,3.381027393861696
1,1292,22,0,2,0,0.18763607740402222,0.11709471046924591,gigapose_global_rank_0|R1+20|rgb_recovery,132.29263362936115,approved,epnp_raceline,rear,toward,-0.9826760384687795,7.364738898819192,23.534829386942274,3.3768450928470672,0.45502186669338807
1,1293,22,12,3,0,0.13787756860256195,0.11966145783662796,gigapose_global_rank_1|R1+20|rgb_recovery,133.53227112510237,approved,epnp_raceline,rear,toward,-0.9783228290717945,14.053642221888682,24.743594306951756,2.8781076225350537,2.6960746228716985
1,1294,22,0,2,0,0.14200559258460999,0.11725828796625137,gigapose_global_rank_0|R1+20|rgb_recovery,134.7039570332537,approved,epnp_raceline,rear,toward,-0.9881237133364812,6.774091352657947,21.01763227244292,2.7334698146188505,0.4490496691935819
1,1295,22,8,10,0,0.15673458576202393,0.13456200063228607,gigapose_global_rank_1|R1+20|rgb_recovery,135.89640479330296,approved,epnp_raceline,rear,toward,-0.9780521120227716,6.335529519977873,23.851351512837137,3.245082363556739,0.4439107190870515
1,1296,22,2,2,0,0.14149926602840424,0.14149926602840424,gigapose_global_rank_0|R1+20|rgb_recovery,139.52659612580476,approved,epnp_raceline,rear,toward,-0.979221495017813,23.28341986914501,23.28341986914501,0.31352415103394055,0.31352415103394055
1,1297,22,1,1,0,0.20198464393615723,0.20198464393615723,gigapose_global_rank_1|R1+20|rgb_recovery,145.72234165740358,approved,epnp_raceline,rear,toward,-0.9765434612218598,23.683413416951044,23.683413416951044,1.2279328337603836,1.2279328337603836
1,1298,22,6,9,1,0.17092017829418182,0.09718317538499832,gigapose_global_rank_1|R1+45|rgb_recovery|center_preserving_flip180,141.48837693590335,approved,epnp_raceline,rear,toward,-0.9486881467534237,176.03618880722397,28.844432039358512,0.4262586134152119,4.034886347403621
1,1299,22,14,3,1,0.16042208671569824,0.11305555701255798,gigapose_global_rank_1|R1+45|rgb_recovery|center_preserving_flip180,146.17792357557906,approved,epnp_raceline,rear,toward,-0.9589164236698509,7.602738791859597,26.991103188390873,2.259163589610226,2.469838753858988
1,1300,22,11,12,1,0.48245149850845337,0.06264407187700272,gigapose_global_rank_1|R1+45|rgb_recovery|center_preserving_flip180,139.02528958671053,approved,epnp_raceline,rear,toward,-0.9514492493397477,9.734216826647266,28.493395530869662,1.06633664811979,4.68273139860279
1,1301,22,10,11,1,0.32707884907722473,0.05532713234424591,gigapose_global_rank_0|R1+20|rgb_recovery|center_preserving_flip180,141.87888994205898,approved,epnp_raceline,rear,toward,-0.9800737938797701,6.722421622861886,22.202207302742735,0.7775140039086309,0.3214016031685452
1,1302,22,9,9,1,0.2405540645122528,0.2405540645122528,gigapose_global_rank_0|R1+45|rgb_recovery|center_preserving_flip180,132.6913853240307,approved,epnp_raceline,rear,toward,-0.5951213188860323,116.33421260268074,63.98034017992858,9.965751989904131,9.965751989904131
1,1303,22,5,1,1,0.14384324848651886,0.08018484711647034,gigapose_global_rank_1|R1+20|rgb_recovery|center_preserving_flip180,139.55701339325446,approved,epnp_raceline,rear,toward,-0.9830495954541691,10.162175461010179,20.679196631512944,5.473939549903523,1.489598778290117
1,1304,22,1,8,1,0.16470620036125183,0.16361494362354279,gigapose_global_rank_1|R1+45|rgb_recovery|center_preserving_flip180,126.9010422446268,approved,epnp_raceline,rear,toward,-0.5905492944322309,19.761376554508068,64.05676701055383,1.5280934895888862,7.077753655371853
1,1305,22,5,5,1,0.11656378954648972,0.11656378954648972,gigapose_global_rank_0|R1+45|rgb_recovery|center_preserving_flip180,133.52475828025948,approved,epnp_raceline,rear,toward,-0.9914475697939988,162.45715546855837,17.77738665456986,1.6303109333986143,1.6303109333986143
1,1306,22,13,13,1,0.147613063454628,0.147613063454628,gigapose_global_rank_1|R1+45|rgb_recovery|center_preserving_flip180,125.41016173767302,approved,epnp_raceline,rear,toward,-0.9169696510881864,146.35081273006838,33.86692081469472,2.709361046243122,2.709361046243122
1,1307,22,2,13,1,0.15057852864265442,0.07380726933479309,gigapose_global_rank_2|logz-0.35|rgb_recovery|center_preserving_flip180,128.7908407732532,approved,epnp_raceline,rear,toward,-0.9859078797203943,138.8579009736054,19.860514278050065,5.922665863764777,2.815961496216686
1,1308,22,10,2,1,0.12287349998950958,0.08994065225124359,gigapose_global_rank_0|R1+45|rgb_recovery|center_preserving_flip180,131.57143382659234,approved,epnp_raceline,rear,toward,-0.9908802219883374,153.19940499671102,17.72709149679996,6.773528973688453,3.637543162229735
1,1309,22,3,6,0,0.13071241974830627,0.08480028063058853,gigapose_global_rank_2|flip180|rgb_recovery,133.7723826635387,approved,epnp_raceline,rear,toward,-0.9841347260031346,151.48287139875836,19.52063855777885,5.916489072801177,4.210561476330704
1,1310,22,0,4,0,0.1297030746936798,0.1045924499630928,gigapose_global_rank_0|R1+20|rgb_recovery,130.00045595489468,approved,epnp_raceline,rear,toward,-0.9797610455989761,5.726125953112773,21.423275449731946,4.559674974656239,0.8619576427436888
1,1311,22,0,2,0,0.12161123752593994,0.09049524366855621,gigapose_global_rank_0|R1+20|rgb_recovery,141.05160678425898,approved,epnp_raceline,rear,toward,-0.982265999204166,5.140677535960768,20.725728040820655,3.8747801146891305,2.591172922120339
1,1312,22,0,5,0,0.1399882435798645,0.08802647888660431,gigapose_global_rank_0|R1+20|rgb_recovery,141.74601297711172,approved,epnp_raceline,rear,toward,-0.9901216750322429,4.929878992354438,17.673512398709423,3.4182627914678,1.8817280517524462
1,1313,22,7,3,0,0.16252237558364868,0.1259860396385193,gigapose_global_rank_1|R1+20|rgb_recovery,137.0255308301083,approved,epnp_raceline,rear,toward,-0.9928974495416287,3.284638650173147,16.635829687611782,2.1455632839330425,2.216704704014287
1,1314,22,0,2,0,0.1114136204123497,0.10835163295269012,gigapose_global_rank_0|R1+20|rgb_recovery,136.15366335000348,approved,epnp_raceline,rear,toward,-0.9768295442509652,5.04115627713352,22.073764389627947,2.790375350724043,1.4570664838345735
1,1315,22,0,8,0,0.21873416006565094,0.028020182624459267,gigapose_global_rank_1|flip180|rgb_recovery,140.24170764460084,approved,epnp_raceline,rear,toward,-0.9970553824687465,5.020909536825448,13.971002589336509,0.3055245531926924,1.5536815479804593
1,1316,22,0,3,0,0.1414097100496292,0.1392132192850113,gigapose_global_rank_0|R1+20|rgb_recovery,143.01833840719124,approved,epnp_raceline,rear,toward,-0.9903759670713747,5.272421293928339,17.605626534527214,0.3756356707459164,1.5496478109929446
1,1317,22,0,6,0,0.2063799351453781,0.1748872697353363,gigapose_global_rank_0|R1+20|rgb_recovery,141.30717686345656,approved,epnp_raceline,rear,toward,-0.9794075672725874,4.496250274564495,21.265874965200027,2.1631873744828414,0.5225342383942355
1,1318,22,1,1,0,0.15718065202236176,0.15718065202236176,gigapose_global_rank_1|R1+20|rgb_recovery,144.65139319940107,approved,epnp_raceline,rear,toward,-0.9869339217519602,18.778307503955435,18.778307503955435,0.30991923645917063,0.30991923645917063
1,1319,22,6,6,0,0.16542667150497437,0.16542667150497437,gigapose_global_rank_1|R1+20|rgb_recovery,149.2948921837441,approved,epnp_raceline,rear,toward,-0.9863857472335407,19.19657368092456,19.19657368092456,0.5256973248006358,0.5256973248006358
1,1320,22,0,4,0,0.22251178324222565,0.10407944023609161,gigapose_global_rank_0|uv1-48|rgb_recovery,146.14406999422874,approved,epnp_raceline,rear,toward,-0.9941357474269737,4.210309518646353,4.467304528459646,1.1377761398014907,3.1787847772786595
1,1321,22,6,15,0,0.16958580911159515,0.13414627313613892,gigapose_global_rank_1|R1+20|rgb_recovery,137.7136585704274,approved,epnp_raceline,rear,toward,-0.9888683289143879,5.557157076597512,17.83925221045363,1.3511935512215325,2.900772791979281
1,1322,22,13,13,0,0.160845085978508,0.160845085978508,gigapose_global_rank_1|R0+20|rgb_recovery,138.0577246816741,approved,epnp_raceline,rear,toward,-0.9666307723256999,7.983172947729446,7.983172947729446,0.5340410699497842,0.5340410699497842
1,1323,22,0,2,0,0.16388818621635437,0.13843736052513123,gigapose_global_rank_0|R1+20|rgb_recovery,134.1763354594619,approved,epnp_raceline,rear,toward,-0.9940079391390846,4.304096705918973,15.423397050349115,1.9761756015365917,4.248011098125321
1,1324,22,0,5,0,0.23153312504291534,0.20279091596603394,gigapose_global_rank_0|R1+20|rgb_recovery,138.43695077940671,approved,epnp_raceline,rear,toward,-0.985551364241841,4.020313854424378,18.998495579064734,4.457434656184388,0.9429711339895382
1,1325,22,8,1,0,0.21755805611610413,0.029357945546507835,gigapose_global_rank_2|flip180|rgb_recovery,134.8137763186482,approved,epnp_raceline,rear,toward,-0.8969568335145607,17.538535867568864,18.338968724796512,2.120689703337967,6.604162549715301
1,1326,22,2,3,0,0.22074368596076965,0.10479417443275452,gigapose_global_rank_1|uv1-48|rgb_recovery,135.0568231066251,approved,epnp_raceline,rear,toward,-0.9751194557717247,40.48793709967868,6.012564918803102,8.882954542560356,0.3211694112430356
1,1327,22,5,1,0,0.17041027545928955,0.12433125078678131,gigapose_global_rank_0|R1+45|rgb_recovery,131.91966519432856,approved,epnp_raceline,rear,toward,-0.8393723744722835,10.899631963613126,42.164239370921365,1.0250626612415958,13.849416450151923
1,1328,22,10,7,0,0.13611635565757751,0.1261093020439148,gigapose_global_rank_1|yaw+30|rgb_recovery,135.41080584471106,approved,epnp_raceline,rear,toward,-0.9842846240857352,19.570177676906837,10.403035765059174,1.9913795029785846,0.8179532286282596
1,1329,22,0,12,0,0.18502749502658844,0.1166176125407219,gigapose_global_rank_0|R1+45|rgb_recovery,128.48701981070712,approved,epnp_raceline,rear,toward,-0.8130399064728283,7.41253357873742,44.434828566787786,6.5468237657208315,9.481781935578478
1,1330,22,0,1,0,0.12177007645368576,0.10724996030330658,gigapose_global_rank_0|R1+20|rgb_recovery,130.6545061994964,approved,epnp_raceline,rear,toward,-0.9898586000884628,3.8219559279259028,17.226521270675313,5.230332341258586,0.7047568939758279
1,1331,22,0,1,0,0.14616641402244568,0.12591323256492615,gigapose_global_rank_0|R1+20|rgb_recovery,126.64666150405657,approved,epnp_raceline,rear,toward,-0.9815749408317967,3.862712085561605,20.027989664124256,2.5463269067838126,0.6409144168281355
1,1332,22,0,7,1,0.10847922414541245,0.0221716295927763,gigapose_global_rank_1|R1+45|rgb_recovery|center_preserving_flip180,127.64090283781768,approved,epnp_raceline,rear,toward,-0.9666421349837705,4.235367250856631,23.389333417733035,5.5303972451428445,1.7628257643200076
1,1333,22,0,13,1,0.12383910268545151,0.029450934380292892,gigapose_global_rank_1|R1+45|rgb_recovery|center_preserving_flip180,107.37209137957315,approved,epnp_raceline,rear,toward,-0.9614356009726018,3.771099051710886,24.25523877888003,4.950376712214801,0.7678148343165063
1,1334,22,0,13,1,0.1140199601650238,0.025399064645171165,gigapose_global_rank_1|R1+45|rgb_recovery|center_preserving_flip180,105.17599703346164,approved,epnp_raceline,rear,toward,-0.9538376617095637,4.132613503293244,25.9860616080616,6.559774298997505,1.6490753826447275
1,1335,22,10,1,1,0.33249631524086,0.02497493289411068,gigapose_global_rank_1|R1+45|rgb_recovery|center_preserving_flip180,110.4901322719589,approved,epnp_raceline,rear,toward,-0.9934009003571971,73.8285237634344,14.800800392491237,13.932204809040831,0.5160693569727416
1,1336,22,12,3,1,0.12050889432430267,0.058134306222200394,gigapose_global_rank_1|logz-0.35|rgb_recovery|center_preserving_flip180,113.10202500189966,approved,epnp_raceline,rear,toward,-0.9880694910342537,178.51099915447605,17.685981932451423,4.91612481153714,4.150951696948309
1,1337,22,13,6,0,0.357016921043396,0.05821455270051956,gigapose_global_rank_1|R1+45|rgb_recovery,114.85195876723448,approved,epnp_raceline,rear,toward,-0.9905014083654655,65.31152402403922,15.316557831060475,6.76823047819521,1.4082569479385967
1,1338,22,11,11,1,0.09360266476869583,0.09360266476869583,gigapose_global_rank_0|R1+45|rgb_recovery|center_preserving_flip180,117.30577738642282,approved,epnp_raceline,rear,toward,-0.9602814042585178,155.6230128758909,24.43581624655891,3.0111652997919514,3.0111652997919514
1,1339,22,0,5,1,0.09796585887670517,0.024854909628629684,gigapose_global_rank_1|R0+20|rgb_recovery|center_preserving_flip180,127.49799781778398,approved,epnp_raceline,rear,toward,-0.8701179687729833,161.00487870987138,21.598700922563687,12.110897182426418,1.5555757114613733
1,1340,22,9,2,1,0.11580033600330353,0.037359315901994705,gigapose_global_rank_1|logz-0.35|rgb_recovery|center_preserving_flip180,117.5801731154173,approved,epnp_raceline,rear,toward,-0.8458433144520107,4.156496706809704,25.039944593847377,2.150261108293322,1.7863258432048623
1,1341,22,6,2,1,0.3538703918457031,0.0039044232107698917,gigapose_global_rank_4|rgb_recovery|center_preserving_flip180,113.22762301080992,approved,epnp_raceline,rear,toward,-0.38529653013620263,126.06512298924146,59.1612213931821,16.195018161562107,16.591410779987466
1,1342,22,8,15,1,0.28849533200263977,0.008092680014669895,gigapose_global_rank_1|logz+0.35|rgb_recovery|center_preserving_flip180,116.8667813222293,approved,epnp_raceline,rear,toward,-0.6435500060427699,88.62992293417844,42.88930508151848,22.42997262084072,17.40061075400417
1,1343,22,0,3,0,0.13956093788146973,0.09882111102342606,gigapose_global_rank_0|R1+20|rgb_recovery,128.397346960538,approved,epnp_raceline,rear,toward,-0.9905613145045309,3.629239692366749,15.921458881464453,10.048010949007445,0.9069693918465306
1,1344,22,9,14,0,0.12374237179756165,0.10778437554836273,gigapose_global_rank_1|R1+45|rgb_recovery,123.30202664190222,approved,epnp_raceline,rear,toward,-0.8511122190447404,18.01628805834018,40.082499820600944,0.7103867366539272,10.731306498072275
1,1345,22,6,3,1,0.1888710856437683,0.04376363381743431,gigapose_global_rank_0|logz-0.35|rgb_recovery|center_preserving_flip180,129.66196353142362,approved,epnp_raceline,rear,toward,-0.9784805620744416,5.341990946422852,20.308234848763078,1.295897124882139,2.246172623502826
1,1346,22,0,4,1,0.13077527284622192,0.022560715675354004,gigapose_global_rank_1|R1+45|rgb_recovery|center_preserving_flip180,122.71940028232981,approved,epnp_raceline,rear,toward,-0.9531019273954576,3.4827741210759853,26.05800941378824,5.872045661503261,3.596506915451019
1,1347,22,1,7,1,0.15343737602233887,0.019014662131667137,gigapose_global_rank_2|logz-0.35|rgb_recovery|center_preserving_flip180,122.05362439516357,approved,epnp_raceline,rear,toward,-0.9827037124351703,18.84289698522198,19.22906894086082,0.9347412547104313,0.4946569698085472
1,1348,22,8,5,1,0.25999122858047485,0.07374700903892517,gigapose_global_rank_0|R1+45|rgb_recovery|center_preserving_flip180,119.38928755250771,approved,epnp_raceline,rear,toward,-0.9576123623483779,7.254113167752746,25.2131603043393,0.8421416082291193,4.441722909900468
1,1349,22,8,1,1,0.18418294191360474,0.053106654435396194,gigapose_global_rank_0|R1+45|rgb_recovery|center_preserving_flip180,118.93734702403886,approved,epnp_raceline,rear,toward,-0.9554178197621581,6.344111099646547,25.808988297030204,1.3990206468171837,3.6019494462514
1,1350,22,7,9,1,0.24753442406654358,0.05930961295962334,gigapose_global_rank_0|R1+45|rgb_recovery|center_preserving_flip180,118.68302821635025,approved,epnp_raceline,rear,toward,-0.9564777315352192,9.265113410643126,25.23149441750583,1.5776986043161298,3.423438422238845
1,1351,22,2,12,1,0.24844945967197418,0.07311052829027176,gigapose_global_rank_0|R1+45|rgb_recovery|center_preserving_flip180,124.38655918412239,approved,epnp_raceline,rear,toward,-0.9478066791145334,6.074841880148136,27.10683534354731,0.36289972279424115,3.1863491434542417
1,1352,22,11,15,1,0.16419394314289093,0.029901767149567604,gigapose_global_rank_0|R1+45|rgb_recovery|center_preserving_flip180,123.42883818653108,approved,epnp_raceline,rear,toward,-0.9511893135630403,7.937544673522349,26.463640484891382,1.9768613256789132,3.922151864608805
1,1353,22,9,10,1,0.3123449683189392,0.08431683480739594,gigapose_global_rank_0|R1+45|rgb_recovery|center_preserving_flip180,126.19322108620389,approved,epnp_raceline,rear,toward,-0.9454852056993578,4.614442049868237,27.55140585883799,2.6769336172804716,4.7740639256256
1,1354,22,4,15,1,0.20467843115329742,0.09850724786520004,gigapose_global_rank_0|R1+45|rgb_recovery|center_preserving_flip180,126.93099677394109,approved,epnp_raceline,rear,toward,-0.9808952560524437,5.941635286174402,19.78419331783044,0.7820192439373819,4.861199195533431
1,1355,22,0,8,1,0.13311143219470978,0.02419295534491539,gigapose_global_rank_1|R1+45|rgb_recovery|center_preserving_flip180,125.00399351553791,approved,epnp_raceline,rear,toward,-0.9484527268481173,3.4376780309031356,26.83104804756399,5.3361576253607526,3.7160450688572397
1,1356,22,13,13,1,0.2936277687549591,0.2936277687549591,gigapose_global_rank_1|R1+45|rgb_recovery|center_preserving_flip180,117.53348062491347,approved,epnp_raceline,rear,toward,-0.6019056649625708,118.54247278677934,61.526280603806654,12.342551663267907,12.342551663267907
1,1357,22,6,3,1,0.186421737074852,0.05951397866010666,gigapose_global_rank_0|R1+45|rgb_recovery|center_preserving_flip180,132.85130719906607,approved,epnp_raceline,rear,toward,-0.9587707842228691,8.508115772038499,25.32592891995923,0.2672508407372627,4.840569002399516
1,1358,22,4,8,1,0.22929802536964417,0.052707359194755554,gigapose_global_rank_0|R1+45|rgb_recovery|center_preserving_flip180,136.81411803910038,approved,epnp_raceline,rear,toward,-0.953423504664431,9.63846741200985,26.060268437673866,1.6236379457412229,4.641244325991633
1,1359,22,6,2,1,0.1635269671678543,0.024942314252257347,gigapose_global_rank_1|R1+45|rgb_recovery|center_preserving_flip180,143.01068871822906,approved,epnp_raceline,rear,toward,-0.9515968745862549,17.92794423974708,26.303572688207595,1.5712485315281397,5.490381530797687
1,1360,22,0,14,0,0.13920371234416962,0.11095590889453888,gigapose_global_rank_0|R1+20|rgb_recovery,142.91533038268787,approved,epnp_raceline,rear,toward,-0.9730949826278353,5.0613642801751215,22.258105006912153,2.4970485713057506,0.5729770973171685
1,1361,22,1,6,0,0.1366860270500183,0.12770502269268036,gigapose_global_rank_1|R0+20|rgb_recovery,154.28944200750536,approved,epnp_raceline,rear,toward,-0.990074935808747,19.83825681672753,3.673735922747218,1.5550300022785837,0.8518596058089045
1,1362,22,1,1,0,0.25012660026550293,0.25012660026550293,gigapose_global_rank_0|R1+20|rgb_recovery,145.42400518979164,approved,epnp_raceline,rear,toward,-0.9838356614909365,18.500637312375407,18.500637312375407,1.4623482411457625,1.4623482411457625
1,1363,22,10,10,0,0.16325949132442474,0.16325949132442474,gigapose_global_rank_1|R1+20|rgb_recovery,128.49352430269053,approved,epnp_raceline,rear,toward,-0.9783771879703217,20.271868620287382,20.271868620287382,1.0493588911178664,1.0493588911178664
1,1364,22,5,5,1,0.4639047086238861,0.4639047086238861,gigapose_global_rank_0|R1+45|rgb_recovery|center_preserving_flip180,134.39610154305893,approved,epnp_raceline,rear,toward,-0.6149199712493967,119.5295607194653,60.56014255897634,13.446777954498572,13.446777954498572
1,1365,22,5,9,1,0.17924660444259644,0.030973222106695175,gigapose_global_rank_4|rgb_recovery|center_preserving_flip180,127.66488736760195,approved,epnp_raceline,rear,toward,-0.9778171042097753,5.5273696057490245,20.31903974597305,0.35790751102220447,3.735147249777486
1,1366,22,3,13,1,0.2543002963066101,0.23760183155536652,gigapose_global_rank_2|align_detection|rgb_recovery|center_preserving_flip180,101.62027642691194,approved,epnp_raceline,rear,toward,-0.6567108833921539,125.29176731203519,59.732503704774224,14.635033467008856,15.535628433236482
1,1367,22,4,4,1,0.38636669516563416,0.38636669516563416,gigapose_global_rank_0|R1+45|rgb_recovery|center_preserving_flip180,98.85877629260318,approved,epnp_raceline,rear,toward,-0.6035444315386417,118.30857554233364,61.90061894178468,6.547351058376365,6.547351058376365
1,1368,22,11,2,1,0.37689098715782166,0.06613396108150482,gigapose_global_rank_0|R1+20|rgb_recovery|center_preserving_flip180,122.16416108649986,approved,epnp_raceline,rear,toward,-0.981477382306938,6.286038163256316,19.534987673447898,1.3196015007868973,1.2133215911217534
1,1369,22,5,5,1,0.4445401132106781,0.4445401132106781,gigapose_global_rank_1|R1+45|rgb_recovery|center_preserving_flip180,118.00625698814399,approved,epnp_raceline,rear,toward,-0.5483152538291683,114.49961468520277,65.56920227156535,9.323151923087806,9.323151923087806
1,1370,22,8,8,1,0.41729602217674255,0.41729602217674255,gigapose_global_rank_0|R1+45|rgb_recovery|center_preserving_flip180,132.23879890089364,approved,epnp_raceline,rear,toward,-0.6005831355591793,118.12106065772639,61.9573587900014,7.694648618361268,7.694648618361268
1,1371,22,8,8,1,0.4538940191268921,0.4538940191268921,gigapose_global_rank_0|R1+45|rgb_recovery|center_preserving_flip180,136.77030205960702,approved,epnp_raceline,rear,toward,-0.587300921558706,117.05872570956593,63.01650853466228,5.977515387457377,5.977515387457377
1,1372,22,9,8,1,0.13518020510673523,0.07389796525239944,gigapose_global_rank_4|rgb_recovery|center_preserving_flip180,157.01094357949924,approved,epnp_raceline,rear,toward,-0.9876922070978067,4.6013059058901336,17.58216219685192,1.7147033964555776,0.7254093409581361
1,1373,22,12,14,1,0.35956811904907227,0.04482042044401169,gigapose_global_rank_0|R1+20|rgb_recovery|center_preserving_flip180,151.80129605553734,approved,epnp_raceline,rear,toward,-0.9736688212791877,3.0757538340961537,21.630182797027512,1.34915760459213,0.2928094363694692
1,1374,22,11,9,1,0.1692521870136261,0.08357199281454086,gigapose_global_rank_0|R1+20|rgb_recovery|center_preserving_flip180,149.46207906877137,approved,epnp_raceline,rear,toward,-0.9813048943995009,179.66168616388282,19.470777428713028,0.4140263362951477,0.3000728685842323
1,1375,22,5,5,1,0.4003762900829315,0.4003762900829315,gigapose_global_rank_0|R1+45|rgb_recovery|center_preserving_flip180,146.20199737333803,approved,epnp_raceline,rear,toward,-0.5849969668819386,116.48991546250245,63.62945292197752,1.054384754830341,1.054384754830341
1,1376,22,10,1,1,0.16330280900001526,0.07142862677574158,gigapose_global_rank_0|R1+20|rgb_recovery|center_preserving_flip180,156.50413203741925,approved,epnp_raceline,rear,toward,-0.9876062005227784,3.7367321297996297,18.76736303592446,3.963758871792235,1.1385438753981525
1,1377,22,11,3,1,0.14796152710914612,0.07340021431446075,gigapose_global_rank_4|rgb_recovery|center_preserving_flip180,154.27677218172556,approved,epnp_raceline,rear,toward,-0.9870192074049423,2.794048699457813,18.451580439277187,4.6714479678964285,4.684420474197449
1,1378,22,9,1,1,0.09763216227293015,0.09600576758384705,gigapose_global_rank_1|R1+20|rgb_recovery|center_preserving_flip180,150.9231259130879,approved,epnp_raceline,rear,toward,-0.978041529343781,179.07925307361342,20.76652887685027,3.6826543044295,2.782872917967626
1,1379,22,7,14,1,0.12455804646015167,0.10684271156787872,gigapose_global_rank_0|R1+20|rgb_recovery|center_preserving_flip180,147.8414696204972,approved,epnp_raceline,rear,toward,-0.9776109971469888,176.52850460480636,20.351590278513818,2.8880642892447494,1.5748302481161536
1,1380,22,0,7,0,0.14013990759849548,0.1319916546344757,gigapose_global_rank_0|R1+20|rgb_recovery,147.25456052831638,approved,epnp_raceline,rear,toward,-0.9761591729957663,3.637232067616737,21.328226144062942,0.8534070032287409,0.5442487069565608
1,1381,22,9,1,1,0.26722750067710876,0.03667663410305977,gigapose_global_rank_3|rgb_recovery|center_preserving_flip180,142.04555083677286,approved,epnp_raceline,rear,toward,-0.9869492807559362,0.9897345734775478,18.04977794124744,2.888806972842291,2.180090556824933
1,1382,22,7,7,0,0.14657780528068542,0.14657780528068542,gigapose_global_rank_1|R1+20|rgb_recovery,133.93532443347655,approved,epnp_raceline,rear,toward,-0.9803141731881566,20.107595400990462,20.107595400990462,1.1757237452542875,1.1757237452542875
1,1383,22,2,2,0,0.14322228729724884,0.14322228729724884,gigapose_global_rank_0|R1+20|rgb_recovery,131.87556158355676,approved,epnp_raceline,rear,toward,-0.9823063792605018,19.539750228044014,19.539750228044014,0.35510430270423887,0.35510430270423887
1,1384,22,8,2,0,0.15432485938072205,0.14841565489768982,gigapose_global_rank_1|R1+20|rgb_recovery,131.57341352187603,approved,epnp_raceline,rear,toward,-0.990154578593945,3.4403983534963087,16.931293650757997,3.417105760713449,1.0761445769777753
1,1385,22,6,6,0,0.13200873136520386,0.13200873136520386,gigapose_global_rank_1|R1+20|rgb_recovery,136.63732153201042,approved,epnp_raceline,rear,toward,-0.9809147162905271,19.97591604635327,19.97591604635327,0.4995310874185076,0.4995310874185076
1,1386,22,1,3,0,0.13993699848651886,0.1251997947692871,gigapose_global_rank_0|R1+20|rgb_recovery,140.65281406774423,approved,epnp_raceline,rear,toward,-0.9827552236284836,4.885583829929688,19.315270454048097,2.039524975254093,0.8153147153270941
1,1387,22,1,1,0,0.17134366929531097,0.17134366929531097,gigapose_global_rank_0|R1+20|rgb_recovery,144.5091074086924,approved,epnp_raceline,rear,toward,-0.9853685183519687,18.79602036990564,18.79602036990564,0.2969264764875025,0.2969264764875025
1,1388,22,5,5,0,0.12472579628229141,0.12472579628229141,gigapose_global_rank_0|R1+20|rgb_recovery,148.5908154154277,approved,epnp_raceline,rear,toward,-0.9799503733015409,20.515275444669076,20.515275444669076,0.5929160768519882,0.5929160768519882
1,1389,22,14,7,0,0.17598366737365723,0.08692248910665512,gigapose_global_rank_1|logz-0.35|rgb_recovery,153.49973132732262,approved,epnp_raceline,rear,toward,-0.9962169115663099,5.632956021559126,7.228640328448142,0.20278704677094264,4.873666785846732
1,1390,22,10,1,0,0.15293791890144348,0.08742642402648926,gigapose_global_rank_0|uv0+48|rgb_recovery,144.27278614610915,approved,epnp_raceline,rear,toward,-0.9903643968304005,4.912103729841449,3.2641709150159994,1.3033750808883091,2.864934289462849
1,1391,22,5,5,0,0.17825232446193695,0.17825232446193695,gigapose_global_rank_0|R1+20|rgb_recovery,150.45765704436675,approved,epnp_raceline,rear,toward,-0.977408600093152,21.009119612665792,21.009119612665792,0.3913635502857544,0.3913635502857544
1,1392,22,6,6,0,0.183502659201622,0.183502659201622,gigapose_global_rank_1|R0+20|rgb_recovery,147.3426940178082,approved,epnp_raceline,rear,toward,-0.9896691368288747,6.52299620283004,6.52299620283004,2.160014949843147,2.160014949843147
1,1393,22,6,6,0,0.1515221744775772,0.1515221744775772,gigapose_global_rank_1|R1+20|rgb_recovery,144.57383638495122,approved,epnp_raceline,rear,toward,-0.989706634824737,16.97861624840041,16.97861624840041,0.6763661789865484,0.6763661789865484
1,1394,22,5,5,0,0.24013812839984894,0.24013812839984894,gigapose_global_rank_1|R0+20|rgb_recovery,135.8569379496603,approved,epnp_raceline,rear,toward,-0.989667609059298,5.457190398756067,5.457190398756067,1.7888240973454905,1.7888240973454905
1,1395,22,5,5,0,0.19982537627220154,0.19982537627220154,gigapose_global_rank_1|R0+20|rgb_recovery,142.45726987917197,approved,epnp_raceline,rear,toward,-0.9906173193416193,1.5939056294401184,1.5939056294401184,0.5788787543418553,0.5788787543418553
1,1396,22,3,2,1,0.4055698812007904,0.013142809271812439,gigapose_global_rank_0|R1-20|rgb_recovery|center_preserving_flip180,132.02689064765983,approved,epnp_raceline,rear,toward,-0.9656610411947272,88.23413656458175,8.940886102011337,21.775545336503153,2.508228708373572
1,1397,22,9,4,1,0.1372382640838623,0.020387204363942146,gigapose_global_rank_2|rgb_recovery|center_preserving_flip180,134.31862061439645,approved,epnp_raceline,rear,toward,-0.9352450987065827,8.136123654356679,13.613046433755137,2.132396214523945,5.120492335928531
1,1398,22,10,7,0,0.10718037188053131,0.09863172471523285,gigapose_global_rank_4|rgb_recovery,136.9150288245484,approved,epnp_raceline,rear,toward,-0.771030890452164,3.592574785008808,32.9114896720819,2.422568640535901,11.21845193145662
1,1399,22,7,3,1,0.3934221565723419,0.031353868544101715,gigapose_global_rank_2|rgb_recovery|center_preserving_flip180,142.2382017100371,approved,epnp_raceline,rear,toward,-0.9318161731749597,116.27256277601684,13.437610233411178,10.325918289659327,4.618458696439074
1,1400,22,10,1,1,0.132095605134964,0.06571195274591446,gigapose_global_rank_2|rgb_recovery|center_preserving_flip180,140.84652084026337,approved,epnp_raceline,rear,toward,-0.9438723190719172,141.16684376472114,11.988289696564705,6.866897919899085,3.06888455641882
1,1401,22,14,14,1,0.12105882912874222,0.12105882912874222,gigapose_global_rank_0|R1+20|rgb_recovery|center_preserving_flip180,139.48926137740273,approved,epnp_raceline,rear,toward,-0.8715474910688944,142.17178457230926,38.00259919847156,3.825440886442889,3.825440886442889
1,1402,22,11,8,1,0.1332687884569168,0.10754447430372238,gigapose_global_rank_0|R1+20|rgb_recovery|center_preserving_flip180,133.84730643546803,approved,epnp_raceline,rear,toward,-0.8897487735733971,16.96266455888357,35.933903333873445,0.40654206063739184,4.951185527806528
1,1403,22,11,5,1,0.11681569367647171,0.06423079967498779,gigapose_global_rank_1|R1+45|rgb_recovery|center_preserving_flip180,135.0093068384494,approved,epnp_raceline,rear,toward,-0.9580156528415247,157.97381387632717,25.518018101924245,1.4263892528161661,1.5086956054402505
1,1404,22,13,13,1,0.2063618153333664,0.2063618153333664,gigapose_global_rank_0|R1+45|rgb_recovery|center_preserving_flip180,136.16039764771702,approved,epnp_raceline,rear,toward,-0.5920935950271252,117.82402605691215,62.57707641204126,9.244878504588522,9.244878504588522
1,1405,22,3,12,1,0.1337791234254837,0.058177001774311066,gigapose_global_rank_1|R1+45|rgb_recovery|center_preserving_flip180,129.64668241010312,approved,epnp_raceline,rear,toward,-0.5738791866133722,18.317503914750866,64.07191503455255,0.8524400158306885,14.450259039176132
1,1406,22,14,14,0,0.21093378961086273,0.21093378961086273,gigapose_global_rank_1|R1+45|rgb_recovery,117.46355164207684,approved,epnp_raceline,rear,toward,-0.8161035060761446,44.353367541956594,44.353367541956594,11.055263199249438,11.055263199249438
1,1407,22,3,2,0,0.15805873274803162,0.035262636840343475,gigapose_global_rank_2|flip180|rgb_recovery,107.95409806460124,approved,epnp_raceline,rear,toward,-0.9149929889440676,6.923493186888328,33.07552653429673,0.5949050293909658,11.4580374075926
1,1408,22,2,2,0,0.16430702805519104,0.16430702805519104,gigapose_global_rank_1|R1+20|rgb_recovery,78.9914448430197,approved,epnp_raceline,rear,toward,-0.9874063634608835,18.771695291871257,18.771695291871257,0.4122144893002383,0.4122144893002383
1,1409,22,15,8,1,0.21468287706375122,0.06359919905662537,gigapose_global_rank_0|R1+45|rgb_recovery|center_preserving_flip180,59.71486124344871,approved,epnp_raceline,rear,toward,-0.9395276188635461,9.917699969782785,29.15967933856924,1.5287118962338486,5.2095305932253035
1,1410,22,12,12,1,0.2211403250694275,0.2211403250694275,gigapose_global_rank_0|R1+45|rgb_recovery|center_preserving_flip180,43.453066312367056,approved,epnp_raceline,rear,toward,-0.18198050241453517,92.08106328100426,88.9387799841055,7.859186500833264,7.859186500833264
1,1411,22,15,11,0,0.17811807990074158,0.0874132439494133,gigapose_global_rank_0|R1-45|rgb_recovery,67.66983291513174,approved,epnp_raceline,rear,toward,-0.37230191915009236,120.76515623490404,76.71682380939204,3.2215156324144623,1.630977989778707
1,1412,22,0,5,0,0.30166399478912354,0.030365929007530212,gigapose_global_rank_0|R1+45|rgb_recovery,90.33962551615662,approved,epnp_raceline,rear,toward,-0.13479405013949405,51.89574982493982,92.25242545481392,15.647105407196802,8.057308957000439
1,1413,22,9,9,1,0.2350253313779831,0.2350253313779831,gigapose_global_rank_0|R1+45|rgb_recovery|center_preserving_flip180,114.68652094743835,approved,epnp_raceline,rear,toward,-0.15076061101952193,90.73897832064814,89.90686382219212,4.630437989152767,4.630437989152767
1,1414,22,7,3,1,0.1649971902370453,0.14687584340572357,gigapose_global_rank_2|flip180|rgb_recovery|center_preserving_flip180,135.83523161059864,approved,epnp_raceline,rear,toward,-0.48062363757846155,116.1739920896622,69.7326062334221,4.392949594015354,5.772697923503138
1,1415,22,2,6,1,0.1651425063610077,0.029101142659783363,gigapose_global_rank_4|rgb_recovery|center_preserving_flip180,150.1939054672361,approved,epnp_raceline,rear,toward,-0.9901488010198215,17.747366237635035,17.19522215921395,0.4790068500817669,0.5074834870905472
1,1416,22,10,11,1,0.41500231623649597,0.04385736584663391,gigapose_global_rank_3|rgb_recovery|center_preserving_flip180,134.96609255909627,approved,epnp_raceline,rear,toward,-0.9979936045378368,15.113828856519252,6.763401293873622,3.0582572994200534,3.4103631081154675
1,1417,22,1,4,1,0.1368987262248993,0.022221285849809647,gigapose_global_rank_4|rgb_recovery|center_preserving_flip180,134.38352071875985,approved,epnp_raceline,rear,toward,-0.991001753727985,16.461747510712808,18.28608980863836,0.34778997670033895,1.5440793316528836
1,1418,22,15,14,1,0.20615360140800476,0.05814432352781296,gigapose_global_rank_1|R1+45|rgb_recovery|center_preserving_flip180,133.84487461372345,approved,epnp_raceline,rear,toward,-0.9639252968699398,4.839333979677281,25.111163967350034,3.6288805138297544,0.5140765897664926
1,1419,22,7,5,1,0.23865465819835663,0.07901284098625183,gigapose_global_rank_0|R1+45|rgb_recovery|center_preserving_flip180,135.24914248020588,approved,epnp_raceline,rear,toward,-0.9578770900699182,6.279264988744698,26.16542318711007,1.9161841860631574,3.4543875888492037
1,1420,22,15,15,1,0.32078999280929565,0.32078999280929565,gigapose_global_rank_1|R1+45|rgb_recovery|center_preserving_flip180,138.40799083971532,approved,epnp_raceline,rear,toward,-0.5935527071432197,117.2071990900984,62.87776074584132,10.892527652051093,10.892527652051093
1,1421,22,2,2,0,0.16873298585414886,0.16873298585414886,gigapose_global_rank_0|R1+20|rgb_recovery,123.83119552875452,approved,epnp_raceline,rear,toward,-0.9888671616209851,17.633502899049702,17.633502899049702,1.2456773619806127,1.2456773619806127
1,1422,22,4,4,0,0.31154757738113403,0.31154757738113403,gigapose_global_rank_2|rgb_recovery,116.98737954280769,approved,epnp_raceline,rear,toward,-0.9843602459171307,1.8401316272048496,1.8401316272048496,2.905892870100996,2.905892870100996
1,1423,22,13,13,0,0.12670709192752838,0.12670709192752838,gigapose_global_rank_0|flip180|rgb_recovery,108.00267153559147,approved,epnp_raceline,rear,toward,-0.9965312498114126,13.825547016741481,13.825547016741481,1.174121933875398,1.174121933875398
1,1424,22,1,1,0,0.23776279389858246,0.23776279389858246,gigapose_global_rank_1|R1+20|rgb_recovery,81.29096869011703,approved,epnp_raceline,rear,toward,-0.9885440416468446,17.675576523137128,17.675576523137128,0.38716988577579103,0.38716988577579103
1,1425,22,10,2,1,0.17073017358779907,0.04980475455522537,gigapose_global_rank_0|uv0-48|rgb_recovery|center_preserving_flip180,67.07801745022462,approved,epnp_raceline,rear,toward,-0.8184249644932318,89.83690986578402,44.6944382721706,0.6065746023090006,0.5207993562758222
1,1426,22,10,10,1,0.11331985145807266,0.11331985145807266,gigapose_global_rank_1|yaw+30|rgb_recovery|center_preserving_flip180,83.5614149805264,approved,epnp_raceline,rear,toward,-0.766420256777693,131.04965489566786,49.72612690188797,1.5493972487121725,1.5493972487121725
1,1427,22,9,6,1,0.12419230490922928,0.11685135960578918,gigapose_global_rank_2|flip180|rgb_recovery|center_preserving_flip180,84.76317839288717,approved,epnp_raceline,rear,toward,-0.44822039944677833,119.57824856364645,73.18445014444065,1.4476515250042756,2.6505824591002534
1,1428,22,8,8,1,0.20893795788288116,0.20893795788288116,gigapose_global_rank_0|R1+45|rgb_recovery|center_preserving_flip180,92.8268325404959,approved,epnp_raceline,rear,toward,-0.6742755622422961,122.87528046439607,57.623700515227064,1.9209362494833229,1.9209362494833229
1,1429,22,4,4,1,0.32701176404953003,0.32701176404953003,gigapose_global_rank_0|R1+45|rgb_recovery|center_preserving_flip180,121.71564951713836,approved,epnp_raceline,rear,toward,-0.6207748757748499,119.32491151264342,61.219188024836114,2.5181402159684954,2.5181402159684954
1,1430,22,11,11,1,0.3360160291194916,0.3360160291194916,gigapose_global_rank_0|R1+45|rgb_recovery|center_preserving_flip180,136.59710194818376,approved,epnp_raceline,rear,toward,-0.8706434969722006,143.99633235451327,37.6952517395311,9.71945624056551,9.71945624056551
1,1431,22,1,1,0,0.13571296632289886,0.13571296632289886,gigapose_global_rank_0|R1+20|rgb_recovery,140.052063774966,approved,epnp_raceline,rear,toward,-0.980831024899535,20.210173727929025,20.210173727929025,1.2633860231609966,1.2633860231609966
1,1432,22,1,1,0,0.21976874768733978,0.21976874768733978,gigapose_global_rank_0|R1+20|rgb_recovery,137.72607650834675,approved,epnp_raceline,rear,toward,-0.9861237018781233,18.65860025848083,18.65860025848083,0.645009702695054,0.645009702695054
1,1433,22,6,13,1,0.11662347614765167,0.02673281542956829,gigapose_global_rank_1|R1+45|rgb_recovery|center_preserving_flip180,137.9246343643009,approved,epnp_raceline,rear,toward,-0.9605060063086732,17.65973996537584,25.11396325664932,0.33714187391241984,1.5789207610010398
1,1434,22,15,6,1,0.23292291164398193,0.11915584653615952,gigapose_global_rank_1|R1+45|rgb_recovery|center_preserving_flip180,133.62421739160715,approved,epnp_raceline,rear,toward,-0.9052228982652147,3.178759457409217,34.31130131000566,0.6799461683878166,8.249013455189521
1,1435,22,5,5,0,0.12346095591783524,0.12346095591783524,gigapose_global_rank_0|R1+20|rgb_recovery,137.62127123296727,approved,epnp_raceline,rear,toward,-0.9865537348261033,18.351251324169972,18.351251324169972,1.646923568540314,1.646923568540314
1,1436,22,0,3,0,0.13524219393730164,0.11507923901081085,gigapose_global_rank_0|R1+20|rgb_recovery,135.61770933525267,approved,epnp_raceline,rear,toward,-0.9847856303288991,3.3874712978712282,19.229893753520834,4.964594112075671,1.8849319831595677
1,1437,22,0,1,0,0.13068202137947083,0.11985079199075699,gigapose_global_rank_0|R1+20|rgb_recovery,144.23386144343993,approved,epnp_raceline,rear,toward,-0.989092742583817,3.2328718431846317,17.597020942890854,2.901904913103853,0.47878026774283466
1,1438,22,8,12,1,0.22391535341739655,0.0867585614323616,gigapose_global_rank_1|R1+45|rgb_recovery|center_preserving_flip180,145.5657532321801,approved,epnp_raceline,rear,toward,-0.9513505328210702,6.87134614103499,26.957469456981077,2.2382511111301358,0.7188568859150507
1,1439,22,6,12,1,0.29919859766960144,0.03881451487541199,gigapose_global_rank_1|R1+20|rgb_recovery|center_preserving_flip180,146.42640557838297,approved,epnp_raceline,rear,toward,-0.9943407116118008,1.4803270569562763,7.037431685133415,1.177746408504349,1.2803450651073882
1,1440,22,13,5,1,0.40924566984176636,0.014375703409314156,gigapose_global_rank_0|R1-20|rgb_recovery|center_preserving_flip180,142.8955353331977,approved,epnp_raceline,rear,toward,-0.9453905907048117,102.90692100749975,12.317845598137657,16.051200626683283,7.338810494370236
1,1441,22,7,4,0,0.17840711772441864,0.10648288577795029,gigapose_global_rank_0|R0+20|rgb_recovery,139.715398697426,approved,epnp_raceline,rear,toward,-0.9854172037952371,17.44641548961379,2.1868958013227155,1.4501925013629098,1.5522044152887442
1,1442,22,5,14,0,0.18315356969833374,0.013529283925890923,gigapose_global_rank_1|flip180|rgb_recovery,124.24316945775016,approved,epnp_raceline,rear,toward,-0.8998590700865471,18.487280211332443,17.10193617871995,0.32317628705485607,5.725855145429399
1,1443,22,10,8,1,0.17238332331180573,0.025153402239084244,gigapose_global_rank_1|R1-45|rgb_recovery|center_preserving_flip180,120.4703056653966,approved,epnp_raceline,rear,toward,-0.9093566812630499,6.578482483610889,16.861353188343625,0.6700431661925675,8.793429607612833
1,1444,22,8,3,1,0.12459751218557358,0.05365647003054619,gigapose_global_rank_1|rgb_recovery|center_preserving_flip180,117.27410634405462,approved,epnp_raceline,rear,toward,-0.9431432999649929,31.883596095173896,10.856930361310454,9.520829783549587,7.6268049186772995
1,1445,22,11,11,0,0.1758497655391693,0.1758497655391693,gigapose_global_rank_1|R1+45|rgb_recovery,113.2825021776479,approved,epnp_raceline,rear,toward,-0.8396270864016696,42.04314303304091,42.04314303304091,10.866689687960958,10.866689687960958
1,1446,22,14,14,1,0.30990365147590637,0.30990365147590637,gigapose_global_rank_1|R1+45|rgb_recovery|center_preserving_flip180,110.32958426468497,approved,epnp_raceline,rear,toward,-0.5821887178834111,116.64553803962211,63.76777875645918,13.323599373206168,13.323599373206168
1,1447,22,5,1,0,0.1914590448141098,0.14200446009635925,gigapose_global_rank_1|R1+45|rgb_recovery,126.96476875233502,approved,epnp_raceline,rear,toward,-0.8592050197144809,22.184037501968472,39.92475812151692,2.3263746691652156,10.939749068870213
1,1448,22,5,9,1,0.15989790856838226,0.04848415404558182,gigapose_global_rank_1|R1+45|rgb_recovery|center_preserving_flip180,123.957025175257,approved,epnp_raceline,rear,toward,-0.947997260605041,139.1920581737528,27.767765547683926,18.000038480593137,3.7988284086045505
1,1449,22,1,1,0,0.18233706057071686,0.18233706057071686,gigapose_global_rank_1|R1+20|rgb_recovery,135.51253500608166,approved,epnp_raceline,rear,toward,-0.9848355668843793,18.91713194069271,18.91713194069271,0.8476182828121989,0.8476182828121989
1,1450,22,2,2,0,0.16486606001853943,0.16486606001853943,gigapose_global_rank_1|R1+20|rgb_recovery,138.4775271825299,approved,epnp_raceline,rear,toward,-0.9818203755887864,19.91454005736643,19.91454005736643,0.973261043527281,0.973261043527281
1,1451,22,5,12,1,0.306287944316864,0.048910051584243774,gigapose_global_rank_1|R1+45|rgb_recovery|center_preserving_flip180,142.21092579378688,approved,epnp_raceline,rear,toward,-0.9576086962279621,5.274480448095988,25.98829063635158,2.5167385726585985,1.4023830942698254
1,1452,22,4,4,1,0.31502220034599304,0.31502220034599304,gigapose_global_rank_0|R1+45|rgb_recovery|center_preserving_flip180,135.90209523210564,approved,epnp_raceline,rear,toward,-0.5657472042987615,115.04786391408616,64.96695475585142,8.520518345859502,8.520518345859502
1,1453,22,2,2,0,0.1758129745721817,0.1758129745721817,gigapose_global_rank_0|R1+20|rgb_recovery,142.1967334591546,approved,epnp_raceline,rear,toward,-0.9835342437199139,19.188512896088355,19.188512896088355,1.423357914691404,1.423357914691404
1,1454,22,1,1,0,0.14160744845867157,0.14160744845867157,gigapose_global_rank_0|R1+20|rgb_recovery,131.87152489064056,approved,epnp_raceline,rear,toward,-0.9844808827308565,19.243303697227756,19.243303697227756,1.908916737999276,1.908916737999276
1,1455,22,13,1,0,0.1251528263092041,0.11697806417942047,gigapose_global_rank_1|R1+20|rgb_recovery,132.53090364017177,approved,epnp_raceline,rear,toward,-0.9899235557386035,10.373871269918679,17.373662335914517,0.8325966920298434,0.9876182650386038
1,1456,22,1,1,0,0.1841605007648468,0.1841605007648468,gigapose_global_rank_1|R1+20|rgb_recovery,137.52928490510357,approved,epnp_raceline,rear,toward,-0.9828548775710202,19.855469529621615,19.855469529621615,1.9597961092361094,1.9597961092361094
1,1457,22,1,1,0,0.1902787685394287,0.1902787685394287,gigapose_global_rank_1|R1+20|rgb_recovery,142.70542891205304,approved,epnp_raceline,rear,toward,-0.9860195026882222,18.760603200582377,18.760603200582377,0.3126188944149987,0.3126188944149987
1,1458,22,0,1,0,0.16824054718017578,0.1372973918914795,gigapose_global_rank_0|R1+20|rgb_recovery,147.82761874117247,approved,epnp_raceline,rear,toward,-0.988003413040552,3.6859737663623635,18.2422344947724,1.5957146187639202,2.0651449897673633
1,1459,22,1,1,0,0.1528950035572052,0.1528950035572052,gigapose_global_rank_0|R1+20|rgb_recovery,154.95075309251467,approved,epnp_raceline,rear,toward,-0.9885084227592337,18.025485520908898,18.025485520908898,1.1801531899743303,1.1801531899743303
1,1460,22,11,3,1,0.2007569819688797,0.030225539579987526,gigapose_global_rank_0|uv1+48|rgb_recovery|center_preserving_flip180,160.4264586495926,approved,epnp_raceline,rear,toward,-0.975268522983278,12.111037173403622,22.175448651991612,4.26519650133555,0.9163742399119653
1,1461,22,11,1,1,0.1168869212269783,0.06864722073078156,gigapose_global_rank_4|rgb_recovery|center_preserving_flip180,154.36528645570934,approved,epnp_raceline,rear,toward,-0.9793435076030595,10.341365958358631,20.975377381029958,0.25443265325357506,0.9403254157206989
1,1462,22,4,3,1,0.2766523063182831,0.06462627649307251,gigapose_global_rank_1|uv1-48|rgb_recovery|center_preserving_flip180,154.0647271668342,approved,epnp_raceline,rear,toward,-0.9821494375479735,1.9021679538261655,19.986857588950677,1.6980243338738583,1.737356271718562
1,1463,22,3,5,1,0.10441209375858307,0.05456942692399025,gigapose_global_rank_1|uv0+48|rgb_recovery|center_preserving_flip180,137.6102451789037,approved,epnp_raceline,rear,toward,-0.9774887370980594,11.304384258296922,21.259725480727504,3.711972401175911,3.433825388146087
1,1464,22,0,11,1,0.19189386069774628,0.06340666860342026,gigapose_global_rank_0|flip180|rgb_recovery|center_preserving_flip180,127.14780820258827,approved,epnp_raceline,rear,toward,-0.9890380646739003,3.248458101353084,3.7367296754277723,2.0093085678325853,2.5879980343035234
1,1465,22,9,9,1,0.42969900369644165,0.42969900369644165,gigapose_global_rank_1|yaw+90|rgb_recovery|center_preserving_flip180,118.74375750994383,approved,epnp_raceline,rear,toward,-0.5729628261740572,133.42025394662633,105.7933721943443,3.777280109377409,3.777280109377409
1,1466,22,14,8,1,0.534666121006012,0.3606826066970825,gigapose_global_rank_0|yaw+90|rgb_recovery|center_preserving_flip180,139.15023635718833,approved,epnp_raceline,rear,toward,-0.8273689805769887,105.03674195886686,115.59398762729462,9.072595124464891,2.987123573708071
1,1467,22,11,11,1,0.7424334287643433,0.7424334287643433,gigapose_global_rank_0|yaw+90|rgb_recovery|center_preserving_flip180,152.82918390909677,approved,epnp_raceline,rear,toward,-0.8024248052073064,149.56834410123872,116.6986213760231,2.2750789788969947,2.2750789788969947
1,1468,22,2,13,0,0.2520955801010132,0.006367862224578857,gigapose_global_rank_1|yaw+90|rgb_recovery,165.0057123983205,approved,epnp_raceline,rear,toward,-0.9370564858060587,7.430243339776002,114.32310268259847,11.013608681442395,7.490767228010558
1,1469,22,5,5,1,0.939899742603302,0.939899742603302,gigapose_global_rank_0|yaw+90|rgb_recovery|center_preserving_flip180,174.8146264414454,approved,epnp_raceline,rear,toward,-0.8042547796258722,148.82561368293128,108.33060887318489,1.973726429936422,1.973726429936422
1,1470,22,15,1,0,0.2945340871810913,0.2655097544193268,gigapose_global_rank_1|R1+20|rgb_recovery,179.66181246417895,approved,epnp_raceline,rear,toward,-0.9864020899158632,17.955114501012844,19.110748890033435,1.983598124315179,2.4611641459924183
1,1471,22,3,6,0,0.13232269883155823,0.12226582318544388,gigapose_global_rank_1|R1+20|rgb_recovery,123.79399088949664,approved,epnp_raceline,rear,toward,-0.9885778891869725,3.1515211726843986,18.17462907414812,2.3500859244315406,2.031314216518809
1,1472,22,2,14,1,0.19300135970115662,0.048069246113300323,gigapose_global_rank_0|R1+45|rgb_recovery|center_preserving_flip180,100.856092932812,approved,epnp_raceline,rear,toward,-0.9227186439523599,16.819861736284945,32.42246519270002,3.60530469090835,0.8602713340349698
1,1473,22,8,1,1,0.3818013668060303,0.055149953812360764,gigapose_global_rank_0|R1+20|rgb_recovery|center_preserving_flip180,74.6487130576633,approved,epnp_raceline,rear,toward,-0.988508684433117,8.299554814286767,18.60200936619142,2.698234878953523,1.0872220658060068
1,1474,22,15,3,1,0.1367209106683731,0.12844446301460266,gigapose_global_rank_0|R1+45|rgb_recovery|center_preserving_flip180,74.49570405567243,approved,epnp_raceline,rear,toward,-0.9642633029428613,10.378567589393727,24.59610733441883,2.9449770984184194,1.8816883427497793
1,1475,22,0,7,0,0.36961913108825684,0.09733138978481293,gigapose_global_rank_0|R1+20|rgb_recovery,69.59840233915824,approved,epnp_raceline,rear,toward,-0.9783362162783057,19.710896274247705,13.262079221551094,7.7703365424204645,3.5790848360797938
1,1476,22,7,1,0,0.25159701704978943,0.002668652217835188,gigapose_global_rank_0|R1+20|rgb_recovery,78.37980825715623,approved,epnp_raceline,rear,toward,-0.9789354782522114,107.89651889030446,10.390299046262559,12.92889978356315,5.823405570282512
1,1477,22,0,1,0,0.2220275104045868,0.08733552694320679,gigapose_global_rank_1|R1+20|rgb_recovery,92.94020365343019,approved,epnp_raceline,rear,toward,-0.9692236256549661,19.79627095185297,13.716024845013225,8.325851540459528,3.7390354109963124
1,1478,22,10,14,1,0.1298559010028839,0.0954153835773468,gigapose_global_rank_0|yaw+30|rgb_recovery|center_preserving_flip180,117.2015925680428,approved,epnp_raceline,rear,toward,-0.9979250753703789,177.1017592519333,13.887806708719685,5.175340342332153,5.851025436760919
1,1479,22,14,14,1,0.6519220471382141,0.6519220471382141,gigapose_global_rank_3|rgb_recovery|center_preserving_flip180,89.93537345112316,approved,epnp_raceline,rear,toward,-0.6944378411555794,127.8629697421174,67.24728520861787,6.139600844829332,6.139600844829332
1,1480,22,9,2,0,0.26274344325065613,0.03711165487766266,gigapose_global_rank_0|R1+45|rgb_recovery,70.88222690311802,approved,epnp_raceline,rear,toward,-0.9910333921041192,62.763373778252145,15.409682417042438,13.055688442023184,1.798548034646453
1,1481,22,9,14,1,0.2339799702167511,0.08468373864889145,gigapose_global_rank_2|align_detection|rgb_recovery|center_preserving_flip180,82.96858775790665,approved,epnp_raceline,rear,toward,-0.8201235272919492,60.48369122758868,47.38957252621818,10.770841607225242,4.053059327246726
1,1482,22,2,4,1,0.34964460134506226,0.06676667183637619,gigapose_global_rank_1|R1+45|rgb_recovery|center_preserving_flip180,76.57284098656488,approved,epnp_raceline,rear,toward,-0.9886781529859175,164.45383523912236,16.492284007188907,3.7059497944429136,1.3056475531354548
1,1483,22,2,10,1,0.27830514311790466,0.019539091736078262,gigapose_global_rank_0|R1+45|rgb_recovery|center_preserving_flip180,68.00485765311674,approved,epnp_raceline,rear,toward,-0.9934731680242224,63.18213631531844,16.377523737387204,10.788449232557365,1.3712482398148607
1,1484,22,12,3,1,0.28616756200790405,0.12791424989700317,gigapose_global_rank_1|R1+45|rgb_recovery|center_preserving_flip180,89.52010853698815,approved,epnp_raceline,rear,toward,-0.9867796096073909,47.90678444511319,18.98945551737236,6.304756887468456,2.885284012066803
1,1485,22,3,3,1,0.5220440030097961,0.5220440030097961,gigapose_global_rank_0|R1+45|rgb_recovery|center_preserving_flip180,114.16000801509394,approved,epnp_raceline,rear,toward,-0.5901342300974042,115.78211403344986,64.3575484150557,1.9147621309737006,1.9147621309737006
1,1486,22,15,15,1,0.4872811734676361,0.4872811734676361,gigapose_global_rank_1|R1+45|rgb_recovery|center_preserving_flip180,111.7171017728171,approved,epnp_raceline,rear,toward,-0.5857091256031774,115.36398643392286,64.82780204853141,1.2315715193952956,1.2315715193952956
1,1487,22,3,3,1,0.33995184302330017,0.33995184302330017,gigapose_global_rank_1|R1+45|rgb_recovery|center_preserving_flip180,129.84925163605163,approved,epnp_raceline,rear,toward,-0.6191509697777308,117.97025546057328,62.124016361068904,1.6985103253671046,1.6985103253671046
1,1488,22,10,1,1,0.13084901869297028,0.10046372562646866,gigapose_global_rank_0|R1+45|rgb_recovery|center_preserving_flip180,129.07912905667106,approved,epnp_raceline,rear,toward,-0.9749856548774244,12.64056936830247,22.443633154647756,3.2591753517803155,0.5264728557402374
1,1489,22,15,8,1,0.2575157880783081,0.04817827790975571,gigapose_global_rank_0|R1+45|rgb_recovery|center_preserving_flip180,118.51440323452718,approved,epnp_raceline,rear,toward,-0.9722571605031953,3.878683976647082,23.185618724306575,5.631781816943677,0.9248812024058574
1,1490,22,7,3,1,0.16317816078662872,0.02514127641916275,gigapose_global_rank_0|R1+45|rgb_recovery|center_preserving_flip180,107.4986990253762,approved,epnp_raceline,rear,toward,-0.9661877074443299,18.335260858656536,24.657000093145633,1.910832035836141,2.1371782450310404
1,1491,22,15,13,1,0.3512592017650604,0.07933196425437927,gigapose_global_rank_0|R1+45|rgb_recovery|center_preserving_flip180,102.7091683858288,approved,epnp_raceline,rear,toward,-0.9667491953613246,6.5512397494993175,24.74820509088149,2.330366167246812,0.3118991460239469
1,1492,22,2,2,1,0.40038105845451355,0.40038105845451355,gigapose_global_rank_1|R1+45|rgb_recovery|center_preserving_flip180,102.83835179599598,approved,epnp_raceline,rear,toward,-0.6725098911988271,121.93775961638833,58.079283450370575,3.5290499930283867,3.5290499930283867
1,1493,22,5,5,1,0.46388640999794006,0.46388640999794006,gigapose_global_rank_1|R1+45|rgb_recovery|center_preserving_flip180,110.98993136210913,approved,epnp_raceline,rear,toward,-0.5869581823763071,115.79009870845688,64.5317660646929,3.2710292737982294,3.2710292737982294
1,1494,22,10,10,1,0.34134307503700256,0.34134307503700256,gigapose_global_rank_0|R1+45|rgb_recovery|center_preserving_flip180,111.3517232955816,approved,epnp_raceline,rear,toward,-0.6239472472540708,118.98814189173271,61.22934657897337,9.218846198318422,9.218846198318422
1,1495,22,1,1,1,0.3863639831542969,0.3863639831542969,gigapose_global_rank_0|R1+45|rgb_recovery|center_preserving_flip180,118.31613680069812,approved,epnp_raceline,rear,toward,-0.6131712036867514,117.82217615754904,62.183650360282385,8.888672000864718,8.888672000864718
1,1496,22,2,11,1,0.1533002257347107,0.021610766649246216,gigapose_global_rank_0|R1+45|rgb_recovery|center_preserving_flip180,125.38876376654537,approved,epnp_raceline,rear,toward,-0.9666965749256818,17.588656780006076,24.62470582524236,1.7586166803965304,0.7176632144293803
1,1497,22,3,8,1,0.30190417170524597,0.11688598990440369,gigapose_global_rank_1|R1+45|rgb_recovery|center_preserving_flip180,121.46761004470275,approved,epnp_raceline,rear,toward,-0.9349279371518057,2.274022439979569,31.372854435284857,3.3657438345086983,1.0150966328455833
1,1498,22,3,3,1,0.25054627656936646,0.25054627656936646,gigapose_global_rank_0|R1+45|rgb_recovery|center_preserving_flip180,117.4948554750479,approved,epnp_raceline,rear,toward,-0.631724283217751,119.16347772632122,60.84680063717776,6.949723383996632,6.949723383996632
1,1499,22,11,2,1,0.2907694876194,0.05480301380157471,gigapose_global_rank_0|R1+45|rgb_recovery|center_preserving_flip180,105.86215487455841,approved,epnp_raceline,rear,toward,-0.9594178901030448,5.734701458182805,25.952674401480348,2.5454745717859804,2.5668487181066175
1,1500,22,2,0,1,0.20516960322856903,0.01805007830262184,gigapose_rank0_baseline|rgb_recovery|center_preserving_flip180,111.0893315217109,approved,epnp_raceline,rear,toward,-0.9850190256125249,16.327790116216,20.462185064603233,2.8961453644136483,7.648931924806612
1,1501,22,4,4,1,0.4419676959514618,0.4419676959514618,gigapose_global_rank_0|R1+45|rgb_recovery|center_preserving_flip180,106.77297440943153,approved,epnp_raceline,rear,toward,-0.6148890040163312,118.10219987999038,62.00009579676926,11.420724200273002,11.420724200273002
1,1502,22,4,4,1,0.4401579797267914,0.4401579797267914,gigapose_global_rank_1|R1+45|rgb_recovery|center_preserving_flip180,98.2271225787947,approved,epnp_raceline,rear,toward,-0.6288173475314753,119.20851135567175,60.81210297404188,14.454101190993784,14.454101190993784
1,1503,22,6,6,0,0.22152931988239288,0.22152931988239288,gigapose_global_rank_1|R1+20|rgb_recovery,95.81694016207405,approved,epnp_raceline,rear,toward,-0.9909974248377719,16.401537726313762,16.401537726313762,4.263603881350382,4.263603881350382
1,1504,22,14,4,0,0.24046993255615234,0.14235849678516388,gigapose_global_rank_1|uv0-48|rgb_recovery,90.11974910407501,approved,epnp_raceline,rear,toward,-0.9901925265607107,18.037600534517956,3.5551238925719946,4.340396995179324,2.5417529178584166
1,1505,22,2,9,0,0.1782471239566803,0.14396873116493225,gigapose_global_rank_1|R1+45|rgb_recovery,84.93794537131565,approved,epnp_raceline,rear,toward,-0.8512633508189253,19.34228921488999,41.416807826665135,0.9846186085672574,7.408583969091171
1,1506,22,13,3,0,0.16494295001029968,0.13586555421352386,gigapose_global_rank_0|R1+45|rgb_recovery,90.51706115723866,approved,epnp_raceline,rear,toward,-0.852729026022708,18.89729542476245,41.225688910517704,1.3054448615646215,7.606999940429448
1,1507,22,2,2,0,0.15019066631793976,0.15019066631793976,gigapose_global_rank_0|R1+45|rgb_recovery,98.91553096607225,approved,epnp_raceline,rear,toward,-0.8632184312433888,40.07103444125208,40.07103444125208,6.7962812879230885,6.7962812879230885
1,1508,22,6,1,0,0.22496455907821655,0.11956559121608734,gigapose_global_rank_0|R1+20|rgb_recovery,115.39594357233952,approved,epnp_raceline,rear,toward,-0.9923730819155302,114.52991402617808,17.272971065212182,7.8604480158801575,0.6252363984670077
1,1509,22,8,5,1,0.21816140413284302,0.07713236659765244,gigapose_global_rank_0|R1+45|rgb_recovery|center_preserving_flip180,139.91860339521213,approved,epnp_raceline,rear,toward,-0.9554172583645938,3.624803865652247,26.745536754801822,1.3452293568213176,2.343068883825559
1,1510,22,4,12,1,0.16095776855945587,0.016726195812225342,gigapose_global_rank_3|rgb_recovery|center_preserving_flip180,138.6904608863274,approved,epnp_raceline,rear,toward,-0.9933191708091066,15.834173713322471,14.711479815126419,1.7385147585066638,2.2671316283800222
1,1511,22,3,3,1,0.24057647585868835,0.24057647585868835,gigapose_global_rank_1|R1+45|rgb_recovery|center_preserving_flip180,130.1437200009807,approved,epnp_raceline,rear,toward,-0.8319978030477921,136.22232368208205,43.80222752175049,5.379424660635753,5.379424660635753
1,1512,22,1,2,1,0.08361047506332397,0.07543356716632843,gigapose_global_rank_0|R1+20|rgb_recovery|center_preserving_flip180,134.37565378298638,approved,epnp_raceline,rear,toward,-0.9872024818801003,20.632568620837535,4.208950131235651,1.8568504407295285,2.6104415699659627
1,1513,22,1,1,0,0.1751825213432312,0.1751825213432312,gigapose_global_rank_1|R1+20|rgb_recovery,118.70428214953283,approved,epnp_raceline,rear,toward,-0.9885405237097519,19.04614093487057,19.04614093487057,1.411723845240643,1.411723845240643
1,1514,22,1,1,0,0.16344864666461945,0.16344864666461945,gigapose_global_rank_1|R1+20|rgb_recovery,122.3134235940313,approved,epnp_raceline,rear,toward,-0.9886955935077989,17.854404317008893,17.854404317008893,1.9388983398795814,1.9388983398795814
1,1515,22,6,2,0,0.14912819862365723,0.09333056211471558,gigapose_global_rank_1|R1+20|rgb_recovery,124.50156774997075,approved,epnp_raceline,rear,toward,-0.9892267896044303,6.170955394327082,18.444444669964902,1.448736980555817,2.5276819155290493
1,1516,22,0,12,0,0.1442440152168274,0.1277763396501541,gigapose_global_rank_0|R1+20|rgb_recovery,104.57916222140592,approved,epnp_raceline,rear,toward,-0.9872734551590482,2.6999035511942866,19.370034990997887,2.8866462830371256,0.9417809052056038
1,1517,22,1,1,1,0.4213339388370514,0.4213339388370514,gigapose_global_rank_1|R1+45|rgb_recovery|center_preserving_flip180,104.22531784732081,approved,epnp_raceline,rear,toward,-0.6190418788277798,118.1931575416345,61.9680775161644,9.455430176692031,9.455430176692031
1,1518,22,2,6,1,0.14553329348564148,0.019342342391610146,gigapose_global_rank_4|rgb_recovery|center_preserving_flip180,106.66265797101812,approved,epnp_raceline,rear,toward,-0.9551150254790503,18.495358038145927,27.038705674117836,0.6987910175731157,3.700505043330639
1,1519,22,3,12,1,0.2536228597164154,0.08025428652763367,gigapose_global_rank_1|R1+20|rgb_recovery|center_preserving_flip180,102.40431990709922,approved,epnp_raceline,rear,toward,-0.9005411217111708,4.830141706747788,35.8263257727488,1.6330828688007153,4.440394945794605
1,1520,22,0,11,0,0.19081981480121613,0.09446915239095688,gigapose_global_rank_0|R0-20|rgb_recovery,112.26761308572063,approved,epnp_raceline,rear,toward,-0.8470305972187039,57.01046710419136,42.070849749695675,30.442916005393926,19.484767136066473
1,1521,22,6,6,1,0.16407690942287445,0.16407690942287445,gigapose_global_rank_1|R1+45|rgb_recovery|center_preserving_flip180,124.30457797684222,approved,epnp_raceline,rear,toward,-0.8243871168502565,135.65957624714125,44.35641567402272,9.40311942259721,9.40311942259721
1,1522,22,1,15,0,0.1444336324930191,0.12389186024665833,gigapose_global_rank_1|align_detection|rgb_recovery,121.44168528620658,approved,epnp_raceline,rear,toward,-0.846482735473694,49.62952335966165,47.10320532577732,21.601969958815396,22.58160090671259
1,1523,22,1,1,1,0.3971528708934784,0.3971528708934784,gigapose_global_rank_0|R1+45|rgb_recovery|center_preserving_flip180,112.54560341576857,approved,epnp_raceline,rear,toward,-0.6187091185817075,118.18866096449364,61.82310173595583,13.596413690136105,13.596413690136105
1,1524,22,6,10,1,0.19683465361595154,0.018940700218081474,gigapose_global_rank_0|R1+20|rgb_recovery|center_preserving_flip180,109.02251211340622,approved,epnp_raceline,rear,toward,-0.9775609695355437,15.895441316331603,22.050524303294395,4.44735012274567,5.244178172082244
1,1525,22,7,7,1,0.596025288105011,0.596025288105011,gigapose_global_rank_0|R1+45|rgb_recovery|center_preserving_flip180,97.85434127890126,approved,epnp_raceline,rear,toward,-0.6025054910556872,116.15033002631085,64.00440213811986,1.9089518018437925,1.9089518018437925
1,1526,22,4,4,1,0.4751743972301483,0.4751743972301483,gigapose_global_rank_0|R1+45|rgb_recovery|center_preserving_flip180,102.06025395674088,approved,epnp_raceline,rear,toward,-0.6170403846879063,117.10436189658846,62.943915845255994,1.1821106285090348,1.1821106285090348
1,1527,22,3,3,1,0.5111545920372009,0.5111545920372009,gigapose_global_rank_0|R1+45|rgb_recovery|center_preserving_flip180,92.94369642322297,approved,epnp_raceline,rear,toward,-0.627390131008483,117.82697614077242,62.21511220771028,2.0209846498640456,2.0209846498640456
1,1528,22,12,12,1,0.2535320818424225,0.2535320818424225,gigapose_global_rank_0|R1+45|rgb_recovery|center_preserving_flip180,96.46851737851446,approved,epnp_raceline,rear,toward,-0.8184371901328641,134.63682399134066,45.415442868106936,4.106219860850622,4.106219860850622
1,1529,22,10,4,1,0.31286823749542236,0.12047367542982101,gigapose_global_rank_1|R1+45|rgb_recovery|center_preserving_flip180,91.45019821766128,approved,epnp_raceline,rear,toward,-0.9681135895432583,4.741679150419615,24.56572075984504,4.5720355752822,0.23671660230875458
1,1530,22,4,4,1,0.4889441728591919,0.4889441728591919,gigapose_global_rank_0|R1+45|rgb_recovery|center_preserving_flip180,97.1917584755408,approved,epnp_raceline,rear,toward,-0.666813323937976,121.69404475006344,58.35927255176063,9.708340550456947,9.708340550456947
1,1531,22,3,3,1,0.4271935820579529,0.4271935820579529,gigapose_global_rank_0|R1+45|rgb_recovery|center_preserving_flip180,100.33780721670256,approved,epnp_raceline,rear,toward,-0.6049237210615546,117.62663049374261,62.71837802979581,12.974734340598047,12.974734340598047
1,1532,22,13,13,1,0.31800585985183716,0.31800585985183716,gigapose_global_rank_1|R1+45|rgb_recovery|center_preserving_flip180,113.7592586926809,approved,epnp_raceline,rear,toward,-0.7539869690805987,129.0369184495882,51.09621017647034,11.248100175153649,11.248100175153649
1,1533,22,4,4,1,0.41356751322746277,0.41356751322746277,gigapose_global_rank_0|R1+45|rgb_recovery|center_preserving_flip180,121.45570289016885,approved,epnp_raceline,rear,toward,-0.651508595667415,120.49925213965795,59.564751657978135,12.363765896908777,12.363765896908777
1,1534,22,8,3,1,0.19056902825832367,0.09496225416660309,gigapose_global_rank_1|uv1-48|rgb_recovery|center_preserving_flip180,134.36182595595764,approved,epnp_raceline,rear,toward,-0.8392264003338694,136.09114656584927,44.23874352253294,11.70582324310545,11.935427881134338
1,1535,22,14,7,1,0.21551558375358582,0.005508319940418005,gigapose_global_rank_0|R1-45|rgb_recovery|center_preserving_flip180,129.51001630465345,approved,epnp_raceline,rear,toward,-0.9990649921322616,85.21993745814804,14.381835640044576,15.549935427602767,0.4453852176728651
1,1536,22,12,12,1,0.18959863483905792,0.18959863483905792,gigapose_global_rank_1|R1+45|rgb_recovery|center_preserving_flip180,130.06730506088996,approved,epnp_raceline,rear,toward,-0.8532622184090071,138.58886556710505,41.654471380068124,0.4545467343076009,0.4545467343076009
1,1537,22,8,14,1,0.22764670848846436,0.19815754890441895,gigapose_global_rank_1|R1+45|rgb_recovery|center_preserving_flip180,137.29680259611357,approved,epnp_raceline,rear,toward,-0.8606371254181218,7.287579121658846,40.697863399628105,1.427405613748638,3.1757192350287147
1,1538,22,5,5,1,0.16622291505336761,0.16622291505336761,gigapose_global_rank_0|R1+45|rgb_recovery|center_preserving_flip180,143.78491492925463,approved,epnp_raceline,rear,toward,-0.9718361992805871,157.79734427659974,23.222131446791252,0.8787733837889808,0.8787733837889808
1,1539,22,9,9,1,0.1761925220489502,0.1761925220489502,gigapose_global_rank_1|R1+20|rgb_recovery|center_preserving_flip180,143.57174404124558,approved,epnp_raceline,rear,toward,-0.9205085842701551,146.8062617608667,33.8142396137922,1.1759030039229663,1.1759030039229663
1,1540,22,6,6,1,0.23622944951057434,0.23622944951057434,gigapose_global_rank_0|R1+45|rgb_recovery|center_preserving_flip180,150.85613742639794,approved,epnp_raceline,rear,toward,-0.5983972433814958,116.4607532853641,63.67174776022611,9.755990633352125,9.755990633352125
1,1541,22,3,3,0,0.13921917974948883,0.13921917974948883,gigapose_global_rank_1|R1+20|rgb_recovery,154.78433774175502,approved,epnp_raceline,rear,toward,-0.9865070128184004,19.971831424003508,19.971831424003508,0.3024640176159174,0.3024640176159174
1,1542,22,1,1,0,0.18207895755767822,0.18207895755767822,gigapose_global_rank_0|R1+20|rgb_recovery,148.73555772141486,approved,epnp_raceline,rear,toward,-0.9916048047667019,17.567097802809123,17.567097802809123,1.3400025046925128,1.3400025046925128
1,1543,22,8,14,0,0.23926521837711334,0.1288720667362213,gigapose_global_rank_0|R0+20|rgb_recovery,149.66590418403007,approved,epnp_raceline,rear,toward,-0.9820986551211092,16.81314480414534,2.7512814247647555,2.0679992538253154,0.20783748330267213
1,1544,22,4,4,0,0.3145126402378082,0.3145126402378082,gigapose_global_rank_2|align_detection|rgb_recovery,146.77962737052,approved,epnp_raceline,rear,toward,-0.9864469638188583,7.923449067671777,7.923449067671777,1.6252865544812785,1.6252865544812785
1,1545,22,9,9,0,0.15164516866207123,0.15164516866207123,gigapose_global_rank_1|R1+20|rgb_recovery,144.30284991248675,approved,epnp_raceline,rear,toward,-0.9869112424126666,19.127304894293903,19.127304894293903,3.7359580603218854,3.7359580603218854
1,1546,22,4,2,0,0.15176653861999512,0.14725445210933685,gigapose_global_rank_1|R1+20|rgb_recovery,146.52716587153648,approved,epnp_raceline,rear,toward,-0.9890585025947319,8.99231225999784,19.10139654791546,3.248832323521826,2.4184079293628598
1,1547,22,6,6,0,0.18267162144184113,0.18267162144184113,gigapose_global_rank_1|R1+20|rgb_recovery,142.93076652248035,approved,epnp_raceline,rear,toward,-0.9926098597495545,16.679753670641777,16.679753670641777,1.9076876940493963,1.9076876940493963
1,1548,22,6,6,0,0.16630421578884125,0.16630421578884125,gigapose_global_rank_0|R1+20|rgb_recovery,141.71729622899508,approved,epnp_raceline,rear,toward,-0.9883221530248014,17.62080024557025,17.62080024557025,0.387109459151871,0.387109459151871
1,1549,22,5,5,0,0.16815157234668732,0.16815157234668732,gigapose_global_rank_0|R1+20|rgb_recovery,144.35299349523888,approved,epnp_raceline,rear,toward,-0.9905070436082087,17.401973491591605,17.401973491591605,1.632566052334964,1.632566052334964
1,1550,22,5,5,1,0.16335412859916687,0.16335412859916687,gigapose_global_rank_1|R1+45|rgb_recovery|center_preserving_flip180,138.89423109098726,approved,epnp_raceline,rear,toward,-0.9626060118942682,154.70730091981537,25.73862112987893,0.6732085754586787,0.6732085754586787
1,1551,22,14,14,1,0.15350298583507538,0.15350298583507538,gigapose_global_rank_1|R1+45|rgb_recovery|center_preserving_flip180,136.43176688600033,approved,epnp_raceline,rear,toward,-0.9383038517050253,149.64962561613683,30.821658680291616,1.7346636764421342,1.7346636764421342
1,1552,22,15,3,1,0.10317642986774445,0.10100497305393219,gigapose_global_rank_0|R1+20|rgb_recovery|center_preserving_flip180,145.12691800202325,approved,epnp_raceline,rear,toward,-0.9801887657812456,166.30026466820965,21.582449133681894,0.7100733802189694,3.131216498472857
1,1553,22,7,1,1,0.11963565647602081,0.1069011390209198,gigapose_global_rank_1|R1+20|rgb_recovery|center_preserving_flip180,142.16786290719514,approved,epnp_raceline,rear,toward,-0.9867138865626139,177.7774781754156,19.552078603970084,0.9751708925235589,3.287096698324884
1,1554,22,4,4,1,0.18842434883117676,0.18842434883117676,gigapose_global_rank_1|R1+45|rgb_recovery|center_preserving_flip180,145.94373114687508,approved,epnp_raceline,rear,toward,-0.9641557555938096,155.24900136796768,25.396635257142776,0.2826623751954219,0.2826623751954219
1,1555,22,6,1,0,0.12296228110790253,0.11444175988435745,gigapose_global_rank_1|R1+20|rgb_recovery,144.48285939784134,approved,epnp_raceline,rear,toward,-0.9813073597108609,5.5248640237332625,21.17210149437853,2.8107890530284454,0.28709866681541474
1,1556,22,2,2,0,0.2841755747795105,0.2841755747795105,gigapose_global_rank_2|align_detection|rgb_recovery,143.03854646822538,approved,epnp_raceline,rear,toward,-0.9929372197069405,6.136441818402544,6.136441818402544,6.166103191444162,6.166103191444162
1,1557,22,0,14,0,0.1763075292110443,0.09716750681400299,gigapose_global_rank_0|R1+20|rgb_recovery,139.38723002141714,approved,epnp_raceline,rear,toward,-0.9805300488574822,5.233548179918794,21.678503564348315,1.3126694013942235,2.34758523413047
1,1558,22,0,4,0,0.1634482592344284,0.12087830901145935,gigapose_global_rank_0|R1+20|rgb_recovery,139.051493631018,approved,epnp_raceline,rear,toward,-0.9907121617907647,3.81379880520862,18.10750445049803,1.1842112636983546,2.0662420349923387
1,1559,22,8,1,0,0.12367607653141022,0.10970897972583771,gigapose_global_rank_1|R1+20|rgb_recovery,131.39978496527795,approved,epnp_raceline,rear,toward,-0.9884350859592133,4.945947770299153,19.088403897265476,3.7296942816075167,1.703601605553879
1,1560,22,3,3,0,0.1455177217721939,0.1455177217721939,gigapose_global_rank_0|R1+20|rgb_recovery,131.43030932142847,approved,epnp_raceline,rear,toward,-0.9875465470228117,19.266279233108065,19.266279233108065,0.8297349748662248,0.8297349748662248
1,1561,22,2,10,0,0.13032768666744232,0.12845607101917267,gigapose_global_rank_1|R1+20|rgb_recovery,128.78545961532097,approved,epnp_raceline,rear,toward,-0.9939158879188047,7.490670285462807,15.46497534398805,1.290618268725143,1.08313768855341
1,1562,22,0,2,0,0.1445048600435257,0.1254272311925888,gigapose_global_rank_0|R1+20|rgb_recovery,127.08474638022318,approved,epnp_raceline,rear,toward,-0.9880201976697294,3.9629710951707686,19.578483673141697,3.8159951032214536,0.36247705410570463
1,1563,22,5,2,0,0.12442080676555634,0.10604020208120346,gigapose_global_rank_0|R1+20|rgb_recovery,126.92529597443874,approved,epnp_raceline,rear,toward,-0.9861151732900658,5.840168978598143,19.95779890525712,2.7270499112392885,2.5002911393992604
1,1564,22,0,2,0,0.10931024700403214,0.1028691977262497,gigapose_global_rank_0|R1+20|rgb_recovery,127.09206419372751,approved,epnp_raceline,rear,toward,-0.9882164583444653,4.149257787329286,19.01240868467659,2.6438036449025675,3.354045331012251
1,1565,22,1,1,0,0.13617242872714996,0.13617242872714996,gigapose_global_rank_0|R1+20|rgb_recovery,135.00798214925572,approved,epnp_raceline,rear,toward,-0.9899402470828104,18.38322550135672,18.38322550135672,2.174219559511632,2.174219559511632
1,1566,22,3,3,0,0.18230608105659485,0.18230608105659485,gigapose_global_rank_1|R1+20|rgb_recovery,139.03796350351868,approved,epnp_raceline,rear,toward,-0.9885817417925089,18.986533123446048,18.986533123446048,1.8580728744858785,1.8580728744858785
1,1567,22,1,2,0,0.12952476739883423,0.12719213962554932,gigapose_global_rank_0|R1+20|rgb_recovery,139.67343495803112,approved,epnp_raceline,rear,toward,-0.9882659292609938,5.668666667853387,19.165678647241386,1.905148364873174,1.66023918270719
1,1568,22,14,1,0,0.14606602489948273,0.1368962973356247,gigapose_global_rank_1|R1+20|rgb_recovery,140.16772982705677,approved,epnp_raceline,rear,toward,-0.9891939458533188,11.578077744733925,18.964327990682264,3.6474126170579657,1.0838887195874425
1,1569,22,7,7,0,0.2869888246059418,0.2869888246059418,gigapose_global_rank_2|align_detection|rgb_recovery,141.49877111766537,approved,epnp_raceline,rear,toward,-0.9938412119178858,9.174718068865394,9.174718068865394,2.2385660111382477,2.2385660111382477
1,1570,22,0,1,0,0.13647082448005676,0.11338268220424652,gigapose_global_rank_0|R1+20|rgb_recovery,137.58189293672535,approved,epnp_raceline,rear,toward,-0.992630314399863,4.708032957601038,17.876524740867588,3.049828910511066,2.678529889676726
1,1571,22,0,1,0,0.12700976431369781,0.1108240857720375,gigapose_global_rank_0|R1+20|rgb_recovery,136.28955358012377,approved,epnp_raceline,rear,toward,-0.9933495500340621,4.27912662273602,16.734724992563883,4.1146913535763066,2.5742475106164227
1,1572,22,0,2,0,0.17505377531051636,0.1122250184416771,gigapose_global_rank_0|R1+20|rgb_recovery,135.2452261976935,approved,epnp_raceline,rear,toward,-0.9906992228303905,4.906813144885694,17.943749309058788,4.008068633221442,2.6451628786135855
1,1573,22,0,3,0,0.14869146049022675,0.10740179568529129,gigapose_global_rank_0|R1+20|rgb_recovery,139.19717209668332,approved,epnp_raceline,rear,toward,-0.9948331446543167,4.267023643430834,15.98892668757069,2.7992566768161633,2.623527378698437
1,1574,22,0,2,0,0.15276336669921875,0.11151916533708572,gigapose_global_rank_0|R1+20|rgb_recovery,141.06648087892071,approved,epnp_raceline,rear,toward,-0.9940492190017061,4.266427947242043,16.426145478651893,4.082261338682628,3.73509627142786
1,1575,22,0,2,0,0.1900123804807663,0.10648606717586517,gigapose_global_rank_0|R1+20|rgb_recovery,141.19768987446068,approved,epnp_raceline,rear,toward,-0.9866168366100284,5.184883485508509,19.499770290661605,0.9498090622818272,2.9765016361254473
1,1576,22,0,2,0,0.19424304366111755,0.15261389315128326,gigapose_global_rank_0|R1+20|rgb_recovery,144.33279171826283,approved,epnp_raceline,rear,toward,-0.984783283088498,4.274351283214685,19.850279203210327,2.82483619766073,0.5840310380986887
1,1577,22,2,2,0,0.22843267023563385,0.22843267023563385,gigapose_global_rank_1|R1+20|rgb_recovery,147.52293229624323,approved,epnp_raceline,rear,toward,-0.9940400114572179,15.928392590918143,15.928392590918143,3.5910345986325583,3.5910345986325583
1,1578,22,4,1,0,0.11591767519712448,0.09958531707525253,gigapose_global_rank_1|align_detection|rgb_recovery,146.9784808219435,approved,epnp_raceline,rear,toward,-0.9925649365924046,9.71903817427603,3.8589477007225543,3.078769484458751,3.579863848788138
1,1579,22,0,3,0,0.13950107991695404,0.08100050687789917,gigapose_global_rank_0|R1+20|rgb_recovery,142.9949829522005,approved,epnp_raceline,rear,toward,-0.9894806116884075,4.524160460027364,18.370028799985885,4.7447272810726515,1.3177458089259926
1,1580,22,15,10,0,0.15645848214626312,0.09314068406820297,gigapose_global_rank_1|uv0-48|rgb_recovery,138.47711888606923,approved,epnp_raceline,rear,toward,-0.9841080199340004,133.68481810960162,2.5805930957115297,11.842103066081002,2.3955292226347504
1,1581,22,3,4,0,0.24116525053977966,0.12035142630338669,gigapose_global_rank_1|uv1-48|rgb_recovery,137.90274461483438,approved,epnp_raceline,rear,toward,-0.9879454283323708,17.67074970834387,3.2687147937152745,0.8600948546427487,2.0346867677254443
1,1582,22,10,11,1,0.2349187433719635,0.06602311134338379,gigapose_global_rank_0|align_detection|rgb_recovery|center_preserving_flip180,136.1222230829484,approved,epnp_raceline,rear,toward,-0.9806006633326181,2.652307290090652,21.89873632265853,1.4934054728477062,0.5847292673920699
1,1583,22,0,10,1,0.13957305252552032,0.03662892058491707,gigapose_global_rank_4|rgb_recovery|center_preserving_flip180,132.2586468737109,approved,epnp_raceline,rear,toward,-0.9567938386376608,4.57463129283049,27.88315198726872,4.453344671333467,4.102854330925952
1,1584,22,0,7,1,0.17637847363948822,0.03192220628261566,gigapose_global_rank_1|R1+45|rgb_recovery|center_preserving_flip180,134.41494593587558,approved,epnp_raceline,rear,toward,-0.949177965559614,4.122510781801032,28.615048286410627,5.0339310862405116,2.6971385822913705
1,1585,22,15,6,0,0.22327597439289093,0.14344625174999237,gigapose_global_rank_1|R1+20|rgb_recovery,141.78930286456347,approved,epnp_raceline,rear,toward,-0.9920642543374676,12.02715296559819,17.839352892790213,0.781876820938024,0.8540186588110547
1,1586,22,0,9,0,0.2529476284980774,0.15267165005207062,gigapose_global_rank_0|R1+20|rgb_recovery,145.3066294665402,approved,epnp_raceline,rear,toward,-0.9835174184682675,4.5358587561188735,20.443050795315806,1.36228731497442,2.374917997492534
1,1587,22,0,1,0,0.14158686995506287,0.09383881092071533,gigapose_global_rank_0|R1+20|rgb_recovery,146.50241701414794,approved,epnp_raceline,rear,toward,-0.9875608929439856,5.1127934398412185,19.054827863279172,5.861869484792166,2.564085334730362
1,1588,22,8,2,0,0.129134401679039,0.12633056938648224,gigapose_global_rank_1|R1+20|rgb_recovery,147.26582835489975,approved,epnp_raceline,rear,toward,-0.9961804961145982,7.924099882015131,15.10241139491185,2.3065208333921303,3.5248181104844387
1,1589,22,7,1,1,0.2310807853937149,0.05603789538145065,gigapose_global_rank_4|rgb_recovery|center_preserving_flip180,145.1980979618513,approved,epnp_raceline,rear,toward,-0.9899849149755002,1.634847021840152,18.286832933956255,2.9230913255740334,2.56381995599843
1,1590,22,4,1,1,0.1623837947845459,0.02486414834856987,gigapose_global_rank_4|rgb_recovery|center_preserving_flip180,142.4922817107083,approved,epnp_raceline,rear,toward,-0.9943922875158425,5.226102517238929,15.372157316227817,4.227353468260022,0.5388605743054911
1,1591,22,8,2,0,0.13694912195205688,0.10581852495670319,gigapose_global_rank_1|R1+20|rgb_recovery,138.21291052387656,approved,epnp_raceline,rear,toward,-0.9845077713154133,4.2525093506354175,20.295208734233164,3.4777725523378886,1.391283754430478
1,1592,22,0,3,0,0.15444821119308472,0.10300101339817047,gigapose_global_rank_0|R1+20|rgb_recovery,137.17393986396698,approved,epnp_raceline,rear,toward,-0.9889745922713626,4.6090494017532695,18.56742481953975,3.5287150765855118,1.5630873637226306
1,1593,22,9,3,0,0.14616018533706665,0.11474821716547012,gigapose_global_rank_1|R1+20|rgb_recovery,137.0018427356625,approved,epnp_raceline,rear,toward,-0.979103655773404,9.892962570495863,21.889152246631905,0.4598540901716689,0.6073273604105255
1,1594,22,9,12,1,0.2687437832355499,0.06809970736503601,gigapose_global_rank_1|R1+45|rgb_recovery|center_preserving_flip180,138.5867788984387,approved,epnp_raceline,rear,toward,-0.9535779661038043,3.0845507896639672,27.509371923482476,5.122088074103235,1.121165519822533
1,1595,22,0,3,0,0.14287132024765015,0.09579845517873764,gigapose_global_rank_0|R1+20|rgb_recovery,137.64675442038396,approved,epnp_raceline,rear,toward,-0.9938928928708743,5.063762000293934,16.378210915751204,4.002929620379478,1.9429503229190868
1,1596,22,0,5,0,0.12664996087551117,0.10810409486293793,gigapose_global_rank_0|R1+20|rgb_recovery,134.96872446260772,approved,epnp_raceline,rear,toward,-0.9838209969881443,5.068090703137032,20.543076425981518,4.513821492335767,0.39838989286217213
1,1597,22,0,2,0,0.11890660226345062,0.10227251052856445,gigapose_global_rank_0|R1+20|rgb_recovery,135.17003400167636,approved,epnp_raceline,rear,toward,-0.9920948989971038,5.169782609791842,17.234205219904446,2.4057166223517217,3.6863054752302142
1,1598,22,0,3,0,0.13688865303993225,0.09293215721845627,gigapose_global_rank_0|R1+20|rgb_recovery,131.64352756646318,approved,epnp_raceline,rear,toward,-0.9915713639727763,5.27501120127131,17.454310505791348,3.431550638666006,2.533595315588207
1,1599,22,0,3,0,0.15036368370056152,0.10195910185575485,gigapose_global_rank_0|R1+20|rgb_recovery,131.15387114428248,approved,epnp_raceline,rear,toward,-0.9904766143818424,5.143087578386395,18.031092696137513,5.01901080378958,0.7624466061256718
1,1600,22,0,3,0,0.1564345806837082,0.09482870250940323,gigapose_global_rank_0|R1+20|rgb_recovery,130.68790493970565,approved,epnp_raceline,rear,toward,-0.9905240843932225,4.88916867551761,17.858465732593636,3.471679610111281,1.6873615509329059
1,1601,22,0,2,0,0.1453453153371811,0.10757642239332199,gigapose_global_rank_0|R1+20|rgb_recovery,132.8823836256864,approved,epnp_raceline,rear,toward,-0.9878583579997369,4.964978043815131,19.068787981777586,4.525740178448316,0.9564955763112171
1,1602,22,1,1,0,0.11079563945531845,0.11079563945531845,gigapose_global_rank_1|R1+20|rgb_recovery,135.0570697971091,approved,epnp_raceline,rear,toward,-0.988106420874435,19.129708796287506,19.129708796287506,0.8710502763260407,0.8710502763260407
1,1603,22,0,4,0,0.1316356211900711,0.09361538290977478,gigapose_global_rank_0|R1+20|rgb_recovery,140.61421436916416,approved,epnp_raceline,rear,toward,-0.988728490952134,5.462333859774267,18.770894724900376,3.260586786196197,0.40380034900984363
1,1604,22,0,3,0,0.14449192583560944,0.10489610582590103,gigapose_global_rank_0|R1+20|rgb_recovery,147.70232568341208,approved,epnp_raceline,rear,toward,-0.9879893209913604,5.024529768436732,18.89416689520733,2.2872265472113336,0.3920376594171192
1,1605,22,5,3,1,0.21949297189712524,0.033498357981443405,gigapose_global_rank_1|R1+20|rgb_recovery|center_preserving_flip180,149.01029957997866,approved,epnp_raceline,rear,toward,-0.9933982289060836,5.797140484659694,13.996868529266587,4.014689108175414,2.451007191615697
1,1606,22,3,13,1,0.2573678195476532,0.0806104987859726,gigapose_global_rank_1|R1+45|rgb_recovery|center_preserving_flip180,119.52791143096853,approved,epnp_raceline,rear,toward,-0.9532153192845174,4.2438683157904205,27.44923987225365,3.759008724727821,0.4226112357082666
1,1607,22,0,4,0,0.12774387001991272,0.10792595148086548,gigapose_global_rank_0|R1+20|rgb_recovery,119.41726278008363,approved,epnp_raceline,rear,toward,-0.9896690569615542,5.059057236822709,18.250540499468283,0.6616132057710109,2.6139373847878247
1,1608,22,9,5,0,0.29505205154418945,0.25886136293411255,gigapose_global_rank_2|align_detection|rgb_recovery,117.30015548413505,approved,epnp_raceline,rear,toward,-0.9917383637926748,4.731734296951495,4.458115855958359,3.0999231669190537,3.6523076292773724
1,1609,22,8,8,0,0.14466768503189087,0.14466768503189087,gigapose_global_rank_1|R1+20|rgb_recovery,117.57504066771065,approved,epnp_raceline,rear,toward,-0.9868039616961389,19.12764113470532,19.12764113470532,3.253625241893152,3.253625241893152
1,1610,22,0,7,0,0.16418717801570892,0.0948154628276825,gigapose_global_rank_0|R1+20|rgb_recovery,116.942936091133,approved,epnp_raceline,rear,toward,-0.9827878362710015,5.547201427915545,21.25047796383888,1.6616004794102541,3.6768432395434383
1,1611,22,9,9,0,0.174470454454422,0.174470454454422,gigapose_global_rank_1|R1+20|rgb_recovery,141.15101269172985,approved,epnp_raceline,rear,toward,-0.9812578578654346,21.28020940518285,21.28020940518285,3.973537990299143,3.973537990299143
1,1612,22,0,2,0,0.1547020971775055,0.10139574110507965,gigapose_global_rank_0|R1+20|rgb_recovery,141.9879834514207,approved,epnp_raceline,rear,toward,-0.989599110575502,5.919248114224291,18.775024124729434,4.0254722226609,1.098344025239678
1,1613,22,8,13,0,0.21668778359889984,0.18312574923038483,gigapose_global_rank_2|logz-0.35|rgb_recovery,149.8562558672928,approved,epnp_raceline,rear,toward,-0.9890113142556088,33.52374001388702,4.578592733921325,5.126489386861994,5.874815241452681
1,1614,22,4,1,0,0.14802926778793335,0.12646792829036713,gigapose_global_rank_1|R1+20|rgb_recovery,143.9451422032539,approved,epnp_raceline,rear,toward,-0.9875832449087896,3.9983111138246925,19.245713101334278,3.636141775294634,2.4978270329376593
1,1615,22,7,15,1,0.15602068603038788,0.024369852617383003,gigapose_global_rank_0|R1+45|rgb_recovery|center_preserving_flip180,145.99830120004813,approved,epnp_raceline,rear,toward,-0.9555690983547639,8.738818329584808,26.912376948468,2.795388206925164,0.23503642816501302
1,1616,22,1,11,1,0.14493204653263092,0.023957286030054092,gigapose_global_rank_0|R1+45|rgb_recovery|center_preserving_flip180,150.06370999214022,approved,epnp_raceline,rear,toward,-0.959497068541331,2.524947162788707,26.573553582943223,3.754228832002503,1.4746847530273723
1,1617,22,6,13,1,0.3276660442352295,0.04659659042954445,gigapose_global_rank_0|yaw+30|rgb_recovery|center_preserving_flip180,151.35988496897454,approved,epnp_raceline,rear,toward,-0.9741712892052351,5.7912646962791925,5.184332283688014,4.893501397422568,3.4099070092421604
1,1618,22,4,4,1,0.20675025880336761,0.20675025880336761,gigapose_global_rank_4|rgb_recovery|center_preserving_flip180,139.73767475912044,approved,epnp_raceline,rear,toward,-0.9650260997960037,156.40785070727418,24.99116655587854,0.5181938077725663,0.5181938077725663
1,1619,22,9,1,1,0.2392653524875641,0.04527609795331955,gigapose_global_rank_4|rgb_recovery|center_preserving_flip180,142.8910628352789,approved,epnp_raceline,rear,toward,-0.9914375778059623,6.83072813068329,17.691361475705925,0.616961433196637,2.806779213450919
1,1620,22,2,3,1,0.24234804511070251,0.02417318895459175,gigapose_global_rank_1|R1+20|rgb_recovery|center_preserving_flip180,142.4782559291911,approved,epnp_raceline,rear,toward,-0.999513091200279,4.848643407011479,9.384195064397158,1.7932072641009102,3.020824002544429
1,1621,22,0,5,0,0.12800836563110352,0.1179589331150055,gigapose_global_rank_0|R1+20|rgb_recovery,134.71657388421696,approved,epnp_raceline,rear,toward,-0.9848380251096984,5.339723405052567,20.278579775676537,1.1957003206929298,2.7204028399628832
1,1622,22,0,1,0,0.1406794637441635,0.1367238312959671,gigapose_global_rank_0|R1+20|rgb_recovery,135.86074770053864,approved,epnp_raceline,rear,toward,-0.9868350534095254,5.5973356067437114,19.05238195965055,3.5055704417582283,0.7688503384983324
1,1623,22,5,7,1,0.25745517015457153,0.04105854034423828,gigapose_global_rank_4|rgb_recovery|center_preserving_flip180,136.6437669822892,approved,epnp_raceline,rear,toward,-0.9799505345566635,3.029303687487638,21.5710332969484,3.918287403279938,2.2340120792712477
1,1624,22,0,2,1,0.12782692909240723,0.01494710985571146,gigapose_global_rank_3|rgb_recovery|center_preserving_flip180,135.76512249396092,approved,epnp_raceline,rear,toward,-0.9912195038894628,5.427459203342,17.802992769417674,0.9002988546444943,0.7142923310159954
1,1625,22,14,5,1,0.1549067497253418,0.14171147346496582,gigapose_global_rank_1|R1+45|rgb_recovery|center_preserving_flip180,134.72425269335855,approved,epnp_raceline,rear,toward,-0.9268995436163107,35.22999731590858,32.07814615062112,0.7168951494118454,2.9730577451544113
1,1626,22,5,8,1,0.1027589738368988,0.0785234346985817,gigapose_global_rank_1|align_detection|rgb_recovery|center_preserving_flip180,142.07327613988107,approved,epnp_raceline,rear,toward,-0.9880861182711793,162.6061334805547,19.55273784451168,2.0263947103453597,5.284461406071177
1,1627,22,12,14,1,0.0969124361872673,0.08452815562486649,gigapose_global_rank_2|logz-0.35|rgb_recovery|center_preserving_flip180,139.9460981704012,approved,epnp_raceline,rear,toward,-0.961209474280291,161.02932894895224,26.769449617927588,3.2631179254427836,5.1593674712189115
1,1628,22,11,13,1,0.16959068179130554,0.029789999127388,gigapose_global_rank_0|R1-20|rgb_recovery|center_preserving_flip180,142.69200431384124,approved,epnp_raceline,rear,toward,-0.9794129284425065,16.649336592780777,4.346564373168396,5.173927667449022,4.155893727470371
1,1629,22,15,15,1,0.1291661411523819,0.1291661411523819,gigapose_global_rank_0|R1+20|rgb_recovery|center_preserving_flip180,143.54401133444776,approved,epnp_raceline,rear,toward,-0.9204451636923295,146.47297205931443,33.96314511126193,2.8193782256411906,2.8193782256411906
1,1630,22,11,3,1,0.1664319932460785,0.06850596517324448,gigapose_global_rank_3|rgb_recovery|center_preserving_flip180,142.22713389407642,approved,epnp_raceline,rear,toward,-0.9848350895875225,10.51355455999747,20.735869285938495,5.55912216964837,2.658022143636106
1,1631,22,2,11,1,0.16827817261219025,0.12702248990535736,gigapose_global_rank_0|R1+45|rgb_recovery|center_preserving_flip180,135.8718648093475,approved,epnp_raceline,rear,toward,-0.9571144455623759,164.04068743947235,26.67851880007652,1.033654066944203,2.0542292372799453
1,1632,22,11,1,1,0.1059490442276001,0.08246012032032013,gigapose_global_rank_4|rgb_recovery|center_preserving_flip180,137.0373268290203,approved,epnp_raceline,rear,toward,-0.9887200805333889,30.230175251719103,18.855511563478203,5.667455699310534,2.6077093084044516
1,1633,22,2,11,1,0.4209842383861542,0.04220172390341759,gigapose_global_rank_1|R1+20|rgb_recovery|center_preserving_flip180,135.50215889631397,approved,epnp_raceline,rear,toward,-0.9841657139452477,5.07516228401733,20.4564606322868,3.9889497243669587,3.4546217050204215
1,1634,22,14,9,1,0.25044259428977966,0.06917695701122284,gigapose_global_rank_0|R1+45|rgb_recovery|center_preserving_flip180,130.0563318452868,approved,epnp_raceline,rear,toward,-0.9648435605893122,36.60244497179059,25.012661254062866,5.344596687205021,3.531580258387783
1,1635,22,4,7,1,0.12943780422210693,0.019915731623768806,gigapose_global_rank_0|R1+45|rgb_recovery|center_preserving_flip180,136.45877191092524,approved,epnp_raceline,rear,toward,-0.965606106549336,17.95104860582254,24.61874711875375,1.9668396685325413,1.2261667202895894
1,1636,22,4,5,1,0.13535723090171814,0.08656860142946243,gigapose_global_rank_1|R1+45|rgb_recovery|center_preserving_flip180,138.74558652818638,approved,epnp_raceline,rear,toward,-0.9730139651103049,16.226419822049248,22.75961188062518,2.733722169048942,4.032994086327242
1,1637,22,2,1,1,0.1068149209022522,0.013863577507436275,gigapose_global_rank_3|rgb_recovery|center_preserving_flip180,139.47631565977684,approved,epnp_raceline,rear,toward,-0.9950049389614618,18.428116278510803,15.838205660125274,1.5240975341712237,2.061039668329231
1,1638,22,6,6,1,0.13268624246120453,0.13268624246120453,gigapose_global_rank_1|R1+45|rgb_recovery|center_preserving_flip180,140.5461474428031,approved,epnp_raceline,rear,toward,-0.9628540946521992,155.13247928915925,25.132722971090217,0.8638382322047596,0.8638382322047596
1,1639,22,0,1,1,0.11921746283769608,0.012656331062316895,gigapose_global_rank_4|rgb_recovery|center_preserving_flip180,146.364147158884,approved,epnp_raceline,rear,toward,-0.9974571382528475,5.6184509282139645,14.292827030451736,3.8616680286476064,2.942028103818188
1,1640,22,0,1,1,0.14677628874778748,0.01787077821791172,gigapose_global_rank_2|rgb_recovery|center_preserving_flip180,143.22854956079087,approved,epnp_raceline,rear,toward,-0.9891305817297178,6.01833401556721,17.715378015785298,4.092501913877427,1.5291286527575392
1,1641,22,2,12,1,0.2646642327308655,0.06170884147286415,gigapose_global_rank_0|R1+45|rgb_recovery|center_preserving_flip180,148.2858942341229,approved,epnp_raceline,rear,toward,-0.9674992799909384,2.580630591778331,24.155570432102174,3.185173700897092,0.7196924896459872
1,1642,22,2,4,1,0.11781510710716248,0.04788655787706375,gigapose_global_rank_0|R1+20|rgb_recovery|center_preserving_flip180,149.14662104109428,approved,epnp_raceline,rear,toward,-0.9896006872074902,15.315027706114128,3.044281729380745,0.8265832268984041,2.789936945466402
1,1643,22,0,11,1,0.14719955623149872,0.028331942856311798,gigapose_global_rank_1|R1+45|rgb_recovery|center_preserving_flip180,146.36162542736184,approved,epnp_raceline,rear,toward,-0.9617100571053743,5.431897428722485,25.473627557619047,4.322616394982827,0.6616151496417584
1,1644,22,6,10,1,0.16819387674331665,0.02318132109940052,gigapose_global_rank_0|logz-0.35|rgb_recovery|center_preserving_flip180,143.54183738147435,approved,epnp_raceline,rear,toward,-0.9763479745107928,4.734972478958137,22.588258186250066,2.1988809060239145,2.0340473985179384
1,1645,22,14,8,1,0.2474575787782669,0.05416324362158775,gigapose_global_rank_1|logz-0.35|rgb_recovery|center_preserving_flip180,139.54926465602102,approved,epnp_raceline,rear,toward,-0.9869007937978116,6.454197517876171,19.415956792323506,4.091131661251971,3.5041325355075363
1,1646,22,9,3,1,0.2330639660358429,0.0420033261179924,gigapose_global_rank_1|uv0+48|rgb_recovery|center_preserving_flip180,137.90508907784618,approved,epnp_raceline,rear,toward,-0.9880184951950954,5.013599928570226,18.82792097452747,3.9463701113928167,2.0393245624951994
1,1647,22,9,2,1,0.2863217294216156,0.04884495213627815,gigapose_global_rank_2|align_detection|rgb_recovery|center_preserving_flip180,136.5642450072531,approved,epnp_raceline,rear,toward,-0.9879843768177449,34.71502411825167,19.205030463563556,5.9137568620454575,2.1962077384649636
1,1648,22,3,10,1,0.1198086142539978,0.10189807415008545,gigapose_global_rank_1|R1+45|rgb_recovery|center_preserving_flip180,134.99644364107795,approved,epnp_raceline,rear,toward,-0.960051170302944,13.364015354087154,26.175007848560806,5.420663529417931,3.2436658615968357
1,1649,22,8,7,1,0.24874365329742432,0.08489066362380981,gigapose_global_rank_1|R1+45|rgb_recovery|center_preserving_flip180,129.75199024240848,approved,epnp_raceline,rear,toward,-0.962022997244002,34.75002718643944,25.741171106075004,7.1189653026247175,2.6661336891595044
1,1650,22,15,5,1,0.3429247736930847,0.026588397100567818,gigapose_global_rank_0|rgb_recovery|center_preserving_flip180,127.19002340764186,approved,epnp_raceline,rear,toward,-0.9988058706032357,115.326686860719,12.67291164733524,12.101136599124715,3.7103723960910306
1,1651,22,11,14,1,0.1739453673362732,0.013707389123737812,gigapose_global_rank_1|uv1-48|rgb_recovery|center_preserving_flip180,121.23190246435686,approved,epnp_raceline,rear,toward,-0.8125338727845063,133.59992547911784,25.67597773169966,8.27243588945187,3.5032056174502144
1,1652,22,0,15,1,0.08318004757165909,0.028461942449212074,gigapose_global_rank_1|R0-20|rgb_recovery|center_preserving_flip180,120.0066177959672,approved,epnp_raceline,rear,toward,-0.9320336742211521,159.26438976404407,13.092791576997056,10.96551456103133,1.2217244011762107
1,1653,22,9,15,1,0.10042916238307953,0.04028390347957611,gigapose_global_rank_0|logz+0.35|rgb_recovery|center_preserving_flip180,120.36202624466002,approved,epnp_raceline,rear,toward,-0.6958603462032709,13.32722490518915,37.07469093657396,3.79394352883665,8.024478701687574
1,1654,22,4,8,1,0.14567053318023682,0.04795529693365097,gigapose_global_rank_0|R1-20|rgb_recovery|center_preserving_flip180,117.88097342425921,approved,epnp_raceline,rear,toward,-0.7433709343855167,13.357207143062523,32.12322902537686,5.038149036633258,1.9427018136851548
1,1655,22,5,6,1,0.16827921569347382,0.031077789142727852,gigapose_global_rank_0|R0+20|rgb_recovery|center_preserving_flip180,109.67100839112297,approved,epnp_raceline,rear,toward,-0.870383928077111,146.13544710362652,19.193553229620566,0.7921370810345064,0.5696982909494525
1,1656,22,5,14,1,0.3624148964881897,0.00872418750077486,gigapose_global_rank_0|yaw-30|rgb_recovery|center_preserving_flip180,101.44157225081314,approved,epnp_raceline,rear,toward,-0.8909516369417851,86.1966653227965,17.076229942348892,6.042323229656789,4.500125535422828
1,1657,22,8,8,1,0.29202044010162354,0.29202044010162354,gigapose_global_rank_3|rgb_recovery|center_preserving_flip180,91.4076955853205,approved,epnp_raceline,rear,toward,-0.812649699348621,133.7866846950243,46.83189784308813,1.2989797820165185,1.2989797820165185
1,1658,22,12,12,1,0.33606287837028503,0.33606287837028503,gigapose_global_rank_3|rgb_recovery|center_preserving_flip180,76.9009105657879,approved,epnp_raceline,rear,toward,-0.776155579667945,130.3491320176865,50.24029700760285,1.0369506087071103,1.0369506087071103
1,1659,22,9,9,1,0.5259758830070496,0.5259758830070496,gigapose_global_rank_4|rgb_recovery|center_preserving_flip180,77.74258976202346,approved,epnp_raceline,rear,toward,-0.6221253371387714,118.29301731689107,63.13394931169897,0.7497351988455448,0.7497351988455447
1,1660,22,6,1,1,0.41336220502853394,0.3450377285480499,gigapose_global_rank_1|R0+20|rgb_recovery|center_preserving_flip180,80.88086397309674,approved,epnp_raceline,rear,toward,-0.7695293047067315,128.88603213079054,55.25914266797885,3.2429913076096977,0.23566192904086664
1,1661,22,6,6,1,0.3082292079925537,0.3082292079925537,gigapose_global_rank_2|logz-0.35|rgb_recovery|center_preserving_flip180,87.7859618616857,approved,epnp_raceline,rear,toward,-0.8334710831818868,135.60980386702752,45.92604136391258,4.1608410557919635,4.1608410557919635
1,1662,22,3,9,1,0.30019843578338623,0.17445266246795654,gigapose_global_rank_1|R0+20|rgb_recovery|center_preserving_flip180,94.06068823813159,approved,epnp_raceline,rear,toward,-0.7857692095374809,85.13283345291143,52.383677666279794,3.9081575717678776,2.1756682078784837
1,1663,22,5,5,1,0.3431903123855591,0.3431903123855591,gigapose_global_rank_2|rgb_recovery|center_preserving_flip180,93.53548804199953,approved,epnp_raceline,rear,toward,-0.7832509563383104,130.88154826512582,49.9018006273785,4.575153299220713,4.575153299220713
1,1664,22,5,7,1,0.35045498609542847,0.13018189370632172,gigapose_global_rank_1|uv1+48|rgb_recovery|center_preserving_flip180,108.59424813801486,approved,epnp_raceline,rear,toward,-0.7782058958589234,128.6110167401578,50.02486795415267,1.9044238335946917,4.80646308018998
1,1665,22,9,14,1,0.6875885128974915,0.02466372586786747,gigapose_global_rank_0|R1+45|rgb_recovery|center_preserving_flip180,118.4146989355317,approved,epnp_raceline,rear,toward,-0.9840774945642515,88.68471733060855,20.92529271866226,34.50550872478685,6.701042733526299
1,1666,22,4,15,1,0.15970365703105927,0.12958353757858276,gigapose_global_rank_1|R1+20|rgb_recovery|center_preserving_flip180,105.98581090756814,approved,epnp_raceline,rear,toward,-0.8796270786273787,10.294286152993202,39.94209229241103,0.244473650508181,8.408679241538401
1,1667,22,15,15,1,0.41555529832839966,0.41555529832839966,gigapose_global_rank_1|R1+45|rgb_recovery|center_preserving_flip180,100.35169039916563,approved,epnp_raceline,rear,toward,-0.5812243164024129,114.83675735254147,65.92319796210447,11.61005783416615,11.61005783416615
1,1668,22,9,1,1,0.1695868968963623,0.05363338813185692,gigapose_global_rank_0|logz-0.35|rgb_recovery|center_preserving_flip180,98.31311567612482,approved,epnp_raceline,rear,toward,-0.9798016307957826,9.060495119334098,22.912705721260142,1.7737100929284442,0.9149501070520455
1,1669,22,0,2,1,0.10817605257034302,0.03006727807223797,gigapose_global_rank_1|R1+45|rgb_recovery|center_preserving_flip180,83.9865940931356,approved,epnp_raceline,rear,toward,-0.9666534453900739,5.7323518326652865,26.33396207046534,6.567910173247882,1.3458661807860255
1,1670,22,15,12,1,0.44941848516464233,0.08094849437475204,gigapose_global_rank_0|yaw+30|rgb_recovery|center_preserving_flip180,69.33868957102783,approved,epnp_raceline,rear,toward,-0.7812474688365201,86.07314476891361,51.15113238197202,1.2336480976784714,9.002596549905723
1,1671,22,1,10,1,0.21757465600967407,0.13595938682556152,gigapose_global_rank_0|yaw+30|rgb_recovery|center_preserving_flip180,83.34557611294842,approved,epnp_raceline,rear,toward,-0.7763740791186958,129.37426823819533,50.68588142475278,3.0502139041940723,6.8232944930385955
1,1672,22,7,6,0,0.15346863865852356,0.14171786606311798,gigapose_global_rank_3|rgb_recovery,95.60414644469179,approved,epnp_raceline,rear,toward,-0.8233052793829629,158.6912181952588,46.98421206831673,7.804737025755207,2.8958654049239665
1,1673,22,3,6,0,0.2949846088886261,0.01828784868121147,gigapose_global_rank_4|rgb_recovery,114.06560502487478,approved,epnp_raceline,rear,toward,-0.8066118579893788,128.80469147506605,50.75004967290226,1.9600559955962666,3.2359095653424284
1,1674,22,3,12,0,0.1739031821489334,0.16935943067073822,gigapose_global_rank_3|rgb_recovery,127.39198149357289,approved,epnp_raceline,rear,toward,-0.8091101152600191,137.30436389534506,49.60580464604848,2.1869532236292555,4.741327480005658
1,1675,22,3,3,0,0.134568452835083,0.134568452835083,gigapose_global_rank_0|R1+20|rgb_recovery,134.84153669766818,approved,epnp_raceline,rear,toward,-0.9875545730453781,20.792564519280162,20.792564519280162,0.9197345060889192,0.9197345060889192
1,1676,22,1,1,0,0.15805670619010925,0.15805670619010925,gigapose_global_rank_0|R1+20|rgb_recovery,136.2481959128028,approved,epnp_raceline,rear,toward,-0.9895459447595241,20.311148441823967,20.311148441823967,0.8873359886428649,0.8873359886428649
1,1677,22,5,6,1,0.28569474816322327,0.031085675582289696,gigapose_global_rank_3|rgb_recovery|center_preserving_flip180,132.8172299363018,approved,epnp_raceline,rear,toward,-0.9962308796936616,9.026756887218731,15.665595734033285,1.9039224260485659,0.6651601605728475
1,1678,22,15,2,1,0.12608568370342255,0.07546643912792206,gigapose_global_rank_0|align_detection|rgb_recovery|center_preserving_flip180,122.16900726324516,approved,epnp_raceline,rear,toward,-0.98506231056015,159.41072494749486,21.372262499514687,3.074396052401816,0.2582535399423053
1,1679,22,9,9,1,0.43954336643218994,0.43954336643218994,gigapose_global_rank_1|R1+45|rgb_recovery|center_preserving_flip180,118.3227304064922,approved,epnp_raceline,rear,toward,-0.5876578219626015,114.75346372928453,65.3701109612582,10.689870157275104,10.689870157275104
1,1680,22,9,6,1,0.1744050830602646,0.02691914513707161,gigapose_global_rank_0|R1+45|rgb_recovery|center_preserving_flip180,124.26714506983532,approved,epnp_raceline,rear,toward,-0.9627680675886167,22.32956196731151,27.27777474315473,1.9593324759323534,2.015716639734743
1,1681,22,15,5,1,0.28099197149276733,0.07403667271137238,gigapose_global_rank_0|R1+45|rgb_recovery|center_preserving_flip180,119.17032401840109,approved,epnp_raceline,rear,toward,-0.9575208338678151,7.7672681857574455,27.9629753019124,0.6312860281065534,1.1789648139085342
1,1682,22,14,14,1,0.11207368969917297,0.11207368969917297,gigapose_global_rank_1|R1+20|rgb_recovery|center_preserving_flip180,120.04756827364224,approved,epnp_raceline,rear,toward,-0.9202025682710937,145.75075294913202,34.49252946515503,6.098809871945066,6.098809871945066
1,1683,22,10,7,1,0.13787056505680084,0.0993562564253807,gigapose_global_rank_1|R1+20|rgb_recovery|center_preserving_flip180,127.29988235176745,approved,epnp_raceline,rear,toward,-0.920601766286178,18.7550993871159,34.51015901132471,0.9377692717956243,4.221388575444403
1,1684,22,12,14,1,0.1563969850540161,0.08689846098423004,gigapose_global_rank_0|R1+45|rgb_recovery|center_preserving_flip180,128.15465421527213,approved,epnp_raceline,rear,toward,-0.956881439782358,16.27599142107897,28.35839065644819,1.213264704257608,1.5500940737620847
1,1685,22,5,9,1,0.1417766511440277,0.11259700357913971,gigapose_global_rank_0|R1+45|rgb_recovery|center_preserving_flip180,134.0857154959829,approved,epnp_raceline,rear,toward,-0.9605594885785235,15.16874541203653,27.258054887719815,2.9163357833739587,1.6571582218090999
1,1686,22,2,15,1,0.10885409265756607,0.024398120120167732,gigapose_global_rank_1|R1+45|rgb_recovery|center_preserving_flip180,135.60578067965346,approved,epnp_raceline,rear,toward,-0.958762560888312,19.065783869931938,27.746596141408038,2.3425515930452754,0.1603688012365525
1,1687,22,8,8,0,0.14304597675800323,0.14304597675800323,gigapose_global_rank_0|R1+20|rgb_recovery,138.58569356759108,approved,epnp_raceline,rear,toward,-0.9914176595277061,18.636064158046956,18.636064158046956,1.9500862657696043,1.9500862657696043
1,1688,22,5,5,0,0.14863847196102142,0.14863847196102142,gigapose_global_rank_1|R1+20|rgb_recovery,135.43392484748608,approved,epnp_raceline,rear,toward,-0.9921579644345699,18.986078043816423,18.986078043816423,1.0555411854410306,1.0555411854410306
1,1689,22,3,3,0,0.15672791004180908,0.15672791004180908,gigapose_global_rank_0|R1+20|rgb_recovery,137.79443748831596,approved,epnp_raceline,rear,toward,-0.9955016419035977,17.036442169783047,17.036442169783047,2.391690441370569,2.391690441370569
1,1690,22,0,3,0,0.1704593151807785,0.15307211875915527,gigapose_global_rank_0|R1+20|rgb_recovery,130.79127629754436,approved,epnp_raceline,rear,toward,-0.9909289654977517,5.276888005315067,19.324255358188,2.576503723349251,0.49169376357782707
1,1691,22,1,1,0,0.14058244228363037,0.14058244228363037,gigapose_global_rank_0|R1+20|rgb_recovery,134.66741153940353,approved,epnp_raceline,rear,toward,-0.9930755487039163,18.19073027821192,18.19073027821192,0.9336055583824711,0.9336055583824711
1,1692,22,0,2,0,0.14781294763088226,0.12748897075653076,gigapose_global_rank_0|R1+20|rgb_recovery,141.33945889092684,approved,epnp_raceline,rear,toward,-0.9900016342217663,5.3587400779313485,20.367771915285562,1.4467877206133604,1.271725588534822
1,1693,22,2,2,0,0.14063510298728943,0.14063510298728943,gigapose_global_rank_0|R1+20|rgb_recovery,138.91203880774043,approved,epnp_raceline,rear,toward,-0.9887906650254691,19.96325797970717,19.96325797970717,1.9455010123239307,1.9455010123239307
1,1694,22,1,1,0,0.15464533865451813,0.15464533865451813,gigapose_global_rank_0|R1+20|rgb_recovery,135.27314722670016,approved,epnp_raceline,rear,toward,-0.9926090522481648,18.663294978555847,18.663294978555847,1.4189221757503871,1.4189221757503871
1,1695,22,8,4,1,0.15497927367687225,0.03155411779880524,gigapose_global_rank_1|uv0+48|rgb_recovery|center_preserving_flip180,145.7420965186674,approved,epnp_raceline,rear,toward,-0.9043092902377611,160.57449481635834,14.719517139163544,6.250188460517936,6.153202571366903
1,1696,22,10,4,1,0.1328255534172058,0.07684195786714554,gigapose_global_rank_0|R1+20|rgb_recovery|center_preserving_flip180,138.96314840767351,approved,epnp_raceline,rear,toward,-0.9791104736056494,7.896772146100454,21.787473566107053,3.446307790988702,4.551006061471804
1,1697,22,6,6,1,0.15886349976062775,0.15886349976062775,gigapose_global_rank_0|R1+20|rgb_recovery|center_preserving_flip180,133.90057861432712,approved,epnp_raceline,rear,toward,-0.885748199999132,141.37787876105227,38.69292968166055,8.704128821796461,8.704128821796461
1,1698,22,15,15,0,0.17236129939556122,0.17236129939556122,gigapose_global_rank_2|rgb_recovery,134.67082870711124,approved,epnp_raceline,rear,toward,-0.8544179646941766,49.10587396636445,49.10587396636445,20.746771690291112,20.746771690291112
1,1699,22,2,2,1,0.15211790800094604,0.15211790800094604,gigapose_global_rank_0|R1+20|rgb_recovery|center_preserving_flip180,138.6285116924009,approved,epnp_raceline,rear,toward,-0.8986311290209735,143.21143199917023,36.79763411567401,8.595125056656594,8.595125056656594
1,1700,22,6,1,1,0.2589126229286194,0.02996022440493107,gigapose_global_rank_0|uv1-48|rgb_recovery|center_preserving_flip180,127.56311406724748,approved,epnp_raceline,rear,toward,-0.9866838067605727,21.966256160203415,20.453145163568458,0.46406052371726864,0.439854437380954
1,1701,22,14,11,1,0.24572019279003143,0.09106764942407608,gigapose_global_rank_2|logz-0.35|rgb_recovery|center_preserving_flip180,130.6946842055748,approved,epnp_raceline,rear,toward,-0.9012918259434135,10.304901860162342,36.97174286324695,1.8590308813880967,8.332548609297346
1,1702,22,5,5,1,0.1676393449306488,0.1676393449306488,gigapose_global_rank_0|R1+20|rgb_recovery|center_preserving_flip180,121.30618875207705,approved,epnp_raceline,rear,toward,-0.8699463004686914,139.54906314478708,40.77252694824168,7.842849870425137,7.842849870425137
1,1703,22,10,10,1,0.15101271867752075,0.15101271867752075,gigapose_global_rank_0|R1+20|rgb_recovery|center_preserving_flip180,123.06240923939995,approved,epnp_raceline,rear,toward,-0.8806974433987623,140.70262311199306,39.488377862887205,8.515703680998636,8.515703680998636
1,1704,22,11,11,1,0.17048166692256927,0.17048166692256927,gigapose_global_rank_0|R1+20|rgb_recovery|center_preserving_flip180,117.26924318215609,approved,epnp_raceline,rear,toward,-0.8720762532534624,139.60300254884692,40.50097931309747,7.086695755021799,7.086695755021799
1,1705,22,1,8,1,0.15852122008800507,0.027139419689774513,gigapose_global_rank_0|R1+45|rgb_recovery|center_preserving_flip180,120.32204744744874,approved,epnp_raceline,rear,toward,-0.9638517710121194,18.409925468650147,26.202980723585664,1.8045531031865358,0.4233378592731075
1,1706,22,2,13,1,0.1532008796930313,0.029616044834256172,gigapose_global_rank_0|R1+45|rgb_recovery|center_preserving_flip180,121.22171692339168,approved,epnp_raceline,rear,toward,-0.9501560568349375,17.192660388111204,29.011011459755068,3.6984435488653573,0.7793667064567757
1,1707,22,12,8,1,0.16952595114707947,0.12835738062858582,gigapose_global_rank_0|R1+45|rgb_recovery|center_preserving_flip180,126.08405468045532,approved,epnp_raceline,rear,toward,-0.9543339283985279,151.2082596936744,28.1699742729254,10.367316269577648,0.6338913664741925
1,1708,22,6,8,1,0.11629600822925568,0.028053075075149536,gigapose_global_rank_1|R1+45|rgb_recovery|center_preserving_flip180,131.66593428126615,approved,epnp_raceline,rear,toward,-0.9591845302843347,8.4090826767919,27.1953002052366,4.208799384069379,0.4365659081128762
1,1709,22,3,11,1,0.12318804115056992,0.02669570967555046,gigapose_global_rank_0|R1+45|rgb_recovery|center_preserving_flip180,133.08378642566998,approved,epnp_raceline,rear,toward,-0.9543078305297419,3.621494578996721,28.483079367874108,2.7087613066983294,0.5353001668854653
1,1710,22,1,1,1,0.13174283504486084,0.13174283504486084,gigapose_global_rank_2|rgb_recovery|center_preserving_flip180,136.86798731353548,approved,epnp_raceline,rear,toward,-0.9939986614057399,163.4283076288785,18.043844199403487,1.9340885283100422,1.9340885283100422
1,1711,22,15,11,1,0.17001231014728546,0.1107044443488121,gigapose_global_rank_0|R1+45|rgb_recovery|center_preserving_flip180,131.96258471586575,approved,epnp_raceline,rear,toward,-0.9952556063488893,11.852620496260984,16.439719055308387,2.764111378708675,2.0566761956049193
1,1712,22,9,1,1,0.26429739594459534,0.13334862887859344,gigapose_global_rank_0|R1+45|rgb_recovery|center_preserving_flip180,126.78058270301857,approved,epnp_raceline,rear,toward,-0.9922870678660648,33.68955150057579,18.07030786341334,4.642389711415921,3.032896344156594
1,1713,22,3,3,1,0.1413317620754242,0.1413317620754242,gigapose_global_rank_2|logz-0.35|rgb_recovery|center_preserving_flip180,123.66305476951527,approved,epnp_raceline,rear,toward,-0.9735065134987518,156.13666056441923,25.280830008244706,3.255287527987107,3.255287527987107
1,1714,22,11,2,1,0.17231136560440063,0.09108388423919678,gigapose_global_rank_0|R1+45|rgb_recovery|center_preserving_flip180,118.78894743855832,approved,epnp_raceline,rear,toward,-0.9876930922171769,35.607600756400764,20.34520018094785,4.767235002243928,0.8628882327504022
1,1715,22,1,10,1,0.2655227482318878,0.023775499314069748,gigapose_global_rank_0|R1+45|rgb_recovery|center_preserving_flip180,116.1603861290117,approved,epnp_raceline,rear,toward,-0.9846033021737771,52.74533129776188,20.86808921399503,9.222909388861751,2.19061980906213
1,1716,22,2,12,1,0.24458351731300354,0.07551708072423935,gigapose_global_rank_0|R1+45|rgb_recovery|center_preserving_flip180,125.13334864045936,approved,epnp_raceline,rear,toward,-0.9925117024630641,27.717395349862866,18.32597700797738,2.003915341414156,4.8916704218083344
1,1717,22,12,2,0,0.1691480576992035,0.07285904139280319,gigapose_global_rank_0|R1+45|rgb_recovery,127.30135494598883,approved,epnp_raceline,rear,toward,-0.9931525603624647,38.65135644098232,15.897727115830714,2.1136128638250393,6.805273972328083
1,1718,22,1,2,0,0.29348546266555786,0.06269441545009613,gigapose_global_rank_1|R1+45|rgb_recovery,131.57646943676022,approved,epnp_raceline,rear,toward,-0.9930841510723862,55.259907934948046,16.942512911613022,4.10639043297474,5.800854950486831
1,1719,22,2,9,1,0.31887710094451904,0.04776526615023613,gigapose_global_rank_3|rgb_recovery|center_preserving_flip180,132.7429635863045,approved,epnp_raceline,rear,toward,-0.9816258286753984,59.61752114502871,21.38099753432113,6.102058069515604,4.451303832946536
1,1720,22,10,11,1,0.25037896633148193,0.039318013936281204,gigapose_global_rank_3|rgb_recovery|center_preserving_flip180,144.36369114808474,approved,epnp_raceline,rear,toward,-0.98460254953798,1.9160790327530315,20.746153068676243,5.661209812217819,3.0848419302824714
1,1721,22,3,3,1,0.2153138965368271,0.2153138965368271,gigapose_global_rank_0|R1+20|rgb_recovery|center_preserving_flip180,138.10244193505824,approved,epnp_raceline,rear,toward,-0.8961455569754024,142.76783481219255,37.41754056514168,3.617653245407283,3.617653245407283
1,1722,22,8,4,1,0.1834414303302765,0.06866655498743057,gigapose_global_rank_1|logz-0.35|rgb_recovery|center_preserving_flip180,124.61943480673547,approved,epnp_raceline,rear,toward,-0.9861154060556719,178.71249374902607,20.16162011295605,4.251696355510288,6.023637477439188
1,1723,22,9,9,1,0.48548686504364014,0.48548686504364014,gigapose_global_rank_0|R1+45|rgb_recovery|center_preserving_flip180,107.67766003119436,approved,epnp_raceline,rear,toward,-0.5949157049964046,115.73002252352671,64.44475177289696,1.546125775954675,1.546125775954675
1,1724,22,8,0,1,0.13626039028167725,0.06754057109355927,gigapose_rank0_baseline|rgb_recovery|center_preserving_flip180,122.69348562998437,approved,epnp_raceline,rear,toward,-0.9842912442231992,179.43789969367452,21.17835641282834,6.000293326615273,1.1352509091539222
1,1725,22,4,4,1,0.5491242408752441,0.5491242408752441,gigapose_global_rank_0|R1+45|rgb_recovery|center_preserving_flip180,118.4827303432171,approved,epnp_raceline,rear,toward,-0.5890586577514144,115.51942874851015,64.55100366682079,2.154189767602567,2.154189767602567
1,1726,22,6,6,1,0.4074184000492096,0.4074184000492096,gigapose_global_rank_1|R1+45|rgb_recovery|center_preserving_flip180,114.66972911865449,approved,epnp_raceline,rear,toward,-0.5877936073220789,115.65419167250136,64.46059349574556,4.575477698739072,4.575477698739072
1,1727,22,9,9,1,0.5040045380592346,0.5040045380592346,gigapose_global_rank_1|R1+45|rgb_recovery|center_preserving_flip180,133.72006655360642,approved,epnp_raceline,rear,toward,-0.5979284255218317,116.47614269840464,63.618083655705824,4.654120567522599,4.654120567522599
1,1728,22,4,7,1,0.12736624479293823,0.09285705536603928,gigapose_global_rank_4|rgb_recovery|center_preserving_flip180,141.7839718962138,approved,epnp_raceline,rear,toward,-0.9643979504368493,18.467928120788137,24.521403959712572,2.1122467538127725,3.0547531122768343
1,1729,22,1,12,1,0.11281855404376984,0.11027465015649796,gigapose_global_rank_0|R1+20|rgb_recovery|center_preserving_flip180,129.68982333597083,approved,epnp_raceline,rear,toward,-0.9532045117115542,163.96339137418647,26.968795657314878,3.7261294549541915,4.071380958127328
1,1730,22,4,4,1,0.2834416329860687,0.2834416329860687,gigapose_global_rank_0|R1+45|rgb_recovery|center_preserving_flip180,111.30849561560422,approved,epnp_raceline,rear,toward,-0.7662760601631252,130.26507861346462,49.770804793699355,1.4111083243546825,1.4111083243546825
1,1731,22,8,6,1,0.25812435150146484,0.07068723440170288,gigapose_global_rank_0|R1+45|rgb_recovery|center_preserving_flip180,96.00406073203406,approved,epnp_raceline,rear,toward,-0.9567696311363474,5.3081044947633185,25.958825024513235,8.708565266249618,0.5251058954427732
1,1732,22,4,4,1,0.5020342469215393,0.5020342469215393,gigapose_global_rank_1|R1+45|rgb_recovery|center_preserving_flip180,66.84021007315361,approved,epnp_raceline,rear,toward,-0.5785415880178493,115.50355582226469,64.53754323845004,2.596866108314635,2.596866108314635
1,1733,22,6,6,1,0.17867062985897064,0.17867062985897064,gigapose_global_rank_1|R1+20|rgb_recovery|center_preserving_flip180,56.57417481588287,approved,epnp_raceline,rear,toward,-0.8524385431634439,139.15946125505727,40.90931442780535,2.284032012741839,2.284032012741839
1,1734,22,8,8,1,0.35229775309562683,0.35229775309562683,gigapose_global_rank_0|R1+45|rgb_recovery|center_preserving_flip180,43.29075377217776,approved,epnp_raceline,rear,toward,-0.5795856632873945,115.99934949650113,64.11525511666376,6.335493175694127,6.335493175694127
1,1735,22,12,10,0,0.13916297256946564,0.07301648706197739,gigapose_global_rank_3|rgb_recovery,69.29636166297641,approved,epnp_raceline,rear,toward,-0.9188362765694296,2.8676465245472107,32.088502741774946,1.1697729038270908,9.897239398117375
1,1736,22,15,9,0,0.21962568163871765,0.1320970207452774,gigapose_global_rank_1|uv0+48|rgb_recovery,99.11747486464765,approved,epnp_raceline,rear,toward,-0.7367034201897911,119.4990044299829,50.97152010796215,19.291581744167104,15.779906492500508
1,1737,22,3,2,0,0.11707137525081635,0.019628280773758888,gigapose_global_rank_3|rgb_recovery,127.7819325951316,approved,epnp_raceline,rear,toward,-0.9855582458872979,97.49559354935755,16.403157750710477,17.477614046527474,24.322537179576944
1,1738,22,5,8,0,0.15012802183628082,0.023009896278381348,gigapose_global_rank_4|rgb_recovery,146.54296511034755,approved,epnp_raceline,rear,toward,-0.9817831803219952,154.9426026084561,7.637486597253782,13.983847838820763,24.978942522278906
1,1739,22,7,0,1,0.22305315732955933,0.006912922486662865,gigapose_rank0_baseline|rgb_recovery|center_preserving_flip180,159.69493128953297,approved,epnp_raceline,rear,toward,-0.66114334769719,86.63031895154789,44.570726963775776,11.656568077616772,3.4709038817934346
1,1740,22,4,9,1,0.18521006405353546,0.04155869036912918,gigapose_global_rank_0|logz+0.35|rgb_recovery|center_preserving_flip180,156.27473978235483,approved,epnp_raceline,rear,toward,-0.9506597778105945,3.415613115696165,11.238100448754345,8.173088638890372,4.660808620914632
1,1741,22,14,3,1,0.10390705615282059,0.06999648362398148,gigapose_global_rank_3|rgb_recovery|center_preserving_flip180,146.7772914862442,approved,epnp_raceline,rear,toward,-0.986314205804338,167.04330617538307,17.93113417707885,1.0954053255947394,3.8179483997749513
1,1742,22,11,13,1,0.09090887755155563,0.049376100301742554,gigapose_global_rank_4|rgb_recovery|center_preserving_flip180,138.1342683587248,approved,epnp_raceline,rear,toward,-0.9809115790972881,12.428466409102636,20.227559976184107,4.157120870484719,2.7848700084310147
1,1743,22,9,9,1,0.12884454429149628,0.12884454429149628,gigapose_global_rank_0|R1+45|rgb_recovery|center_preserving_flip180,124.06907859970377,approved,epnp_raceline,rear,toward,-0.9171526969158186,148.10888231833925,31.91926041945114,3.2900810852396734,3.2900810852396734
1,1744,22,7,2,1,0.2737400531768799,0.04446033760905266,gigapose_global_rank_1|uv1+48|rgb_recovery|center_preserving_flip180,133.48747295896354,approved,epnp_raceline,rear,toward,-0.997405945882375,1.4700508296415673,6.863142937086864,6.140933674971444,7.822424934787219
1,1745,22,0,7,1,0.20821689069271088,0.005663687828928232,gigapose_global_rank_1|R1-45|rgb_recovery|center_preserving_flip180,101.55858798426794,approved,epnp_raceline,rear,toward,-0.92596621638465,138.0215407774666,14.539385758298666,24.019809020972755,1.6626988147440995
1,1746,22,6,11,1,0.35411328077316284,0.0058328029699623585,gigapose_global_rank_4|rgb_recovery|center_preserving_flip180,98.4840886912869,approved,epnp_raceline,rear,toward,-0.7995623811122837,95.00837784483365,28.535329853661047,18.092818560303407,2.933148083044674
1,1747,22,13,9,1,0.16407659649848938,0.025818388909101486,gigapose_global_rank_4|rgb_recovery|center_preserving_flip180,108.07711200174776,approved,epnp_raceline,rear,toward,-0.8245021179154016,115.4557660964494,26.445461875473157,9.435379377969225,1.689517249994554
1,1748,22,0,9,1,0.2707226276397705,0.025710871443152428,gigapose_global_rank_1|R1-20|rgb_recovery|center_preserving_flip180,124.98048508096544,approved,epnp_raceline,rear,toward,-0.9998417381285984,137.98027407346825,8.348205041504231,32.09781838541086,3.923631043275667
1,1749,22,0,5,1,0.34766867756843567,0.032525960355997086,gigapose_global_rank_1|R1+45|rgb_recovery|center_preserving_flip180,120.74156562091149,approved,epnp_raceline,rear,toward,-0.9856195321421686,30.287695228667644,18.29360670323859,31.97171747885545,2.6159954559137875
1,1750,22,9,14,1,0.15320216119289398,0.0482507050037384,gigapose_global_rank_1|R1+45|rgb_recovery|center_preserving_flip180,140.8849623731732,approved,epnp_raceline,rear,toward,-0.9681814118969693,116.3654828533098,22.572674329109713,2.576279561688394,3.563241785998011
1,1751,22,5,2,1,0.206257626414299,0.04293214529752731,gigapose_global_rank_1|R1+45|rgb_recovery|center_preserving_flip180,134.55108911605453,approved,epnp_raceline,rear,toward,-0.9875534038067036,151.14151137224815,17.34079596441424,8.78435962102948,0.5986487558981186
1,1752,22,7,11,1,0.14476832747459412,0.05381433665752411,gigapose_global_rank_4|rgb_recovery|center_preserving_flip180,136.98923192360616,approved,epnp_raceline,rear,toward,-0.9817836813377194,8.28879870535959,18.971927338572463,2.9660355599529096,0.48107856345619276
1,1753,22,8,3,1,0.2519106864929199,0.044073641300201416,gigapose_global_rank_1|R1+45|rgb_recovery|center_preserving_flip180,131.89079808138365,approved,epnp_raceline,rear,toward,-0.9851435826488084,2.533123920627729,17.957787326023798,4.99440509716442,1.2358162139717603
1,1754,22,5,1,0,0.1443072259426117,0.14103998243808746,gigapose_global_rank_1|R1+20|rgb_recovery,129.53808733660156,approved,epnp_raceline,rear,toward,-0.9808366485803598,5.222990932150398,19.87932631444966,2.2948804616188836,1.2700794413875036
1,1755,22,10,1,0,0.13908341526985168,0.08486762642860413,gigapose_global_rank_0|R1+20|rgb_recovery,127.56047616982158,approved,epnp_raceline,rear,toward,-0.9793154340525462,116.00203687453636,19.974942458024557,16.12641309021197,5.363339023889228
1,1756,22,1,1,0,0.15003280341625214,0.15003280341625214,gigapose_global_rank_0|R1+20|rgb_recovery,122.47672719354321,approved,epnp_raceline,rear,toward,-0.9808275708337676,19.496807544640447,19.496807544640447,4.866611515320404,4.866611515320404
1,1757,22,0,1,0,0.14494061470031738,0.10318546742200851,gigapose_global_rank_0|R1+20|rgb_recovery,123.29650082686223,approved,epnp_raceline,rear,toward,-0.9781778037261434,5.616272576594088,20.40374025881076,7.507089747805632,6.451086182587284
1,1758,22,3,3,0,0.2202979177236557,0.2202979177236557,gigapose_global_rank_0|R1+20|rgb_recovery,132.39475066757942,approved,epnp_raceline,rear,toward,-0.9789306994185419,21.50699594677326,21.50699594677326,4.479375682293024,4.479375682293024
1,1759,22,0,1,0,0.17174659669399261,0.12290941178798676,gigapose_global_rank_0|R1+20|rgb_recovery,132.15897757147627,approved,epnp_raceline,rear,toward,-0.9746921624708031,4.613363424849513,21.4595699541855,4.952072538361202,4.86333039980518
1,1760,22,9,10,1,0.19109585881233215,0.16007548570632935,gigapose_global_rank_2|align_detection|rgb_recovery|center_preserving_flip180,139.1117245633497,approved,epnp_raceline,rear,toward,-0.6328797086771635,124.14967684080108,63.25036999621604,21.366082305652505,22.348841040155012
1,1761,22,4,10,1,0.1875900775194168,0.0966535359621048,gigapose_global_rank_1|R1+20|rgb_recovery|center_preserving_flip180,119.40472930433006,approved,epnp_raceline,rear,toward,-0.862490007809323,7.063216929893836,38.99248553704109,4.02241569151666,7.081384574506899
1,1762,22,0,6,1,0.26404711604118347,0.0245647169649601,gigapose_global_rank_1|R1+20|rgb_recovery|center_preserving_flip180,116.67283260776043,approved,epnp_raceline,rear,toward,-0.9724191829076773,4.602432606604345,22.610397759128798,0.4831293903832527,0.8260497708260289
1,1763,22,1,4,1,0.1504107564687729,0.02783772349357605,gigapose_global_rank_0|R1+45|rgb_recovery|center_preserving_flip180,87.76041349974373,approved,epnp_raceline,rear,toward,-0.9378880118699837,17.05348943417078,28.798686375531542,2.6960329919072072,6.561512534528019
1,1764,22,3,6,1,0.23610657453536987,0.03469766303896904,gigapose_global_rank_3|rgb_recovery|center_preserving_flip180,89.53666646166432,approved,epnp_raceline,rear,toward,-0.8938996942861557,5.132727028836859,20.03732131412487,1.0106333247271682,8.847888949359637
1,1765,22,0,10,1,0.16502371430397034,0.022493772208690643,gigapose_global_rank_1|R1-20|rgb_recovery|center_preserving_flip180,80.23925587492226,approved,epnp_raceline,rear,toward,-0.9758385075703149,99.46714351710752,5.8718591576095305,57.92489634508402,4.854517563696198
1,1766,22,10,15,0,0.09225213527679443,0.04486548528075218,gigapose_global_rank_0|flip180|rgb_recovery,76.86832411055194,approved,epnp_raceline,rear,toward,-0.8139664134628416,147.97011336005528,26.988608987685524,12.269910052663281,10.698888661113578
1,1767,22,0,0,0,0.1838691234588623,0.1838691234588623,gigapose_rank0_baseline|rgb_recovery,76.49870934389664,approved,epnp_raceline,rear,toward,-0.9950355613806497,4.920199785302964,4.920199785302964,10.3268053565309,10.3268053565309
1,1768,22,0,8,0,0.17205384373664856,0.10678751021623611,gigapose_global_rank_0|R1+20|rgb_recovery,97.46072049886213,approved,epnp_raceline,rear,toward,-0.970102737567485,4.5010825003111465,23.110766066553378,13.170309815577445,3.2105837418957135
1,1769,22,3,3,0,0.1722450703382492,0.1722450703382492,gigapose_global_rank_1|R1+20|rgb_recovery,93.64105303747858,approved,epnp_raceline,rear,toward,-0.9813617971249741,19.73981157344807,19.73981157344807,3.5029753461551674,3.5029753461551674
1,1770,22,0,10,0,0.16306659579277039,0.11097879707813263,gigapose_global_rank_0|R1+20|rgb_recovery,96.16637217716692,approved,epnp_raceline,rear,toward,-0.9709154186679756,4.503570766085042,22.325890327689237,14.053077671726847,2.7664401075574823
1,1771,22,6,6,0,0.1685577630996704,0.1685577630996704,gigapose_global_rank_0|R1+20|rgb_recovery,127.45581653388369,approved,epnp_raceline,rear,toward,-0.9836584956925585,19.157879069166363,19.157879069166363,0.44806099236115027,0.44806099236115027
1,1772,22,4,4,0,0.15711329877376556,0.15711329877376556,gigapose_global_rank_1|R1+20|rgb_recovery,120.60594502214424,approved,epnp_raceline,rear,toward,-0.9788432785744561,21.10182473689829,21.10182473689829,3.7005678993067073,3.7005678993067073
1,1773,22,0,1,0,0.14618270099163055,0.1311252862215042,gigapose_global_rank_0|R1+20|rgb_recovery,120.29426058884968,approved,epnp_raceline,rear,toward,-0.9806670787835997,4.595412583191734,20.369320151758313,9.3839007938054,3.360894484976693
1,1774,22,0,3,0,0.1500064581632614,0.13591332733631134,gigapose_global_rank_0|R1+20|rgb_recovery,126.08505685599704,approved,epnp_raceline,rear,toward,-0.9824199165930433,4.782987226303924,19.731849025266705,7.951256104842859,2.1885656285118165
1,1775,22,11,8,1,0.10899890214204788,0.06955478340387344,gigapose_global_rank_1|uv0+48|rgb_recovery|center_preserving_flip180,126.3346907686867,approved,epnp_raceline,rear,toward,-0.9681062745293701,5.667121089541808,24.264018513210605,0.9262876676865928,5.056987017147746
1,1776,22,1,1,1,0.2558262050151825,0.2558262050151825,gigapose_global_rank_1|R1+45|rgb_recovery|center_preserving_flip180,120.65056291023141,approved,epnp_raceline,rear,toward,-0.7732573215827522,131.55425109726343,48.91368062883006,11.583784676932002,11.583784676932002
1,1777,22,5,14,1,0.19497931003570557,0.02916487492620945,gigapose_global_rank_2|align_detection|rgb_recovery|center_preserving_flip180,127.3665940746798,approved,epnp_raceline,rear,toward,-0.917050984301992,22.275382325445868,32.96709262856784,0.7548377385562655,9.26507306473892
1,1778,22,9,1,1,0.16530881822109222,0.016170037910342216,gigapose_global_rank_2|align_detection|rgb_recovery|center_preserving_flip180,126.50794216977727,approved,epnp_raceline,rear,toward,-0.9780051586432652,16.047647660373855,21.24634286389736,1.0035470885811533,2.6101701247712494
1,1779,22,1,12,1,0.187619149684906,0.019383350387215614,gigapose_global_rank_0|R1+45|rgb_recovery|center_preserving_flip180,123.29137219577365,approved,epnp_raceline,rear,toward,-0.9364524422339283,19.42561059369619,29.653739955507536,2.7456047879308003,7.196094916828344
1,1780,22,6,10,1,0.17361082136631012,0.022905107587575912,gigapose_global_rank_0|R1+45|rgb_recovery|center_preserving_flip180,123.35277258744004,approved,epnp_raceline,rear,toward,-0.9440064350418131,20.70428323542981,28.452321728081436,0.5102541341908238,5.144932165631934
1,1781,22,10,3,1,0.14376956224441528,0.01901247724890709,gigapose_global_rank_1|R1+45|rgb_recovery|center_preserving_flip180,121.33718622019741,approved,epnp_raceline,rear,toward,-0.9516510251098745,22.351341111790266,27.207549393135356,1.8281764839418482,3.261136020238376
1,1782,22,3,12,0,0.13881877064704895,0.13111670315265656,gigapose_global_rank_1|R1+45|rgb_recovery,117.28459998844639,approved,epnp_raceline,rear,toward,-0.8438135781466963,18.69193177886282,41.982018149208855,1.1367942650112546,10.527158448729127
1,1783,22,15,11,1,0.19100235402584076,0.02489224262535572,gigapose_global_rank_0|R1+45|rgb_recovery|center_preserving_flip180,123.71453681377933,approved,epnp_raceline,rear,toward,-0.9410972498487709,18.995552448710733,29.145436592725957,0.5869753935405972,2.4336567584549815
1,1784,22,2,15,1,0.1605808138847351,0.03201458975672722,gigapose_global_rank_1|R1+45|rgb_recovery|center_preserving_flip180,97.22124446231841,approved,epnp_raceline,rear,toward,-0.9496744019080867,17.97732161132251,27.765313281297157,0.631493596309624,0.6005201552382825
1,1785,22,4,5,1,0.1517980992794037,0.027991339564323425,gigapose_global_rank_0|R1+45|rgb_recovery|center_preserving_flip180,73.1661459940091,approved,epnp_raceline,rear,toward,-0.9574470597856923,14.854083494400818,26.64933720800272,1.4913876052566903,1.8926825095845163
1,1786,22,5,14,0,0.1598803550004959,0.12114983052015305,gigapose_global_rank_1|R1+45|rgb_recovery,49.074843377502134,approved,epnp_raceline,rear,toward,-0.8302691019145143,17.438288161287197,43.6032679641133,1.1312871009143024,9.737873741507247
1,1787,22,0,14,1,0.15615147352218628,0.04700245335698128,gigapose_global_rank_1|R1+45|rgb_recovery|center_preserving_flip180,29.21669719097341,approved,epnp_raceline,rear,toward,-0.9049745727370413,4.375880399862344,35.45638029171531,6.504014613750924,5.236560422011187
1,1789,23,1,10,1,0.11484835296869278,0.030903497710824013,gigapose_global_rank_1|R1+45|rgb_recovery|center_preserving_flip180,95.26404329451508,rejected:center_error_px+bbox_iou,epnp_raceline,rear,toward,-0.9441064776710959,nan,nan,nan,nan
1,1790,23,12,1,1,0.19602487981319427,0.03244774416089058,gigapose_global_rank_1|R1+20|rgb_recovery|center_preserving_flip180,89.25116631636466,approved,epnp_raceline,rear,toward,-0.9355443020300486,140.92409657036893,11.991673555959627,5.22890228786427,2.0867943680885825
1,1791,23,5,5,1,0.11718415468931198,0.11718415468931198,gigapose_global_rank_1|logz+0.35|rgb_recovery|center_preserving_flip180,66.17272859307191,rejected:center_error_px+bbox_iou,epnp_raceline,rear,toward,-0.9609984855623108,nan,nan,nan,nan
1,1792,23,11,11,1,0.2252405285835266,0.2252405285835266,gigapose_global_rank_0|flip180|rgb_recovery|center_preserving_flip180,49.04972228203309,approved,epnp_raceline,rear,toward,-0.8083048038481064,133.98508733652008,46.63511238966931,6.798530455461068,6.798530455461068
1,1793,23,6,8,0,0.23936177790164948,0.06247253715991974,gigapose_global_rank_1|R0+20|rgb_recovery,61.46133608962981,approved,epnp_raceline,rear,toward,-0.9340468097249743,100.41165526840939,35.51316031410099,1.832634340725334,6.571735640810289
1,1794,23,2,13,1,0.16747424006462097,0.11434108763933182,gigapose_global_rank_4|rgb_recovery|center_preserving_flip180,67.58549551930207,rejected:center_error_px+bbox_iou,epnp_raceline,rear,toward,-0.9019811904725836,nan,nan,nan,nan
1,1795,23,5,1,1,0.2378065288066864,0.059999506920576096,gigapose_global_rank_1|uv1+48|rgb_recovery|center_preserving_flip180,80.9593686338354,approved,epnp_raceline,rear,toward,-0.985214234148134,115.03534352549761,19.642542846326567,18.780728791628327,6.828003112883395
1,1796,23,5,11,1,0.17250452935695648,0.026523713022470474,gigapose_global_rank_4|rgb_recovery|center_preserving_flip180,101.71511718690311,approved,epnp_raceline,rear,toward,-0.9602253009932085,56.43748457842027,26.08372860509094,25.29868171226461,12.205035195739773
1,1797,23,7,3,1,0.13482390344142914,0.022877082228660583,gigapose_global_rank_0|uv1+48|rgb_recovery|center_preserving_flip180,119.243207162655,approved,epnp_raceline,rear,toward,-0.9799983610255854,4.855070407051849,21.829235599870263,8.318306366032477,8.48759312982659
1,1798,23,4,4,1,0.4471558928489685,0.4471558928489685,gigapose_global_rank_0|R1+45|rgb_recovery|center_preserving_flip180,125.01027713970939,approved,epnp_raceline,rear,toward,-0.5937128816409111,115.99538579811379,64.02732690021736,18.317732546679938,18.317732546679938
1,1799,23,8,3,0,0.18697702884674072,0.16580645740032196,gigapose_global_rank_3|rgb_recovery,111.2871401029037,approved,epnp_raceline,rear,toward,-0.8264110151936362,118.63074151824742,44.98693683876589,35.54633044968673,30.085774071708737
1,1800,23,0,8,1,0.1522628366947174,0.13149017095565796,gigapose_global_rank_1|R1+45|rgb_recovery|center_preserving_flip180,85.30957043930303,approved,epnp_raceline,rear,toward,-0.5869468776130039,4.428454845603074,64.95042629568896,6.10335021506658,14.836752252722453
1,1801,23,12,12,1,0.35956186056137085,0.35956186056137085,gigapose_global_rank_0|R1+45|rgb_recovery|center_preserving_flip180,92.75007524073622,approved,epnp_raceline,rear,toward,-0.6132686943020685,117.25157899407907,63.00608148390679,13.198109570550763,13.198109570550763
1,1802,23,4,4,1,0.1876397579908371,0.1876397579908371,gigapose_global_rank_0|R1+45|rgb_recovery|center_preserving_flip180,101.60721846600867,rejected:center_error_px+bbox_iou,epnp_raceline,rear,toward,-0.618993861773479,nan,nan,nan,nan
1,1803,23,7,7,1,0.23168838024139404,0.23168838024139404,gigapose_global_rank_1|R1+45|rgb_recovery|center_preserving_flip180,111.24754889503276,rejected:center_error_px+bbox_iou,epnp_raceline,rear,toward,-0.6049141959549419,nan,nan,nan,nan
1,1804,23,7,2,1,0.21117328107357025,0.04267127811908722,gigapose_global_rank_0|R1+45|rgb_recovery|center_preserving_flip180,122.16897923554832,approved,epnp_raceline,rear,toward,-0.9526836958592643,118.34617223956171,28.308392235702055,12.348344364226786,3.284872210402866
1,1805,23,9,12,1,0.20278507471084595,0.04439421743154526,gigapose_global_rank_1|R1+20|rgb_recovery|center_preserving_flip180,139.13426495780195,approved,epnp_raceline,rear,toward,-0.9745222768959911,3.449204200544135,23.7733761145379,3.081551193056526,1.2857962266527299
1,1806,23,3,3,0,0.2740015983581543,0.2740015983581543,gigapose_global_rank_0|R1+20|rgb_recovery,127.68110795159564,approved,epnp_raceline,rear,toward,-0.9849513842343248,20.86852369227088,20.86852369227088,1.6556341599697462,1.6556341599697462
1,1807,23,2,2,0,0.17411552369594574,0.17411552369594574,gigapose_global_rank_0|R1+20|rgb_recovery,114.12406796801972,approved,epnp_raceline,rear,toward,-0.9837059789616223,21.131365630136674,21.131365630136674,1.8896566318903119,1.8896566318903119
1,1808,23,2,2,0,0.15078872442245483,0.15078872442245483,gigapose_global_rank_0|R1+20|rgb_recovery,89.78222817579898,approved,epnp_raceline,rear,toward,-0.9851063885658488,20.981486296386013,20.981486296386013,1.2236789046151162,1.2236789046151162
1,1809,23,10,10,1,0.33292385935783386,0.33292385935783386,gigapose_global_rank_1|R1+45|rgb_recovery|center_preserving_flip180,88.18264144213725,approved,epnp_raceline,rear,toward,-0.5967639505952642,115.21805797985492,64.82922065952567,4.946763065462188,4.946763065462188
1,1810,23,15,15,0,0.15420426428318024,0.15420426428318024,gigapose_global_rank_0|R1+45|rgb_recovery,95.26144296292969,approved,epnp_raceline,rear,toward,-0.8308422241219291,44.957216768408934,44.957216768408934,8.78858929235535,8.78858929235535
1,1811,23,5,10,1,0.13690699636936188,0.05971870198845863,gigapose_global_rank_3|rgb_recovery|center_preserving_flip180,101.2296162803735,approved,epnp_raceline,rear,toward,-0.7276461659447636,18.25811822935349,54.34014743875654,1.6672269881785435,12.597166233359399
1,1812,23,9,9,0,0.13718833029270172,0.13718833029270172,gigapose_global_rank_0|R1+20|rgb_recovery,109.47312882067277,rejected:center_error_px+bbox_iou,epnp_raceline,rear,toward,-0.9764526076767034,nan,nan,nan,nan
1,1813,23,4,4,0,0.12031981348991394,0.12031981348991394,gigapose_global_rank_0|R1+20|rgb_recovery,127.36752587993642,approved,epnp_raceline,rear,toward,-0.9865987366711774,20.49986735033366,20.49986735033366,0.45778010946850534,0.45778010946850534
1,1814,23,6,7,0,0.14035943150520325,0.12401113659143448,gigapose_global_rank_0|align_detection|rgb_recovery,128.41517349515814,approved,epnp_raceline,rear,toward,-0.9898066790230122,10.856562298754746,7.548711285932984,3.8499966891734636,2.559204857493217
1,1815,23,10,5,1,0.15931162238121033,0.040527407079935074,gigapose_global_rank_1|R1+45|rgb_recovery|center_preserving_flip180,135.47152450960658,approved,epnp_raceline,rear,toward,-0.9459733694957164,15.757969035766273,29.98910257512189,0.32946803434065114,4.108601584792899
1,1816,23,9,7,1,0.1737852841615677,0.028646815568208694,gigapose_global_rank_1|R1+45|rgb_recovery|center_preserving_flip180,138.52511906098962,approved,epnp_raceline,rear,toward,-0.9514112331494793,22.79127791153634,29.18516399045722,0.4573497761722823,3.130949610897701
1,1817,23,5,1,1,0.14117683470249176,0.03148166090250015,gigapose_global_rank_1|R1+45|rgb_recovery|center_preserving_flip180,140.36632566805974,approved,epnp_raceline,rear,toward,-0.9555981490861849,19.11082818165127,28.22529145762422,1.3858146964019915,1.7343093333193214
1,1818,23,0,11,1,0.13170075416564941,0.03243015334010124,gigapose_global_rank_1|R1+45|rgb_recovery|center_preserving_flip180,143.86195723582682,approved,epnp_raceline,rear,toward,-0.9450068379431412,5.586783627079742,30.067599694392708,3.9448969921854395,3.1156754829754627
1,1819,23,0,14,0,0.15352417528629303,0.07129291445016861,gigapose_global_rank_0|rgb_recovery,144.88724032728166,approved,epnp_raceline,rear,toward,-0.9931985677625441,4.364769685774796,7.42235543394294,4.949743158562777,4.335913997843196
1,1820,23,3,3,0,0.1450110673904419,0.1450110673904419,gigapose_global_rank_1|R1+20|rgb_recovery,130.8938585959764,approved,epnp_raceline,rear,toward,-0.9852503914874583,20.72924956561756,20.72924956561756,0.8520252557499914,0.8520252557499914
1,1821,23,0,10,0,0.15755654871463776,0.09587922692298889,gigapose_global_rank_0|R1+20|rgb_recovery,127.50472785441642,approved,epnp_raceline,rear,toward,-0.9923656638226176,4.207716620722848,18.17974750606319,0.6003574464939333,3.2211764184846414
1,1822,23,8,1,0,0.1511792093515396,0.14408361911773682,gigapose_global_rank_1|R1+20|rgb_recovery,116.97167982528478,approved,epnp_raceline,rear,toward,-0.9880891633630252,5.567349191651887,20.285850041688565,6.3046175029528975,3.1780503880206763
1,1823,23,0,4,0,0.11688550561666489,0.10268615186214447,gigapose_global_rank_0|R1+20|rgb_recovery,124.03604395290199,approved,epnp_raceline,rear,toward,-0.9881229470814087,5.309860535550292,19.820400824587516,2.5637835950505052,1.6838060597552245
1,1824,23,0,2,0,0.1335557997226715,0.09645813703536987,gigapose_global_rank_0|R1+20|rgb_recovery,127.14788643825979,approved,epnp_raceline,rear,toward,-0.9848426621866831,4.511998468870224,21.419677987138797,2.3861553574300984,1.1583513664926819
1,1825,23,10,10,1,0.29833370447158813,0.29833370447158813,gigapose_global_rank_0|R1+45|rgb_recovery|center_preserving_flip180,132.5448767529842,approved,epnp_raceline,rear,toward,-0.6456307001976549,118.52415473084892,61.514907424883305,2.9834126737300184,2.9834126737300184
1,1826,23,8,8,1,0.22114671766757965,0.22114671766757965,gigapose_global_rank_1|R1+45|rgb_recovery|center_preserving_flip180,128.82285422509437,approved,epnp_raceline,rear,toward,-0.643572164120788,118.32851564862062,61.75182713778548,4.055125896564693,4.055125896564693
1,1827,23,7,7,0,0.13327403366565704,0.13327403366565704,gigapose_global_rank_0|R1+20|rgb_recovery,139.3939080586878,approved,epnp_raceline,rear,toward,-0.987899002760972,20.03512175792272,20.03512175792272,0.7111543971877807,0.7111543971877807
1,1828,23,1,4,0,0.12867553532123566,0.12246636301279068,gigapose_global_rank_0|R1+20|rgb_recovery,128.93818217766474,approved,epnp_raceline,rear,toward,-0.9880698959579318,6.7237497121588925,19.940416085265024,3.2834522784457745,1.8457344223074534
1,1829,23,15,15,1,0.15128248929977417,0.15128248929977417,gigapose_global_rank_0|R0+45|rgb_recovery|center_preserving_flip180,125.82474505092014,approved,epnp_raceline,rear,toward,-0.9658573982371077,156.3341985286684,25.513695769242833,1.2999920054861946,1.2999920054861946
1,1830,23,14,14,1,0.2863207757472992,0.2863207757472992,gigapose_global_rank_0|R1+45|rgb_recovery|center_preserving_flip180,109.97579777499627,approved,epnp_raceline,rear,toward,-0.5775577774435776,113.96619635378146,66.0794576229479,10.438066215249233,10.438066215249233
1,1831,23,2,11,1,0.1471516489982605,0.023203739896416664,gigapose_global_rank_0|R1+45|rgb_recovery|center_preserving_flip180,122.8501260370524,approved,epnp_raceline,rear,toward,-0.9532511016399388,6.909605900185754,29.33087270306363,3.5904996060547645,0.596295489364818
1,1832,23,2,9,1,0.21455813944339752,0.030048031359910965,gigapose_global_rank_4|rgb_recovery|center_preserving_flip180,120.94037457720893,approved,epnp_raceline,rear,toward,-0.9361657768987637,21.975947864767093,32.0778640584803,2.7487269928953943,2.1677223277284545
1,1833,23,6,12,1,0.13008995354175568,0.03299085795879364,gigapose_global_rank_0|R1+45|rgb_recovery|center_preserving_flip180,119.54340372400536,approved,epnp_raceline,rear,toward,-0.9485439168181862,7.322425626155123,30.522061661414618,3.186886907485084,1.863626674667689
1,1834,23,14,14,1,0.4145660996437073,0.4145660996437073,gigapose_global_rank_1|R1+45|rgb_recovery|center_preserving_flip180,114.74891089293374,approved,epnp_raceline,rear,toward,-0.5155684973763007,109.58902254110346,70.43875026305997,10.872905438659297,10.872905438659297
1,1835,23,8,4,1,0.11882858723402023,0.07823130488395691,gigapose_global_rank_1|R1+45|rgb_recovery|center_preserving_flip180,128.26181128356632,approved,epnp_raceline,rear,toward,-0.973498882170998,8.335837560983071,24.666336048347638,0.4005748168303386,0.9577224335930241
1,1836,23,14,12,1,0.3104626536369324,0.055237945169210434,gigapose_global_rank_0|R1+45|rgb_recovery|center_preserving_flip180,124.99267268929897,approved,epnp_raceline,rear,toward,-0.923315844234361,9.347895239641533,34.8291673372324,4.924468459276475,1.1223322247407836
1,1837,23,7,7,1,0.14932553470134735,0.14932553470134735,gigapose_global_rank_1|R1+20|rgb_recovery|center_preserving_flip180,126.6368012542953,approved,epnp_raceline,rear,toward,-0.8482877082714747,136.338486205839,44.085898243847495,5.373374489619622,5.373374489619622
1,1838,23,11,8,1,0.1968190222978592,0.10796604305505753,gigapose_global_rank_1|R1+20|rgb_recovery|center_preserving_flip180,127.38103474164754,approved,epnp_raceline,rear,toward,-0.8422417028085286,22.69782642812529,44.310709498094,9.601551944880914,7.611375683817611
1,1839,23,15,4,1,0.3051178753376007,0.040823858231306076,gigapose_global_rank_1|align_detection|rgb_recovery|center_preserving_flip180,146.31964577753195,approved,epnp_raceline,rear,toward,-0.9672646888933406,7.212727713092042,26.568424819305363,6.602911971008402,0.9764374174457177
1,1840,23,5,12,1,0.24152706563472748,0.04848938435316086,gigapose_global_rank_0|R1+20|rgb_recovery|center_preserving_flip180,144.6775086312674,approved,epnp_raceline,rear,toward,-0.9991598798014768,21.930516948246645,12.156749617005502,6.385610323629637,5.856151445749141
1,1841,23,15,2,1,0.17447900772094727,0.01785021275281906,gigapose_global_rank_4|rgb_recovery|center_preserving_flip180,142.5890914651865,approved,epnp_raceline,rear,toward,-0.9784567721634522,25.970453966839287,24.34890105100335,0.31909353130981855,2.178837970895254
1,1842,23,8,3,1,0.21420918405056,0.046030592173337936,gigapose_global_rank_0|R1+45|rgb_recovery|center_preserving_flip180,135.93582964565374,approved,epnp_raceline,rear,toward,-0.8881400864413094,66.18348180200404,39.463964197446614,12.830743536160869,3.091977370863477
1,1843,23,12,1,1,0.09340065717697144,0.06289081275463104,gigapose_global_rank_0|rgb_recovery|center_preserving_flip180,120.75052501445121,approved,epnp_raceline,rear,toward,-0.9569409738062631,157.5809503505397,6.726917548519123,7.627894416752078,1.183083191708914
1,1844,23,12,1,1,0.14284852147102356,0.08525505661964417,gigapose_global_rank_2|flip180|rgb_recovery|center_preserving_flip180,97.40594644036052,approved,epnp_raceline,rear,toward,-0.9995884715538986,12.460889440351998,14.037363451848432,12.231434288352208,7.715303410783236
1,1845,23,7,11,0,0.2756974697113037,0.14766553044319153,gigapose_global_rank_1|R1+45|rgb_recovery,105.34241160514006,approved,epnp_raceline,rear,toward,-0.9384579661455829,22.591319009732434,34.22776537036972,0.45780195556285724,2.091378058213041
1,1846,23,4,15,1,0.11304274201393127,0.07351329177618027,gigapose_global_rank_4|rgb_recovery|center_preserving_flip180,102.53988594968804,approved,epnp_raceline,rear,toward,-0.7150172381331343,15.107459118689327,58.19393125701344,8.350280923807619,7.034919675458786
1,1847,23,13,2,1,0.28172776103019714,0.06957066059112549,gigapose_global_rank_1|align_detection|rgb_recovery|center_preserving_flip180,107.04448377914122,approved,epnp_raceline,rear,toward,-0.7058194861759041,74.69459822295896,59.83927407844581,6.408923958022202,6.318711406726734
1,1848,23,0,3,1,0.12914280593395233,0.10221735388040543,gigapose_global_rank_4|rgb_recovery|center_preserving_flip180,113.02805859127615,approved,epnp_raceline,rear,toward,-0.6878006158535642,3.7498856274618264,62.03342353490941,2.403430795155915,7.185965451182438
1,1849,23,13,14,1,0.21566733717918396,0.05531560257077217,gigapose_global_rank_1|R1+20|rgb_recovery|center_preserving_flip180,129.65576447950212,approved,epnp_raceline,rear,toward,-0.9920937100258371,12.324114413579693,20.554930173107298,0.33540915373742836,7.351319949520696
1,1850,23,13,13,1,0.18354500830173492,0.18354500830173492,gigapose_global_rank_4|rgb_recovery|center_preserving_flip180,111.81685448704808,approved,epnp_raceline,rear,toward,-0.6674590728980131,116.2173104398787,64.54485378472442,10.383743652278246,10.383743652278246
1,1851,23,9,2,1,0.3153964579105377,0.06791909039020538,gigapose_global_rank_0|R0+20|rgb_recovery|center_preserving_flip180,111.81803965372362,approved,epnp_raceline,rear,toward,-0.783986929394151,57.73086667895568,54.25781702109897,10.711593149036588,3.895310396732719
1,1852,23,13,13,1,0.22022786736488342,0.22022786736488342,gigapose_global_rank_2|align_detection|rgb_recovery|center_preserving_flip180,110.37593163302725,approved,epnp_raceline,rear,toward,-0.6429898203408103,113.59434124290203,67.23400923023965,5.234789926171011,5.234789926171011
1,1853,23,12,14,1,0.11562381684780121,0.07237276434898376,gigapose_global_rank_0|logz-0.35|rgb_recovery|center_preserving_flip180,116.95423839208873,approved,epnp_raceline,rear,toward,-0.8200325348633664,125.78694375032727,51.93973359198698,2.99984452759719,2.8663987280115917
1,1854,23,11,4,1,0.20502561330795288,0.08210311830043793,gigapose_global_rank_0|align_detection|rgb_recovery|center_preserving_flip180,104.92128189708227,approved,epnp_raceline,rear,toward,-0.6549760721694886,93.42568559481941,66.08344593040047,9.541530328630301,5.68058137957998
1,1855,23,0,4,1,0.17761321365833282,0.04104529693722725,gigapose_global_rank_2|flip180|rgb_recovery|center_preserving_flip180,112.25065743405816,approved,epnp_raceline,rear,toward,-0.9028148117629757,113.80591883716275,12.419957370242706,20.17800536121758,2.4629005917753557
1,1856,23,14,5,1,0.26669836044311523,0.024507420137524605,gigapose_global_rank_4|rgb_recovery|center_preserving_flip180,109.03721195530511,approved,epnp_raceline,rear,toward,-0.5864422190028359,69.40260859998897,36.83809133456274,10.619225815527692,6.7043489482574445
1,1857,23,10,1,1,0.17595796287059784,0.012806190177798271,gigapose_global_rank_2|rgb_recovery|center_preserving_flip180,117.06953836879097,approved,epnp_raceline,rear,toward,-0.9072820589666947,104.05672332602543,7.868791099738686,8.170659467607207,0.7775786051936654
1,1858,23,5,10,1,0.20825454592704773,0.10597117990255356,gigapose_global_rank_4|rgb_recovery|center_preserving_flip180,117.064546154556,approved,epnp_raceline,rear,toward,-0.8173991688361392,34.727724119829816,53.182887255105655,8.50522442229084,6.512039208290741
1,1859,23,2,4,1,0.20186175405979156,0.08745820820331573,gigapose_global_rank_0|R1+45|rgb_recovery|center_preserving_flip180,119.81389946829233,approved,epnp_raceline,rear,toward,-0.8717472903098992,18.568991263841745,47.439684705267965,4.8643745108658925,1.8038248608634806
1,1860,23,14,4,0,0.23458963632583618,0.10919250547885895,gigapose_global_rank_4|rgb_recovery,122.31860880914621,approved,epnp_raceline,rear,toward,-0.8697186101096539,115.31938532438278,13.949295078104193,3.3715232048692827,1.143263236419199
1,1861,23,0,13,0,0.11664724349975586,0.09451044350862503,gigapose_global_rank_2|logz-0.35|rgb_recovery,120.4824964272103,approved,epnp_raceline,rear,toward,-0.8713005957499581,123.08763274448015,12.261588503974231,17.212730345934236,2.6350724080911245
1,1862,23,13,13,0,0.20546817779541016,0.20546817779541016,gigapose_global_rank_2|rgb_recovery,128.45233670478888,approved,epnp_raceline,rear,toward,-0.8674124452413463,14.824879325675962,14.824879325675962,4.806462654884072,4.806462654884072
1,1863,23,11,11,0,0.1377371847629547,0.1377371847629547,gigapose_global_rank_1|R1+45|rgb_recovery,113.59469901573907,approved,epnp_raceline,rear,toward,-0.916150825861936,42.79866869048347,42.79866869048347,1.769793376078478,1.769793376078478
1,1864,23,6,3,0,0.23947513103485107,0.15780766308307648,gigapose_global_rank_2|align_detection|rgb_recovery,90.80107622359282,approved,epnp_raceline,rear,toward,-0.8956376906213687,115.3282027893998,10.353232819694286,6.730352949382039,2.1260495154988375
1,1865,23,14,6,0,0.12325960397720337,0.0860082283616066,gigapose_global_rank_2|flip180|rgb_recovery,91.87950853469393,approved,epnp_raceline,rear,toward,-0.958936248502008,132.46088542816472,35.68836236395888,0.5221556963748715,3.204582429916338
1,1866,23,6,10,1,0.2105482518672943,0.05162886902689934,gigapose_global_rank_1|R1+45|rgb_recovery|center_preserving_flip180,85.49801341154482,approved,epnp_raceline,rear,toward,-0.9883928104058629,14.371186523171213,27.96031544861249,3.7126718926681037,1.8958906903830903
1,1867,23,9,9,1,0.23979301750659943,0.23979301750659943,gigapose_global_rank_2|align_detection|rgb_recovery|center_preserving_flip180,69.19772396112064,approved,epnp_raceline,rear,toward,-0.6036750108623291,107.8793979607983,72.22531480178647,10.190424061795385,10.190424061795385
1,1868,23,13,1,1,0.2283584326505661,0.09083852171897888,gigapose_global_rank_1|uv1+48|rgb_recovery|center_preserving_flip180,83.95991496142449,approved,epnp_raceline,rear,toward,-0.6699316580586759,95.61642479779341,67.65374977832965,11.84330148895754,7.626843164464592
1,1869,23,3,14,1,0.11562550067901611,0.10414166748523712,gigapose_global_rank_2|rgb_recovery|center_preserving_flip180,79.07812653356687,approved,epnp_raceline,rear,toward,-0.5779982485048409,34.4187379121343,74.47389739636337,2.663824206959948,8.113929992253647
1,1870,23,7,5,1,0.18304474651813507,0.13242779672145844,gigapose_global_rank_0|R1+45|rgb_recovery|center_preserving_flip180,80.29896530915663,approved,epnp_raceline,rear,toward,-0.8694583183235178,12.046540151960107,49.858509630218386,3.5380032161471733,0.6386162114572369
1,1871,23,9,2,1,0.25535672903060913,0.13973067700862885,gigapose_global_rank_1|R0+20|rgb_recovery|center_preserving_flip180,77.15727900405953,approved,epnp_raceline,rear,toward,-0.5959099523609799,86.21174842940324,74.02940818659773,7.322790381755728,7.94812459170852
1,1872,23,0,6,1,0.19654794037342072,0.03055102564394474,gigapose_global_rank_1|R1+20|rgb_recovery|center_preserving_flip180,86.27089583109824,approved,epnp_raceline,rear,toward,-0.9716237361589957,104.58999479486658,7.575172808920367,27.23976317775508,0.48480708844512943
1,1873,23,7,1,1,0.19579991698265076,0.04142776131629944,gigapose_global_rank_0|flip180|rgb_recovery|center_preserving_flip180,74.60819461439891,approved,epnp_raceline,rear,toward,-0.8815492407851508,52.12482039825519,9.206010961900715,10.331570063961296,1.4367629219255202
1,1874,23,13,1,1,0.23783190548419952,0.029008885845541954,gigapose_global_rank_1|R0+20|rgb_recovery|center_preserving_flip180,97.31284451531145,approved,epnp_raceline,rear,toward,-0.7701217402400581,104.70685336424229,20.017415210959616,7.954730416383278,4.481452521009605
1,1875,23,12,8,0,0.3263915181159973,0.077687568962574,gigapose_global_rank_1|uv0+48|rgb_recovery,113.75973926125458,approved,epnp_raceline,rear,toward,-0.8904792385920153,95.30142795087676,15.31404302222735,2.203760637925312,0.6190571304755627
1,1876,23,14,13,0,0.2746064066886902,0.10689450800418854,gigapose_global_rank_2|rgb_recovery,119.39827328435588,approved,epnp_raceline,rear,toward,-0.875288815049685,109.33763742870379,11.99391256063931,3.392694742662749,0.9383337200871867
1,1877,23,0,5,0,0.26654911041259766,0.12879495322704315,gigapose_global_rank_0|R1-20|rgb_recovery,116.86748854213239,approved,epnp_raceline,rear,toward,-0.6575621213918074,17.15860095453285,30.32115327247106,13.469795126289288,6.861571526318047
1,1878,23,0,14,0,0.3583720326423645,0.1881508082151413,gigapose_global_rank_0|R1-20|rgb_recovery,130.68658375029847,approved,epnp_raceline,rear,toward,-0.6733060537281518,17.41363976583108,29.707527213188474,12.902908910452336,8.095575639880412
1,1879,23,15,1,0,0.17648783326148987,0.12055185437202454,gigapose_global_rank_1|uv1+48|rgb_recovery,128.7042176917719,approved,epnp_raceline,rear,toward,-0.8773313436186418,35.78888605117651,13.522768448820607,3.2378013670708334,0.5912402260968296
1,1880,23,15,4,1,0.24546582996845245,0.012940069660544395,gigapose_global_rank_4|rgb_recovery|center_preserving_flip180,119.35284310324423,approved,epnp_raceline,rear,toward,-0.8852287752119735,95.76156337416705,8.730926752150488,5.091668609661396,3.4054005688481817
1,1881,23,6,3,1,0.13609693944454193,0.08906007558107376,gigapose_global_rank_2|flip180|rgb_recovery|center_preserving_flip180,123.53915985068105,approved,epnp_raceline,rear,toward,-0.8949253508963694,11.151883775042656,9.259919895124753,0.9368501258552022,0.75727230546905
1,1882,23,6,7,1,0.10452459752559662,0.07839477062225342,gigapose_global_rank_1|align_detection|rgb_recovery|center_preserving_flip180,131.23949402929722,approved,epnp_raceline,rear,toward,-0.9312616004323857,8.424573661574463,40.09586280036794,0.15356215156265424,0.21087606308821147
1,1883,23,8,9,1,0.24543951451778412,0.09089110046625137,gigapose_global_rank_0|R1+45|rgb_recovery|center_preserving_flip180,132.47592638458465,approved,epnp_raceline,rear,toward,-0.8920014183180017,3.417235339563803,46.717448005387624,6.202667966180206,1.470899791542854
1,1884,23,12,8,0,0.20136743783950806,0.10632012784481049,gigapose_global_rank_1|R1+45|rgb_recovery,134.01238114430794,approved,epnp_raceline,rear,toward,-0.937569473382688,49.93109712412737,39.72311639956246,12.268520788050353,3.4720335590300584
1,1885,23,11,8,1,0.28810086846351624,0.04017435014247894,gigapose_global_rank_0|R1+20|rgb_recovery|center_preserving_flip180,149.91551904016885,approved,epnp_raceline,rear,toward,-0.9986793791921779,153.52422890770256,20.91338055408009,7.046564271904035,6.069496345536664
1,1886,23,0,15,0,0.16091498732566833,0.014295917004346848,gigapose_global_rank_2|flip180|rgb_recovery,140.79084718701614,approved,epnp_raceline,rear,toward,-0.8171319186492332,112.43944560183564,18.03011165880875,24.88189803675931,2.499017882752263
1,1887,23,14,6,1,0.1411174237728119,0.06207692250609398,gigapose_global_rank_1|align_detection|rgb_recovery|center_preserving_flip180,144.44844469004832,approved,epnp_raceline,rear,toward,-0.8096868878172298,159.1526594886147,18.055850581251505,6.345730917792882,7.5236659144802545
1,1888,23,12,5,1,0.21705906093120575,0.08851367980241776,gigapose_global_rank_0|R1+45|rgb_recovery|center_preserving_flip180,116.4602630102746,approved,epnp_raceline,rear,toward,-0.8900883714209034,157.7023648229455,46.45824335810258,8.948315093241781,1.6465254778290952
1,1889,23,13,13,1,0.22412438690662384,0.22412438690662384,gigapose_global_rank_2|logz-0.35|rgb_recovery|center_preserving_flip180,101.21984965504606,approved,epnp_raceline,rear,toward,-0.5508789375628367,105.12837498680025,75.12596907192363,6.8240148361234745,6.8240148361234745
1,1890,23,11,4,1,0.31892892718315125,0.3077971041202545,gigapose_global_rank_2|align_detection|rgb_recovery|center_preserving_flip180,86.27828763893189,approved,epnp_raceline,rear,toward,-0.6853940137353103,115.57800773243783,65.54191561058572,6.71336146046959,8.249615215926175
1,1891,23,0,2,1,0.13193285465240479,0.025875626131892204,gigapose_global_rank_1|R1+20|rgb_recovery|center_preserving_flip180,92.13720521706344,approved,epnp_raceline,rear,toward,-0.9978905029725108,20.75683361075652,22.431103921736494,3.7837850412719196,7.550033048054157
1,1892,23,3,1,1,0.1616106480360031,0.05621233209967613,gigapose_global_rank_0|R1+45|rgb_recovery|center_preserving_flip180,91.077982514177,approved,epnp_raceline,rear,toward,-0.9224840089554536,112.98837927165614,42.46394678985543,6.438828644442489,1.6576142492083552
1,1893,23,15,15,1,0.39516928791999817,0.39516928791999817,gigapose_global_rank_1|R1+45|rgb_recovery|center_preserving_flip180,104.62812584797219,approved,epnp_raceline,rear,toward,-0.430514181306926,96.37632114995606,83.88330168571548,4.747440059614623,4.747440059614623
1,1894,23,6,4,1,0.1996413767337799,0.08480429649353027,gigapose_global_rank_2|rgb_recovery|center_preserving_flip180,96.79542523189942,approved,epnp_raceline,rear,toward,-0.6803858605465407,54.310782803656984,67.16240346121477,10.478715425620747,11.673423134381537
1,1895,23,11,3,1,0.16525109112262726,0.04882669076323509,gigapose_global_rank_0|R1+45|rgb_recovery|center_preserving_flip180,96.8025396574347,approved,epnp_raceline,rear,toward,-0.9074014003987838,19.806293295255312,45.182490263437806,7.842429652632236,1.1208333106395676
1,1896,23,6,9,1,0.2095193862915039,0.026647964492440224,gigapose_global_rank_0|yaw+30|rgb_recovery|center_preserving_flip180,85.2750999872786,approved,epnp_raceline,rear,toward,-0.9645082983678005,94.84992980051906,35.27512454356081,9.508864418932191,3.25374594148352
1,1897,23,14,4,1,0.15285249054431915,0.06469930708408356,gigapose_global_rank_0|R1+45|rgb_recovery|center_preserving_flip180,62.76205502503409,approved,epnp_raceline,rear,toward,-0.8930162125551855,13.385169182711273,46.60983243401587,1.7805754782393168,2.5578757415732234
1,1898,23,0,12,1,0.15923504531383514,0.08395441621541977,gigapose_global_rank_3|rgb_recovery|center_preserving_flip180,51.70630432059329,approved,epnp_raceline,rear,toward,-0.8175275059529594,19.996087064722147,55.61876805209877,6.411091719470731,8.05592710666158
1,1899,23,9,7,1,0.17162004113197327,0.14766046404838562,gigapose_global_rank_1|uv0+48|rgb_recovery|center_preserving_flip180,61.44747286862589,approved,epnp_raceline,rear,toward,-0.7121075508282979,115.23142609968377,65.48703631060835,6.649052939449281,5.873965610617236
1,1900,23,7,7,1,0.2943580746650696,0.2943580746650696,gigapose_global_rank_0|R1+20|rgb_recovery|center_preserving_flip180,53.981741548120446,approved,epnp_raceline,rear,toward,-0.4310622928514722,95.28602635519198,85.61355746058327,10.210645692148056,10.210645692148056
1,1901,23,15,14,1,0.17775282263755798,0.15190055966377258,gigapose_global_rank_0|R1+20|rgb_recovery|center_preserving_flip180,74.87290769933757,approved,epnp_raceline,rear,toward,-0.46380298669390774,71.322426269588,83.8859461532707,8.14833895615305,8.455553994584399
1,1902,23,5,5,1,0.22325687110424042,0.22325687110424042,gigapose_global_rank_0|R1+45|rgb_recovery|center_preserving_flip180,80.96724787216984,approved,epnp_raceline,rear,toward,-0.043926836223967564,71.46570832745287,108.63267936271085,4.828230482129164,4.828230482129164
1,1903,23,14,14,1,0.2917909324169159,0.2917909324169159,gigapose_global_rank_1|R1+20|rgb_recovery|center_preserving_flip180,95.14557240916001,approved,epnp_raceline,rear,toward,-0.48669469476076854,98.49646047824339,82.003391332264,6.808600451975942,6.808600451975942
1,1904,23,5,5,1,0.25700777769088745,0.25700777769088745,gigapose_global_rank_0|R1+45|rgb_recovery|center_preserving_flip180,99.34160229865721,approved,epnp_raceline,rear,toward,-0.0801968206142928,73.92389910069002,106.3111921504051,8.42057349558654,8.42057349558654
1,1905,23,5,4,1,0.23024913668632507,0.12407488375902176,gigapose_global_rank_0|R1+45|rgb_recovery|center_preserving_flip180,115.4377143045017,approved,epnp_raceline,rear,toward,-0.9398844310223085,18.847741503756563,40.70207897927989,4.53374698945508,2.73274391340368
1,1906,23,6,6,1,0.39652419090270996,0.39652419090270996,gigapose_global_rank_4|rgb_recovery|center_preserving_flip180,105.89909762577923,approved,epnp_raceline,rear,toward,-0.7746628458783962,120.9545419470828,59.7706007933858,8.3396524839531,8.3396524839531
1,1907,23,10,5,1,0.23329460620880127,0.11950025707483292,gigapose_global_rank_1|R1+45|rgb_recovery|center_preserving_flip180,115.49283926895089,approved,epnp_raceline,rear,toward,-0.9584085273579486,22.405033684325904,36.460714224362725,4.719104709881551,2.830466798638592
1,1908,23,4,4,1,0.2502424716949463,0.2502424716949463,gigapose_global_rank_3|rgb_recovery|center_preserving_flip180,116.58852066844695,approved,epnp_raceline,rear,toward,-0.764466052871973,120.42945519160438,60.12147655576581,9.101294647791313,9.101294647791313
1,1909,23,3,6,1,0.14613865315914154,0.044803742319345474,gigapose_global_rank_0|R1+45|rgb_recovery|center_preserving_flip180,122.90545419556913,approved,epnp_raceline,rear,toward,-0.9468376070686545,16.423018953436255,37.707269877913,4.33992767352216,1.7865710018022456
1,1910,23,7,10,1,0.21558788418769836,0.04759104922413826,gigapose_global_rank_0|R1+45|rgb_recovery|center_preserving_flip180,122.55626739885865,approved,epnp_raceline,rear,toward,-0.9540066543908764,13.889717895575636,36.78073027423241,5.763724933699358,2.396995779196718
1,1911,23,12,12,0,0.11467541009187698,0.11467541009187698,gigapose_global_rank_1|R1+20|rgb_recovery,121.21889708923209,approved,epnp_raceline,rear,toward,-0.9880821631342792,26.83628271307923,26.83628271307923,3.7036094182338326,3.7036094182338326
1,1912,23,2,3,0,0.1207636296749115,0.09972204267978668,gigapose_global_rank_0|R1+20|rgb_recovery,121.16984513507954,approved,epnp_raceline,rear,toward,-0.9847297608429972,11.255409214182073,28.10098584288582,3.1800413929746725,2.8368492644844645
1,1913,23,0,5,0,0.12244050949811935,0.10235899686813354,gigapose_global_rank_0|R1+20|rgb_recovery,123.76548815751849,approved,epnp_raceline,rear,toward,-0.9866427023641516,11.487530063896662,27.645206671523137,0.578028749032364,4.954576690920647
1,1914,23,0,4,0,0.14209777116775513,0.09858997911214828,gigapose_global_rank_0|R1+20|rgb_recovery,122.62031756758132,approved,epnp_raceline,rear,toward,-0.9903973819241331,10.371381163071545,25.165013373854137,4.031060418579267,2.1108005188676255
1,1915,23,2,9,1,0.17181551456451416,0.056145187467336655,gigapose_global_rank_0|R1+45|rgb_recovery|center_preserving_flip180,121.26831431466,approved,epnp_raceline,rear,toward,-0.9421649776745573,28.331073753082453,36.21269474383978,2.315265171268246,4.683652869236175
1,1916,23,13,13,1,0.27522456645965576,0.27522456645965576,gigapose_global_rank_0|R1+45|rgb_recovery|center_preserving_flip180,125.931280146277,approved,epnp_raceline,rear,toward,-0.5826297470187942,109.32780033939196,70.92331463605957,14.63345142840066,14.63345142840066
1,1917,23,0,13,1,0.15762722492218018,0.044510260224342346,gigapose_global_rank_1|R1+45|rgb_recovery|center_preserving_flip180,128.47890027232881,approved,epnp_raceline,rear,toward,-0.9456471980752483,9.138807258205574,34.793576287130755,13.63377279644212,4.664274922355887
1,1918,23,0,3,1,0.1689942628145218,0.05161433294415474,gigapose_global_rank_1|R1+45|rgb_recovery|center_preserving_flip180,131.831333763642,approved,epnp_raceline,rear,toward,-0.9511443869493854,8.823168334323187,33.418604290430885,12.335095908130121,5.045004846206989
1,1919,23,9,10,1,0.16664400696754456,0.03756885975599289,gigapose_global_rank_0|R1+45|rgb_recovery|center_preserving_flip180,135.83957460967463,approved,epnp_raceline,rear,toward,-0.9479755218676885,28.472006165345427,33.699358892126945,1.9718068303528913,4.966053636291615
1,1920,23,13,6,1,0.13623282313346863,0.01569947972893715,gigapose_global_rank_4|rgb_recovery|center_preserving_flip180,138.83788897454158,approved,epnp_raceline,rear,toward,-0.9918256043826763,14.750521879060818,23.055755079519955,0.19685674644457443,1.0060446177136906
1,1921,23,15,10,1,0.2633138597011566,0.06329658627510071,gigapose_global_rank_0|R1+45|rgb_recovery|center_preserving_flip180,134.18699923075775,approved,epnp_raceline,rear,toward,-0.9535518260776855,8.235622767529625,31.658694222230697,1.7388795804010426,2.3949985837516086
1,1922,23,7,3,0,0.10623711347579956,0.09720786660909653,gigapose_global_rank_1|R1+20|rgb_recovery,133.91382820662892,approved,epnp_raceline,rear,toward,-0.9937749820606018,7.859904906014629,21.029884626033898,3.8179801410546776,2.5532893324709707
1,1923,23,2,2,0,0.12776252627372742,0.12776252627372742,gigapose_global_rank_0|R1+20|rgb_recovery,132.3309439807035,approved,epnp_raceline,rear,toward,-0.9863886878602199,23.03844387870647,23.03844387870647,1.4149931241813791,1.4149931241813791
1,1924,23,0,7,0,0.13494032621383667,0.11833593249320984,gigapose_global_rank_0|R1+20|rgb_recovery,129.2854002807881,approved,epnp_raceline,rear,toward,-0.9768447440515148,7.8022545014204985,25.403198134081325,4.107349952677628,0.6241001858571917
1,1925,23,7,14,1,0.24401473999023438,0.11112692952156067,gigapose_global_rank_0|R1+45|rgb_recovery|center_preserving_flip180,128.66879644686279,approved,epnp_raceline,rear,toward,-0.8945451402346123,6.186513467743265,39.371989725737265,2.6284568665887464,4.927799179801177
1,1926,23,2,12,1,0.23686060309410095,0.0755833312869072,gigapose_global_rank_0|R1+45|rgb_recovery|center_preserving_flip180,132.366238602944,approved,epnp_raceline,rear,toward,-0.9444583306456777,28.36345539850589,31.38081657805752,10.488657757041212,0.42105661937794947
1,1927,23,4,4,0,0.2063298225402832,0.2063298225402832,gigapose_global_rank_0|R1+20|rgb_recovery,135.88896783967854,approved,epnp_raceline,rear,toward,-0.9716342019950237,26.464870261207277,26.464870261207277,0.6547451456308075,0.6547451456308075
1,1928,23,4,4,0,0.15928179025650024,0.15928179025650024,gigapose_global_rank_1|R1+20|rgb_recovery,135.42301705685486,rejected:center_error_px+bbox_iou,epnp_raceline,rear,toward,-0.9769759184316441,nan,nan,nan,nan
1,1929,23,4,3,0,0.19233281910419464,0.11138566583395004,gigapose_global_rank_1|flip180|rgb_recovery,141.38097894905377,approved,epnp_raceline,rear,toward,-0.989967909833989,30.005350751702522,19.78675059623324,12.446763852483299,1.7468605407226532
1,1930,23,3,3,0,0.20095717906951904,0.20095717906951904,gigapose_global_rank_2|align_detection|rgb_recovery,147.0381288268472,approved,epnp_raceline,rear,toward,-0.997505990123291,7.082425489828725,7.082425489828725,4.142970840602186,4.142970840602186
1,1931,23,9,11,1,0.22926725447177887,0.03548034280538559,gigapose_global_rank_1|R1+20|rgb_recovery|center_preserving_flip180,140.45872848114908,approved,epnp_raceline,rear,toward,-0.990658401804919,8.342078293318968,17.584960218262683,3.9345466720228393,1.3542422772736222
1,1932,23,4,7,1,0.14274147152900696,0.016912680119276047,gigapose_global_rank_4|rgb_recovery|center_preserving_flip180,132.07458750425545,approved,epnp_raceline,rear,toward,-0.9703550420377429,9.21216715699073,24.50656455036921,3.5991958404574556,0.5857904550158567
1,1933,23,2,13,1,0.26760098338127136,0.03580817952752113,gigapose_global_rank_1|R1+20|rgb_recovery|center_preserving_flip180,109.85560294694223,approved,epnp_raceline,rear,toward,-0.9897300074134207,7.648849992291545,16.41715872695647,4.267970788284721,0.6456314870907208
1,1934,23,10,5,1,0.14249451458454132,0.013788209296762943,gigapose_global_rank_4|rgb_recovery|center_preserving_flip180,101.21480695512817,approved,epnp_raceline,rear,toward,-0.9827087747446601,9.964689679995548,20.4646524827075,7.27949052492382,4.028638048944882
1,1935,23,7,5,1,0.21342095732688904,0.06021451577544212,gigapose_global_rank_0|R1+45|rgb_recovery|center_preserving_flip180,92.88352947277473,approved,epnp_raceline,rear,toward,-0.8947799999156973,10.888055801452197,35.9424532058839,2.9653138774983367,4.070889403705415
1,1936,23,4,4,0,0.2340053766965866,0.2340053766965866,gigapose_global_rank_1|R1+20|rgb_recovery,90.53140316443556,approved,epnp_raceline,rear,toward,-0.9486814848234263,28.773853215710393,28.773853215710393,1.3830277933364863,1.3830277933364863
1,1937,23,2,2,0,0.19926375150680542,0.19926375150680542,gigapose_global_rank_2|logz-0.35|rgb_recovery,95.2428647955941,approved,epnp_raceline,rear,toward,-0.9989942926194988,7.537563915554828,7.537563915554828,4.960001795215248,4.960001795215248
1,1938,23,3,3,0,0.21639344096183777,0.21639344096183777,gigapose_global_rank_1|R1+20|rgb_recovery,129.7420092888174,approved,epnp_raceline,rear,toward,-0.9418643198828284,29.325186435711615,29.325186435711615,2.4553684661948707,2.4553684661948707
1,1939,23,1,1,0,0.1581069380044937,0.1581069380044937,gigapose_global_rank_1|R1+20|rgb_recovery,129.16742124881992,approved,epnp_raceline,rear,toward,-0.9675473386530304,24.7438494360188,24.7438494360188,1.1057774870002088,1.1057774870002088
1,1940,23,6,12,1,0.27661314606666565,0.002294697565957904,gigapose_global_rank_2|align_detection|rgb_recovery|center_preserving_flip180,114.47362080567346,approved,epnp_raceline,rear,toward,-0.955448699811068,106.7307299975052,8.005376438774816,13.305857840905391,1.7633357367722695
1,1941,23,9,4,1,0.3063308894634247,0.08374208211898804,gigapose_global_rank_1|R1+45|rgb_recovery|center_preserving_flip180,102.84100277213889,approved,epnp_raceline,rear,toward,-0.9398969327349346,122.24481257101594,29.397864826605346,5.605111141737039,0.5366996464667273
1,1942,23,8,13,1,0.318208783864975,0.037519242614507675,gigapose_global_rank_0|R1+20|rgb_recovery|center_preserving_flip180,88.63359375396107,approved,epnp_raceline,rear,toward,-0.992981568896561,22.01261714022842,15.251707253995212,3.9900117367868657,6.0038033126145836
1,1943,23,2,2,1,0.18889740109443665,0.18889740109443665,gigapose_global_rank_3|rgb_recovery|center_preserving_flip180,87.52008038862039,approved,epnp_raceline,rear,toward,-0.6869566718528065,123.20759650017943,57.26690598664416,6.296735668133604,6.296735668133604
1,1944,23,7,4,1,0.2108183652162552,0.08131934702396393,gigapose_global_rank_0|rgb_recovery|center_preserving_flip180,78.85223036712188,approved,epnp_raceline,rear,toward,-0.6928005875339257,78.55797818098458,57.68039295898783,10.207715335163593,8.379287438677316
1,1945,23,0,12,1,0.1767813265323639,0.09214214980602264,gigapose_global_rank_0|yaw+30|rgb_recovery|center_preserving_flip180,85.54398010207863,approved,epnp_raceline,rear,toward,-0.5964369706192344,119.52903201176804,66.00137575105003,22.510237578168056,8.669287385314787
1,1946,23,0,14,1,0.23656390607357025,0.11906594038009644,gigapose_global_rank_0|logz-0.35|rgb_recovery|center_preserving_flip180,87.05571300849874,approved,epnp_raceline,rear,toward,-0.6299781147625643,118.10907538399984,64.6967873499584,22.84147346529672,4.089718334258569
1,1947,23,10,15,1,0.20764346420764923,0.06192228943109512,gigapose_global_rank_0|rgb_recovery|center_preserving_flip180,80.07041567156269,approved,epnp_raceline,rear,toward,-0.6138294408822645,60.514306859592196,64.97097261678846,9.176159960367702,9.478071944861169
1,1948,23,14,14,1,0.21730896830558777,0.21730896830558777,gigapose_global_rank_0|R1+20|rgb_recovery|center_preserving_flip180,60.702779668738344,approved,epnp_raceline,rear,toward,-0.3392398131620706,97.09091131995136,83.0973447599334,7.902161515015858,7.902161515015858
1,1949,23,6,6,1,0.2442016452550888,0.2442016452550888,gigapose_global_rank_1|logz-0.35|rgb_recovery|center_preserving_flip180,64.19779092148721,approved,epnp_raceline,rear,toward,-0.6212619067225967,114.78131377105379,65.79694301053578,5.9162657525018245,5.9162657525018245
1,1950,23,8,9,1,0.36744430661201477,0.10988977551460266,gigapose_global_rank_1|uv1-48|rgb_recovery|center_preserving_flip180,82.78747463099393,approved,epnp_raceline,rear,toward,-0.6431356135591489,71.19155166698025,64.34774604067526,7.378650361715297,6.941489626398894
1,1951,23,15,1,1,0.15097929537296295,0.08590458333492279,gigapose_global_rank_2|rgb_recovery|center_preserving_flip180,86.18063425709812,approved,epnp_raceline,rear,toward,-0.6409239389485678,71.43636227143278,65.90675999511528,7.568157808484044,6.561639053121847
1,1952,23,12,11,1,0.26562240719795227,0.12083945423364639,gigapose_global_rank_0|R0-20|rgb_recovery|center_preserving_flip180,101.83133622090304,approved,epnp_raceline,rear,toward,-0.5868606487112558,70.50640160189154,69.91565191235716,7.321385629348125,6.82929986436139
1,1953,23,0,5,1,0.2384309619665146,0.1554780900478363,gigapose_global_rank_0|R0-20|rgb_recovery|center_preserving_flip180,98.02488224407747,approved,epnp_raceline,rear,toward,-0.5847264083623914,110.69744046461298,71.20619603674672,22.369240831304978,6.1741872141224725
1,1954,23,0,9,1,0.13452857732772827,0.10857348144054413,gigapose_global_rank_0|R0-20|rgb_recovery|center_preserving_flip180,117.80814119999349,approved,epnp_raceline,rear,toward,-0.6049395325890854,111.84663934732508,70.1215411948254,21.652856663217545,7.740503363298299
1,1955,23,13,13,1,0.3681601285934448,0.3681601285934448,gigapose_global_rank_0|R1+45|rgb_recovery|center_preserving_flip180,102.72346152590302,approved,epnp_raceline,rear,toward,-0.03534242524954875,74.60737607449765,105.42403657042645,5.097175687173056,5.097175687173056
1,1956,23,7,6,1,0.1507156789302826,0.1412866711616516,gigapose_global_rank_1|rgb_recovery|center_preserving_flip180,93.68722039211501,approved,epnp_raceline,rear,toward,-0.634236066559039,106.83838564506178,69.92981791487782,6.763838133423374,3.2595873138596048
1,1957,23,8,5,1,0.30554673075675964,0.09523528814315796,gigapose_global_rank_1|logz+0.35|rgb_recovery|center_preserving_flip180,79.75197757610805,approved,epnp_raceline,rear,toward,-0.7744481447344995,77.12580824651658,58.194145601769286,2.737789783301731,5.680278523487406
1,1958,23,11,6,1,0.11445118486881256,0.0108664371073246,gigapose_global_rank_3|rgb_recovery|center_preserving_flip180,76.69608537435637,approved,epnp_raceline,rear,toward,-0.9174415947887747,111.41788038508805,3.90613142984721,2.9642021435140107,0.32721402311810643
1,1959,23,3,3,0,0.2761976718902588,0.2761976718902588,gigapose_global_rank_1|R1+45|rgb_recovery,65.14225909916559,approved,epnp_raceline,rear,toward,-0.08806603820243035,65.82106631974443,65.82106631974443,7.609888344004635,7.609888344004635
1,1960,23,5,5,0,0.2753143608570099,0.2753143608570099,gigapose_global_rank_0|R1+45|rgb_recovery,66.05718898301329,approved,epnp_raceline,rear,toward,-0.08862818017645749,65.29908755853634,65.29908755853634,9.172132136892595,9.172132136892595
1,1961,23,7,7,0,0.20831088721752167,0.20831088721752167,gigapose_global_rank_0|R1+45|rgb_recovery,64.51797153366006,approved,epnp_raceline,rear,toward,-0.06183087396604175,66.30277361286521,66.30277361286521,9.11048220278943,9.11048220278943
1,1962,23,0,4,0,0.14328156411647797,0.09102240949869156,gigapose_global_rank_1|R1-20|rgb_recovery,66.5672412196269,approved,epnp_raceline,rear,toward,-0.7289599461681544,108.26202858835897,23.076959389429568,18.602332517164193,3.1053098669738968
1,1963,23,9,7,0,0.1406078040599823,0.03938549757003784,gigapose_global_rank_0|yaw-30|rgb_recovery,56.00002973020041,approved,epnp_raceline,rear,toward,-0.8854332664330807,89.53251850784075,13.093251564031407,4.167709414129496,4.370374373910953
1,1964,23,12,1,0,0.1630052626132965,0.07238239049911499,gigapose_global_rank_3|rgb_recovery,43.10688204655279,approved,epnp_raceline,rear,toward,-0.9160500610579141,109.82008316278285,14.838323095466038,3.7584931637890397,1.0057712149571132
1,1965,23,10,10,0,0.30789467692375183,0.30789467692375183,gigapose_global_rank_1|R1+45|rgb_recovery,30.75021698572436,approved,epnp_raceline,rear,toward,-0.08994709297116794,63.694873346810546,63.694873346810546,10.05730804007899,10.05730804007899
1,1966,23,12,12,0,0.29900482296943665,0.29900482296943665,gigapose_global_rank_1|R1+45|rgb_recovery,43.81823099787616,approved,epnp_raceline,rear,toward,-0.06604080296314795,63.932324913422505,63.932324913422505,6.684916213509651,6.684916213509651
1,1967,23,13,13,0,0.17914636433124542,0.17914636433124542,gigapose_global_rank_1|R1+45|rgb_recovery,55.170742213071904,approved,epnp_raceline,rear,toward,-0.10255297578987962,62.833435166498646,62.833435166498646,9.119130804690005,9.119130804690005
1,1968,23,8,8,0,0.193003311753273,0.193003311753273,gigapose_global_rank_0|R1+45|rgb_recovery,90.52749109429763,approved,epnp_raceline,rear,toward,-0.11280590528230121,61.99880980604596,61.99880980604596,7.207240696755701,7.207240696755701
1,1969,23,12,12,0,0.35527172684669495,0.35527172684669495,gigapose_global_rank_1|R1+45|rgb_recovery,109.33844773593805,approved,epnp_raceline,rear,toward,-0.0689206996827986,64.69058560511094,64.69058560511094,6.882402500941284,6.882402500941284
1,1970,23,5,2,1,0.15927815437316895,0.008184628561139107,gigapose_global_rank_2|align_detection|rgb_recovery|center_preserving_flip180,119.46370705417962,approved,epnp_raceline,rear,toward,-0.8548534383641315,88.47691534036235,9.335252190355066,7.554677305323299,1.0180005561453132
1,1971,23,0,9,1,0.20316235721111298,0.05445469543337822,gigapose_global_rank_2|flip180|rgb_recovery|center_preserving_flip180,98.64691529715832,approved,epnp_raceline,rear,toward,-0.9067924130079953,106.8523058891796,4.689076776088645,24.64844962819263,0.6289080691483343
1,1972,23,9,2,1,0.12277087569236755,0.04285672679543495,gigapose_global_rank_0|logz+0.35|rgb_recovery|center_preserving_flip180,120.96992371014467,approved,epnp_raceline,rear,toward,-0.9425630404275722,107.00753730855635,42.848853557292735,5.265057635984226,3.983356552584012
1,1973,23,8,1,0,0.1176154688000679,0.058074261993169785,gigapose_global_rank_0|rgb_recovery,95.0192819305066,approved,epnp_raceline,rear,toward,-0.9082732572364839,108.98847459851169,5.629578918289171,5.685853168203337,1.1822771765060596
1,1974,23,9,9,0,0.20688892900943756,0.20688892900943756,gigapose_global_rank_0|R1+45|rgb_recovery,99.63854757435958,approved,epnp_raceline,rear,toward,-0.09399903500950486,62.65103892633896,62.65103892633896,8.242463441136092,8.242463441136092
1,1975,23,15,15,0,0.16764429211616516,0.16764429211616516,gigapose_global_rank_1|R1-45|rgb_recovery,98.79214455342675,approved,epnp_raceline,rear,toward,-0.3517411901590236,47.446022079010206,47.446022079010206,3.0174070288796937,3.0174070288796937
1,1976,23,3,12,0,0.16876836121082306,0.13319842517375946,gigapose_global_rank_2|logz-0.35|rgb_recovery,96.13497427514085,approved,epnp_raceline,rear,toward,-0.9233003005423612,74.53272086746377,9.677415946425697,13.320079105771343,1.6476285789149634
1,1977,23,14,1,0,0.1353141963481903,0.11248838156461716,gigapose_global_rank_1|R1-45|rgb_recovery,81.33872546507975,approved,epnp_raceline,rear,toward,-0.2681322792184526,86.97714946390374,53.54294989456991,6.331245947034719,6.171463875997057
1,1978,23,7,5,0,0.17442013323307037,0.13767105340957642,gigapose_global_rank_0|R0+45|rgb_recovery,66.01398051226502,approved,epnp_raceline,rear,toward,-0.7946233496615104,103.85484473437178,43.31367236056665,9.418151058952777,7.716996055593859
1,1979,23,6,10,0,0.11630471795797348,0.10419853776693344,gigapose_global_rank_1|R1-45|rgb_recovery,54.646281477519544,approved,epnp_raceline,rear,toward,-0.3375631601322171,87.3421290561947,47.43887574544431,6.282933932414317,8.88818004856469
1,1980,23,5,5,0,0.15977580845355988,0.15977580845355988,gigapose_global_rank_0|R1+45|rgb_recovery,58.57093936081457,approved,epnp_raceline,rear,toward,-0.098662299803245,63.880382447121555,63.880382447121555,9.834199092960427,9.834199092960427
1,1981,23,0,10,0,0.12218140810728073,0.04263598471879959,gigapose_global_rank_2|rgb_recovery,75.21705957427871,approved,epnp_raceline,rear,toward,-0.8974182256614495,107.31087712365203,9.961096021371874,31.619275942127505,0.39202146540491445
1,1982,23,0,13,0,0.1176508367061615,0.06431744247674942,gigapose_global_rank_1|R1-20|rgb_recovery,69.54116823468574,approved,epnp_raceline,rear,toward,-0.6891782856696469,105.60547653811952,27.616156096105488,25.672402422185485,2.4339981756449465
1,1983,23,13,8,0,0.12046513706445694,0.05248658359050751,gigapose_global_rank_1|R1-20|rgb_recovery,72.01112356319382,approved,epnp_raceline,rear,toward,-0.6865507565695804,92.25811761445665,27.62351286725269,1.857076214860856,3.169874533211368
1,1984,23,6,2,1,0.15359731018543243,0.005528881214559078,gigapose_global_rank_2|align_detection|rgb_recovery|center_preserving_flip180,82.70291461294795,approved,epnp_raceline,rear,toward,-0.6534522318752476,97.7490225842905,26.741115408719494,2.5978731243066258,7.387388979276128
1,1985,23,13,11,1,0.18327374756336212,0.04081415757536888,gigapose_global_rank_0|flip180|rgb_recovery|center_preserving_flip180,79.2302585541223,approved,epnp_raceline,rear,toward,-0.9182847331185513,87.27961710989082,6.110140957911944,5.23948570188229,3.0153754251761353
1,1986,23,14,2,1,0.1272992193698883,0.006358542013913393,gigapose_global_rank_3|rgb_recovery|center_preserving_flip180,75.7149274022884,approved,epnp_raceline,rear,toward,-0.9257206630480342,87.59504408759166,2.9394678670363774,6.929970203937992,1.2898012423431449
1,1987,23,5,15,0,0.18722093105316162,0.14327837526798248,gigapose_global_rank_1|R1-20|rgb_recovery,74.06854868055031,approved,epnp_raceline,rear,toward,-0.6877705666541675,105.20186964011371,28.2611875152697,4.4454956635648015,1.6735852134116764
1,1988,23,6,11,0,0.10484403371810913,0.05073031038045883,gigapose_global_rank_0|align_detection|rgb_recovery,75.80942479186864,approved,epnp_raceline,rear,toward,-0.890531937115268,108.91850256981262,12.834483695946284,6.681476598077764,0.2786634303954973
1,1989,23,11,12,0,0.1569974571466446,0.045353278517723083,gigapose_global_rank_0|R1-20|rgb_recovery,77.37893802500773,approved,epnp_raceline,rear,toward,-0.7045753816196052,85.841148362612,23.55837312806124,4.350716797951504,3.622998191120833
1,1990,23,5,9,0,0.19409964978694916,0.013006470166146755,gigapose_global_rank_1|flip180|rgb_recovery,79.31107900908012,approved,epnp_raceline,rear,toward,-0.9123427260796392,89.76084297777356,8.92211950132408,8.189943415901576,1.9620417579580685
1,1991,23,14,9,0,0.10784018039703369,0.01447649672627449,gigapose_global_rank_2|flip180|rgb_recovery,82.35189994676398,approved,epnp_raceline,rear,toward,-0.916683994301365,105.52571617026679,5.547122819265751,7.393338454876251,0.6247789494967729
1,1992,23,15,6,0,0.15862450003623962,0.054696112871170044,gigapose_global_rank_1|yaw-30|rgb_recovery,85.99103563371901,approved,epnp_raceline,rear,toward,-0.898484072622979,63.8113422301676,13.27458120549142,7.007748769976337,1.7307310342038822
1,1993,23,6,7,0,0.1668003648519516,0.03790075704455376,gigapose_global_rank_3|rgb_recovery,88.50600141508153,approved,epnp_raceline,rear,toward,-0.9064008770391541,87.36231966935551,9.173004469174657,4.580023059825124,3.079700449592568
1,1994,23,10,9,0,0.15422435104846954,0.03214629739522934,gigapose_global_rank_3|rgb_recovery,72.86387732791623,approved,epnp_raceline,rear,toward,-0.9164818097770864,63.642791531376204,5.3914508176435305,8.853113453562496,0.7228278976334518
1,1995,23,9,5,0,0.20733080804347992,0.07175876200199127,gigapose_global_rank_4|rgb_recovery,66.91167075988874,approved,epnp_raceline,rear,toward,-0.9215027127489777,108.10160196963126,6.330535019954337,1.7452561464986123,0.9820038518974425
1,1996,23,5,1,1,0.1420792043209076,0.009003391489386559,gigapose_global_rank_4|rgb_recovery|center_preserving_flip180,73.57409974873107,approved,epnp_raceline,rear,toward,-0.9191344089612873,90.69233870956909,4.137457537152747,4.648543819571323,0.8380855112597538
1,1997,23,0,2,1,0.13251109421253204,0.014459449797868729,gigapose_global_rank_2|rgb_recovery|center_preserving_flip180,77.78752310319379,approved,epnp_raceline,rear,toward,-0.9301478330180506,107.01441081830446,2.177791850244115,23.794460807757694,2.0744846455159176
1,1998,23,3,11,1,0.14594559371471405,0.08350098133087158,gigapose_global_rank_2|flip180|rgb_recovery|center_preserving_flip180,63.11935443814433,approved,epnp_raceline,rear,toward,-0.9118066199187012,32.271520016246455,4.064540977142776,1.752440904217395,5.977679075000028
1,1999,23,10,3,1,0.18941369652748108,0.03335840627551079,gigapose_global_rank_1|flip180|rgb_recovery|center_preserving_flip180,77.29187632271586,approved,epnp_raceline,rear,toward,-0.8871270392390206,65.47842676466382,7.800564913944107,4.586222086363289,1.552712206672275
1,2000,23,13,5,1,0.13878974318504333,0.007390628103166819,gigapose_global_rank_2|align_detection|rgb_recovery|center_preserving_flip180,80.73293668417472,approved,epnp_raceline,rear,toward,-0.8962478436456105,93.9875664687504,6.923914648692117,7.470256694617901,0.201777458652392
1,2001,23,15,3,1,0.2635660767555237,0.025829706341028214,gigapose_global_rank_1|R1-45|rgb_recovery|center_preserving_flip180,83.39777107948758,approved,epnp_raceline,rear,toward,-0.9881484266318495,107.04673251412325,14.709620893423185,6.024214603739885,6.0656229809990965
1,2002,23,2,4,0,0.12817007303237915,0.06050978973507881,gigapose_global_rank_0|align_detection|rgb_recovery,98.67803160418858,approved,epnp_raceline,rear,toward,-0.8965101240185502,106.72134212950783,12.75249102550045,3.1421988565275822,1.309576676946775
1,2003,23,0,13,0,0.19410718977451324,0.09667983651161194,gigapose_global_rank_0|uv1-48|rgb_recovery,121.71451032792481,approved,epnp_raceline,rear,toward,-0.8647500233651072,17.6271398738384,14.117883008872552,18.00046288461009,0.6704199703014214
1,2004,23,12,2,1,0.1495511829853058,0.00763045996427536,gigapose_global_rank_2|align_detection|rgb_recovery|center_preserving_flip180,121.84222595741652,approved,epnp_raceline,rear,toward,-0.8744675094466077,99.27356284670192,9.94240473726346,4.743264340780042,1.468027277920313
1,2005,23,0,7,0,0.11486607789993286,0.10106004774570465,gigapose_global_rank_2|logz-0.35|rgb_recovery,116.43574743073873,approved,epnp_raceline,rear,toward,-0.8512341476620807,121.07309726922229,14.972652738509675,17.122564106780345,0.33847190750908973
1,2006,23,5,1,0,0.10211937129497528,0.02144424244761467,gigapose_global_rank_0|flip180|rgb_recovery,126.32158927382062,approved,epnp_raceline,rear,toward,-0.8463876306497297,109.12253542444361,54.86131697989261,6.581548913127648,3.5878466138507377
1,2007,23,10,11,0,0.25440385937690735,0.03900353983044624,gigapose_global_rank_3|rgb_recovery,103.76386632422447,approved,epnp_raceline,rear,toward,-0.8459109188910906,69.9386094378251,10.734515714114831,11.683548856529628,1.9495404540484595
1,2008,23,15,7,0,0.14630945026874542,0.02642320655286312,gigapose_global_rank_2|rgb_recovery,89.76214152916988,approved,epnp_raceline,rear,toward,-0.8267813320701184,73.40763930990794,19.80772009958497,15.16396515167681,1.9647278649394317
1,2009,23,0,8,0,0.18663634359836578,0.019853530451655388,gigapose_global_rank_1|flip180|rgb_recovery,106.86950707966922,rejected:center_error_px+bbox_iou,epnp_raceline,rear,toward,-0.8194243547410193,nan,nan,nan,nan
1,2010,23,10,8,0,0.34255149960517883,0.048626627773046494,gigapose_global_rank_3|rgb_recovery,102.8934361983345,approved,epnp_raceline,rear,toward,-0.8201543126144301,95.69703864330995,19.455441558433538,11.670480788327485,2.2512614544013285
1,2011,23,14,1,0,0.17564792931079865,0.046131860464811325,gigapose_global_rank_0|yaw-30|rgb_recovery,70.56461401327164,approved,epnp_raceline,rear,toward,-0.8244233164221326,102.5180534235532,21.585046859123853,6.987058509500825,4.360886713496978
1,2012,23,12,1,0,0.24126778542995453,0.008385158143937588,gigapose_global_rank_1|flip180|rgb_recovery,76.63707949632777,approved,epnp_raceline,rear,toward,-0.6838478395368206,71.85097692804223,31.75695198559865,11.504572815739213,7.280386129084224
1,2013,23,15,11,0,0.24274514615535736,0.11138519644737244,gigapose_global_rank_1|R1+20|rgb_recovery,97.0288698685313,approved,epnp_raceline,rear,toward,-0.9655641986218575,51.11886741013781,7.767984726461134,5.267763478185059,1.971751301908673
1,2014,23,15,4,0,0.15335293114185333,0.025207674130797386,gigapose_global_rank_0|uv1-48|rgb_recovery,92.48141708233824,approved,epnp_raceline,rear,toward,-0.7855343719645724,61.129033085562156,20.554686172790944,12.707298787710076,7.579003682158815
1,2015,23,10,2,0,0.20812615752220154,0.05787740647792816,gigapose_global_rank_0|yaw+30|rgb_recovery,79.83186077630249,approved,epnp_raceline,rear,toward,-0.9027600220387572,55.791090508524306,4.162822939981788,10.212992029073298,2.9586771308720707
1,2016,23,8,4,0,0.24404364824295044,0.09198412299156189,gigapose_global_rank_1|R1+45|rgb_recovery,98.24815242307443,approved,epnp_raceline,rear,toward,-0.968670073562646,47.96406134930891,34.379432105284224,5.114572472715066,2.1877736568297963
1,2017,23,14,8,1,0.22059568762779236,0.14006057381629944,gigapose_global_rank_4|rgb_recovery|center_preserving_flip180,89.02960063760777,approved,epnp_raceline,rear,toward,-0.7474164588346892,20.064354241453643,63.19009494646921,3.9604179365592427,4.677431440396355
1,2018,23,2,4,0,0.2046632468700409,0.15562738478183746,gigapose_global_rank_1|R1+45|rgb_recovery,85.5359397992574,approved,epnp_raceline,rear,toward,-0.9533980960348271,17.079646928974423,38.026669997588726,7.568721647326752,3.5532273226725994
1,2019,23,3,3,0,0.12048014253377914,0.12048014253377914,gigapose_global_rank_1|R1+20|rgb_recovery,79.1661211606455,approved,epnp_raceline,rear,toward,-0.9865710366616788,29.103702326293178,29.103702326293178,2.1428776202875333,2.1428776202875333
1,2020,23,1,2,1,0.1816072165966034,0.07981604337692261,gigapose_global_rank_2|rgb_recovery|center_preserving_flip180,108.10139521636346,approved,epnp_raceline,rear,toward,-0.7745315260200144,13.269117164913462,59.11740866150652,2.602303564276981,9.822026048566336
1,2021,23,7,7,1,0.251625657081604,0.251625657081604,gigapose_global_rank_2|rgb_recovery|center_preserving_flip180,90.37728782158695,approved,epnp_raceline,rear,toward,-0.7884227979789987,123.17570554841568,58.84565686026065,6.8554976682395745,6.8554976682395745
1,2022,23,2,10,1,0.1605774164199829,0.06652067601680756,gigapose_global_rank_2|rgb_recovery|center_preserving_flip180,100.03972094226995,approved,epnp_raceline,rear,toward,-0.7967366044768278,15.612911163110878,55.97500420463812,2.1512006378762294,10.264659473271095
1,2023,23,9,12,1,0.2645806074142456,0.21167859435081482,gigapose_global_rank_3|rgb_recovery|center_preserving_flip180,111.6310156303487,approved,epnp_raceline,rear,toward,-0.8006570373984665,28.124443514564682,56.323666392461305,11.568971590930234,9.803107067177857
1,2024,23,14,2,1,0.2820020616054535,0.0825495719909668,gigapose_global_rank_1|R1+45|rgb_recovery|center_preserving_flip180,117.32948188241166,approved,epnp_raceline,rear,toward,-0.987283886992509,25.528042965621747,26.95100127895129,8.490801326437577,0.4930364655265041
1,2025,23,12,3,0,0.1461874097585678,0.14296337962150574,gigapose_global_rank_1|R1+20|rgb_recovery,90.81133720751643,approved,epnp_raceline,rear,toward,-0.9872776370454109,11.575635929242805,26.13095703153828,3.7904486378010276,0.4932189170193373
1,2026,23,7,11,1,0.2842201292514801,0.05953189730644226,gigapose_global_rank_1|R1+45|rgb_recovery|center_preserving_flip180,108.99041512325519,approved,epnp_raceline,rear,toward,-0.9584608447211873,11.26589301747252,32.451901510910886,3.8271500724183882,0.6650356319723063
1,2027,23,0,1,0,0.1114886999130249,0.09169131517410278,gigapose_global_rank_0|R1+20|rgb_recovery,107.53236741940563,approved,epnp_raceline,rear,toward,-0.9861406143360808,8.765283454669564,25.48226627411146,6.006106950409996,0.8627570063186552
1,2028,23,5,14,1,0.2339654117822647,0.1390097588300705,gigapose_global_rank_0|R1+45|rgb_recovery|center_preserving_flip180,108.15628951477835,approved,epnp_raceline,rear,toward,-0.899871853141374,35.34198203534513,40.74907338380088,9.186231688932251,0.7689645016697312
1,2029,23,0,5,0,0.11293554306030273,0.10324154794216156,gigapose_global_rank_0|R1+20|rgb_recovery,113.54589592436268,approved,epnp_raceline,rear,toward,-0.9877367868297086,7.290892876828747,23.596477098816912,5.640237468098576,0.9744459894428935
1,2030,23,0,1,0,0.12748487293720245,0.09998464584350586,gigapose_global_rank_0|R1+20|rgb_recovery,137.47344497173003,approved,epnp_raceline,rear,toward,-0.9878799981133355,6.686432067316295,22.664941545179992,6.626853122159881,1.1741635878048438
1,2031,23,2,2,0,0.11251059174537659,0.11251059174537659,gigapose_global_rank_1|R1+20|rgb_recovery,146.24921866189098,approved,epnp_raceline,rear,toward,-0.9944503902643177,19.466870451030193,19.466870451030193,3.2555327921925556,3.2555327921925556
1,2032,23,10,7,1,0.274201899766922,0.08160728216171265,gigapose_global_rank_1|R1+45|rgb_recovery|center_preserving_flip180,145.09279619305335,approved,epnp_raceline,rear,toward,-0.9767441444068449,12.63390707514059,24.538895627921647,1.457619777819866,1.6516856878633057
1,2033,23,0,5,1,0.13263896107673645,0.032500747591257095,gigapose_global_rank_0|flip180|rgb_recovery|center_preserving_flip180,145.2054213772567,approved,epnp_raceline,rear,toward,-0.9848467180218052,5.5186410162320465,4.1545388064503435,4.397795200349855,2.490459056966294
1,2034,23,6,6,1,0.17463253438472748,0.17463253438472748,gigapose_global_rank_1|R1+45|rgb_recovery|center_preserving_flip180,137.55231799343187,approved,epnp_raceline,rear,toward,-0.9621487094897595,153.900350982137,27.25963363046621,0.9489949557077021,0.9489949557077021
1,2035,23,15,3,0,0.13633213937282562,0.11741349846124649,gigapose_global_rank_1|R1+20|rgb_recovery,113.3000894987009,approved,epnp_raceline,rear,toward,-0.9916642785522835,16.15798096490502,19.054599720397214,0.7745858591588783,1.8390010406092068
1,2036,23,6,4,1,0.31006038188934326,0.07146020978689194,gigapose_global_rank_0|R1+45|rgb_recovery|center_preserving_flip180,111.27096884456272,approved,epnp_raceline,rear,toward,-0.9593434721654013,30.443074592112072,26.57549482255302,8.137688496799786,1.066144325929862
1,2037,23,6,3,0,0.12433771044015884,0.097862109541893,gigapose_global_rank_1|R1+20|rgb_recovery,110.37913016960961,approved,epnp_raceline,rear,toward,-0.9941505822243574,18.407839547913795,15.754996734175423,0.912109872144792,2.8024802359525647
1,2038,23,5,2,0,0.12655527889728546,0.11092093586921692,gigapose_global_rank_1|R1+20|rgb_recovery,109.43798652094102,approved,epnp_raceline,rear,toward,-0.9917705753170912,6.084870096421175,17.727538008971425,1.1758325084642154,0.8829216331415356
1,2039,23,15,11,0,0.1554579734802246,0.06315699964761734,gigapose_global_rank_0|R1+20|rgb_recovery,115.75903907593248,approved,epnp_raceline,rear,toward,-0.99630229888045,116.04586040848174,14.789874474252938,11.685768920806302,1.5331194880402403
1,2040,23,15,6,1,0.2570211887359619,0.0866805836558342,gigapose_global_rank_1|R1+45|rgb_recovery|center_preserving_flip180,140.26727820228854,approved,epnp_raceline,rear,toward,-0.9619265804358844,32.513262031858396,25.895762636028717,13.259583841250953,3.1743853414134846
1,2041,23,10,10,1,0.22634777426719666,0.22634777426719666,gigapose_global_rank_0|R1+20|rgb_recovery|center_preserving_flip180,135.9926304500802,approved,epnp_raceline,rear,toward,-0.584947638508883,116.1020047533131,64.50388202019185,13.815359540014109,13.815359540014109
1,2042,23,11,5,1,0.11555198580026627,0.10649620741605759,gigapose_global_rank_1|R1+45|rgb_recovery|center_preserving_flip180,137.59323798549144,approved,epnp_raceline,rear,toward,-0.9692592381447711,12.2319342224064,24.446721410240993,3.4586845512922024,0.6266550838795985
1,2043,23,3,3,0,0.12436439096927643,0.12436439096927643,gigapose_global_rank_1|R1+20|rgb_recovery,133.07920219666622,approved,epnp_raceline,rear,toward,-0.9916100986124596,17.022641514619252,17.022641514619252,1.703872946852832,1.703872946852832
1,2044,23,2,1,0,0.15986116230487823,0.14267364144325256,gigapose_global_rank_1|R1+20|rgb_recovery,129.75754370137798,approved,epnp_raceline,rear,toward,-0.9905573776463213,13.960062068400271,17.97680782323795,0.229254533097738,0.44194450597754165
1,2045,23,0,3,0,0.13002172112464905,0.08305498957633972,gigapose_global_rank_0|R1+20|rgb_recovery,132.9756574834146,approved,epnp_raceline,rear,toward,-0.9852895785758884,4.7883006102191334,19.83311993572306,2.547970429298114,0.8810925479367082
1,2046,23,10,15,0,0.1249152421951294,0.11693216115236282,gigapose_global_rank_1|R1+20|rgb_recovery,136.14580380618884,approved,epnp_raceline,rear,toward,-0.9835520192062783,3.7067595071865456,20.123082365560006,4.3334957785870305,1.5407961743207896
1,2047,23,2,13,1,0.24485519528388977,0.07932406663894653,gigapose_global_rank_1|R1+45|rgb_recovery|center_preserving_flip180,133.4944944193017,approved,epnp_raceline,rear,toward,-0.9451201549571719,1.4306743586903121,28.792641800984097,2.113992909054116,0.6200086074275235
1,2048,23,2,9,1,0.2785109579563141,0.09158212691545486,gigapose_global_rank_0|R1+45|rgb_recovery|center_preserving_flip180,136.63096469078005,approved,epnp_raceline,rear,toward,-0.9497685224747192,31.449299083397953,28.07967825095584,11.328242811606403,0.6692860293169697
1,2049,23,10,1,1,0.2165423482656479,0.04853189364075661,gigapose_global_rank_4|rgb_recovery|center_preserving_flip180,129.90202083204517,approved,epnp_raceline,rear,toward,-0.9942953565130019,2.2410373703039506,15.953363166860582,4.333158579524654,1.7070340161366777
1,2050,23,9,13,1,0.22978106141090393,0.04431268200278282,gigapose_global_rank_1|R1+45|rgb_recovery|center_preserving_flip180,105.42385798912174,approved,epnp_raceline,rear,toward,-0.9466169184846683,4.403835719067518,28.21521205059951,2.686733909953462,1.1513962784677263
1,2051,23,4,7,1,0.2912265658378601,0.08450645208358765,gigapose_global_rank_1|R1+45|rgb_recovery|center_preserving_flip180,100.49142353457876,approved,epnp_raceline,rear,toward,-0.9103991550849145,34.62636761697591,33.809532558640065,9.51762956950237,4.452858030309015
1,2052,23,11,5,1,0.13553617894649506,0.016820980235934258,gigapose_global_rank_3|rgb_recovery|center_preserving_flip180,98.79196102381808,approved,epnp_raceline,rear,toward,-0.9772691163874259,5.065291164725232,21.823571031880668,4.044578872547542,0.2887077076917941
1,2053,23,14,7,1,0.2119186520576477,0.13928204774856567,gigapose_global_rank_3|rgb_recovery|center_preserving_flip180,100.81549448014808,approved,epnp_raceline,rear,toward,-0.7510445818581508,29.85496539554247,51.74565240939238,9.628248860195331,11.861947143271557
1,2054,23,3,10,1,0.1626855581998825,0.027775565162301064,gigapose_global_rank_0|R1+45|rgb_recovery|center_preserving_flip180,101.92925962045122,approved,epnp_raceline,rear,toward,-0.9342712142226889,21.6692829772467,29.689619593637076,1.0944250513039329,0.7521715433317991
1,2055,23,9,13,1,0.2245156317949295,0.05837448313832283,gigapose_global_rank_1|R1+45|rgb_recovery|center_preserving_flip180,121.0993846954003,approved,epnp_raceline,rear,toward,-0.9209520134068578,5.893553100594318,31.569413342313066,3.4203647427363206,1.1993141339951157
1,2056,23,13,7,1,0.1280657947063446,0.11660776287317276,gigapose_global_rank_0|R1+45|rgb_recovery|center_preserving_flip180,118.31321224705925,approved,epnp_raceline,rear,toward,-0.9388748490334278,8.623705586038481,28.321819542353047,0.32172592426621177,0.48940462764874954
1,2057,23,14,12,1,0.3871624171733856,0.04888753592967987,gigapose_global_rank_1|R1+20|rgb_recovery|center_preserving_flip180,113.21654142002053,approved,epnp_raceline,rear,toward,-0.9980841299945885,28.492429387442982,12.503826920680217,2.19817773063283,3.5180610490300697
1,2058,23,11,9,1,0.12145110219717026,0.11618811637163162,gigapose_global_rank_1|R0+20|rgb_recovery|center_preserving_flip180,99.01972275858772,approved,epnp_raceline,rear,toward,-0.7679056198171583,31.14038128562199,48.76106913812201,2.1637551567817086,5.393052092697211
1,2059,23,4,7,1,0.23172499239444733,0.037147436290979385,gigapose_global_rank_0|R1+45|rgb_recovery|center_preserving_flip180,104.39276277929778,approved,epnp_raceline,rear,toward,-0.9305485923923966,10.821646364488299,29.178065813303633,4.666981142891123,0.5911301791927874
1,2060,23,7,11,1,0.26053404808044434,0.07578159868717194,gigapose_global_rank_2|align_detection|rgb_recovery|center_preserving_flip180,99.02720658791208,approved,epnp_raceline,rear,toward,-0.6948506818752976,70.59960284483493,54.14721614303368,9.780039427787262,8.992082389818682
1,2061,23,3,7,1,0.20158085227012634,0.04640583693981171,gigapose_global_rank_4|rgb_recovery|center_preserving_flip180,106.99845710825683,approved,epnp_raceline,rear,toward,-0.7294099837076091,71.0246333659096,52.717037407362604,8.513077295666875,4.197692062217614
1,2062,23,2,5,1,0.13836613297462463,0.050947513431310654,gigapose_global_rank_4|rgb_recovery|center_preserving_flip180,91.73530978157373,approved,epnp_raceline,rear,toward,-0.7389079094614529,8.641874165612075,53.8644385405413,6.399444809742683,7.820397655433305
1,2063,23,3,12,1,0.21577662229537964,0.036532897502183914,gigapose_global_rank_0|R1+45|rgb_recovery|center_preserving_flip180,98.47974019885011,approved,epnp_raceline,rear,toward,-0.9142897426678348,31.20896807963897,31.838021306710154,5.266536313136799,0.7184491258763579
1,2064,23,6,2,1,0.22153209149837494,0.04021173715591431,gigapose_global_rank_3|rgb_recovery|center_preserving_flip180,88.57849015854782,approved,epnp_raceline,rear,toward,-0.7572214306485876,69.67539132832371,52.04360926593093,6.649995855977814,7.683690571899289
1,2065,23,9,4,1,0.1849014163017273,0.0344652496278286,gigapose_global_rank_0|R1+20|rgb_recovery|center_preserving_flip180,78.83158259212107,approved,epnp_raceline,rear,toward,-0.9824632877319353,117.24383314628406,1.9166486979631179,5.769660856921214,6.495219028959971
1,2066,23,4,7,1,0.13693393766880035,0.06323284655809402,gigapose_global_rank_0|R1+20|rgb_recovery|center_preserving_flip180,77.08148670999901,approved,epnp_raceline,rear,toward,-0.9948962110248223,118.8117346413181,12.028926176463234,0.8312664436911459,6.666925920651963
1,2067,23,2,3,1,0.15857703983783722,0.11082490533590317,gigapose_global_rank_1|R1+45|rgb_recovery|center_preserving_flip180,90.32629186220561,approved,epnp_raceline,rear,toward,-0.9602244946631839,160.78005205436577,25.639584600848146,3.763206929918623,4.425560281150777
1,2068,23,12,12,1,0.243704691529274,0.243704691529274,gigapose_global_rank_3|rgb_recovery|center_preserving_flip180,75.24677084660979,approved,epnp_raceline,rear,toward,-0.6660204045953351,122.45680943466458,58.151524956623156,1.0655920511866945,1.0655920511866945
1,2069,23,3,5,0,0.11220529675483704,0.08547069877386093,gigapose_global_rank_1|yaw+30|rgb_recovery,64.25487357242915,approved,epnp_raceline,rear,toward,-0.9892680059290502,22.52990911878849,6.894774961395173,6.965331487039149,9.13612939019754
1,2070,23,12,13,1,0.2399446815252304,0.12801136076450348,gigapose_global_rank_4|rgb_recovery|center_preserving_flip180,57.49144972381686,approved,epnp_raceline,rear,toward,-0.7157260848619607,48.39958469463363,55.988007519994454,4.589369765836093,4.506171719784964
1,2071,23,6,6,1,0.3218407928943634,0.3218407928943634,gigapose_global_rank_2|align_detection|rgb_recovery|center_preserving_flip180,47.172511217357446,approved,epnp_raceline,rear,toward,-0.683755313209378,122.10450544585261,60.18258709897845,4.512343225839819,4.512343225839819
1,2072,23,6,12,0,0.24486549198627472,0.06684441864490509,gigapose_global_rank_1|R1+45|rgb_recovery,33.348314045766166,approved,epnp_raceline,rear,toward,-0.9495335147298555,62.88518403017982,30.215084079205084,10.474459266683404,0.7057556682275834
1,2073,23,8,6,0,0.1922038495540619,0.06646868586540222,gigapose_global_rank_0|yaw+30|rgb_recovery,40.91804885455289,approved,epnp_raceline,rear,toward,-0.9120899214958411,61.98183230334613,12.234477402406863,8.978660927891111,0.5473345126682206
1,2074,23,1,4,0,0.1187695562839508,0.053865473717451096,gigapose_global_rank_0|yaw-30|rgb_recovery,48.87861756639766,approved,epnp_raceline,rear,toward,-0.8810321885235052,123.409873612496,21.01586552816602,7.711157776480971,2.2957935856634544
1,2075,23,7,6,0,0.1748952865600586,0.029730232432484627,gigapose_global_rank_2|rgb_recovery,64.42983419044745,approved,epnp_raceline,rear,toward,-0.8607897760348044,100.68381351428536,20.176867399740818,7.9488991211588464,3.248638981218619
1,2076,23,10,0,0,0.19139696657657623,0.08149988949298859,gigapose_rank0_baseline|rgb_recovery,50.206850301342996,approved,epnp_raceline,rear,toward,-0.8745975821306694,61.92366705289125,20.042989929386053,7.218029784344346,11.754209371050614
1,2077,23,10,15,0,0.17781145870685577,0.01203127857297659,gigapose_global_rank_1|flip180|rgb_recovery,48.24836813862551,approved,epnp_raceline,rear,toward,-0.9042042030476963,101.23169021765527,11.188689508191327,7.04358440884529,0.5573981172831657
1,2078,23,0,14,0,0.1435341089963913,0.048257917165756226,gigapose_global_rank_2|align_detection|rgb_recovery,31.519407793120948,approved,epnp_raceline,rear,toward,-0.8774197723564204,119.16085580252953,18.75882495014737,23.075541721877386,0.806069104207003
1,2079,23,14,4,0,0.18143202364444733,0.030466098338365555,gigapose_global_rank_2|align_detection|rgb_recovery,17.0273299348667,approved,epnp_raceline,rear,toward,-0.8852184759475842,75.58891124181984,14.88547977366474,7.879456619018406,5.015387105522482
1,2081,24,10,3,1,0.2716173231601715,0.02360272780060768,gigapose_global_rank_2|flip180|rgb_recovery|center_preserving_flip180,43.94731482226322,approved,epnp_raceline,rear,toward,-0.8457562118109044,98.94645182037168,18.463268138514426,10.325357348002044,6.467392832402335
1,2082,24,4,14,1,0.12314433604478836,0.02131688967347145,gigapose_global_rank_0|R1-20|rgb_recovery|center_preserving_flip180,49.226458872605036,approved,epnp_raceline,rear,toward,-0.6600084977387985,116.98985345753984,32.84175533042388,7.40065201639486,7.42543637701772
1,2083,24,0,5,1,0.22579991817474365,0.01992287114262581,gigapose_global_rank_1|R1-20|rgb_recovery|center_preserving_flip180,42.494467715477576,approved,epnp_raceline,rear,toward,-0.6456982741620769,116.74644433867495,33.08745971453044,24.733201489618292,9.784745248252971
1,2084,24,13,11,0,0.17824110388755798,0.05355531722307205,gigapose_global_rank_1|R1-20|rgb_recovery,68.67841035697944,approved,epnp_raceline,rear,toward,-0.6521309111204516,73.85443015274234,36.07813451251777,10.275177919979704,6.53161219648867
1,2085,24,8,2,0,0.13015364110469818,0.04763874039053917,gigapose_global_rank_0|logz+0.35|rgb_recovery,92.7780593797444,approved,epnp_raceline,rear,toward,-0.8712763580034188,117.14808075731669,17.108381757348486,4.067073075866803,4.189591592965769
1,2086,24,13,6,0,0.2075367271900177,0.021797627210617065,gigapose_global_rank_2|align_detection|rgb_recovery,114.69836213537826,approved,epnp_raceline,rear,toward,-0.8698368811124335,75.2585342400896,16.780913541175693,13.550293780159938,5.04580111175235
1,2087,24,15,5,0,0.1612073928117752,0.03831195831298828,gigapose_global_rank_1|align_detection|rgb_recovery,116.34334357079042,approved,epnp_raceline,rear,toward,-0.8721582316854287,59.179132481789885,17.63155798660583,3.225787070029168,0.7931132694013724
1,2088,24,7,1,1,0.32819420099258423,0.04666499048471451,gigapose_global_rank_0|R1-20|rgb_recovery|center_preserving_flip180,110.5084106214931,approved,epnp_raceline,rear,toward,-0.9303932057210496,77.47376227749415,38.53528759432715,8.042620384912054,1.0888638863735591
1,2089,24,12,1,1,0.1677272915840149,0.034362684935331345,gigapose_global_rank_0|R1-20|rgb_recovery|center_preserving_flip180,78.61317265576902,approved,epnp_raceline,rear,toward,-0.9224280483329647,99.364088230207,40.228830785376935,9.084876564753776,0.8653952721433741
1,2090,24,9,15,0,0.11306962370872498,0.036669570952653885,gigapose_global_rank_4|rgb_recovery,57.06484847878077,approved,epnp_raceline,rear,toward,-0.8441953574493165,97.90899394116619,18.964238395017105,0.9587617552917201,4.234000745740356
1,2091,24,5,1,0,0.16616259515285492,0.035007961094379425,gigapose_global_rank_4|rgb_recovery,51.97925041736689,approved,epnp_raceline,rear,toward,-0.8488362036276641,89.14933898384253,19.505433113165328,2.321925433662718,4.360266743186071
1,2092,24,0,8,0,0.1268998086452484,0.061485204845666885,gigapose_global_rank_1|R1-20|rgb_recovery,65.50887082035464,approved,epnp_raceline,rear,toward,-0.6227738714275006,32.10332967217935,36.34147566883702,20.500089911160806,1.4439619840463114
1,2093,24,1,6,0,0.15428172051906586,0.09844797849655151,gigapose_global_rank_1|R0+20|rgb_recovery,77.34934879790883,approved,epnp_raceline,rear,toward,-0.6400475071008535,61.36922322377836,39.27453328408997,7.075772393955264,5.488261756632582
1,2094,24,0,11,0,0.15598368644714355,0.0848383679986,gigapose_global_rank_0|R0+20|rgb_recovery,96.99467545500167,approved,epnp_raceline,rear,toward,-0.608573521122501,31.893540234277644,41.112503393777054,19.368557824211987,4.548936684822644
1,2095,24,4,2,0,0.25749853253364563,0.038265686482191086,gigapose_global_rank_2|rgb_recovery,112.24549938288916,approved,epnp_raceline,rear,toward,-0.8146316429865509,106.39325644854316,24.57375851772128,14.464314523876421,8.04031143110144
1,2096,24,5,1,0,0.33183637261390686,0.061562083661556244,gigapose_global_rank_0|R1+45|rgb_recovery,125.74594773057602,approved,epnp_raceline,rear,toward,-0.9701199321649729,114.03818277681981,31.037141628564164,20.20485334813571,11.477592338313977
1,2097,24,0,8,0,0.22354772686958313,0.0686928927898407,gigapose_global_rank_0|R1+20|rgb_recovery,116.73157127164605,approved,epnp_raceline,rear,toward,-0.9820162511791236,19.041673251790428,8.13912435470281,14.890409903860123,4.561143988070904
1,2098,24,5,1,0,0.8462774157524109,0.06169159710407257,gigapose_global_rank_1|R1+45|rgb_recovery,98.76454397102339,approved,epnp_raceline,rear,toward,-0.9649086730876811,107.65570817750904,32.1882563408625,19.608692111621885,6.675100299512248
1,2099,24,0,9,0,0.24101687967777252,0.07387616485357285,gigapose_global_rank_0|R1+45|rgb_recovery,97.72562214599833,approved,epnp_raceline,rear,toward,-0.9666038127251303,16.41056351904886,31.672748160648688,15.76299495297058,6.6696517452620885
1,2100,24,6,11,1,0.24468481540679932,0.11092612147331238,gigapose_global_rank_1|R1+45|rgb_recovery|center_preserving_flip180,98.79193778862958,approved,epnp_raceline,rear,toward,-0.005069980139073728,77.01057814237022,107.2563234315547,7.202034250789541,7.227160105136796
1,2101,24,9,9,1,0.15749424695968628,0.15749424695968628,gigapose_global_rank_1|R1+45|rgb_recovery|center_preserving_flip180,79.24667027353132,approved,epnp_raceline,rear,toward,-0.02622955531767156,75.37188982591306,105.54393385725785,11.503799225753749,11.503799225753749
1,2102,24,7,7,1,0.27212458848953247,0.27212458848953247,gigapose_global_rank_0|R1+45|rgb_recovery|center_preserving_flip180,109.70342449289774,approved,epnp_raceline,rear,toward,-0.014077575166886909,74.57177504605228,107.4680026718443,7.7256142184662355,7.7256142184662355
1,2103,24,5,6,1,0.2543092370033264,0.041024740785360336,gigapose_global_rank_1|R1-20|rgb_recovery|center_preserving_flip180,127.49137357219658,approved,epnp_raceline,rear,toward,-0.9093832000969111,76.40353844639012,42.251721372617574,7.6898964430066385,0.4843451017398861
1,2104,24,2,12,1,0.3066529631614685,0.034980371594429016,gigapose_global_rank_2|flip180|rgb_recovery|center_preserving_flip180,135.9004096680418,approved,epnp_raceline,rear,toward,-0.9497316078678357,74.69584794576646,3.3897263382045644,9.490385723568735,4.280677311546481
1,2105,24,14,11,1,0.33504998683929443,0.008589270524680614,gigapose_global_rank_1|yaw+30|rgb_recovery|center_preserving_flip180,128.16110758666863,approved,epnp_raceline,rear,toward,-0.9284094439482621,70.99019035931946,5.613012506612343,13.932983042838817,0.9207942972047578
1,2106,24,6,1,1,0.16588625311851501,0.03705944865942001,gigapose_global_rank_2|logz-0.35|rgb_recovery|center_preserving_flip180,107.99191307269749,approved,epnp_raceline,rear,toward,-0.8461753165300946,95.42114183455948,49.384027102362964,12.837058503327377,0.8476959223032376
1,2107,24,5,15,1,0.18254390358924866,0.025517653673887253,gigapose_global_rank_1|R1-20|rgb_recovery|center_preserving_flip180,96.11284631525724,approved,epnp_raceline,rear,toward,-0.9536098686804174,94.29389472815629,34.616680295977275,13.157178515930834,0.9387796689473602
1,2108,24,0,6,0,0.13940370082855225,0.03759311884641647,gigapose_global_rank_4|rgb_recovery,89.01429040618756,approved,epnp_raceline,rear,toward,-0.951823492536232,116.2428796777657,8.900993925916149,25.815918462238212,0.44342742410813984
1,2109,24,13,14,0,0.16447289288043976,0.035112980753183365,gigapose_global_rank_3|rgb_recovery,92.91153044635377,approved,epnp_raceline,rear,toward,-0.8860962556307135,95.89461412912162,11.829223518670597,9.775863226194247,2.7054525918046113
1,2110,24,5,2,0,0.14208050072193146,0.04567737132310867,gigapose_global_rank_0|yaw+30|rgb_recovery,96.42198711111949,rejected:center_error_px+bbox_iou,epnp_raceline,rear,toward,-0.9142071613636702,nan,nan,nan,nan
1,2111,24,7,6,1,0.15597857534885406,0.018387164920568466,gigapose_global_rank_0|R1-20|rgb_recovery|center_preserving_flip180,125.3623009781425,approved,epnp_raceline,rear,toward,-0.9946291563827133,114.41502500173891,13.608391083035576,9.426849905056201,1.8250231509113695
1,2112,24,6,3,1,0.19106581807136536,0.014438843354582787,gigapose_global_rank_0|R1-45|rgb_recovery|center_preserving_flip180,102.83999796344789,approved,epnp_raceline,rear,toward,-0.8675929149436475,114.75664053041386,14.144409510937912,12.576826785848958,5.71474129266111
1,2113,24,10,9,1,0.28940147161483765,0.009158419445157051,gigapose_global_rank_0|R1-20|rgb_recovery|center_preserving_flip180,107.36809726470963,approved,epnp_raceline,rear,toward,-0.9926554270520145,93.40980371218943,16.012465460223773,16.079089640713214,1.8083290189663324
1,2114,24,0,12,0,0.1046704351902008,0.01879059709608555,gigapose_global_rank_4|rgb_recovery,83.15092626960711,approved,epnp_raceline,rear,toward,-0.7838405819142098,118.84670330646553,23.326712001969344,35.05289220659708,5.063060967311588
1,2115,24,0,4,0,0.25854942202568054,0.06192795932292938,gigapose_global_rank_0|R1+45|rgb_recovery,86.67685484051353,approved,epnp_raceline,rear,toward,-0.976226204454423,18.55372616282227,31.943336195293895,1.3062046647755252,11.416891281055765
1,2116,24,9,14,0,0.402204692363739,0.07052791863679886,gigapose_global_rank_0|R1+45|rgb_recovery,76.31493839938967,approved,epnp_raceline,rear,toward,-0.9767590946514583,69.03830414782733,29.433558849628497,9.444302195467843,0.6038583433137008
1,2117,24,1,10,1,0.24667783081531525,0.056260161101818085,gigapose_global_rank_0|R1+45|rgb_recovery|center_preserving_flip180,100.66999338831963,approved,epnp_raceline,rear,toward,-0.9768159164580142,50.58751270644707,30.301864598766194,1.417548411752793,10.476457869696636
1,2118,24,12,3,0,0.19813202321529388,0.03975027799606323,gigapose_global_rank_0|R1+45|rgb_recovery,98.79065049101752,approved,epnp_raceline,rear,toward,-0.990976101084865,106.94482276645519,24.582350817127754,2.09478998675201,6.954208712061405
1,2119,24,6,1,0,0.16071751713752747,0.06091608479619026,gigapose_global_rank_1|R1+45|rgb_recovery,107.90192882018289,approved,epnp_raceline,rear,toward,-0.9923314700464707,38.45929836589688,23.731751100042473,3.224150517414833,5.357419959166097
1,2120,24,3,2,0,0.5185652375221252,0.033329274505376816,gigapose_global_rank_0|R1+20|rgb_recovery,113.22557589638166,approved,epnp_raceline,rear,toward,-0.9452455396385435,123.34988041883885,9.830629639664414,12.712138669504801,2.513501637189227
1,2121,24,15,15,1,0.1413389891386032,0.1413389891386032,gigapose_global_rank_0|R1+45|rgb_recovery|center_preserving_flip180,121.35281230778703,approved,epnp_raceline,rear,toward,-0.9726368760325217,150.53837177992358,29.691190722642787,0.8527290259194109,0.8527290259194109
1,2122,24,12,8,1,0.1990150362253189,0.10347646474838257,gigapose_global_rank_0|R1+45|rgb_recovery|center_preserving_flip180,121.72691017318924,approved,epnp_raceline,rear,toward,-0.9687409061321307,28.388548495168585,29.894972973090077,3.7349905098727834,2.3035455356880243
1,2123,24,2,2,1,0.5191457271575928,0.5191457271575928,gigapose_global_rank_0|R1+45|rgb_recovery|center_preserving_flip180,123.00702869000497,approved,epnp_raceline,rear,toward,-0.6807532770922451,116.2194291446128,63.98538931379275,8.888573001008954,8.888573001008954
1,2124,24,14,14,1,0.19106309115886688,0.19106309115886688,gigapose_global_rank_1|R0-45|rgb_recovery|center_preserving_flip180,136.11906178251397,approved,epnp_raceline,rear,toward,-0.8265770748064796,129.8805613522871,50.590946524586094,15.50257274651505,15.50257274651505
1,2125,24,1,1,0,0.16697216033935547,0.16697216033935547,gigapose_global_rank_1|R1+20|rgb_recovery,135.17324773363515,approved,epnp_raceline,rear,toward,-0.9970557780037959,19.329960770917875,19.329960770917875,1.7795371624285994,1.7795371624285994
1,2126,24,3,2,1,0.3962072432041168,0.13596466183662415,gigapose_global_rank_1|R1+45|rgb_recovery|center_preserving_flip180,131.36347545346416,approved,epnp_raceline,rear,toward,-0.9770181888431746,38.60579862824938,26.98755124805255,11.520178326036884,0.41812358217626794
1,2127,24,1,1,0,0.15915405750274658,0.15915405750274658,gigapose_global_rank_1|R1+20|rgb_recovery,136.70470527974803,approved,epnp_raceline,rear,toward,-0.9986020734654935,18.20002081231615,18.20002081231615,3.303651463454405,3.303651463454405
1,2128,24,0,1,0,0.162790909409523,0.1496521532535553,gigapose_global_rank_0|R1+20|rgb_recovery,142.9763579566089,approved,epnp_raceline,rear,toward,-0.9931820527344847,3.954784689696494,22.14621919283793,6.026420422902788,0.3355750300968006
1,2129,24,0,1,0,0.17115573585033417,0.1496146023273468,gigapose_global_rank_0|R1+20|rgb_recovery,146.248710112744,approved,epnp_raceline,rear,toward,-0.9971542777920792,5.0273870467356,19.29224354054401,5.8918918126991215,0.5551411419188715
1,2130,24,1,1,0,0.210253044962883,0.210253044962883,gigapose_global_rank_1|R1+20|rgb_recovery,146.53578486185188,approved,epnp_raceline,rear,toward,-0.9992006987280999,14.590485648643936,14.590485648643936,2.2115690924452114,2.2115690924452114
1,2131,24,8,1,1,0.2931986153125763,0.045466192066669464,gigapose_global_rank_0|R1+20|rgb_recovery|center_preserving_flip180,148.6112973474087,approved,epnp_raceline,rear,toward,-0.998010655265381,26.579196921490375,16.924647480742365,5.3841248033402795,1.3054687898001154
1,2132,24,7,2,1,0.2631182074546814,0.05547985062003136,gigapose_global_rank_3|rgb_recovery|center_preserving_flip180,144.89124097658598,approved,epnp_raceline,rear,toward,-0.9995461688835404,23.578700018734917,13.883528686634506,4.718886885042874,0.40213263675456706
1,2133,24,2,2,0,0.2653134763240814,0.2653134763240814,gigapose_global_rank_1|R1+20|rgb_recovery,143.68303125839995,approved,epnp_raceline,rear,toward,-0.9999776761183266,11.106660951836576,11.106660951836576,0.8706665043057863,0.8706665043057863
1,2134,24,1,1,0,0.3019581139087677,0.3019581139087677,gigapose_global_rank_1|R1+20|rgb_recovery,115.90074459513592,approved,epnp_raceline,rear,toward,-0.9978284347642695,14.560485357288412,14.560485357288412,0.30775385012517326,0.30775385012517326
1,2135,24,2,2,0,0.2046981304883957,0.2046981304883957,gigapose_global_rank_0|R1+20|rgb_recovery,120.42968328632475,approved,epnp_raceline,rear,toward,-0.9975407334596647,13.61681345404911,13.61681345404911,1.062388421011765,1.062388421011765
1,2136,24,2,2,0,0.2377847135066986,0.2377847135066986,gigapose_global_rank_1|R1+20|rgb_recovery,117.81473445147788,approved,epnp_raceline,rear,toward,-0.9991689586481673,11.86282161849025,11.86282161849025,1.6677044387710172,1.6677044387710172
1,2137,24,3,3,0,0.16704125702381134,0.16704125702381134,gigapose_global_rank_0|R1+20|rgb_recovery,88.65862702637584,approved,epnp_raceline,rear,toward,-0.9999155420299033,8.19953766299441,8.19953766299441,1.433988282668602,1.433988282668602
1,2138,24,2,2,0,0.3241201639175415,0.3241201639175415,gigapose_global_rank_1|R1+20|rgb_recovery,91.25328485115381,approved,epnp_raceline,rear,toward,-0.9931023409165806,4.948094523158213,4.948094523158213,1.3356573129026568,1.3356573129026568
1,2139,24,2,2,0,0.20968374609947205,0.20968374609947205,gigapose_global_rank_1|R1+20|rgb_recovery,117.34014454944976,approved,epnp_raceline,rear,toward,-0.9996241612757892,7.059339205639024,7.059339205639024,1.7017981231255586,1.7017981231255586
1,2140,24,5,3,0,0.24391788244247437,0.21958254277706146,gigapose_global_rank_1|R1+20|rgb_recovery,113.64212297200555,approved,epnp_raceline,rear,toward,-0.997465316029725,24.031722182922923,10.029032836128119,2.6223263700226584,0.7055893478089728
1,2141,24,2,2,0,0.22149842977523804,0.22149842977523804,gigapose_global_rank_1|R1+20|rgb_recovery,115.62064647323267,approved,epnp_raceline,rear,toward,-0.9993133271269303,7.890654779858487,7.890654779858487,0.43648386466229394,0.43648386466229394
1,2142,24,12,3,0,0.24230849742889404,0.22616559267044067,gigapose_global_rank_1|R1+20|rgb_recovery,147.7109706394591,approved,epnp_raceline,rear,toward,-0.9930565576748934,30.827484687651328,4.142477941988892,5.541036075798316,3.135966846010744
1,2143,24,2,2,0,0.2115144282579422,0.2115144282579422,gigapose_global_rank_1|R1+20|rgb_recovery,145.86496085628642,approved,epnp_raceline,rear,toward,-0.999927463444837,4.464555527499253,4.464555527499253,1.0067763496510291,1.0067763496510291
1,2144,24,1,1,0,0.2024390697479248,0.2024390697479248,gigapose_global_rank_1|R1+20|rgb_recovery,150.16230370814202,approved,epnp_raceline,rear,toward,-0.9999305986902179,3.366701521265065,3.366701521265065,1.4781956838971666,1.4781956838971666
1,2145,24,12,1,1,0.1148001030087471,0.11410552263259888,gigapose_global_rank_1|R1+20|rgb_recovery|center_preserving_flip180,123.85866484335696,approved,epnp_raceline,rear,toward,-0.9979504441960877,9.653127844258048,6.965351654757017,0.21632749641669086,0.2926087328295996
1,2146,24,6,1,1,0.3791617453098297,0.03452393412590027,gigapose_global_rank_0|R1+20|rgb_recovery|center_preserving_flip180,131.64471588324358,approved,epnp_raceline,rear,toward,-0.9994245068006709,8.482975127889238,6.1658348827865606,0.6217653159687421,0.2262596679072356
1,2147,24,10,1,1,0.11732786148786545,0.09806111454963684,gigapose_global_rank_0|R1+20|rgb_recovery|center_preserving_flip180,132.73385764855212,approved,epnp_raceline,rear,toward,-0.9998881901694041,28.77076935728154,3.8291991038342172,3.5321627659294537,0.36831176895297274
1,2148,24,7,2,0,0.21549908816814423,0.20156808197498322,gigapose_global_rank_1|R1+20|rgb_recovery,130.35084549555827,approved,epnp_raceline,rear,toward,-0.9989502545240236,20.68497449206111,5.238387399875258,2.314936861600847,0.24755061520809346
1,2149,24,0,2,0,0.13981816172599792,0.1356634944677353,gigapose_global_rank_0|R1+20|rgb_recovery,102.16080021716087,approved,epnp_raceline,rear,toward,-0.9987481235213165,16.75461645875614,2.350215901836415,3.7428093447027746,0.4101714012391917
1,2150,24,3,14,1,0.08473358303308487,0.08158605545759201,gigapose_global_rank_0|logz-0.35|rgb_recovery|center_preserving_flip180,102.84570625459504,approved,epnp_raceline,rear,toward,-0.9985931141282053,174.31325131305266,5.679163311407684,4.582369026641966,1.6275884747688905
1,2151,24,3,14,1,0.20286521315574646,0.020838795229792595,gigapose_global_rank_4|rgb_recovery|center_preserving_flip180,66.21454381077112,approved,epnp_raceline,rear,toward,-0.9933421367331443,90.46397963605776,10.032716650189716,22.781184770697504,8.174240854099331
1,2152,24,8,14,1,0.16315770149230957,0.02212648279964924,gigapose_global_rank_1|yaw-30|rgb_recovery|center_preserving_flip180,64.3484846845582,approved,epnp_raceline,rear,toward,-0.9503567040772545,174.77745601220903,24.75001834511823,12.443315660519659,4.925886160484878
1,2153,24,3,3,0,0.21544267237186432,0.21544267237186432,gigapose_global_rank_2|align_detection|rgb_recovery,66.28714269154521,approved,epnp_raceline,rear,toward,-0.9942476620211564,12.888975587627385,12.888975587627385,5.083505030078076,5.083505030078076
1,2154,24,0,0,0,0.36889973282814026,0.36889973282814026,gigapose_rank0_baseline|rgb_recovery,63.81732236279887,approved,epnp_raceline,rear,toward,-0.9646613322856757,20.315191133113448,20.315191133113448,6.4352756401214535,6.4352756401214535
1,2155,24,0,1,0,0.15986354649066925,0.10939374566078186,gigapose_global_rank_0|R1+20|rgb_recovery,63.49742575858652,approved,epnp_raceline,rear,toward,-0.9991883620274988,21.10925183297731,8.383252639235629,1.029323457011772,1.2160270462205465
1,2156,24,1,1,0,0.1965269148349762,0.1965269148349762,gigapose_global_rank_1|R1+20|rgb_recovery,91.77371565159544,approved,epnp_raceline,rear,toward,-0.9998132036673484,3.6986719876982233,3.6986719876982233,4.285316339810295,4.285316339810295
1,2157,24,5,5,0,0.240872323513031,0.240872323513031,gigapose_global_rank_1|R1+20|rgb_recovery,91.54603179765985,approved,epnp_raceline,rear,toward,-0.9861610263440334,7.2331845354314,7.2331845354314,2.9740416657442084,2.9740416657442084
1,2158,24,0,1,0,0.12443646043539047,0.10503380000591278,gigapose_global_rank_0|R1+20|rgb_recovery,61.19827815793515,approved,epnp_raceline,rear,toward,-0.9999662275033666,13.300671850983662,3.372711336714562,1.0494833108865973,3.835058014679907
1,2159,24,0,6,0,0.1427273154258728,0.07932556420564651,gigapose_global_rank_0|yaw+30|rgb_recovery,60.970861289504526,approved,epnp_raceline,rear,toward,-0.995331606611767,11.607523806969375,5.3058362853145145,5.440720227101835,1.2545375142845845
1,2160,24,3,3,0,0.19085973501205444,0.19085973501205444,gigapose_global_rank_0|R1+20|rgb_recovery,86.38380697923715,approved,epnp_raceline,rear,toward,-0.9961887273084341,6.929767059189052,6.929767059189052,1.1335765355858034,1.1335765355858034
1,2161,24,2,2,0,0.18572469055652618,0.18572469055652618,gigapose_global_rank_0|R1+20|rgb_recovery,57.845295509910954,approved,epnp_raceline,rear,toward,-0.9996830677070166,4.000725412130705,4.000725412130705,0.6390455804981419,0.6390455804981419
1,2162,24,1,1,0,0.15321755409240723,0.15321755409240723,gigapose_global_rank_0|R1+20|rgb_recovery,28.51218662198976,approved,epnp_raceline,rear,toward,-0.998291873319754,5.491196692988587,5.491196692988587,1.7199695021333303,1.7199695021333303
1,2163,24,1,1,0,0.14910048246383667,0.14910048246383667,gigapose_global_rank_0|R1+20|rgb_recovery,54.120847897814386,approved,epnp_raceline,rear,toward,-0.9961486940211416,8.283341709878957,8.283341709878957,0.29055218021518975,0.29055218021518975
1,2164,24,1,1,0,0.21002565324306488,0.21002565324306488,gigapose_global_rank_0|R1+20|rgb_recovery,84.12595089943221,approved,epnp_raceline,rear,toward,-0.9984738222548228,8.103534706026206,8.103534706026206,0.9700981871758724,0.9700981871758724
1,2165,24,2,2,0,0.26688382029533386,0.26688382029533386,gigapose_global_rank_1|R1+20|rgb_recovery,58.11382948356349,approved,epnp_raceline,rear,toward,-0.9936871942732614,6.2056251986475734,6.2056251986475734,1.0088277296261885,1.0088277296261885
1,2166,24,2,2,0,0.20950210094451904,0.20950210094451904,gigapose_global_rank_1|R1+20|rgb_recovery,90.88182597247118,approved,epnp_raceline,rear,toward,-0.999328389077924,6.391193412080959,6.391193412080959,1.8762752491698542,1.8762752491698542
1,2167,24,1,1,0,0.3832530081272125,0.3832530081272125,gigapose_global_rank_1|R1+20|rgb_recovery,92.11023333400004,approved,epnp_raceline,rear,toward,-0.9963313262069121,9.150492347462734,9.150492347462734,1.9044655839907076,1.9044655839907076
1,2168,24,4,4,0,0.20622120797634125,0.20622120797634125,gigapose_global_rank_0|R1+20|rgb_recovery,92.58387483797074,approved,epnp_raceline,rear,toward,-0.9988511564249181,6.222226084397592,6.222226084397592,2.581732132549086,2.581732132549086
1,2169,24,1,1,0,0.192954421043396,0.192954421043396,gigapose_global_rank_0|R1+20|rgb_recovery,93.0187323035652,approved,epnp_raceline,rear,toward,-0.9987839023092757,6.854774655389218,6.854774655389218,1.7752492393006662,1.7752492393006662
1,2170,24,5,1,1,0.18446145951747894,0.03730483725667,gigapose_global_rank_0|R1+20|rgb_recovery|center_preserving_flip180,94.94707449603764,approved,epnp_raceline,rear,toward,-0.9994283175384744,12.515094555273379,5.175494230074427,0.22109193648982434,0.2485478656310838
1,2171,24,7,15,1,0.19900530576705933,0.08358552306890488,gigapose_global_rank_1|R1+45|rgb_recovery|center_preserving_flip180,91.3227329426773,approved,epnp_raceline,rear,toward,-0.9531015283983321,33.064185202960566,19.905717027395358,4.185738208881261,1.5703066232325904
1,2172,24,3,15,1,0.17472398281097412,0.10649783909320831,gigapose_global_rank_0|R1+45|rgb_recovery|center_preserving_flip180,87.36203589183879,approved,epnp_raceline,rear,toward,-0.886279207503836,7.84984240764438,31.229831254388756,2.1439280256214195,3.476493137058243
1,2173,24,4,1,1,0.28400716185569763,0.0459897480905056,gigapose_global_rank_0|R1+20|rgb_recovery|center_preserving_flip180,93.57731988694984,approved,epnp_raceline,rear,toward,-0.9997846474660127,31.98965283211822,5.718364855748403,5.623168462323689,1.6027981161553582
1,2174,24,3,3,0,0.22938154637813568,0.22938154637813568,gigapose_global_rank_4|rgb_recovery,94.43877806836898,approved,epnp_raceline,rear,toward,-0.9903794336186692,15.225224634817874,15.225224634817874,2.1690330577268364,2.1690330577268364
1,2175,24,1,1,0,0.17202748358249664,0.17202748358249664,gigapose_global_rank_0|R1+20|rgb_recovery,118.69321238465685,approved,epnp_raceline,rear,toward,-0.9971820053870156,6.8606813572417025,6.8606813572417025,0.3965466210581025,0.3965466210581025
1,2176,24,1,1,0,0.2179168313741684,0.2179168313741684,gigapose_global_rank_0|R1+20|rgb_recovery,90.30672746978037,approved,epnp_raceline,rear,toward,-0.9990890916569068,4.917535957649717,4.917535957649717,2.2709125959788685,2.2709125959788685
1,2177,24,13,15,1,0.24633704125881195,0.08660648763179779,gigapose_global_rank_1|R1+45|rgb_recovery|center_preserving_flip180,119.04219787153392,approved,epnp_raceline,rear,toward,-0.9530923286712841,13.351166231632577,20.998355306190437,0.21550968540944615,0.6533727619441347
1,2178,24,0,2,0,0.2064329981803894,0.2051665037870407,gigapose_global_rank_0|R1+20|rgb_recovery,123.90231506769257,approved,epnp_raceline,rear,toward,-0.9966690981548304,11.94890716851735,7.658071398186348,4.509474321744284,1.5909082370048333
1,2179,24,2,2,0,0.18104277551174164,0.18104277551174164,gigapose_global_rank_0|R1+20|rgb_recovery,93.87640185463012,approved,epnp_raceline,rear,toward,-0.9999872106215024,3.5601053376450955,3.5601053376450955,0.6095603852860642,0.6095603852860642
1,2180,24,2,2,0,0.22723600268363953,0.22723600268363953,gigapose_global_rank_1|R1+20|rgb_recovery,91.9978660422816,approved,epnp_raceline,rear,toward,-0.9997808603162271,8.796702048113618,8.796702048113618,0.48158950464449474,0.48158950464449474
1,2181,24,4,4,0,0.22372332215309143,0.22372332215309143,gigapose_global_rank_1|R1+20|rgb_recovery,97.42861614665865,approved,epnp_raceline,rear,toward,-0.9991284507219562,5.246781798202456,5.246781798202456,0.9982012318110928,0.9982012318110928
1,2182,24,13,13,0,0.24981291592121124,0.24981291592121124,gigapose_global_rank_4|rgb_recovery,69.66152445457153,approved,epnp_raceline,rear,toward,-0.9902996623120787,5.465482665251718,5.465482665251718,0.24604250028799343,0.24604250028799343
1,2183,24,0,3,0,0.28734174370765686,0.19489999115467072,gigapose_global_rank_0|R1+20|rgb_recovery,64.09842295590654,approved,epnp_raceline,rear,toward,-0.9923761588690374,24.181585061477747,5.368061682874374,6.727027476297796,0.30821531628306104
1,2184,24,3,3,0,0.3162540793418884,0.3162540793418884,gigapose_global_rank_1|R1+20|rgb_recovery,92.5591447054413,approved,epnp_raceline,rear,toward,-0.9948525990260171,5.852561224411404,5.852561224411404,0.7882925955361519,0.7882925955361519
1,2185,24,2,2,0,0.2553872764110565,0.2553872764110565,gigapose_global_rank_1|R1+20|rgb_recovery,61.708844912237716,approved,epnp_raceline,rear,toward,-0.9994981530423922,6.098071888703885,6.098071888703885,0.23105255988400925,0.23105255988400925
1,2186,24,2,2,0,0.17767569422721863,0.17767569422721863,gigapose_global_rank_1|R1+20|rgb_recovery,62.46121467269243,approved,epnp_raceline,rear,toward,-0.9997909416694417,3.5799424444245287,3.5799424444245287,0.6615257346475983,0.6615257346475983
1,2187,24,0,4,1,0.24506591260433197,0.0323340967297554,gigapose_global_rank_1|R1+45|rgb_recovery|center_preserving_flip180,91.8330126640438,approved,epnp_raceline,rear,toward,-0.9675651648214931,23.58137364802165,18.365663300182085,8.269577162950249,1.568653227452989
1,2188,24,2,1,1,0.36697807908058167,0.03289281204342842,gigapose_global_rank_0|R1+20|rgb_recovery|center_preserving_flip180,94.29190826906996,approved,epnp_raceline,rear,toward,-0.9999050616047006,5.614682994256382,4.565590480343461,0.5158926400956408,0.5492093576835436
1,2189,24,1,1,0,0.17359881103038788,0.17359881103038788,gigapose_global_rank_0|R1+20|rgb_recovery,65.67859903998769,approved,epnp_raceline,rear,toward,-0.9952821085517575,4.128242904057169,4.128242904057169,1.289361821335788,1.289361821335788
1,2190,24,2,2,0,0.33548253774642944,0.33548253774642944,gigapose_global_rank_1|R1+20|rgb_recovery,93.30528097746578,approved,epnp_raceline,rear,toward,-0.9946942472013548,5.362402074027654,5.362402074027654,1.950819386035869,1.950819386035869
1,2191,24,0,2,0,0.22191563248634338,0.16079501807689667,gigapose_global_rank_0|R1+20|rgb_recovery,120.31213400054585,approved,epnp_raceline,rear,toward,-0.9880260101307012,24.205128970704568,8.196783378441374,9.279405425905638,3.295956941536387
1,2192,24,2,2,0,0.1903093010187149,0.1903093010187149,gigapose_global_rank_0|R1+20|rgb_recovery,119.29488213585087,approved,epnp_raceline,rear,toward,-0.9999898181174341,5.417067358654353,5.417067358654353,0.5372252727588082,0.5372252727588082
1,2193,24,4,4,0,0.3113008141517639,0.3113008141517639,gigapose_global_rank_1|R1+20|rgb_recovery,115.1192346578286,approved,epnp_raceline,rear,toward,-0.9915381923835555,8.432142024531004,8.432142024531004,1.9283327821901624,1.9283327821901624
1,2194,24,0,3,0,0.19580112397670746,0.15001973509788513,gigapose_global_rank_0|R1+20|rgb_recovery,138.85972108068964,approved,epnp_raceline,rear,toward,-0.9987912747037041,12.657036888294916,6.2090024412295,3.475443888467991,3.113639864844604
1,2195,24,1,1,0,0.1688745766878128,0.1688745766878128,gigapose_global_rank_0|R1+20|rgb_recovery,139.66493244284476,approved,epnp_raceline,rear,toward,-0.9935261503998718,11.02410531446331,11.02410531446331,2.1036845873128636,2.1036845873128636
1,2196,24,0,2,0,0.1964540034532547,0.17845600843429565,gigapose_global_rank_0|R1+20|rgb_recovery,111.99938031157357,approved,epnp_raceline,rear,toward,-0.9991655939174956,13.411885609042706,6.054545491788647,6.45779932082004,0.967629986960163
1,2197,24,0,1,0,0.22557343542575836,0.20543880760669708,gigapose_global_rank_0|R1+20|rgb_recovery,82.94954832611536,approved,epnp_raceline,rear,toward,-0.998867064179666,13.373898981188727,6.664461062811828,7.076958038106493,0.7083335774433738
1,2198,24,1,1,0,0.17062059044837952,0.17062059044837952,gigapose_global_rank_0|R1+20|rgb_recovery,57.97529971500059,approved,epnp_raceline,rear,toward,-0.9962092405815718,9.135330655619594,9.135330655619594,1.2840489852198198,1.2840489852198198
1,2199,24,6,2,0,0.2693348824977875,0.2630970776081085,gigapose_global_rank_4|rgb_recovery,33.34400391961646,approved,epnp_raceline,rear,toward,-0.9863380309582064,30.444869192162454,7.174600443584043,7.406169853125894,3.957199854011338
1,2200,24,2,2,0,0.20184729993343353,0.20184729993343353,gigapose_global_rank_1|R1+20|rgb_recovery,3.3148360066044784,approved,epnp_raceline,rear,toward,-0.999527778052654,5.641100925272653,5.641100925272653,1.651614283353015,1.651614283353015
1,2201,24,2,2,0,0.15830636024475098,0.15830636024475098,gigapose_global_rank_0|R1+20|rgb_recovery,3.2627562091529256,approved,epnp_raceline,rear,toward,-0.999005482299919,4.37340814449822,4.37340814449822,1.5965978224060837,1.5965978224060837
1,2202,24,2,2,0,0.25457045435905457,0.25457045435905457,gigapose_global_rank_1|R1+20|rgb_recovery,3.5201851999253226,approved,epnp_raceline,rear,toward,-0.9918276784855009,5.7200015411736524,5.7200015411736524,1.7186027536602262,1.7186027536602262
1,2203,24,2,2,0,0.15633901953697205,0.15633901953697205,gigapose_global_rank_0|R1+20|rgb_recovery,3.2270285402106187,approved,epnp_raceline,rear,toward,-0.9999731100330804,2.7883541052224525,2.7883541052224525,0.5281213554052228,0.5281213554052228
1,2204,24,0,1,0,0.15779782831668854,0.12564045190811157,gigapose_global_rank_0|R1+20|rgb_recovery,28.714719870070137,approved,epnp_raceline,rear,toward,-0.9991493617925947,13.036985550463749,6.747243198180453,6.907120408762024,0.34922636772153803
1,2205,24,3,1,0,0.143130362033844,0.11150404810905457,gigapose_global_rank_1|R1+20|rgb_recovery,51.29492640124422,approved,epnp_raceline,rear,toward,-0.9938628661828431,6.211072345246965,4.269177583298575,2.4068343915788994,2.7979926344011186
1,2206,24,0,1,0,0.18995200097560883,0.1673862487077713,gigapose_global_rank_0|R1+20|rgb_recovery,52.178306388314724,approved,epnp_raceline,rear,toward,-0.9987776462522899,13.722458984326517,6.1824618220638,3.0481667643174375,1.699677299299839
1,2207,24,2,2,0,0.1926325410604477,0.1926325410604477,gigapose_global_rank_0|R1+20|rgb_recovery,81.33152735027353,approved,epnp_raceline,rear,toward,-0.999458337677887,4.863716603295855,4.863716603295855,1.476884960858841,1.476884960858841
1,2208,24,2,2,0,0.23795276880264282,0.23795276880264282,gigapose_global_rank_0|R1+20|rgb_recovery,109.28381370927715,approved,epnp_raceline,rear,toward,-0.9989366396975858,6.235385011404691,6.235385011404691,0.9694488798445872,0.9694488798445872
1,2209,24,1,1,0,0.21603509783744812,0.21603509783744812,gigapose_global_rank_0|R1+20|rgb_recovery,83.70531059996053,approved,epnp_raceline,rear,toward,-0.999787775531335,4.81386151582386,4.81386151582386,1.1818338922818323,1.1818338922818323
1,2210,24,0,5,0,0.15272146463394165,0.1337902545928955,gigapose_global_rank_0|R1+20|rgb_recovery,92.15347310345439,approved,epnp_raceline,rear,toward,-0.9972618757910703,14.150269080802156,7.0005038125540855,8.859594643800724,1.6282620574834001
1,2211,24,1,1,0,0.18023614585399628,0.18023614585399628,gigapose_global_rank_0|R1+20|rgb_recovery,93.14177547926323,approved,epnp_raceline,rear,toward,-0.9990684850230603,6.855421131430411,6.855421131430411,1.3136519746931623,1.3136519746931623
1,2212,24,0,1,0,0.18380846083164215,0.15801192820072174,gigapose_global_rank_0|R1+20|rgb_recovery,64.00659097265472,approved,epnp_raceline,rear,toward,-0.9980419927950142,13.481104502107767,7.717483738587593,5.994377733389214,3.1038285463551043
1,2213,24,0,1,0,0.17982788383960724,0.15347924828529358,gigapose_global_rank_0|R1+20|rgb_recovery,35.80174985471292,approved,epnp_raceline,rear,toward,-0.9995377976833214,14.216521589569934,4.694758839867568,5.3909652991977435,3.138198864024721
1,2214,24,11,11,0,0.22698616981506348,0.22698616981506348,gigapose_global_rank_1|R1+20|rgb_recovery,35.64963516085339,approved,epnp_raceline,rear,toward,-0.9985878711811838,3.5688542702837247,3.5688542702837247,2.1111561717455127,2.1111561717455127
1,2215,24,15,1,0,0.4175589382648468,0.06647273898124695,gigapose_global_rank_0|R1+20|rgb_recovery,4.392958366339531,approved,epnp_raceline,rear,toward,-0.9972339639755577,81.79431140804198,10.583382531493713,4.924673498759409,2.4711909485278443
1,2216,24,11,1,0,0.13477341830730438,0.12318652868270874,gigapose_global_rank_0|R1+20|rgb_recovery,31.871063988659692,approved,epnp_raceline,rear,toward,-0.996672853686925,39.81599686397322,8.275702610094775,6.32452788270222,2.5884966792788235
1,2217,24,3,3,0,0.15380379557609558,0.15380379557609558,gigapose_global_rank_0|R1+20|rgb_recovery,54.58936403233251,approved,epnp_raceline,rear,toward,-0.9994918080785716,4.893803417746393,4.893803417746393,1.063522208432993,1.063522208432993
1,2218,24,1,1,0,0.18225884437561035,0.18225884437561035,gigapose_global_rank_0|R1+20|rgb_recovery,83.44289190268127,approved,epnp_raceline,rear,toward,-0.99856031324519,5.592920422721417,5.592920422721417,0.8271562615933732,0.8271562615933732
1,2219,24,1,1,0,0.13886357843875885,0.13886357843875885,gigapose_global_rank_0|R1+20|rgb_recovery,84.06675380808841,approved,epnp_raceline,rear,toward,-0.997731310043427,6.216153850445847,6.216153850445847,1.0754858221203885,1.0754858221203885
1,2220,24,3,3,0,0.1874302327632904,0.1874302327632904,gigapose_global_rank_1|R1+20|rgb_recovery,84.17036933040056,approved,epnp_raceline,rear,toward,-0.9966971093891102,9.195265806298453,9.195265806298453,0.2931272269443974,0.2931272269443974
1,2221,24,1,1,0,0.2557283639907837,0.2557283639907837,gigapose_global_rank_0|R1+20|rgb_recovery,85.12472115142285,approved,epnp_raceline,rear,toward,-0.9968621865846025,6.170332618895878,6.170332618895878,1.2780972737140908,1.2780972737140908
1,2222,24,4,4,0,0.2917909324169159,0.2917909324169159,gigapose_global_rank_0|R1+20|rgb_recovery,63.6092904442947,approved,epnp_raceline,rear,toward,-0.9971940355723419,10.059402185185805,10.059402185185805,0.4964454653143962,0.4964454653143962
1,2223,24,1,1,0,0.15496709942817688,0.15496709942817688,gigapose_global_rank_0|R1+20|rgb_recovery,68.23883574392113,approved,epnp_raceline,rear,toward,-0.9989924124488838,6.577211918831728,6.577211918831728,2.034382598271825,2.034382598271825
1,2224,24,0,2,0,0.1383666694164276,0.12050244957208633,gigapose_global_rank_1|R1+20|rgb_recovery,68.22556006484875,approved,epnp_raceline,rear,toward,-0.9934900439687055,11.999593902471695,6.385093533510582,5.807900683545237,1.5841048606139965
1,2225,24,0,0,0,0.4026321768760681,0.4026321768760681,gigapose_rank0_baseline|rgb_recovery,97.67684652542349,approved,epnp_raceline,rear,toward,-0.9054583194093143,22.749092380664166,22.749092380664166,12.203186954840778,12.203186954840778
1,2226,24,13,0,0,0.3418702185153961,0.08411933481693268,gigapose_rank0_baseline|rgb_recovery,98.96736505076383,approved,epnp_raceline,rear,toward,-0.9074231708813324,82.5652865774902,23.1121293703612,4.2976895041141905,11.98819828379803
1,2227,24,0,0,0,0.28211984038352966,0.28211984038352966,gigapose_rank0_baseline|rgb_recovery,98.74801031424741,approved,epnp_raceline,rear,toward,-0.9725645986785546,11.957291413498695,11.957291413498695,4.162462402519837,4.162462402519837
1,2228,24,0,1,0,0.12083854526281357,0.05696727707982063,gigapose_global_rank_4|rgb_recovery,90.98639376289623,approved,epnp_raceline,rear,toward,-0.9931485751038258,11.618156453503488,6.915755982534781,3.4228749697093983,2.634271247189744
1,2229,24,0,14,0,0.22596149146556854,0.1861145794391632,gigapose_global_rank_0|R1+20|rgb_recovery,119.44056855914258,approved,epnp_raceline,rear,toward,-0.9934881937564775,10.856400315254339,9.258014342897866,0.4504585456029082,0.8005633608341227
1,2230,24,0,14,0,0.1232806071639061,0.08439739048480988,gigapose_global_rank_1|R0+20|rgb_recovery,90.77221894753929,approved,epnp_raceline,rear,toward,-0.9015328045867256,11.35742210383982,28.371300998597864,1.3146846096718436,2.615507323143513
1,2231,24,12,2,0,0.1645391583442688,0.10475074499845505,gigapose_global_rank_1|R0+20|rgb_recovery,91.59611586843101,approved,epnp_raceline,rear,toward,-0.9854843196744731,22.466927976803674,9.253857769446753,4.047809871884171,3.0803360854106807
1,2232,24,2,2,0,0.1438915729522705,0.1438915729522705,gigapose_global_rank_0|R1+20|rgb_recovery,121.7563045446618,approved,epnp_raceline,rear,toward,-0.9933179522312707,9.09242518970089,9.09242518970089,1.7597875118212918,1.7597875118212918
1,2233,24,0,1,0,0.2120855152606964,0.20001579821109772,gigapose_global_rank_0|R1+20|rgb_recovery,127.52659686246733,approved,epnp_raceline,rear,toward,-0.9957893568473146,10.532884124744884,7.704116884565936,4.589592708115274,1.5332717694933693
1,2234,24,3,3,0,0.358490526676178,0.358490526676178,gigapose_global_rank_1|R1+20|rgb_recovery,126.73849050298016,approved,epnp_raceline,rear,toward,-0.9912098237384978,7.4570849762988525,7.4570849762988525,2.110812176951036,2.110812176951036
1,2235,24,11,4,1,0.2679954171180725,0.07005028426647186,gigapose_global_rank_0|R1+20|rgb_recovery|center_preserving_flip180,154.10133370503885,approved,epnp_raceline,rear,toward,-0.9828668762339531,13.187436856104974,12.796224983965233,2.6215484745276916,0.5220757742324064
1,2236,24,2,14,1,0.2505895495414734,0.020921999588608742,gigapose_global_rank_4|rgb_recovery|center_preserving_flip180,149.3784103735459,rejected:center_error_px+bbox_iou,epnp_raceline,rear,toward,-0.9962914142172522,nan,nan,nan,nan
1,2237,24,6,14,1,0.32956650853157043,0.08710111677646637,gigapose_global_rank_1|R1+20|rgb_recovery|center_preserving_flip180,149.325828662788,approved,epnp_raceline,rear,toward,-0.9758656870943127,8.227822684250011,14.065314831676716,2.902259604719048,1.024463294194875
1,2238,24,15,15,1,0.13520526885986328,0.13520526885986328,gigapose_global_rank_1|R1+20|rgb_recovery|center_preserving_flip180,143.9679033293557,approved,epnp_raceline,rear,toward,-0.9741731718048032,166.13655201616032,14.664517024880814,1.0820998424358905,1.0820998424358905
1,2239,24,12,10,1,0.1487104296684265,0.10666470974683762,gigapose_global_rank_1|R1+20|rgb_recovery|center_preserving_flip180,152.48885962453102,approved,epnp_raceline,rear,toward,-0.974287504445809,166.59924267977794,14.539903485835039,1.0623321191773318,1.1083257681860172
1,2240,24,7,3,1,0.14662328362464905,0.10312025249004364,gigapose_global_rank_0|R1+20|rgb_recovery|center_preserving_flip180,156.00486778921257,approved,epnp_raceline,rear,toward,-0.9744056449208148,8.551757543895691,14.852477034815118,3.435208823740135,1.9427778481698124
1,2241,24,6,2,1,0.16398033499717712,0.08262236416339874,gigapose_global_rank_1|R1+20|rgb_recovery|center_preserving_flip180,158.37636432838445,approved,epnp_raceline,rear,toward,-0.9864598329923556,4.23816177199655,10.447431725686561,3.3383511116193696,2.381559177508035
1,2242,24,12,12,1,0.17315305769443512,0.17315305769443512,gigapose_global_rank_0|R1+45|rgb_recovery|center_preserving_flip180,154.6845703971841,approved,epnp_raceline,rear,toward,-0.9391588261687216,157.9278110722907,22.31180853783589,1.8468006319128634,1.8468006319128634
1,2243,24,11,2,1,0.4729459881782532,0.04489552229642868,gigapose_global_rank_1|R1+20|rgb_recovery|center_preserving_flip180,158.09786696649923,approved,epnp_raceline,rear,toward,-0.9980817965936304,17.350593929224353,4.115922915474663,3.0477599187547226,3.1449507589934442
1,2244,24,15,1,1,0.4482523202896118,0.055244240909814835,gigapose_global_rank_4|rgb_recovery|center_preserving_flip180,147.5625435725769,approved,epnp_raceline,rear,toward,-0.9902127265098873,23.761223316808767,9.71339260939808,3.02403588292407,3.804803129779053
1,2245,24,10,3,1,0.1538623869419098,0.01007568184286356,gigapose_global_rank_4|rgb_recovery|center_preserving_flip180,134.4438117512156,approved,epnp_raceline,rear,toward,-0.9922109248042398,17.483846453377435,8.548706132052946,1.7405079058036284,3.5306044561468597
1,2246,24,9,2,1,0.1095227524638176,0.09500692039728165,gigapose_global_rank_4|rgb_recovery|center_preserving_flip180,117.47719085337478,approved,epnp_raceline,rear,toward,-0.9902096995994477,10.290891189445114,10.06188188139398,1.8980125169711977,1.9310183290438636
1,2247,24,11,11,1,0.14042478799819946,0.14042478799819946,gigapose_global_rank_1|R0+45|rgb_recovery|center_preserving_flip180,97.35096995700047,approved,epnp_raceline,rear,toward,-0.9741700985241378,169.42428959179406,15.474624624103715,1.891773678842353,1.891773678842353
1,2248,24,15,5,1,0.11911579966545105,0.01142935175448656,gigapose_global_rank_4|rgb_recovery|center_preserving_flip180,93.75139577233396,approved,epnp_raceline,rear,toward,-0.9883305236309721,14.289206500153764,11.647133426582654,2.8453414536156996,4.7581086480169645
1,2249,24,13,13,1,0.3749391436576843,0.3749391436576843,gigapose_global_rank_3|rgb_recovery|center_preserving_flip180,90.29533493757707,approved,epnp_raceline,rear,toward,-0.7874984906016228,139.7579277730287,40.45839082570969,2.1748977008993093,2.1748977008993093
1,2250,24,2,2,1,0.39450034499168396,0.39450034499168396,gigapose_global_rank_1|R1+20|rgb_recovery|center_preserving_flip180,112.16449279401246,approved,epnp_raceline,rear,toward,-0.6185996766327826,127.52836263315024,54.64533484709848,4.260737561845674,4.260737561845673
1,2251,24,7,11,0,0.37307488918304443,0.06588049978017807,gigapose_global_rank_1|R1+45|rgb_recovery,123.75916552339538,approved,epnp_raceline,rear,toward,-0.9922797658188692,61.610923568942006,9.975715788637716,14.306644933259028,2.1963681351563524
1,2252,24,4,1,0,0.4740230143070221,0.06287811696529388,gigapose_global_rank_1|R1+45|rgb_recovery,138.3928001019598,approved,epnp_raceline,rear,toward,-0.9946694303505625,66.22323021475246,10.055794694440852,7.020835339662268,3.853259066969038
1,2253,24,8,15,0,0.13156089186668396,0.13132457435131073,gigapose_global_rank_1|R0+45|rgb_recovery,140.21466298798487,approved,epnp_raceline,rear,toward,-0.4210641894223947,179.95930421767707,78.59916020110926,0.8330486171267155,12.134391633994822
1,2254,24,8,13,0,0.24287480115890503,0.06488259881734848,gigapose_global_rank_1|R1+45|rgb_recovery,144.40116021729514,approved,epnp_raceline,rear,toward,-0.9917399615380774,58.925993127675795,12.078753933002337,8.514627434524883,1.0101508379535438
1,2255,24,0,1,0,0.1404944211244583,0.13596633076667786,gigapose_global_rank_0|R1+20|rgb_recovery,128.91533338415704,approved,epnp_raceline,rear,toward,-0.9856689364398835,4.247028098507708,15.284178086215118,5.541311457762007,0.5380591775320132
1,2256,24,0,3,0,0.1251750886440277,0.10287399590015411,gigapose_global_rank_0|R1+20|rgb_recovery,141.15234076255166,approved,epnp_raceline,rear,toward,-0.9819789100928884,4.558562307377992,16.97401272006904,2.671920599630498,1.7443788307814736
1,2257,24,2,2,0,0.15344950556755066,0.15344950556755066,gigapose_global_rank_0|R1+20|rgb_recovery,137.92402689078426,approved,epnp_raceline,rear,toward,-0.9846285570280833,16.875728623245116,16.875728623245116,1.5670262133611632,1.5670262133611632
1,2258,24,6,1,0,0.14155937731266022,0.12957073748111725,gigapose_global_rank_1|R1+20|rgb_recovery,138.31952109875908,approved,epnp_raceline,rear,toward,-0.9869966915110877,15.598416719104367,17.093099027831403,0.8604334726493631,0.943128265276287
1,2259,24,1,1,0,0.1428356170654297,0.1428356170654297,gigapose_global_rank_1|R1+20|rgb_recovery,145.01808910491832,approved,epnp_raceline,rear,toward,-0.9898863070170323,15.781415654699504,15.781415654699504,0.5227850646975899,0.5227850646975899
1,2260,24,6,1,1,0.11662300676107407,0.04847002774477005,gigapose_global_rank_1|uv0-48|rgb_recovery|center_preserving_flip180,145.0235674255786,approved,epnp_raceline,rear,toward,-0.9948698676926004,179.0200336461427,4.141693859072968,2.4412393663319287,3.9260667450508766
1,2261,24,3,11,1,0.24403856694698334,0.051500435918569565,gigapose_global_rank_1|R1+45|rgb_recovery|center_preserving_flip180,138.37128095420601,approved,epnp_raceline,rear,toward,-0.9615377158294769,11.787833093578948,23.315596955711076,1.5026678803400888,3.1956439202662725
1,2262,24,9,15,1,0.3674442172050476,0.07503621280193329,gigapose_global_rank_1|R1+45|rgb_recovery|center_preserving_flip180,144.79524023067242,approved,epnp_raceline,rear,toward,-0.9562875303878091,37.46124460585447,25.133470963500823,6.7474348249593294,2.627302755508847
1,2263,24,1,8,1,0.192278653383255,0.008278756402432919,gigapose_global_rank_0|R1+20|rgb_recovery|center_preserving_flip180,138.24695311816075,approved,epnp_raceline,rear,toward,-0.9994780312350933,7.2505969414661005,8.947575278648248,2.935734575230973,3.265195474514199
1,2264,24,7,13,1,0.27887895703315735,0.06137285754084587,gigapose_global_rank_1|R1+45|rgb_recovery|center_preserving_flip180,134.00489738699386,approved,epnp_raceline,rear,toward,-0.9617359702069966,10.934594406033973,24.820195341425503,2.665158220370139,0.35739310867353175
1,2265,24,1,1,0,0.11956103891134262,0.11956103891134262,gigapose_global_rank_0|R1+20|rgb_recovery,136.15900485608344,approved,epnp_raceline,rear,toward,-0.9883146443167831,18.646378034530272,18.646378034530272,0.8125280877007701,0.8125280877007701
1,2266,24,10,11,1,0.18588481843471527,0.04384426400065422,gigapose_global_rank_1|R1+45|rgb_recovery|center_preserving_flip180,110.60102108516922,approved,epnp_raceline,rear,toward,-0.9607835784918003,6.882781746927247,25.785029128061492,4.103603117039379,2.8312177526583433
1,2267,24,10,10,1,0.11241962015628815,0.11241962015628815,gigapose_global_rank_1|R1+45|rgb_recovery|center_preserving_flip180,108.26079688299924,approved,epnp_raceline,rear,toward,-0.9561538075624144,153.6191468612906,26.475951515216707,0.8266459680699106,0.8266459680699106
1,2268,24,6,4,1,0.11596985161304474,0.08737091720104218,gigapose_global_rank_0|R1+20|rgb_recovery|center_preserving_flip180,116.52068231036368,approved,epnp_raceline,rear,toward,-0.9859582568507851,176.59449251311693,19.543584176363634,1.8537009733340053,0.8499810914752322
1,2269,24,7,14,1,0.35386377573013306,0.05053148791193962,gigapose_global_rank_1|R1+45|rgb_recovery|center_preserving_flip180,89.29627611128343,approved,epnp_raceline,rear,toward,-0.9577547795614099,36.71452624094752,26.78987661464744,11.16771242476765,0.18724704089294306
1,2270,24,0,2,0,0.14811323583126068,0.11460139602422714,gigapose_global_rank_0|R1+20|rgb_recovery,90.14392788132301,approved,epnp_raceline,rear,toward,-0.9889307611561495,5.135445798767737,20.54700690279178,3.8053024148239163,0.35538315651038965
1,2271,24,1,1,0,0.1990116983652115,0.1990116983652115,gigapose_global_rank_1|R1+20|rgb_recovery,90.15047928757912,approved,epnp_raceline,rear,toward,-0.9898302694084544,19.03466715149972,19.03466715149972,0.4526217188896973,0.4526217188896973
1,2272,24,4,8,1,0.2828407883644104,0.08883093297481537,gigapose_global_rank_1|R1+45|rgb_recovery|center_preserving_flip180,90.43184071753997,approved,epnp_raceline,rear,toward,-0.9535504824301106,28.668759641039937,28.223391526712714,11.876849289377406,2.0845161712268077
1,2273,24,1,8,1,0.14670000970363617,0.016688235104084015,gigapose_global_rank_0|R1+45|rgb_recovery|center_preserving_flip180,88.53309512787231,approved,epnp_raceline,rear,toward,-0.9579123306240139,21.18878722614888,27.53422090328623,1.485350954712544,1.6699297154721116
1,2274,24,4,8,1,0.3085101842880249,0.05475533753633499,gigapose_global_rank_1|R1+45|rgb_recovery|center_preserving_flip180,107.24826025261504,approved,epnp_raceline,rear,toward,-0.9585399976982704,12.107387488803186,27.97209156807837,3.694235206433122,0.892751704779326
1,2275,24,0,1,0,0.12632082402706146,0.10853242129087448,gigapose_global_rank_0|R1+20|rgb_recovery,106.69548680404603,approved,epnp_raceline,rear,toward,-0.9895811792225679,5.275520265254912,19.638381677436353,0.628875955438217,0.8813282747238051
1,2276,24,2,2,0,0.12286090105772018,0.12286090105772018,gigapose_global_rank_1|R1+20|rgb_recovery,104.37420220898183,approved,epnp_raceline,rear,toward,-0.9898418058045997,19.948247639014703,19.948247639014703,1.0838646451752556,1.0838646451752556
1,2277,24,7,7,0,0.1261688619852066,0.1261688619852066,gigapose_global_rank_1|R1+20|rgb_recovery,78.46349149344923,approved,epnp_raceline,rear,toward,-0.9835088193278944,21.898363467036468,21.898363467036468,1.3815952438363532,1.3815952438363532
1,2278,24,0,2,0,0.14520634710788727,0.11907611042261124,gigapose_global_rank_0|R1+20|rgb_recovery,52.30513297795531,approved,epnp_raceline,rear,toward,-0.9866347859958583,6.615617871779556,20.961538458940908,3.7072012037661937,1.518671773597867
1,2279,24,1,1,0,0.15816539525985718,0.15816539525985718,gigapose_global_rank_1|R1+20|rgb_recovery,29.434096705245707,approved,epnp_raceline,rear,toward,-0.985029870571423,21.955654744084317,21.955654744084317,0.6354146749495545,0.6354146749495545
1,2280,24,2,2,0,0.12303856760263443,0.12303856760263443,gigapose_global_rank_0|R1+20|rgb_recovery,3.7728254126550738,approved,epnp_raceline,rear,toward,-0.981065152021606,23.41141645683486,23.41141645683486,0.6751411881083874,0.6751411881083874
1,2281,24,10,1,0,0.14575308561325073,0.13251559436321259,gigapose_global_rank_2|align_detection|rgb_recovery,30.275032882442193,approved,epnp_raceline,rear,toward,-0.9930226948781782,2.772272399198259,5.9634753815363695,0.2564698209812575,2.6273219204811
1,2282,24,3,3,0,0.1544816642999649,0.1544816642999649,gigapose_global_rank_1|R0+20|rgb_recovery,55.494563310494506,approved,epnp_raceline,rear,toward,-0.9873748761839304,6.575039598546547,6.575039598546547,4.328225363978449,4.328225363978449
1,2283,24,7,5,0,0.13522706925868988,0.0932028666138649,gigapose_global_rank_1|uv0-48|rgb_recovery,56.32488783058385,approved,epnp_raceline,rear,toward,-0.9907174451853623,5.800135831479353,4.5755071001644625,4.0027202919688945,3.9355779080312376
1,2284,24,10,1,0,0.19138580560684204,0.17276030778884888,gigapose_global_rank_1|R0+20|rgb_recovery,82.33282433878254,approved,epnp_raceline,rear,toward,-0.9900209072288371,7.725848444272052,7.679498919830817,2.6954930048774774,2.574914413872885
1,2285,24,8,2,0,0.14136768877506256,0.13029620051383972,gigapose_global_rank_1|R1+20|rgb_recovery,83.2646410222686,approved,epnp_raceline,rear,toward,-0.9886989945030521,7.032117463751479,22.468748500328736,2.855833246018364,0.3420986463281239
1,2286,24,0,4,0,0.17390041053295135,0.16337886452674866,gigapose_global_rank_0|R1+20|rgb_recovery,55.60269218773314,approved,epnp_raceline,rear,toward,-0.9836662637362704,6.424777211953096,24.126468850000393,0.6035278122041834,3.1050989869788332
1,2287,24,1,1,0,0.1425255537033081,0.1425255537033081,gigapose_global_rank_0|R1+20|rgb_recovery,29.217477278685866,approved,epnp_raceline,rear,toward,-0.9826698648372537,23.47603528347917,23.47603528347917,0.3461971772815738,0.3461971772815738
1,2288,24,1,1,0,0.12839668989181519,0.12839668989181519,gigapose_global_rank_1|R1+20|rgb_recovery,28.130319584342093,approved,epnp_raceline,rear,toward,-0.9912331227463212,20.017670159841785,20.017670159841785,0.4490715089709226,0.4490715089709226
1,2289,24,1,2,0,0.13781964778900146,0.12018002569675446,gigapose_global_rank_1|R0+20|rgb_recovery,1.3080699359021777,approved,epnp_raceline,rear,toward,-0.9873565230521847,23.10242486873351,7.500228830398511,3.093016919104908,3.4078526574621764
1,2291,25,7,1,0,0.19103297591209412,0.13280312716960907,gigapose_global_rank_1|uv1-48|rgb_recovery,3.07202656396973,approved,epnp_raceline,rear,toward,-0.9904825557858955,6.773606057707655,4.969899783585787,4.089875829919466,3.7305674934655615
1,2292,25,1,3,0,0.10758116841316223,0.08534647524356842,gigapose_global_rank_0|align_detection|rgb_recovery,3.2581631212525526,approved,epnp_raceline,rear,toward,-0.9926523311504224,21.645596852098553,5.236980065313817,0.916588896777707,2.5435779891593215
1,2293,25,15,1,0,0.11178940534591675,0.0723298192024231,gigapose_global_rank_1|uv1-48|rgb_recovery,29.3526172831627,approved,epnp_raceline,rear,toward,-0.98861701042343,8.180195073510953,5.79877620165624,0.5004603906439018,2.7236908108305626
1,2294,25,11,1,0,0.141927570104599,0.09714215993881226,gigapose_global_rank_1|uv1+48|rgb_recovery,29.87635789538525,approved,epnp_raceline,rear,toward,-0.9896875221173066,9.367107792980496,5.066063995758542,4.2195774309945335,1.6743017618662408
1,2295,25,11,2,0,0.14059408009052277,0.12291890382766724,gigapose_global_rank_1|align_detection|rgb_recovery,61.485032200348854,approved,epnp_raceline,rear,toward,-0.9948425367603173,6.744659030343784,7.616120137141884,3.7203863441230665,2.7524861990502822
1,2296,25,10,2,0,0.19923852384090424,0.10957986861467361,gigapose_global_rank_1|uv1+48|rgb_recovery,89.78486096170354,approved,epnp_raceline,rear,toward,-0.990057650449119,7.359727593563981,5.754639655356916,4.765174569461165,1.8529778486918287
1,2297,25,3,3,0,0.11862720549106598,0.11862720549106598,gigapose_global_rank_1|R1+20|rgb_recovery,119.31622273018533,approved,epnp_raceline,rear,toward,-0.9797944732116343,24.414363603740643,24.414363603740643,1.4641956041208355,1.4641956041208355
1,2298,25,0,1,0,0.10268999636173248,0.09454557299613953,gigapose_global_rank_0|yaw+30|rgb_recovery,118.80506192546744,approved,epnp_raceline,rear,toward,-0.9926554304287645,6.926446263207103,6.35395081474397,1.282678828280185,4.523706588538022
1,2299,25,6,1,1,0.21849125623703003,0.024293549358844757,gigapose_global_rank_0|R1+20|rgb_recovery|center_preserving_flip180,141.47620727308697,rejected:center_error_px+bbox_iou,epnp_raceline,rear,toward,-0.9975817715338884,nan,nan,nan,nan
1,2300,25,9,3,1,0.3668319880962372,0.05768817290663719,gigapose_global_rank_1|R1+20|rgb_recovery|center_preserving_flip180,139.83388367452773,approved,epnp_raceline,rear,toward,-0.9960198867867309,15.70143520035756,16.031211283460518,1.843357887090316,2.132794110367695
1,2301,25,6,1,1,0.14445585012435913,0.07613133639097214,gigapose_global_rank_0|R1+20|rgb_recovery|center_preserving_flip180,113.81188658869314,approved,epnp_raceline,rear,toward,-0.9926160527166077,28.00257995443588,7.026337415171727,4.78008646370845,5.081994598894521
1,2302,25,7,10,0,0.14518849551677704,0.13290615379810333,gigapose_global_rank_1|R1+20|rgb_recovery,114.09163944623191,rejected:center_error_px+bbox_iou,epnp_raceline,rear,toward,-0.9983923457894601,nan,nan,nan,nan
1,2303,25,1,1,0,0.15499110519886017,0.15499110519886017,gigapose_global_rank_1|R1+20|rgb_recovery,117.67161634612263,approved,epnp_raceline,rear,toward,-0.9982017779498058,13.275951799437497,13.275951799437497,4.647450669803632,4.647450669803632
1,2304,25,10,3,1,0.42803260684013367,0.06389132887125015,gigapose_global_rank_1|R1+20|rgb_recovery|center_preserving_flip180,96.03826450276786,approved,epnp_raceline,rear,toward,-0.9978952363911815,12.951772690628417,15.647082704036176,2.7239855378074713,2.4219098634301903
1,2305,25,10,1,1,0.27662163972854614,0.051703255623579025,gigapose_global_rank_0|R1+20|rgb_recovery|center_preserving_flip180,95.74252161230578,approved,epnp_raceline,rear,toward,-0.9973230669476305,5.043377236366078,16.580564166775083,1.3692464077821125,2.348164770024662
1,2306,25,12,1,1,0.2611216902732849,0.05550038814544678,gigapose_global_rank_0|R1+20|rgb_recovery|center_preserving_flip180,119.04863393328303,approved,epnp_raceline,rear,toward,-0.9947304981360198,5.982336967744583,15.01399783436803,1.3050379804519499,4.665349750227737
1,2307,25,8,1,1,0.2197791039943695,0.029500052332878113,gigapose_global_rank_1|R1+20|rgb_recovery|center_preserving_flip180,90.9720444209818,approved,epnp_raceline,rear,toward,-0.9993133069736244,7.419622990172233,12.347065790954453,0.3375579528558483,3.3585639497358057
1,2308,25,1,11,1,0.16678829491138458,0.03054255247116089,gigapose_global_rank_1|flip180|rgb_recovery|center_preserving_flip180,87.87930775461126,approved,epnp_raceline,rear,toward,-0.9827547470206923,7.5794334500540055,4.393700467027558,2.234805175478592,2.2410736535184106
1,2309,25,9,3,1,0.3228207230567932,0.03521563485264778,gigapose_global_rank_0|R1+20|rgb_recovery|center_preserving_flip180,88.08981157919999,approved,epnp_raceline,rear,toward,-0.999749339552751,10.00779785200671,14.323391934026318,2.8612353618929394,3.0214783775156593
1,2310,25,2,13,1,0.2796574831008911,0.061468448489904404,gigapose_global_rank_1|R1+20|rgb_recovery|center_preserving_flip180,60.183626528437834,approved,epnp_raceline,rear,toward,-0.9793634665840028,7.148559010732044,23.529777411743765,5.210160730952629,3.564045932665925
1,2311,25,1,11,1,0.13217125833034515,0.027277814224362373,gigapose_global_rank_1|flip180|rgb_recovery|center_preserving_flip180,34.81757564698638,approved,epnp_raceline,rear,toward,-0.9890596703308452,4.741103826600568,6.724663086213987,2.7607778130959426,0.9630638454831401
1,2312,25,2,10,1,0.32899072766304016,0.10517306625843048,gigapose_global_rank_0|R1+45|rgb_recovery|center_preserving_flip180,63.23012776557625,approved,epnp_raceline,rear,toward,-0.9554642816893111,9.747404588683855,29.81055787947273,4.647928921126426,0.6989549851086742
1,2313,25,11,1,0,0.10930278897285461,0.07365255057811737,gigapose_global_rank_1|uv1-48|rgb_recovery,68.77575069053592,approved,epnp_raceline,rear,toward,-0.9900562436656044,10.878872089223806,5.279275653604993,3.090176683926793,3.0910272244624397
1,2314,25,0,4,0,0.1498618721961975,0.12241838127374649,gigapose_global_rank_0|R0+20|rgb_recovery,93.3595635973184,approved,epnp_raceline,rear,toward,-0.9787199278082669,7.569259933760494,5.498751637421575,3.8254723090113005,2.2198824235181265
1,2315,25,10,1,0,0.17180921137332916,0.13479478657245636,gigapose_global_rank_1|uv1-48|rgb_recovery,94.91104479083894,approved,epnp_raceline,rear,toward,-0.9916621255170934,7.465336781276832,6.4266018388760155,3.5255716522403775,3.003408491646083
1,2316,25,6,13,1,0.3885205090045929,0.042154259979724884,gigapose_global_rank_0|R1+20|rgb_recovery|center_preserving_flip180,116.24245438796947,approved,epnp_raceline,rear,toward,-0.9990158877462452,12.883063220771266,14.958452968833189,0.5450883149145777,4.156992801209169
1,2317,25,12,2,1,0.32018744945526123,0.0647401213645935,gigapose_global_rank_0|R1+20|rgb_recovery|center_preserving_flip180,109.75677364142375,approved,epnp_raceline,rear,toward,-0.9979088898511199,4.710537185851617,15.640802989035096,3.1974693193137416,2.8644120413313865
1,2318,25,8,1,1,0.22175203263759613,0.037470150738954544,gigapose_global_rank_1|R1+20|rgb_recovery|center_preserving_flip180,105.16589086388757,approved,epnp_raceline,rear,toward,-0.9971348092859692,4.909611541914882,13.10023421961515,2.4737852875420527,3.808620950664588
1,2319,25,9,4,1,0.1067262515425682,0.025305308401584625,gigapose_global_rank_1|flip180|rgb_recovery|center_preserving_flip180,96.587905806811,approved,epnp_raceline,rear,toward,-0.9882033977034411,5.345529096995719,6.325005590839201,3.155686015080005,0.9252659994098477
1,2320,25,7,6,1,0.261808305978775,0.0891544371843338,gigapose_global_rank_0|R1+45|rgb_recovery|center_preserving_flip180,114.42027301730839,approved,epnp_raceline,rear,toward,-0.9409888113600784,6.647260671767758,33.33822272959889,4.062698036039248,1.1321772662212177
1,2321,25,14,14,0,0.21001966297626495,0.21001966297626495,gigapose_global_rank_0|R1+20|rgb_recovery,119.31277824570176,approved,epnp_raceline,rear,toward,-0.9795652571744246,24.661635239756194,24.661635239756194,0.6878234221644828,0.6878234221644828
1,2322,25,7,14,0,0.14389967918395996,0.12080269306898117,gigapose_global_rank_0|R1+20|rgb_recovery,117.17848453583458,approved,epnp_raceline,rear,toward,-0.9785655070512249,13.440633068204667,25.310286410953445,2.2105682178295556,1.0888610952155018
1,2323,25,3,3,0,0.18460029363632202,0.18460029363632202,gigapose_global_rank_0|R1+20|rgb_recovery,97.39711882689673,approved,epnp_raceline,rear,toward,-0.9795574040324747,24.928750419899874,24.928750419899874,0.6678434787274328,0.6678434787274328
1,2324,25,4,4,0,0.16919103264808655,0.16919103264808655,gigapose_global_rank_1|R1+20|rgb_recovery,109.00534722143234,approved,epnp_raceline,rear,toward,-0.9770809955919216,25.54099080836525,25.54099080836525,1.779698589936676,1.779698589936676
1,2325,25,7,1,1,0.1901630461215973,0.05577831342816353,gigapose_global_rank_0|R1+45|rgb_recovery|center_preserving_flip180,115.16702178274298,approved,epnp_raceline,rear,toward,-0.9838352513354429,8.021187704266211,23.314924761929113,0.5627575736217957,4.788367509265814
1,2326,25,9,14,1,0.2461659461259842,0.041963376104831696,gigapose_global_rank_1|R1+45|rgb_recovery|center_preserving_flip180,119.8294366732127,approved,epnp_raceline,rear,toward,-0.9527579585534283,9.657071263914352,30.725118947371723,0.8318635236291709,1.3900078453126932
1,2327,25,6,6,0,0.19412663578987122,0.19412663578987122,gigapose_global_rank_1|R1+20|rgb_recovery,120.53949674008095,approved,epnp_raceline,rear,toward,-0.9750601864836561,26.030655419537702,26.030655419537702,0.640344329125616,0.640344329125616
1,2328,25,13,13,0,0.2845495045185089,0.2845495045185089,gigapose_global_rank_2|logz-0.35|rgb_recovery,119.74433890769417,approved,epnp_raceline,rear,toward,-0.992178337559753,10.815865150374222,10.815865150374222,2.212650900420903,2.212650900420903
1,2329,25,13,13,0,0.34191951155662537,0.34191951155662537,gigapose_global_rank_3|rgb_recovery,115.31842114050902,approved,epnp_raceline,rear,toward,-0.9895200623353807,7.760172878698391,7.760172878698391,0.36596549666343825,0.36596549666343825
1,2330,25,12,3,0,0.2987920939922333,0.20570218563079834,gigapose_global_rank_4|rgb_recovery,118.95163416866708,approved,epnp_raceline,rear,toward,-0.7647505240118444,11.08653422495097,30.41723440154042,2.400244956912869,12.652905678724416
1,2331,25,7,8,0,0.279651015996933,0.26332008838653564,gigapose_global_rank_4|rgb_recovery,90.59322817994031,approved,epnp_raceline,rear,toward,-0.74469036165008,11.850472029318976,32.273786461368914,0.43941306556038634,6.579054493712249
1,2332,25,2,2,0,0.1178390309214592,0.1178390309214592,gigapose_global_rank_1|R0+45|rgb_recovery,91.12009718274237,approved,epnp_raceline,rear,toward,-0.969075407156123,14.337304851928863,14.337304851928863,1.336876255359156,1.336876255359156
1,2333,25,5,13,1,0.24000324308872223,0.05690404400229454,gigapose_global_rank_1|R1+45|rgb_recovery|center_preserving_flip180,120.3233759115089,approved,epnp_raceline,rear,toward,-0.9541109930246858,5.295286922904865,29.399471017973337,3.0612374514426954,0.5866641476702965
1,2334,25,9,2,1,0.1404779851436615,0.09082286059856415,gigapose_global_rank_1|R1+20|rgb_recovery|center_preserving_flip180,92.37376238988558,approved,epnp_raceline,rear,toward,-0.9997163554509232,9.742969680831285,12.961509963667622,0.3658520584561537,4.43216577862046
1,2335,25,4,3,1,0.21035180985927582,0.07382160425186157,gigapose_global_rank_2|flip180|rgb_recovery|center_preserving_flip180,65.6114749528716,approved,epnp_raceline,rear,toward,-0.9824086678763517,10.842531026005549,2.737478788538828,2.446097191396177,0.6394314974493452
1,2336,25,11,2,1,0.3087190091609955,0.09426478296518326,gigapose_global_rank_1|R1+20|rgb_recovery|center_preserving_flip180,87.49841980702546,approved,epnp_raceline,rear,toward,-0.9987521478546326,26.125374750152734,14.068898581222124,9.046844535609795,4.601477296956398
1,2337,25,3,1,1,0.2162753939628601,0.03310307860374451,gigapose_global_rank_0|R1+20|rgb_recovery|center_preserving_flip180,84.71927272058782,approved,epnp_raceline,rear,toward,-0.9986624095462613,8.181372339353894,11.913203208006841,1.6028990039041031,4.824237654681197
1,2338,25,0,1,0,0.11603972315788269,0.09362222999334335,gigapose_global_rank_0|align_detection|rgb_recovery,56.18151166705209,approved,epnp_raceline,rear,toward,-0.9959133040285592,6.908735448227212,8.634246506262285,3.973436298503663,3.1154726251826066
1,2339,25,0,1,0,0.10264194756746292,0.07720288634300232,gigapose_global_rank_0|R1+20|rgb_recovery,54.42980311132665,approved,epnp_raceline,rear,toward,-0.9914361316011129,6.620398988910776,19.501858114873546,2.197584499669488,1.4398913980554253
1,2340,25,0,2,0,0.10975202172994614,0.08288593590259552,gigapose_global_rank_0|R1+20|rgb_recovery,79.39910036186319,approved,epnp_raceline,rear,toward,-0.9858413903218882,6.5731304365278085,21.858791882310662,1.8581298167283724,1.7359793111693216
1,2341,25,6,9,1,0.2546555995941162,0.09584806859493256,gigapose_global_rank_0|R1+45|rgb_recovery|center_preserving_flip180,80.18301659299154,approved,epnp_raceline,rear,toward,-0.9583746510832901,31.693302159669326,27.603147444020316,7.203899113583719,2.6653173372055567
1,2342,25,3,2,0,0.11792533099651337,0.0993468388915062,gigapose_global_rank_1|R1+20|rgb_recovery,83.04088263417844,approved,epnp_raceline,rear,toward,-0.9915254280935407,15.949922987836135,19.52185967054072,1.0697820213235976,3.0644314227556957
1,2343,25,10,3,0,0.10430840402841568,0.0848393663764,gigapose_global_rank_1|R1+20|rgb_recovery,103.25697281620099,approved,epnp_raceline,rear,toward,-0.9937920770387295,6.8868042376370315,17.94078753699443,2.804313334366348,1.459429518515748
1,2344,25,4,4,0,0.16364118456840515,0.16364118456840515,gigapose_global_rank_1|R1+20|rgb_recovery,129.396084158075,approved,epnp_raceline,rear,toward,-0.9856877692624899,21.643263159796106,21.643263159796106,0.435130687230712,0.435130687230712
1,2345,25,1,2,0,0.1450660675764084,0.1290510892868042,gigapose_global_rank_1|R1+20|rgb_recovery,127.96381320679457,approved,epnp_raceline,rear,toward,-0.9911282217972224,4.740473106699294,19.562345384245333,2.7555668682457455,2.034895040480233
1,2346,25,3,1,1,0.3150331377983093,0.061081115156412125,gigapose_global_rank_1|R1+20|rgb_recovery|center_preserving_flip180,130.20494600077294,approved,epnp_raceline,rear,toward,-0.998838188484719,11.270440551485894,13.05214862079399,1.4591028809276783,5.7051074324282585
1,2347,25,7,7,0,0.11664789170026779,0.11664789170026779,gigapose_global_rank_1|R1+20|rgb_recovery,132.81701152038184,approved,epnp_raceline,rear,toward,-0.9811112773999684,22.79992165612882,22.79992165612882,3.6547744861758424,3.6547744861758424
1,2348,25,6,3,0,0.13271498680114746,0.10745544731616974,gigapose_global_rank_0|R1+20|rgb_recovery,134.8804028933157,approved,epnp_raceline,rear,toward,-0.9902054483708457,7.338074134469732,19.740844092966526,5.671234769132939,1.3782358810768407
1,2349,25,5,15,1,0.34020933508872986,0.1193997710943222,gigapose_global_rank_0|R1+45|rgb_recovery|center_preserving_flip180,137.23659709169797,approved,epnp_raceline,rear,toward,-0.9366852014638708,6.238051723097435,31.762105226582484,4.526165229870885,0.5276887236681265
1,2350,25,1,1,0,0.14284253120422363,0.14284253120422363,gigapose_global_rank_1|R1+20|rgb_recovery,112.84923093729874,approved,epnp_raceline,rear,toward,-0.9872606883540628,21.937775148908628,21.937775148908628,1.249194180798527,1.249194180798527
1,2351,25,5,3,1,0.21978071331977844,0.04531741887331009,gigapose_global_rank_1|R1+20|rgb_recovery|center_preserving_flip180,115.61771147904756,approved,epnp_raceline,rear,toward,-0.9955819966370008,4.645283260044216,13.416090067864468,5.34505742509247,5.642775400649736
1,2352,25,12,13,1,0.26762503385543823,0.06809502840042114,gigapose_global_rank_0|R1+45|rgb_recovery|center_preserving_flip180,117.64788996301372,approved,epnp_raceline,rear,toward,-0.9494982147813227,26.72012347157471,29.723650062802967,5.073694191069568,1.5404571854209066
1,2353,25,3,15,0,0.12996692955493927,0.11411786824464798,gigapose_global_rank_1|R1+20|rgb_recovery,117.90086276950719,approved,epnp_raceline,rear,toward,-0.9784389669787519,8.196967784017914,23.21689347248369,4.871734365176045,4.523629092019968
1,2354,25,2,2,0,0.11272113770246506,0.11272113770246506,gigapose_global_rank_1|R0+20|rgb_recovery,108.73341512330337,approved,epnp_raceline,rear,toward,-0.9947049269796462,9.17925033659577,9.17925033659577,5.49376968059915,5.49376968059915
1,2355,25,1,8,1,0.3014378249645233,0.07461604475975037,gigapose_global_rank_1|R1+20|rgb_recovery|center_preserving_flip180,133.35702865274166,approved,epnp_raceline,rear,toward,-0.990787912311522,8.7836398988243,17.84966636009441,3.8003957711238283,1.0293998516075402
1,2356,25,14,1,1,0.2834950387477875,0.05163625627756119,gigapose_global_rank_0|R1+20|rgb_recovery|center_preserving_flip180,126.30812470985875,approved,epnp_raceline,rear,toward,-0.9965782948516904,10.674123768464685,9.73559003801809,1.7788506427648474,6.220231012814844
1,2357,25,4,5,1,0.155453622341156,0.1005413755774498,gigapose_global_rank_1|R1+20|rgb_recovery|center_preserving_flip180,98.98915434290603,approved,epnp_raceline,rear,toward,-0.9938668890798352,8.419670655276384,16.906461262571916,1.826968513408492,4.4588952161160105
1,2358,25,13,5,1,0.30393677949905396,0.20460619032382965,gigapose_global_rank_2|rgb_recovery|center_preserving_flip180,89.29603150001446,approved,epnp_raceline,rear,toward,-0.7454868136323957,125.19833341557013,53.8965111654223,2.993648503981294,9.97802444070379
1,2359,25,15,3,1,0.18009038269519806,0.0685071051120758,gigapose_global_rank_1|R1+45|rgb_recovery|center_preserving_flip180,93.1259839187606,approved,epnp_raceline,rear,toward,-0.9421147403887044,28.82845046279914,31.38710568073257,1.0026518413865644,0.8945145993480544
1,2360,25,5,14,1,0.1750069260597229,0.01937033236026764,gigapose_global_rank_1|R1+20|rgb_recovery|center_preserving_flip180,105.62579133765456,approved,epnp_raceline,rear,toward,-0.9449568754831602,116.71993737029692,10.270040544092135,8.931699594385272,1.780950569539498
1,2361,25,2,6,0,0.07514411211013794,0.0560772605240345,gigapose_global_rank_0|uv0+48|rgb_recovery,105.03639993103016,approved,epnp_raceline,rear,toward,-0.9995789637758968,27.57458712419064,11.669358956701839,1.4637717479473653,4.430774707776812
1,2362,25,0,15,0,0.15903614461421967,0.09995432198047638,gigapose_global_rank_2|logz-0.35|rgb_recovery,105.69362650546869,approved,epnp_raceline,rear,toward,-0.8588587139595045,122.05382421583587,20.197469153590013,29.187344693763112,1.9445063947671073
1,2363,25,1,3,0,0.280213862657547,0.018886271864175797,gigapose_global_rank_2|flip180|rgb_recovery,109.34953628421727,approved,epnp_raceline,rear,toward,-0.6933633374794385,62.39849235604484,59.17728748059862,10.429902139852796,12.840334888934446
1,2364,25,14,2,0,0.25832414627075195,0.014314359985291958,gigapose_global_rank_0|flip180|rgb_recovery,91.09070364906322,approved,epnp_raceline,rear,toward,-0.6952670896204987,98.57810154303812,58.998958367385,16.245424793337307,10.842232412408656
1,2365,25,1,15,0,0.16087061166763306,0.031039219349622726,gigapose_global_rank_4|rgb_recovery,70.7644942860859,approved,epnp_raceline,rear,toward,-0.9034580942002604,74.02071206509876,16.82721181460291,7.925064308024364,1.6133015324819675
1,2366,25,11,8,0,0.25806236267089844,0.08435975760221481,gigapose_global_rank_1|yaw-30|rgb_recovery,55.647473238482156,approved,epnp_raceline,rear,toward,-0.8998823028350765,60.05658574852992,19.060719004216445,5.773217746147556,0.7263263541468467
1,2367,25,6,3,0,0.15424877405166626,0.11584100127220154,gigapose_global_rank_4|rgb_recovery,61.41346269209861,approved,epnp_raceline,rear,toward,-0.8971458993155796,118.4336805529082,19.913219015381983,5.047706429033906,1.9034775101773684
1,2368,25,5,5,0,0.24590043723583221,0.24590043723583221,gigapose_global_rank_1|R1+45|rgb_recovery,57.90144200287551,approved,epnp_raceline,rear,toward,-0.07858876664022282,73.05175187522723,73.05175187522723,8.282167998366985,8.282167998366985
1,2369,25,3,2,1,0.17604932188987732,0.01230835635215044,gigapose_global_rank_0|R1-20|rgb_recovery|center_preserving_flip180,63.32172023318497,approved,epnp_raceline,rear,toward,-0.33812449018565777,113.33349010480649,56.26186457940263,6.833154203496577,5.597090462259125
1,2370,25,7,13,0,0.23729370534420013,0.10326075553894043,gigapose_global_rank_1|R1-20|rgb_recovery,67.69506399440155,approved,epnp_raceline,rear,toward,-0.7074961685404394,112.12393862308508,34.20931328916478,6.651845314670515,3.0961366637630063
1,2371,25,4,4,0,0.21969462931156158,0.21969462931156158,gigapose_global_rank_1|R1+45|rgb_recovery,74.3827260151598,approved,epnp_raceline,rear,toward,-0.14307481966170732,68.48570923242643,68.48570923242643,13.128452740925207,13.128452740925207
1,2372,25,13,9,0,0.1193910613656044,0.0418369360268116,gigapose_global_rank_0|R1-20|rgb_recovery,83.71581603678837,approved,epnp_raceline,rear,toward,-0.7116682692991235,111.45624629590911,30.561716754212355,10.591370505149664,6.501244667365686
1,2373,25,8,6,0,0.1914469301700592,0.04826170578598976,gigapose_global_rank_1|uv0-48|rgb_recovery,80.80544263918458,approved,epnp_raceline,rear,toward,-0.9145361968356146,100.9300554719479,8.649401911121222,3.9925762999652212,1.7308805197185289
1,2374,25,8,12,0,0.13953475654125214,0.10567130148410797,gigapose_global_rank_2|rgb_recovery,93.08167949349323,approved,epnp_raceline,rear,toward,-0.914263694695531,113.9701824202736,9.96816806691717,6.202879994182709,0.3853981179740955
1,2375,25,13,6,0,0.31533849239349365,0.02766939252614975,gigapose_global_rank_0|flip180|rgb_recovery,103.82788689200802,approved,epnp_raceline,rear,toward,-0.9059153477732638,77.01142448485065,8.964229348049585,1.2351463395160531,4.885032587911923
1,2376,25,0,6,0,0.17008981108665466,0.05519706383347511,gigapose_global_rank_0|yaw+30|rgb_recovery,103.026638820534,approved,epnp_raceline,rear,toward,-0.9398873870457184,17.216097583927603,6.965287387221422,5.107455426954773,2.250495537403803
1,2377,25,15,1,0,0.17002493143081665,0.04525924101471901,gigapose_global_rank_0|R1+20|rgb_recovery,101.94731177657687,approved,epnp_raceline,rear,toward,-0.9928667654244621,70.007612461614,11.33169660380568,5.872523413631959,8.916537214599028
1,2378,25,0,3,0,0.26000502705574036,0.07885148376226425,gigapose_global_rank_0|R1+45|rgb_recovery,89.68899853352168,approved,epnp_raceline,rear,toward,-0.9479322168883573,15.992518702433907,38.23960528590316,8.14166979480258,3.7040280369714806
1,2379,25,6,5,0,0.15123307704925537,0.01195643749088049,gigapose_global_rank_0|flip180|rgb_recovery,65.66150750802748,approved,epnp_raceline,rear,toward,-0.8152668266141546,84.28214917492045,56.07954768369055,6.638447776973362,6.236267789260735
1,2380,25,14,11,0,0.18895496428012848,0.031783901154994965,gigapose_global_rank_4|rgb_recovery,29.368514927136953,approved,epnp_raceline,rear,toward,-0.9662391147117411,75.1661787946495,6.150282664263983,6.472722877111975,4.476817910454443
1,2381,25,11,1,0,0.14203977584838867,0.13536928594112396,gigapose_global_rank_2|align_detection|rgb_recovery,19.3866190176231,approved,epnp_raceline,rear,toward,-0.9699135305551004,6.033166846000899,8.506290012832222,3.8171659285751263,7.152201723036584
1,2382,25,6,1,0,0.11956252157688141,0.040421392768621445,gigapose_global_rank_1|rgb_recovery,27.933454527755988,approved,epnp_raceline,rear,toward,-0.903301682412935,111.71638891421799,6.207619303951911,4.152004933419856,2.285640529502068
1,2383,25,3,4,0,0.0814097598195076,0.052415359765291214,gigapose_global_rank_1|rgb_recovery,29.583180024384607,approved,epnp_raceline,rear,toward,-0.8912731304709067,116.82395975567913,7.275411170329702,1.4420419652705208,3.2507455757858756
1,2384,25,5,1,0,0.12180227041244507,0.07846491783857346,gigapose_global_rank_1|yaw+30|rgb_recovery,40.39820465862982,approved,epnp_raceline,rear,toward,-0.9373540598618703,109.27575312263905,2.725365613429958,5.179243260434878,1.6195413092830864
1,2385,25,13,5,0,0.18814271688461304,0.0496593713760376,gigapose_global_rank_2|align_detection|rgb_recovery,41.29928676605216,approved,epnp_raceline,rear,toward,-0.8821052760687269,89.80386496981734,11.123723476009703,10.039984254166058,0.3273357700408167
1,2386,25,13,2,0,0.20269259810447693,0.027414681389927864,gigapose_global_rank_0|align_detection|rgb_recovery,34.82292134517731,approved,epnp_raceline,rear,toward,-0.8760593332699496,59.55070407058668,10.487532542672243,10.00125415445823,1.7048481337657901
1,2387,25,6,9,0,0.21408817172050476,0.03181442618370056,gigapose_global_rank_2|logz-0.35|rgb_recovery,51.669083420997325,approved,epnp_raceline,rear,toward,-0.8897107696024358,70.22945851557408,12.543210643011458,5.210947777623521,1.2547932673562734
1,2388,25,13,14,0,0.11667416244745255,0.09888943284749985,gigapose_global_rank_1|R1-20|rgb_recovery,74.95016269112205,approved,epnp_raceline,rear,toward,-0.71424718788179,93.8169406296524,23.73492825295628,3.60383278262151,3.173758893063093
1,2389,25,15,6,0,0.22350117564201355,0.08410391211509705,gigapose_global_rank_1|R1-20|rgb_recovery,95.14827299647446,approved,epnp_raceline,rear,toward,-0.7496400139327375,45.50690031416324,19.187556762534413,9.141304792686228,6.974252145149709
1,2390,25,15,7,1,0.2625752389431,0.014867596328258514,gigapose_global_rank_3|rgb_recovery|center_preserving_flip180,135.55301812966894,approved,epnp_raceline,rear,toward,-0.8423857910135613,60.464998827786346,9.75642460254181,7.654446398848469,2.7758376424814384
1,2391,25,14,4,1,0.08065171539783478,0.04472770541906357,gigapose_global_rank_2|flip180|rgb_recovery|center_preserving_flip180,130.29282440967438,approved,epnp_raceline,rear,toward,-0.9332651891350531,102.19559654700033,5.943858615536917,7.8072329937061955,0.21772870044430745
1,2392,25,9,14,1,0.21693193912506104,0.04913487285375595,gigapose_global_rank_0|R1+45|rgb_recovery|center_preserving_flip180,124.11376249541448,approved,epnp_raceline,rear,toward,-0.8933148009487736,40.49210187618731,50.493269377368975,4.825100055351485,0.6372415586169483
1,2393,25,10,4,1,0.1989274024963379,0.04346226900815964,gigapose_global_rank_1|R0+20|rgb_recovery|center_preserving_flip180,109.41768114318356,approved,epnp_raceline,rear,toward,-0.9375781954385092,93.8327907492336,43.46732419290385,8.607564577745467,2.789068975396927
1,2394,25,7,7,0,0.13532614707946777,0.13532614707946777,gigapose_global_rank_3|rgb_recovery,86.35732087286647,approved,epnp_raceline,rear,toward,-0.8975370795375688,5.133597757570883,5.133597757570883,0.288383862315813,0.288383862315813
1,2395,25,15,9,0,0.20728462934494019,0.03699963539838791,gigapose_global_rank_0|uv1+48|rgb_recovery,94.46904126290005,approved,epnp_raceline,rear,toward,-0.865667748435545,93.4809876716053,13.64407605309925,7.0850824184467065,1.3438096662974974
1,2396,25,11,13,0,0.37560394406318665,0.10172448307275772,gigapose_global_rank_4|rgb_recovery,115.10115486252559,approved,epnp_raceline,rear,toward,-0.15921676687236389,72.61142603583902,57.54417159342187,8.475677925804586,5.959928168934693
1,2397,25,4,8,0,0.17822372913360596,0.009896956384181976,gigapose_global_rank_1|flip180|rgb_recovery,128.57411705193653,approved,epnp_raceline,rear,toward,-0.5858144115089597,101.62525089031669,30.439357834400028,3.938658943436952,3.854032650789093
1,2398,25,11,3,1,0.20978060364723206,0.008093422278761864,gigapose_global_rank_3|rgb_recovery|center_preserving_flip180,131.48442866410545,approved,epnp_raceline,rear,toward,-0.8760315236963497,66.25365650932552,10.092501569259477,8.707887257037253,0.7999245522394773
1,2399,25,9,5,1,0.14928282797336578,0.06058047339320183,gigapose_global_rank_1|R1-20|rgb_recovery|center_preserving_flip180,125.39545161741589,approved,epnp_raceline,rear,toward,-0.9684514239721732,111.6880234618099,37.308718437065245,4.219761461461146,4.10740580570283
1,2400,25,10,6,1,0.2517191767692566,0.035800933837890625,gigapose_global_rank_1|uv0-48|rgb_recovery|center_preserving_flip180,104.90777815040104,approved,epnp_raceline,rear,toward,-0.8510393629512673,69.40290269260511,55.20913341340974,12.451759446684159,1.408213244499377
1,2401,25,12,1,0,0.18259237706661224,0.039375826716423035,gigapose_global_rank_2|rgb_recovery,88.13524077234445,approved,epnp_raceline,rear,toward,-0.8446143731459301,77.39560544655839,14.579582434094858,10.911339210466629,2.349853164251468
1,2402,25,15,4,0,0.21568772196769714,0.061541296541690826,gigapose_global_rank_1|yaw-30|rgb_recovery,112.00024227608843,approved,epnp_raceline,rear,toward,-0.8462264431801625,79.46371700226456,21.843632978392975,6.15695084716414,1.4710681181668062
1,2403,25,3,7,0,0.36278390884399414,0.04335251823067665,gigapose_global_rank_3|rgb_recovery,119.69156231016657,approved,epnp_raceline,rear,toward,-0.8184448740864168,70.19254844176896,19.642277304640807,12.238898799552777,0.41908282889501286
1,2404,25,14,4,0,0.14432814717292786,0.028589729219675064,gigapose_global_rank_2|align_detection|rgb_recovery,124.00517836058708,approved,epnp_raceline,rear,toward,-0.8132877865316916,72.1457041913931,13.881033026553947,15.79975777759803,6.43334309806881
1,2405,25,3,13,0,0.2392028123140335,0.026050161570310593,gigapose_global_rank_1|uv1-48|rgb_recovery,125.71073708509341,approved,epnp_raceline,rear,toward,-0.8136883291694825,72.33536783048471,16.355454023693753,9.351900051140673,0.7194392205034174
1,2406,25,13,13,0,0.18052853643894196,0.18052853643894196,gigapose_global_rank_1|R1+45|rgb_recovery,130.20725991575222,approved,epnp_raceline,rear,toward,0.07471080729761673,72.16982832816747,72.16982832816747,10.871626835812979,10.871626835812979
1,2407,25,8,11,1,0.21555732190608978,0.0065948935225605965,gigapose_global_rank_1|R1-45|rgb_recovery|center_preserving_flip180,87.31703552908346,approved,epnp_raceline,rear,toward,-0.1683138573825816,73.26518028646558,57.16365422034951,7.775562861534327,5.869480811886396
1,2408,25,13,2,1,0.217971071600914,0.004579491913318634,gigapose_global_rank_3|rgb_recovery|center_preserving_flip180,103.21696088302642,approved,epnp_raceline,rear,toward,-0.7926385087044384,75.63675958209657,16.037488488683238,9.401560868573172,9.53762008881238
1,2409,25,3,1,0,0.1250481754541397,0.025660337880253792,gigapose_global_rank_4|rgb_recovery,107.46293394563759,approved,epnp_raceline,rear,toward,-0.7792448855742227,71.90029427142595,22.55218231585304,14.73992499721117,5.686731042830131
1,2410,25,6,12,1,0.22858864068984985,0.09865055978298187,gigapose_global_rank_4|rgb_recovery|center_preserving_flip180,113.65478249707178,approved,epnp_raceline,rear,toward,-0.7452448475603617,58.52445825334047,64.51234917868952,10.349385725616699,9.798258750171458
1,2411,25,8,14,1,0.2339872270822525,0.10453999787569046,gigapose_global_rank_4|rgb_recovery|center_preserving_flip180,101.07936491059482,approved,epnp_raceline,rear,toward,-0.6842049982734735,45.616233333007855,68.49809316392054,8.31982370655619,11.630740931316966
1,2412,25,10,10,1,0.213446244597435,0.213446244597435,gigapose_global_rank_4|rgb_recovery|center_preserving_flip180,86.50759721501562,approved,epnp_raceline,rear,toward,-0.7246651963148831,115.58720513645216,66.37917145219407,8.993292155341768,8.993292155341768
1,2413,25,12,15,1,0.18096046149730682,0.06103689596056938,gigapose_global_rank_0|R1+45|rgb_recovery|center_preserving_flip180,92.78393360017995,approved,epnp_raceline,rear,toward,-0.9407936445503648,25.618075542588695,40.132972884399635,6.026262817612272,0.9972000225372812
1,2414,25,3,1,1,0.25138044357299805,0.14401747286319733,gigapose_global_rank_0|R1+45|rgb_recovery|center_preserving_flip180,90.98084413567366,approved,epnp_raceline,rear,toward,-0.9313910316351895,3.410176355866566,40.79222190593746,3.4427563413565667,3.5466227275898135
1,2415,25,13,4,0,0.1020250990986824,0.09181562811136246,gigapose_global_rank_1|R1+20|rgb_recovery,90.81970882212822,approved,epnp_raceline,rear,toward,-0.980619185233784,13.58857884016191,31.069884850505314,2.672291303798665,1.6338628304764915
1,2416,25,4,4,0,0.10545067489147186,0.10545067489147186,gigapose_global_rank_0|R1+20|rgb_recovery,94.44473051116243,approved,epnp_raceline,rear,toward,-0.9785957088541133,30.486623903952594,30.486623903952594,0.7222569724847775,0.7222569724847775
1,2417,25,0,3,0,0.12955377995967865,0.11145284026861191,gigapose_global_rank_0|R1+20|rgb_recovery,94.78879946627768,approved,epnp_raceline,rear,toward,-0.9901493931760322,10.02866659220004,24.600202728242266,4.042785841488817,2.096703113671191
1,2418,25,5,5,0,0.1378556191921234,0.1378556191921234,gigapose_global_rank_1|R1+20|rgb_recovery,74.31567838189294,approved,epnp_raceline,rear,toward,-0.9795812344652366,27.764227795745356,27.764227795745356,1.3367756354026705,1.3367756354026705
1,2419,25,0,2,0,0.15544600784778595,0.14135010540485382,gigapose_global_rank_0|R1+20|rgb_recovery,74.95298823929667,approved,epnp_raceline,rear,toward,-0.9837542373348833,9.897198342988762,26.33755278517373,1.684196048802602,0.8614772766871839
1,2420,25,0,5,0,0.14157776534557343,0.1316850632429123,gigapose_global_rank_0|R1+20|rgb_recovery,79.29365753726785,approved,epnp_raceline,rear,toward,-0.9861134643590783,8.15210976184676,23.99355665457082,4.024194786575942,1.47681309971777
1,2421,25,13,13,0,0.17603158950805664,0.17603158950805664,gigapose_global_rank_0|R1+20|rgb_recovery,81.89360059960032,approved,epnp_raceline,rear,toward,-0.9848184423754998,23.444857146530225,23.444857146530225,0.7236878450053004,0.7236878450053004
1,2422,25,7,6,0,0.21753071248531342,0.1505860835313797,gigapose_global_rank_1|R1+20|rgb_recovery,107.81950984059537,approved,epnp_raceline,rear,toward,-0.9818266591232799,14.98346521196055,24.345435425534692,1.1349319765379253,1.3371910530153648
1,2423,25,11,11,1,0.2644120156764984,0.2644120156764984,gigapose_global_rank_3|rgb_recovery|center_preserving_flip180,131.54825532058845,approved,epnp_raceline,rear,toward,-0.7569375471121736,127.55457240171454,54.19537766168259,10.093903226777297,10.093903226777297
1,2424,25,11,13,1,0.24302396178245544,0.04161309078335762,gigapose_global_rank_1|R1+45|rgb_recovery|center_preserving_flip180,109.6866278584544,approved,epnp_raceline,rear,toward,-0.9498238665753532,7.084635377545821,29.889082368874615,0.7940771595776586,3.087916183602013
1,2425,25,6,10,1,0.15436750650405884,0.07067060470581055,gigapose_global_rank_3|rgb_recovery|center_preserving_flip180,115.65291511444212,approved,epnp_raceline,rear,toward,-0.9891127020877707,11.763740590915644,19.146266716962753,3.798320536658989,0.7960187303300931
1,2426,25,2,2,0,0.17484484612941742,0.17484484612941742,gigapose_global_rank_1|R1+20|rgb_recovery,118.75856097489964,approved,epnp_raceline,rear,toward,-0.9779075035048249,23.066667402628735,23.066667402628735,0.5667728145526466,0.5667728145526466
1,2427,25,9,3,0,0.19500528275966644,0.10889417678117752,gigapose_global_rank_1|R1+20|rgb_recovery,92.75476269118968,approved,epnp_raceline,rear,toward,-0.9762512477224149,5.444656253889183,23.964311434146683,2.570705194746159,1.331718898492337
1,2428,25,2,1,0,0.1469390094280243,0.07925987988710403,gigapose_global_rank_0|uv1-48|rgb_recovery,92.50632566271382,approved,epnp_raceline,rear,toward,-0.9934835751819915,22.7695611059768,5.325315019822697,1.638355209197382,4.836694981183576
1,2429,25,2,2,0,0.30013036727905273,0.30013036727905273,gigapose_global_rank_4|rgb_recovery,96.91353261784404,approved,epnp_raceline,rear,toward,-0.7733474137051829,32.24299043384466,32.24299043384466,13.821396788219618,13.821396788219618
1,2430,25,1,4,0,0.18461641669273376,0.17170757055282593,gigapose_global_rank_1|R1+20|rgb_recovery,67.25691740296145,approved,epnp_raceline,rear,toward,-0.9837953142051652,5.036031058947478,20.957148979576473,3.5224982692722344,0.9386643174850126
1,2431,25,7,1,0,0.14424951374530792,0.09059333801269531,gigapose_global_rank_1|uv1-48|rgb_recovery,60.341714459446735,approved,epnp_raceline,rear,toward,-0.9920421190594012,4.388949742785452,5.1132823884980905,2.9706657623578905,2.4269043236592
1,2432,25,14,5,1,0.25430575013160706,0.219376340508461,gigapose_global_rank_2|align_detection|rgb_recovery|center_preserving_flip180,90.98183845632094,approved,epnp_raceline,rear,toward,-0.742870266099898,11.534502128052711,53.113871664329594,2.7907279605169277,12.744536233829903
1,2433,25,0,2,0,0.11244482547044754,0.10085587948560715,gigapose_global_rank_0|R1+20|rgb_recovery,93.00343530039814,approved,epnp_raceline,rear,toward,-0.978842332795315,3.73817181706594,22.047019225098378,2.5429418399179906,2.089057251693018
1,2434,25,2,2,0,0.14961738884449005,0.14961738884449005,gigapose_global_rank_0|R1+20|rgb_recovery,87.08294570775125,approved,epnp_raceline,rear,toward,-0.9843818296844334,20.26207377438248,20.26207377438248,0.5492983587809062,0.5492983587809062
1,2435,25,7,8,1,0.23144879937171936,0.05750895291566849,gigapose_global_rank_0|R1+45|rgb_recovery|center_preserving_flip180,107.26960563399241,approved,epnp_raceline,rear,toward,-0.9471013126929579,9.69533872631744,29.15278647884445,1.7084595208972486,1.4825373711129506
1,2436,25,1,5,1,0.29995399713516235,0.04473080113530159,gigapose_global_rank_0|R1+20|rgb_recovery|center_preserving_flip180,113.64529030199289,approved,epnp_raceline,rear,toward,-0.9992929940579335,31.76636176983255,12.167563469617267,12.13279950497039,2.3842474138859333
1,2437,25,1,1,0,0.2856910526752472,0.2856910526752472,gigapose_global_rank_2|align_detection|rgb_recovery,102.25455520955563,approved,epnp_raceline,rear,toward,-0.994701124584882,4.558174964426451,4.558174964426451,3.7565395369971726,3.7565395369971726
1,2438,25,1,1,0,0.16552457213401794,0.16552457213401794,gigapose_global_rank_1|R0+20|rgb_recovery,110.65775333988047,approved,epnp_raceline,rear,toward,-0.9827499561217352,6.101559290392439,6.101559290392439,0.2754771253461895,0.2754771253461895
1,2439,25,1,1,0,0.15483571588993073,0.15483571588993073,gigapose_global_rank_0|R1+20|rgb_recovery,115.19487815168625,approved,epnp_raceline,rear,toward,-0.9803916774851278,21.896905679041772,21.896905679041772,0.5385274670224643,0.5385274670224643
1,2440,25,4,4,0,0.348491370677948,0.348491370677948,gigapose_global_rank_3|rgb_recovery,123.3698630478777,approved,epnp_raceline,rear,toward,-0.7932934153956511,29.259208185134156,29.259208185134156,10.39477580896733,10.39477580896733
1,2441,25,14,5,0,0.2656162977218628,0.23213183879852295,gigapose_global_rank_4|rgb_recovery,122.26869988130733,approved,epnp_raceline,rear,toward,-0.7938689752158751,129.10904060207253,30.3360773578166,8.448121620247258,11.988979742894488
1,2442,25,1,1,0,0.26898542046546936,0.26898542046546936,gigapose_global_rank_4|rgb_recovery,118.02406890450732,approved,epnp_raceline,rear,toward,-0.8044673125626406,29.087915495610815,29.087915495610815,11.872202572656844,11.872202572656844
1,2443,25,10,7,0,0.17523667216300964,0.08723904192447662,gigapose_global_rank_1|align_detection|rgb_recovery,117.1961001158104,approved,epnp_raceline,rear,toward,-0.9941558196916839,7.879380612565095,4.47150108851823,5.58700481228171,3.606487613798704
1,2444,25,1,11,0,0.17852167785167694,0.16932325065135956,gigapose_global_rank_1|R1+20|rgb_recovery,113.78321810202132,approved,epnp_raceline,rear,toward,-0.9726172119852075,7.9107125370870985,24.60801310783455,3.0071931866666795,1.683603180554751
1,2445,25,0,5,0,0.16959218680858612,0.105084128677845,gigapose_global_rank_0|align_detection|rgb_recovery,115.05256236794756,approved,epnp_raceline,rear,toward,-0.9980328749207764,7.409665672069958,7.417871750076556,0.6486879692469093,4.456690575028333
1,2446,25,7,3,0,0.10218875855207443,0.08860325068235397,gigapose_global_rank_0|R1+20|rgb_recovery,105.24055856234322,approved,epnp_raceline,rear,toward,-0.9798913904726637,10.575547696637503,22.572521571878916,7.06669415005762,2.904248525795964
1,2447,25,10,10,0,0.23769299685955048,0.23769299685955048,gigapose_global_rank_2|align_detection|rgb_recovery,97.00882401029433,approved,epnp_raceline,rear,toward,-0.9984459089337553,9.691445207961685,9.691445207961685,5.410605706020638,5.410605706020638
1,2448,25,3,3,0,0.18345166742801666,0.18345166742801666,gigapose_global_rank_1|yaw+30|rgb_recovery,86.46431417093143,approved,epnp_raceline,rear,toward,-0.9985061526502333,9.274776399532426,9.274776399532426,5.241374428317874,5.241374428317874
1,2449,25,0,3,0,0.12247423082590103,0.10105206817388535,gigapose_global_rank_0|yaw+30|rgb_recovery,94.46960831258691,approved,epnp_raceline,rear,toward,-0.9999247482258357,8.8198566546734,11.622513232900351,1.8925923059108807,5.5082255603620816
1,2450,25,12,8,1,0.1530352234840393,0.14555035531520844,gigapose_global_rank_3|rgb_recovery|center_preserving_flip180,69.78886435411182,approved,epnp_raceline,rear,toward,-0.7368951556989645,9.406236274898992,54.19984344012527,1.4124984576222472,8.41073473347862
1,2451,25,15,15,1,0.20433692634105682,0.20433692634105682,gigapose_global_rank_4|rgb_recovery|center_preserving_flip180,62.930416369958415,approved,epnp_raceline,rear,toward,-0.7213630686489366,126.71471442414739,54.61203155766486,8.846637489386064,8.846637489386064
1,2452,25,6,2,1,0.2811562716960907,0.1448124349117279,gigapose_global_rank_4|rgb_recovery|center_preserving_flip180,55.174998594069834,approved,epnp_raceline,rear,toward,-0.7091930779983748,28.16251683466876,57.43926003738476,5.668117229670659,9.19377925791422
1,2453,25,0,10,0,0.1529020518064499,0.09857512265443802,gigapose_global_rank_1|R1+20|rgb_recovery,51.1781346206846,approved,epnp_raceline,rear,toward,-0.9983832779141691,21.214552097120645,11.849854335185775,14.52783327527739,4.840942042336384
1,2454,25,15,11,0,0.1798488199710846,0.09105478227138519,gigapose_global_rank_2|align_detection|rgb_recovery,49.44092684717235,approved,epnp_raceline,rear,toward,-0.9607568870196024,48.41073636239458,6.847585972693501,5.738577150072863,0.18035560523835764
1,2455,25,12,8,0,0.2443842589855194,0.06553865969181061,gigapose_global_rank_4|rgb_recovery,50.562398690403676,approved,epnp_raceline,rear,toward,-0.8963258118881597,116.65943786045638,19.216737485381746,14.42042592490904,10.062903419472029
1,2456,25,4,5,0,0.1909131109714508,0.10010190308094025,gigapose_global_rank_1|R1-20|rgb_recovery,56.74098275179253,approved,epnp_raceline,rear,toward,-0.6426167806799948,66.25371775446962,41.07069333020373,10.638294741948485,8.718813435847498
1,2457,25,10,6,0,0.11347886174917221,0.07405322790145874,gigapose_global_rank_2|rgb_recovery,58.26750244912118,approved,epnp_raceline,rear,toward,-0.8592590579894711,110.51224410992494,20.874599464675704,9.540387903051759,2.866945816366465
1,2458,25,5,5,0,0.22077080607414246,0.22077080607414246,gigapose_global_rank_0|R1-45|rgb_recovery,71.41881664109353,approved,epnp_raceline,rear,toward,-0.26520449453150186,64.23988314754932,64.23988314754932,10.891402332602873,10.891402332602873
1,2459,25,15,5,0,0.19410496950149536,0.1870066076517105,gigapose_global_rank_0|R1-45|rgb_recovery,79.337893602659,approved,epnp_raceline,rear,toward,-0.3063889686738055,70.71562433356362,61.694134043501975,11.014611650858171,11.358744326378222
1,2460,25,0,14,0,0.1509612500667572,0.036639951169490814,gigapose_global_rank_1|logz-0.35|rgb_recovery,88.29070933432884,approved,epnp_raceline,rear,toward,-0.9163605632729145,117.06450562477427,13.322977110053307,26.073410488395442,0.608521333998187
1,2461,25,10,1,0,0.17673315107822418,0.03984468802809715,gigapose_global_rank_0|rgb_recovery,106.31394258652627,approved,epnp_raceline,rear,toward,-0.9315402302317792,67.81000202135496,10.551135466503917,8.256527930270726,1.9467758912067494
1,2462,25,0,1,1,0.1491117924451828,0.04190007224678993,gigapose_global_rank_2|flip180|rgb_recovery|center_preserving_flip180,119.94175586957516,approved,epnp_raceline,rear,toward,-0.9345357311979047,115.20208239037365,9.759840253934197,22.28316713400959,0.8560887386362609
1,2463,25,11,3,1,0.1380883753299713,0.03970891982316971,gigapose_global_rank_2|flip180|rgb_recovery|center_preserving_flip180,125.13072424401344,approved,epnp_raceline,rear,toward,-0.8938855660908308,91.91942715118974,17.23662971563474,3.861643535079499,1.0718011293674652
1,2464,25,9,4,1,0.11468242108821869,0.016078980639576912,gigapose_global_rank_2|align_detection|rgb_recovery|center_preserving_flip180,145.34405053183323,approved,epnp_raceline,rear,toward,-0.847797658132962,110.57425916499079,18.632871881983455,8.139459518708234,4.235558691292697
1,2465,25,13,7,1,0.22319230437278748,0.04209086298942566,gigapose_global_rank_0|R1-20|rgb_recovery|center_preserving_flip180,162.70685217922886,approved,epnp_raceline,rear,toward,-0.9350641910978905,92.36610619042948,36.01527917269448,3.4969492135967277,0.9037989260661009
1,2466,25,15,3,1,0.09468373656272888,0.09418943524360657,gigapose_global_rank_1|rgb_recovery|center_preserving_flip180,150.96031251807196,approved,epnp_raceline,rear,toward,-0.5992179123333062,110.54984659036914,69.71455908921932,1.6350844335883141,4.703828631120402
1,2467,25,13,8,1,0.2176567167043686,0.1243421733379364,gigapose_global_rank_0|R1+20|rgb_recovery|center_preserving_flip180,141.8874203903272,approved,epnp_raceline,rear,toward,-0.32061502297125244,65.98123718303566,88.44776286691352,7.789173760036894,7.186463653501176
1,2468,25,1,1,1,0.11269652098417282,0.11269652098417282,gigapose_global_rank_2|flip180|rgb_recovery|center_preserving_flip180,130.47146052543818,approved,epnp_raceline,rear,toward,-0.6095765356900849,109.88832188165999,70.59560265799551,2.976509662584888,2.976509662584888
1,2469,25,10,13,1,0.09526756405830383,0.04616933688521385,gigapose_global_rank_0|uv0+48|rgb_recovery|center_preserving_flip180,113.24772676921307,approved,epnp_raceline,rear,toward,-0.7976999368020019,105.50105404606501,54.662310439178356,4.740713840097788,2.292707028847012
1,2470,25,10,1,0,0.17434322834014893,0.040425755083560944,gigapose_global_rank_4|rgb_recovery,91.78036536236513,approved,epnp_raceline,rear,toward,-0.8634676682337127,89.20345842889652,19.105357938346767,8.769359821263048,0.5091814685076992
1,2471,25,2,14,0,0.1114727258682251,0.05465710908174515,gigapose_global_rank_3|rgb_recovery,79.60388975951933,approved,epnp_raceline,rear,toward,-0.8790108160066797,111.21888114520011,12.790376543442866,3.5082399922403975,2.4566410730341555
1,2472,25,2,5,0,0.22974546253681183,0.07184620201587677,gigapose_global_rank_2|rgb_recovery,79.4306163134989,approved,epnp_raceline,rear,toward,-0.8620259086166547,106.2900459072409,16.351798876898183,5.581794248136487,3.210940008111732
1,2473,25,12,3,0,0.10402576625347137,0.04795588552951813,gigapose_global_rank_2|rgb_recovery,75.67816339309593,approved,epnp_raceline,rear,toward,-0.8699752537897306,115.66721730644366,16.394429731610344,3.202026790381958,1.3123740349259994
1,2474,25,9,12,0,0.2747916281223297,0.06233507767319679,gigapose_global_rank_3|rgb_recovery,67.11119584956647,approved,epnp_raceline,rear,toward,-0.8690800163499846,111.17929749226535,12.838887325124439,8.347460177882873,0.8589628799875709
1,2475,25,4,1,0,0.12551456689834595,0.01636531576514244,gigapose_global_rank_2|flip180|rgb_recovery,71.21631651493247,approved,epnp_raceline,rear,toward,-0.869840431933647,116.69517019564653,9.01404471621142,3.246088310763001,0.9139297666638037
1,2476,25,6,14,0,0.11729580909013748,0.08191362023353577,gigapose_global_rank_3|rgb_recovery,89.61781996058805,approved,epnp_raceline,rear,toward,-0.8646765938389916,123.2048448062013,11.78274302221981,4.1021700625583355,3.903769771067959
1,2477,25,0,14,0,0.17457076907157898,0.1664874106645584,gigapose_global_rank_0|R1-20|rgb_recovery,99.31869826032894,approved,epnp_raceline,rear,toward,-0.5884285156962035,19.566753742844,33.73101910345513,16.101158434529747,5.936781736402097
1,2478,25,2,2,0,0.1654258817434311,0.1654258817434311,gigapose_global_rank_1|R1-45|rgb_recovery,94.6553084189919,approved,epnp_raceline,rear,toward,-0.20470603871484885,57.07446359405156,57.07446359405156,11.132302248933268,11.132302248933268
1,2479,25,8,8,0,0.26368722319602966,0.26368722319602966,gigapose_global_rank_0|R1-45|rgb_recovery,110.60721647237139,approved,epnp_raceline,rear,toward,-0.2252556585770322,54.810053398308725,54.810053398308725,10.302851480367943,10.302851480367943
1,2480,25,6,3,1,0.2313472330570221,0.007343390956521034,gigapose_global_rank_4|rgb_recovery|center_preserving_flip180,106.18802560968226,approved,epnp_raceline,rear,toward,-0.807529067788405,72.94522941297876,14.837572197613948,16.19571283560075,3.8282230448835803
1,2481,25,0,5,1,0.2647716999053955,0.020757675170898438,gigapose_global_rank_1|R1-20|rgb_recovery|center_preserving_flip180,99.77754121012471,approved,epnp_raceline,rear,toward,-0.9792354447211179,98.96737395545317,11.082318028363837,37.961160806300164,3.0464448627119394
1,2482,25,15,1,0,0.18121275305747986,0.046359993517398834,gigapose_global_rank_0|R1+45|rgb_recovery,97.63538424649109,approved,epnp_raceline,rear,toward,-0.9742096258694521,58.179621556097196,35.43630679466864,10.460707002751473,2.726716300689753
1,2483,25,8,4,0,0.2331378161907196,0.026165813207626343,gigapose_global_rank_2|flip180|rgb_recovery,122.01798528465518,approved,epnp_raceline,rear,toward,-0.7738844111584257,119.33542763762611,61.887125160239165,7.15445640573086,12.068213841600578
1,2484,25,7,4,0,0.16644373536109924,0.16571082174777985,gigapose_global_rank_4|rgb_recovery,131.39998744586103,approved,epnp_raceline,rear,toward,-0.7749101163331646,126.71501542383447,63.59064687411786,6.150093537187294,10.505645227005093
1,2485,25,6,5,0,0.20389842987060547,0.11936014145612717,gigapose_global_rank_1|yaw+30|rgb_recovery,147.86451852223158,approved,epnp_raceline,rear,toward,-0.8870502400367338,33.48584441068842,6.41111214872344,7.547453689589949,5.2052802461576055
1,2486,25,1,2,0,0.17742276191711426,0.09701336175203323,gigapose_global_rank_2|rgb_recovery,145.17855097878723,approved,epnp_raceline,rear,toward,-0.7834888823642784,117.52088895773926,22.813932956363317,13.072366007158664,10.052499683124351
1,2487,25,13,1,1,0.17309178411960602,0.10881174355745316,gigapose_global_rank_4|rgb_recovery|center_preserving_flip180,155.122462175634,approved,epnp_raceline,rear,toward,-0.9809517168785719,131.08675882067746,31.434695598923025,7.726230654755173,0.6810609519988106
1,2488,25,10,5,1,0.23589177429676056,0.04827945679426193,gigapose_global_rank_1|align_detection|rgb_recovery|center_preserving_flip180,149.68203097948054,approved,epnp_raceline,rear,toward,-0.9735784060296587,15.51831930135349,33.314425827557564,10.345652109105592,0.8934764005017333
1,2489,25,4,13,1,0.2602618932723999,0.08037079125642776,gigapose_global_rank_2|flip180|rgb_recovery|center_preserving_flip180,147.2602527626602,approved,epnp_raceline,rear,toward,-0.994049416109801,15.32679376068959,15.119929849043697,6.465341531400451,4.1037129616216745
1,2490,25,15,9,1,0.28081947565078735,0.05944725498557091,gigapose_global_rank_2|align_detection|rgb_recovery|center_preserving_flip180,137.20573389574668,approved,epnp_raceline,rear,toward,-0.7248733028211329,22.91571232993626,26.945714770221162,10.026653080908327,17.359344504024577
1,2491,25,13,5,1,0.16320271790027618,0.05729955807328224,gigapose_global_rank_4|rgb_recovery|center_preserving_flip180,133.3888027134298,approved,epnp_raceline,rear,toward,-0.8095786808627276,133.67399175692287,19.890815869468472,8.650864897648288,17.50896933295551
1,2492,25,8,11,1,0.29410383105278015,0.043294016271829605,gigapose_global_rank_0|R1+20|rgb_recovery|center_preserving_flip180,131.19790753399067,approved,epnp_raceline,rear,toward,-0.9969855241949322,26.443475850224278,13.762978381082299,15.744846649091595,2.63770917897847
1,2493,25,11,10,1,0.1721513271331787,0.13789959251880646,gigapose_global_rank_1|R1+20|rgb_recovery|center_preserving_flip180,129.04814240354793,approved,epnp_raceline,rear,toward,-0.8447684728886853,29.81440288913887,47.55602810299699,5.236466617428606,9.605102554354966
1,2494,25,3,8,1,0.13349178433418274,0.08342146873474121,gigapose_global_rank_0|R1+45|rgb_recovery|center_preserving_flip180,136.36893200354297,approved,epnp_raceline,rear,toward,-0.9258309655044226,169.86784663727244,37.12186552011385,6.338585609093209,4.785440464314483
1,2495,25,2,2,0,0.26476773619651794,0.26476773619651794,gigapose_global_rank_0|R1+20|rgb_recovery,133.54182582677404,approved,epnp_raceline,rear,toward,-0.9775900900186164,24.962908309264144,24.962908309264144,4.211720817075323,4.211720817075323
1,2496,25,12,4,1,0.12479405105113983,0.06752331554889679,gigapose_global_rank_0|align_detection|rgb_recovery|center_preserving_flip180,133.63515062889738,approved,epnp_raceline,rear,toward,-0.9772133589691232,21.453735493398213,25.1431610433782,2.100316597666872,1.8479794935660585
1,2497,25,13,9,1,0.133851557970047,0.056972209364175797,gigapose_global_rank_3|rgb_recovery|center_preserving_flip180,126.79320696545346,approved,epnp_raceline,rear,toward,-0.9699666280603491,5.966459885956468,25.391583196021962,3.426492633805732,3.0412823523358323
1,2498,25,11,7,1,0.27844372391700745,0.03974751755595207,gigapose_global_rank_4|rgb_recovery|center_preserving_flip180,129.735317532964,approved,epnp_raceline,rear,toward,-0.979059506031737,6.9481505697675185,23.0112624238826,3.1751847846648045,1.7169090585987976
1,2499,25,11,11,1,0.10419296473264694,0.10419296473264694,gigapose_global_rank_0|R1+45|rgb_recovery|center_preserving_flip180,133.01912394441592,approved,epnp_raceline,rear,toward,-0.9414480857688776,150.67043010517878,29.493977975072667,5.0098873418895735,5.0098873418895735
1,2500,25,7,1,1,0.22147159278392792,0.01991436630487442,gigapose_global_rank_2|logz-0.35|rgb_recovery|center_preserving_flip180,137.46636460403445,approved,epnp_raceline,rear,toward,-0.9766707264910186,21.488789247024194,21.5096004526677,5.110241607449746,4.653135306967567
1,2501,25,15,13,1,0.3023241460323334,0.07174941897392273,gigapose_global_rank_0|R1+45|rgb_recovery|center_preserving_flip180,140.64230294440455,approved,epnp_raceline,rear,toward,-0.9207506961048597,6.326749485746902,31.998339474755607,0.8024373234681862,10.989349073434562
1,2502,25,9,2,1,0.1298445165157318,0.020076438784599304,gigapose_global_rank_0|R1+20|rgb_recovery|center_preserving_flip180,144.3301183608148,approved,epnp_raceline,rear,toward,-0.9797861066039872,20.224503303346562,4.043074259451296,3.7438190914664964,10.413525782493261
1,2503,25,5,5,0,0.200442373752594,0.200442373752594,gigapose_global_rank_2|align_detection|rgb_recovery,134.5326821032129,approved,epnp_raceline,rear,toward,-0.9951257607403774,5.745399553778372,5.745399553778372,0.8238851383790732,0.8238851383790732
1,2504,25,10,10,0,0.11971072107553482,0.11971072107553482,gigapose_global_rank_1|R1+20|rgb_recovery,133.23899020248064,approved,epnp_raceline,rear,toward,-0.9783931016375786,19.443453835748148,19.443453835748148,7.223362177118726,7.223362177118726
1,2505,25,13,3,0,0.16201074421405792,0.12572620809078217,gigapose_global_rank_0|yaw+30|rgb_recovery,138.1928557882727,approved,epnp_raceline,rear,toward,-0.9930718326267908,20.90696714621549,4.687156752276832,3.832428096983841,0.8161707230042828
1,2506,25,7,13,1,0.1750509887933731,0.04183109477162361,gigapose_global_rank_1|R1+45|rgb_recovery|center_preserving_flip180,137.2402841539851,rejected:center_error_px+bbox_iou,epnp_raceline,rear,toward,-0.9730125113969499,nan,nan,nan,nan
1,2507,25,15,4,0,0.26163211464881897,0.03421288728713989,gigapose_global_rank_4|rgb_recovery,135.86441937178125,rejected:center_error_px+bbox_iou,epnp_raceline,rear,toward,-0.817585619969782,nan,nan,nan,nan
1,2508,25,15,11,1,0.13442248106002808,0.10736924409866333,gigapose_global_rank_1|R0+45|rgb_recovery|center_preserving_flip180,146.13782551705646,rejected:center_error_px+bbox_iou,epnp_raceline,rear,toward,-0.9656634548321211,nan,nan,nan,nan
1,2509,25,4,4,0,0.21443460881710052,0.21443460881710052,gigapose_global_rank_0|R1+20|rgb_recovery,138.11792717613835,approved,epnp_raceline,rear,toward,-0.977153129377745,19.457220184395627,19.457220184395627,5.900261287002416,5.900261287002416
1,2510,25,5,5,0,0.17436672747135162,0.17436672747135162,gigapose_global_rank_0|yaw+30|rgb_recovery,137.70836410828323,approved,epnp_raceline,rear,toward,-0.9954384871941686,4.886487261247741,4.886487261247741,0.9252684592846314,0.9252684592846314
1,2511,25,0,2,0,0.15308614075183868,0.11580415815114975,gigapose_global_rank_0|R1+20|rgb_recovery,107.95766179091287,approved,epnp_raceline,rear,toward,-0.9645892275626503,4.814499825583301,22.039202805219386,11.024539149801893,9.746653114383868
1,2512,25,4,1,0,0.11736889183521271,0.04685261845588684,gigapose_global_rank_1|logz-0.35|rgb_recovery,108.84426760253241,approved,epnp_raceline,rear,toward,-0.9936332344146767,9.033994601441096,1.5836901564748733,0.704726082203762,8.284939616416382
1,2513,25,0,3,0,0.11793836951255798,0.11543934047222137,gigapose_global_rank_0|R1+20|rgb_recovery,108.6683713694013,approved,epnp_raceline,rear,toward,-0.9623338604390725,6.41666696593876,22.751799329025943,11.891641441684836,9.6077653469966
1,2514,25,0,9,0,0.14345420897006989,0.11079858988523483,gigapose_global_rank_0|yaw-30|rgb_recovery,120.63186808226051,approved,epnp_raceline,rear,toward,-0.9961535903501617,7.878273767839707,11.998053828727848,5.326807646233463,4.063175461617532
1,2515,25,5,5,0,0.18785706162452698,0.18785706162452698,gigapose_global_rank_0|R1+20|rgb_recovery,94.05263000653973,approved,epnp_raceline,rear,toward,-0.9655123376133263,23.028302553035303,23.028302553035303,8.375268164961785,8.375268164961785
1,2516,25,5,3,0,0.16108901798725128,0.06897487491369247,gigapose_global_rank_2|flip180|rgb_recovery,124.41039042067527,approved,epnp_raceline,rear,toward,-0.9478766936235737,11.549926264515765,26.815795479383418,2.39756152514354,9.517455561962313
1,2517,25,11,14,1,0.16708076000213623,0.016748055815696716,gigapose_global_rank_0|R1-45|rgb_recovery|center_preserving_flip180,124.18773505696232,approved,epnp_raceline,rear,toward,-0.985612987746153,115.11852504641364,5.279770974719898,23.830202821624898,7.748968768582975
1,2518,25,0,5,1,0.1693778783082962,0.02230900526046753,gigapose_global_rank_1|R1-20|rgb_recovery|center_preserving_flip180,114.45834587558821,approved,epnp_raceline,rear,toward,-0.9460912744383475,13.967254169983978,9.82566556371418,8.029743173612207,4.26986494823526
1,2519,25,10,11,1,0.1454104483127594,0.04004160687327385,gigapose_global_rank_2|flip180|rgb_recovery|center_preserving_flip180,112.31500153254353,approved,epnp_raceline,rear,toward,-0.9768388660695883,16.981927498105254,3.837115572902074,2.8917134302758662,0.7559194886090448
1,2520,25,0,5,1,0.1673557460308075,0.019521979615092278,gigapose_global_rank_1|R0-20|rgb_recovery|center_preserving_flip180,126.0250162229628,approved,epnp_raceline,rear,toward,-0.8533109695433396,19.21235941613548,44.18233565230809,6.949567392041989,12.991146718949402
1,2521,25,0,9,1,0.16182245314121246,0.011435626074671745,gigapose_global_rank_2|rgb_recovery|center_preserving_flip180,120.2201039843182,approved,epnp_raceline,rear,toward,-0.8820244971815417,21.50178493411937,40.570314259327475,3.8100686213282993,10.467157338785237
1,2522,25,13,7,1,0.13370424509048462,0.02320181578397751,gigapose_global_rank_0|R1+45|rgb_recovery|center_preserving_flip180,108.61371119280733,approved,epnp_raceline,rear,toward,-0.8646740770820548,24.03100936915263,42.361700584349094,0.7841292468314917,10.738283409551958
1,2523,25,0,11,1,0.16158531606197357,0.010058743879199028,gigapose_global_rank_1|R1+45|rgb_recovery|center_preserving_flip180,111.89454406810404,approved,epnp_raceline,rear,toward,-0.8991852632025505,26.22857143437199,39.00369752587603,0.24400312614318428,9.292806164417012
1,2524,25,9,9,1,0.3461240530014038,0.3461240530014038,gigapose_global_rank_4|rgb_recovery|center_preserving_flip180,110.07954491405144,approved,epnp_raceline,rear,toward,-0.46071841127999874,103.6206274027661,77.09306274212175,24.01843044153979,24.01843044153979
1,2525,25,12,7,1,0.12752118706703186,0.07045863568782806,gigapose_global_rank_2|align_detection|rgb_recovery|center_preserving_flip180,106.27268351992814,approved,epnp_raceline,rear,toward,-0.3748554411790349,101.51219697952867,82.78241643494245,13.571482116220082,21.308856224087535
1,2526,25,7,7,1,0.15518955886363983,0.15518955886363983,gigapose_global_rank_2|logz-0.35|rgb_recovery|center_preserving_flip180,106.42437214369033,approved,epnp_raceline,rear,toward,-0.4442561660764016,101.00334787838726,80.57451292823878,14.664858965545804,14.664858965545804
1,2527,25,0,3,1,0.2634887099266052,0.025632807984948158,gigapose_global_rank_1|R1-45|rgb_recovery|center_preserving_flip180,97.83960162101882,approved,epnp_raceline,rear,toward,-0.9687826459793986,98.82916495036524,4.467620957328275,29.450698337753686,1.7530454330956537
1,2528,25,6,12,1,0.15142396092414856,0.02213984541594982,gigapose_global_rank_0|R0-20|rgb_recovery|center_preserving_flip180,63.45084282133987,approved,epnp_raceline,rear,toward,-0.9301316978655039,89.07576472765841,13.420503218744093,11.75318248179583,1.0945568999835023
1,2529,25,10,1,1,0.1858297437429428,0.09949079155921936,gigapose_global_rank_0|rgb_recovery|center_preserving_flip180,82.08958135127251,approved,epnp_raceline,rear,toward,-0.08652050330685372,120.84052272766787,67.94627343782055,21.345922895710448,14.159182248088682
1,2530,25,15,15,1,0.11859583854675293,0.11859583854675293,gigapose_global_rank_1|R1-45|rgb_recovery|center_preserving_flip180,65.6989546946539,approved,epnp_raceline,rear,toward,-0.50978665114323,139.35099094903282,41.03885488085206,8.871251626592887,8.871251626592887
1,2531,25,9,9,0,0.22790448367595673,0.22790448367595673,gigapose_global_rank_1|R1+45|rgb_recovery,61.00545167830052,approved,epnp_raceline,rear,toward,-0.35316923579089926,51.95321700955985,51.95321700955985,14.166939246902542,14.166939246902542
1,2532,25,2,2,0,0.1818520575761795,0.1818520575761795,gigapose_global_rank_4|rgb_recovery,57.22569169927103,approved,epnp_raceline,rear,toward,-0.5162942327792172,38.25370933792469,38.25370933792469,13.347721360316006,13.347721360316006
1,2533,25,10,2,1,0.12997344136238098,0.08310939371585846,gigapose_global_rank_3|rgb_recovery|center_preserving_flip180,56.633157220870814,approved,epnp_raceline,rear,toward,-0.866297099271856,74.60177586524128,11.971821247709514,3.336605459487477,2.9992899054158912
1,2534,25,14,1,1,0.11670944094657898,0.048904284834861755,gigapose_global_rank_2|rgb_recovery|center_preserving_flip180,23.753089534871673,approved,epnp_raceline,rear,toward,-0.9729034200495262,78.83060336758872,10.494910636800006,10.36492277440402,4.505472846451689
1,2535,25,8,3,1,0.19839045405387878,0.057531218975782394,gigapose_global_rank_1|flip180|rgb_recovery|center_preserving_flip180,10.31863010608712,approved,epnp_raceline,rear,toward,-0.9061828275556624,43.38119552692019,12.842217426239127,9.52248553088615,2.1366272085105584
1,2536,25,8,1,1,0.2924945652484894,0.06460729241371155,gigapose_global_rank_1|flip180|rgb_recovery|center_preserving_flip180,9.715590329568464,approved,epnp_raceline,rear,toward,-0.9251743349199046,41.90965595446823,7.023755206210678,7.839249381065065,2.5058651441585766
1,2537,25,15,1,1,0.2053273618221283,0.09052059054374695,gigapose_global_rank_1|flip180|rgb_recovery|center_preserving_flip180,9.638566149475704,approved,epnp_raceline,rear,toward,-0.7617088835573483,40.688654561698996,14.97274199442675,6.862438413690447,3.4813655276758233
1,2538,25,8,2,1,0.22908028960227966,0.07700309157371521,gigapose_global_rank_2|flip180|rgb_recovery|center_preserving_flip180,9.088285061074817,approved,epnp_raceline,rear,toward,-0.7840227927470962,39.845989537496294,12.296262989426978,10.364404340624109,1.1864169626765753
1,2539,25,0,2,0,0.13577300310134888,0.1084621474146843,gigapose_global_rank_0|R1-20|rgb_recovery,8.564865736611578,approved,epnp_raceline,rear,toward,-0.7499906857687216,16.822076678325868,17.717998100253183,8.418446341609101,2.85968946878871
1,2540,25,5,3,0,0.16899628937244415,0.0824509859085083,gigapose_global_rank_0|R1-20|rgb_recovery,6.9333862853028565,approved,epnp_raceline,rear,toward,-0.7149925941136875,33.848195769902844,16.002126365125765,7.803026980518817,4.6748332924024645
1,2541,25,15,15,0,0.13488872349262238,0.13488872349262238,gigapose_global_rank_4|rgb_recovery,7.4907047722149525,approved,epnp_raceline,rear,toward,-0.5635536563014708,24.76981377670656,24.76981377670656,11.040920474555799,11.040920474555799
1,2542,25,9,11,0,0.1755581796169281,0.12088339030742645,gigapose_global_rank_0|R1-20|rgb_recovery,6.8540366209983565,approved,epnp_raceline,rear,toward,-0.5535845973245228,44.93522755985802,23.488690782124404,4.489399657026712,3.235140766895774
1,2543,25,4,10,0,0.15422625839710236,0.10510829836130142,gigapose_global_rank_0|R1-20|rgb_recovery,6.842775774959506,approved,epnp_raceline,rear,toward,-0.5683238539932393,45.145000599464495,21.005484194740205,2.9523651519090466,1.4642104459942675
1,2544,25,0,9,0,0.11902943253517151,0.10069423913955688,gigapose_global_rank_1|R0+20|rgb_recovery,7.9666047149987,approved,epnp_raceline,rear,toward,-0.7260369896943968,12.325771185122985,12.03682601281046,25.18878232878788,6.584927759429599
1,2545,25,9,11,0,0.17039979994297028,0.13688355684280396,gigapose_global_rank_0|R1-20|rgb_recovery,9.353566172509337,approved,epnp_raceline,rear,toward,-0.5681374605010897,25.037525194960992,17.747962134684677,4.95064806879404,6.691201924317208
1,2546,25,6,8,0,0.17816609144210815,0.16076809167861938,gigapose_global_rank_0|R1-20|rgb_recovery,7.987585357342745,approved,epnp_raceline,rear,toward,-0.5657666601798151,40.22919137940756,19.64601822021962,9.875246619537483,7.939440808698324
1,2547,25,3,14,0,0.16580815613269806,0.1250578612089157,gigapose_global_rank_0|R1-20|rgb_recovery,8.342678602939937,approved,epnp_raceline,rear,toward,-0.5676935620614275,37.322415256151146,17.96116355129764,8.304744244935963,7.014704764635966
1,2548,25,1,13,0,0.19682106375694275,0.1319996863603592,gigapose_global_rank_0|R1-20|rgb_recovery,7.518128811822788,approved,epnp_raceline,rear,toward,-0.5854074461213123,39.30729158121693,13.978148575242093,5.963779135473243,2.833173300531274
1,2549,25,12,10,0,0.2107834666967392,0.06528174877166748,gigapose_global_rank_2|rgb_recovery,26.384858053853375,approved,epnp_raceline,rear,toward,-0.7383684729481828,20.39644103112004,18.099841490977987,3.596424062709866,2.665904248278749
1,2550,25,9,3,0,0.09712362289428711,0.0926174521446228,gigapose_global_rank_0|R0+20|rgb_recovery,25.14644222605181,approved,epnp_raceline,rear,toward,-0.7458877002286417,43.907908436524856,8.943835947872703,3.4773724437482882,2.156427577276674
1,2551,25,14,6,0,0.17712627351284027,0.06777340918779373,gigapose_global_rank_1|align_detection|rgb_recovery,25.152147123598912,approved,epnp_raceline,rear,toward,-0.8117740955534192,19.065123323045544,26.652835774019977,2.0346072502457453,1.4851750725822188
1,2552,25,10,6,0,0.1583051085472107,0.08585961163043976,gigapose_global_rank_0|R1-20|rgb_recovery,47.67401786104291,approved,epnp_raceline,rear,toward,-0.7894133026174724,46.72853629568739,13.728426622991941,2.9642565155767078,3.0217299671845064
1,2553,25,10,2,0,0.38791123032569885,0.1868179440498352,gigapose_global_rank_4|rgb_recovery,50.423228323045386,approved,epnp_raceline,rear,toward,-0.5938798922711522,151.73457254414203,11.34482565774421,3.3746117424306927,5.478732440303304
1,2554,25,14,14,0,0.19310735166072845,0.19310735166072845,gigapose_global_rank_1|R1-20|rgb_recovery,29.841385121881455,approved,epnp_raceline,rear,toward,-0.6049461183982013,7.295749697804922,7.295749697804922,3.3793299883102015,3.3793299883102015
1,2555,25,1,1,0,0.11235103011131287,0.11235103011131287,gigapose_global_rank_1|R1-20|rgb_recovery,31.348162724479177,approved,epnp_raceline,rear,toward,-0.7252287183403682,5.230160203029477,5.230160203029477,3.0779863983253737,3.0779863983253737
1,2556,25,9,9,0,0.4656740128993988,0.4656740128993988,gigapose_global_rank_1|R1-45|rgb_recovery,32.06933335658932,approved,epnp_raceline,rear,toward,-0.33170050944336726,13.211119487959596,13.211119487959596,8.425342524829261,8.425342524829261
1,2557,25,0,7,0,0.18228739500045776,0.1661677211523056,gigapose_global_rank_2|rgb_recovery,9.832907000661601,approved,epnp_raceline,rear,toward,-0.7526914795711294,29.039410759097134,6.219858608078332,36.20965744810479,5.016772730653962
1,2558,25,10,10,0,0.18098951876163483,0.18098951876163483,gigapose_global_rank_1|uv1+48|rgb_recovery,9.006077711546354,approved,epnp_raceline,rear,toward,-0.7046320238029284,25.15699787713665,25.15699787713665,1.0315047603487086,1.0315047603487086
1,2559,25,1,0,0,0.382709801197052,0.09204937517642975,gigapose_rank0_baseline|rgb_recovery,9.476129658372479,approved,epnp_raceline,rear,toward,-0.7070632495610805,21.537337906531732,30.261447897252545,5.660122762175629,6.818597680100614
1,2560,25,8,10,0,0.11095762997865677,0.06254249066114426,gigapose_global_rank_1|R1+20|rgb_recovery,7.800887555619453,approved,epnp_raceline,rear,toward,-0.7546019478204165,11.72380967468287,6.525084140335656,1.8269329029664765,5.833522533834447
1,2561,25,3,3,0,0.16487367451190948,0.16487367451190948,gigapose_global_rank_2|logz-0.35|rgb_recovery,7.540708393772401,approved,epnp_raceline,rear,toward,-0.8253239040933641,13.596781080013338,13.596781080013338,6.979249554461967,6.979249554461967
1,2562,25,13,1,0,0.2056182622909546,0.07705172151327133,gigapose_global_rank_0|rgb_recovery,9.661198382771195,approved,epnp_raceline,rear,toward,-0.44382047503480865,41.79948807572036,22.38767786618727,5.805059995476127,2.2597754827459084
1,2563,25,1,4,0,0.13653422892093658,0.10537654161453247,gigapose_global_rank_1|R0+20|rgb_recovery,6.83854579180988,approved,epnp_raceline,rear,toward,-0.4074831722391086,38.417058829809555,23.84301577506306,4.819006227030501,1.5082860655570751
1,2564,25,1,5,0,0.16041497886180878,0.13434869050979614,gigapose_global_rank_1|R0+20|rgb_recovery,5.8076804406581655,approved,epnp_raceline,rear,toward,-0.3963894136086821,43.10602732434919,26.75681839615295,5.41298554059049,0.8963097965202634
1,2565,25,2,7,0,0.136384055018425,0.04801700636744499,gigapose_global_rank_3|rgb_recovery,4.849291101929141,approved,epnp_raceline,rear,toward,-0.5471714605112209,45.61704455712566,18.429719653664822,6.2571852328044475,0.7394489640247541
1,2566,25,6,0,0,0.41040998697280884,0.18863441050052643,gigapose_rank0_baseline|rgb_recovery,2.946151537989115,approved,epnp_raceline,rear,toward,-0.7611557377560214,46.13766630583793,14.702743645856737,1.4352754635349891,11.315885141561347
1,2571,26,6,3,0,0.32602182030677795,0.2764950096607208,gigapose_global_rank_1|yaw-30|rgb_recovery,31.409948185753088,rejected:center_error_px+bbox_iou,epnp_raceline,rear,toward,-0.2647950062505407,nan,nan,nan,nan
1,2572,26,4,1,0,0.36726894974708557,0.2499500960111618,gigapose_global_rank_0|yaw-30|rgb_recovery,53.285397674850955,approved,epnp_raceline,rear,toward,-0.2714895778385652,63.40268678908077,52.73829202295553,61.62456549707227,61.562620871341
1,2573,26,2,12,0,0.27444741129875183,0.09986089169979095,gigapose_global_rank_1|align_detection|rgb_recovery,76.71795572407584,rejected:center_error_px+bbox_iou,epnp_raceline,rear,toward,-0.2451923155423763,nan,nan,nan,nan
1,2574,26,3,12,0,0.37549081444740295,0.024621807038784027,gigapose_global_rank_0|R0-20|rgb_recovery,94.56242859851409,rejected:center_error_px+bbox_iou,epnp_raceline,rear,toward,-0.2578930762627849,nan,nan,nan,nan
1,2575,26,9,2,1,0.1688823103904724,0.0022121421061456203,gigapose_global_rank_4|rgb_recovery|center_preserving_flip180,118.42789145207837,approved,epnp_raceline,rear,toward,-0.7953375639690475,101.23377010450045,14.480489069226543,9.943282270072801,1.9028747878331247
1,2576,26,12,2,1,0.21783104538917542,0.006753341294825077,gigapose_global_rank_1|R1-45|rgb_recovery|center_preserving_flip180,96.05557530263489,approved,epnp_raceline,rear,toward,-0.9417874159884236,74.75490710295225,14.153635722041768,11.815520092627898,2.0740743889893247
1,2577,26,7,5,1,0.25716808438301086,0.006402953527867794,gigapose_global_rank_0|R1-45|rgb_recovery|center_preserving_flip180,94.76572789422734,approved,epnp_raceline,rear,toward,-0.9378323063692059,81.03100792073906,6.577368788351316,19.45227110965592,6.429258518710976
1,2578,26,12,4,1,0.10796801000833511,0.030666660517454147,gigapose_global_rank_0|uv1+48|rgb_recovery|center_preserving_flip180,89.75462068702652,approved,epnp_raceline,rear,toward,-0.8736896319775708,131.9653078628909,8.387837956711431,5.855593660997069,3.205576731421034
1,2579,26,10,6,1,0.14951999485492706,0.033716730773448944,gigapose_global_rank_3|rgb_recovery|center_preserving_flip180,73.33700935335932,approved,epnp_raceline,rear,toward,-0.9576392890324099,38.803284014057496,39.00554173302349,4.072040796287058,6.348077948470214
1,2580,26,3,3,1,0.24976350367069244,0.24976350367069244,gigapose_global_rank_1|flip180|rgb_recovery|center_preserving_flip180,66.20002140965784,approved,epnp_raceline,rear,toward,-0.8750770700680502,128.5844147077599,51.81365052584375,15.22284545121118,15.22284545121118
1,2581,26,8,8,1,0.20086796581745148,0.20086796581745148,gigapose_global_rank_3|rgb_recovery|center_preserving_flip180,87.06105201108012,approved,epnp_raceline,rear,toward,-0.9398287018093396,139.47356864157138,41.1712195231094,5.38167388315876,5.38167388315876
1,2582,26,1,6,1,0.1187102273106575,0.09561847150325775,gigapose_global_rank_4|rgb_recovery|center_preserving_flip180,85.00328060217494,approved,epnp_raceline,rear,toward,-0.9281622456078051,31.873501403466932,42.06828866066682,6.1585006325337694,9.317312338671618
1,2583,26,0,13,1,0.14096274971961975,0.01895882561802864,gigapose_global_rank_2|align_detection|rgb_recovery|center_preserving_flip180,71.57758092043917,rejected:center_error_px+bbox_iou,epnp_raceline,rear,toward,-0.8457521574145125,nan,nan,nan,nan
1,2584,26,7,7,1,0.2542647421360016,0.2542647421360016,gigapose_global_rank_0|R1+20|rgb_recovery|center_preserving_flip180,79.25648588924605,approved,epnp_raceline,rear,toward,-0.6047543168710844,111.20186778505733,69.0576729595931,28.037462902099357,28.037462902099357
1,2585,26,1,13,1,0.2850848436355591,0.08011282235383987,gigapose_global_rank_4|rgb_recovery|center_preserving_flip180,79.43627400342191,approved,epnp_raceline,rear,toward,-0.7094277044014997,25.85821270002782,59.85377955463926,6.526479954317728,35.82405116996813
1,2586,26,15,11,1,0.11023689806461334,0.015541941858828068,gigapose_global_rank_4|rgb_recovery|center_preserving_flip180,76.041590831143,approved,epnp_raceline,rear,toward,-0.7319958169748947,27.673169694092916,57.233153537297405,1.643332461618341,18.647935841244653
1,2587,26,7,15,0,0.14083896577358246,0.09717782586812973,gigapose_global_rank_0|R1+20|rgb_recovery,74.92706067747837,approved,epnp_raceline,rear,toward,-0.9735248301493065,11.041694931555062,26.901847009502134,10.962448747230447,5.1922782263610125
1,2588,26,0,15,0,0.22527489066123962,0.09275773167610168,gigapose_global_rank_2|flip180|rgb_recovery,76.50392817885607,approved,epnp_raceline,rear,toward,-0.34400908881925113,103.01919613530363,85.5186553161925,74.83563709515123,48.89483248745207
1,2589,26,0,4,1,0.15458501875400543,0.013011353090405464,gigapose_global_rank_4|rgb_recovery|center_preserving_flip180,89.68853339209389,approved,epnp_raceline,rear,toward,-0.7274177391976839,8.849020167038011,54.67842025880238,6.816604977016522,35.14920661645242
1,2590,26,4,15,0,0.25176742672920227,0.06699202209711075,gigapose_global_rank_2|align_detection|rgb_recovery,85.14755483094638,approved,epnp_raceline,rear,toward,-0.5054119726260772,88.60554290819815,55.931300700269816,80.703444368808,81.2509794100122
1,2591,26,4,2,0,0.17958645522594452,0.060133982449769974,gigapose_global_rank_1|rgb_recovery,71.30349250526453,approved,epnp_raceline,rear,toward,-0.2730743321775011,88.900694642582,73.49024890854656,81.94871964185131,81.63212794221435
1,2592,26,6,11,0,0.22608816623687744,0.05031878501176834,gigapose_global_rank_2|align_detection|rgb_recovery,75.76886033828019,approved,epnp_raceline,rear,toward,-0.5055545667249217,83.3073304275172,61.24260509966165,80.88467628974995,82.11334670625705
1,2593,26,1,2,0,0.3406411409378052,0.06972304731607437,gigapose_global_rank_3|rgb_recovery,68.53753570656079,approved,epnp_raceline,rear,toward,-0.315259344052202,105.59509509861243,79.49624499515652,81.90033921947719,81.47127729377853
1,2594,26,13,2,0,0.30151715874671936,0.06258860230445862,gigapose_global_rank_1|align_detection|rgb_recovery,75.68702306211064,approved,epnp_raceline,rear,toward,-0.2807756850741733,91.85727840662994,79.84668842087304,82.76667794908894,82.66905135417306
1,2595,26,15,5,1,0.27312135696411133,0.043843138962984085,gigapose_global_rank_0|R1-45|rgb_recovery|center_preserving_flip180,110.59862894007863,approved,epnp_raceline,rear,toward,-0.990913131558599,132.94643805737974,5.784422414349643,14.364678104362994,5.201804607393215
1,2596,26,15,10,0,0.5385074019432068,0.017138460651040077,gigapose_global_rank_4|rgb_recovery,78.64605799851638,approved,epnp_raceline,rear,toward,-0.9036985850770116,121.41164728967902,29.96428715104664,16.598057484507702,2.699995296661295
1,2597,26,1,8,0,0.2088940143585205,0.11924898624420166,gigapose_global_rank_4|rgb_recovery,75.3978512916108,approved,epnp_raceline,rear,toward,-0.7005866326658842,174.1549483632767,49.14373150359994,7.149347278007625,21.187990145411035
1,2598,26,9,9,1,0.521981418132782,0.521981418132782,gigapose_global_rank_2|flip180|rgb_recovery|center_preserving_flip180,80.15653766492812,approved,epnp_raceline,rear,toward,-0.2370612893707638,100.4585974449896,79.62863418956783,23.822011047112817,23.822011047112817
1,2599,26,3,1,1,0.3706899583339691,0.0847209244966507,gigapose_global_rank_1|R1+45|rgb_recovery|center_preserving_flip180,73.31463225514733,approved,epnp_raceline,rear,toward,-0.9991211270367961,135.31923418128707,5.114922366421852,23.009456107588647,14.536063911070064
1,2600,26,7,7,1,0.36004501581192017,0.36004501581192017,gigapose_global_rank_2|flip180|rgb_recovery|center_preserving_flip180,55.281393931862766,approved,epnp_raceline,rear,toward,-0.7249183412782625,133.48249405880654,47.1293039389674,15.129934829817516,15.129934829817516
1,2601,26,11,13,0,0.15489459037780762,0.0175150316208601,gigapose_global_rank_3|rgb_recovery,76.07765575165743,approved,epnp_raceline,rear,toward,-0.7859834931507003,16.43348750669228,44.13448318435106,1.5798377113849391,37.56483704822884
1,2602,26,4,5,0,0.1786021739244461,0.027315029874444008,gigapose_global_rank_3|rgb_recovery,72.17735745466743,approved,epnp_raceline,rear,toward,-0.794011711049244,12.923077010012886,43.64701817792924,10.808176828584251,20.972869198197863
1,2603,26,0,1,0,0.1246037557721138,0.10110510140657425,gigapose_global_rank_0|R1+20|rgb_recovery,64.57323727566381,approved,epnp_raceline,rear,toward,-0.9871982735069111,5.47636611449978,11.277316799379127,9.762925786481581,7.398219843683808
1,2604,26,2,1,0,0.26673436164855957,0.12010031193494797,gigapose_global_rank_4|rgb_recovery,89.9856144404232,approved,epnp_raceline,rear,toward,-0.9824541869668776,8.30724795595963,13.198661875479972,1.3531676536332506,3.220378091910921
1,2605,26,5,9,0,0.17112766206264496,0.01904597133398056,gigapose_global_rank_2|flip180|rgb_recovery,73.55297766954465,approved,epnp_raceline,rear,toward,-0.9493186679422922,28.496497182642187,20.156383571967282,7.234808863176217,1.021909510993194
1,2606,26,0,2,0,0.19492129981517792,0.13746076822280884,gigapose_global_rank_0|R1+20|rgb_recovery,72.49369862387482,approved,epnp_raceline,rear,toward,-0.9980688046628835,20.48184990288957,6.5097143204018995,12.298714476175311,4.747608216059626
1,2607,26,2,8,0,0.47201281785964966,0.04248853027820587,gigapose_global_rank_0|yaw-30|rgb_recovery,70.70568441829184,approved,epnp_raceline,rear,toward,-0.9953822409147213,98.83148341891142,6.317696494755978,52.945503246504224,12.678965977387552
1,2608,26,1,6,1,0.11973687261343002,0.11685368418693542,gigapose_global_rank_1|R1+20|rgb_recovery|center_preserving_flip180,59.245692622235715,approved,epnp_raceline,rear,toward,-0.9889623613432315,176.58017882324035,9.957682807735125,0.77071157520583,0.889990528319708
1,2609,26,0,5,1,0.26439136266708374,0.09877274185419083,gigapose_global_rank_0|flip180|rgb_recovery|center_preserving_flip180,30.649565903566412,approved,epnp_raceline,rear,toward,-0.9922737603759295,19.141570967925837,8.614427822620389,6.779972346731359,5.729150104138891
1,2610,26,3,9,1,0.2736109793186188,0.1881241798400879,gigapose_global_rank_0|R1+45|rgb_recovery|center_preserving_flip180,28.474462713779964,approved,epnp_raceline,rear,toward,-0.49860573743290587,101.67613961716374,62.902255019980934,81.36139777029764,81.59962204156902
1,2623,27,8,2,0,0.6967701315879822,0.0002669187088031322,gigapose_global_rank_3|rgb_recovery,16.63537679877357,approved,epnp_raceline,rear,toward,-0.14122243664980916,139.80878553008313,65.88189885109057,3.4810610128591644,39.16905209380198
1,2624,27,1,11,0,0.3006649613380432,0.000819810782559216,gigapose_global_rank_1|R1+20|rgb_recovery,8.073364803051284,approved,epnp_raceline,rear,toward,-0.338744079614851,12.860896831722545,51.80535732487986,6.373670555555521,26.28702504012191
1,2626,28,15,15,1,0.4747413694858551,0.4747413694858551,gigapose_global_rank_2|flip180|rgb_recovery|center_preserving_flip180,1.6070777726780527,approved,epnp_raceline,rear,toward,-0.7579798385759167,160.38646787009952,19.981649544516827,14.742299332600055,14.742299332600055
1,2628,29,3,3,0,0.2902320325374603,0.2902320325374603,gigapose_global_rank_1|R0-45|rgb_recovery,1.2361420808332535,approved,epnp_raceline,rear,toward,-0.10582483838283693,67.67731129635737,67.67731129635737,28.865013797123694,28.865013797123694
1,2631,30,13,11,0,0.1340588927268982,0.11608798056840897,gigapose_global_rank_1|uv1-48|rgb_recovery,5.32301772809906,approved,epnp_raceline,rear,toward,-0.8837846371332275,88.81553840614195,3.8566022324994917,28.301218885198036,6.6422146675006175
1,2633,31,10,1,0,0.41486620903015137,0.012837151996791363,gigapose_global_rank_1|uv0-48|rgb_recovery,5.979791293176383,approved,epnp_raceline,rear,toward,-0.6625454226473552,84.66771035053722,21.73110634888613,31.195495344706888,23.74114583921595
1,2637,32,9,5,0,0.3838353753089905,0.0020045118872076273,gigapose_global_rank_1|R1+45|rgb_recovery,6.206443788267228,approved,epnp_raceline,rear,toward,-0.3978414637087699,26.509076028383344,35.63213028867002,2.791929194649713,32.70687910670219
1,2639,33,13,5,0,0.19006186723709106,0.16714893281459808,gigapose_global_rank_1|uv1-48|rgb_recovery,1.2486223363889342,approved,epnp_raceline,rear,toward,-0.9048778403895715,14.996610627541566,8.767182588332215,15.591355503195814,12.424090528562314
1,2646,34,4,4,0,0.5128152370452881,0.5128152370452881,gigapose_global_rank_1|R0-45|rgb_recovery,3.7306282250592435,approved,epnp_raceline,rear,toward,-0.15246861132426265,66.88612766217804,66.88612766217804,39.596237118409306,39.596237118409306
1,2651,35,12,1,0,0.39600691199302673,0.08005107194185257,gigapose_global_rank_0|uv0-48|rgb_recovery,1.815738769569566,approved,epnp_raceline,rear,toward,-0.9496361642112766,30.154683389969083,20.542306749776337,4.615507148607193,3.837713924981537
1,2656,36,12,12,1,0.5233150124549866,0.5233150124549866,gigapose_global_rank_1|flip180|rgb_recovery|center_preserving_flip180,1.8728355452622287,approved,epnp_raceline,rear,toward,-0.8715539328646578,168.02940762126983,20.665791771181492,16.452155774068974,16.452155774068974
1,2665,37,7,11,0,0.604892909526825,0.050303246825933456,gigapose_global_rank_1|R0+20|rgb_recovery,32.0080492550975,approved,epnp_raceline,rear,toward,-0.26622406200885923,101.16743768580004,82.1663913336693,106.5858926904321,106.55359175860039
1,2666,37,1,1,0,0.5026001930236816,0.5026001930236816,gigapose_global_rank_1|R0+20|rgb_recovery,3.299029083734311,approved,epnp_raceline,rear,toward,-0.19275055598484928,93.41481907731236,93.41481907731236,105.98064412312246,105.98064412312246
1,2667,37,2,7,0,0.3411088287830353,0.21949851512908936,gigapose_global_rank_1|uv1+48|rgb_recovery,1.3611959378499612,approved,epnp_raceline,rear,toward,-0.2580333048470014,119.36038076335282,86.38994139329294,106.34360804710616,105.7273232488065
1,2669,38,4,4,0,0.38058218359947205,0.38058218359947205,gigapose_global_rank_1|R0+20|rgb_recovery,0.46417379702372785,approved,epnp_raceline,rear,toward,-0.18360512389581662,94.159022622785,94.159022622785,106.88668410824845,106.88668410824845
1,2671,39,8,8,0,0.6828773021697998,0.6828773021697998,gigapose_global_rank_0|R0+45|rgb_recovery,3.2769293738356478,approved,epnp_raceline,rear,toward,-0.27515349556175095,99.00728586891084,99.00728586891084,106.54893714635703,106.54893714635703
1,2672,39,14,14,0,0.31762242317199707,0.31762242317199707,gigapose_global_rank_2|rgb_recovery,1.380581430086744,approved,epnp_raceline,rear,toward,-0.1652904496527015,89.4626223186665,89.4626223186665,102.59745866022013,102.59745866022013
1,2674,40,11,11,0,0.3303767144680023,0.3303767144680023,gigapose_global_rank_2|logz-0.35|rgb_recovery,4.580582655193003,approved,epnp_raceline,rear,toward,-0.18575645760820628,85.69128840039431,85.69128840039431,101.52517168165194,101.52517168165194
1,2675,40,13,11,0,0.4573368430137634,0.19176141917705536,gigapose_global_rank_0|yaw-30|rgb_recovery,4.706368171223458,approved,epnp_raceline,rear,toward,-0.1678226384494095,94.8618083488283,88.16344572987329,100.55042508763398,100.89251398325945
1,2676,40,3,9,0,0.2559839189052582,0.17887122929096222,gigapose_global_rank_0|R0+20|rgb_recovery,4.230756183567857,approved,epnp_raceline,rear,toward,-0.20049680287500082,97.3326401754395,84.47795751456988,100.05973596331883,100.28493836005318
1,2677,40,6,13,0,0.19069549441337585,0.1815650761127472,gigapose_global_rank_1|yaw-30|rgb_recovery,4.212004687195927,approved,epnp_raceline,rear,toward,-0.2722893835055471,98.65665329740023,88.67148507678306,102.43191939127432,102.37738475987233
1,2678,40,15,7,0,0.13292253017425537,0.12831424176692963,gigapose_global_rank_0|R0+20|rgb_recovery,4.467897109618387,approved,epnp_raceline,rear,toward,-0.2001200534229618,87.57642212509971,85.7088335452475,99.43524055505567,99.20503764557701
1,2679,40,11,7,0,0.16600006818771362,0.15404364466667175,gigapose_global_rank_0|uv1+48|rgb_recovery,27.424381722098296,approved,epnp_raceline,rear,toward,-0.13956804060732514,94.98752310397471,88.9903986333703,98.89624769050505,98.92820770553662
1,2680,40,4,2,0,0.23744744062423706,0.12312311679124832,gigapose_global_rank_1|uv1+48|rgb_recovery,28.390035177678307,approved,epnp_raceline,rear,toward,-0.2631579164050382,94.15720881468556,84.1865691045417,97.221160080355,97.41969342704178
1,2681,40,11,8,0,0.24044683575630188,0.0702509954571724,gigapose_global_rank_1|rgb_recovery,54.93008759911386,approved,epnp_raceline,rear,toward,-0.201970091215762,97.07766867688146,84.20005276477103,94.94093407617113,95.17475027165892
1,2682,40,13,11,0,0.19757135212421417,0.14362668991088867,gigapose_global_rank_1|uv0+48|rgb_recovery,54.803377535191316,approved,epnp_raceline,rear,toward,-0.1717125065869695,100.95909910848306,87.59530110225029,94.96364996024248,94.4272169683395
1,2683,40,12,10,0,0.24034610390663147,0.08658310770988464,gigapose_global_rank_1|R1+20|rgb_recovery,54.958121749808356,approved,epnp_raceline,rear,toward,-0.5073406869549741,82.64410559654104,69.0147425723232,95.0384146103279,94.8486921765546
1,2684,40,10,1,0,0.19893325865268707,0.09369195252656937,gigapose_global_rank_0|yaw+30|rgb_recovery,49.81011993373129,approved,epnp_raceline,rear,toward,-0.2306089879993231,104.70926629168528,78.72573130482743,94.97634353003794,94.75878787296242
1,2685,40,1,15,0,0.3581170439720154,0.08524858206510544,gigapose_global_rank_1|yaw+30|rgb_recovery,50.48690882034805,approved,epnp_raceline,rear,toward,-0.2927690988050908,88.72336633973403,60.95578089692255,73.87595339454114,74.37927293589696
1,2686,40,13,2,0,0.25066059827804565,0.08505795896053314,gigapose_global_rank_0|yaw-30|rgb_recovery,66.59050336358408,approved,epnp_raceline,rear,toward,-0.13588421071028584,88.73545624811783,60.33085950848975,72.00832548420392,72.63765291130984
1,2687,40,2,10,0,0.1356775164604187,0.046045057475566864,gigapose_global_rank_0|yaw+30|rgb_recovery,85.72823545147858,approved,epnp_raceline,rear,toward,-0.3337060795067472,104.89512538053152,54.11107892100689,71.2231036663879,72.19943841776139
1,2688,40,1,11,0,0.21319657564163208,0.030656879767775536,gigapose_global_rank_0|R1+20|rgb_recovery,114.71194817337387,approved,epnp_raceline,rear,toward,-0.5626553589459671,82.21435824902699,37.22454054633844,73.33488642511628,74.32972336303621
1,2689,40,10,8,0,0.32872462272644043,0.07252395898103714,gigapose_global_rank_1|uv1-48|rgb_recovery,99.3900450688635,approved,epnp_raceline,rear,toward,-0.2959870077147534,85.2008448578149,52.088109279860866,68.38212209765084,69.13747288819977
1,2690,40,15,2,0,0.20781363546848297,0.05937117338180542,gigapose_global_rank_4|rgb_recovery,100.68786138458853,approved,epnp_raceline,rear,toward,-0.9943414610048305,130.04277896000744,18.119744910827027,20.988090158674396,1.7840948552886193
1,2691,40,4,1,1,0.1674012988805771,0.08924044668674469,gigapose_global_rank_0|uv0+48|rgb_recovery|center_preserving_flip180,84.94878068882664,approved,epnp_raceline,rear,toward,-0.9602731043414751,178.15841688385996,7.060274854590422,4.069592273722082,6.673936314124074
1,2692,40,3,4,1,0.1829797625541687,0.05167553946375847,gigapose_global_rank_1|R1+45|rgb_recovery|center_preserving_flip180,70.02949508954052,approved,epnp_raceline,rear,toward,-0.9015617711257737,4.343632002599229,41.410626797933126,5.823313673681543,18.85509268323286
1,2693,40,12,6,1,0.1368606984615326,0.06124648079276085,gigapose_global_rank_2|flip180|rgb_recovery|center_preserving_flip180,51.25944982660658,approved,epnp_raceline,rear,toward,-0.992130057399218,17.001758427955096,21.775723550474265,5.377178239887214,4.507683843861634
1,2694,40,4,7,1,0.14763115346431732,0.10306274890899658,gigapose_global_rank_0|flip180|rgb_recovery|center_preserving_flip180,74.47097110847444,approved,epnp_raceline,rear,toward,-0.6890066524780193,48.53309519047315,64.84500557867699,19.16555710098441,29.210605363409098
1,2695,40,5,4,1,0.18995212018489838,0.0950208380818367,gigapose_global_rank_0|logz-0.35|rgb_recovery|center_preserving_flip180,88.58554992312837,approved,epnp_raceline,rear,toward,-0.3551188764737833,90.7459743361523,88.57188569443167,16.546258115180798,19.280670817177686
1,2696,40,15,6,1,0.19555750489234924,0.05933184549212456,gigapose_global_rank_2|align_detection|rgb_recovery|center_preserving_flip180,75.5078464149843,approved,epnp_raceline,rear,toward,-0.42343755295298663,94.94418243114325,84.1294152779753,41.360176057156416,18.969805130488563
1,2697,40,0,2,1,0.13153909146785736,0.051822271198034286,gigapose_global_rank_1|align_detection|rgb_recovery|center_preserving_flip180,103.04689160513124,approved,epnp_raceline,rear,toward,-0.3135540248838335,19.72432187682194,91.37902029195473,6.356130743205595,29.50153053545218
1,2698,40,8,2,1,0.15690800547599792,0.06205678731203079,gigapose_global_rank_0|R1+45|rgb_recovery|center_preserving_flip180,107.33634937524634,approved,epnp_raceline,rear,toward,-0.8591799890568685,21.437488167140298,50.05211010539066,9.908759638395145,10.570160226086916
1,2699,40,13,12,0,0.18500761687755585,0.0729743167757988,gigapose_global_rank_1|uv0-48|rgb_recovery,93.19478659352342,approved,epnp_raceline,rear,toward,-0.9934951693489126,88.87148738428228,24.72372424803716,19.461547598429092,16.272052895370724
1,2700,40,10,1,0,0.17177484929561615,0.10988538712263107,gigapose_global_rank_4|rgb_recovery,92.28706410311698,approved,epnp_raceline,rear,toward,-0.4877756274325967,89.2016791405472,82.71856409311395,17.53609040324217,27.83994528473189
1,2701,40,10,8,0,0.13287822902202606,0.025134706869721413,gigapose_global_rank_2|flip180|rgb_recovery,100.56749348880538,approved,epnp_raceline,rear,toward,-0.969327747126429,84.01404232172149,7.758112427770844,23.85965227073678,5.230565590030857
1,2702,40,4,2,1,0.13119874894618988,0.019795890897512436,gigapose_global_rank_2|rgb_recovery|center_preserving_flip180,88.37680234512115,approved,epnp_raceline,rear,toward,-0.8488229389954275,86.89177918197322,15.616704979260252,18.211351343562757,9.161529879724707
1,2703,40,7,1,1,0.17760860919952393,0.018668264150619507,gigapose_global_rank_2|logz-0.35|rgb_recovery|center_preserving_flip180,87.5690230881372,approved,epnp_raceline,rear,toward,-0.9846679647207911,105.69709762139495,12.356742128025848,37.31774666093228,11.489906040342943
1,2704,40,11,15,0,0.15532872080802917,0.040415868163108826,gigapose_global_rank_4|rgb_recovery,89.2410326297159,approved,epnp_raceline,rear,toward,-0.9296739113237237,109.0901022556195,46.39492904132064,33.39709437895149,11.26175838799301
1,2705,40,4,15,1,0.2084869146347046,0.010109527967870235,gigapose_global_rank_1|R1-45|rgb_recovery|center_preserving_flip180,101.71882627130437,approved,epnp_raceline,rear,toward,-0.9684841349285631,91.46635766273396,17.216394296937157,16.896144790615704,11.418101195893763
1,2706,40,15,12,1,0.13526307046413422,0.01359989307820797,gigapose_global_rank_4|rgb_recovery|center_preserving_flip180,82.29213453114339,approved,epnp_raceline,rear,toward,-0.9747845674572018,82.15418011628076,17.99292441346017,17.83936633953405,5.1957846420967595
1,2707,40,0,13,1,0.1491488665342331,0.01397121511399746,gigapose_global_rank_2|logz-0.35|rgb_recovery|center_preserving_flip180,69.11191649677542,approved,epnp_raceline,rear,toward,-0.8093473000931234,92.07088274923701,14.374143218119363,38.53124316649543,2.681481285470925
1,2708,40,12,14,1,0.1616087108850479,0.0681421086192131,gigapose_global_rank_1|R1-20|rgb_recovery|center_preserving_flip180,82.17565354243517,approved,epnp_raceline,rear,toward,-0.2249946506733989,151.31981221196315,54.51127602138015,15.778461246171421,28.45867988499689
1,2709,40,8,11,1,0.35934045910835266,0.02163088321685791,gigapose_global_rank_1|R1+45|rgb_recovery|center_preserving_flip180,79.14520043675657,approved,epnp_raceline,rear,toward,-0.5452381170526986,127.0143270758684,35.91244331779874,43.24221887966264,31.098974037832615
1,2710,40,2,7,1,0.1507529318332672,0.1310611069202423,gigapose_global_rank_0|R1-45|rgb_recovery|center_preserving_flip180,66.01939113213622,approved,epnp_raceline,rear,toward,-0.17890581155070215,143.9797286900443,54.708094448953425,19.09101418468351,21.090071595246414
1,2711,40,0,3,1,0.1395675539970398,0.04015854746103287,gigapose_global_rank_1|R1+45|rgb_recovery|center_preserving_flip180,71.26705141359545,approved,epnp_raceline,rear,toward,-0.15500486607749353,89.7601434895667,55.375906088934784,40.955479933749174,12.144094463251257
1,2712,40,6,15,1,0.10114717483520508,0.049673907458782196,gigapose_global_rank_0|flip180|rgb_recovery|center_preserving_flip180,78.87333934362783,approved,epnp_raceline,rear,toward,-0.92092967882562,66.85761492077663,51.340501504739436,6.471026310252292,7.000484440666248
1,2713,40,12,14,1,0.43075186014175415,0.1273937225341797,gigapose_global_rank_1|uv0-48|rgb_recovery|center_preserving_flip180,72.86423117323386,approved,epnp_raceline,rear,toward,-0.3753006304235877,83.16471494160554,95.23670030743472,18.574754409759603,18.454066174408137
1,2714,40,9,4,1,0.15355031192302704,0.08802761137485504,gigapose_global_rank_0|R0+20|rgb_recovery|center_preserving_flip180,57.722125379456315,approved,epnp_raceline,rear,toward,-0.3654880396353163,95.27797256626023,96.69484930599806,19.490234507224905,14.999245661532457
1,2715,40,11,9,1,0.23056074976921082,0.08294820785522461,gigapose_global_rank_1|uv1-48|rgb_recovery|center_preserving_flip180,73.3823233491872,approved,epnp_raceline,rear,toward,-0.3324511498059848,83.17790218967536,98.35014725957988,24.7472940664125,30.670677291363557
1,2716,40,11,4,1,0.19886600971221924,0.11907393485307693,gigapose_global_rank_2|logz-0.35|rgb_recovery|center_preserving_flip180,78.58036053723126,approved,epnp_raceline,rear,toward,-0.3823391330828683,97.44307631214836,96.7723364413791,22.296488448943137,10.863892604144068
1,2717,40,10,9,0,0.3193146586418152,0.31084778904914856,gigapose_global_rank_1|logz-0.35|rgb_recovery,71.58468847265276,approved,epnp_raceline,rear,toward,-0.14733949747456357,108.774084481662,109.44774522060708,23.57271755990548,18.757167632856362
1,2718,40,14,4,0,0.11648411303758621,0.11612678319215775,gigapose_global_rank_0|align_detection|rgb_recovery,100.12697206501502,approved,epnp_raceline,rear,toward,-0.785976456556937,62.7422107620921,65.71508545991937,1.4630232844901911,6.57653940569014
1,2719,40,5,3,1,0.25287818908691406,0.035040248185396194,gigapose_global_rank_0|yaw-30|rgb_recovery|center_preserving_flip180,129.02867960061837,approved,epnp_raceline,rear,toward,-0.9318707324819818,89.71659994081377,7.881436449600113,6.467938469889649,1.3053094566175472
1,2720,40,12,12,0,0.13738808035850525,0.13738808035850525,gigapose_global_rank_0|R1+45|rgb_recovery,108.15121523339876,approved,epnp_raceline,rear,toward,-0.29461878435698313,46.3335913678167,46.3335913678167,10.871818737320254,10.871818737320254
1,2721,40,4,13,0,0.2847514748573303,0.10849212855100632,gigapose_global_rank_0|R1+45|rgb_recovery,100.94798634381141,approved,epnp_raceline,rear,toward,-0.14843870343729235,88.64030098661192,55.39272287081613,11.700502373073357,1.6117987994307452
1,2722,40,9,6,1,0.25920945405960083,0.013241234235465527,gigapose_global_rank_0|R1-20|rgb_recovery|center_preserving_flip180,130.67450893033984,approved,epnp_raceline,rear,toward,-0.848346875754816,69.26187939587577,59.53984230021203,19.675439960680354,3.3069143052974264
1,2723,40,0,3,1,0.18892410397529602,0.10179471969604492,gigapose_global_rank_2|flip180|rgb_recovery|center_preserving_flip180,78.44806317857504,approved,epnp_raceline,rear,toward,-0.021448166908366338,93.48787806867627,115.87080784529881,41.87648085146694,2.4137092916675478
1,2724,40,15,2,0,0.29514235258102417,0.036147043108940125,gigapose_global_rank_0|uv0+48|rgb_recovery,64.09514511295308,approved,epnp_raceline,rear,toward,-0.21517291536707517,122.433577468174,106.67428833643477,23.15103403369097,18.948421160294533
1,2725,40,12,9,0,0.17693191766738892,0.17310133576393127,gigapose_global_rank_1|R0-45|rgb_recovery,97.19663092297955,approved,epnp_raceline,rear,toward,-0.2989875715833014,97.70473785319274,99.20729197901389,22.962106875495937,20.7500728829151
1,2726,40,0,7,1,0.24260835349559784,0.08051162213087082,gigapose_global_rank_0|uv0+48|rgb_recovery|center_preserving_flip180,95.24237083482281,approved,epnp_raceline,rear,toward,-0.4927485239455276,97.60654483043142,88.36604846307216,34.28811868033114,15.147747231693954
1,2727,40,14,14,1,0.1904621422290802,0.1904621422290802,gigapose_global_rank_2|flip180|rgb_recovery|center_preserving_flip180,63.79627424162449,rejected:center_error_px+bbox_iou,epnp_raceline,rear,toward,-0.5455817447188438,nan,nan,nan,nan
1,2728,40,0,3,0,0.12743794918060303,0.06260901689529419,gigapose_global_rank_0|R0-20|rgb_recovery,50.16121458799905,approved,epnp_raceline,rear,toward,-0.6178822211899239,84.40794682848706,76.40206662384999,32.748803966686644,16.31479983608329
1,2729,40,7,13,1,0.1452690064907074,0.025195373222231865,gigapose_global_rank_0|R1+20|rgb_recovery|center_preserving_flip180,51.89526083595056,approved,epnp_raceline,rear,toward,-0.9967736465310821,162.34180400543372,16.844730891941325,8.92264609181433,14.006850158269197
1,2730,40,11,8,0,0.2281181812286377,0.11673010885715485,gigapose_global_rank_0|R1+20|rgb_recovery,42.63178716543601,approved,epnp_raceline,rear,toward,-0.9939640868282696,46.47856431185308,26.608649263466845,2.73836836513869,17.779612379805044
1,2731,40,0,13,0,0.16940636932849884,0.0637584924697876,gigapose_global_rank_2|rgb_recovery,41.9082650312725,approved,epnp_raceline,rear,toward,-0.991999553701267,103.35375709835417,24.79445120709927,27.081540607682108,18.7861903391385
1,2732,40,8,9,0,0.12467396259307861,0.0901227667927742,gigapose_global_rank_1|uv1-48|rgb_recovery,62.23036341115633,approved,epnp_raceline,rear,toward,-0.9983579123903629,5.906542738802254,23.234040609250396,13.209142717214458,24.089930311413816
1,2733,40,8,1,0,0.5822628140449524,0.03435879200696945,gigapose_global_rank_3|rgb_recovery,61.98237652934572,approved,epnp_raceline,rear,toward,-0.9732267442401217,90.34906456817797,6.963713045064801,18.9281484523269,11.653610703108523
1,2734,40,7,3,1,0.16900120675563812,0.02022971399128437,gigapose_global_rank_0|R1+45|rgb_recovery|center_preserving_flip180,56.23430535940483,approved,epnp_raceline,rear,toward,-0.9676919868025882,164.41238734345754,35.1737988304226,13.195518442398049,6.540541574402567
1,2735,40,2,11,0,0.15395821630954742,0.048399295657873154,gigapose_global_rank_1|yaw+30|rgb_recovery,45.951340154305655,approved,epnp_raceline,rear,toward,-0.8438862339187592,10.193691637275606,51.491532597739145,6.420131021267124,16.123448320667755
1,2736,40,2,2,0,0.18878048658370972,0.18878048658370972,gigapose_global_rank_0|R1+20|rgb_recovery,68.28551431227692,approved,epnp_raceline,rear,toward,-0.962913025966712,34.624764033816085,34.624764033816085,2.4961535280955425,2.4961535280955425
1,2737,40,2,2,0,0.15957137942314148,0.15957137942314148,gigapose_global_rank_0|R1+20|rgb_recovery,64.81593430097548,approved,epnp_raceline,rear,toward,-0.943728202654361,38.739102023794764,38.739102023794764,1.6142477467656502,1.6142477467656502
1,2738,40,3,3,0,0.16648969054222107,0.16648969054222107,gigapose_global_rank_0|R1+20|rgb_recovery,83.4335142972439,approved,epnp_raceline,rear,toward,-0.9467182369631989,36.92321339977227,36.92321339977227,3.188108428896839,3.188108428896839
1,2739,40,4,4,0,0.27977970242500305,0.27977970242500305,gigapose_global_rank_2|rgb_recovery,110.48536008935129,approved,epnp_raceline,rear,toward,-0.6605216187693518,66.56826324969559,66.56826324969559,33.14823467767288,33.14823467767288
1,2740,40,11,12,1,0.19768409430980682,0.04557150974869728,gigapose_global_rank_0|R1+45|rgb_recovery|center_preserving_flip180,114.11326458882168,approved,epnp_raceline,rear,toward,-0.8345118588589822,26.82918606689628,50.00678097729243,3.1200848516495463,18.31099831418611
1,2741,40,0,2,1,0.12090941518545151,0.105073943734169,gigapose_global_rank_4|rgb_recovery|center_preserving_flip180,115.28506475146881,approved,epnp_raceline,rear,toward,-0.84339578140217,175.6304999095723,48.686392991758964,42.43254480622405,20.271390295531273
1,2742,40,5,5,0,0.24520425498485565,0.24520425498485565,gigapose_global_rank_3|rgb_recovery,119.53613202889133,rejected:center_error_px+bbox_iou,epnp_raceline,rear,toward,-0.7920786593061082,nan,nan,nan,nan
1,2743,40,10,6,1,0.17913664877414703,0.004129872191697359,gigapose_global_rank_2|rgb_recovery|center_preserving_flip180,100.19665037402623,approved,epnp_raceline,rear,toward,-0.8759118629780183,31.364184443025124,44.53585718085097,9.646893324631284,24.574323531850844
1,2744,40,9,7,1,0.13658270239830017,0.05143145099282265,gigapose_global_rank_0|R1+45|rgb_recovery|center_preserving_flip180,72.73318330197775,rejected:center_error_px+bbox_iou,epnp_raceline,rear,toward,-0.77593043866835,nan,nan,nan,nan
1,2745,40,3,3,0,0.25877270102500916,0.25877270102500916,gigapose_global_rank_3|rgb_recovery,50.84392531778034,approved,epnp_raceline,rear,toward,-0.9784625997486484,29.26401053572948,29.26401053572948,1.760473460265279,1.760473460265279
1,2746,40,12,5,0,0.18255513906478882,0.13763642311096191,gigapose_global_rank_1|R1+20|rgb_recovery,22.813202423296776,approved,epnp_raceline,rear,toward,-0.8648425995914117,26.502360707479234,45.58662651640992,2.2234103611336606,2.580162607450009
1,2749,41,13,5,0,0.11670269072055817,0.041973765939474106,gigapose_global_rank_3|rgb_recovery,13.696505575263789,approved,epnp_raceline,rear,toward,-0.9746731056484974,22.65434024638409,8.514391111972872,8.757379917269244,1.5539464753612495
1,2751,42,9,12,1,0.10619211941957474,0.03519481047987938,gigapose_global_rank_0|R1+20|rgb_recovery|center_preserving_flip180,89.53625745425481,approved,epnp_raceline,rear,toward,-0.9795423035484732,165.28937483161258,29.726502153291744,7.2997653948988415,5.282761652276092
1,2752,42,1,9,1,0.14733293652534485,0.09857345372438431,gigapose_global_rank_4|rgb_recovery|center_preserving_flip180,76.57010843774103,approved,epnp_raceline,rear,toward,-0.2962052925081933,14.993955549189797,91.37151372014996,9.050646063807498,23.301896276685152
1,2753,42,7,3,1,0.11809439957141876,0.11225895583629608,gigapose_global_rank_3|rgb_recovery|center_preserving_flip180,68.00723744282759,approved,epnp_raceline,rear,toward,-0.29792589242853934,18.892238093528825,92.13978142046577,12.596926459589566,33.55248369138363
1,2754,42,0,3,1,0.25826162099838257,0.04717466980218887,gigapose_global_rank_1|R0+20|rgb_recovery|center_preserving_flip180,63.359033043802604,approved,epnp_raceline,rear,toward,-0.24198150753488917,22.72429340238411,94.76988096911268,14.97266097291111,34.88757074824751
1,2755,42,0,6,1,0.25954318046569824,0.024398181587457657,gigapose_global_rank_1|align_detection|rgb_recovery|center_preserving_flip180,66.127549351136,approved,epnp_raceline,rear,toward,-0.25506290848439955,44.671517558176255,95.67292341837125,29.099685821776454,38.78857555451445
1,2756,42,9,9,0,0.4491560459136963,0.4491560459136963,gigapose_global_rank_4|rgb_recovery,79.12594492926524,approved,epnp_raceline,rear,toward,-0.2826266394435988,93.926232146979,93.926232146979,25.85485834796704,25.85485834796704
1,2757,42,0,3,0,0.167587012052536,0.06526976078748703,gigapose_global_rank_0|R1+20|rgb_recovery,69.18095444870204,approved,epnp_raceline,rear,toward,-0.9416668323429155,23.96947137725993,39.314425617676825,8.299554953248379,4.749768288989621
1,2758,42,10,11,0,0.14218337833881378,0.03772309049963951,gigapose_global_rank_3|rgb_recovery,62.65163761828053,approved,epnp_raceline,rear,toward,-0.9400726358064558,97.10924058176545,11.193544187215098,26.913072373254934,1.284437125035792
1,2759,42,13,2,0,0.15648628771305084,0.06155679002404213,gigapose_global_rank_1|logz-0.35|rgb_recovery,59.952607213289404,approved,epnp_raceline,rear,toward,-0.9995812628862533,90.32586635313602,19.721165912186468,29.427445146292257,13.174537581562898
1,2760,42,10,4,1,0.2324187010526657,0.06849531084299088,gigapose_global_rank_1|R1-45|rgb_recovery|center_preserving_flip180,58.67847195441404,approved,epnp_raceline,rear,toward,-0.7009759820600852,89.50245588661394,23.14957556475665,25.29966403570636,9.6667580454062
1,2761,42,5,5,1,0.32334163784980774,0.32334163784980774,gigapose_global_rank_2|flip180|rgb_recovery|center_preserving_flip180,29.288035929914138,approved,epnp_raceline,rear,toward,-0.6188881051986543,152.15563356316116,28.63173846288803,16.63825868989753,16.63825868989753
1,2762,42,7,7,1,0.269275426864624,0.269275426864624,gigapose_global_rank_1|flip180|rgb_recovery|center_preserving_flip180,50.25087490386638,approved,epnp_raceline,rear,toward,-0.5782225305331116,152.17237660032487,30.999101917102898,11.699649426088666,11.699649426088666
1,2763,42,11,1,0,0.12666206061840057,0.05896156281232834,gigapose_global_rank_1|R1+20|rgb_recovery,51.13687064202184,approved,epnp_raceline,rear,toward,-0.8305875461824141,35.938360973947724,8.074300952533811,9.592479135645839,7.433577605681579
1,2764,42,14,11,1,0.13499891757965088,0.025553695857524872,gigapose_global_rank_2|logz-0.35|rgb_recovery|center_preserving_flip180,50.271086133701054,approved,epnp_raceline,rear,toward,-0.8949300456299943,70.2099331136349,5.981807363548164,20.642641469225936,4.17929076374368
1,2765,42,7,14,1,0.25206637382507324,0.03890836238861084,gigapose_global_rank_0|flip180|rgb_recovery|center_preserving_flip180,42.72854833555413,approved,epnp_raceline,rear,toward,-0.9505725407490783,152.75157171913665,11.653464569795336,20.634433935057082,5.418234317241332
1,2766,42,1,13,1,0.3715927302837372,0.008456471376121044,gigapose_global_rank_0|R1-45|rgb_recovery|center_preserving_flip180,69.84206743294038,approved,epnp_raceline,rear,toward,-0.950022024365789,106.98958118504609,48.00943170823786,19.70755958054129,5.5380867908081015
1,2767,42,7,11,0,0.15717409551143646,0.03371269255876541,gigapose_global_rank_2|logz-0.35|rgb_recovery,58.64390835017474,approved,epnp_raceline,rear,toward,-0.9918714727903746,79.51219792494756,25.30685818634201,21.037012053026334,15.068303924284386
1,2768,42,13,0,0,0.14615832269191742,0.12516678869724274,gigapose_rank0_baseline|rgb_recovery,64.7532950560589,approved,epnp_raceline,rear,toward,-0.9039455471907794,54.05614703284497,8.399293922972683,2.44517632162004,23.669330978555806
1,2769,42,13,13,0,0.14214974641799927,0.14214974641799927,gigapose_global_rank_0|R1+45|rgb_recovery,64.59237126083706,approved,epnp_raceline,rear,toward,-0.5281334288539642,29.94757261562869,29.94757261562869,22.594025497078164,22.594025497078164
1,2770,42,12,9,0,0.10969486087560654,0.10451821237802505,gigapose_global_rank_4|rgb_recovery,61.91710604539951,approved,epnp_raceline,rear,toward,-0.9795590686539103,66.41499854081732,45.49885926136139,24.51313439030218,13.800384547471115
1,2771,42,8,4,0,0.11815023422241211,0.1116199865937233,gigapose_global_rank_2|rgb_recovery,36.39688966568313,approved,epnp_raceline,rear,toward,-0.6386283213125636,73.62867207154788,16.406464588308687,20.1451684324367,14.23180054330342
1,2772,42,11,6,0,0.1632535755634308,0.052339065819978714,gigapose_global_rank_2|logz-0.35|rgb_recovery,28.596654363723598,approved,epnp_raceline,rear,toward,-0.9061061544320187,72.87844875142167,11.397685351179204,16.878871029025568,6.585059605166198
1,2773,42,6,2,0,0.21720750629901886,0.03340885043144226,gigapose_global_rank_0|R1-20|rgb_recovery,20.26057985189263,approved,epnp_raceline,rear,toward,-0.9009428453086531,78.03709337864065,10.597274479898903,6.776678524186327,2.490863961026036
1,2774,42,10,5,0,0.24732345342636108,0.009308971464633942,gigapose_global_rank_1|flip180|rgb_recovery,48.43376081908054,approved,epnp_raceline,rear,toward,-0.8912001559126032,147.63437935524277,10.124930019575393,24.536090493511903,4.508371492580981
1,2775,42,12,0,0,0.3416338264942169,0.09176649153232574,gigapose_rank0_baseline|rgb_recovery,48.532404580937204,approved,epnp_raceline,rear,toward,-0.4840565428626765,120.26470851744392,24.569897779759522,28.013712052262772,28.373047385780218
1,2776,42,0,11,0,0.30125346779823303,0.052527155727148056,gigapose_global_rank_1|R1-45|rgb_recovery,45.93156330763018,approved,epnp_raceline,rear,toward,-0.5170286728578639,71.23088381379763,21.706544606503137,16.755556805755315,20.86234861590237
1,2777,42,5,10,0,0.2620072364807129,0.11549129337072372,gigapose_global_rank_1|logz-0.35|rgb_recovery,61.55195925420588,approved,epnp_raceline,rear,toward,-0.10284732000680094,110.35173408437514,47.56046105032705,25.95629174247254,12.639867284669391
1,2778,42,3,11,1,0.2372194081544876,0.1282770037651062,gigapose_global_rank_0|R1-45|rgb_recovery|center_preserving_flip180,57.49046341738793,approved,epnp_raceline,rear,toward,-0.7106218350953937,158.68148870630392,11.98065333227106,5.260906438987101,2.9169020932975034
1,2779,42,1,9,0,0.2127174586057663,0.06978145986795425,gigapose_global_rank_1|R0+20|rgb_recovery,26.877386428141925,approved,epnp_raceline,rear,toward,-0.8938988974091908,66.1861400214503,13.51050240783894,23.54751008291524,5.611448588744423
1,2780,42,8,14,0,0.26506519317626953,0.02249193750321865,gigapose_global_rank_3|rgb_recovery,20.76239678158737,approved,epnp_raceline,rear,toward,-0.993884669053376,172.26635443625057,33.047487766911374,6.383781612790538,16.401003555557875
1,2781,42,11,4,0,0.25749218463897705,0.09750371426343918,gigapose_global_rank_0|R0+20|rgb_recovery,14.169911184135215,approved,epnp_raceline,rear,toward,-0.5764969006674622,106.80585164741117,91.50133360608902,6.292458112795644,6.518333351804579
1,2811,43,14,6,0,0.12007156759500504,0.11991968005895615,gigapose_global_rank_4|rgb_recovery,4.78396400596003,approved,epnp_raceline,rear,toward,-0.2421025909437612,107.81728791831156,52.70731168382319,6.9105870697997265,23.258285079116632
1,2814,44,3,3,0,0.27964961528778076,0.27964961528778076,gigapose_global_rank_0|R1+45|rgb_recovery,20.531832210742508,approved,epnp_raceline,rear,toward,-0.9901453834490833,23.58039272928846,23.58039272928846,17.0970013109371,17.0970013109371
1,2827,45,9,15,1,0.2948235869407654,0.013990696519613266,gigapose_global_rank_2|align_detection|rgb_recovery|center_preserving_flip180,5.75041901495202,approved,epnp_raceline,rear,toward,-0.3518046199690141,153.3321068827151,50.19366498058019,6.620391977989122,23.925779682295264
1,2833,46,0,2,1,0.22937922179698944,0.04803578555583954,gigapose_global_rank_1|R0+45|rgb_recovery|center_preserving_flip180,55.06751773258132,approved,epnp_raceline,rear,toward,-0.43321753298053234,118.32692563828078,66.81229000119686,73.23498219716672,73.86994742931023
1,2834,46,5,12,0,0.21888266503810883,0.13599766790866852,gigapose_global_rank_2|align_detection|rgb_recovery,81.25600976552778,approved,epnp_raceline,rear,toward,-0.3809237080554898,159.8730553753711,65.191983388006,54.57827292943859,46.36657981668213
1,2835,46,6,6,0,0.37495630979537964,0.37495630979537964,gigapose_global_rank_0|R1-45|rgb_recovery,109.03239107777901,approved,epnp_raceline,rear,toward,-0.6832807935641668,45.92101712736359,45.92101712736359,44.38039368660496,44.38039368660496
1,2836,46,8,10,0,0.12602929770946503,0.08049237728118896,gigapose_global_rank_2|logz-0.35|rgb_recovery,122.05123841794989,approved,epnp_raceline,rear,toward,-0.9924717537435397,4.527410560175517,4.1543305979432,1.3598770388562191,11.108053060356038
1,2837,46,12,4,0,0.21716400980949402,0.08699849247932434,gigapose_global_rank_0|flip180|rgb_recovery,117.68905259091517,approved,epnp_raceline,rear,toward,-0.9961495768151215,10.758826479271194,3.4611814667318654,12.019638439687993,2.9684654807863904
1,2838,46,11,7,0,0.29139670729637146,0.08994100242853165,gigapose_global_rank_1|flip180|rgb_recovery,87.37532363934854,approved,epnp_raceline,rear,toward,-0.9814159752152796,8.701751483936661,14.955389119567165,2.879115140031778,2.2608282127180055
1,2839,46,13,6,0,0.12404538691043854,0.10558509081602097,gigapose_global_rank_2|flip180|rgb_recovery,52.51922087299921,approved,epnp_raceline,rear,toward,-0.9900633147193132,8.915174119324236,6.616307245790921,2.7705290435842245,2.1407953335809795
1,2840,46,11,12,0,0.1696496307849884,0.05270786210894585,gigapose_global_rank_0|yaw+30|rgb_recovery,18.025732082821293,approved,epnp_raceline,rear,toward,-0.33509825808646576,91.31166785461076,75.87541361372689,70.27457087622982,70.78801747759786
1,2841,46,1,2,0,0.14566673338413239,0.08253303170204163,gigapose_global_rank_0|uv1-48|rgb_recovery,1.5153211707374188,approved,epnp_raceline,rear,toward,-0.2982085744139944,91.23290611976364,82.23769498605668,68.68959039542635,68.71412945643274
1,2842,46,11,7,0,0.11197160184383392,0.06700459122657776,gigapose_global_rank_0|uv1-48|rgb_recovery,0.6575326914342513,approved,epnp_raceline,rear,toward,-0.25267168790757855,103.33553819112149,83.71554498576312,68.64251731166785,69.87410435676004
1,2844,47,12,10,0,0.23710988461971283,0.0403173565864563,gigapose_global_rank_1|align_detection|rgb_recovery,38.08838859325331,approved,epnp_raceline,rear,toward,-0.33048376976051863,115.71571764703262,81.32949141282053,68.46066999436293,68.48939038988041
1,2845,47,6,3,0,0.2037988156080246,0.047122854739427567,gigapose_global_rank_1|R1-20|rgb_recovery,35.839555648841234,approved,epnp_raceline,rear,toward,-0.6604655178800184,9.835088494093352,48.822963214940046,19.561512636052917,8.864809145113274
1,2847,48,14,5,0,0.32826733589172363,0.15178534388542175,gigapose_global_rank_1|R1+45|rgb_recovery,41.77448074738461,approved,epnp_raceline,rear,toward,-0.95495242055485,135.5220737185793,16.882485206847168,1.5210884164899972,15.91611045992002
1,2848,48,11,1,1,0.17282360792160034,0.0211065411567688,gigapose_global_rank_0|R1-20|rgb_recovery|center_preserving_flip180,34.45434783859647,approved,epnp_raceline,rear,toward,-0.9777410296831185,7.323638057905449,9.422648472125937,16.197546179460097,15.658024751851116
1,2850,49,0,0,0,0.3147318959236145,0.3147318959236145,gigapose_rank0_baseline|rgb_recovery,69.40722211769989,approved,epnp_raceline,rear,toward,-0.9353814271205108,23.191281587450373,23.191281587450373,25.653472942101658,25.653472942101658
1,2851,49,14,14,0,0.10121174901723862,0.10121174901723862,gigapose_global_rank_1|yaw-30|rgb_recovery,84.65973248690742,approved,epnp_raceline,rear,toward,-0.9768980313322223,16.253790268021568,16.253790268021568,24.256590359888833,24.256590359888833
1,2852,49,5,9,1,0.4194558262825012,0.053348738700151443,gigapose_global_rank_0|R1-20|rgb_recovery|center_preserving_flip180,107.0721633792313,approved,epnp_raceline,rear,toward,-0.901028168410012,124.52761374514479,29.315963810395058,1.0601856000890189,11.061114238822029
1,2853,49,0,10,0,0.20227117836475372,0.0708596259355545,gigapose_global_rank_0|align_detection|rgb_recovery,123.98432297506614,approved,epnp_raceline,rear,toward,-0.9860050262535494,23.997703286675748,15.224912146064415,19.35994433371016,27.891237924328635
1,2854,49,11,11,0,0.13571970164775848,0.13571970164775848,gigapose_global_rank_1|uv1-48|rgb_recovery,126.62530702809491,approved,epnp_raceline,rear,toward,-0.636872440876867,56.20106345495834,56.20106345495834,3.8885979214502235,3.8885979214502235
1,2855,49,6,14,0,0.24426764249801636,0.04596355929970741,gigapose_global_rank_1|R1+45|rgb_recovery,138.54974223873194,approved,epnp_raceline,rear,toward,-0.3750339651299499,49.56259048540596,75.4817470278473,9.445999587580946,18.14702385968624
1,2856,49,6,14,0,0.1765301376581192,0.13538195192813873,gigapose_global_rank_1|rgb_recovery,152.88893473878946,approved,epnp_raceline,rear,toward,-0.3989208121184132,125.93306675438502,75.46377657695143,28.69082273969822,33.50818957867432
1,2857,49,0,0,0,0.44403040409088135,0.44403040409088135,gigapose_rank0_baseline|rgb_recovery,144.71062600350652,approved,epnp_raceline,rear,toward,-0.881048437865879,38.10400226167643,38.10400226167643,17.015512548974176,17.015512548974176
1,2858,49,1,1,1,0.3690742552280426,0.3690742552280426,gigapose_global_rank_0|R1+45|rgb_recovery|center_preserving_flip180,132.35097121696467,approved,epnp_raceline,rear,toward,-0.5123400909045897,114.95531207288735,65.55392886058321,11.433827699843167,11.433827699843167
1,2859,49,8,12,1,0.20143307745456696,0.03957158699631691,gigapose_global_rank_1|uv1-48|rgb_recovery|center_preserving_flip180,109.76263779253148,approved,epnp_raceline,rear,toward,-0.9451359604143134,4.255397240370344,25.256022814728915,8.782869165797653,2.1325224752399285
1,2860,49,6,13,0,0.1726384162902832,0.04616176337003708,gigapose_global_rank_1|R1-20|rgb_recovery,111.65232752045668,approved,epnp_raceline,rear,toward,-0.9074469633155883,13.353192750190155,19.098219378630464,4.83644429350202,8.326681869911484
1,2861,49,0,10,1,0.31705963611602783,0.012999867089092731,gigapose_global_rank_1|R1-45|rgb_recovery|center_preserving_flip180,108.57352485415839,approved,epnp_raceline,rear,toward,-0.833215352480943,84.16324324775248,27.358538567466937,37.69200018476268,25.701599037559696
1,2862,49,4,0,1,0.24207191169261932,0.036247387528419495,gigapose_rank0_baseline|rgb_recovery|center_preserving_flip180,108.30423744594984,approved,epnp_raceline,rear,toward,-0.8658691485622009,116.7158303814787,23.317415067828993,25.69001718367318,39.7576604011411
1,2863,49,2,13,1,0.1545461118221283,0.0526234433054924,gigapose_global_rank_2|flip180|rgb_recovery|center_preserving_flip180,115.64273193239782,approved,epnp_raceline,rear,toward,-0.9929031815675086,16.795905676680572,3.8403073230626203,6.109213427723874,2.7518609871364546
1,2864,49,8,6,1,0.21008619666099548,0.04956569895148277,gigapose_global_rank_1|align_detection|rgb_recovery|center_preserving_flip180,132.74603626365183,approved,epnp_raceline,rear,toward,-0.9651668072660529,17.546082546981925,22.384297308920715,1.0139246237772814,7.752085240215756
1,2865,49,6,5,1,0.10836008191108704,0.05309686437249184,gigapose_global_rank_1|R1+45|rgb_recovery|center_preserving_flip180,105.76506256025455,approved,epnp_raceline,rear,toward,-0.9659268679664196,8.996169336618584,22.21713271132439,3.9459697588885003,6.566673013665102
1,2866,49,3,10,1,0.2401314228773117,0.02575698494911194,gigapose_global_rank_1|R1-45|rgb_recovery|center_preserving_flip180,119.80456261822431,approved,epnp_raceline,rear,toward,-0.9412277345798109,101.58138536114481,27.637979934003187,37.79519289130522,10.034903341522702
1,2867,49,8,8,0,0.38233405351638794,0.38233405351638794,gigapose_global_rank_2|logz-0.35|rgb_recovery,120.17663495320525,approved,epnp_raceline,rear,toward,-0.9318629512247192,28.794007546939863,28.794007546939863,3.4894015156529314,3.4894015156529314
1,2868,49,1,15,1,0.34792596101760864,0.31986141204833984,gigapose_global_rank_1|R1+20|rgb_recovery|center_preserving_flip180,124.37185081876234,approved,epnp_raceline,rear,toward,-0.47243569484414477,89.1910691389971,71.93722138115456,25.163373288379503,21.209297076357295
1,2869,49,0,5,1,0.27493563294410706,0.10989397764205933,gigapose_global_rank_2|flip180|rgb_recovery|center_preserving_flip180,103.24313852553608,approved,epnp_raceline,rear,toward,-0.539147762908079,84.40304542242052,67.8177835737403,43.21998416965219,13.749318467408862
1,2870,49,13,7,0,0.23803174495697021,0.09051015973091125,gigapose_global_rank_2|flip180|rgb_recovery,125.33031867761437,approved,epnp_raceline,rear,toward,-0.9792775447928899,5.348762073743717,19.440041395829553,0.6924185805663736,4.00001515369819
1,2871,49,8,2,0,0.2703808546066284,0.10504253953695297,gigapose_global_rank_0|flip180|rgb_recovery,116.18460978712987,approved,epnp_raceline,rear,toward,-0.9847426038064488,4.6194689803025355,17.9733764610866,3.693607922549654,3.193660101106396
1,2872,49,2,9,0,0.15622927248477936,0.1225646361708641,gigapose_global_rank_1|R1+20|rgb_recovery,105.99406687287424,approved,epnp_raceline,rear,toward,-0.9824149133171843,7.4925731142623055,18.72697166727181,4.857964268050459,3.3448808464811304
1,2873,49,0,2,0,0.10785116255283356,0.09212209284305573,gigapose_global_rank_1|R1+20|rgb_recovery,113.41146720697357,approved,epnp_raceline,rear,toward,-0.9970870180398884,7.361842657104364,11.785650744002686,10.827097187630137,5.668523855957922
1,2874,49,9,9,1,0.14082495868206024,0.14082495868206024,gigapose_global_rank_4|rgb_recovery|center_preserving_flip180,143.02887533023957,approved,epnp_raceline,rear,toward,-0.9271605602297179,150.781464472747,29.7852420776351,7.029084026461143,7.029084026461143
1,2875,49,0,9,1,0.17820726335048676,0.010898931883275509,gigapose_global_rank_2|align_detection|rgb_recovery|center_preserving_flip180,140.86211589112924,approved,epnp_raceline,rear,toward,-0.9709472143698324,7.819467328520555,21.729892985439086,1.7596662442052264,2.1528422593679357
1,2876,49,14,5,1,0.10730435699224472,0.08850784599781036,gigapose_global_rank_2|rgb_recovery|center_preserving_flip180,138.1222572037248,approved,epnp_raceline,rear,toward,-0.7609088909606149,166.51490991015126,49.75453396383981,9.06096705999431,25.25548510018404
1,2877,49,4,2,0,0.16453512012958527,0.09631438553333282,gigapose_global_rank_1|uv1-48|rgb_recovery,152.53036678248185,approved,epnp_raceline,rear,toward,-0.9971515739049618,6.25747807462999,9.365603032503902,6.575221362336181,8.997799964746873
1,2878,49,9,5,0,0.17694318294525146,0.15063868463039398,gigapose_global_rank_1|R1+20|rgb_recovery,147.70978764905792,approved,epnp_raceline,rear,toward,-0.9955218033419949,6.420939315378282,14.069918361135166,0.8499575606709756,1.5237641433446247
1,2879,49,0,11,1,0.1614954173564911,0.012290891259908676,gigapose_global_rank_4|rgb_recovery|center_preserving_flip180,149.5987251347937,approved,epnp_raceline,rear,toward,-0.8830033417096599,7.605107820662478,36.5842718752019,3.7182697408084615,15.21999008218151
1,2880,49,5,6,1,0.2589932978153229,0.019668690860271454,gigapose_global_rank_1|R1-20|rgb_recovery|center_preserving_flip180,156.09772877677406,approved,epnp_raceline,rear,toward,-0.9798279510143628,84.37061069363413,4.407149525950323,26.60622749038044,0.9450962244059314
1,2881,49,12,4,0,0.17618724703788757,0.1603187769651413,gigapose_global_rank_1|R1+20|rgb_recovery,150.62027232901346,approved,epnp_raceline,rear,toward,-0.9969015397146311,12.112285352143784,13.401489836800321,2.7520813837533313,4.201522429617569
1,2882,49,0,2,0,0.2748022973537445,0.09667652100324631,gigapose_global_rank_0|R1+20|rgb_recovery,135.9554141202085,approved,epnp_raceline,rear,toward,-0.9972711918869682,9.26940503653102,13.288263155180184,10.14835173301401,0.997546223119414
1,2883,49,0,1,0,0.3856242299079895,0.12514956295490265,gigapose_global_rank_0|R1+20|rgb_recovery,134.9868737806632,approved,epnp_raceline,rear,toward,-0.9993477647271134,9.82064785143754,10.425580647155819,13.01581768292591,4.902129688315867
1,2884,49,4,1,1,0.14292529225349426,0.060855790972709656,gigapose_global_rank_0|R1+20|rgb_recovery|center_preserving_flip180,131.26182119198052,approved,epnp_raceline,rear,toward,-0.9943455250186889,173.22025919775896,14.960319741170828,2.4781216069578376,2.3822340234546036
1,2885,49,4,4,1,0.12555977702140808,0.12555977702140808,gigapose_global_rank_3|rgb_recovery|center_preserving_flip180,130.4910190724509,approved,epnp_raceline,rear,toward,-0.7343324155724753,128.8587945303093,53.24608872433351,18.320684883740835,18.320684883740835
1,2886,49,15,6,1,0.1374117136001587,0.023756811395287514,gigapose_global_rank_3|rgb_recovery|center_preserving_flip180,138.31029283756442,approved,epnp_raceline,rear,toward,-0.7567742864058183,23.391069810322495,51.06778875179938,1.5154563511943506,20.4351651969268
1,2887,49,0,11,1,0.28682947158813477,0.013343303464353085,gigapose_global_rank_1|R1+45|rgb_recovery|center_preserving_flip180,121.80287545631799,approved,epnp_raceline,rear,toward,-0.9329664308258445,9.315227123213216,30.567823147857276,13.70578938386874,1.401258856825199
1,2888,49,12,2,1,0.1253107488155365,0.0604863166809082,gigapose_global_rank_1|R1+20|rgb_recovery|center_preserving_flip180,93.38888560937328,approved,epnp_raceline,rear,toward,-0.9923764702288733,173.36235390902075,14.272853969206874,3.004726311231493,1.751189186941582
1,2889,49,5,5,0,0.30615150928497314,0.30615150928497314,gigapose_global_rank_4|rgb_recovery,65.83995644684602,approved,epnp_raceline,rear,toward,-0.9952942110425557,5.820344319565424,5.820344319565424,3.9350971818743505,3.9350971818743505
1,2890,49,3,3,0,0.20967112481594086,0.20967112481594086,gigapose_global_rank_1|R1+20|rgb_recovery,63.0951611421086,approved,epnp_raceline,rear,toward,-0.9964924369482234,12.332116138750647,12.332116138750647,2.6202927311426834,2.6202927311426834
1,2891,49,0,5,0,0.360959529876709,0.113070547580719,gigapose_global_rank_0|R1+20|rgb_recovery,62.58606182361173,approved,epnp_raceline,rear,toward,-0.997657914598836,9.389855063886841,13.081151354413622,9.512988836188464,7.582385958091036
1,2892,49,0,2,0,0.17387013137340546,0.08992306143045425,gigapose_global_rank_0|R0+20|rgb_recovery,61.87878450490154,approved,epnp_raceline,rear,toward,-0.9994255776935574,8.52895744313735,9.127092877771432,4.907888185786438,5.82763407629112
1,2893,49,0,3,0,0.13042643666267395,0.08720380812883377,gigapose_global_rank_0|R0+20|rgb_recovery,91.02510163955503,approved,epnp_raceline,rear,toward,-0.9935345633178528,7.985374199761814,3.7445853700081426,3.9937235010325627,3.332310392246345
1,2894,49,15,4,0,0.21635158360004425,0.20965906977653503,gigapose_global_rank_1|R1+20|rgb_recovery,124.52278792395467,approved,epnp_raceline,rear,toward,-0.9944683917638617,5.92015629962269,14.68851926012714,3.1610370391480713,1.7741288069341101
1,2895,49,10,4,0,0.253160297870636,0.23017166554927826,gigapose_global_rank_2|logz-0.35|rgb_recovery,95.64640013443065,approved,epnp_raceline,rear,toward,-0.9973951496759828,7.215383127812322,7.511166458182941,1.84634973780739,3.8066380504230053
1,2896,49,0,5,0,0.16173836588859558,0.090171679854393,gigapose_global_rank_0|R0+20|rgb_recovery,99.4254927154819,approved,epnp_raceline,rear,toward,-0.993735094600533,7.705331274895976,4.4051675177792555,6.642641304310948,3.910922093967963
1,2897,49,0,4,0,0.17805860936641693,0.06281381100416183,gigapose_global_rank_0|uv0+48|rgb_recovery,130.0964465681165,approved,epnp_raceline,rear,toward,-0.9958371390618078,8.442304005881903,9.219708472062205,3.034825290888598,7.331878091890057
1,2898,49,9,13,0,0.3123975694179535,0.12375228106975555,gigapose_global_rank_1|flip180|rgb_recovery,130.88352818173988,approved,epnp_raceline,rear,toward,-0.9976428186467247,7.539248980864264,8.177409638688609,5.435025698025712,3.2471855874394366
1,2899,49,14,4,0,0.2284705489873886,0.21734391152858734,gigapose_global_rank_3|rgb_recovery,128.63278626621002,approved,epnp_raceline,rear,toward,-0.9963595640088447,4.708489452539722,5.648645695238659,3.5415191146796188,4.871205242750353
1,2900,49,14,7,1,0.12390399724245071,0.06187702715396881,gigapose_global_rank_1|R1+20|rgb_recovery|center_preserving_flip180,129.01459684660026,approved,epnp_raceline,rear,toward,-0.993872818333228,175.80765838911447,14.35187340446973,2.3582437032927794,1.9584061064534197
1,2901,49,14,8,1,0.20871196687221527,0.03076983243227005,gigapose_global_rank_0|R1+20|rgb_recovery|center_preserving_flip180,129.04115044664655,approved,epnp_raceline,rear,toward,-0.9902114883895053,10.72375493383527,15.996327570518892,4.862543433438311,2.775908587776424
1,2902,49,0,1,0,0.22952404618263245,0.1269235610961914,gigapose_global_rank_0|yaw+30|rgb_recovery,128.34209718387814,approved,epnp_raceline,rear,toward,-0.9990765728618363,11.00917494119945,11.014513010033584,4.428632821753269,7.705116212710262
1,2903,49,0,5,0,0.18089285492897034,0.10570376366376877,gigapose_global_rank_0|yaw+30|rgb_recovery,129.44725859421803,approved,epnp_raceline,rear,toward,-0.9981460459996205,11.588224535359624,13.686545400119087,1.5358604909126605,8.827592227569594
1,2904,49,0,1,0,0.16177894175052643,0.08809144049882889,gigapose_global_rank_0|uv0-48|rgb_recovery,117.4583302145142,approved,epnp_raceline,rear,toward,-0.9969866542276643,14.349808932576266,13.747544801573133,3.6115353363082985,3.8202859233067996
1,2905,49,9,11,1,0.2561245560646057,0.06707873940467834,gigapose_global_rank_1|R1+20|rgb_recovery|center_preserving_flip180,130.36502639695414,approved,epnp_raceline,rear,toward,-0.9763881411795794,9.00301253060368,22.58304294976285,7.664320038812829,2.1576922107253313
1,2906,49,7,1,1,0.11332860589027405,0.03011097013950348,gigapose_global_rank_1|flip180|rgb_recovery|center_preserving_flip180,125.2508255170767,approved,epnp_raceline,rear,toward,-0.9958602898056454,20.539001202402268,17.09642704395334,1.7439320220329375,5.183401869345113
1,2907,49,14,1,1,0.20242896676063538,0.031901150941848755,gigapose_global_rank_0|R1+20|rgb_recovery|center_preserving_flip180,120.68603352898488,approved,epnp_raceline,rear,toward,-0.9841954639916902,6.840960170633603,21.812979133410696,0.8622193884768742,0.6216696559972997
1,2908,49,0,5,1,0.20964117348194122,0.08203809708356857,gigapose_global_rank_2|align_detection|rgb_recovery|center_preserving_flip180,97.35699038661765,approved,epnp_raceline,rear,toward,-0.5809541549711205,11.890297796745143,67.53723523403886,25.1521436711326,15.172795570024908
1,2909,49,9,9,1,0.11465936154127121,0.11465936154127121,gigapose_global_rank_3|rgb_recovery|center_preserving_flip180,89.59681277729103,approved,epnp_raceline,rear,toward,-0.5609383404481677,111.10045345474443,68.96611069481926,11.741512569142099,11.741512569142099
1,2910,49,10,3,1,0.2325609177350998,0.024602623656392097,gigapose_global_rank_0|rgb_recovery|center_preserving_flip180,90.28489555462531,approved,epnp_raceline,rear,toward,-0.970617738673534,89.10937785058155,3.225578596377173,15.885925478171847,2.9480097879095246
1,2911,49,4,7,1,0.11823877692222595,0.03843783959746361,gigapose_global_rank_1|R1+45|rgb_recovery|center_preserving_flip180,73.20473241990712,approved,epnp_raceline,rear,toward,-0.9268609839121026,11.343127323789204,36.81727948285128,1.3818874183185954,2.8375486744739566
1,2912,49,0,0,0,0.19375325739383698,0.19375325739383698,gigapose_rank0_baseline|rgb_recovery,57.41342404129937,approved,epnp_raceline,rear,toward,-0.9530384537334939,17.179205329097957,17.179205329097957,9.004654543126623,9.004654543126623
1,2913,49,0,9,0,0.18900147080421448,0.07467363029718399,gigapose_global_rank_0|R1-20|rgb_recovery,60.27825769397898,approved,epnp_raceline,rear,toward,-0.8055569895246367,14.051823970288522,23.783375388037058,9.56541954841052,4.23819990543268
1,2914,49,6,14,0,0.15068413317203522,0.037415917962789536,gigapose_global_rank_0|rgb_recovery,58.739857606906035,approved,epnp_raceline,rear,toward,-0.9439392989757359,84.03942064368033,12.145727326788611,18.82567725242978,4.15094889609326
1,2915,49,9,9,0,0.11283954232931137,0.11283954232931137,gigapose_global_rank_4|rgb_recovery,54.80349676604871,approved,epnp_raceline,rear,toward,-0.3345452042505847,55.87077719553547,55.87077719553547,10.491844465933719,10.491844465933719
1,2916,49,0,9,0,0.14627255499362946,0.08404172211885452,gigapose_global_rank_0|R1-20|rgb_recovery,56.962464380760615,approved,epnp_raceline,rear,toward,-0.77053913099123,17.941908973341683,26.650094713009103,20.463835121037356,5.3846371976298615
1,2917,49,13,9,0,0.12283869087696075,0.11969567835330963,gigapose_global_rank_1|R1-20|rgb_recovery,67.98701363742971,approved,epnp_raceline,rear,toward,-0.7885771601608406,88.17145780117976,21.883343750447757,12.045825391003183,4.295511863668763
1,2918,49,4,4,0,0.11965546011924744,0.11965546011924744,gigapose_global_rank_1|R1-20|rgb_recovery,66.40854358151815,approved,epnp_raceline,rear,toward,-0.7973833367135887,21.858691916135687,21.858691916135687,2.6678795856156907,2.6678795856156907
1,2919,49,0,2,0,0.24315886199474335,0.13461868464946747,gigapose_global_rank_0|R1-20|rgb_recovery,58.57196858243335,approved,epnp_raceline,rear,toward,-0.7820456841760055,16.316269352281296,24.527198486840955,9.918816743340376,7.183196576693095
1,2920,49,13,14,1,0.14987611770629883,0.09200500696897507,gigapose_global_rank_3|rgb_recovery|center_preserving_flip180,72.9003885934175,approved,epnp_raceline,rear,toward,-0.7490350943001202,47.343377375991906,24.134866610258058,1.217053532435228,3.6381663752341287
1,2921,49,7,6,1,0.110184445977211,0.06798325479030609,gigapose_global_rank_1|R1-45|rgb_recovery|center_preserving_flip180,76.7012475203618,approved,epnp_raceline,rear,toward,-0.39109939214667294,156.15776472476847,48.057940706011635,4.890366160730602,4.191117667914512
1,2922,49,4,2,0,0.1973470151424408,0.028081687167286873,gigapose_global_rank_0|flip180|rgb_recovery,77.93677306034542,approved,epnp_raceline,rear,toward,-0.9312742113871272,61.70875174052132,5.486624699697506,1.6152715903130828,3.681444835634198
1,2923,49,15,3,0,0.12260081619024277,0.12251878529787064,gigapose_global_rank_2|align_detection|rgb_recovery,74.27730119896493,approved,epnp_raceline,rear,toward,-0.9688334463347268,170.9415643373456,7.54344888762926,5.615004996178019,8.470235077432717
1,2924,49,10,10,0,0.17330436408519745,0.17330436408519745,gigapose_global_rank_2|rgb_recovery,79.37240145060859,approved,epnp_raceline,rear,toward,-0.9959945528396202,20.051268090314736,20.051268090314736,12.879372499747513,12.879372499747513
1,2925,49,6,15,1,0.14953705668449402,0.02910846844315529,gigapose_global_rank_4|rgb_recovery|center_preserving_flip180,56.65507529734183,approved,epnp_raceline,rear,toward,-0.7754880587789611,82.76960175978674,20.88532822535353,10.570017688947223,4.146251395345541
1,2926,49,5,6,1,0.11816520243883133,0.06300672888755798,gigapose_global_rank_1|R1-20|rgb_recovery|center_preserving_flip180,39.84123316562233,rejected:center_error_px+bbox_iou,epnp_raceline,rear,toward,-0.5441605886796309,nan,nan,nan,nan
1,2927,49,0,15,1,0.13019992411136627,0.05567352473735809,gigapose_global_rank_1|R1-20|rgb_recovery|center_preserving_flip180,15.148274744481194,approved,epnp_raceline,rear,toward,-0.5092590960383196,21.085557032309673,34.563795191695334,24.864545258722206,5.67775576876657
1,2928,49,10,9,0,0.11463063210248947,0.07620865106582642,gigapose_global_rank_3|rgb_recovery,8.128604997629449,rejected:center_error_px+bbox_iou,epnp_raceline,rear,toward,-0.8106021076024091,nan,nan,nan,nan
1,2929,49,3,7,0,0.12537945806980133,0.07503648847341537,gigapose_global_rank_2|align_detection|rgb_recovery,2.2577983337529206,rejected:center_error_px+bbox_iou,epnp_raceline,rear,toward,-0.8925898465980863,nan,nan,nan,nan
1,2932,50,9,12,0,0.1125599816441536,0.06287162750959396,gigapose_global_rank_1|R1+45|rgb_recovery,21.005244100875004,rejected:center_error_px+bbox_iou,epnp_raceline,rear,toward,-0.26688079101873685,nan,nan,nan,nan
1,2933,50,0,2,0,0.13115736842155457,0.11539920419454575,gigapose_global_rank_4|rgb_recovery,23.411729797342588,approved,epnp_raceline,rear,toward,-0.3513776831040887,103.53807660536799,42.145925817347205,31.276042679525407,9.486702568573103
1,2934,50,4,1,0,0.11385469138622284,0.07201296091079712,gigapose_global_rank_0|R1-45|rgb_recovery,24.857926061428678,approved,epnp_raceline,rear,toward,-0.4543153114666514,107.40057711717154,34.794466958369874,5.9328528781266625,11.331178243583787
1,2935,50,14,14,0,0.33738601207733154,0.33738601207733154,gigapose_global_rank_1|R1+45|rgb_recovery,31.474187693661637,approved,epnp_raceline,rear,toward,-0.16359366416257926,54.675327147870384,54.675327147870384,16.17060733994933,16.17060733994933
1,2936,50,0,15,0,0.14480440318584442,0.12902186810970306,gigapose_global_rank_0|R1+45|rgb_recovery,43.39295075605628,rejected:center_error_px+bbox_iou,epnp_raceline,rear,toward,-0.19342729685469004,nan,nan,nan,nan
1,2937,50,0,15,0,0.10743029415607452,0.04237369820475578,gigapose_global_rank_1|R1-45|rgb_recovery,42.656674900793405,approved,epnp_raceline,rear,toward,-0.6222406249092486,85.02388577559547,10.475701982250499,43.50973975273053,4.972793159201362
1,2938,50,3,14,0,0.15252147614955902,0.04731641709804535,gigapose_global_rank_1|R1+45|rgb_recovery,38.72277466399633,approved,epnp_raceline,rear,toward,-0.8781884870413578,51.847426490393765,7.5715207922265035,13.049273294751773,0.9235023696588693
1,2939,50,0,5,0,0.13438087701797485,0.05199218541383743,gigapose_global_rank_1|R1-20|rgb_recovery,65.02972137232217,approved,epnp_raceline,rear,toward,-0.8702384835921777,85.03038694544328,16.016141463368196,38.215193242833166,3.8371073407877323
1,2940,50,14,9,0,0.11928345263004303,0.05752451717853546,gigapose_global_rank_3|rgb_recovery,78.17971672043265,approved,epnp_raceline,rear,toward,-0.9478050870645967,72.62631627800263,29.598784931109634,6.343616925554119,9.577964905993733
1,2941,50,5,9,0,0.12957504391670227,0.07176849991083145,gigapose_global_rank_2|align_detection|rgb_recovery,70.67676017546475,approved,epnp_raceline,rear,toward,-0.9204359159742093,85.32812967149496,23.934502982113873,8.346211883741281,5.434467767642515
1,2942,50,0,7,0,0.26600509881973267,0.13648703694343567,gigapose_global_rank_0|R1-20|rgb_recovery,108.25878294399666,approved,epnp_raceline,rear,toward,-0.6450362439940773,16.522422322753616,28.128988420295705,11.20840980633495,9.853474426373472
1,2943,50,0,11,1,0.30853670835494995,0.03470802679657936,gigapose_global_rank_1|R1-20|rgb_recovery|center_preserving_flip180,132.11804553627485,approved,epnp_raceline,rear,toward,-0.46762992854651014,15.359672959780408,39.725557524372164,5.004658082086753,14.658614914079388
1,2944,50,0,4,0,0.2612451910972595,0.10204826295375824,gigapose_global_rank_1|R1+45|rgb_recovery,118.1295901801862,approved,epnp_raceline,rear,toward,-0.06026250602932413,16.605197430644342,64.09490642472494,10.530364718660362,19.84542638172867
1,2945,50,0,9,1,0.3577002286911011,0.06732136756181717,gigapose_global_rank_1|R1-45|rgb_recovery|center_preserving_flip180,116.37031676500887,approved,epnp_raceline,rear,toward,-0.28800868270444707,15.536396351071819,49.31256887621043,3.1813727356959154,9.164464512213426
1,2946,50,12,4,1,0.16447311639785767,0.055382564663887024,gigapose_global_rank_2|rgb_recovery|center_preserving_flip180,121.94280148277798,approved,epnp_raceline,rear,toward,-0.8429843602674334,16.138785501333363,14.297811355202034,1.871050723243083,13.726506639179965
1,2947,50,7,3,1,0.1909824013710022,0.08083946257829666,gigapose_global_rank_2|logz-0.35|rgb_recovery|center_preserving_flip180,97.52033656013194,approved,epnp_raceline,rear,toward,-0.7053490839208402,60.81189234749178,68.56474694238634,19.096175861897844,15.130836689171899
1,2948,50,11,11,1,0.22634240984916687,0.22634240984916687,gigapose_global_rank_2|flip180|rgb_recovery|center_preserving_flip180,103.5575346801682,approved,epnp_raceline,rear,toward,-0.5891427457368348,104.85988565325887,76.14548538889868,24.97232944273297,24.97232944273297
1,2949,50,2,12,1,0.13020430505275726,0.03147595375776291,gigapose_global_rank_0|R1+45|rgb_recovery|center_preserving_flip180,93.54178684448392,approved,epnp_raceline,rear,toward,-0.969733353526351,21.63719421971112,35.44195613866332,5.213038292148187,7.515578307068384
1,2950,50,1,1,1,0.19472616910934448,0.19472616910934448,gigapose_global_rank_2|rgb_recovery|center_preserving_flip180,101.28581710203707,approved,epnp_raceline,rear,toward,-0.6658495102066271,111.72070574095784,69.98926715680632,18.77188521695386,18.77188521695386
1,2951,50,13,10,1,0.12574242055416107,0.07826700806617737,gigapose_global_rank_4|rgb_recovery|center_preserving_flip180,116.64946668577264,approved,epnp_raceline,rear,toward,-0.7170802774326263,18.647039276505613,67.55978129584601,16.442503488236085,9.310827101290782
1,2952,50,0,5,1,0.16752848029136658,0.02368869259953499,gigapose_global_rank_2|align_detection|rgb_recovery|center_preserving_flip180,129.49943056402017,approved,epnp_raceline,rear,toward,-0.9566255143641637,18.826942055737312,36.84507622381733,3.3155998504207123,2.233051586273635
1,2953,50,11,6,0,0.13195423781871796,0.1123519018292427,gigapose_global_rank_0|yaw+30|rgb_recovery,112.20670167579894,approved,epnp_raceline,rear,toward,-0.9990728890482086,19.510206388148347,19.236140409614976,9.521612428630743,11.436258877673987
1,2954,50,15,6,1,0.19297929108142853,0.05856330692768097,gigapose_global_rank_0|R1+45|rgb_recovery|center_preserving_flip180,143.4824376367631,approved,epnp_raceline,rear,toward,-0.9667473032389122,6.159615185512128,33.182223969921964,2.8560257782682923,3.1185426349634966
1,2955,50,15,10,1,0.13188259303569794,0.02485029026865959,gigapose_global_rank_3|rgb_recovery|center_preserving_flip180,141.8874306240703,approved,epnp_raceline,rear,toward,-0.975376409253685,13.363723631947675,30.742422829569556,9.465371097931618,1.7440056913853685
1,2956,50,10,8,1,0.18044251203536987,0.07519093155860901,gigapose_global_rank_1|uv1-48|rgb_recovery|center_preserving_flip180,134.89601928326852,approved,epnp_raceline,rear,toward,-0.9730217087197761,18.378183109712328,30.090933183858183,6.007756919063695,3.1575712374823452
1,2957,50,14,1,0,0.18022631108760834,0.07605112344026566,gigapose_global_rank_1|flip180|rgb_recovery,131.3171623947034,approved,epnp_raceline,rear,toward,-0.93605309684614,120.39997077380849,37.03021922574671,18.594238216521244,12.81756492707078
1,2958,50,0,2,0,0.20694033801555634,0.18926100432872772,gigapose_global_rank_0|R0+20|rgb_recovery,137.37106869625163,approved,epnp_raceline,rear,toward,-0.9989863871269553,13.499432135150442,15.094969116871711,0.9728414704314686,4.666256605289109
1,2959,50,14,14,0,0.23959070444107056,0.23959070444107056,gigapose_global_rank_1|R1+20|rgb_recovery,135.07155980997584,approved,epnp_raceline,rear,toward,-0.9633520552347805,32.13966273097315,32.13966273097315,4.390148557559246,4.390148557559246
1,2960,50,1,3,1,0.13866907358169556,0.05376004800200462,gigapose_global_rank_3|rgb_recovery|center_preserving_flip180,127.78547541371861,approved,epnp_raceline,rear,toward,-0.9334010117219612,12.369291299054446,35.068563088564304,0.6309390999985255,22.016237677544794
1,2961,50,13,15,1,0.14525462687015533,0.030921360477805138,gigapose_global_rank_3|rgb_recovery|center_preserving_flip180,132.55401191335886,approved,epnp_raceline,rear,toward,-0.9302700203870855,27.925046673552608,36.25464259879023,2.7482776929618415,14.62490861280442
1,2962,50,13,5,1,0.1365906447172165,0.07455389201641083,gigapose_global_rank_1|R1+45|rgb_recovery|center_preserving_flip180,137.25050194935346,approved,epnp_raceline,rear,toward,-0.9742276404590929,157.3567532612743,25.44459277823519,22.511143718797577,7.660943092701253
1,2963,50,5,11,1,0.17600467801094055,0.03485916554927826,gigapose_global_rank_0|logz+0.35|rgb_recovery|center_preserving_flip180,137.9033919107524,approved,epnp_raceline,rear,toward,-0.972306117675693,10.85166430483139,26.098147737809843,8.392131707574443,10.749221828700266
1,2964,50,0,3,0,0.1493740826845169,0.1140974909067154,gigapose_global_rank_0|R1+20|rgb_recovery,123.47560570522344,approved,epnp_raceline,rear,toward,-0.9694211354355624,7.455901739259707,24.128550002976056,3.6266913189068877,4.708273630234842
1,2965,50,5,5,0,0.11825912445783615,0.11825912445783615,gigapose_global_rank_2|flip180|rgb_recovery,144.77490413205908,approved,epnp_raceline,rear,toward,-0.9804699785631493,20.2903023689047,20.2903023689047,7.66225292770535,7.66225292770535
1,2966,50,10,10,1,0.21776366233825684,0.21776366233825684,gigapose_global_rank_0|R1+45|rgb_recovery|center_preserving_flip180,119.4036026873978,approved,epnp_raceline,rear,toward,-0.513261484230806,112.47333672280945,67.53768375432888,35.2397431679594,35.2397431679594
1,2967,50,7,6,1,0.1277807056903839,0.01411436963826418,gigapose_global_rank_3|rgb_recovery|center_preserving_flip180,110.14427526879197,approved,epnp_raceline,rear,toward,-0.7109795861571033,9.074388300001967,53.36617366032608,1.5268166556109763,29.39987362117925
1,2968,50,11,15,0,0.13525263965129852,0.11147098243236542,gigapose_global_rank_3|rgb_recovery,108.430573915014,approved,epnp_raceline,rear,toward,-0.3858473145074109,56.32655819777204,76.18122662501563,40.8913575162376,51.561431625400694
1,2969,50,0,1,0,0.20179696381092072,0.10726431012153625,gigapose_global_rank_0|align_detection|rgb_recovery,111.94916676385397,approved,epnp_raceline,rear,toward,-0.9997799699966913,6.923308314856648,7.240416486920576,3.1679208703169115,1.476806327504314
1,2970,50,5,3,0,0.29690197110176086,0.049254678189754486,gigapose_global_rank_0|flip180|rgb_recovery,80.58982651528342,approved,epnp_raceline,rear,toward,-0.990539145386935,155.5609699760036,14.663257481390072,6.614140943984251,1.294722556139278
1,2971,50,0,13,1,0.1972568929195404,0.03053797408938408,gigapose_global_rank_0|R1-45|rgb_recovery|center_preserving_flip180,120.54039605372841,approved,epnp_raceline,rear,toward,-0.9847005517891654,137.051380823232,6.9180515405841065,41.303269758847634,1.5254797901797885
1,2972,50,2,12,1,0.2766750156879425,0.13572409749031067,gigapose_global_rank_1|R0+20|rgb_recovery|center_preserving_flip180,97.40687715664342,approved,epnp_raceline,rear,toward,-0.7489719074455006,125.04738943122871,46.94121157779168,25.394395065090045,22.98094362357848
1,2973,50,5,6,1,0.177176833152771,0.10203707963228226,gigapose_global_rank_1|yaw+30|rgb_recovery|center_preserving_flip180,76.51998116018997,approved,epnp_raceline,rear,toward,-0.7745406537789001,165.80918916206954,44.574578475656274,11.588145518463582,20.738030703584222
1,2974,50,6,6,0,0.19238285720348358,0.19238285720348358,gigapose_global_rank_1|uv0-48|rgb_recovery,59.6786763622404,approved,epnp_raceline,rear,toward,-0.4699786061323715,67.7118235333057,67.7118235333057,31.78137262488912,31.78137262488912
1,2975,50,1,1,0,0.1961817741394043,0.1961817741394043,gigapose_global_rank_1|flip180|rgb_recovery,76.49714969725886,approved,epnp_raceline,rear,toward,-0.9959262356063261,11.210781362416672,11.210781362416672,1.3383066984251974,1.3383066984251974
1,2976,50,0,3,0,0.19900427758693695,0.09560052305459976,gigapose_global_rank_0|rgb_recovery,66.61837527787043,approved,epnp_raceline,rear,toward,-0.9891590851715415,15.584583836521302,14.713309180345055,1.487045620893425,4.378952226689286
1,2977,50,11,11,0,0.20343223214149475,0.20343223214149475,gigapose_global_rank_1|R0-20|rgb_recovery,88.1162716144759,approved,epnp_raceline,rear,toward,-0.9916200708332887,13.31948412314384,13.31948412314384,3.602119079149309,3.602119079149309
1,2978,50,0,4,0,0.158432736992836,0.1248314306139946,gigapose_global_rank_0|yaw-30|rgb_recovery,117.01656226550853,approved,epnp_raceline,rear,toward,-0.9888945358428298,19.452032855651098,17.534028302055443,1.021196315230968,4.5900524964985445
1,2979,50,0,4,1,0.23539209365844727,0.02675146795809269,gigapose_global_rank_1|R1-45|rgb_recovery|center_preserving_flip180,118.69380945261967,approved,epnp_raceline,rear,toward,-0.955156757056878,23.729201158289108,9.384999969157409,8.170697384989918,14.01573972665347
1,2980,50,3,9,1,0.22593209147453308,0.04541601240634918,gigapose_global_rank_1|R1-20|rgb_recovery|center_preserving_flip180,86.23651802886533,approved,epnp_raceline,rear,toward,-0.9579003751260478,14.026133393316572,7.608013569109099,2.8268679849178007,9.194314043884402
1,2981,50,9,14,0,0.11197367310523987,0.10730118304491043,gigapose_global_rank_3|rgb_recovery,64.3040297532903,approved,epnp_raceline,rear,toward,-0.9804134181641191,36.44153711293607,2.807696464905917,6.824983440672675,2.443507710439028
1,2982,50,10,15,0,0.219085231423378,0.12224072962999344,gigapose_global_rank_1|logz+0.35|rgb_recovery,55.527903322298,approved,epnp_raceline,rear,toward,-0.9625375656139685,147.4898686504113,28.90878479240311,14.19314345058094,2.1150850091912625
1,2983,50,10,10,0,0.23289228975772858,0.23289228975772858,gigapose_global_rank_1|R0-45|rgb_recovery,41.24296168822562,approved,epnp_raceline,rear,toward,-0.9397950049953677,33.852235475394046,33.852235475394046,8.610995492634107,8.610995492634107
1,2984,50,0,13,0,0.21584469079971313,0.11721817404031754,gigapose_global_rank_0|align_detection|rgb_recovery,49.700377152757994,approved,epnp_raceline,rear,toward,-0.9955429975074013,17.726122629401317,21.147212550325353,21.10152404342894,7.551418923026343
1,2985,50,0,2,0,0.12858831882476807,0.056981105357408524,gigapose_global_rank_4|rgb_recovery,89.35100521441362,approved,epnp_raceline,rear,toward,-0.6387953643751493,80.77171208305084,70.88468842349998,55.33402516290256,25.29564241701924
1,2986,50,7,7,1,0.17574042081832886,0.17574042081832886,gigapose_global_rank_0|R0+45|rgb_recovery|center_preserving_flip180,111.51710035185131,approved,epnp_raceline,rear,toward,-0.33841764630118626,93.60037002604834,89.63626871192753,21.557484544881977,21.557484544881977
1,2987,50,1,1,0,0.11445581912994385,0.11445581912994385,gigapose_global_rank_1|rgb_recovery,102.50093814865826,approved,epnp_raceline,rear,toward,-0.6685331256653598,67.9397718857199,67.9397718857199,19.10476572944045,19.10476572944045
1,2988,50,0,14,0,0.24887149035930634,0.13759435713291168,gigapose_global_rank_0|R1+20|rgb_recovery,82.79781524130544,approved,epnp_raceline,rear,toward,-0.9799833473903027,18.178144718775307,29.687768249441763,3.0944168267063645,10.649459362980178
1,2989,50,14,12,1,0.23693427443504333,0.13769645988941193,gigapose_global_rank_1|R1+20|rgb_recovery|center_preserving_flip180,76.34235307781537,approved,epnp_raceline,rear,toward,-0.30246475037753634,79.14285998979408,91.2463460452763,19.591726927082366,16.22574150434579
1,2990,50,6,15,1,0.2551906406879425,0.11055976152420044,gigapose_global_rank_0|R1+20|rgb_recovery|center_preserving_flip180,34.619600536454755,approved,epnp_raceline,rear,toward,-0.4109009364052829,91.60401943503139,85.7585962143294,18.928287336522338,9.382922863416187
1,2991,50,4,11,1,0.20540155470371246,0.0517057403922081,gigapose_global_rank_1|uv0-48|rgb_recovery|center_preserving_flip180,3.919042588315754,approved,epnp_raceline,rear,toward,-0.5555471160679173,149.8224414723094,76.82329206349105,11.073862460777152,14.847953085631548
1,2993,51,15,4,1,0.11580151319503784,0.005023773293942213,gigapose_global_rank_2|align_detection|rgb_recovery|center_preserving_flip180,86.57805082536022,approved,epnp_raceline,rear,toward,-0.676884586925364,107.64150870174052,27.30456809088474,8.298717155722628,12.567857356735553
1,2994,51,8,8,1,0.17413626611232758,0.17413626611232758,gigapose_global_rank_1|yaw-30|rgb_recovery|center_preserving_flip180,84.89209112765799,approved,epnp_raceline,rear,toward,-0.6426293198789239,150.85606075854417,30.189663104596455,6.1369270173304935,6.1369270173304935
1,2995,51,9,2,1,0.26583921909332275,0.025098370388150215,gigapose_global_rank_3|rgb_recovery|center_preserving_flip180,61.78599309972546,approved,epnp_raceline,rear,toward,-0.8459259847398641,70.94411523172703,14.970081918966702,16.11260478743731,5.291870625768569
1,2996,51,0,2,1,0.19012859463691711,0.0423126220703125,gigapose_global_rank_1|align_detection|rgb_recovery|center_preserving_flip180,66.75400068640484,approved,epnp_raceline,rear,toward,-0.8244670407964851,120.7483297148672,15.00928504530616,37.32936482119672,7.731011398319247
1,2997,51,15,10,1,0.17167021334171295,0.1003357470035553,gigapose_global_rank_1|R1-20|rgb_recovery|center_preserving_flip180,83.34776606361373,approved,epnp_raceline,rear,toward,-0.3141224604280106,149.08178992149692,51.17157169128816,16.02038648246617,11.540585316027022
1,2998,51,0,7,1,0.10528874397277832,0.02649901993572712,gigapose_global_rank_0|R1-20|rgb_recovery|center_preserving_flip180,80.06291189694869,approved,epnp_raceline,rear,toward,-0.2692810518871832,147.15241722458774,54.90001031390478,38.71446840807406,12.763507294077131
1,2999,51,0,6,1,0.3046630322933197,0.05474522337317467,gigapose_global_rank_1|R0-20|rgb_recovery|center_preserving_flip180,72.21678797506928,approved,epnp_raceline,rear,toward,-0.8222449773550183,18.055029871185436,15.857403742431595,9.043888595295991,8.583263361847012
1,3000,51,0,6,1,0.17035609483718872,0.02920093946158886,gigapose_global_rank_1|R1-45|rgb_recovery|center_preserving_flip180,65.28409228295449,approved,epnp_raceline,rear,toward,-0.8631780188288781,132.93655965712531,12.375956424467038,30.62216549784085,5.643226621519609
1,3001,51,13,1,1,0.18674470484256744,0.053240735083818436,gigapose_global_rank_0|align_detection|rgb_recovery|center_preserving_flip180,43.31847387943247,approved,epnp_raceline,rear,toward,-0.7897560714391446,158.78127281479334,21.060793080807276,32.83366197686101,21.491657074449165
1,3002,51,7,8,1,0.12458590418100357,0.027757195755839348,gigapose_global_rank_2|logz-0.35|rgb_recovery|center_preserving_flip180,23.99170153177702,approved,epnp_raceline,rear,toward,-0.7473765103502698,117.3977920221943,22.197219895677264,12.832841831712964,1.0943288685828054
1,3004,52,13,6,0,0.16080895066261292,0.1573038250207901,gigapose_global_rank_0|R1+20|rgb_recovery,127.33380334294891,approved,epnp_raceline,rear,toward,-0.9482193476516904,21.614936290257596,37.84479009659389,10.208001905531011,2.8044590901958624
1,3005,52,14,14,0,0.32661524415016174,0.32661524415016174,gigapose_global_rank_1|R1+20|rgb_recovery,110.60452518080434,approved,epnp_raceline,rear,toward,-0.9695762349690146,33.31980110880308,33.31980110880308,9.00836083994678,9.00836083994678
1,3006,52,0,7,1,0.14674954116344452,0.03718540072441101,gigapose_global_rank_1|R1+45|rgb_recovery|center_preserving_flip180,114.48455695421553,approved,epnp_raceline,rear,toward,-0.9587532605104819,16.06362973253812,34.623583033214594,9.344039930127712,6.782979866114764
1,3007,52,6,8,1,0.19918930530548096,0.025937803089618683,gigapose_global_rank_2|logz-0.35|rgb_recovery|center_preserving_flip180,118.45366757776846,approved,epnp_raceline,rear,toward,-0.8685160940300832,33.546425084047215,11.865594411422116,6.813004221123609,5.469765179187039
1,3008,52,1,10,1,0.1540374457836151,0.028230419382452965,gigapose_global_rank_2|logz-0.35|rgb_recovery|center_preserving_flip180,103.94606871110383,approved,epnp_raceline,rear,toward,-0.7410307149571136,27.900536683665543,27.687662554135027,0.9898427776996371,20.570682086047483
1,3009,52,10,1,1,0.13923116028308868,0.06878653913736343,gigapose_global_rank_2|flip180|rgb_recovery|center_preserving_flip180,111.32246111101037,approved,epnp_raceline,rear,toward,-0.9521165301703415,12.792827506097726,4.214936871199843,10.773377516594774,2.0695513294959755
1,3010,52,8,4,1,0.13224732875823975,0.08137497305870056,gigapose_global_rank_0|yaw+30|rgb_recovery|center_preserving_flip180,141.2125300424914,approved,epnp_raceline,rear,toward,-0.9976558962331307,10.138200622457656,14.868950942485714,3.8051474881803555,6.124941780964483
1,3011,52,9,4,1,0.12394703179597855,0.06536754220724106,gigapose_global_rank_1|flip180|rgb_recovery|center_preserving_flip180,124.83804638501005,approved,epnp_raceline,rear,toward,-0.9910623789735341,14.902190776596052,8.982877449636238,6.808826960210875,1.1664229205817624
1,3012,52,12,4,1,0.35951730608940125,0.01888107694685459,gigapose_global_rank_1|uv0-48|rgb_recovery|center_preserving_flip180,129.50395635008914,approved,epnp_raceline,rear,toward,-0.915834632275086,121.98279270642368,15.67062842359036,32.02271223896225,0.17549408379912687
1,3013,52,14,4,1,0.12154332548379898,0.051085375249385834,gigapose_global_rank_2|rgb_recovery|center_preserving_flip180,133.230190036624,approved,epnp_raceline,rear,toward,-0.9984466195423374,12.969742146825844,10.68837626414737,13.014765599506935,0.9971783608437825
1,3014,52,14,13,1,0.256292462348938,0.013823683373630047,gigapose_global_rank_3|rgb_recovery|center_preserving_flip180,101.03079380981055,approved,epnp_raceline,rear,toward,-0.9096745970320099,22.401266254024357,18.538308125061988,17.71652602666524,25.53628732796152
1,3015,52,1,6,1,0.19328558444976807,0.042875200510025024,gigapose_global_rank_1|R1-45|rgb_recovery|center_preserving_flip180,71.97962112409635,approved,epnp_raceline,rear,toward,-0.34011747008888016,18.069491026115685,63.040041956626695,14.97299134783568,45.248634235238505
1,3016,52,15,13,1,0.2855987548828125,0.02030775509774685,gigapose_global_rank_0|R1-20|rgb_recovery|center_preserving_flip180,57.04974026123655,approved,epnp_raceline,rear,toward,-0.7905604075921869,30.171736205379993,30.642541035797116,31.308744590481925,49.134785808237524
1,3017,52,0,13,0,0.46526557207107544,0.02209579199552536,gigapose_global_rank_1|R1+45|rgb_recovery,22.574784649081778,approved,epnp_raceline,rear,toward,-0.023674849611515298,57.004316641660445,75.94226955319867,9.725645852163709,17.956612588511334
1,3019,53,2,2,1,0.3908790349960327,0.3908790349960327,gigapose_global_rank_2|flip180|rgb_recovery|center_preserving_flip180,1.014942109095487,approved,epnp_raceline,rear,toward,-0.07241292146259508,122.36091982063967,58.204564379094876,34.68981087131657,34.68981087131657
1,3021,54,2,9,0,0.3616269826889038,0.028495797887444496,gigapose_global_rank_1|R1-20|rgb_recovery,4.158859257773033,approved,epnp_raceline,rear,toward,-0.1821833009475413,24.0492690680508,112.99550300453208,6.356539032795724,42.75101943131669
1,3066,55,10,11,1,0.15042394399642944,0.06289494037628174,gigapose_global_rank_1|R0-45|rgb_recovery|center_preserving_flip180,29.00049126950602,approved,epnp_raceline,rear,toward,-0.7720089196699689,13.85200134069596,44.948411015745016,5.6521883216654265,11.888051934328836
1,3068,56,0,5,1,0.16594401001930237,0.01489460188895464,gigapose_global_rank_1|R1-20|rgb_recovery|center_preserving_flip180,63.63004479453483,approved,epnp_raceline,rear,toward,-0.9914000087940738,23.57431539403377,4.438473993993403,10.490940835368765,2.203608574967385
1,3069,56,4,4,0,0.2537011206150055,0.2537011206150055,gigapose_global_rank_1|R1+20|rgb_recovery,53.02155174016052,approved,epnp_raceline,rear,toward,-0.993035816660091,11.16880721072038,11.16880721072038,4.387801528005385,4.387801528005385
1,3070,56,12,15,0,0.15327879786491394,0.07920133322477341,gigapose_global_rank_0|R0+45|rgb_recovery,80.17711745322984,approved,epnp_raceline,rear,toward,-0.9878512165506249,4.720442386152492,11.260223111388905,5.6886895660449674,10.36698518320878
1,3071,56,0,1,0,0.15849076211452484,0.13513819873332977,gigapose_global_rank_1|R1+20|rgb_recovery,57.92544061390722,approved,epnp_raceline,rear,toward,-0.9923937551628991,16.341108727560233,10.705215592501393,4.29768167699783,1.9587848499774474
1,3072,56,0,5,0,0.22036617994308472,0.02698863483965397,gigapose_global_rank_2|flip180|rgb_recovery,62.531892009944066,approved,epnp_raceline,rear,toward,-0.8556595376968786,16.762655703645592,35.72651506720171,1.9492642850319182,26.25848271052316
1,3073,56,10,12,1,0.21566234529018402,0.18170680105686188,gigapose_global_rank_0|R1+45|rgb_recovery|center_preserving_flip180,83.26905634810647,approved,epnp_raceline,rear,toward,-0.24468119612395492,131.4295369726717,80.39887990388314,27.880820361740668,28.839717874780096
1,3074,56,13,13,1,0.18382029235363007,0.18382029235363007,gigapose_global_rank_1|R1+45|rgb_recovery|center_preserving_flip180,54.77436468482934,approved,epnp_raceline,rear,toward,-0.27225936138248064,101.25203243735017,78.903198875252,29.384362901572977,29.384362901572977
1,3075,56,12,7,1,0.47871798276901245,0.2639515995979309,gigapose_global_rank_1|flip180|rgb_recovery|center_preserving_flip180,61.34362850633755,approved,epnp_raceline,rear,toward,-0.13619955700533587,107.77151999086948,86.06291097347655,77.40944340884366,77.34279867214495
1,3076,56,15,15,1,0.27703699469566345,0.27703699469566345,gigapose_global_rank_1|flip180|rgb_recovery|center_preserving_flip180,81.46036826774312,approved,epnp_raceline,rear,toward,-0.7459834553594663,133.69781182915446,46.32419071527844,54.356058671919264,54.356058671919264
1,3077,56,5,3,1,0.18422061204910278,0.1471213400363922,gigapose_global_rank_1|R1+20|rgb_recovery|center_preserving_flip180,93.13870855785407,approved,epnp_raceline,rear,toward,-0.712379241120722,141.96903522615884,50.459732006299774,50.94706614263097,44.65309293678169
1,3078,56,10,10,1,0.3049406409263611,0.3049406409263611,gigapose_global_rank_1|R0+45|rgb_recovery|center_preserving_flip180,79.3116557683629,approved,epnp_raceline,rear,toward,-0.6603665585720444,126.66037893409955,55.974038385083944,50.43547259854458,50.43547259854458
1,3079,56,1,11,1,0.28146785497665405,0.1933315396308899,gigapose_global_rank_0|R1+20|rgb_recovery|center_preserving_flip180,117.76955842368291,approved,epnp_raceline,rear,toward,-0.48275138346168994,132.44521242182935,69.07136764074168,72.75273162601852,60.11885745652493
1,3080,56,2,2,1,0.23906104266643524,0.23906104266643524,gigapose_global_rank_0|R1+45|rgb_recovery|center_preserving_flip180,125.53793098135066,approved,epnp_raceline,rear,toward,-0.5282131261503267,116.68254957462435,63.34777685604375,22.512781655103236,22.512781655103236
1,3081,56,1,1,1,0.36169111728668213,0.36169111728668213,gigapose_global_rank_0|R1+45|rgb_recovery|center_preserving_flip180,114.58812283737028,approved,epnp_raceline,rear,toward,-0.5389513035056811,117.38613418244692,62.924436610302706,21.009253593712405,21.009253593712405
1,3082,56,4,4,1,0.3377590477466583,0.3377590477466583,gigapose_global_rank_0|R1+45|rgb_recovery|center_preserving_flip180,115.41626662681757,approved,epnp_raceline,rear,toward,-0.5212318109320363,116.17197635268016,64.19969846836494,15.082541995557536,15.082541995557536
1,3083,56,8,7,0,0.16815143823623657,0.13092103600502014,gigapose_global_rank_1|flip180|rgb_recovery,110.55588571705881,approved,epnp_raceline,rear,toward,-0.9927076414064495,15.627970366570318,6.365211215126304,6.055911963060849,4.176453808155344
1,3084,56,14,5,0,0.1677221953868866,0.1596689671278,gigapose_global_rank_1|R1+20|rgb_recovery,75.69104583290824,approved,epnp_raceline,rear,toward,-0.972464323428412,4.251100948169613,19.32661642260261,3.6497691351940498,1.3350987826854415
1,3085,56,14,15,0,0.7157251834869385,0.0026799202896654606,gigapose_global_rank_0|R1-20|rgb_recovery,54.22066147731769,approved,epnp_raceline,rear,toward,-0.6145477372213148,103.84751137670843,60.829801286698455,55.47495731719222,55.41023407509346
1,3086,56,5,13,1,0.26646432280540466,0.09816228598356247,gigapose_global_rank_3|rgb_recovery|center_preserving_flip180,81.50754308397688,approved,epnp_raceline,rear,toward,-0.7736032112763557,145.5726818458652,47.28048475778684,49.68816385398267,56.37961495528688
1,3087,56,8,8,1,0.24059024453163147,0.24059024453163147,gigapose_global_rank_2|flip180|rgb_recovery|center_preserving_flip180,96.71786573129387,approved,epnp_raceline,rear,toward,-0.24479081093044025,97.9723863780115,83.09732332516586,66.92674188083829,66.92674188083829
1,3088,56,15,9,1,0.20472483336925507,0.1121256873011589,gigapose_global_rank_1|R1+45|rgb_recovery|center_preserving_flip180,119.5479641500361,approved,epnp_raceline,rear,toward,-0.042969302157891215,110.8480544578929,95.19066500566656,52.843348959032895,64.30879428855089
1,3089,56,14,14,1,0.3122621178627014,0.3122621178627014,gigapose_global_rank_1|R1+45|rgb_recovery|center_preserving_flip180,148.60032797015833,approved,epnp_raceline,rear,toward,-0.40318594685993364,107.10193271661537,74.51439864676786,46.66534927736292,46.66534927736292
1,3090,56,5,4,1,0.21276579797267914,0.032059721648693085,gigapose_global_rank_4|rgb_recovery|center_preserving_flip180,170.12266866451216,approved,epnp_raceline,rear,toward,-0.9816324559925247,2.0297072295094463,17.520884045637125,5.91279612721419,0.8436632946900148
1,3091,56,3,2,1,0.32156848907470703,0.044397931545972824,gigapose_global_rank_0|R1+20|rgb_recovery|center_preserving_flip180,160.54190361167372,approved,epnp_raceline,rear,toward,-0.9978949143631386,3.6322721830625704,11.669269135605477,3.3371899199406876,0.48762458130312475
1,3092,56,6,11,1,0.1375739425420761,0.04782918840646744,gigapose_global_rank_1|align_detection|rgb_recovery|center_preserving_flip180,161.92409638069086,approved,epnp_raceline,rear,toward,-0.9741137417995753,15.978674185225032,20.502306263625275,5.330731847899886,2.7637418988369284
1,3093,56,3,5,1,0.1710817813873291,0.010032467544078827,gigapose_global_rank_0|R1+20|rgb_recovery|center_preserving_flip180,162.74349340402452,approved,epnp_raceline,rear,toward,-0.9990610430783907,13.408609116166692,8.283657724961344,0.891704427786469,2.6684492221830025
1,3094,56,15,12,1,0.11862047016620636,0.06172133609652519,gigapose_global_rank_2|align_detection|rgb_recovery|center_preserving_flip180,159.64057257100563,approved,epnp_raceline,rear,toward,-0.969788515286204,8.610664944120321,20.870914862412615,1.341855279696044,1.7187836601521225
1,3095,56,3,14,1,0.165578231215477,0.07517155259847641,gigapose_global_rank_1|yaw+30|rgb_recovery|center_preserving_flip180,163.9507555681629,approved,epnp_raceline,rear,toward,-0.9873554813851104,6.703757158453769,16.581540946415693,1.5241884146733045,2.157325322132423
1,3096,56,7,3,1,0.22659391164779663,0.05009711533784866,gigapose_global_rank_1|R0+20|rgb_recovery|center_preserving_flip180,165.02609221538364,approved,epnp_raceline,rear,toward,-0.9937795417813023,8.43382149668744,5.480675510117172,6.818392949973957,3.196084249757931
1,3097,56,13,15,1,0.17283228039741516,0.06375449895858765,gigapose_global_rank_1|R1+20|rgb_recovery|center_preserving_flip180,152.8324450285413,approved,epnp_raceline,rear,toward,-0.975226799812233,4.602010694481181,19.87971672195412,3.1920984972236566,1.6112591321283138
1,3098,56,9,6,1,0.16690605878829956,0.06284510344266891,gigapose_global_rank_0|R1+20|rgb_recovery|center_preserving_flip180,155.01638099257653,approved,epnp_raceline,rear,toward,-0.9915435467479761,8.889792101204877,11.418211361961108,5.319077942347768,2.348427292853741
1,3099,56,4,14,0,0.16419535875320435,0.10729964822530746,gigapose_global_rank_1|yaw-30|rgb_recovery,155.5107375643447,approved,epnp_raceline,rear,toward,-0.9969937947629645,8.150137026075528,3.367782939608065,3.762557520666787,4.239313250684047
1,3100,56,2,2,1,0.10145904868841171,0.10145904868841171,gigapose_global_rank_1|R1+20|rgb_recovery|center_preserving_flip180,146.43491298771477,approved,epnp_raceline,rear,toward,-0.9686295914036989,157.96320770517846,22.101874717454596,6.447792365940201,6.447792365940201
1,3101,56,2,2,1,0.49776870012283325,0.49776870012283325,gigapose_global_rank_0|R1+45|rgb_recovery|center_preserving_flip180,142.41993322717443,approved,epnp_raceline,rear,toward,-0.550369451702579,114.98108748778758,65.05609553487979,1.7897079195662913,1.7897079195662913
1,3102,56,2,8,1,0.10451573133468628,0.0825166255235672,gigapose_global_rank_1|logz-0.35|rgb_recovery|center_preserving_flip180,139.59148623257877,approved,epnp_raceline,rear,toward,-0.9737271823587421,165.2573500254511,21.295769995269733,3.697389588910277,5.89894713346607
1,3103,56,8,9,1,0.2679729759693146,0.049983564764261246,gigapose_global_rank_1|uv1-48|rgb_recovery|center_preserving_flip180,131.53864537218107,approved,epnp_raceline,rear,toward,-0.9801321224265762,6.144857291135161,19.359047543526117,10.08723612650681,6.970405907367283
1,3104,56,2,11,1,0.2825655937194824,0.027566788718104362,gigapose_global_rank_4|rgb_recovery|center_preserving_flip180,123.50209250349192,approved,epnp_raceline,rear,toward,-0.9821917937763609,7.250409583809234,19.248661692901212,7.7229496656427035,1.8925014642911961
1,3105,56,7,0,1,0.10870779305696487,0.02694169618189335,gigapose_rank0_baseline|rgb_recovery|center_preserving_flip180,119.42664692776032,approved,epnp_raceline,rear,toward,-0.8298890384512161,151.01866902844068,27.950978923518562,3.5035928070642113,7.813828196845735
1,3106,56,12,14,1,0.2165512889623642,0.02249268628656864,gigapose_global_rank_0|yaw-30|rgb_recovery|center_preserving_flip180,125.45971645028054,approved,epnp_raceline,rear,toward,-0.7635454088414618,34.81002706447188,34.26352935811393,4.087577588568421,2.436875102073579
1,3107,56,15,7,1,0.19272588193416595,0.019960880279541016,gigapose_global_rank_0|uv1+48|rgb_recovery|center_preserving_flip180,125.23439966488237,approved,epnp_raceline,rear,toward,-0.7528580873854973,138.5433112989445,35.323021629277555,1.8569914178274844,1.5545194421218846
1,3108,56,2,15,1,0.24254903197288513,0.01875293254852295,gigapose_global_rank_0|logz+0.35|rgb_recovery|center_preserving_flip180,120.36982232958904,approved,epnp_raceline,rear,toward,-0.7869913767889284,144.70807552720353,30.773339796892852,1.9799855875636396,1.8788906428515841
1,3109,56,2,12,1,0.15806759893894196,0.015792613849043846,gigapose_global_rank_1|uv1+48|rgb_recovery|center_preserving_flip180,111.74062065750843,approved,epnp_raceline,rear,toward,-0.7950615746047429,145.94951567985447,29.110006544618077,1.225493157685687,3.39761780149045
1,3110,56,9,1,1,0.2889932096004486,0.04664785787463188,gigapose_global_rank_2|logz-0.35|rgb_recovery|center_preserving_flip180,101.48733429963387,approved,epnp_raceline,rear,toward,-0.9785921272129365,1.9832985798219787,20.414803755408574,1.7799722557530209,4.606084826489789
1,3111,56,2,2,1,0.4538760483264923,0.4538760483264923,gigapose_global_rank_1|R1+45|rgb_recovery|center_preserving_flip180,99.06808777542697,approved,epnp_raceline,rear,toward,-0.583358392293454,117.35381947759966,62.71656623902935,7.659858198444791,7.659858198444791
1,3112,56,1,1,1,0.4490649700164795,0.4490649700164795,gigapose_global_rank_0|R1+45|rgb_recovery|center_preserving_flip180,106.35402129874547,approved,epnp_raceline,rear,toward,-0.5087994074391252,112.11686486008331,67.89147842312192,8.177936056990507,8.177936056990507
1,3113,56,2,2,1,0.3591027855873108,0.3591027855873108,gigapose_global_rank_1|R1+45|rgb_recovery|center_preserving_flip180,104.52417217537531,approved,epnp_raceline,rear,toward,-0.5373460045427243,114.11440986779584,65.93128471257391,3.9874925652607516,3.9874925652607516
1,3114,56,3,3,1,0.37147656083106995,0.37147656083106995,gigapose_global_rank_1|R1+45|rgb_recovery|center_preserving_flip180,94.72200283615342,approved,epnp_raceline,rear,toward,-0.574699445022843,116.94690760127166,63.15993086965027,8.076871188101041,8.076871188101041
1,3115,56,4,4,0,0.17846494913101196,0.17846494913101196,gigapose_global_rank_1|R1+20|rgb_recovery,108.14822465468207,approved,epnp_raceline,rear,toward,-0.9619376391795808,23.27190618896408,23.27190618896408,3.161588980996423,3.161588980996423
1,3116,56,5,5,0,0.309919148683548,0.309919148683548,gigapose_global_rank_4|rgb_recovery,87.16883525853704,approved,epnp_raceline,rear,toward,-0.7968173896082319,45.51143663022149,45.51143663022149,25.58524982502699,25.58524982502699
1,3117,56,1,1,1,0.360171377658844,0.360171377658844,gigapose_global_rank_1|R1+45|rgb_recovery|center_preserving_flip180,92.3674621975707,approved,epnp_raceline,rear,toward,-0.6019447751371322,119.20357836915755,60.84642693328529,6.562574931780335,6.562574931780335
1,3118,56,13,3,0,0.10497920960187912,0.04016655683517456,gigapose_global_rank_0|R1+20|rgb_recovery,88.94080694223454,approved,epnp_raceline,rear,toward,-0.9031236596492077,14.044456994548352,32.83860451785343,2.3933714224794187,16.299353361731253
1,3119,56,3,3,1,0.2601121962070465,0.2601121962070465,gigapose_global_rank_0|R1+45|rgb_recovery|center_preserving_flip180,115.21267912645143,approved,epnp_raceline,rear,toward,-0.5198507615480044,114.3680232831449,65.8601855845312,17.720324676671325,17.720324676671325
1,3120,56,10,10,1,0.2094474881887436,0.2094474881887436,gigapose_global_rank_1|R1+20|rgb_recovery|center_preserving_flip180,95.33114179848921,approved,epnp_raceline,rear,toward,-0.5825288162558777,118.6876633839332,63.050627088466115,10.650476721436549,10.65047672143655
1,3121,56,0,5,1,0.1374245285987854,0.13460487127304077,gigapose_global_rank_0|R0+45|rgb_recovery|center_preserving_flip180,114.40392411854488,approved,epnp_raceline,rear,toward,-0.8108938428846071,151.45133899565334,51.78207460354733,30.263156417888826,7.215987818739783
1,3122,56,3,8,1,0.23819127678871155,0.08986244350671768,gigapose_global_rank_1|uv1-48|rgb_recovery|center_preserving_flip180,80.30735097239732,approved,epnp_raceline,rear,toward,-0.7878475437878049,124.1351288990304,46.93571404673644,11.846478744480338,4.067964071867895
1,3123,56,0,10,1,0.40961235761642456,0.024582764133810997,gigapose_global_rank_1|R1+45|rgb_recovery|center_preserving_flip180,64.42552016839944,approved,epnp_raceline,rear,toward,-0.991274805196151,39.556650314182605,15.743352043914829,19.45045127984981,9.207550362933999
1,3124,56,0,8,1,0.40396904945373535,0.037495147436857224,gigapose_global_rank_1|R1+45|rgb_recovery|center_preserving_flip180,35.78937342869797,approved,epnp_raceline,rear,toward,-0.9766950442771122,32.13853907450632,18.98597146085866,19.590318254032802,11.908065721414964
1,3125,56,0,14,1,0.1537364423274994,0.019245445728302002,gigapose_global_rank_4|rgb_recovery|center_preserving_flip180,30.12860871138395,approved,epnp_raceline,rear,toward,-0.972733979053459,5.8933300907135076,19.411022575392153,4.616542731827328,3.921595157610615
