match_key,scene_id,im_id,obj_id,instance_id,prediction_row_index,score,epnp_label_path,epnp_record_index,translation_error_mm,rotation_error_deg,roll_error_deg,pitch_error_deg,yaw_error_deg,T_gigapose_cam_obj,T_gigapose_aligned_epnp_obj,T_epnp_obj
image_3600197802821,1,0,1,0,0,0.951178076,/home/anahita/gigapose/gigaPose_datasets/datasets/2026-05-18-v1-v4/stereo_left/EPnPv2_gt_mesh_z_hybrid_labels/3600197802821_0.json,0,33061.07401222898,9.999435740301983,9.660689061855093,2.1087271295486554,1.682049038627799,0.0233157948 -0.988069104 0.152236068 -2228.48234 -0.00464218625 -0.152382826 -0.988310642 7698.72316 0.999717372 0.0223365399 -0.0081397275 177770.082 0 0 0 1,0.032748573884 -0.989758494554 0.138944788797 -2256.39830211 0.00336725965034 -0.138909305994 -0.990299382467 7614.24027236 0.999457949356 0.0328987556208 -0.00121630782328 174181.129004 0 0 0 1,0.00445844931528 -0.999600946903 -0.0278952624649 -2048.23541641 0.0409861132503 0.0280547682196 -0.998765826225 6451.62725449 0.999149858952 0.00330962985754 0.0410948358476 141141.159058 0 0 0 1
image_3600288180244,1,1,1,0,1,0.935962018,/home/anahita/gigapose/gigaPose_datasets/datasets/2026-05-18-v1-v4/stereo_left/EPnPv2_gt_mesh_z_hybrid_labels/3600288180244_0.json,0,37525.36510348267,4.8485395401312985,4.500420770574739,0.971509937409117,1.5593612746649457,0.0196700715 -0.997781804 0.0635968474 -2653.18059 0.0167810146 -0.0632707148 -0.997855307 8085.85568 0.999665687 0.0206951049 0.0154992516 181746.801 0 0 0 1,0.0297797434218 -0.998297142389 0.0501595602565 -2677.24299159 0.0239108230761 -0.0494559801215 -0.998490049064 7919.92844136 0.999270453555 0.0309341338872 0.0223973200186 178160.662489 0 0 0 1,0.00305491941981 -0.999608337879 -0.0278188996017 -2266.75271988 0.0416258722544 0.0279220342636 -0.998743057251 6537.70017624 0.999128580093 0.00189310568385 0.0416948609054 140663.009644 0 0 0 1
image_3600383322928,1,2,1,0,2,0.999686281,/home/anahita/gigapose/gigaPose_datasets/datasets/2026-05-18-v1-v4/stereo_left/EPnPv2_gt_mesh_z_hybrid_labels/3600383322928_0.json,0,40054.040126716114,5.0427278815052,0.07959669142545453,4.876425067814293,1.2856780258498488,0.0147597261 -0.999793634 -0.0139584961 -3075.75925 0.120596277 0.0156380977 -0.992578454 8467.81831 0.992591904 0.0129668434 0.120802204 183419.263 0 0 0 1,0.0253933722101 -0.999300680992 -0.0274467727014 -3090.53402269 0.126851737085 0.0304547051087 -0.991454057032 7926.82041853 0.991596597854 0.0216946910555 0.12753637485 179870.234506 0 0 0 1,0.000657914206386 -0.999604165554 -0.0281227864325 -2605.84449768 0.0427503958344 0.028125198558 -0.998689889908 6663.69056702 0.999085605145 -0.000545208225958 0.0427519790828 139839.050293 0 0 0 1
image_3600484588043,1,3,1,0,3,0.970665258,/home/anahita/gigapose/gigaPose_datasets/datasets/2026-05-18-v1-v4/stereo_left/EPnPv2_gt_mesh_z_hybrid_labels/3600484588043_0.json,0,40082.73300311441,4.200275237919408,2.047187858049065,3.183353126212064,1.7659953606367558,0.0188895455 -0.999556002 0.0230431087 -3496.93181 0.0907385838 -0.0212382501 -0.995648254 8522.58279 0.995695583 0.020898242 0.0902971151 182787.744 0 0 0 1,0.029280683793 -0.999525309107 0.00958117601155 -3522.52148268 0.0974051338278 -0.00668648564054 -0.995222352223 8089.85153962 0.99481399316 0.0300740466809 0.0971631115637 179223.955412 0 0 0 1,-0.00302257551812 -0.999611198902 -0.0277162250131 -3118.38459969 0.0428804717958 0.0275612995028 -0.998699963093 6669.29340363 0.999075651169 -0.00420713145286 0.0427804999053 139168.441772 0 0 0 1
image_3600584554747,1,4,1,0,4,0.976646735,/home/anahita/gigapose/gigaPose_datasets/datasets/2026-05-18-v1-v4/stereo_left/EPnPv2_gt_mesh_z_hybrid_labels/3600584554747_0.json,0,39116.63934072235,2.8420777638632297,0.7015422340262053,2.460880925772819,1.221960725719584,0.00584974467 -0.999982785 -0.000458329244 -4037.59816 0.078470152 0.000915961898 -0.996916043 8249.78076 0.996899301 0.00579573914 0.0784741593 181245.693 0 0 0 1,0.0163986181257 -0.999767379551 -0.0140097103833 -4018.93044059 0.0849122039668 0.0153534704438 -0.996270138614 7860.05385872 0.996253483579 0.0151478581648 0.0851442273715 177676.902626 0 0 0 1,-0.00606247456744 -0.999619007111 -0.0269296318293 -3562.20602989 0.0426460206509 0.0266471765935 -0.99873483181 6620.35274506 0.999071896076 -0.00720324227586 0.0424682199955 138582.580566 0 0 0 1
image_3600692674081,1,5,1,0,5,0.979027348,/home/anahita/gigapose/gigaPose_datasets/datasets/2026-05-18-v1-v4/stereo_left/EPnPv2_gt_mesh_z_hybrid_labels/3600692674081_0.json,0,37417.72175120721,1.7976335623844653,0.24998373787510367,1.6739970288958699,0.6022606752916262,-0.00854754598 -0.999927462 -0.00848583914 -4696.66768 0.0654978882 0.00790807907 -0.997821371 8098.30141 0.997816098 -0.00908472859 0.0654255425 178945.878 0 0 0 1,0.0020538466115 -0.999752972219 -0.0221308726437 -4627.21248978 0.0718730556556 0.0222212642149 -0.99716622425 7754.74571671 0.997411672738 0.000457413033441 0.0719009401395 175372.973618 0 0 0 1,-0.00922852568328 -0.999605059624 -0.0265413019806 -4007.04956055 0.0429926067591 0.0261212550104 -0.998733878136 6648.6582756 0.999032914639 -0.0103579424322 0.0427345708013 137976.745605 0 0 0 1
image_3600784095974,1,6,1,0,6,0.978322135,/home/anahita/gigapose/gigaPose_datasets/datasets/2026-05-18-v1-v4/stereo_left/EPnPv2_gt_mesh_z_hybrid_labels/3600784095974_0.json,0,34845.0011294632,3.440124611516219,0.5339380088061286,1.4824670777618032,3.0651122996217017,0.0317389447 -0.999279021 -0.0208345483 -5314.4978 0.0606465456 0.0227320512 -0.997900421 8068.35413 0.997654567 0.0304087629 0.061324312 175912.784 0 0 0 1,0.0424104038556 -0.998514666198 -0.0342026293744 -5390.96356143 0.0668662551919 0.0369933906065 -0.997075921304 7741.60880521 0.996860201193 0.0399993907508 0.0683358410833 172338.446196 0 0 0 1,-0.011713700369 -0.999593615532 -0.0259850136936 -4367.29192734 0.0424631200731 0.0254660900682 -0.99877345562 6571.28810883 0.999029517174 -0.0128027508035 0.0421475619078 137528.152466 0 0 0 1
image_3600889245087,1,7,1,0,7,0.642599182,/home/anahita/gigapose/gigaPose_datasets/datasets/2026-05-18-v1-v4/stereo_left/EPnPv2_gt_mesh_z_hybrid_labels/3600889245087_0.json,0,32297.36601485566,3.868285822900998,1.4602200128584237,2.5923937968791493,2.505625937547572,0.019697243 -0.999237221 -0.0337193677 -5902.9795 0.0813845554 0.0352164412 -0.996060418 8044.92418 0.99648812 0.0168754084 0.0820161438 172889.837 0 0 0 1,0.0304526476717 -0.998422799899 -0.0471651339808 -5937.63638877 0.0874590904706 0.0496676637654 -0.994929158566 7643.47061544 0.995702538052 0.0261732074547 0.0888336618791 169322.46623 0 0 0 1,-0.014275376685 -0.999632060528 -0.0230622906238 -4736.66572571 0.0433477126062 0.0224242545664 -0.998808383942 6671.09298706 0.998958051205 -0.0152580766007 0.0430116504431 137062.088013 0 0 0 1
image_3600987786989,1,8,1,0,8,1.0,/home/anahita/gigapose/gigaPose_datasets/datasets/2026-05-18-v1-v4/stereo_left/EPnPv2_gt_mesh_z_hybrid_labels/3600987786989_0.json,0,30021.543007426804,1.9902400039419714,0.7282559137754384,0.4627645719774469,1.7964419059270476,-0.058386301 -0.998281862 0.00493590334 -6187.71495 0.0451498081 -0.00757988146 -0.99895147 8024.62387 0.997272548 -0.0581022261 0.0455147958 170184.613 0 0 0 1,-0.0478853882585 -0.9988121243 -0.00901827189868 -5938.03811089 0.0516971989233 0.00653824588071 -0.998641402183 7754.5735332 0.997514104925 -0.0482865506388 0.0513227027013 166613.445885 0 0 0 1,-0.0167302265763 -0.999632537365 -0.0213251039386 -5074.35321808 0.043006837368 0.0205889027566 -0.998862624168 6616.13988876 0.998934745789 -0.0176283344626 0.0426465757191 136625.930786 0 0 0 1
image_3601092812768,1,9,1,0,9,0.894574999,/home/anahita/gigapose/gigaPose_datasets/datasets/2026-05-18-v1-v4/stereo_left/EPnPv2_gt_mesh_z_hybrid_labels/3601092812768_0.json,0,27746.38937703178,9.310709464997894,5.915098144618243,0.29629846347100947,7.202770492432465,-0.15501902 -0.981624433 -0.111277023 -6183.90295 0.0360835151 0.106937453 -0.993610769 7890.48334 0.98725229 -0.158043834 0.0188431209 167486.32 0 0 0 1,-0.143933591089 -0.981580303362 -0.125631322845 -5600.75457347 0.0413892439435 0.12087087612 -0.99180500149 7648.99662521 0.988721423142 -0.147953841172 0.0232294873856 163952.183271 0 0 0 1,-0.0186339616776 -0.999524891376 -0.02455002442 -5357.52344131 0.0439283885062 0.0237121228129 -0.99875330925 6744.14968491 0.998860895634 -0.019689168781 0.0434656627476 136221.618652 0 0 0 1
image_3601183773048,1,10,1,0,10,0.937960719,/home/anahita/gigapose/gigaPose_datasets/datasets/2026-05-18-v1-v4/stereo_left/EPnPv2_gt_mesh_z_hybrid_labels/3601183773048_0.json,0,18108.96813939408,6.052556429707156,0.15238964436211105,3.1539517813546447,5.160084087930978,-0.121358535 -0.99260803 -0.00118551153 -6061.00041 -0.0125142335 0.002724261 -0.999917983 7362.16114 0.992529848 -0.121333746 -0.012752341 157586.559 0 0 0 1,-0.110872985291 -0.993714037554 -0.0154788040806 -5586.25598499 -0.00606483794043 0.0162510554988 -0.999849549333 7298.50677965 0.993816078611 -0.110762428179 -0.00782851765804 154028.600862 0 0 0 1,-0.0198940169066 -0.999509334564 -0.0241944063455 -5551.98335648 0.0470533855259 0.0232363939285 -0.998622119427 7170.12453079 0.998694241047 -0.0210050214082 0.0465680323541 135920.120239 0 0 0 1
image_3601296183101,1,11,1,0,11,0.508937679,/home/anahita/gigapose/gigaPose_datasets/datasets/2026-05-18-v1-v4/stereo_left/EPnPv2_gt_mesh_z_hybrid_labels/3601296183101_0.json,0,8569.84373432915,5.361693642795544,2.090344468696497,4.867635627563856,0.9231568512403329,-0.0177429856 -0.999414513 0.029254375 -5922.47603 -0.0515030918 -0.028306566 -0.998271591 6439.71238 0.998515207 -0.0192190092 -0.0509706944 147683.518 0 0 0 1,-0.00739076826824 -0.999851759031 0.0155511188211 -5815.95290436 -0.0447341069306 -0.0152053860535 -0.99888320411 6517.36848006 0.998971589603 -0.00807817967441 -0.0446150960009 144095.883315 0 0 0 1,-0.0216949190944 -0.999533832073 -0.0214807782322 -5818.65596771 0.0405142381787 0.0205892324448 -0.998966872692 6265.07139206 0.998943567276 -0.0225427895784 0.0400486588478 135529.754639 0 0 0 1
image_3601386963096,1,12,1,0,12,0.95021676,/home/anahita/gigapose/gigaPose_datasets/datasets/2026-05-18-v1-v4/stereo_left/EPnPv2_gt_mesh_z_hybrid_labels/3601386963096_0.json,0,1228.4189121559536,11.012481325864506,4.624390181281203,2.3776674418778567,9.80754936579614,0.136888013 -0.988542566 0.0636024141 -5700.05096 -0.0144769561 -0.066196392 -0.997701586 5519.76014 0.990480737 0.135652618 -0.0233725799 137777.331 0 0 0 1,0.146891228272 -0.987833565071 0.0510667675835 -6145.08073857 -0.00731489333222 -0.0527101979015 -0.998583059465 5466.12551476 0.989125603818 0.146309543869 -0.0149685628705 134215.369167 0 0 0 1,-0.0226256530732 -0.999487996101 -0.0226231049746 -5964.9310112 0.0384255126119 0.0217427760363 -0.999024927616 5987.62226105 0.999005377293 -0.0234728902578 0.0379138849676 135312.911987 0 0 0 1
image_3601504811374,1,13,1,0,13,0.445620565,/home/anahita/gigapose/gigaPose_datasets/datasets/2026-05-18-v1-v4/stereo_left/EPnPv2_gt_mesh_z_hybrid_labels/3601504811374_0.json,0,11352.393235060468,20.029552448529174,7.591142624263323,0.5017906274085931,18.508918103587032,0.285332892 -0.951255294 0.117040616 -5458.98375 0.0289473346 -0.113508117 -0.99311528 4998.59945 0.957991228 0.286756468 -0.00485129392 127033.791 0 0 0 1,0.294585328585 -0.949729401022 0.105988435362 -6432.34782579 0.0365753371684 -0.0996234665423 -0.994352759236 4791.52598526 0.954924986199 0.296798296267 0.00538906151039 123584.416676 0 0 0 1,-0.0241287332028 -0.99944460392 -0.0229818355292 -6199.99742508 0.0367384105921 0.0220865253359 -0.999080836773 5755.0163269 0.999033689499 -0.0249508824199 0.0361850857735 134893.463135 0 0 0 1
image_3601585148803,1,14,1,0,14,0.515773786,/home/anahita/gigapose/gigaPose_datasets/datasets/2026-05-18-v1-v4/stereo_left/EPnPv2_gt_mesh_z_hybrid_labels/3601585148803_0.json,0,8081.300018197815,12.416195798978041,5.397423691159163,2.8302766103058974,10.957200990754927,0.154941799 -0.98506417 0.0751107161 -5563.34976 -0.0252126721 -0.0799469125 -0.996480212 5092.24219 0.987601823 0.152502695 -0.0372232184 130319.6 0 0 0 1,0.164832399042 -0.984324084033 0.0627405577496 -6072.05003187 -0.0179126783584 -0.0665876331814 -0.997619779085 5077.8079088 0.986158920702 0.163316210231 -0.0286076800754 126765.796972 0 0 0 1,-0.0242978241295 -0.999463737011 -0.021950867027 -6251.07860565 0.0361226014793 0.0210652649403 -0.999125361443 5675.39930344 0.999052047729 -0.0250694938004 0.0355913899839 134822.982788 0 0 0 1
image_3601700427638,1,15,1,0,15,0.99879756,/home/anahita/gigapose/gigaPose_datasets/datasets/2026-05-18-v1-v4/stereo_left/EPnPv2_gt_mesh_z_hybrid_labels/3601700427638_0.json,0,9512.362744472839,4.197521596078039,1.8502473492112133,0.6401430316443646,3.723491166585768,0.030181322 -0.998787799 -0.0388846951 -6019.7195 0.0405116494 0.0400927784 -0.998374366 5800.79799 0.998723132 0.0285569751 0.0416725942 147617.161 0 0 0 1,0.0409646432087 -0.997793255149 -0.052254350325 -6092.57340331 0.0465528758538 0.0541474660141 -0.997447182049 5545.55988071 0.998075512215 0.0384274776765 0.0486682771743 144036.931107 0 0 0 1,-0.0242214016616 -0.999496996403 -0.0204674843699 -6266.3025856 0.0367408469319 0.0195696707815 -0.999133229256 5751.33800507 0.999031305313 -0.024952404201 0.0362483561039 134528.381348 0 0 0 1
image_3601785392512,1,16,1,0,16,0.786424974,/home/anahita/gigapose/gigaPose_datasets/datasets/2026-05-18-v1-v4/stereo_left/EPnPv2_gt_mesh_z_hybrid_labels/3601785392512_0.json,0,18767.49639597565,1.8303774653961853,1.5202856906503883,0.9956001848384551,0.23260147103207712,-0.0302562816 -0.998995533 -0.0330527111 -6476.21027 0.0491534727 0.0315407738 -0.998293101 6511.90645 0.998332857 -0.0318292927 0.0481497931 156808.397 0 0 0 1,-0.0195039179642 -0.998712632364 -0.0468260011363 -6331.56134625 0.0552837048066 0.0456859869753 -0.997424935708 6226.00817138 0.998280175596 -0.0220424089252 0.0543214785902 153232.667825 0 0 0 1,-0.0239117927849 -0.999514579773 -0.0199708361179 -6269.38295364 0.0380071811378 0.0190532058477 -0.999095797539 5922.56879807 0.998991370201 -0.0246492121369 0.0375331304967 134467.727661 0 0 0 1
image_3601887915324,1,17,1,0,17,0.821014681,/home/anahita/gigapose/gigaPose_datasets/datasets/2026-05-18-v1-v4/stereo_left/EPnPv2_gt_mesh_z_hybrid_labels/3601887915324_0.json,0,20055.814632937698,2.564113431176352,0.23262346158099523,1.4579200232761829,2.099573645273688,0.00180910024 -0.999997506 -0.00130995911 -6931.89523 0.00604068234 0.00132086556 -0.999980883 6941.69534 0.999980118 0.00180115261 0.00604305685 157955.924 0 0 0 1,0.0123639550588 -0.999812720013 -0.0148881952866 -6898.82066299 0.0125038650369 0.0150427611078 -0.999808666492 6811.5111839 0.999845380575 0.012175429423 0.012687511324 154368.381886 0 0 0 1,-0.0237934980541 -0.999543368816 -0.0186266396195 -6288.22612762 0.0386103093624 0.0176992397755 -0.999097585678 6008.93497467 0.998971164227 -0.0244912039489 0.0381715446711 134337.936401 0 0 0 1
image_3602003767178,1,18,1,0,18,1.0,/home/anahita/gigapose/gigaPose_datasets/datasets/2026-05-18-v1-v4/stereo_left/EPnPv2_gt_mesh_z_hybrid_labels/3602003767178_0.json,0,21457.137679179254,2.2644921501248794,1.9578673683695738,1.0928451775337302,0.33601157350576505,-0.0391691303 -0.998793459 0.0296210155 -7267.25892 0.0512079277 -0.0316112405 -0.998187596 7090.62971 0.9979196 -0.0375813092 0.052384328 159135.038 0 0 0 1,-0.0288241967244 -0.999459864446 0.0157842996123 -7083.8394542 0.0580033538868 -0.0174366394709 -0.998164101606 6799.87873403 0.997900184043 -0.027855736107 0.0584746213136 155561.479347 0 0 0 1,-0.0233077984303 -0.999569535255 -0.0178179498762 -6277.91929245 0.0388565212488 0.0169035606086 -0.999101817608 6034.02757645 0.998972892761 -0.0239791963249 0.0384458079934 134133.163452 0 0 0 1
image_3602083262127,1,19,1,0,19,1.0,/home/anahita/gigapose/gigaPose_datasets/datasets/2026-05-18-v1-v4/stereo_left/EPnPv2_gt_mesh_z_hybrid_labels/3602083262127_0.json,0,22538.52198397241,1.5857102824156466,0.6943480398948098,1.0699877574316385,0.9356997689506195,-0.0168017274 -0.999830578 0.0075178422 -7309.17761 0.0506808644 -0.00836086049 -0.998679902 7127.11775 0.998573559 -0.0163985367 0.0508127548 160345.442 0 0 0 1,-0.006304391389 -0.999961016172 -0.00618235267799 -7208.37289773 0.0572343090419 0.00581151290362 -0.998343859023 6837.28135674 0.998340868297 -0.00664779308207 0.0571954397308 156768.525233 0 0 0 1,-0.0229713842273 -0.999570786953 -0.0181788727641 -6263.52214813 0.0388715416193 0.0172769017518 -0.999094903469 6056.65159225 0.998980164528 -0.0236572362483 0.0384579822421 134263.35144 0 0 0 1
image_3602183012130,1,20,1,0,20,0.993322441,/home/anahita/gigapose/gigaPose_datasets/datasets/2026-05-18-v1-v4/stereo_left/EPnPv2_gt_mesh_z_hybrid_labels/3602183012130_0.json,0,21556.397870782945,2.22908558257712,0.5555060929606885,1.2452619953881967,1.7695011668100644,-0.0643129303 -0.997858138 -0.0119575697 -7040.56915 0.0106200865 0.0112973207 -0.999879785 7016.23815 0.997873269 -0.0644321894 0.00987077596 159402.847 0 0 0 1,-0.0537066015639 -0.998219688469 -0.0259432949025 -6771.47546338 0.0169770465165 0.0250642472427 -0.999541676743 6869.23700637 0.998412430345 -0.0541224271581 0.0156007065625 155825.909829 0 0 0 1,-0.0224849544466 -0.999595224857 -0.0174273997545 -6263.76867294 0.0382064245641 0.0165599174798 -0.999132633209 5976.12142563 0.999016940594 -0.0231313016266 0.0378186069429 134294.006348 0 0 0 1
image_3602291195002,1,21,1,0,21,0.968876042,/home/anahita/gigapose/gigaPose_datasets/datasets/2026-05-18-v1-v4/stereo_left/EPnPv2_gt_mesh_z_hybrid_labels/3602291195002_0.json,0,18470.598256344045,3.8057725334344266,2.2202652407672407,0.19862432272685676,3.0887229673357135,-0.0866473389 -0.995365015 -0.0417220071 -6776.24719 0.0294286631 0.0393039419 -0.99879385 6757.26515 0.995804294 -0.0877706521 0.0258866797 156307.322 0 0 0 1,-0.0758727881117 -0.995553933982 -0.0558183200989 -6430.34044462 0.0354817752701 0.0532485779996 -0.997950716931 6541.78080942 0.996486007502 -0.0776978363868 0.0312839028595 152740.47251 0 0 0 1,-0.0219835843891 -0.999605715275 -0.0174703411758 -6234.78841782 0.0381052754819 0.0166241042316 -0.999135434628 5986.23895645 0.999031960964 -0.022630289197 0.0377247817814 134279.266357 0 0 0 1
image_3602384562061,1,22,1,0,22,0.98846292,/home/anahita/gigapose/gigaPose_datasets/datasets/2026-05-18-v1-v4/stereo_left/EPnPv2_gt_mesh_z_hybrid_labels/3602384562061_0.json,0,15028.626224426605,2.776958088996855,1.7915875486717485,2.109874671947006,0.19435674871168757,-0.0348666565 -0.998769893 -0.035256452 -6745.64399 0.0685663954 0.0328041297 -0.997107085 6497.2964 0.997037093 -0.037183198 0.0673382811 153039.791 0 0 0 1,-0.0241020442671 -0.998505136501 -0.0490569480321 -6584.70010567 0.0746741338353 0.0471359625697 -0.996093356684 6141.81919162 0.996916678729 -0.0276711712341 0.0734264331622 149471.005033 0 0 0 1,-0.0213508252054 -0.999628901482 -0.0169162787497 -6213.27829361 0.0378606803715 0.016099575907 -0.999153316021 5962.12911606 0.999054968357 -0.0219732131809 0.0375028848648 134448.043823 0 0 0 1
image_3602488950722,1,23,1,0,23,0.679131914,/home/anahita/gigapose/gigaPose_datasets/datasets/2026-05-18-v1-v4/stereo_left/EPnPv2_gt_mesh_z_hybrid_labels/3602488950722_0.json,0,13634.042623435042,5.319735658109254,1.4120373432658233,4.4317232501494015,2.528684642180821,0.014510163 -0.999629378 0.0230339426 -6721.27713 0.10751189 -0.0213430509 -0.993974682 6659.42683 0.994097907 0.0168991573 0.107162353 151756.776 0 0 0 1,0.0249024699823 -0.99964434554 0.00954201874183 -6731.15079449 0.114167419616 -0.00663872715657 -0.993439343075 6166.69532143 0.993149368074 0.0258284810078 0.113961495173 148200.708166 0 0 0 1,-0.0204622168094 -0.999646484852 -0.0169734321535 -6166.37897491 0.0378237999976 0.0161908268929 -0.999153316021 5975.35228729 0.999074995518 -0.0210868958384 0.0374791249633 134579.711914 0 0 0 1
image_3602587767056,1,24,1,0,24,0.94901585,/home/anahita/gigapose/gigaPose_datasets/datasets/2026-05-18-v1-v4/stereo_left/EPnPv2_gt_mesh_z_hybrid_labels/3602587767056_0.json,0,14159.282214920693,4.624013254381522,2.2665739433068803,3.8680965821347106,1.2124098268019012,-0.00797623139 -0.999048983 -0.0428661764 -6617.17597 0.100036597 0.0418552855 -0.99410302 6826.75201 0.994951787 -0.0122173821 0.0996076131 152473.648 0 0 0 1,0.00283855803459 -0.998399041491 -0.056491559706 -6553.53449599 0.106027007128 0.0564738391159 -0.992758268307 6358.31991955 0.994359198584 -0.00317162902076 0.106017566604 148914.853063 0 0 0 1,-0.0194683596492 -0.999663889408 -0.0171146672219 -6094.6521759 0.039070546627 0.0163441654295 -0.999102771282 6166.20397568 0.999046802521 -0.020119573921 0.0387392267585 134764.312744 0 0 0 1
image_3602686520831,1,25,1,0,25,1.0,/home/anahita/gigapose/gigaPose_datasets/datasets/2026-05-18-v1-v4/stereo_left/EPnPv2_gt_mesh_z_hybrid_labels/3602686520831_0.json,0,16665.83332237783,1.9588020698635826,1.6737614733737605,0.8498066450158829,0.5721094245747802,-0.0187596409 -0.999284361 -0.032845714 -6497.60507 0.0466625429 0.0319406437 -0.998399921 6776.97752 0.998734541 -0.0202622885 0.0460299544 155190.187 0 0 0 1,-0.00800645261369 -0.998884021278 -0.0465468360388 -6394.17444255 0.052789440513 0.046061208392 -0.997542801054 6499.98972545 0.998573568701 -0.0104439605613 0.0523617417847 151612.327285 0 0 0 1,-0.0182457063347 -0.999684989452 -0.0172304231673 -6003.56245041 0.0381419546902 0.0165248084813 -0.999135673046 6054.98600006 0.999105751514 -0.0188871361315 0.037828437984 134957.015991 0 0 0 1
image_3602783336927,1,26,1,0,26,0.986797933,/home/anahita/gigapose/gigaPose_datasets/datasets/2026-05-18-v1-v4/stereo_left/EPnPv2_gt_mesh_z_hybrid_labels/3602783336927_0.json,0,17211.782109303935,3.4480410691413077,1.2057383060032496,3.151167071441453,0.7454432506133833,-0.0137709469 -0.999592468 -0.0250051735 -6391.27888 0.0863286367 0.0237255988 -0.995984168 6510.45251 0.996171535 -0.0158743077 0.085966731 155961.066 0 0 0 1,-0.00306567994382 -0.999247009821 -0.0386783496644 -6304.88606261 0.0925234877017 0.0382291819252 -0.99497634863 6091.72315607 0.995705782583 -0.00662893491889 0.0923366199281 152396.560105 0 0 0 1,-0.0170385427773 -0.999702572823 -0.0174478832632 -5914.75248337 0.0378788001835 0.0167924948037 -0.999141335487 6042.66119003 0.999137103558 -0.0176848117262 0.0375814139843 135189.27002 0 0 0 1
image_3602885712270,1,27,1,0,27,0.965405013,/home/anahita/gigapose/gigaPose_datasets/datasets/2026-05-18-v1-v4/stereo_left/EPnPv2_gt_mesh_z_hybrid_labels/3602885712270_0.json,0,15830.107463078872,1.6394949033860409,0.3548521713802338,1.315992332379426,0.9070803476406732,-0.0109016765 -0.999892472 -0.00980804614 -6311.46485 0.00682320399 0.00973401546 -0.999929344 6414.52222 0.999917295 -0.0109678285 0.00671635321 154786.944 0 0 0 1,-0.000291907750223 -0.999724544965 -0.0234680392458 -6233.707369 0.0131972633202 0.0234621451499 -0.999637614412 6281.20174101 0.999912869471 -0.000601515832632 0.0131867792773 151200.207365 0 0 0 1,-0.0157235898077 -0.999727010727 -0.0172781441361 -5813.1403923 0.0364236161113 0.0166961178184 -0.999197006226 5865.47660828 0.999212741852 -0.0163402967155 0.0361511521041 135381.149292 0 0 0 1
image_3602985993180,1,28,1,0,28,1.0,/home/anahita/gigapose/gigaPose_datasets/datasets/2026-05-18-v1-v4/stereo_left/EPnPv2_gt_mesh_z_hybrid_labels/3602985993180_0.json,0,13942.610343361843,3.51461962348514,2.7927884369046594,2.0298262314094964,0.7103726089900053,-0.0121445352 -0.998542339 -0.052590003 -6094.41106 0.0660980005 0.0516771714 -0.996474046 6489.33442 0.997739227 -0.0155778082 0.0653740568 153088.28 0 0 0 1,-0.00127178180075 -0.997803242116 -0.066234987136 -6016.88763999 0.0720027821934 0.0659717520018 -0.99522024063 6142.03354462 0.997403620621 -0.0060348063726 0.071760707843 149515.90369 0 0 0 1,-0.0142881711945 -0.99974501133 -0.0174832493067 -5697.01290131 0.0368481166661 0.0169466920197 -0.999177277088 5942.98744202 0.99921888113 -0.0149206519127 0.0365965813398 135578.384399 0 0 0 1
image_3603084233575,1,29,1,0,29,1.0,/home/anahita/gigapose/gigaPose_datasets/datasets/2026-05-18-v1-v4/stereo_left/EPnPv2_gt_mesh_z_hybrid_labels/3603084233575_0.json,0,11498.526424976044,3.250810017031589,3.005835652642201,1.1804831827937057,0.4063817888336769,-0.0163801596 -0.998320201 -0.0555739675 -5741.66214 0.0514828814 0.0546655898 -0.997176607 6552.39939 0.998539535 -0.0191950199 0.0505009695 150859.851 0 0 0 1,-0.00549009532052 -0.997584671641 -0.0692436349191 -5649.27292108 0.0573618161036 0.0688164899954 -0.995978871308 6257.34558295 0.99833835976 -0.00943995953876 0.0568454594753 147283.133546 0 0 0 1,-0.012927191332 -0.999776601791 -0.0167206767946 -5593.43242645 0.0369005799294 0.016233690083 -0.999187111855 5971.98152542 0.999235451221 -0.013533687219 0.0366824790835 135788.284302 0 0 0 1
image_3603183937352,1,30,1,0,30,0.983057145,/home/anahita/gigapose/gigaPose_datasets/datasets/2026-05-18-v1-v4/stereo_left/EPnPv2_gt_mesh_z_hybrid_labels/3603183937352_0.json,0,5018.833121047171,1.1043701475953378,0.6914509961583916,0.4237215097846985,0.7475003963406321,-0.0349211402 -0.999271791 -0.0153753701 -5254.37275 0.0383475267 0.0140336258 -0.999165914 6191.8761 0.998654085 -0.0354816204 0.0378295314 144572.588 0 0 0 1,-0.0242800141893 -0.999279089319 -0.0291853197311 -5091.05716325 0.0446688800749 0.0280803505502 -0.998607122057 5945.35220062 0.998706749946 -0.0255498706535 0.043954886423 140994.731902 0 0 0 1,-0.0113636748865 -0.99979186058 -0.01694406569 -5452.44979858 0.0370684638619 0.016512311995 -0.999176323414 6015.99693298 0.99924826622 -0.011982425116 0.0368731021881 135989.425659 0 0 0 1
image_3603286532419,1,31,1,0,31,0.980642631,/home/anahita/gigapose/gigaPose_datasets/datasets/2026-05-18-v1-v4/stereo_left/EPnPv2_gt_mesh_z_hybrid_labels/3603286532419_0.json,0,5554.957085062682,5.382147091579871,5.2311194380092925,0.7439842593315299,0.9914640507493084,-0.0372858414 -0.995426684 0.0879515891 -4770.72414 0.0170540095 -0.0886338183 -0.995918273 5826.84853 0.99915911 -0.0356337235 0.0202808026 134226.365 0 0 0 1,-0.0273544078323 -0.996870641513 0.0741664322619 -4587.86952135 0.0244387423783 -0.0748389340276 -0.996896123629 5661.15894176 0.99932701582 -0.025456968754 0.0264094395041 130644.799501 0 0 0 1,-0.00983243435621 -0.999800503254 -0.0173843726516 -5329.80823517 0.0371269397438 0.017008215189 -0.999165773392 6047.05381393 0.999262213707 -0.0104696657509 0.0369522944093 136136.444092 0 0 0 1
image_3603383348302,1,32,1,0,32,0.980023385,/home/anahita/gigapose/gigaPose_datasets/datasets/2026-05-18-v1-v4/stereo_left/EPnPv2_gt_mesh_z_hybrid_labels/3603383348302_0.json,0,10112.328213483439,4.604662359400491,0.40327846464253686,2.1002671184976824,4.070802872982636,-0.0902657878 -0.995891031 0.00728989696 -4594.36365 -0.00588051067 -0.00678668036 -0.999959679 5607.93979 0.99590035 -0.0903050166 -0.00524374278 129873.853 0 0 0 1,-0.0798028966008 -0.996787173893 -0.00684312258585 -4230.13654525 0.00066895432243 0.00681146184762 -0.9999765775 5520.85546254 0.996810438437 -0.0798056052427 0.000123230707286 126303.383114 0 0 0 1,-0.00828553643078 -0.999825000763 -0.0167741551995 -5207.25011826 0.0362360440195 0.0164635106921 -0.999207675457 5947.19457626 0.999309003353 -0.00888681877404 0.0360932908952 136359.359741 0 0 0 1
image_3603483256785,1,33,1,0,33,0.952864834,/home/anahita/gigapose/gigaPose_datasets/datasets/2026-05-18-v1-v4/stereo_left/EPnPv2_gt_mesh_z_hybrid_labels/3603483256785_0.json,0,8673.967718316728,4.218895731714606,4.19008461521165,0.10118588690363493,0.4779415230714024,-0.0260055388 -0.99675836 -0.076134645 -4622.70063 0.0322042461 0.0752855332 -0.996641849 5536.05031 0.999142932 -0.0283700671 0.0301420107 131515.286 0 0 0 1,-0.0149980233497 -0.995842875124 -0.0898444645335 -4498.06565142 0.0378637245675 0.0892244754338 -0.995291581146 5309.41127043 0.999170354713 -0.0183292524177 0.0363681295959 127934.559658 0 0 0 1,-0.00668778037652 -0.999836146832 -0.0168159473687 -5078.2122612 0.0359622165561 0.0165649671108 -0.999215841293 5932.64389038 0.999330818653 -0.00728727923706 0.0358455404639 136566.635132 0 0 0 1
image_3603683385612,1,34,1,0,34,0.984388864,/home/anahita/gigapose/gigaPose_datasets/datasets/2026-05-18-v1-v4/stereo_left/EPnPv2_gt_mesh_z_hybrid_labels/3603683385612_0.json,0,6367.059967779814,3.244725756161209,1.9053453454472145,2.4648638897002377,0.8673188878850291,-0.0286103523 -0.998900632 -0.0371345464 -4659.98252 0.0732127566 0.034955921 -0.996703555 5633.5472 0.996905883 -0.0312347623 0.0721321677 134226.882 0 0 0 1,-0.0178326747119 -0.998544778904 -0.0508951828826 -4521.68599397 0.079294831247 0.0493305119354 -0.995629866477 5261.3562533 0.996691690041 -0.02179046843 0.0782997448386 130658.850577 0 0 0 1,-0.00344162737019 -0.99985152483 -0.0168837364763 -4808.24756622 0.0361064337194 0.0167485810816 -0.999207615852 5993.83449554 0.999342083931 -0.00404850859195 0.0360434353352 136977.142334 0 0 0 1
image_3603787821397,1,35,1,0,35,0.990977726,/home/anahita/gigapose/gigaPose_datasets/datasets/2026-05-18-v1-v4/stereo_left/EPnPv2_gt_mesh_z_hybrid_labels/3603787821397_0.json,0,4467.342665573122,3.0187138648633876,0.07903567896573589,2.8551114694256525,0.9792277425354124,-0.0287069649 -0.999584604 -0.00255517599 -4705.75209 0.0793300163 0.000269911148 -0.996848371 5857.86741 0.996434975 -0.0288191934 0.0792893146 136298.091 0 0 0 1,-0.0181460611579 -0.999701985946 -0.0163296990809 -4563.33130884 0.0857783776404 0.0147155828032 -0.996205561446 5465.088139 0.996148980383 -0.0194779421765 0.0854857846211 132732.429625 0 0 0 1,-0.00191840738989 -0.999857246876 -0.0167828593403 -4698.50444794 0.0357712469995 0.0167035330087 -0.999220430851 5959.48314667 0.99935823679 -0.00251726317219 0.0357340984046 137170.272827 0 0 0 1
image_3603890705673,1,36,1,0,36,0.996551908,/home/anahita/gigapose/gigaPose_datasets/datasets/2026-05-18-v1-v4/stereo_left/EPnPv2_gt_mesh_z_hybrid_labels/3603890705673_0.json,0,3225.8305503850843,3.3486752070687755,0.10703614471836488,3.145697084731298,1.1404093899398753,-0.0300189161 -0.999529436 -0.00630643472 -4643.89007 0.084603486 0.00374583755 -0.996407657 6064.18587 0.995962406 -0.0304446242 0.0844512287 137715.956 0 0 0 1,-0.0194341941685 -0.99960930644 -0.0200884655508 -4497.17079598 0.091011929614 0.018240121287 -0.995682744007 5652.39412559 0.995660152912 -0.0211785817754 0.0906218898167 134152.614692 0 0 0 1,-0.000505236559547 -0.99985319376 -0.0171271190047 -4614.07709122 0.0359015613794 0.0170979462564 -0.999209105968 6014.75381851 0.999355196953 -0.00111972203013 0.0358876511455 137355.895996 0 0 0 1
image_3603986936980,1,37,1,0,37,0.98536947,/home/anahita/gigapose/gigaPose_datasets/datasets/2026-05-18-v1-v4/stereo_left/EPnPv2_gt_mesh_z_hybrid_labels/3603986936980_0.json,0,2695.3727030931886,5.145139724757821,4.8521749826510945,1.2908228528414512,1.0711297183422828,-0.028213526 -0.996253386 0.0817507688 -4419.8346 0.00664237818 -0.0819683711 -0.996612796 6076.23434 0.99957985 -0.0275749415 0.00893010852 138480.327 0 0 0 1,-0.0182339014596 -0.997517651169 0.0680151513126 -4270.17294508 0.0139621101125 -0.0682738640257 -0.997568914498 5947.56374014 0.999736257761 -0.017239938244 0.0151723501923 134895.700723 0 0 0 1,0.000835843500681 -0.999854981899 -0.0170104131103 -4553.17306519 0.0361685492098 0.0170295182616 -0.999200582504 6069.29206848 0.999345362186 0.000219940426177 0.0361775271595 137573.410034 0 0 0 1
image_3604087086254,1,38,1,0,38,0.977991828,/home/anahita/gigapose/gigaPose_datasets/datasets/2026-05-18-v1-v4/stereo_left/EPnPv2_gt_mesh_z_hybrid_labels/3604087086254_0.json,0,1644.1830679992865,3.0763667650080517,1.1700094996366066,2.4327139897159187,1.5008240089311868,-0.0335744089 -0.999305015 0.0161939894 -4197.15345 0.0717970597 -0.0185728481 -0.997246324 6093.62958 0.996854022 -0.032319275 0.0723707342 139788.117 0 0 0 1,-0.0231375324815 -0.999729436893 0.00238889713767 -4035.24491251 0.0784473016737 -0.0041977268184 -0.996909423744 5728.58509365 0.996649725502 -0.0228786215984 0.0785232017569 136220.340603 0 0 0 1,0.00230649183504 -0.999852359295 -0.0170268323272 -4510.48278809 0.0356312543154 0.0170982386917 -0.999218761921 6016.23106003 0.999362409115 0.00169798359275 0.0356654301286 137767.837524 0 0 0 1
image_3604187484365,1,39,1,0,39,0.988060869,/home/anahita/gigapose/gigaPose_datasets/datasets/2026-05-18-v1-v4/stereo_left/EPnPv2_gt_mesh_z_hybrid_labels/3604187484365_0.json,0,333.35813094703633,4.016200467842268,0.12968684375624365,4.012517079427801,0.10838871689108284,-0.00812360465 -0.999947373 -0.00626562263 -4355.45633 0.0982250005 0.00543757554 -0.995149377 6191.21665 0.995131075 -0.00869964089 0.0981756586 141704.459 0 0 0 1,0.0024635835645 -0.999798773336 -0.0199083736139 -4287.28073269 0.104606408002 0.0200568660535 -0.994311431104 5730.61751882 0.994510648644 0.000367025847044 0.104634770269 138144.725752 0 0 0 1,0.00311426073313 -0.99983716011 -0.0177744533867 -4479.37297821 0.0347369089723 0.0178719777614 -0.999236702919 5925.98724365 0.999391615391 0.00249445368536 0.0347869060934 137954.833984 0 0 0 1
image_3604286201401,1,40,1,0,40,0.991962834,/home/anahita/gigapose/gigaPose_datasets/datasets/2026-05-18-v1-v4/stereo_left/EPnPv2_gt_mesh_z_hybrid_labels/3604286201401_0.json,0,2527.5255618279234,2.701756385077955,1.2899832994800913,0.17384043784725564,2.3696342650064555,-0.0476679262 -0.998511936 -0.026489307 -4520.40615 0.0263801011 0.0252517301 -0.999332998 6290.13597 0.998514827 -0.0483349222 0.0251371482 144229.074 0 0 0 1,-0.036961844902 -0.998500836356 -0.0403720537705 -4312.58815413 0.0325851413544 0.0391739301875 -0.998700962378 6086.08998363 0.998785277848 -0.0382293591629 0.0310883501464 140650.851369 0 0 0 1,0.00443539302796 -0.999828279018 -0.0179950818419 -4496.72889709 0.0348969064653 0.018139058724 -0.999226331711 5972.59092331 0.999381124973 0.00380400172435 0.0349713638425 138132.598877 0 0 0 1
image_3604484785784,1,41,1,0,41,0.983838442,/home/anahita/gigapose/gigaPose_datasets/datasets/2026-05-18-v1-v4/stereo_left/EPnPv2_gt_mesh_z_hybrid_labels/3604484785784_0.json,0,3214.306748476496,1.943447742655895,0.04976189997392339,0.24359689218350294,1.9273346159527593,-0.0366392316 -0.999315298 -0.00514803789 -4497.70086 0.033523232 0.00391952306 -0.999430253 6302.66737 0.998766119 -0.0367909353 0.0333566702 145287.013 0 0 0 1,-0.0260637647267 -0.99948025347 -0.0189711226479 -4327.10945231 0.0399533359447 0.0179209060299 -0.999040826208 6073.82693458 0.998861557951 -0.0267967246056 0.039465483997 141708.321772 0 0 0 1,0.00748933060095 -0.999810039997 -0.0179920829833 -4531.52227402 0.0351117067039 0.0182444211096 -0.999216854572 6044.42644119 0.999355316162 0.00685174809769 0.0352416709065 138500.656128 0 0 0 1
image_3604600248883,1,42,1,0,42,0.976747853,/home/anahita/gigapose/gigaPose_datasets/datasets/2026-05-18-v1-v4/stereo_left/EPnPv2_gt_mesh_z_hybrid_labels/3604600248883_0.json,0,2713.9584011734696,4.2778247806828285,1.7699920562741083,3.8520742361642424,0.6368981899233839,0.0103210179 -0.999368747 -0.0339938906 -4475.41828 0.095753779 0.034827234 -0.994795596 6313.16663 0.995351541 0.00701225966 0.0960527866 144878.314 0 0 0 1,0.0210803061914 -0.998648606625 -0.0475034910959 -4476.45597439 0.101823125068 0.0494115009258 -0.993574634851 5860.30609087 0.994579142988 0.016107903602 0.102727131491 141316.935542 0 0 0 1,0.00880214478821 -0.999799013138 -0.0180139001459 -4621.61207199 0.0349790416658 0.0183114297688 -0.999220311642 6054.95548248 0.999349236488 0.00816517602652 0.0351331867278 138613.861084 0 0 0 1
image_3604683245122,1,43,1,0,43,0.989056839,/home/anahita/gigapose/gigaPose_datasets/datasets/2026-05-18-v1-v4/stereo_left/EPnPv2_gt_mesh_z_hybrid_labels/3604683245122_0.json,0,2010.1715513017964,5.677513044904261,2.5839654326202033,5.028143702341286,0.42753964772155295,-0.00637516733 -0.998746386 -0.0496489108 -4565.08458 0.116313628 0.0485722895 -0.992024129 6321.66509 0.993192075 -0.0120991647 0.115858159 144463.506 0 0 0 1,0.004480244624 -0.997987099859 -0.0632588062837 -4507.93570139 0.122218483797 0.0633316669204 -0.990480561176 5794.78655381 0.992493108432 -0.00329380011974 0.122256211421 140912.783075 0 0 0 1,0.0103282351047 -0.999774992466 -0.0185244437307 -4688.5228157 0.0346355959773 0.018872000277 -0.999221861362 6040.23361206 0.999346733093 0.0096785761416 0.0348227135837 138925.842285 0 0 0 1
image_3604783636863,1,44,1,0,44,0.919232147,/home/anahita/gigapose/gigaPose_datasets/datasets/2026-05-18-v1-v4/stereo_left/EPnPv2_gt_mesh_z_hybrid_labels/3604783636863_0.json,0,1379.0423244737651,4.749232303582071,4.321332005196666,0.7720670230249084,1.784162652745653,-0.0298902931 -0.996275243 -0.0808839344 -4706.64886 0.0427188536 0.0795728948 -0.995913276 6284.30656 0.99863991 -0.0332234087 0.0401812791 144083.436 0 0 0 1,-0.0188568108246 -0.99533558222 -0.0946123656383 -4568.60890137 0.0483275903876 0.093611205246 -0.994435209359 6019.84781043 0.99865352581 -0.0233242642967 0.0463369615254 140505.796162 0 0 0 1,0.0120166065171 -0.999745607376 -0.0190890263766 -4750.05292892 0.0342762991786 0.0194910243154 -0.999222278595 6023.79512787 0.999340176582 0.0113529730588 0.0345017984509 139138.748169 0 0 0 1
image_3604885073650,1,45,1,0,45,0.993090745,/home/anahita/gigapose/gigaPose_datasets/datasets/2026-05-18-v1-v4/stereo_left/EPnPv2_gt_mesh_z_hybrid_labels/3604885073650_0.json,0,1451.288053625716,4.655351752461945,3.4201790684219966,3.1369402727666937,0.47680322912236817,0.0123264441 -0.997841654 -0.0644987712 -4848.8839 0.0830178131 0.0653022362 -0.994406185 6254.03187 0.996471827 0.00690294533 0.0836435763 144352.345 0 0 0 1,0.0232670747 -0.99668409652 -0.0779708544743 -4860.48661466 0.0887642065766 0.0797434908027 -0.992855423219 5845.70261901 0.995780879203 0.0161798202819 0.0903252707974 140785.605189 0 0 0 1,0.0139080462977 -0.999710798264 -0.0196175649762 -4803.24220657 0.0343043468893 0.0200849752873 -0.99920964241 6057.09552765 0.999314844608 0.0132240904495 0.0345737673342 139350.93689 0 0 0 1
image_3604999750651,1,46,1,0,46,0.974370121,/home/anahita/gigapose/gigaPose_datasets/datasets/2026-05-18-v1-v4/stereo_left/EPnPv2_gt_mesh_z_hybrid_labels/3604999750651_0.json,0,1242.3315102224842,3.6436093808899934,0.6228341679185145,2.882033967107377,2.1252669645254723,-0.0309245835 -0.999357414 -0.0181226216 -4979.58118 0.0790331853 0.0156296882 -0.996749451 6329.45147 0.996392205 -0.0322563502 0.0784990581 144210.385 0 0 0 1,-0.0202650647209 -0.999285381268 -0.031906960548 -4830.90059061 0.0853189361894 0.0300686317752 -0.995899872533 5937.13810759 0.996147582795 -0.0229042433633 0.0846486229279 140644.927865 0 0 0 1,0.0157857742161 -0.999675393105 -0.0199970137328 -4890.873909 0.0343862250447 0.0205304510891 -0.999197781086 6093.53733063 0.999284029007 0.0150854913518 0.0346991494298 139413.94043 0 0 0 1
image_3605087202825,1,47,1,0,47,0.971477706,/home/anahita/gigapose/gigaPose_datasets/datasets/2026-05-18-v1-v4/stereo_left/EPnPv2_gt_mesh_z_hybrid_labels/3605087202825_0.json,0,386.9061143093073,2.881418771556277,0.8319294385323319,2.589267567018953,0.9335043986734347,-0.00790786816 -0.999740855 -0.0213468527 -4913.89848 0.0738699644 0.0207051536 -0.99705292 6413.3786 0.997236529 -0.00946145429 0.0736870877 143656.769 0 0 0 1,0.00277481716122 -0.999384032596 -0.03498364529 -4848.14087764 0.0801045479932 0.03509349795 -0.996168513907 6039.35744199 0.996782605472 -3.81636014218e-05 0.0801525842026 140086.855221 0 0 0 1,0.0181355271488 -0.999623775482 -0.0205739606172 -4910.31360626 0.03466103971 0.021193543449 -0.999174416065 6162.97912598 0.999234616756 0.0174074526876 0.03503235057 139725.540161 0 0 0 1
image_3605186170395,1,48,1,0,48,0.983746536,/home/anahita/gigapose/gigaPose_datasets/datasets/2026-05-18-v1-v4/stereo_left/EPnPv2_gt_mesh_z_hybrid_labels/3605186170395_0.json,0,447.5329863506719,5.256125429766661,2.395739357755118,1.4825154731971006,4.406912974753419,-0.0666231479 -0.996513142 -0.0502286271 -4848.41734 0.056341652 0.046502906 -0.997327979 6504.72428 0.996186215 -0.0692750933 0.0530470266 143267.185 0 0 0 1,-0.0557829188319 -0.996376298747 -0.0642069953907 -4575.23837007 0.0623072830979 0.0607078912821 -0.996208991187 6192.54395262 0.996496898631 -0.0595720087552 0.0586950366696 139701.176451 0 0 0 1,0.0205203909427 -0.999567806721 -0.021050253883 -4956.40277863 0.0349008068442 0.0217580273747 -0.999153971672 6224.10106659 0.999180138111 0.0197683665901 0.0353322066367 139933.563232 0 0 0 1
image_3605295760119,1,49,1,0,49,0.9924385,/home/anahita/gigapose/gigaPose_datasets/datasets/2026-05-18-v1-v4/stereo_left/EPnPv2_gt_mesh_z_hybrid_labels/3605295760119_0.json,0,312.5123489630794,5.5734917187555295,4.258696621825742,3.0535862246563523,1.789800742557617,-0.018055412 -0.996466767 -0.0820242866 -4884.67854 0.0836579734 0.0802443519 -0.993258369 6602.36532 0.996330942 -0.0247956747 0.0819135455 143428.782 0 0 0 1,-0.00701342947824 -0.995387740764 -0.095676834053 -4789.2205464 0.0892392951003 0.0946744115578 -0.991500430721 6191.27021427 0.995985522194 -0.0154919516107 0.0881637080779 139863.618769 0 0 0 1,0.0230803024024 -0.999511003494 -0.0210911873728 -4999.96042252 0.0354000106454 0.021900659427 -0.999133229256 6328.27043533 0.999106824398 0.0223136730492 0.0358881801367 140049.316406 0 0 0 1
image_3605384137810,1,50,1,0,50,0.973987081,/home/anahita/gigapose/gigaPose_datasets/datasets/2026-05-18-v1-v4/stereo_left/EPnPv2_gt_mesh_z_hybrid_labels/3605384137810_0.json,0,307.1990113511445,4.204423413220312,2.2361858839366553,3.558227638381815,0.08008119231679511,0.0181658387 -0.999294025 0.0328854603 -4956.31367 0.0899489621 -0.0311241325 -0.99545993 6625.92263 0.995780692 0.0210413775 0.0893200644 143599.82 0 0 0 1,0.0284905136791 -0.999405377369 0.0194211717467 -4978.2494546 0.0967186145014 -0.0165817348348 -0.99517363074 6196.43767359 0.994903915099 0.0302313967245 0.0961886812725 140035.614371 0 0 0 1,0.0258229449391 -0.999439120293 -0.0213197562844 -5035.58492661 0.034806791693 0.0222128480673 -0.999147236347 6283.24651718 0.999060451984 0.0250588543713 0.0353608690202 140324.661255 0 0 0 1
image_3605483232005,1,51,1,0,51,1.0,/home/anahita/gigapose/gigaPose_datasets/datasets/2026-05-18-v1-v4/stereo_left/EPnPv2_gt_mesh_z_hybrid_labels/3605483232005_0.json,0,881.0959897147314,4.995896884436137,2.6223860273146204,3.927441579097206,1.5440609775788516,-0.00775404566 -0.998534692 -0.0535569229 -5022.38503 0.097964811 0.0525423383 -0.993801891 6579.20736 0.995159671 -0.0129526791 0.0974138467 143217.404 0 0 0 1,0.00312455420436 -0.997736476269 -0.0671726240713 -4960.72072739 0.103840717832 0.0671335320459 -0.9923256493 6117.81754353 0.994589032055 -0.00387467825434 0.103815434273 139657.654399 0 0 0 1,0.0285866111517 -0.999357521534 -0.0216161813587 -5077.9800415 0.0348936133087 0.0226095058024 -0.999135255814 6322.22414017 0.99898225069 0.0278076361865 0.0355175174773 140506.652832 0 0 0 1
image_3605583369862,1,52,1,0,52,0.967807162,/home/anahita/gigapose/gigaPose_datasets/datasets/2026-05-18-v1-v4/stereo_left/EPnPv2_gt_mesh_z_hybrid_labels/3605583369862_0.json,0,3021.1496950435285,2.0010351371589756,0.4163368196572094,1.7632298188070845,0.8563668110348746,0.0101555058 -0.999948419 -0.000156255873 -5082.39939 0.0590034092 0.000755232017 -0.998257496 6527.47277 0.998206123 0.0101285902 0.0590080355 142281.649 0 0 0 1,0.0207017302605 -0.999692118099 -0.0136786969078 -5079.15019344 0.0654573369519 0.0150075180369 -0.997742508082 6207.45727389 0.997640604623 0.0197596252392 0.0657478654058 138705.886172 0 0 0 1,0.03498467803 -0.99915510416 -0.0215695463121 -5107.82527924 0.0343941450119 0.0227736979723 -0.999148905277 6340.85273743 0.998795866966 0.0342130437493 0.0351618044078 141723.953247 0 0 0 1
image_3605690519740,1,53,1,0,53,0.938722968,/home/anahita/gigapose/gigaPose_datasets/datasets/2026-05-18-v1-v4/stereo_left/EPnPv2_gt_mesh_z_hybrid_labels/3605690519740_0.json,0,3562.968108982987,4.007872613763469,0.5078088068210781,0.5085071755233305,3.9451976172839958,-0.0451282952 -0.998845672 -0.0164548314 -5066.02251 0.0211193982 0.0155140064 -0.999656584 6487.27837 0.998757933 -0.0454603136 0.0203948988 140921.664 0 0 0 1,-0.0344838889948 -0.99894502804 -0.0303264460651 -4866.21563396 0.0274296367421 0.0293870546291 -0.999191680989 6302.46039517 0.999028766937 -0.0352878584503 0.0263873192889 137341.940574 0 0 0 1,0.0345347933471 -0.999166190624 -0.0217769853771 -5171.32043839 0.0347998142242 0.0229790080339 -0.999130129814 6373.35395813 0.998797416687 0.0337469130754 0.0355643704534 140891.113281 0 0 0 1
image_3605783625839,1,54,1,0,54,0.635433518,/home/anahita/gigapose/gigaPose_datasets/datasets/2026-05-18-v1-v4/stereo_left/EPnPv2_gt_mesh_z_hybrid_labels/3605783625839_0.json,0,3806.1368282084372,4.917907814645519,0.4409153485880238,0.20189480944936028,4.894758249397357,-0.0581033287 -0.998184174 -0.0158857649 -5050.69834 0.0273236473 0.0143166067 -0.999524113 6593.87549 0.997936582 -0.0585097351 0.0264421898 140929.734 0 0 0 1,-0.0474685913874 -0.998427084655 -0.0298343596532 -4804.29902976 0.033645180919 0.0282529023286 -0.999034421183 6386.85735911 0.998305932485 -0.0484265391242 0.03225113442 137354.131793 0 0 0 1,0.0379912182689 -0.999028801918 -0.0223173610866 -5173.70271683 0.0352757647634 0.02366037108 -0.999097526073 6477.30445862 0.998655319214 0.0371696688235 0.0361403897405 141141.220093 0 0 0 1
image_3605894848291,1,55,1,0,55,0.942557634,/home/anahita/gigapose/gigaPose_datasets/datasets/2026-05-18-v1-v4/stereo_left/EPnPv2_gt_mesh_z_hybrid_labels/3605894848291_0.json,0,2558.372432672257,5.766158536147868,2.729667319035222,0.7348207682456156,5.008738130001146,-0.0564193211 -0.996787134 -0.0568530509 -5038.17471 0.0437934567 0.0544182237 -0.997557412 6706.75281 0.997446236 -0.0587713036 0.040582515 142306.242 0 0 0 1,-0.0455340729292 -0.996453061565 -0.070766828376 -4802.31668056 0.049678055993 0.0684939514062 -0.996413904725 6439.25869719 0.997726785904 -0.0488863418997 0.0463830424542 138733.943277 0 0 0 1,0.041540261358 -0.998880088329 -0.0226459186524 -5183.10546875 0.0348968878388 0.0241021607071 -0.999100267887 6465.05451202 0.998527288437 0.0407126173377 0.0358590222895 141263.687134 0 0 0 1
image_3605983826607,1,56,1,0,56,0.51133068,/home/anahita/gigapose/gigaPose_datasets/datasets/2026-05-18-v1-v4/stereo_left/EPnPv2_gt_mesh_z_hybrid_labels/3605983826607_0.json,0,359.58149522467096,5.181371588412355,1.8139226067312682,1.5131673990425762,4.5880364972426495,-0.0449319972 -0.998134256 -0.041341543 -5029.98753 0.0566957169 0.0387687958 -0.9976385 6820.65634 0.997379923 -0.0471697787 0.0548479778 145050.68 0 0 0 1,-0.0341339003575 -0.99789173242 -0.0551993456987 -4833.61243733 0.0627449003966 0.0529828695618 -0.996622242142 6507.47898642 0.997445714719 -0.037482081757 0.0608041053798 141479.705759 0 0 0 1,0.0452884584665 -0.998716533184 -0.0226751994342 -5184.19885635 0.0345453098416 0.024250626564 -0.999108910561 6458.319664 0.998376488686 0.0444647818804 0.0355992428958 141542.724609 0 0 0 1
image_3606094583238,1,57,1,0,57,0.982148289,/home/anahita/gigapose/gigaPose_datasets/datasets/2026-05-18-v1-v4/stereo_left/EPnPv2_gt_mesh_z_hybrid_labels/3606094583238_0.json,0,2146.264343233375,4.013059117473972,0.9436220664434517,1.8489719641217286,3.4194482713200895,-0.0203013618 -0.999451378 -0.0261686517 -5156.02912 0.0614437714 0.0248773491 -0.997800471 6935.26373 0.997904062 -0.0218646091 0.060905018 147397.733 0 0 0 1,-0.00958954597563 -0.999158339009 -0.0398830140003 -5046.3356768 0.0676401470223 0.0391453426455 -0.996941549004 6605.58345633 0.997663696047 -0.012257909836 0.0672078309519 143824.530161 0 0 0 1,0.0493042171001 -0.998516559601 -0.0231012962759 -5166.66221619 0.0340038128197 0.0247941408306 -0.999114096165 6419.94762421 0.998204827309 0.0484750084579 0.0351758264005 141689.697266 0 0 0 1
image_3606184787109,1,58,1,0,58,0.977501785,/home/anahita/gigapose/gigaPose_datasets/datasets/2026-05-18-v1-v4/stereo_left/EPnPv2_gt_mesh_z_hybrid_labels/3606184787109_0.json,0,3830.7085808582488,4.201643357771383,1.5029437042930933,3.2327702515732284,2.2669052018890072,0.00476422773 -0.999832845 0.0176517723 -5261.99033 0.0843672869 -0.0171871501 -0.996286486 6989.81841 0.996423335 0.00623576784 0.0842713009 149347.48 0 0 0 1,0.0151942911858 -0.999876182498 0.00409317241211 -5237.46931879 0.0909957341666 -0.00269389390263 -0.995847638303 6579.71854686 0.995735361116 0.0155036602173 0.0909435354021 145781.008763 0 0 0 1,0.0534514524043 -0.998306512833 -0.0229549203068 -5150.11739731 0.0337540879846 0.0247809607536 -0.999122917652 6423.14434052 0.99799990654 0.0526297427714 0.0350215025246 141954.498291 0 0 0 1
image_3606283812846,1,59,1,0,59,0.987419675,/home/anahita/gigapose/gigaPose_datasets/datasets/2026-05-18-v1-v4/stereo_left/EPnPv2_gt_mesh_z_hybrid_labels/3606283812846_0.json,0,5194.456796526989,5.1937170947119276,3.1729189809399077,3.3025179429668907,2.3610904408855733,0.00491176675 -0.997906431 -0.0644874298 -5346.65044 0.0869151863 0.0646701837 -0.994114439 6983.88278 0.996203606 -0.00072207872 0.0870508682 150904.527 0 0 0 1,0.0158535750056 -0.996826556313 -0.0780094857986 -5331.64402676 0.0926660573662 0.0791483027979 -0.992546496681 6561.62572481 0.995571024911 0.0085065788562 0.0936267703898 147339.421945 0 0 0 1,0.0556876286864 -0.998169481754 -0.0235915333033 -5118.95036697 0.0341466367245 0.0255183447152 -0.999091029167 6516.1318779 0.997864186764 0.0548314414918 0.0355051867664 142149.520874 0 0 0 1
image_3606391776391,1,60,1,0,60,0.999701661,/home/anahita/gigapose/gigaPose_datasets/datasets/2026-05-18-v1-v4/stereo_left/EPnPv2_gt_mesh_z_hybrid_labels/3606391776391_0.json,0,6262.191067203956,6.08321424116479,1.6605482705502153,3.586965367522431,4.677378856394242,-0.0304073637 -0.999374636 0.0180479682 -5289.83625 0.0911117528 -0.0207524439 -0.995624419 6978.97952 0.995376331 -0.0286299318 0.0916858019 152127.991 0 0 0 1,-0.0199820051284 -0.999791252702 0.00426268626747 -5139.08785122 0.0977729962762 -0.00619717455626 -0.995189446971 6544.89256025 0.995008120696 -0.0194691050223 0.0978764184035 148567.465239 0 0 0 1,0.0600865334272 -0.9979185462 -0.0234124790877 -5085.22319794 0.033369679004 0.0254498980939 -0.999118983746 6442.96455383 0.997635364532 0.059252332896 0.034829415381 142306.335449 0 0 0 1
image_3606503755668,1,61,1,0,61,0.969475425,/home/anahita/gigapose/gigaPose_datasets/datasets/2026-05-18-v1-v4/stereo_left/EPnPv2_gt_mesh_z_hybrid_labels/3606503755668_0.json,0,7250.52858656408,4.646957626590586,0.8724737111467167,0.10033378480472584,4.564039969061947,0.133509923 -0.991041046 0.00357018288 -5222.39932 0.0228442413 -0.000524012413 -0.999738899 7089.6603 0.990784155 0.133556621 0.0225696199 153163.625 0 0 0 1,0.143928618103 -0.989547009812 -0.00901492453406 -5661.7196479 0.029324026448 0.0133705705913 -0.999480529794 6899.28116002 0.989153504303 0.143589497045 0.0309419103922 149605.640499 0 0 0 1,0.0647925361991 -0.997614145279 -0.0238295849413 -5037.5418663 0.0332499817014 0.0260247755796 -0.999108195305 6455.95979691 0.997344732285 0.0639424324036 0.0348568633199 142395.645142 0 0 0 1
image_3606591628325,1,62,1,0,62,0.990078239,/home/anahita/gigapose/gigaPose_datasets/datasets/2026-05-18-v1-v4/stereo_left/EPnPv2_gt_mesh_z_hybrid_labels/3606591628325_0.json,0,7769.012664919622,5.1061266882854115,3.3328126823944917,3.7600971390583426,0.8090405974906907,0.0458378543 -0.996882522 -0.0642193709 -5148.35168 0.0924834128 0.0682457661 -0.993372706 7200.29614 0.994658589 0.0395948468 0.0953233374 154011.449 0 0 0 1,0.056763992606 -0.995378484143 -0.0774565788299 -5280.2077301 0.0981913426259 0.0827714532182 -0.991719388751 6757.99765678 0.993547335851 0.0486883866076 0.102435988062 150451.184081 0 0 0 1,0.0694547221065 -0.997316777706 -0.0231391321868 -5005.23471832 0.0323825217783 0.025436880067 -0.999151825905 6362.31279373 0.997059464455 0.0686465129256 0.0340623371303 142697.128296 0 0 0 1
image_3606685843689,1,63,1,0,63,0.639241983,/home/anahita/gigapose/gigaPose_datasets/datasets/2026-05-18-v1-v4/stereo_left/EPnPv2_gt_mesh_z_hybrid_labels/3606685843689_0.json,0,7113.967145335337,4.707445629640324,1.3897428612199292,2.0808757590692752,3.9624738596773716,-0.00474714222 -0.999407232 -0.0340976305 -5067.64712 0.0634978637 0.033727941 -0.997411874 7004.87235 0.997970684 -0.00689998271 0.0633001129 153610.477 0 0 0 1,0.00601437814047 -0.998843241115 -0.0477075054164 -5014.62700541 0.0695982216985 0.0480107972089 -0.996419113618 6667.51229383 0.997556973294 0.00267248380851 0.0698064684672 150036.70066 0 0 0 1,0.0742287635803 -0.996960163116 -0.0236712247133 -4974.25556183 0.0316141173244 0.026077285409 -0.999159932137 6303.35664749 0.996740043163 0.073418058455 0.0334536992013 142932.174683 0 0 0 1
image_3606786190241,1,64,1,0,64,0.971361303,/home/anahita/gigapose/gigaPose_datasets/datasets/2026-05-18-v1-v4/stereo_left/EPnPv2_gt_mesh_z_hybrid_labels/3606786190241_0.json,0,5235.877493010086,3.4705860244507893,0.8141132549477198,2.3969096278776143,2.357445767744845,0.0285230411 -0.999308468 -0.0238541798 -4980.98397 0.0684357284 0.0257601288 -0.9973229 6575.29724 0.997247706 0.0268142039 0.0691231601 151960.488 0 0 0 1,0.0392146174172 -0.998536492793 -0.0372436078561 -5046.23677042 0.0746191646251 0.0400945854397 -0.996405742913 6220.54518786 0.9964407629 0.0362945830979 0.0760822527518 148388.598679 0 0 0 1,0.0792748704553 -0.996547341347 -0.0246720202267 -4922.19734192 0.0317682884634 0.0272629447281 -0.999123394489 6374.26710129 0.996346473694 0.078421600163 0.0338198654354 143156.448364 0 0 0 1
image_3606885756282,1,65,1,0,65,0.643783412,/home/anahita/gigapose/gigaPose_datasets/datasets/2026-05-18-v1-v4/stereo_left/EPnPv2_gt_mesh_z_hybrid_labels/3606885756282_0.json,0,2452.767798291089,5.24599373249539,3.0010927431546977,2.6845074922183314,3.2939639928976043,0.0171400884 -0.997975182 -0.0612515571 -4892.06063 0.0739043392 0.0623575135 -0.995313865 6407.47799 0.99711803 0.0125330118 0.0748235097 149358.345 0 0 0 1,0.0280607240644 -0.996811621356 -0.0746939559753 -4920.5781599 0.0796883670469 0.0767162997352 -0.99386335792 6031.86816573 0.99642478876 0.0219362860805 0.0815870053177 145788.106314 0 0 0 1,0.0843578502536 -0.996153831482 -0.0236931163818 -4887.26043701 0.0314611159265 0.0264287516475 -0.999155461788 6351.33457184 0.995938718319 0.0835412070155 0.0335695780814 143356.460571 0 0 0 1
image_3606987171585,1,66,1,0,66,0.999839914,/home/anahita/gigapose/gigaPose_datasets/datasets/2026-05-18-v1-v4/stereo_left/EPnPv2_gt_mesh_z_hybrid_labels/3606987171585_0.json,0,1029.4620590750678,4.539547683259963,0.6999524978942328,3.0195725694508484,3.2986562250291636,0.0227933023 -0.999520431 -0.0209612202 -4795.27012 0.0795038848 0.0227124926 -0.996575775 6586.00477 0.99657393 0.0210487545 0.0799834499 148137.478 0 0 0 1,0.0334688132545 -0.998847857458 -0.0343917949509 -4839.64130375 0.0857137755752 0.0371529380676 -0.995626841846 6191.74003648 0.995757494322 0.0303745982817 0.086858485825 144569.413148 0 0 0 1,0.0896943509579 -0.995682060719 -0.0239193681628 -4822.39961624 0.0316353775561 0.0268522258848 -0.999138772488 6421.51927948 0.995466828346 0.0888604074717 0.0339072681963 143566.070557 0 0 0 1
image_3607083678340,1,67,1,0,67,0.954773635,/home/anahita/gigapose/gigaPose_datasets/datasets/2026-05-18-v1-v4/stereo_left/EPnPv2_gt_mesh_z_hybrid_labels/3607083678340_0.json,0,954.5565214029131,6.917527465624853,2.994110242396367,3.981464163801356,4.698488905311496,0.00400410606 -0.998071314 -0.0619485264 -4665.21006 0.0969853542 0.0620445757 -0.993350045 6752.73715 0.995277754 -0.00203062084 0.097046733 148298.018 0 0 0 1,0.0149312765307 -0.997035585936 -0.0754791227917 -4646.66486792 0.102758193462 0.0766179490361 -0.991751200537 6294.53350814 0.994594294202 0.00705201311498 0.103597579441 144737.371182 0 0 0 1,0.0951138436794 -0.995170235634 -0.0242781359702 -4775.7434845 0.0313287302852 0.0273690987378 -0.999134421349 6428.38525772 0.994973421097 0.0942709073424 0.0337806046009 143801.101685 0 0 0 1
image_3607185006802,1,68,1,0,68,0.968369711,/home/anahita/gigapose/gigaPose_datasets/datasets/2026-05-18-v1-v4/stereo_left/EPnPv2_gt_mesh_z_hybrid_labels/3607185006802_0.json,0,2080.923654412876,6.869893607601692,3.3351040013016284,3.694331886624822,4.63100945790971,0.0106365574 -0.997639175 -0.0678449787 -4542.39387 0.0912780428 0.0685342479 -0.99346433 6906.64373 0.995768639 0.0043742835 0.0917915197 149621.487 0 0 0 1,0.0215968577178 -0.996453612664 -0.0813251162204 -4548.30390279 0.0969836159844 0.0830485389301 -0.99181506221 6468.64895973 0.995051633753 0.0135328849375 0.0984332619185 146058.25449 0 0 0 1,0.100688263774 -0.994614839554 -0.0245613306761 -4705.7595253 0.0305308680981 0.0277640223503 -0.999148190022 6361.12976074 0.994449496269 0.0998526215553 0.0331619605422 143986.083984 0 0 0 1
image_3607306656634,1,69,1,0,69,0.81773069,/home/anahita/gigapose/gigaPose_datasets/datasets/2026-05-18-v1-v4/stereo_left/EPnPv2_gt_mesh_z_hybrid_labels/3607306656634_0.json,0,1187.6362428061525,8.4300255158242,3.562375245904987,3.494036021146302,6.689217343951381,-0.0194496766 -0.997091262 -0.0736934516 -4427.60491 0.0883713351 0.0717044693 -0.993503385 7046.53085 0.995897694 -0.0258357082 0.0867196573 148741.41 0 0 0 1,-0.00845496567073 -0.996140515989 -0.0873646693263 -4326.21567144 0.0940439490704 0.0861884283773 -0.991830272904 6618.83580113 0.995532143579 -0.0166020093738 0.0929522677506 145178.363911 0 0 0 1,0.106529146433 -0.994001746178 -0.0247382279485 -4624.64761734 0.0301451720297 0.0280970875174 -0.999150574207 6344.52915192 0.993852555752 0.105692915618 0.03295750916 144062.042236 0 0 0 1
image_3607383813300,1,70,1,0,70,0.997443523,/home/anahita/gigapose/gigaPose_datasets/datasets/2026-05-18-v1-v4/stereo_left/EPnPv2_gt_mesh_z_hybrid_labels/3607383813300_0.json,0,2418.629754240066,9.012829602974396,0.030551421256823814,1.614125973512439,8.8677877735551,-0.0534555976 -0.99852438 -0.00956880035 -4303.89085 -0.000840282507 0.0096274778 -0.999953302 6776.49061 0.998569874 -0.0534450609 -0.00135368515 145657.911 0 0 0 1,-0.0428585476997 -0.998804922194 -0.0234919688093 -4073.469878 0.00553564262617 0.0232758111665 -0.999713755962 6670.66986495 0.999065814549 -0.0429763229082 0.00453145963489 142076.820605 0 0 0 1,0.112282164395 -0.993382573128 -0.024157512933 -4559.53407288 0.0297851618379 0.027664957568 -0.999173402786 6328.6895752 0.993229985237 0.111469827592 0.0326943434775 144421.295166 0 0 0 1
image_3607483506201,1,71,1,0,71,0.966907917,/home/anahita/gigapose/gigaPose_datasets/datasets/2026-05-18-v1-v4/stereo_left/EPnPv2_gt_mesh_z_hybrid_labels/3607483506201_0.json,0,7351.689711579829,10.274199286825898,1.6786135028204048,0.7576577517696357,10.0971262094347,-0.0650744158 -0.997064829 -0.0403366777 -4143.01683 0.0412997359 0.0376966578 -0.998435423 6487.59895 0.997025402 -0.066638496 0.0387254261 141874.812 0 0 0 1,-0.0542925640543 -0.99704682451 -0.0543134201808 -3874.30024285 0.0473665682647 0.0517607752216 -0.997535578541 6229.62155417 0.997400985416 -0.0567314046193 0.0444164612416 138304.134287 0 0 0 1,0.121229961514 -0.992325425148 -0.024363361299 -4428.08294296 0.0296806357801 0.0281572397798 -0.999162733555 6418.9324379 0.992180585861 0.120405346155 0.0328663438559 145632.492065 0 0 0 1
image_3607592434165,1,72,1,0,72,0.975938441,/home/anahita/gigapose/gigaPose_datasets/datasets/2026-05-18-v1-v4/stereo_left/EPnPv2_gt_mesh_z_hybrid_labels/3607592434165_0.json,0,10078.604377607397,11.561088511825625,1.8876256380158964,1.8310350017774046,11.289226214865467,-0.0849128303 -0.996174624 0.0206380457 -3978.69519 0.059438336 -0.0257402505 -0.997900057 6204.78277 0.994613943 -0.0835078271 0.0613966396 138324.519 0 0 0 1,-0.0745338235033 -0.997197072281 0.00653508752521 -3632.21657045 0.0661693505667 -0.0114843779757 -0.997742314504 5884.29752466 0.995020766791 -0.0739331270678 0.0668398573254 134765.622816 0 0 0 1,0.121270291507 -0.992331206799 -0.0239205025136 -4422.37138748 0.0294111501426 0.0276799574494 -0.999184072018 6345.56055069 0.992183744907 0.120467834175 0.0325423590839 144802.612305 0 0 0 1
image_3607687763074,1,73,1,0,73,0.594177115,/home/anahita/gigapose/gigaPose_datasets/datasets/2026-05-18-v1-v4/stereo_left/EPnPv2_gt_mesh_z_hybrid_labels/3607687763074_0.json,0,13767.32839598021,8.14083670567569,0.4877697494724336,3.1000431446668473,7.525815980374906,-0.0065574343 -0.999975459 -0.00246608347 -3867.3974 0.0794888317 0.00193708028 -0.996833875 6103.61263 0.996814188 -0.00673269873 0.0794741787 135830.027 0 0 0 1,0.00400531788505 -0.999862375876 -0.0160992810423 -3804.42832298 0.0859195041185 0.0163839680115 -0.996167358127 5710.19887002 0.996294030871 0.00260672469191 0.0859733025297 132262.14797 0 0 0 1,0.133577719331 -0.990728139877 -0.0247912034392 -4266.31212234 0.0283994283527 0.0288317482919 -0.999180793762 6327.8093338 0.990631401539 0.132764235139 0.0319873914123 146007.858276 0 0 0 1
image_3607792847862,1,74,1,0,74,0.995496754,/home/anahita/gigapose/gigaPose_datasets/datasets/2026-05-18-v1-v4/stereo_left/EPnPv2_gt_mesh_z_hybrid_labels/3607792847862_0.json,0,13238.236175735026,9.288373862047301,2.097371092850305,4.220854418633881,7.929166601398296,-0.0135053082 -0.998772604 -0.0476538837 -3807.65716 0.0998714033 0.046072528 -0.993933109 6020.0857 0.994908694 -0.0181826332 0.0991265978 135550.29 0 0 0 1,-0.00266199676962 -0.998115126403 -0.0613115706999 -3724.70650983 0.105816248157 0.0606864092445 -0.992532156436 5552.09732656 0.994382137482 -0.00912987777239 0.105455250828 131991.834388 0 0 0 1,0.133473023772 -0.990750014782 -0.0244785919785 -4282.24468231 0.028698682785 0.0285531394184 -0.99918025732 6338.66596222 0.990636885166 0.132661119103 0.0322442911565 145194.915771 0 0 0 1
image_3607911884488,1,75,1,0,75,0.993891415,/home/anahita/gigapose/gigaPose_datasets/datasets/2026-05-18-v1-v4/stereo_left/EPnPv2_gt_mesh_z_hybrid_labels/3607911884488_0.json,0,11375.237842812781,9.95221745579773,0.6747642230954533,2.927894965100451,9.506165862909675,-0.0349990807 -0.999387209 -0.000519622859 -3747.31144 0.0766602997 -0.00216627496 -0.997054916 5954.67145 0.996442805 -0.0349358399 0.0766891406 137485.499 0 0 0 1,-0.0244529625301 -0.999598222656 -0.0143333547127 -3582.10037048 0.0831358967917 0.0122546604133 -0.996462867236 5571.54598391 0.996238162351 -0.0255580854322 0.0828028319359 133919.770398 0 0 0 1,0.139647290111 -0.989890038967 -0.0248211007565 -4232.19823837 0.0277365967631 0.0289673283696 -0.999195456505 6239.69984055 0.989812850952 0.138846516609 0.0315013900399 145256.744385 0 0 0 1
image_3607986425725,1,76,1,0,76,0.985486512,/home/anahita/gigapose/gigaPose_datasets/datasets/2026-05-18-v1-v4/stereo_left/EPnPv2_gt_mesh_z_hybrid_labels/3607986425725_0.json,0,9812.388076061892,4.094552331463024,3.3384822532440377,2.364517614865437,0.11909697393631541,0.138787845 -0.98898781 0.0513911158 -3686.67674 0.0616724923 -0.0431612152 -0.997162782 5992.53373 0.988399938 0.141563491 0.055003091 139415.691 0 0 0 1,0.148874711655 -0.988092079726 0.0388633920725 -4139.83023147 0.0685822906884 -0.0288894721507 -0.997227089691 5664.80360906 0.986474930912 0.151127235053 0.0634647063328 135869.461291 0 0 0 1,0.145919218659 -0.988983809948 -0.0248698033392 -4178.85303497 0.027442516759 0.0291756410152 -0.999197542667 6243.30997467 0.988915860653 0.145119637251 0.0313974879682 145664.703369 0 0 0 1
image_3608090758062,1,77,1,0,77,0.989981155,/home/anahita/gigapose/gigaPose_datasets/datasets/2026-05-18-v1-v4/stereo_left/EPnPv2_gt_mesh_z_hybrid_labels/3608090758062_0.json,0,12993.08129313946,11.459653387231269,9.362938092812659,3.9700257335729834,5.627320397825402,0.0468116671 -0.986839211 0.154780615 -3764.05209 0.0910990671 -0.150087137 -0.984466765 6034.59594 0.994740985 0.0601849001 0.0828743024 136432.939 0 0 0 1,0.0562131925289 -0.988317836725 0.141661321189 -3876.04873768 0.0990520683755 -0.135665266438 -0.985790861868 5606.90028434 0.99349321295 0.0694462983782 0.0902687481916 132870.21063 0 0 0 1,0.152240931988 -0.988030791283 -0.0248546376824 -4129.29344177 0.0272001177073 0.0293267350644 -0.999199688435 6252.17628479 0.987969100475 0.151443049312 0.0313392803073 145844.787598 0 0 0 1
image_3608184670685,1,78,1,0,78,0.683814428,/home/anahita/gigapose/gigaPose_datasets/datasets/2026-05-18-v1-v4/stereo_left/EPnPv2_gt_mesh_z_hybrid_labels/3608184670685_0.json,0,11907.41313547819,11.993221948364226,0.9244869319029464,5.601787512799346,10.523455398692684,-0.0323078113 -0.999051911 -0.0291801947 -3856.08279 0.123199572 0.0249920992 -0.992067165 6081.19378 0.991855872 -0.0356465063 0.122275328 137755.32 0 0 0 1,-0.0215797809275 -0.998843350881 -0.0429682762259 -3703.65032635 0.129352868405 0.0398275620819 -0.99079846597 5530.53877589 0.991363782131 -0.0269392836532 0.128343782647 134211.022654 0 0 0 1,0.158837616444 -0.986997902393 -0.0246120076627 -4060.30035019 0.0270781293511 0.0292740818113 -0.99920463562 6276.05724335 0.986933350563 0.158044844866 0.0313758812845 146089.72168 0 0 0 1
image_3608307757756,1,79,1,0,79,0.644622138,/home/anahita/gigapose/gigaPose_datasets/datasets/2026-05-18-v1-v4/stereo_left/EPnPv2_gt_mesh_z_hybrid_labels/3608307757756_0.json,0,6310.642996591869,16.361548098715943,0.3410538025465733,0.9492845489513231,16.32781439739609,-0.128573108 -0.99153843 -0.017902448 -3908.76689 0.0444496686 0.0122722143 -0.998936244 6231.92823 0.990703378 -0.129232096 0.0424956778 143383.468 0 0 0 1,-0.117989998947 -0.992491701049 -0.0322270601918 -3409.99072093 0.0507876436167 0.0263798744854 -0.998361015534 5963.60349328 0.991715168653 -0.11943335215 0.0472937533542 139838.369349 0 0 0 1,0.165436536074 -0.985919475555 -0.0243603084236 -4003.84044647 0.0271118562669 0.0292379129678 -0.999204754829 6316.87402725 0.985847771168 0.164644539356 0.0315671265125 146111.068726 0 0 0 1
image_3608386985759,1,80,1,0,80,0.367879441,/home/anahita/gigapose/gigaPose_datasets/datasets/2026-05-18-v1-v4/stereo_left/EPnPv2_gt_mesh_z_hybrid_labels/3608386985759_0.json,0,2940.8441623948897,20.147619523369702,5.633002655477137,0.12640634787222071,19.357772773844093,-0.174954597 -0.978830828 -0.106212516 -3766.17234 0.0268795524 0.103087641 -0.99430902 6389.32662 0.98420952 -0.176813879 0.00827487784 147181.972 0 0 0 1,-0.163929910272 -0.979064760973 -0.120661417815 -3111.05281825 0.0322311114821 0.116934922786 -0.992616430754 6180.9426774 0.985945303038 -0.16660857425 0.0123872140572 143658.352437 0 0 0 1,0.172273010015 -0.984748482704 -0.0243391357362 -3922.07217216 0.0262113753706 0.0292824488133 -0.999227523804 6237.5202179 0.984700500965 0.171501964331 0.0308561809361 146484.588623 0 0 0 1
image_3608483849346,1,81,1,0,81,0.978402741,/home/anahita/gigapose/gigaPose_datasets/datasets/2026-05-18-v1-v4/stereo_left/EPnPv2_gt_mesh_z_hybrid_labels/3608483849346_0.json,0,3045.5687600752526,19.398471234918635,1.7410653066389066,1.1518398960560414,19.269401388706815,-0.165476111 -0.985269514 -0.0431467519 -3615.78831 0.0478950794 0.0356696872 -0.998215275 6375.75406 0.985050109 -0.167247299 0.0412870804 147296.414 0 0 0 1,-0.154792765569 -0.986264801697 -0.0576276096168 -2987.58377259 0.0539813580372 0.04980006697 -0.997299336595 6094.21563427 0.98647109025 -0.157485539292 0.0455312231931 143772.978825 0 0 0 1,0.179289370775 -0.983490824699 -0.0245184376836 -3837.02468872 0.0255748406053 0.0295732207596 -0.999235451221 6197.62849808 0.983463943005 0.178525224328 0.0304547846317 146695.861816 0 0 0 1
image_3608588285144,1,82,1,0,82,0.931198194,/home/anahita/gigapose/gigaPose_datasets/datasets/2026-05-18-v1-v4/stereo_left/EPnPv2_gt_mesh_z_hybrid_labels/3608588285144_0.json,0,6751.381135947835,18.00447651105708,1.9638671894955695,2.6890273988797078,17.742566311863552,-0.130856798 -0.991213712 0.0192840773 -3457.69579 0.0723850661 -0.0289518428 -0.996956465 6191.07349 0.988755228 -0.129062652 0.0755376155 143727.519 0 0 0 1,-0.120517821818 -0.99269884987 0.0049445088709 -2946.70498525 0.0791428478363 -0.0145729959667 -0.996756759458 5824.36268904 0.989551345078 -0.119735631473 0.0803213197406 140192.987651 0 0 0 1,0.186431393027 -0.98218947649 -0.0233913008124 -3738.13033104 0.0247895810753 0.0285038333386 -0.999286353588 6087.53252029 0.982155203819 0.185718476772 0.0296620726585 146892.654419 0 0 0 1
image_3608684666668,1,83,1,0,83,0.367879441,/home/anahita/gigapose/gigaPose_datasets/datasets/2026-05-18-v1-v4/stereo_left/EPnPv2_gt_mesh_z_hybrid_labels/3608684666668_0.json,0,9708.96356576637,13.832882842361622,4.532793651185206,4.471183570744945,12.46557762689826,-0.0305850729 -0.997234065 0.0677404863 -3229.70607 0.100838997 -0.0705049341 -0.992401406 5902.6148 0.994432527 -0.0235217866 0.102716482 140993.492 0 0 0 1,-0.0205041695354 -0.998331616006 0.0539774404651 -3073.01543172 0.108003334017 -0.0558846056942 -0.99257855627 5435.94971128 0.993939062327 -0.0145222554142 0.108969010977 137437.346331 0 0 0 1,0.193870022893 -0.980747759342 -0.0234143976122 -3617.64883995 0.0245743859559 0.0287147276103 -0.999285519123 6099.39908981 0.980719387531 0.193156123161 0.0296681970358 147108.291626 0 0 0 1
image_3608783057788,1,84,1,0,84,0.367879441,/home/anahita/gigapose/gigaPose_datasets/datasets/2026-05-18-v1-v4/stereo_left/EPnPv2_gt_mesh_z_hybrid_labels/3608783057788_0.json,0,11881.739044797661,22.718198104471153,7.979178645332924,2.840504209293258,21.29898224914346,-0.183994884 -0.973287285 -0.137323498 -3006.2475 -0.0210745148 0.143582866 -0.98941388 5745.13019 0.98270125 -0.179153066 -0.0469300701 139049.559 0 0 0 1,-0.172826442368 -0.973191624628 -0.15175335962 -2322.28402237 -0.0161780760577 0.156855822087 -0.987488998142 5707.73783412 0.984819419964 -0.168209133049 -0.0428532018545 135525.45684 0 0 0 1,0.197603583336 -0.979994475842 -0.0237381961197 -3485.38994789 0.0244698505849 0.0291392821819 -0.999275803566 6130.80358505 0.979976594448 0.196879610419 0.0297383442521 147342.559814 0 0 0 1
image_3608888963415,1,85,1,0,85,0.931656764,/home/anahita/gigapose/gigaPose_datasets/datasets/2026-05-18-v1-v4/stereo_left/EPnPv2_gt_mesh_z_hybrid_labels/3608888963415_0.json,0,14010.971195114109,21.32436940669956,2.4179555861528597,0.5928104956290131,21.192743999630352,-0.173277198 -0.983669461 -0.0486765341 -2788.08119 0.016700007 0.0464824779 -0.9987795 5718.10943 0.984731498 -0.173878612 0.00837293339 137088.063 0 0 0 1,-0.162574309766 -0.984671031422 -0.0631866639767 -2132.54810054 0.0226782925285 0.0602927484408 -0.997923083278 5548.01452956 0.986435648988 -0.163669622477 0.0125286057583 133562.464558 0 0 0 1,0.205248787999 -0.978433191776 -0.023269245401 -3346.44412994 0.024228958413 0.0288478489965 -0.999290168285 6121.70553207 0.978410005569 0.204539313912 0.0296274013817 147508.956909 0 0 0 1
image_3608983755472,1,86,1,0,86,0.912655417,/home/anahita/gigapose/gigaPose_datasets/datasets/2026-05-18-v1-v4/stereo_left/EPnPv2_gt_mesh_z_hybrid_labels/3608983755472_0.json,0,16620.59042975209,16.680827418265242,3.1346354704862494,0.3409538769800102,16.39152530568315,-0.0812932543 -0.995648515 0.0455570208 -2575.91182 0.0296921066 -0.04810727 -0.998400756 5707.82095 0.996247854 -0.0798105626 0.0334736984 134718.117 0 0 0 1,-0.0710814910215 -0.996973563 0.0314823295606 -2239.73916664 0.0366645375794 -0.0341523136549 -0.998743876757 5494.90489419 0.996796435741 -0.0698379188206 0.0389811720659 131150.182726 0 0 0 1,0.213087365031 -0.976770401001 -0.0226583089679 -3185.51421165 0.023681262508 0.0283475276083 -0.999317646027 6071.37870789 0.976746201515 0.212405398488 0.0291716530919 147733.825684 0 0 0 1
image_3609084287940,1,87,1,0,87,0.831536806,/home/anahita/gigapose/gigaPose_datasets/datasets/2026-05-18-v1-v4/stereo_left/EPnPv2_gt_mesh_z_hybrid_labels/3609084287940_0.json,0,13961.19743400755,22.751340381417393,1.6594406206784629,0.7884405114731744,22.689439923704747,-0.182094619 -0.983107041 0.0184958055 -2448.99429 0.0396317357 -0.0261331445 -0.998872557 5839.88581 0.982481997 -0.181156297 0.0437209434 137531.318 0 0 0 1,-0.171832109202 -0.985118420289 0.00392726475271 -1754.55946724 0.0463747106441 -0.0120710537336 -0.998851178464 5590.38068056 0.984034100851 -0.171452579191 0.0477587763046 134017.913992 0 0 0 1,0.221048951149 -0.975009202957 -0.0222352687269 -3022.27783203 0.0235983617604 0.0281399060041 -0.99932539463 6080.45959473 0.974977254868 0.220375135541 0.0292289089411 147912.796021 0 0 0 1
image_3609189548123,1,88,1,0,88,0.621461233,/home/anahita/gigapose/gigaPose_datasets/datasets/2026-05-18-v1-v4/stereo_left/EPnPv2_gt_mesh_z_hybrid_labels/3609189548123_0.json,0,5944.467149665314,49.9481651028157,3.136160091976923,0.20405797590488703,49.84994195043874,-0.604731559 -0.794649172 -0.0532206275 -2337.36284 0.0340245854 0.0409857928 -0.998580238 6114.84704 0.795702249 -0.605683794 0.00225220618 145616.778 0 0 0 1,-0.595959695923 -0.800128489417 -0.0680179495488 -141.684845803 0.0400582241196 0.054975323175 -0.997683843645 5882.82800805 0.802014575577 -0.597304038454 -0.000711350588907 142785.936149 0 0 0 1,0.229190424085 -0.973132550716 -0.0220192112029 -2825.42681694 0.0232969857752 0.0280989352614 -0.999333679676 6066.3766861 0.973102807999 0.228524729609 0.0291110593826 148086.929321 0 0 0 1
image_3609286209430,1,89,1,0,89,0.952055368,/home/anahita/gigapose/gigaPose_datasets/datasets/2026-05-18-v1-v4/stereo_left/EPnPv2_gt_mesh_z_hybrid_labels/3609286209430_0.json,0,3874.1276411179633,22.01729558120009,4.633808167157231,0.30993385662491024,21.540370272312213,-0.146847465 -0.985371494 -0.0864802889 -2133.67911 0.0211582014 0.0842790282 -0.996217534 6101.84929 0.988932835 -0.148121787 0.00847252693 148099.061 0 0 0 1,-0.135883769305 -0.985580060661 -0.100834244185 -1577.01367709 0.026720927184 0.0980953320822 -0.994818223096 5914.53454437 0.990364373802 -0.137874034594 0.0130060496111 144557.375378 0 0 0 1,0.237383812666 -0.971175312996 -0.0216172635555 -2635.05959511 0.0234925188124 0.0279862657189 -0.999332249165 6118.18695068 0.971131801605 0.23671746254 0.0294588431716 148278.656006 0 0 0 1
image_3609387762707,1,90,1,0,90,0.540202432,/home/anahita/gigapose/gigaPose_datasets/datasets/2026-05-18-v1-v4/stereo_left/EPnPv2_gt_mesh_z_hybrid_labels/3609387762707_0.json,0,7528.885726828179,3.4360746106072897,2.16047137383857,0.3156577391274845,2.6473072338413655,0.279641133 -0.95894274 -0.0472192589 -1837.91423 0.0102448714 0.0521588912 -0.998586247 5800.53595 0.960049936 0.278762034 0.0244100165 144415.512 0 0 0 1,0.290039107631 -0.955231574192 -0.0583948284272 -2808.36529628 0.0161625330567 0.0658981788411 -0.9976954458 5653.39891013 0.956878304093 0.288426888168 0.034552010894 140962.241711 0 0 0 1,0.245657727122 -0.969134509563 -0.0207443796098 -2436.62333488 0.022949822247 0.0272088479251 -0.999366283417 6049.36647415 0.969084918499 0.245025992393 0.0289255287498 148471.511841 0 0 0 1
image_3609487790965,1,91,1,0,91,0.448611594,/home/anahita/gigapose/gigaPose_datasets/datasets/2026-05-18-v1-v4/stereo_left/EPnPv2_gt_mesh_z_hybrid_labels/3609487790965_0.json,0,17787.18786680227,12.58112606910731,4.361008738706624,1.979327319566405,11.713031276334979,0.0431030152 -0.996581325 0.0704825716 -1546.07397 0.0543308747 -0.0681055795 -0.996197664 5215.71558 0.997592244 0.0467685028 0.0512095792 134476.258 0 0 0 1,0.05315362766 -0.996945849204 0.0572159573812 -1653.51925086 0.0614980602869 -0.0539201014865 -0.996649693172 4915.42380187 0.996690864613 0.0564942170725 0.0584441868683 130900.397178 0 0 0 1,0.25406858325 -0.966967105865 -0.0205826256424 -2208.41836929 0.0219634436071 0.0270436815917 -0.999392926693 5931.9729805 0.966936886311 0.253462314606 0.0281088724732 148649.841309 0 0 0 1
image_3609584905068,1,92,1,0,92,0.966669721,/home/anahita/gigapose/gigaPose_datasets/datasets/2026-05-18-v1-v4/stereo_left/EPnPv2_gt_mesh_z_hybrid_labels/3609584905068_0.json,0,22884.67858408834,10.21727791821701,1.0792332103999382,1.488314209727065,10.065007010936093,0.0754859739 -0.99704878 0.0139856295 -1349.82345 0.0450632236 -0.0106002779 -0.998927895 4965.70045 0.996128091 0.0760352826 0.0441300598 129572.731 0 0 0 1,0.0859050061527 -0.99630289483 0.000933519520938 -1579.57419622 0.051642323058 0.0035170689293 -0.998659451524 4696.08328675 0.994964019672 0.0858380554896 0.0517535297775 126000.193883 0 0 0 1,0.258189827204 -0.965885996819 -0.0200572703034 -2001.64532661 0.021395707503 0.0264729019254 -0.999420523643 5858.36601257 0.965857386589 0.257611125708 0.0275008454919 148851.44043 0 0 0 1
image_3609686170149,1,93,1,0,93,0.519292469,/home/anahita/gigapose/gigaPose_datasets/datasets/2026-05-18-v1-v4/stereo_left/EPnPv2_gt_mesh_z_hybrid_labels/3609686170149_0.json,0,22808.025198928957,1.2069735816462335,0.1948952461520993,1.0440344357439677,0.5752690973995163,0.247159534 -0.968974768 0.000251810022 -1159.52596 0.0330860975 0.00817965647 -0.999419033 5050.48324 0.968409766 0.247024274 0.0340812738 129705.098 0 0 0 1,0.257358296447 -0.966250203361 -0.0112805775516 -2007.87963875 0.0394712326059 0.0221756845461 -0.998974604763 4823.04338432 0.965509569616 0.256649144297 0.0438461830014 126224.14017 0 0 0 1,0.266738057137 -0.963576674461 -0.0192541312426 -1761.36755943 0.0210061781108 0.0257858317345 -0.999446749687 5803.45821381 0.963540196419 0.266186028719 0.0271191243082 149009.750366 0 0 0 1
image_3609783669609,1,94,1,0,94,0.998872931,/home/anahita/gigapose/gigaPose_datasets/datasets/2026-05-18-v1-v4/stereo_left/EPnPv2_gt_mesh_z_hybrid_labels/3609783669609_0.json,0,23531.466399056626,13.6684475723756,4.452185954951664,1.7404667797655788,12.876909177161949,0.0446611167 -0.996263989 0.0739151461 -955.701258 0.0494998281 -0.0716912305 -0.996197839 5146.58739 0.997775101 0.048150095 0.0461130858 129289.446 0 0 0 1,0.0546860278306 -0.996659152799 0.0606627682272 -1068.37762307 0.0567052010594 -0.057555739186 -0.99673058396 4863.7727211 0.996892150152 0.0579471309564 0.0533682629087 125712.321432 0 0 0 1,0.275278031826 -0.96118581295 -0.0185412168503 -1524.94609356 0.0212436188012 0.0253634266555 -0.999452590942 5851.92537308 0.961129963398 0.274733483791 0.0274010580033 149218.597412 0 0 0 1
image_3609897117087,1,95,1,0,95,0.993490461,/home/anahita/gigapose/gigaPose_datasets/datasets/2026-05-18-v1-v4/stereo_left/EPnPv2_gt_mesh_z_hybrid_labels/3609897117087_0.json,0,24942.88079257383,13.542494608253767,0.08462386038699318,1.5076971341878855,13.457325698648724,0.0418993763 -0.99911297 -0.00420895011 -741.185763 -0.00637876392 0.00394506488 -0.999971874 5159.83097 0.999101473 0.0419250457 -0.00620781 127942.696 0 0 0 1,0.0524606102912 -0.998469481231 -0.0175094041819 -852.312562369 5.76355152299e-05 0.0175365752494 -0.999846221258 5074.10701312 0.998622992305 0.0524515337581 0.000977526746084 124355.38468 0 0 0 1,0.283846944571 -0.958708107471 -0.0175972133875 -1287.11915016 0.021215448156 0.0246267411858 -0.999471604824 5836.92550659 0.958634912968 0.283323645592 0.0273296423256 149282.806396 0 0 0 1
image_3609986101915,1,96,1,0,96,0.583749314,/home/anahita/gigapose/gigaPose_datasets/datasets/2026-05-18-v1-v4/stereo_left/EPnPv2_gt_mesh_z_hybrid_labels/3609986101915_0.json,0,27479.911153735084,14.959571180127096,0.13123438103114793,0.8565928136361546,14.933615005280767,0.0258771559 -0.999649807 -0.00553490665 -516.818791 0.0346498742 0.00643036057 -0.999378825 4899.58564 0.999064442 0.0256692979 0.0348041395 125664.761 0 0 0 1,0.0364538680781 -0.999155676387 -0.0189485849178 -570.577196117 0.0410530780775 0.0204424511633 -0.998947821534 4666.60846711 0.998491742845 0.0356376144392 0.0417636224202 122082.67614 0 0 0 1,0.292470663786 -0.956119716167 -0.0172031149268 -1040.19236565 0.0205533951521 0.024270683527 -0.999494075775 5746.65784836 0.956053674221 0.291969180107 0.0267499648035 149537.338257 0 0 0 1
image_3610084715173,1,97,1,0,97,0.504981211,/home/anahita/gigapose/gigaPose_datasets/datasets/2026-05-18-v1-v4/stereo_left/EPnPv2_gt_mesh_z_hybrid_labels/3610084715173_0.json,0,29936.746144227858,14.691864314525079,0.3716200419438958,0.24401071956008558,14.68596189964987,0.0390576554 -0.99918839 -0.0098519489 -283.259601 0.0147935843 0.0104366073 -0.9998361 4637.68576 0.999127444 0.0389055082 0.0151892071 123383.801 0 0 0 1,0.0496564561328 -0.998497528031 -0.0231715975755 -384.798782024 0.0211590192002 0.0242467080009 -0.999482062285 4475.74819795 0.998542203518 0.0491404488901 0.0223312339688 119798.837083 0 0 0 1,0.301275283098 -0.953394651413 -0.0164832808077 -778.136372566 0.0200821962208 0.023626755923 -0.999519169331 5674.55768585 0.953325688839 0.300799429417 0.0262644123286 149708.984375 0 0 0 1
image_3610183511296,1,98,1,0,98,0.979362581,/home/anahita/gigapose/gigaPose_datasets/datasets/2026-05-18-v1-v4/stereo_left/EPnPv2_gt_mesh_z_hybrid_labels/3610183511296_0.json,0,27054.49432002871,17.63050498818278,2.5945825624735805,3.0675365149015685,17.239825442380223,0.00516109854 -0.999058515 0.0430748864 -45.1375903 0.0721340007 -0.0425912933 -0.996485157 4718.15472 0.997381596 0.00825012197 0.0718462697 126458.487 0 0 0 1,0.0154182817976 -0.999445075851 0.0295265323788 -19.3140212275 0.0790325976064 -0.0282194913148 -0.996472533123 4352.93750602 0.996752789883 0.0176974528646 0.0785536443795 122887.149745 0 0 0 1,0.310199677944 -0.950527369976 -0.0165496654809 -485.003620386 0.0194179769605 0.0237398035824 -0.999529600143 5613.1644249 0.950473129749 0.309732377529 0.0258213952184 149908.26416 0 0 0 1
image_3610287764236,1,99,1,0,99,1.0,/home/anahita/gigapose/gigaPose_datasets/datasets/2026-05-18-v1-v4/stereo_left/EPnPv2_gt_mesh_z_hybrid_labels/3610287764236_0.json,0,18650.99747991339,34.42178527442833,0.6544486430407472,0.5163274938652324,34.41494484391693,-0.286764582 -0.957966963 0.00808538215 233.222814 0.0312928248 -0.0178020902 -0.999351712 5122.60973 0.957489861 -0.286325661 0.0350825013 134888.175 0 0 0 1,-0.276691759795 -0.960934429142 -0.00683330402217 1301.10675501 0.0379516785608 -0.00382188980315 -0.999272266617 4902.64347935 0.960209008723 -0.276749736809 0.0375265600015 131467.686875 0 0 0 1,0.314639061689 -0.949087798595 -0.0153145566583 -204.326987267 0.0195880625397 0.022622635588 -0.999552190304 5588.26589584 0.949009299278 0.314198195934 0.0257087554783 150045.181274 0 0 0 1
image_3610384076391,1,100,1,0,100,0.570587396,/home/anahita/gigapose/gigaPose_datasets/datasets/2026-05-18-v1-v4/stereo_left/EPnPv2_gt_mesh_z_hybrid_labels/3610384076391_0.json,0,11412.803410266373,38.81400755089024,2.238053646318829,2.3732457905870987,38.63562134795639,-0.347723711 -0.93620544 0.0510646227 551.677768 -0.0189611436 -0.0474305314 -0.998694558 5528.65247 0.9374053 -0.348238022 -0.00125880539 142357.107 0 0 0 1,-0.338154134716 -0.940400655177 0.0360331747908 1842.09245373 -0.0119902199684 -0.0339804434644 -0.999350571392 5490.25514048 0.941014355064 -0.338366573934 0.0002150167382 139007.203141 0 0 0 1,0.323690950871 -0.94604831934 -0.0147203877568 129.331678152 0.019818816334 0.022333951667 -0.999554097652 5636.23666763 0.945955336094 0.323254883289 0.0259788576514 150289.810181 0 0 0 1
image_3610486922232,1,101,1,0,101,0.912262453,/home/anahita/gigapose/gigaPose_datasets/datasets/2026-05-18-v1-v4/stereo_left/EPnPv2_gt_mesh_z_hybrid_labels/3610486922232_0.json,0,7177.787212076546,30.59179006131723,3.821753352836688,4.988048405669815,29.7886231631289,-0.188631599 -0.978716968 -0.080815936 758.050214 0.108981483 0.0609228312 -0.992175108 5695.68045 0.97598215 -0.195963018 0.0951700555 146795.777 0 0 0 1,-0.177771576891 -0.979440838791 -0.0953567452395 1464.995475 0.114757623011 0.0756057688983 -0.990512218806 5194.60430495 0.977357639413 -0.187027832813 0.098957745737 143311.863773 0 0 0 1,0.332712680101 -0.942919850349 -0.0142923248932 416.792184114 0.0195812080055 0.0220602210611 -0.999564886093 5607.08856583 0.942824959755 0.332288056612 0.0258032251149 150400.71106 0 0 0 1
image_3610584141806,1,102,1,0,102,0.580473392,/home/anahita/gigapose/gigaPose_datasets/datasets/2026-05-18-v1-v4/stereo_left/EPnPv2_gt_mesh_z_hybrid_labels/3610584141806_0.json,0,5880.613002672597,3.93992949471029,1.8740925234308952,2.170158268152622,2.7382707953954255,0.28703252 -0.95708255 0.0400665047 967.975332 0.0516051272 -0.0263163028 -0.998320772 5617.08251 0.956529792 0.288618164 0.041836732 148203.76 0 0 0 1,0.296844898937 -0.954486617755 0.02895517833 -19.6044608093 0.0583455423949 -0.0121365125823 -0.998222672302 5324.68160757 0.953141596685 0.298006713829 0.0520873775435 144764.619391 0 0 0 1,0.341827392578 -0.939665615559 -0.0135142263025 731.001198292 0.0195053424686 0.0214714668691 -0.999579191208 5584.90371704 0.939560413361 0.341419965029 0.0256680268794 150591.323853 0 0 0 1
image_3610687101816,1,103,1,0,103,0.982573954,/home/anahita/gigapose/gigaPose_datasets/datasets/2026-05-18-v1-v4/stereo_left/EPnPv2_gt_mesh_z_hybrid_labels/3610687101816_0.json,0,7694.523713980932,4.812578011991155,3.3074837967142354,0.8848819570157683,3.3571960545419652,0.285408712 -0.956960419 -0.0526177096 1311.83364 0.0296660784 0.0636960643 -0.997528313 5292.8439 0.957946653 0.28314231 0.0465686745 146540.479 0 0 0 1,0.295820307773 -0.953115494828 -0.0637275357201 320.023139189 0.0354537222633 0.0776222874934 -0.996352254031 5075.67635878 0.954585448335 0.292481852184 0.0567537410266 143096.98507 0 0 0 1,0.351081639528 -0.936251759529 -0.0131994010881 1069.4154501 0.0188127197325 0.0211469959468 -0.999599397182 5484.60006714 0.93615591526 0.350692719221 0.0250377580523 150744.003296 0 0 0 1
image_3610886204608,1,104,1,0,104,0.84476846,/home/anahita/gigapose/gigaPose_datasets/datasets/2026-05-18-v1-v4/stereo_left/EPnPv2_gt_mesh_z_hybrid_labels/3610886204608_0.json,0,12698.181422119062,4.644466562544924,0.12435338657127636,0.9840011187185711,4.536344958957297,0.284837663 -0.95857386 0.00191315721 1789.87897 0.0303659912 0.00702830585 -0.999514137 4968.05719 0.958094678 0.284757365 0.0311099716 141805.772 0 0 0 1,0.294913084141 -0.955479515792 -0.00922860844589 806.09591502 0.0367640934742 0.0209973583876 -0.999103354483 4750.41301571 0.954816565601 0.294309369387 0.0413197339292 138360.006166 0 0 0 1,0.369395047426 -0.929192125797 -0.0122183896601 1753.95739079 0.0180495120585 0.0203201007098 -0.999630630016 5367.09356308 0.929097175598 0.369038075209 0.024277606979 151007.736206 0 0 0 1
image_3610984104157,1,105,1,0,105,0.953172864,/home/anahita/gigapose/gigaPose_datasets/datasets/2026-05-18-v1-v4/stereo_left/EPnPv2_gt_mesh_z_hybrid_labels/3610984104157_0.json,0,17611.26987463767,9.809383427572289,2.7099995392992087,2.7506484164413942,9.084544550790191,0.217945546 -0.974264516 0.0575186226 2299.13232 0.0624126639 -0.0449013568 -0.997039883 4892.13543 0.973963243 0.220890292 0.0510203931 137080.163 0 0 0 1,0.227831377466 -0.972626885754 0.0457143812497 1562.0253213 0.0693399619528 -0.0306232947606 -0.997122953424 4561.83185455 0.971228517636 0.230345729291 0.0604649638582 133582.153124 0 0 0 1,0.378438264132 -0.92555809021 -0.0112564302981 2109.22312737 0.0185103900731 0.0197257753462 -0.999634087086 5413.14983368 0.925441563129 0.378091454506 0.0245974231511 151164.321899 0 0 0 1
image_3611083555972,1,106,1,0,106,0.601016819,/home/anahita/gigapose/gigaPose_datasets/datasets/2026-05-18-v1-v4/stereo_left/EPnPv2_gt_mesh_z_hybrid_labels/3611083555972_0.json,0,16944.90060432592,11.19908422334105,1.04103076073043,3.0684879002139214,10.693696062834222,0.199526701 -0.979872566 -0.00623305016 2806.29871 0.0687825473 0.0203505536 -0.99742409 5016.47812 0.977475348 0.198584013 0.0714586099 137862.619 0 0 0 1,0.209886053 -0.977555921428 -0.0182281694716 2128.59042907 0.0750236647076 0.0346908196821 -0.996578143409 4660.6854425 0.974843214917 0.207800308839 0.0806209468538 134355.10944 0 0 0 1,0.387346208096 -0.921860098839 -0.0116989752278 2483.00719261 0.0180942080915 0.0202887356281 -0.999630451202 5404.45899963 0.921756863594 0.386991381645 0.024539090693 151279.968262 0 0 0 1
image_3611183993157,1,107,1,0,107,0.998476749,/home/anahita/gigapose/gigaPose_datasets/datasets/2026-05-18-v1-v4/stereo_left/EPnPv2_gt_mesh_z_hybrid_labels/3611183993157_0.json,0,10759.530954787144,39.05265786141339,2.922026370708059,1.6233103167902159,38.95633565532983,-0.283443769 -0.957938016 0.0448819266 3039.80694 0.0482903526 -0.0609992368 -0.996968974 5126.8272 0.957772244 -0.280417279 0.0635490182 144152.742 0 0 0 1,-0.273609863421 -0.961373370438 0.0299814153934 4099.76490158 0.0553880499068 -0.0468674424022 -0.997364330089 4847.84417235 0.96024465959 -0.271228105502 0.0660719907945 140734.093458 0 0 0 1,0.391516804695 -0.920101463795 -0.0113068176433 2822.02219963 0.0185214858502 0.0201652254909 -0.999625086784 5456.54630661 0.919984579086 0.39116063714 0.0249366723001 151400.131226 0 0 0 1
image_3611285698853,1,108,1,0,108,0.99601424,/home/anahita/gigapose/gigaPose_datasets/datasets/2026-05-18-v1-v4/stereo_left/EPnPv2_gt_mesh_z_hybrid_labels/3611285698853_0.json,0,10114.33843851622,38.852370476463044,5.791770860510166,0.9040950639118295,38.47027705454002,-0.266380859 -0.958953309 0.0972100276 3277.64029 0.0350754981 -0.110431572 -0.993264606 5108.77357 0.963229437 -0.261176989 0.0630526219 144900.748 0 0 0 1,-0.256876518311 -0.96292484043 0.0824027085299 4282.08891207 0.0426715516659 -0.0964812531129 -0.994419683368 4879.57268559 0.965501731711 -0.251926814744 0.0658732653817 141461.700137 0 0 0 1,0.39987975359 -0.916499972343 -0.0111348759383 3181.01024628 0.0183490477502 0.0201507415622 -0.999628603458 5444.44847107 0.9163839221 0.399526923895 0.0248747710139 151500.045776 0 0 0 1
image_3611394616682,1,109,1,0,109,0.612235011,/home/anahita/gigapose/gigaPose_datasets/datasets/2026-05-18-v1-v4/stereo_left/EPnPv2_gt_mesh_z_hybrid_labels/3611394616682_0.json,0,14919.924448970622,41.425931615753065,5.30823756488999,0.12555067775325712,41.093260353971466,-0.301711441 -0.948879622 0.0927236204 3578.46237 0.0163753822 -0.102399028 -0.994608609 4965.20754 0.95325865 -0.298566412 0.0464332249 140107.091 0 0 0 1,-0.292281574947 -0.953160825728 0.0778198027605 4708.79749595 0.023896858704 -0.0886270923651 -0.995778177014 4802.64163582 0.956033692744 -0.289187965112 0.0486816158492 136703.502437 0 0 0 1,0.408288031816 -0.912782728672 -0.0113348551095 3547.32489586 0.0171128045768 0.0200681556016 -0.999652206898 5276.41916275 0.912692844868 0.407952100039 0.0238138567656 151570.602417 0 0 0 1
image_3611484433496,1,110,1,0,110,1.0,/home/anahita/gigapose/gigaPose_datasets/datasets/2026-05-18-v1-v4/stereo_left/EPnPv2_gt_mesh_z_hybrid_labels/3611484433496_0.json,0,16567.654877735353,9.909143013617395,3.7632681132986363,0.5895237157739508,9.130093376385641,0.257449724 -0.96436444 0.0609989051 3878.24535 0.00260974875 -0.0624326422 -0.998045768 4834.09929 0.966288171 0.2571058 -0.0135565176 138712.776 0 0 0 1,0.267205573813 -0.962362705712 0.0495903612076 2999.37391721 0.00973303770347 -0.0487636230937 -0.998762923653 4718.96741455 0.963590395279 0.267357685646 -0.00366319937036 135233.863823 0 0 0 1,0.4168369174 -0.908915519714 -0.0109304888174 3909.05737877 0.017085114494 0.0198571197689 -0.999656796455 5273.09370041 0.908820748329 0.416507154703 0.0238061044365 151767.242432 0 0 0 1
image_3611587940520,1,111,1,0,111,0.986669624,/home/anahita/gigapose/gigaPose_datasets/datasets/2026-05-18-v1-v4/stereo_left/EPnPv2_gt_mesh_z_hybrid_labels/3611587940520_0.json,0,14571.668326325716,8.146601242877399,7.60008739382618,2.750744649997605,1.224491793101332,0.435116252 -0.895314422 0.0953201627 4161.77259 -0.0389823591 -0.1245008 -0.991453441 4947.4472 0.899530001 0.427681701 -0.0890737896 140671.574 0 0 0 1,0.443907931749 -0.89193379453 0.086022408232 2646.37917901 -0.0312439834454 -0.111347583072 -0.993290253871 4984.73562242 0.895527532464 0.438241740053 -0.0772956398373 137417.23956 0 0 0 1,0.425727903843 -0.904779851437 -0.0113572534174 4317.22736359 0.0171940717846 0.0206383354962 -0.999639213085 5340.39974213 0.904687821865 0.425379008055 0.024343162775 151888.427734 0 0 0 1
image_3611683264343,1,112,1,0,112,0.602593903,/home/anahita/gigapose/gigaPose_datasets/datasets/2026-05-18-v1-v4/stereo_left/EPnPv2_gt_mesh_z_hybrid_labels/3611683264343_0.json,0,11734.685235199053,11.083679184197766,11.015832369121236,1.035769109307993,0.7643805482598979,0.43808122 -0.884407674 0.160959346 4631.23684 -0.00981243619 -0.1837495 -0.982924126 5072.33714 0.898881839 0.429021196 -0.089175399 143676.933 0 0 0 1,0.446332453324 -0.881894232526 0.15182194821 3111.89058712 -0.00150667679357 -0.170398980741 -0.985373998751 5008.23585625 0.894865951277 0.439575646721 -0.0773833247065 140424.860083 0 0 0 1,0.434636831284 -0.900533437729 -0.0114166643471 4701.33161545 0.0168451815844 0.0208033453673 -0.99964171648 5311.81573868 0.900448322296 0.434288799763 0.0242115464061 152047.439575 0 0 0 1
image_3611794005846,1,113,1,0,113,0.999025123,/home/anahita/gigapose/gigaPose_datasets/datasets/2026-05-18-v1-v4/stereo_left/EPnPv2_gt_mesh_z_hybrid_labels/3611794005846_0.json,0,8735.603613987829,4.620378766734792,4.405766061160888,0.7753352765088883,1.1267892529109953,0.452584253 -0.888836433 0.0716748867 5287.20325 0.0219601814 -0.0692441128 -0.997358012 5194.52637 0.891451201 0.452962524 -0.0118197857 146681.653 0 0 0 1,0.461459441403 -0.884951120931 0.062583524816 3706.30944105 0.0291493704811 -0.0553811267784 -0.998039701526 5010.30638727 0.886682297975 0.462379113158 0.000239624307157 143463.681896 0 0 0 1,0.443806797266 -0.896044433117 -0.0118266316131 5105.9217453 0.0160426460207 0.0211399141699 -0.999647796154 5227.04648972 0.895978868008 0.443460792303 0.0237569585443 152083.709717 0 0 0 1
image_3611884364550,1,114,1,0,114,0.501189003,/home/anahita/gigapose/gigaPose_datasets/datasets/2026-05-18-v1-v4/stereo_left/EPnPv2_gt_mesh_z_hybrid_labels/3611884364550_0.json,0,6973.42779373087,37.22811057795433,0.8890368222331813,1.698241831397959,37.167297398633316,-0.182691274 -0.982892179 0.0233851046 5812.56483 -0.0109332916 -0.0217529009 -0.999703593 5275.05636 0.983109537 -0.182892799 -0.00677218161 149679.471 0 0 0 1,-0.172462655961 -0.984976613311 0.00881497486313 6509.66232352 -0.00422725666691 -0.00820888040813 -0.999957371093 5206.72446339 0.985006986166 -0.17249256703 -0.0027480236176 146158.407793 0 0 0 1,0.457861036062 -0.888948321342 -0.0115771684796 5986.86504364 0.0158331356943 0.0211738944054 -0.999650418758 5238.82627487 0.888882756233 0.457517713308 0.0237695407122 153112.136841 0 0 0 1
image_3611983984627,1,115,1,0,115,0.890955332,/home/anahita/gigapose/gigaPose_datasets/datasets/2026-05-18-v1-v4/stereo_left/EPnPv2_gt_mesh_z_hybrid_labels/3611983984627_0.json,0,3366.3884093489182,48.38006289924699,0.5245725075738967,4.855570418379137,48.16992910758082,-0.366452422 -0.930091751 0.0253368703 6138.17561 -0.064490379 -0.00177555783 -0.997916749 5137.77991 0.928199124 -0.367322994 -0.059331312 152668.823 0 0 0 1,-0.356779232709 -0.934132302421 0.0102674508358 7492.7594472 -0.0580025080757 0.0111810374498 -0.998253821922 5261.02194803 0.932386340812 -0.356751770536 -0.0581711783144 149346.412083 0 0 0 1,0.457794159651 -0.888984441757 -0.0114474985749 5975.26168823 0.0162907801569 0.0212615821511 -0.999641239643 5283.22887421 0.888908982277 0.457443505526 0.0242156758904 152351.287842 0 0 0 1
image_3612085288924,1,116,1,0,116,0.994868987,/home/anahita/gigapose/gigaPose_datasets/datasets/2026-05-18-v1-v4/stereo_left/EPnPv2_gt_mesh_z_hybrid_labels/3612085288924_0.json,0,8932.892777096526,41.889751113798376,2.8608592487026185,2.797952386793515,41.63692724417412,-0.248172129 -0.966660921 0.0630655042 6264.21523 -0.0291089017 -0.057631272 -0.997913477 4782.37994 0.968278507 -0.249490079 -0.0138359623 146997.407 0 0 0 1,-0.238366716496 -0.969974511553 0.0482778937609 7199.93012238 -0.0220346779201 -0.0442964616318 -0.998775398027 4780.88453678 0.970925219732 -0.239138599266 -0.0108142738674 143531.438782 0 0 0 1,0.467327952385 -0.884004831314 -0.0118297711015 6415.96794128 0.0162981245667 0.0219929870218 -0.999625325203 5341.27759933 0.883933842182 0.466960042715 0.0246855579317 152412.200928 0 0 0 1
image_3612183116789,1,117,1,0,117,1.0,/home/anahita/gigapose/gigaPose_datasets/datasets/2026-05-18-v1-v4/stereo_left/EPnPv2_gt_mesh_z_hybrid_labels/3612183116789_0.json,0,20523.254185274724,42.02455357259402,2.9863957748739876,1.8596566004176043,41.835232309184136,-0.240873023 -0.968582206 0.0618764576 6387.12143 -0.0132344438 -0.0604698036 -0.998082287 4628.87098 0.970466401 -0.241229998 0.00174689759 135498.419 0 0 0 1,-0.231040204408 -0.971802941944 0.0471111979191 7296.59301786 -0.00613040579955 -0.0469662635123 -0.998877663926 4570.50929287 0.972924889829 -0.231069710235 0.00489354870382 132025.96229 0 0 0 1,0.476977467537 -0.878845632076 -0.0110782887787 6860.24427414 0.0161856096238 0.0213854108006 -0.999640345573 5289.3280983 0.878766477108 0.476626604795 0.0244250111282 152531.982422 0 0 0 1
image_3612286948768,1,118,1,0,118,1.0,/home/anahita/gigapose/gigaPose_datasets/datasets/2026-05-18-v1-v4/stereo_left/EPnPv2_gt_mesh_z_hybrid_labels/3612286948768_0.json,0,23016.372439944917,14.535315114062964,1.6872292217538951,0.7184716565711003,14.430382952381107,0.243992365 -0.96926306 0.0315728618 6509.18665 0.0263593974 -0.0259163812 -0.999316528 4677.69161 0.969418851 0.244657845 0.019225791 133125.388 0 0 0 1,0.253991522157 -0.966999392696 0.0200120078713 5675.60588427 0.033103978787 -0.011987050978 -0.999380026305 4475.75349 0.966639764305 0.254496531526 0.0289669180265 129639.292135 0 0 0 1,0.486878097057 -0.873392105103 -0.0116526940838 7340.37733078 0.0155748669058 0.0220193378627 -0.999636292458 5245.39852142 0.873331129551 0.486519575119 0.0243236999959 152582.473755 0 0 0 1
image_3612384416544,1,119,1,0,119,0.759358348,/home/anahita/gigapose/gigaPose_datasets/datasets/2026-05-18-v1-v4/stereo_left/EPnPv2_gt_mesh_z_hybrid_labels/3612384416544_0.json,0,16014.365425372516,7.6474167759807505,1.1214017151854323,2.6847248813396347,7.046889926484513,0.591195894 -0.805567812 0.0393435662 6953.1563 0.052497704 -0.010242241 -0.998568519 4728.97603 0.804817623 0.592415055 0.0362352897 139877.705 0 0 0 1,0.599391702271 -0.799803699445 0.0323052722984 4868.08351403 0.059070130014 0.00394788861701 -0.998246028532 4432.70724428 0.798273328691 0.600248662756 0.0496108401641 136970.266857 0 0 0 1,0.496804833412 -0.867786765099 -0.0114476596937 7815.12641907 0.0150482952595 0.0218022558838 -0.999649107456 5171.46587372 0.867731869221 0.496458262205 0.0238901749253 152693.786621 0 0 0 1
image_3612483988344,1,120,1,0,120,0.862922106,/home/anahita/gigapose/gigaPose_datasets/datasets/2026-05-18-v1-v4/stereo_left/EPnPv2_gt_mesh_z_hybrid_labels/3612483988344_0.json,0,14432.896302921601,11.794384138926462,1.9507417220078753,2.4187236592159667,11.338011566779342,0.317636838 -0.948023598 -0.0189234475 7718.96203 0.0548177226 0.0382830438 -0.997762209 4782.02041 0.946626566 0.315888693 0.0641285996 141843.303 0 0 0 1,0.327733451363 -0.944303213341 -0.0297022931093 6614.81022124 0.0608729742969 0.0524792404654 -0.996764972389 4475.5875416 0.94280711966 0.324865157822 0.0746817478406 138441.032003 0 0 0 1,0.506891071796 -0.861935079098 -0.0113739753142 8306.90193176 0.0146964108571 0.0218340288848 -0.999653577805 5131.75058365 0.861884891987 0.506548345089 0.0237348247319 152759.368896 0 0 0 1
image_3612583161603,1,121,1,0,121,0.980471872,/home/anahita/gigapose/gigaPose_datasets/datasets/2026-05-18-v1-v4/stereo_left/EPnPv2_gt_mesh_z_hybrid_labels/3612583161603_0.json,0,10786.148461037823,2.5482777001325454,0.4885703125258845,2.131231173369936,1.3179642466698218,0.522835121 -0.852384645 0.0091571591 8518.43607 0.0452077799 0.0169990659 -0.998832963 4837.62796 0.851234217 0.522638928 0.0474221261 145366.605 0 0 0 1,0.531725459376 -0.846916151796 0.00103345244684 6677.24026273 0.0514951759217 0.0311125436881 -0.998188487242 4566.40647749 0.845349798617 0.530815449831 0.0601554278131 142296.598947 0 0 0 1,0.512045025826 -0.858881175518 -0.0115246251225 8817.81578064 0.0148460129276 0.0222642272711 -0.999641895294 5184.95321274 0.858830332756 0.511690676212 0.0241512414068 152850.097656 0 0 0 1
image_3612684258678,1,122,1,0,122,1.0,/home/anahita/gigapose/gigaPose_datasets/datasets/2026-05-18-v1-v4/stereo_left/EPnPv2_gt_mesh_z_hybrid_labels/3612684258678_0.json,0,5810.749475435706,3.8785822547120414,2.0397974312125773,1.316140832804764,3.0019198594253513,0.55792613 -0.829020189 0.0379994583 9351.44908 0.0290913998 -0.0262230649 -0.999232726 5005.79511 0.829380566 0.558603505 0.00948682462 150448.074 0 0 0 1,0.566380534688 -0.82358215838 0.030422318473 7386.54024366 0.0358384635272 -0.0122662646097 -0.999282313798 4794.0752931 0.823364253415 0.567064340128 0.0225685456119 147450.940662 0 0 0 1,0.522319197655 -0.852666735649 -0.0119207287207 9330.86490631 0.0140840793028 0.0226030685008 -0.999645352364 5113.22116852 0.852633774281 0.521966040134 0.0238150376827 152917.434692 0 0 0 1
image_3612786256803,1,123,1,0,123,0.616416079,/home/anahita/gigapose/gigaPose_datasets/datasets/2026-05-18-v1-v4/stereo_left/EPnPv2_gt_mesh_z_hybrid_labels/3612786256803_0.json,0,2846.686443490532,5.440520983239137,2.2321228941950664,1.4575318381418376,4.7147813101129605,0.592481554 -0.804518674 0.0414163122 10474.9489 0.0305633055 -0.0289259049 -0.999114196 5166.27422 0.805004032 0.593222551 0.00745068489 153425.35 0 0 0 1,0.600652772396 -0.798769584182 0.0344005517364 8385.44606006 0.037337994275 -0.0149549315283 -0.999190784822 4949.39309534 0.798637665157 0.601451162783 0.0208417330386 150514.088982 0 0 0 1,0.53279364109 -0.846159875393 -0.0120153119788 9871.15478516 0.0138451345265 0.0229124631733 -0.999641597271 5128.75270844 0.846131980419 0.53243637085 0.0239228084683 152935.684204 0 0 0 1
image_3613086458588,1,124,1,0,124,0.566112728,/home/anahita/gigapose/gigaPose_datasets/datasets/2026-05-18-v1-v4/stereo_left/EPnPv2_gt_mesh_z_hybrid_labels/3613086458588_0.json,0,2226.735137566412,3.1708941901500665,2.0527767928837477,1.444961817469603,1.9118026272670798,0.527655693 -0.849185305 -0.0215357211 12267.7872 0.0311547093 0.044681306 -0.99851538 4844.27591 0.848886832 0.526201386 0.0500324668 154210.324 0 0 0 1,0.536710739445 -0.843247635413 -0.0295805240343 10405.8382817 0.0371491728592 0.0586393924844 -0.997587770434 4622.41485229 0.842948112833 0.534317178259 0.062798343878 151148.882483 0 0 0 1,0.564406514168 -0.825396299362 -0.012890631333 11505.3730011 0.0111751463264 0.0232538767159 -0.999667167664 4807.72590637 0.825421452522 0.564074635506 0.0223485622555 153076.324463 0 0 0 1
image_3613599058398,1,125,1,0,125,0.573668918,/home/anahita/gigapose/gigaPose_datasets/datasets/2026-05-18-v1-v4/stereo_left/EPnPv2_gt_mesh_z_hybrid_labels/3613599058398_0.json,0,3666.635831138269,4.02848478816295,2.174328702244308,3.3913015061610263,0.012378708483765098,0.604780285 -0.794225251 0.0587116433 14729.8621 0.0605501383 -0.0276519724 -0.997782065 4515.22541 0.794087204 0.60699392 0.031367081 152803.048 0 0 0 1,0.612729967438 -0.788585312992 0.0519152255659 12597.696081 0.0673004654285 -0.0133858022188 -0.997642956029 4190.83950678 0.787421509916 0.614779655049 0.0448702764012 149933.005819 0 0 0 1,0.612785279751 -0.79011964798 -0.0143255367875 14436.99646 0.00818494707346 0.0244727302343 -0.99966698885 4542.51813889 0.790207147598 0.612463951111 0.0214636158198 153085.388184 0 0 0 1
image_3614493635497,1,126,1,0,126,1.0,/home/anahita/gigapose/gigaPose_datasets/datasets/2026-05-18-v1-v4/stereo_left/EPnPv2_gt_mesh_z_hybrid_labels/3614493635497_0.json,0,8242.048419988265,7.566180179959713,0.7353405451654508,3.6449475796382917,6.567266587194001,0.594954533 -0.803503278 0.0202876035 17481.4744 0.0647254465 0.0227365477 -0.997644058 4329.52292 0.801149 0.594865978 0.0655343205 149204.298 0 0 0 1,0.603251718494 -0.797439876869 0.0133044302176 15380.7661133 0.0709431355915 0.0370370389998 -0.996792520911 3988.16932002 0.794389347631 0.602260658388 0.0789155426671 146313.104011 0 0 0 1,0.690743386745 -0.722947180271 -0.0148609094322 20290.1134491 0.00458403676748 0.0249292459339 -0.999678730965 4120.73755264 0.723085463047 0.690453410149 0.0205337293446 152932.174683 0 0 0 1
image_3614583971832,1,127,1,0,127,0.976790965,/home/anahita/gigapose/gigaPose_datasets/datasets/2026-05-18-v1-v4/stereo_left/EPnPv2_gt_mesh_z_hybrid_labels/3614583971832_0.json,0,13013.059208013497,11.747539811648798,1.0089598424818436,2.2989549058683862,11.497335224283919,0.528776417 -0.84825667 0.0292595661 19470.3927 0.0424870224 -0.00797645143 -0.999065178 4152.23639 0.847697089 0.529525257 0.0318221407 143414.869 0 0 0 1,0.537492547098 -0.843001240207 0.0212289992184 17609.8947152 0.0490395361922 0.00611544221739 -0.9987781165 3891.74406826 0.841841366671 0.537876854091 0.0446273944146 140355.589464 0 0 0 1,0.694611549377 -0.719224750996 -0.0151843801141 20968.870163 0.00404224963859 0.0250092912465 -0.999679088593 4034.63697433 0.719373703003 0.694327294827 0.0202790237963 152926.849365 0 0 0 1
image_3614688423305,1,128,1,0,128,0.597225111,/home/anahita/gigapose/gigaPose_datasets/datasets/2026-05-18-v1-v4/stereo_left/EPnPv2_gt_mesh_z_hybrid_labels/3614688423305_0.json,0,15801.03589975656,12.067953054285443,4.0161794617017526,4.265502362664874,10.706068606434785,0.549143601 -0.830629898 0.092169835 20696.5131 0.0757396153 -0.0603693309 -0.995298475 3983.40276 0.832288902 0.553542696 0.0297601572 140288.577 0 0 0 1,0.557264755825 -0.82602339376 0.0845064809983 18769.0568739 0.0828177457352 -0.045973402341 -0.995503725279 3606.08252814 0.826194416075 0.56175777617 0.0427900385882 137283.407752 0 0 0 1,0.702154159546 -0.711865305901 -0.0150758689269 21661.5943909 0.00390607793815 0.0250239800662 -0.999679267406 4014.73808289 0.712014257908 0.701870083809 0.0203512888402 152812.057495 0 0 0 1
image_3614886616980,1,129,1,0,129,1.0,/home/anahita/gigapose/gigaPose_datasets/datasets/2026-05-18-v1-v4/stereo_left/EPnPv2_gt_mesh_z_hybrid_labels/3614886616980_0.json,0,15834.418475076824,10.244563723544953,1.7280002024071726,0.5508942692471394,10.09148922250294,0.574591959 -0.818128302 0.0225867814 21573.02 0.0116237417 -0.0194371464 -0.99974351 3980.30326 0.818357483 0.574707125 -0.00165871596 140157.181 0 0 0 1,0.583030054156 -0.812307079054 0.0152697689985 19546.2067458 0.0183038841976 -0.00565703780893 -0.99981646594 3830.93599249 0.812244374848 0.583202544547 0.0115701516586 137197.752384 0 0 0 1,0.716244935989 -0.697691202164 -0.0148373423144 23060.918808 0.00426630722359 0.0256389211863 -0.999662160873 4093.70517731 0.697835981846 0.715939760208 0.0213403087109 152634.933472 0 0 0 1
image_3614998118632,1,130,1,0,130,1.0,/home/anahita/gigapose/gigaPose_datasets/datasets/2026-05-18-v1-v4/stereo_left/EPnPv2_gt_mesh_z_hybrid_labels/3614998118632_0.json,0,12865.503609233807,12.748067948681193,3.452427404664578,1.779068071892212,12.19814880186431,0.552506298 -0.831405341 0.0591772685 22435.0559 0.0325521186 -0.0494203074 -0.998247461 3973.72568 0.832872829 0.553464355 -0.000241025873 143020.636 0 0 0 1,0.560849089427 -0.8263129058 0.0515294098332 20491.9861166 0.0395371855032 -0.0354373426549 -0.998589508412 3750.61610115 0.826973463231 0.562095344707 0.012795085232 140010.12073 0 0 0 1,0.722906351089 -0.690766811371 -0.01573718898 23771.3851929 0.00308227515779 0.0260000806302 -0.999657213688 3965.5444622 0.690939188004 0.7226100564 0.0209247507155 152448.791504 0 0 0 1
image_3615085561413,1,131,1,0,131,0.578614394,/home/anahita/gigapose/gigaPose_datasets/datasets/2026-05-18-v1-v4/stereo_left/EPnPv2_gt_mesh_z_hybrid_labels/3615085561413_0.json,0,11202.208835343896,10.197915135747914,4.837930972698835,5.593636063582671,7.268269488161224,0.628087098 -0.769231743 0.117427095 23282.8685 0.0969716255 -0.0723550565 -0.99265364 3952.35793 0.772077134 0.634860041 0.029148375 144577.437 0 0 0 1,0.635391059229 -0.764153782298 0.111117949063 21072.4487871 0.104157405025 -0.0577714512544 -0.992881510432 3499.61584145 0.765133606955 0.642441792485 0.0428848113664 141785.024144 0 0 0 1,0.729276776314 -0.684034466743 -0.0158781874925 24487.0281219 0.00338745978661 0.0268155820668 -0.999634683132 4065.96565247 0.68421036005 0.728956580162 0.0218731202185 152439.102173 0 0 0 1
image_3615188641384,1,132,1,0,132,0.853388163,/home/anahita/gigapose/gigaPose_datasets/datasets/2026-05-18-v1-v4/stereo_left/EPnPv2_gt_mesh_z_hybrid_labels/3615188641384_0.json,0,10910.263992189466,12.643928604471443,6.744750052735948,0.8535149467835955,10.71735665265071,0.588937464 -0.802610487 0.0947051682 24116.0271 0.0150975074 -0.10623693 -0.994226222 3916.21659 0.808037579 0.586966882 -0.0504494903 144827.203 0 0 0 1,0.596743639895 -0.797626623372 0.0876857865489 22044.9450196 0.022657081363 -0.0924830126583 -0.995456452876 3758.42982196 0.802112015373 0.596019011245 -0.0371167582229 141899.025644 0 0 0 1,0.735391259193 -0.677465677261 -0.0154878636822 25210.1707458 0.00296940957196 0.0260768979788 -0.999655544758 3931.67114258 0.677636325359 0.735092043877 0.0211883932352 152338.623047 0 0 0 1
image_3615292818127,1,133,1,0,133,0.972419855,/home/anahita/gigapose/gigaPose_datasets/datasets/2026-05-18-v1-v4/stereo_left/EPnPv2_gt_mesh_z_hybrid_labels/3615292818127_0.json,0,10589.831381090878,14.97221023838648,1.8195420780142193,2.368527564308166,14.710636051717913,0.538129371 -0.841866651 0.0409551321 24842.196 0.0432458038 -0.0209486668 -0.99884481 3897.17026 0.84175209 0.539278867 0.0251341071 145078.605 0 0 0 1,0.546701631762 -0.836674112051 0.0330719956454 22949.1525195 0.0499336439061 -0.00684992883414 -0.998729047506 3634.49428434 0.835837279339 0.547658205269 0.0380333198766 142039.544621 0 0 0 1,0.741211175919 -0.671078562737 -0.0161094646901 25935.7891083 0.0020315523725 0.0262408833951 -0.999653637409 3819.92530823 0.671268880367 0.740921735764 0.0208133645356 152197.799683 0 0 0 1
image_3615388292791,1,134,1,0,134,0.983776887,/home/anahita/gigapose/gigaPose_datasets/datasets/2026-05-18-v1-v4/stereo_left/EPnPv2_gt_mesh_z_hybrid_labels/3615388292791_0.json,0,8651.63098093236,63.98610270299999,5.881023137509694,0.16765803889676004,63.75226677337473,-0.275539565 -0.956354127 0.0972868594 25331.9484 0.0206463114 -0.107068745 -0.99403723 3910.74222 0.961067988 -0.271887971 0.0492468604 146919.4 0 0 0 1,-0.266062432828 -0.960422867789 0.0824542175215 26369.1653911 0.028213008868 -0.0932592605693 -0.995242049657 3733.09877577 0.963542841589 -0.262470239272 0.0519092044936 143487.035802 0 0 0 1,0.746749937534 -0.66492164135 -0.0156090203673 26650.3944397 0.00292590027675 0.0267524495721 -0.999637842178 3961.10320091 0.665098488331 0.746433854103 0.0219228826463 152131.088257 0 0 0 1
image_3615487967763,1,135,1,0,135,0.97799245,/home/anahita/gigapose/gigaPose_datasets/datasets/2026-05-18-v1-v4/stereo_left/EPnPv2_gt_mesh_z_hybrid_labels/3615487967763_0.json,0,10721.01692946822,65.84426442682711,0.34398883034470545,0.43850935426937626,65.84085315560942,-0.29993346 -0.953929076 0.0076966412 25588.6312 0.0110867641 -0.0115532132 -0.999871795 3936.30685 0.953895698 -0.299809676 0.0140411819 145428.838 0 0 0 1,-0.289899696652 -0.9570295406 -0.00725431254513 26703.5651749 0.0176846305498 0.00222186570073 -0.999841145715 3788.53939407 0.956893630004 -0.289981934501 0.0162805957146 142019.499754 0 0 0 1,0.754546105862 -0.656070530415 -0.0152182262391 28113.4376526 0.00286513450556 0.0264829769731 -0.999645113945 3900.46143532 0.65624076128 0.754234790802 0.0218623597175 152646.820068 0 0 0 1
image_3615583708135,1,136,1,0,136,0.667467121,/home/anahita/gigapose/gigaPose_datasets/datasets/2026-05-18-v1-v4/stereo_left/EPnPv2_gt_mesh_z_hybrid_labels/3615583708135_0.json,0,15340.487737058029,17.008500068318455,0.9641333735988744,0.41380938161291103,16.97285929731301,0.52110286 -0.853302967 -0.0180514874 25832.6914 0.0117941723 0.0283474391 -0.999528549 3887.87583 0.85341239 0.520644283 0.0248359338 140215.711 0 0 0 1,0.530179265621 -0.847480804791 -0.0261960341385 23994.7967397 0.0179689475262 0.042119322814 -0.998950989609 3736.0229007 0.847695147938 0.529152386718 0.0375591297413 137135.518769 0 0 0 1,0.754479706287 -0.656134009361 -0.0157609712332 28100.1377106 0.00289460783824 0.0273403562605 -0.999621987343 3961.0517025 0.656316876411 0.754148960114 0.0225269924849 151914.764404 0 0 0 1
image_3615685680575,1,137,1,0,137,0.965082549,/home/anahita/gigapose/gigaPose_datasets/datasets/2026-05-18-v1-v4/stereo_left/EPnPv2_gt_mesh_z_hybrid_labels/3615685680575_0.json,0,17046.498050847687,12.809958328439139,3.017280576173359,0.46367808494520796,12.45460886446361,0.592991957 -0.804297525 0.0382887568 26128.3863 0.00928369202 -0.0407190056 -0.999127507 3818.58417 0.805154862 0.592830037 -0.0166791923 138317.683 0 0 0 1,0.601181063309 -0.798500410621 0.0312797385112 24036.7040416 0.0161844733333 -0.0269686325101 -0.999505255255 3678.52533668 0.798948929367 0.601389878545 -0.00328972255294 135403.279267 0 0 0 1,0.759254813194 -0.650604963303 -0.0156591832638 28830.915451 0.00236628181301 0.0268213730305 -0.999637544155 3833.61387253 0.650789141655 0.75894254446 0.0219037663192 151760.986328 0 0 0 1
image_3615784257856,1,138,1,0,138,0.485855474,/home/anahita/gigapose/gigaPose_datasets/datasets/2026-05-18-v1-v4/stereo_left/EPnPv2_gt_mesh_z_hybrid_labels/3615784257856_0.json,0,15383.554757224385,9.368301058279997,7.525858169358323,0.4446446559327467,5.594721373441,0.690433373 -0.717856664 0.0893508071 26862.3032 0.0050113787 -0.118766396 -0.992909578 3729.49444 0.723378631 0.68598568 -0.078402832 139735.195 0 0 0 1,0.697372599372 -0.711750833021 0.0841558593912 24423.0876232 0.0126953388563 -0.105134082509 -0.99437701798 3608.53901561 0.716596320291 0.694519673188 -0.0642817105958 137103.827023 0 0 0 1,0.763820290565 -0.645249843597 -0.0152012808248 29573.3242035 0.00237862975337 0.0263662207872 -0.999649524689 3766.65854454 0.645424544811 0.763516485691 0.0216738637537 151598.7854 0 0 0 1
image_3615894097080,1,139,1,0,139,1.0,/home/anahita/gigapose/gigaPose_datasets/datasets/2026-05-18-v1-v4/stereo_left/EPnPv2_gt_mesh_z_hybrid_labels/3615894097080_0.json,0,15101.412373516487,14.442437184917797,0.8634759037927106,1.1227069227256494,14.381652545838058,0.575932228 -0.816902125 -0.0311927465 28034.4664 -0.0169402118 0.0262223934 -0.999512589 3619.76745 0.817321906 0.576179924 0.00126382646 139837.582 0 0 0 1,0.584705656213 -0.8103324835 -0.038478075445 25996.9624535 -0.0107409270967 0.0396938896514 -0.999154156209 3571.10527436 0.811174412893 0.584624376734 0.0145055196869 136882.127732 0 0 0 1,0.768163561821 -0.640082478523 -0.0148004787043 30298.5649109 0.0024523390457 0.0260579008609 -0.999657452106 3706.25495911 0.640248954296 0.76786416769 0.0215864237398 151357.299805 0 0 0 1
image_3616185003847,1,140,1,0,140,1.0,/home/anahita/gigapose/gigaPose_datasets/datasets/2026-05-18-v1-v4/stereo_left/EPnPv2_gt_mesh_z_hybrid_labels/3616185003847_0.json,0,16138.376757718836,17.531233177050954,2.367878289891266,0.3914407276057595,17.359360445187892,0.549809666 -0.834441145 -0.0376471281 29214.6573 0.0102576593 0.0518123287 -0.998604157 3437.0638 0.835226982 0.548656047 0.0370463321 138624.812 0 0 0 1,0.558811880567 -0.828053917906 -0.045343033947 27270.8826701 0.016179091026 0.0655520459865 -0.997717979009 3289.89269348 0.829136610582 0.556803051444 0.0500284218047 135610.084629 0 0 0 1,0.780683755875 -0.624748289585 -0.0149103235453 32546.7300415 0.00168114819098 0.0259588118643 -0.999661624432 3540.77100754 0.624924004078 0.780394554138 0.0213159155101 150859.664917 0 0 0 1
image_3616286279899,1,141,1,0,141,0.660668055,/home/anahita/gigapose/gigaPose_datasets/datasets/2026-05-18-v1-v4/stereo_left/EPnPv2_gt_mesh_z_hybrid_labels/3616286279899_0.json,0,16800.65365242598,17.145162156181303,5.288108791807064,2.553032614605742,15.997946003796569,0.57202045 -0.818273356 -0.0567566739 30170.0437 0.0476705006 0.102243182 -0.993616553 3258.46854 0.818852935 0.565663369 0.0974926917 137613.92 0 0 0 1,0.580974235029 -0.811395235846 -0.0640836162338 28143.8578057 0.053024887661 0.116298547279 -0.991797866744 2975.59120798 0.812192896126 0.57281098067 0.110590600993 134663.826541 0 0 0 1,0.782688260078 -0.622235059738 -0.0149193443358 33309.2346191 0.00145127833821 0.0257945340127 -0.999666273594 3461.3494873 0.622412264347 0.782405436039 0.0210921112448 150643.341064 0 0 0 1
image_3616383201611,1,142,1,0,142,0.548291671,/home/anahita/gigapose/gigaPose_datasets/datasets/2026-05-18-v1-v4/stereo_left/EPnPv2_gt_mesh_z_hybrid_labels/3616383201611_0.json,0,16868.324240075453,10.52402707147206,2.3930105713700787,1.2767898074537583,10.196188672361613,0.656408654 -0.75238375 -0.0551939445 30900.5932 -0.0228129092 0.0533323823 -0.998316196 3231.0174 0.754060509 0.656562525 0.0178437751 137259.019 0 0 0 1,0.664650945194 -0.744654253174 -0.061066882202 28569.1589124 -0.0169068409593 0.0667221126714 -0.997628346346 3202.48089324 0.746962703807 0.664107071503 0.0317571642255 134529.165503 0 0 0 1,0.786802709103 -0.61701977253 -0.0151040954515 34092.0028687 0.000857637671288 0.02556473203 -0.999672830105 3334.12885666 0.617204070091 0.786532342434 0.0206435807049 150467.208862 0 0 0 1
image_3616483098296,1,143,1,0,143,0.738499488,/home/anahita/gigapose/gigaPose_datasets/datasets/2026-05-18-v1-v4/stereo_left/EPnPv2_gt_mesh_z_hybrid_labels/3616483098296_0.json,0,16135.205790881602,15.754582901020953,1.116568754545764,1.7430113677844257,15.6018962790172,0.588754893 -0.808293392 -0.00542842873 31627.3346 0.0313513197 0.029545747 -0.999071641 3207.67517 0.807703392 0.588038129 0.0427362676 137924.651 0 0 0 1,0.597269653211 -0.801942853524 -0.0125148094713 29546.2729263 0.0375089991813 0.0435157272537 -0.998348364413 2985.64930914 0.801162926664 0.595813763721 0.0560706971053 135007.737035 0 0 0 1,0.790795981884 -0.611894607544 -0.0150536708534 34847.114563 0.000374339753762 0.0250777862966 -0.99968546629 3196.53773308 0.612079739571 0.790541708469 0.0200604703277 150245.895386 0 0 0 1
image_3616583725981,1,144,1,0,144,0.578001763,/home/anahita/gigapose/gigaPose_datasets/datasets/2026-05-18-v1-v4/stereo_left/EPnPv2_gt_mesh_z_hybrid_labels/3616583725981_0.json,0,14307.61326527051,14.225220518796542,1.4161673013459213,3.5202512157656085,13.668915227365531,0.6204696 -0.784157895 0.0106710502 32395.9366 0.0612954291 0.0349259863 -0.997508419 3185.69267 0.781831405 0.619577736 0.0697358074 139610.984 0 0 0 1,0.628623097495 -0.777699183674 0.00412081739023 30201.8640498 0.0673839459642 0.0491869524467 -0.996513947549 2856.17734053 0.774785392948 0.626709361005 0.0833244941617 136788.579783 0 0 0 1,0.794757544994 -0.606734097004 -0.0153025090694 35630.6724548 4.32783854194e-05 0.0252697505057 -0.999680697918 3157.0649147 0.606927096844 0.79450315237 0.0201095826924 150022.827148 0 0 0 1
image_3616697484280,1,145,1,0,145,0.729643455,/home/anahita/gigapose/gigaPose_datasets/datasets/2026-05-18-v1-v4/stereo_left/EPnPv2_gt_mesh_z_hybrid_labels/3616697484280_0.json,0,12164.165832740082,4.438148096765347,3.874157623593385,1.2399257150701477,1.8179826499564073,0.811194207 -0.583799245 -0.0337994098 33206.5814 0.0148224303 0.0783073398 -0.996819069 3130.05204 0.584588961 0.808112865 0.0721757841 141298.548 0 0 0 1,0.817508072327 -0.574768288237 -0.0363588579778 30315.3722432 0.0204525185699 0.0920664887958 -0.995542794838 2965.64317453 0.575553859692 0.813120641096 0.087020556938 139176.666854 0 0 0 1,0.798690080643 -0.601552248001 -0.0151321198791 36420.3453064 -0.000399531738367 0.024617029354 -0.999696910381 3010.3456974 0.601742446423 0.798454046249 0.0194210372865 149697.799683 0 0 0 1
image_3616797139155,1,146,1,0,146,0.487544315,/home/anahita/gigapose/gigaPose_datasets/datasets/2026-05-18-v1-v4/stereo_left/EPnPv2_gt_mesh_z_hybrid_labels/3616797139155_0.json,0,13236.344543739791,16.783082092205728,0.21674937349880496,0.29238123555061024,16.77862065978886,0.587650619 -0.809073216 -0.00820255239 34014.2174 0.00529982124 0.0139864698 -0.999888139 3047.10072 0.809097437 0.587541411 0.012507101 140245.512 0 0 0 1,0.596191658177 -0.802696217585 -0.0153065254161 31936.8481671 0.0116288816895 0.0276974769439 -0.999548707586 2919.0820509 0.802757919002 0.595744602879 0.0258474639927 137320.337036 0 0 0 1,0.802475810051 -0.596488177776 -0.0153120337054 37185.8444214 -0.0006542931078 0.0247821733356 -0.999692678452 2946.87867165 0.596684336662 0.802239239216 0.0194968134165 149471.389771 0 0 0 1
image_3616987201303,1,147,1,0,147,0.593784992,/home/anahita/gigapose/gigaPose_datasets/datasets/2026-05-18-v1-v4/stereo_left/EPnPv2_gt_mesh_z_hybrid_labels/3616987201303_0.json,0,16777.073392339767,17.443352521138014,0.6915524726015044,1.1188710817661423,17.400833220713466,0.589585683 -0.807602782 0.0129022466 34517.7146 0.0191486906 -0.00199363047 -0.999814659 2892.95475 0.807478823 0.58972347 0.0142891198 136451.617 0 0 0 1,0.59797435542 -0.801494039949 0.00582865730627 32435.6325847 0.0256447489471 0.0118635593589 -0.999600721326 2715.88611426 0.801104872442 0.597885071744 0.0276482176875 133532.356572 0 0 0 1,0.810122251511 -0.586055397987 -0.0155212180689 38806.3201904 -0.00131079170387 0.0246641878039 -0.999695003033 2820.43004036 0.586259484291 0.809895515442 0.01921280846 149052.459717 0 0 0 1
image_3617085078130,1,148,1,0,148,0.898409655,/home/anahita/gigapose/gigaPose_datasets/datasets/2026-05-18-v1-v4/stereo_left/EPnPv2_gt_mesh_z_hybrid_labels/3617085078130_0.json,0,20222.255592901496,17.97209865457547,1.6134711962214814,1.9438943450343618,17.82250306253244,0.587357807 -0.807670099 -0.0517669615 34717.1909 -0.0336346982 0.0395477655 -0.998651431 2759.59727 0.808628168 0.588306881 -0.00393705116 132736.62 0 0 0 1,0.596166267748 -0.800701316 -0.0588488260016 32636.0916835 -0.0275802495489 0.0528309480532 -0.998222530341 2770.40248043 0.802387133173 0.596729666007 0.00941248706908 129811.314961 0 0 0 1,0.813880741596 -0.58081048727 -0.016037074849 39628.7956238 -0.0015316704521 0.0254562590271 -0.999674797058 2855.6394577 0.581029832363 0.813640654087 0.0198287442327 148785.888672 0 0 0 1
image_3617184861848,1,149,1,0,149,0.968581635,/home/anahita/gigapose/gigaPose_datasets/datasets/2026-05-18-v1-v4/stereo_left/EPnPv2_gt_mesh_z_hybrid_labels/3617184861848_0.json,0,22506.04652107474,17.232919284793297,1.026459545869091,1.1176529792332974,17.156473961338015,0.600110047 -0.799884651 -0.00724401982 35028.0583 -0.0209740357 -0.00668154464 -0.999757694 2647.63115 0.799642433 0.600116573 -0.0207864713 130226.874 0 0 0 1,0.608547015209 -0.793391813128 -0.014140734771 32905.7212807 -0.0144258317906 0.00675598562426 -0.99987311793 2614.72310141 0.793386680627 0.608673793302 -0.00733400196014 127331.515145 0 0 0 1,0.815810203552 -0.578084826469 -0.0164759978652 40493.4577942 -0.00242762127891 0.0250660385936 -0.999682843685 2673.2544899 0.57831454277 0.81559163332 0.0190457571298 148519.836426 0 0 0 1
image_3617287773759,1,150,1,0,150,0.571211485,/home/anahita/gigapose/gigaPose_datasets/datasets/2026-05-18-v1-v4/stereo_left/EPnPv2_gt_mesh_z_hybrid_labels/3617287773759_0.json,0,16688.96169065725,21.07239873636363,1.6896697564101848,0.5820620479694547,20.988759317434223,0.551119241 -0.834358018 0.010690185 36154.7797 -0.00987600309 -0.019332853 -0.999764325 2707.15711 0.834368053 0.550883779 -0.0188948296 136145.489 0 0 0 1,0.559807363952 -0.828617356798 0.00299855564164 34211.545354 -0.00319517885722 -0.00577730468815 -0.999978206646 2634.92877102 0.828616622574 0.559785582283 -0.00588175833723 133127.687875 0 0 0 1,0.81954151392 -0.572803199291 -0.0157473478466 41338.6268616 -0.00199380936101 0.0246306676418 -0.999694705009 2661.99493408 0.573016285896 0.819322764874 0.0190437920392 148218.261719 0 0 0 1
image_3617384278289,1,151,1,0,151,0.960853924,/home/anahita/gigapose/gigaPose_datasets/datasets/2026-05-18-v1-v4/stereo_left/EPnPv2_gt_mesh_z_hybrid_labels/3617384278289_0.json,0,2895.3042145181894,70.20448731829121,7.788064972994941,0.9281632340345357,69.88415910133116,-0.258660989 -0.95766391 0.126389586 38487.4772 0.0307384707 -0.138936328 -0.989824148 2971.93703 0.965478969 -0.252143871 0.0653745321 150492.633 0 0 0 1,-0.249359854747 -0.961953472201 0.111647567628 39467.3389799 0.0386131966023 -0.125074138537 -0.991395724068 2759.80327432 0.967640782676 -0.242903224798 0.0683325676104 147045.406515 0 0 0 1,0.823289811611 -0.567404150963 -0.015693878755 42217.2355652 -0.00207550590858 0.0246391147375 -0.999694287777 2614.45331573 0.567617416382 0.823070704937 0.0191074758768 147939.682007 0 0 0 1
image_3617487779761,1,152,1,0,152,0.525717992,/home/anahita/gigapose/gigaPose_datasets/datasets/2026-05-18-v1-v4/stereo_left/EPnPv2_gt_mesh_z_hybrid_labels/3617487779761_0.json,0,14620.460049600073,47.011386704428496,1.9972404156068864,0.47694584769556375,46.97737553603914,0.143143657 -0.989177288 0.0322208977 42026.5461 0.0176180211 -0.0300042067 -0.999394493 3441.56264 0.989545097 0.143624651 0.0131324344 165678.676 0 0 0 1,0.153356367262 -0.987974130164 0.019721628491 41555.6914439 0.0244068894834 -0.0161646177894 -0.999571412458 3271.14416733 0.987869489644 0.153771984276 0.0216344282882 162123.714156 0 0 0 1,0.826901853085 -0.562118470669 -0.0159986522049 43076.6067505 -0.00268271239474 0.024506310001 -0.999696075916 2505.70082664 0.56233972311 0.826693534851 0.0187563113868 147602.737427 0 0 0 1
image_3617584686575,1,153,1,0,153,1.0,/home/anahita/gigapose/gigaPose_datasets/datasets/2026-05-18-v1-v4/stereo_left/EPnPv2_gt_mesh_z_hybrid_labels/3617584686575_0.json,0,30202.624480248003,42.28432059491494,2.2824293951456256,7.87551257320698,41.674973416632604,0.234737906 -0.968951712 -0.0776575512 46772.024 -0.128266446 0.0483157528 -0.990562117 3915.25707 0.963558942 0.242483335 -0.112942453 180872.606 0 0 0 1,0.24544205021 -0.965292869178 -0.0892629635541 45959.7907167 -0.122349620779 0.0604975524369 -0.990641518016 4266.14886287 0.961659383912 0.254066374728 -0.103254572381 177393.288205 0 0 0 1,0.83047413826 -0.55680847168 -0.0166395790875 43943.7980652 -0.00293199787848 0.0255009550601 -0.999670565128 2541.13268852 0.557049334049 0.830249369144 0.0195453185588 147307.434082 0 0 0 1
image_3648703753809,1,155,1,0,154,0.784127444,/home/anahita/gigapose/gigaPose_datasets/datasets/2026-05-18-v1-v4/stereo_left/EPnPv2_gt_mesh_z_hybrid_labels/3648703753809_0.json,0,150692.00395627657,142.06329364357515,12.359279331840424,1.1023873055860187,141.71183356209505,-0.956529273 -0.267752267 -0.115587511 3305.44546 0.0714029711 0.169265584 -0.982980558 3074.22737 0.28276026 -0.948502971 -0.142789179 19596.2041 0 0 0 1,-0.952883405215 -0.276136523653 -0.125546149517 6735.75675311 0.0759797894674 0.183413930064 -0.980095098174 2704.68547977 0.293666965583 -0.943455325367 -0.1537912957 18603.7810649 0 0 0 1,0.932527244091 -0.358261048794 -0.0451876185834 117823.554993 -0.0256046559662 0.0592205971479 -0.997916519642 1020.95508575 0.360190629959 0.931741416454 0.0460516698658 120411.178589 0 0 0 1
image_3648784354706,1,156,1,0,155,0.579172963,/home/anahita/gigapose/gigaPose_datasets/datasets/2026-05-18-v1-v4/stereo_left/EPnPv2_gt_mesh_z_hybrid_labels/3648784354706_0.json,0,154941.12390795338,87.7624925598545,6.505433231865276,1.2887984325792783,87.63576228860586,-0.33421945 -0.933526145 -0.129716213 3241.73725 0.0312865576 0.126565786 -0.991464701 3013.2587 0.941975855 -0.33542516 -0.0130939278 18538.873 0 0 0 1,-0.323508121409 -0.935111220107 -0.144601180785 4463.98235232 0.0363717414115 0.140416827883 -0.98942418157 2788.43777018 0.945526093052 -0.325346154177 -0.0114143606215 15170.776692 0 0 0 1,0.93136125803 -0.361305862665 -0.0449911765754 117390.975952 -0.0249632466584 0.0599118731916 -0.997891545296 1208.41610432 0.363239556551 0.930520713329 0.0467802248895 121245.040894 0 0 0 1
image_3648893478181,1,157,1,0,156,0.97393038,/home/anahita/gigapose/gigaPose_datasets/datasets/2026-05-18-v1-v4/stereo_left/EPnPv2_gt_mesh_z_hybrid_labels/3648893478181_0.json,0,157903.7668642933,33.64572845927462,1.1539272266437615,2.0407640599763113,33.54576147159284,0.564856593 -0.82451597 -0.0333233207 3241.44232 0.0421661742 0.0691698437 -0.996713372 2953.90693 0.824111062 0.561595003 0.0738377263 17335.443 0 0 0 1,0.57372497048 -0.818031921115 -0.0407852109018 1243.75119026 0.0478898522373 0.0832148426648 -0.995380254707 2691.75761181 0.81764675729 0.569121309968 0.0869178610151 14364.0783056 0 0 0 1,0.929552435875 -0.365967959166 -0.0447182618082 116749.717712 -0.0245960783213 0.0594648607075 -0.997927367687 1273.34058285 0.367868602276 0.928725659847 0.046274330467 122020.751953 0 0 0 1
image_3648984283472,1,158,1,0,157,1.0,/home/anahita/gigapose/gigaPose_datasets/datasets/2026-05-18-v1-v4/stereo_left/EPnPv2_gt_mesh_z_hybrid_labels/3648984283472_0.json,0,158033.39856128185,32.19145299154528,2.5672130567960263,6.141402013215082,31.651700784918724,0.58147707 -0.811287745 0.0607997608 3304.60835 0.110006427 0.00435854779 -0.993921319 2896.75901 0.806091188 0.584630821 0.0917812617 15986.3527 0 0 0 1,0.589594961394 -0.805917492729 0.0536169324885 1256.96285982 0.116390357081 0.01908442555 -0.993020175406 2394.06183508 0.799269082698 0.59172018608 0.105053105916 13080.6782912 0 0 0 1,0.924349427223 -0.378798753023 -0.0457116030157 115026.321411 -0.025100896135 0.0591740868986 -0.997932076454 1157.52804279 0.380720436573 0.923585295677 0.0451893471181 122760.025024 0 0 0 1
image_3649586880542,1,159,1,0,158,1.0,/home/anahita/gigapose/gigaPose_datasets/datasets/2026-05-18-v1-v4/stereo_left/EPnPv2_gt_mesh_z_hybrid_labels/3649586880542_0.json,0,155384.3122045581,33.1411979504594,4.049242980692098,8.671956034769169,32.07539910637303,0.555417819 -0.824632571 0.107201534 3575.72621 0.154226245 -0.0245276277 -0.987731067 2840.60601 0.817144609 0.565136725 0.113556903 21506.8143 0 0 0 1,0.563377871385 -0.820166663597 0.0996595086633 1627.14902599 0.160871338378 -0.00941960963177 -0.986930434898 2181.0578039 0.810386196111 0.572047126131 0.126634508797 18564.6138657 0 0 0 1,0.915409147739 -0.400120973587 -0.0439231581986 111403.511047 -0.0231240075082 0.0566650889814 -0.998125374317 1558.30216408 0.401859849691 0.914708852768 0.0426193401217 128533.004761 0 0 0 1
image_3655683537712,1,160,1,0,159,1.0,/home/anahita/gigapose/gigaPose_datasets/datasets/2026-05-18-v1-v4/stereo_left/EPnPv2_gt_mesh_z_hybrid_labels/3655683537712_0.json,0,140477.7324119729,20.220142712675923,3.7569893401421264,11.225769892414148,16.796876564299257,0.355366578 -0.929184868 0.101636982 4055.30238 0.191640267 -0.0339983487 -0.9808762 2786.464 0.914870812 0.368048357 0.16598736 33896.989 0 0 0 1,0.364480663765 -0.926719476963 0.0913501863589 2828.09658463 0.198337974053 -0.0185913116379 -0.979957351397 1993.78643334 0.909843883935 0.375293716779 0.17702749061 30617.6402122 0 0 0 1,0.616882920265 -0.785980641842 -0.0411069691181 31808.6509705 -0.00942064076662 0.0448514074087 -0.998949289322 3314.22591209 0.786998569965 0.616622030735 0.0202636197209 168067.184448 0 0 0 1
image_3689086067092,1,165,1,0,160,0.825015129,/home/anahita/gigapose/gigaPose_datasets/datasets/2026-05-18-v1-v4/stereo_left/EPnPv2_gt_mesh_z_hybrid_labels/3689086067092_0.json,0,13056.456107643731,7.41111153755205,3.0426127251912916,5.260124707912004,4.107695925134918,-0.200025852 -0.978404413 -0.0521005096 -20435.203 -0.0635074549 0.066010134 -0.995795895 3126.92543 0.97773026 -0.195876152 -0.0753397075 77228.3312 0 0 0 1,-0.189354263398 -0.979639712362 -0.0667157915549 -19684.270886 -0.0577483016365 0.0789380082798 -0.995205468044 3244.17892278 0.980209210432 -0.184593675121 -0.0715197780943 73719.6487061 0 0 0 1,-0.257062911987 -0.96586728096 -0.0319217443466 -16723.1769562 0.0357637256384 0.0235011335462 -0.999083936214 2807.22332001 0.965732693672 -0.257969111204 0.0285017397255 61010.9100342 0 0 0 1
image_3689190642310,1,166,1,0,161,0.92754601,/home/anahita/gigapose/gigaPose_datasets/datasets/2026-05-18-v1-v4/stereo_left/EPnPv2_gt_mesh_z_hybrid_labels/3689190642310_0.json,0,10112.286512207185,7.40132786746415,0.6469317430016647,5.705322250533898,4.704518488334029,-0.176237264 -0.984292117 0.010462121 -19151.9356 -0.0725193072 0.00238349948 -0.997364161 3104.85642 0.981672744 -0.176531436 -0.0718002438 73400.4462 0 0 0 1,-0.165910664622 -0.986132335275 -0.00408282699821 -18479.3423881 -0.0660782644157 0.0152479705558 -0.997697931741 3256.80262142 0.983924445154 -0.165258940123 -0.0676917140907 69877.2330379 0 0 0 1,-0.24389578402 -0.969285309315 -0.0316350013018 -15910.861969 0.0354708321393 0.0236824285239 -0.999090075493 2743.15547943 0.969152629375 -0.244795933366 0.028605312109 60110.0730896 0 0 0 1
image_3689286145859,1,167,1,0,162,0.573611359,/home/anahita/gigapose/gigaPose_datasets/datasets/2026-05-18-v1-v4/stereo_left/EPnPv2_gt_mesh_z_hybrid_labels/3689286145859_0.json,0,7907.180350209688,15.87775727392743,10.184462606278494,5.345412068927807,11.454500060186215,-0.0471868265 -0.985672042 0.161938347 -17872.8896 -0.0712669043 -0.158383718 -0.984802329 3034.50024 0.99634052 -0.0580105413 -0.0627721701 70494.9508 0 0 0 1,-0.0378367762086 -0.988231579135 0.148211752475 -17646.8711299 -0.0632117922705 -0.145653944996 -0.987314133701 3189.69878057 0.997282631815 -0.0467255144208 -0.0569568136083 66915.3796896 0 0 0 1,-0.232651546597 -0.972024917603 -0.03225986287 -15244.5640564 0.0355928614736 0.0246381405741 -0.999062657356 2709.04803276 0.971908688545 -0.233581662178 0.0288650505245 59397.3083496 0 0 0 1
image_3689386594872,1,168,1,0,163,0.531081925,/home/anahita/gigapose/gigaPose_datasets/datasets/2026-05-18-v1-v4/stereo_left/EPnPv2_gt_mesh_z_hybrid_labels/3689386594872_0.json,0,6506.279464546161,5.6732810585536715,2.861398556211616,3.0524038480739724,3.757250580203505,-0.167647579 -0.984153882 -0.0577531483 -16609.7572 -0.0257445034 0.0629327315 -0.997685668 2915.45775 0.985510786 -0.16577276 -0.035887073 68512.3889 0 0 0 1,-0.156881217439 -0.984972531023 -0.0722315518626 -15975.3894961 -0.0199435453873 0.0762817722177 -0.996886827331 2897.12755588 0.987416091685 -0.154952265174 -0.0316110216284 64978.8719715 0 0 0 1,-0.219801664352 -0.975042521954 -0.031292822212 -14536.7116928 0.0349646992981 0.0241827704012 -0.999095916748 2643.12887192 0.974917829037 -0.220697239041 0.0287766549736 58638.7329102 0 0 0 1
image_3689484587061,1,169,1,0,164,0.98545471,/home/anahita/gigapose/gigaPose_datasets/datasets/2026-05-18-v1-v4/stereo_left/EPnPv2_gt_mesh_z_hybrid_labels/3689484587061_0.json,0,5717.0093626770595,8.871745829442897,4.490365324268881,7.16179503410773,2.996272457658514,-0.169895705 -0.982156757 0.0806446172 -15561.0457 -0.0985140346 -0.0644973304 -0.993043342 2748.33161 0.980525591 -0.176658425 -0.0857984054 67045.3195 0 0 0 1,-0.16004673316 -0.984889611259 0.0661626557788 -14903.6801479 -0.091393628684 -0.0519538160035 -0.994458649402 2996.67636769 0.982869395206 -0.165206702999 -0.0816975969719 63524.7093704 0 0 0 1,-0.208786815405 -0.977469205856 -0.031015181914 -13857.0575714 0.0347434394062 0.0242803953588 -0.999101340771 2600.60477257 0.977343857288 -0.209676742554 0.0288912132382 57918.2929993 0 0 0 1
image_3689584643712,1,170,1,0,165,1.0,/home/anahita/gigapose/gigaPose_datasets/datasets/2026-05-18-v1-v4/stereo_left/EPnPv2_gt_mesh_z_hybrid_labels/3689584643712_0.json,0,4913.850726799938,9.751699197131016,1.577625356312165,9.621496697572507,0.37224613713687194,-0.203060247 -0.978144975 0.0447095453 -14527.9918 -0.139956831 -0.0161979095 -0.990025107 2557.29837 0.969112285 -0.207292149 -0.133608919 65582.5221 0 0 0 1,-0.193018268614 -0.980734390564 0.0300666362729 -13755.6820947 -0.133362193365 -0.00413614836428 -0.991058735375 2952.75753303 0.972089745212 -0.195302193721 -0.12999453678 62098.8961111 0 0 0 1,-0.197184324265 -0.979929983616 -0.0292494148016 -13204.4553757 0.0342639423907 0.0229284092784 -0.999149799347 2535.37631035 0.979767560959 -0.198018848896 0.0290551371872 57233.9324951 0 0 0 1
image_3689684375151,1,171,1,0,166,0.604725103,/home/anahita/gigapose/gigaPose_datasets/datasets/2026-05-18-v1-v4/stereo_left/EPnPv2_gt_mesh_z_hybrid_labels/3689684375151_0.json,0,2660.920527658166,8.539510212463925,0.1373224625032601,8.495474569804502,0.8664448783738082,-0.183532615 -0.982918809 0.01365265 -13510.0535 -0.12113405 0.00883132065 -0.992596872 2413.07672 0.975521564 -0.1838277 -0.120685771 62688.5883 0 0 0 1,-0.173240607742 -0.984879100143 -0.000922299836894 -12810.9916201 -0.114788166661 0.0211213416554 -0.993165427469 2739.72323549 0.978167352388 -0.1719507128 -0.116711539822 59182.43445 0 0 0 1,-0.185728192329 -0.982177853584 -0.0288398247212 -12572.8673935 0.0335366688669 0.0229971222579 -0.999172866344 2467.54336357 0.982028782368 -0.186541810632 0.0286677516997 56546.2036133 0 0 0 1
image_3689784546565,1,172,1,0,167,1.0,/home/anahita/gigapose/gigaPose_datasets/datasets/2026-05-18-v1-v4/stereo_left/EPnPv2_gt_mesh_z_hybrid_labels/3689784546565_0.json,0,1558.7153762234982,8.017346286593078,0.32729700966437647,7.871310054735327,1.466619800530035,-0.163208499 -0.986588626 0.00242242707 -12721.7113 -0.111971096 0.0160834575 -0.993581298 2319.34698 0.980217047 -0.162432154 -0.113094366 60965.3569 0 0 0 1,-0.152806598664 -0.988182443166 -0.0120665518496 -12096.6486522 -0.105696022617 0.0284816715327 -0.993990515483 2612.72026975 0.982587652024 -0.150612923149 -0.108799140498 57442.3285061 0 0 0 1,-0.175731480122 -0.984059810638 -0.0272876229137 -12035.5176926 0.0320187881589 0.0219908542931 -0.999245345592 2344.56682205 0.983917355537 -0.176472693682 0.0276439134032 55908.0696106 0 0 0 1
image_3689888113889,1,173,1,0,168,1.0,/home/anahita/gigapose/gigaPose_datasets/datasets/2026-05-18-v1-v4/stereo_left/EPnPv2_gt_mesh_z_hybrid_labels/3689888113889_0.json,0,1626.2992864564396,7.443144852413573,0.5701076205457518,7.297702784430208,1.3866663008096005,-0.154584976 -0.987855406 0.0156582592 -12246.715 -0.102882436 0.000332954407 -0.994693467 2273.79341 0.982608106 -0.155375626 -0.10168444 60413.3487 0 0 0 1,-0.144256113817 -0.989539647648 0.00120764633869 -11651.1094131 -0.0964347412733 0.0128437332357 -0.995256438804 2535.05959302 0.984830195885 -0.143688285598 -0.0972787866106 56882.6980176 0 0 0 1,-0.165894195437 -0.985776722431 -0.0268925596029 -11516.3984299 0.0312876775861 0.0219952855259 -0.99926841259 2277.87137032 0.985647201538 -0.166614219546 0.0271937698126 55282.5241089 0 0 0 1
image_3689988409714,1,174,1,0,169,0.907860074,/home/anahita/gigapose/gigaPose_datasets/datasets/2026-05-18-v1-v4/stereo_left/EPnPv2_gt_mesh_z_hybrid_labels/3689988409714_0.json,0,1089.4164207890708,7.241616066931147,1.4763873427774934,6.726160127648175,2.331019238048821,-0.130475004 -0.991047516 0.028303616 -11771.0256 -0.0938978557 -0.0160674162 -0.995452174 2254.19423 0.98699517 -0.132539275 -0.0909608404 59979.4349 0 0 0 1,-0.120196235718 -0.99265188546 0.0139678033277 -11260.4331001 -0.0872729674283 -0.00344989280542 -0.996178461565 2483.79090583 0.98890661523 -0.120955912597 -0.0862170114812 56433.2988437 0 0 0 1,-0.158286228776 -0.987061083317 -0.025610441342 -11153.7637711 0.0308548454195 0.0209801718593 -0.99930369854 2246.93822861 0.986911177635 -0.158966302872 0.0271347388625 55375.3051758 0 0 0 1
image_3690194591378,1,175,1,0,170,1.0,/home/anahita/gigapose/gigaPose_datasets/datasets/2026-05-18-v1-v4/stereo_left/EPnPv2_gt_mesh_z_hybrid_labels/3690194591378_0.json,0,1982.8058448837883,7.434800805375548,2.933361735459829,6.744680772035509,1.2785829112984717,-0.130940628 -0.989912638 0.0541065764 -11186.7588 -0.0924536953 -0.0421457496 -0.994824633 2232.82068 0.987069839 -0.135265315 -0.0860024905 58984.7876 0 0 0 1,-0.120840936913 -0.991874491917 0.0397801557745 -10671.7420597 -0.0855579466358 -0.0295178369484 -0.995895845697 2458.33900793 0.988977910083 -0.123748495384 -0.0812957817877 55439.0296384 0 0 0 1,-0.140828296542 -0.989714622498 -0.0251464564353 -10221.4517593 0.0324929580092 0.0207654051483 -0.999256253242 2255.05399704 0.989500701427 -0.141540676355 0.0292343944311 53518.7606812 0 0 0 1
image_3690289365739,1,176,1,0,171,1.0,/home/anahita/gigapose/gigaPose_datasets/datasets/2026-05-18-v1-v4/stereo_left/EPnPv2_gt_mesh_z_hybrid_labels/3690289365739_0.json,0,892.7500099351709,7.430253799469516,3.950913766100852,6.212310930635067,0.8193804951273609,-0.161019714 -0.98417978 0.0739108428 -10592.6276 -0.0840459563 -0.0609425373 -0.994596544 2210.44642 0.983366121 -0.166361559 -0.0729033808 57430.1951 0 0 0 1,-0.151106466793 -0.986727538194 0.05946092333 -9967.76086066 -0.0769540881794 -0.0482270364989 -0.995867572633 2406.56724499 0.98551758128 -0.15505779192 -0.0686453008534 53900.3822953 0 0 0 1,-0.135130256414 -0.990513086319 -0.0249684918672 -9922.50442505 0.0310706365854 0.0209511313587 -0.999297618866 2159.32178497 0.990340650082 -0.135811105371 0.0279447417706 53043.7469482 0 0 0 1
image_3690384714575,1,177,1,0,172,0.950505399,/home/anahita/gigapose/gigaPose_datasets/datasets/2026-05-18-v1-v4/stereo_left/EPnPv2_gt_mesh_z_hybrid_labels/3690384714575_0.json,0,1105.5936316722618,4.763037975023855,0.9909606985779563,0.9887019984605171,4.544277786086805,-0.0615945341 -0.997715205 -0.0277575885 -10205.7062 0.0059942439 0.0274401199 -0.999605477 2246.01503 0.998083254 -0.0617366193 0.00429038688 57252.7645 0 0 0 1,-0.0508875732567 -0.997832534203 -0.0417215677104 -9948.08597928 0.0121795307781 0.0411525370891 -0.999078639802 2115.00107291 0.998630118423 -0.0513488365051 0.0100589793102 53674.3615842 0 0 0 1,-0.129402369261 -0.991268515587 -0.0253325849771 -9658.47492218 0.0312252901495 0.0214611589909 -0.999281942844 2145.40457726 0.991100430489 -0.130100548267 0.0281755179167 52607.8071594 0 0 0 1
image_3690485537780,1,178,1,0,173,1.0,/home/anahita/gigapose/gigaPose_datasets/datasets/2026-05-18-v1-v4/stereo_left/EPnPv2_gt_mesh_z_hybrid_labels/3690485537780_0.json,0,1574.2942464352805,9.694734417535807,1.214731740089616,9.019297026854474,3.2509197459561188,-0.191301748 -0.980767607 0.0387110231 -10025.6126 -0.128829499 -0.014008717 -0.991567807 2289.09278 0.973039877 -0.194675776 -0.123671908 57121.655 0 0 0 1,-0.181194153986 -0.983151737481 0.0241110075837 -9296.0411613 -0.122248808942 -0.00180984600135 -0.992497835269 2644.37063187 0.975819608384 -0.182782347095 -0.119861195999 53624.5128175 0 0 0 1,-0.123406775296 -0.992036581039 -0.02518235147 -9352.52857208 0.0336782000959 0.0211749263108 -0.999208390713 2247.61652946 0.991784632206 -0.124157138169 0.0307968724519 52102.0812988 0 0 0 1
image_3690585940424,1,179,1,0,174,0.43857907,/home/anahita/gigapose/gigaPose_datasets/datasets/2026-05-18-v1-v4/stereo_left/EPnPv2_gt_mesh_z_hybrid_labels/3690585940424_0.json,0,1861.0173174967592,7.427204850490709,1.7772645317590674,7.129978005227565,0.9784130061803092,-0.146999805 -0.988490918 0.0357318235 -9842.77771 -0.0966090569 -0.0216034293 -0.995087927 2319.72638 0.984407308 -0.149729749 -0.0923214754 57036.7529 0 0 0 1,-0.136794851899 -0.990369933728 0.0213204997894 -9272.18682749 -0.0899279346873 -0.0090184138591 -0.995907443123 2559.31071137 0.986509065162 -0.138152319708 -0.0878282500831 53500.4376327 0 0 0 1,-0.117635533214 -0.992708206177 -0.0263115707785 -9067.12722778 0.0339769050479 0.0224565956742 -0.999170303345 2248.95453453 0.992475450039 -0.118432000279 0.0310874562711 51676.9752502 0 0 0 1
image_3690687028739,1,180,1,0,175,0.487268122,/home/anahita/gigapose/gigaPose_datasets/datasets/2026-05-18-v1-v4/stereo_left/EPnPv2_gt_mesh_z_hybrid_labels/3690687028739_0.json,0,2317.786215207076,9.214925085392654,5.504921658071575,7.300803312032206,0.863667998938351,-0.137995041 -0.985451237 0.0992130426 -9657.84637 -0.102044224 -0.0854921979 -0.99109942 2347.44924 0.985162091 -0.146890923 -0.0887621072 57078.1205 0 0 0 1,-0.128234048024 -0.98810363864 0.0848953938695 -9112.80197255 -0.0947147167344 -0.0730090454023 -0.992823650807 2609.50551643 0.987210794053 -0.135354638857 -0.0842257105848 53539.3702419 0 0 0 1,-0.110925026238 -0.99347537756 -0.0264985710382 -8771.47579193 0.0321839861572 0.02305823192 -0.999215960503 2139.1351223 0.993307650089 -0.11169077456 0.0294162668288 51295.627594 0 0 0 1
image_3690792471416,1,181,1,0,176,0.484369529,/home/anahita/gigapose/gigaPose_datasets/datasets/2026-05-18-v1-v4/stereo_left/EPnPv2_gt_mesh_z_hybrid_labels/3690792471416_0.json,0,3192.4318717022124,5.051492815277295,2.878043290166064,0.46558334920254846,4.137434643717318,-0.043806887 -0.998298116 0.038494535 -9471.77088 0.0158796019 -0.0392224441 -0.999104318 2377.72892 0.998913808 -0.0431563721 0.0175707899 58492.8393 0 0 0 1,-0.0335243023291 -0.999134298158 0.0246328313611 -9270.76748735 0.022763944232 -0.0254036338348 -0.99941805985 2213.94574965 0.999178625129 -0.0329440528254 0.0235958766072 54912.1587794 0 0 0 1,-0.10531359911 -0.994103372097 -0.0258365534246 -8528.13339233 0.0325939469039 0.0225164592266 -0.999215066433 2153.20014954 0.993904769421 -0.10607304424 0.0300304628909 51807.8994751 0 0 0 1
image_3690886512447,1,182,1,0,177,0.76051298,/home/anahita/gigapose/gigaPose_datasets/datasets/2026-05-18-v1-v4/stereo_left/EPnPv2_gt_mesh_z_hybrid_labels/3690886512447_0.json,0,5043.439161016133,6.121214135105853,2.4908246208461557,0.12038762783628529,5.588061662048629,-0.0109916165 -0.999438422 0.0316547861 -9242.42797 0.0270501282 -0.0319423067 -0.999123606 2447.11218 0.999573647 -0.0101257175 0.027386035 59053.9318 0 0 0 1,-0.00065521329448 -0.999837851093 0.017995630138 -9159.86879446 0.0338569596169 -0.0180074967726 -0.999264447884 2242.95578398 0.999426474448 -4.54540371218e-05 0.0338632684702 55470.6366086 0 0 0 1,-0.0980492830276 -0.994855523109 -0.0254722908139 -8142.34352112 0.0340836271644 0.0222236532718 -0.999171853065 2182.27386475 0.994597792625 -0.0988362729549 0.0317292697728 50531.2805176 0 0 0 1
image_3690987914753,1,183,1,0,178,0.992080627,/home/anahita/gigapose/gigaPose_datasets/datasets/2026-05-18-v1-v4/stereo_left/EPnPv2_gt_mesh_z_hybrid_labels/3690987914753_0.json,0,5112.554310456427,4.38964476082023,1.2566715782855735,0.5260579413764873,4.167233616148323,-0.0293711961 -0.999515852 0.0102662117 -8905.09178 0.0356933655 -0.0113128466 -0.999298756 2514.66323 0.998931087 -0.0289841641 0.0360083564 58760.7405 0 0 0 1,-0.0188940196749 -0.999815319861 -0.00351323990914 -8758.89974621 0.042283100126 0.00271168796467 -0.999101990176 2278.65503851 0.998927002109 -0.0190256033612 0.0422240565229 55181.4349398 0 0 0 1,-0.0917075797915 -0.99546533823 -0.0252650994807 -7832.86142349 0.0348127372563 0.0221514385194 -0.999148368835 2201.33948326 0.995177328587 -0.0925090163946 0.0326234214008 50154.0412903 0 0 0 1
image_3691086064456,1,184,1,0,179,0.962814389,/home/anahita/gigapose/gigaPose_datasets/datasets/2026-05-18-v1-v4/stereo_left/EPnPv2_gt_mesh_z_hybrid_labels/3691086064456_0.json,0,4329.076989156248,5.359642659011425,0.07679957594040387,0.3494283389141554,5.347945429813493,-0.00333298059 -0.999927532 -0.0115681849 -8459.77444 0.0323433232 0.0114544037 -0.99941118 2496.45106 0.999471261 -0.0037051716 0.032302802 57654.1843 0 0 0 1,0.00728797982536 -0.999656409638 -0.0251783425391 -8409.3644437 0.0386939270979 0.0254420725199 -0.998927165303 2271.54724267 0.999224532443 0.00630591208158 0.0388660535078 54071.5348075 0 0 0 1,-0.0860634222627 -0.996003389359 -0.0238823797554 -7556.0836792 0.0347055010498 0.0209596361965 -0.99917781353 2175.59766769 0.995684981346 -0.0868215337396 0.0327629372478 49828.4683228 0 0 0 1
image_3691201356298,1,185,1,0,180,0.604899486,/home/anahita/gigapose/gigaPose_datasets/datasets/2026-05-18-v1-v4/stereo_left/EPnPv2_gt_mesh_z_hybrid_labels/3691201356298_0.json,0,3804.6854774990115,5.166296661682797,0.733902968439764,0.1068068413509281,5.113530443522172,-0.000674208753 -0.999741154 -0.0227413689 -8012.04394 0.0271655339 0.0227146708 -0.999372842 2392.83879 0.999630721 -0.00129156734 0.0271431878 56554.376 0 0 0 1,0.0100169588956 -0.999289639093 -0.0363301135975 -7972.39337062 0.033397529272 0.0366460040477 -0.998770081277 2186.07093624 0.999391947501 0.00879130282266 0.0337408865085 52970.4988892 0 0 0 1,-0.0791670084 -0.996583282948 -0.0235461909324 -7217.97466278 0.033535156399 0.0209444668144 -0.999218046665 2095.05987167 0.996297180653 -0.0798946991563 0.031762458384 49242.4697876 0 0 0 1
image_3691285612660,1,186,1,0,181,0.479245823,/home/anahita/gigapose/gigaPose_datasets/datasets/2026-05-18-v1-v4/stereo_left/EPnPv2_gt_mesh_z_hybrid_labels/3691285612660_0.json,0,2941.9993821688145,6.656130505075349,5.9139847627620306,1.7280681960376003,2.6110917927988035,-0.0395094822 -0.992789741 -0.113170365 -7632.23519 0.0569495161 0.110837383 -0.992205537 2291.86022 0.997594985 -0.0456465245 0.0521597677 55567.1916 0 0 0 1,-0.0283028812759 -0.991510180419 -0.126911424109 -7463.31982703 0.0622034132351 0.124969236624 -0.990208778888 1975.49972612 0.997662108611 -0.0359200852405 0.058138327983 51995.0936288 0 0 0 1,-0.0745108500123 -0.996950030327 -0.0232109446079 -6988.09051514 0.0330666899681 0.0207928214222 -0.999236822128 2064.96167183 0.996671915054 -0.0752214640379 0.0314165428281 49093.1091309 0 0 0 1
image_3691385902305,1,187,1,0,182,0.92266003,/home/anahita/gigapose/gigaPose_datasets/datasets/2026-05-18-v1-v4/stereo_left/EPnPv2_gt_mesh_z_hybrid_labels/3691385902305_0.json,0,2506.8580795938556,6.3757274469137695,0.8200008263974791,3.2445254314604917,5.450928162049796,0.0171910888 -0.999593111 -0.0227613286 -7260.39441 0.0797588112 0.0240631354 -0.996523706 2193.56422 0.996665941 0.0153159111 0.0801400298 54692.656 0 0 0 1,0.0278794559564 -0.998954522689 -0.0362297765219 -7284.85609737 0.0859541005606 0.0385053356265 -0.995554735208 1798.33677605 0.995908945626 0.0246414266323 0.086937745398 51124.505617 0 0 0 1,-0.0684600546956 -0.997377693653 -0.0234725568444 -6686.14006042 0.0316159017384 0.0213470254093 -0.999272167683 1970.98565102 0.997152805328 -0.0691523551941 0.030071573332 48696.3233948 0 0 0 1
image_3691492963975,1,188,1,0,183,0.992892768,/home/anahita/gigapose/gigaPose_datasets/datasets/2026-05-18-v1-v4/stereo_left/EPnPv2_gt_mesh_z_hybrid_labels/3691492963975_0.json,0,2230.5317121857574,2.7650655178299752,0.3578407750602985,0.19086525176698596,2.7346317735323113,-0.00779859735 -0.999963313 -0.00354329473 -6894.20919 0.0261163473 0.003338518 -0.999653335 2093.37818 0.99962849 -0.00788843177 0.0260893534 53910.4551 0 0 0 1,0.0027710996585 -0.999848497055 -0.0171844216269 -6826.90389015 0.0325545912446 0.0172655780876 -0.999320818295 1891.11398414 0.999466117151 0.0022097857509 0.0325975037532 50326.7336463 0 0 0 1,-0.0450069867074 -0.998711645603 -0.0234377011657 -6366.37783051 0.0303140953183 0.0220853164792 -0.999296426773 1894.94490623 0.998526751995 -0.0456857904792 0.0292810462415 48144.2642212 0 0 0 1
image_3691585889610,1,189,1,0,184,0.998699097,/home/anahita/gigapose/gigaPose_datasets/datasets/2026-05-18-v1-v4/stereo_left/EPnPv2_gt_mesh_z_hybrid_labels/3691585889610_0.json,0,1758.7941528852084,2.1604195419377037,1.080194493611737,1.430345694530061,1.1930841862228765,-0.0312887449 -0.9994715 0.0088167126 -6526.50786 0.0475499875 -0.0102994942 -0.998815758 1971.86222 0.998378692 -0.0308324569 0.0478471156 53126.4823 0 0 0 1,-0.0208024999345 -0.999771227823 -0.00497466631236 -6373.59425448 0.0541249978617 0.00384228124339 -0.998526775206 1693.32227576 0.998317454576 -0.0210411069947 0.0540326865372 49550.5162498 0 0 0 1,-0.0421973131597 -0.998837709427 -0.0232946183532 -6065.61613083 0.0296551082283 0.0220529772341 -0.999316990376 1835.33596992 0.998669207096 -0.0428593084216 0.0286900643259 47824.7299194 0 0 0 1
image_3691685296586,1,190,1,0,185,0.984779097,/home/anahita/gigapose/gigaPose_datasets/datasets/2026-05-18-v1-v4/stereo_left/EPnPv2_gt_mesh_z_hybrid_labels/3691685296586_0.json,0,1441.3848870865133,3.9563894227433076,1.4616348456725545,2.89995262336339,2.223627205616926,-0.00495769195 -0.999865045 0.0156624633 -6151.96755 0.0701464578 -0.0159717992 -0.997408831 1890.7637 0.997524384 -0.00384617941 0.0702161744 52338.4769 0 0 0 1,0.0054863419295 -0.999982870375 0.00203928625736 -6092.77685142 0.0767704468268 -0.00161210392612 -0.997047491188 1531.5209909 0.997033700269 0.00562670038197 0.0767602871832 48766.9308176 0 0 0 1,-0.0344998389482 -0.999123215675 -0.0237160269171 -5717.94271469 0.0271482057869 0.0227844957262 -0.999371767044 1700.53172112 0.99903601408 -0.0351220183074 0.0263383388519 47385.4370117 0 0 0 1
image_3691784026081,1,191,1,0,186,0.94289854,/home/anahita/gigapose/gigaPose_datasets/datasets/2026-05-18-v1-v4/stereo_left/EPnPv2_gt_mesh_z_hybrid_labels/3691784026081_0.json,0,357.3413638489581,3.5284842998518466,0.5701527070552155,0.701760534986009,3.4072857758468507,0.021106363 -0.99977723 -0.000107863142 -5770.42167 0.0305320093 0.000752400108 -0.999533506 1812.63474 0.999310922 0.0210932237 0.0305410881 51546.0526 0 0 0 1,0.0316496297234 -0.999407099098 -0.0135554797636 -5806.46785927 0.0369964133785 0.0147243819882 -0.999206914151 1594.64196388 0.998814080455 0.0311230246971 0.0374404994011 47962.802664 0 0 0 1,-0.0280831307173 -0.999320209026 -0.0238856598735 -5454.41055298 0.0261802803725 0.0231515821069 -0.999389111996 1655.15887737 0.999262809753 -0.0286912955344 0.0255123134702 47953.5179138 0 0 0 1
image_3691886578093,1,192,1,0,187,0.950207857,/home/anahita/gigapose/gigaPose_datasets/datasets/2026-05-18-v1-v4/stereo_left/EPnPv2_gt_mesh_z_hybrid_labels/3691886578093_0.json,0,449.47226217818667,3.3088549645050347,0.37031569529813957,0.7328081393247666,3.20782303741494,0.0203727068 -0.999657869 -0.0164042267 -5448.1911 0.0316527476 0.0170443063 -0.999353589 1734.73643 0.999291277 0.0198402988 0.0319891569 50763.1745 0 0 0 1,0.0310203338259 -0.999072832808 -0.0298532163059 -5483.37700674 0.0379440772386 0.0310231397551 -0.998798184048 1512.09481575 0.99879827082 0.0298503003286 0.0388712449123 47180.201861 0 0 0 1,-0.0252451263368 -0.999398171902 -0.0237902253866 -5175.18663406 0.0264997780323 0.0231204368174 -0.999381422997 1624.75371361 0.999330103397 -0.0258599538356 0.02590014413 47487.3695374 0 0 0 1
image_3692003758552,1,193,1,0,188,0.556584749,/home/anahita/gigapose/gigaPose_datasets/datasets/2026-05-18-v1-v4/stereo_left/EPnPv2_gt_mesh_z_hybrid_labels/3692003758552_0.json,0,860.5491180167919,3.5484451859967496,0.2297211084947281,2.162991315692813,2.8081748983669548,0.0199989764 -0.999706637 -0.0136631122 -5190.48907 0.0563299742 0.0147708001 -0.998302939 1657.14949 0.998211889 0.0191953941 0.05660885 50139.8494 0 0 0 1,0.0306293902694 -0.999162943185 -0.0271155522127 -5224.03472432 0.0626365854298 0.0289936759821 -0.997615169022 1346.16534531 0.997566288028 0.0288579186884 0.0634722137132 46563.4456441 0 0 0 1,-0.0192566141486 -0.999520480633 -0.0242488719523 -4887.53843307 0.0261300764978 0.0237419642508 -0.99937659502 1557.0731163 0.999473154545 -0.0198781657964 0.0256603583694 45800.0106812 0 0 0 1
image_3692086194592,1,194,1,0,189,0.990265901,/home/anahita/gigapose/gigaPose_datasets/datasets/2026-05-18-v1-v4/stereo_left/EPnPv2_gt_mesh_z_hybrid_labels/3692086194592_0.json,0,590.323978717476,3.34699082666616,1.4300528060137774,2.0856163264641787,2.219061057711939,0.0136589149 -0.999267425 -0.0357497757 -4936.13903 0.0549688001 0.0364494489 -0.997822564 1588.61751 0.998394644 0.0116640513 0.0554263913 49661.0138 0 0 0 1,0.024428253016 -0.99848841029 -0.0492356989958 -4949.34822176 0.0610437692575 0.0506483211537 -0.996849239522 1281.70880836 0.997836118206 0.0213457528821 0.0621887461789 46084.1250909 0 0 0 1,-0.0151872020215 -0.999567687511 -0.0251744650304 -4702.88419724 0.0256691779941 0.0247793085873 -0.999363362789 1526.30209923 0.999555170536 -0.0158237628639 0.0252817459404 45606.7237854 0 0 0 1
image_3692192709834,1,195,1,0,190,0.978853229,/home/anahita/gigapose/gigaPose_datasets/datasets/2026-05-18-v1-v4/stereo_left/EPnPv2_gt_mesh_z_hybrid_labels/3692192709834_0.json,0,338.70901473457997,2.2947518644601925,0.6497238740277369,2.072572988107184,0.7290145964069995,-0.033237311 -0.999143225 -0.024659623 -4684.34569 0.054115517 0.0228379604 -0.998273479 1563.77955 0.997981359 -0.0345143944 0.0533100798 48906.7373 0 0 0 1,-0.0225375292898 -0.999006118737 -0.0384556161309 -4528.08407711 0.0603370264378 0.0370360829128 -0.997490737949 1260.42417795 0.997923596249 -0.0248012743152 0.0594423568097 45332.9356676 0 0 0 1,-0.010786421597 -0.999596118927 -0.0262920148671 -4500.88787079 0.0238808672875 0.0260285343975 -0.999375939369 1414.84904289 0.999656677246 -0.0114075588062 0.0235904622823 45032.7072144 0 0 0 1
image_3692293732697,1,196,1,0,191,0.922777631,/home/anahita/gigapose/gigaPose_datasets/datasets/2026-05-18-v1-v4/stereo_left/EPnPv2_gt_mesh_z_hybrid_labels/3692293732697_0.json,0,353.0810402888871,4.474157737460276,2.610182558359439,3.633183704983194,0.03811165200335132,-0.0175963099 -0.998093008 -0.059166866 -4458.44745 0.0823411971 0.0575284295 -0.994942414 1582.522 0.996448843 -0.0223791857 0.081171885 47877.7705 0 0 0 1,-0.00668527484681 -0.997321153844 -0.0728410870888 -4362.09314602 0.0881731026525 0.0719710833097 -0.993501719804 1176.87110559 0.996082732833 -0.0130644567889 0.0874557539747 44312.0078237 0 0 0 1,-0.00773989362642 -0.99960911274 -0.0268683880568 -4364.57681656 0.0248790439218 0.0266683846712 -0.999334692955 1429.82029915 0.999660551548 -0.00840317644179 0.0246628951281 44558.3343506 0 0 0 1
image_3692386898082,1,197,1,0,192,0.981761107,/home/anahita/gigapose/gigaPose_datasets/datasets/2026-05-18-v1-v4/stereo_left/EPnPv2_gt_mesh_z_hybrid_labels/3692386898082_0.json,0,665.2265129959235,1.4531493195191263,0.5913819544281371,0.9669677198740495,0.9141722979576401,-0.00363664773 -0.999706914 -0.0239345035 -4303.22477 0.0369073343 0.0237841733 -0.999035616 1606.8306 0.999312075 -0.00451649933 0.0368100226 47157.204 0 0 0 1,0.00706211448973 -0.999270086013 -0.0375422602296 -4253.07515026 0.0431251194769 0.0378126149318 -0.998353860354 1365.10135091 0.99904471891 0.0054314748023 0.0433606788474 43575.6467615 0 0 0 1,-0.00934751797467 -0.999582290649 -0.0273417197168 -4269.00959015 0.0267006065696 0.0270836595446 -0.999276578426 1483.35957527 0.99959975481 -0.0100708091632 0.026436297223 44230.0834656 0 0 0 1
image_3692487144539,1,198,1,0,193,0.985233294,/home/anahita/gigapose/gigaPose_datasets/datasets/2026-05-18-v1-v4/stereo_left/EPnPv2_gt_mesh_z_hybrid_labels/3692487144539_0.json,0,767.5979459821373,3.756072947633255,2.9578011388398773,0.7050592138413367,2.187253996762916,0.0195002301 -0.997627651 -0.0660212893 -4217.96379 0.00838448016 0.0661946969 -0.997771498 1636.19063 0.999774695 0.0189032196 0.00965540107 46568.5312 0 0 0 1,0.0304479166282 -0.996374310441 -0.0794427940149 -4255.48109249 0.0141489775149 0.0799013241268 -0.996702355001 1495.26007171 0.999436206094 0.0292234758937 0.0165305065723 42981.4388832 0 0 0 1,-0.007366231177 -0.999593257904 -0.0275468230247 -4179.16297913 0.0275103021413 0.0273345652968 -0.999247789383 1498.19636345 0.999594449997 -0.00811842642725 0.0272977631539 43745.2278137 0 0 0 1
image_3692589175421,1,199,1,0,194,0.934383295,/home/anahita/gigapose/gigaPose_datasets/datasets/2026-05-18-v1-v4/stereo_left/EPnPv2_gt_mesh_z_hybrid_labels/3692589175421_0.json,0,791.8530476232623,0.8046994480940705,0.7764812947967865,0.20483335566877148,0.053171838917377,-0.0176243848 -0.999477514 -0.0270939152 -4191.22244 0.0178469646 0.0267793317 -0.999482042 1670.52713 0.999685384 -0.0180988003 0.0173656705 46111.8794 0 0 0 1,-0.00690650480311 -0.999143838861 -0.0407908032411 -4091.23383358 0.0240375130348 0.0406141080387 -0.998885724809 1497.02289811 0.999687200192 -0.00787931856101 0.023736431456 42527.4130756 0 0 0 1,-0.00588133186102 -0.999610722065 -0.0272714365274 -4106.30941391 0.0275848899037 0.02709935233 -0.999252080917 1469.10500526 0.999602198601 -0.0066292732954 0.0274147689342 43318.6302185 0 0 0 1
image_3692684822381,1,200,1,0,195,1.0,/home/anahita/gigapose/gigaPose_datasets/datasets/2026-05-18-v1-v4/stereo_left/EPnPv2_gt_mesh_z_hybrid_labels/3692684822381_0.json,0,352.1340538866162,2.8067381559003572,1.3883031414892049,0.7611416966974455,2.32680533387327,-0.0560041899 -0.998368188 0.0111575772 -4203.68127 0.035878747 -0.0131802915 -0.999269231 1709.58095 0.997785671 -0.0555629439 0.0365583512 46113.6758 0 0 0 1,-0.0455428513186 -0.99895851007 -0.00278271073847 -3961.87369363 0.0424879712436 0.00084605470156 -0.999096620495 1472.98492813 0.998058425153 -0.0456199405958 0.0424051887235 42539.5952643 0 0 0 1,-0.00531715014949 -0.999637842178 -0.026377376169 -4078.55987549 0.028175169602 0.026217514649 -0.999259114265 1477.79047489 0.99958884716 -0.00605637580156 0.0280255675316 42871.799469 0 0 0 1
image_3692798824180,1,201,1,0,196,0.999045715,/home/anahita/gigapose/gigaPose_datasets/datasets/2026-05-18-v1-v4/stereo_left/EPnPv2_gt_mesh_z_hybrid_labels/3692798824180_0.json,0,678.2476195622224,3.5924244137891503,3.5095815985695213,0.7535897279619047,0.12033845040985863,-0.0137273087 -0.998661484 0.0498678456 -4251.99505 0.0357225339 -0.0503305177 -0.998093553 1739.52325 0.999267462 -0.0119197325 0.0363656213 46492.9669 0 0 0 1,-0.00351686868098 -0.999338411511 0.0361990547985 -4157.67515841 0.0427159605502 -0.0363163665576 -0.998426997439 1505.09043077 0.999081066477 -0.00196505924622 0.0428154200758 42911.8155113 0 0 0 1,-0.00594554748386 -0.999669790268 -0.0249953698367 -4101.23300552 0.0296282693744 0.0248087327927 -0.999253034592 1496.3350296 0.999543249607 -0.00668169511482 0.029470987618 42235.9771729 0 0 0 1
image_3692898898077,1,202,1,0,197,0.930254944,/home/anahita/gigapose/gigaPose_datasets/datasets/2026-05-18-v1-v4/stereo_left/EPnPv2_gt_mesh_z_hybrid_labels/3692898898077_0.json,0,1032.8578395615687,1.529506287142429,0.06988078557195622,0.7080551431989922,1.3536701148243888,0.00272535631 -0.999952248 -0.00938482945 -4306.97053 0.035230748 0.00947505065 -0.999334287 1695.26569 0.999375488 0.00239290744 0.0352548885 46394.409 0 0 0 1,0.0133319702163 -0.999647591019 -0.0229554614623 -4278.061257 0.041601507952 0.0234921567207 -0.998858064227 1460.0881588 0.99904533045 0.0123617641418 0.0419000438868 42812.1811957 0 0 0 1,-0.010586197488 -0.999647796154 -0.0243375692517 -4112.25414276 0.0298308208585 0.0240123812109 -0.999266505241 1465.29793739 0.999498963356 -0.0113044688478 0.0295661073178 41792.7322388 0 0 0 1
image_3692995755021,1,203,1,0,198,0.986879974,/home/anahita/gigapose/gigaPose_datasets/datasets/2026-05-18-v1-v4/stereo_left/EPnPv2_gt_mesh_z_hybrid_labels/3692995755021_0.json,0,973.2597231807413,3.069611369247027,0.3197646711039491,0.9462820955949764,2.8999846480816136,0.0284010228 -0.999465167 -0.0162099566 -4361.08839 0.00416619108 0.0163347136 -0.9998579 1645.59992 0.999587927 0.0283294532 0.00462788544 45818.2962 0 0 0 1,0.0390447441119 -0.998798858429 -0.0296031956482 -4425.06806055 0.0104703766506 0.0300331055179 -0.999494064012 1521.5589749 0.999182605043 0.0387150333137 0.0116304351617 42230.9544679 0 0 0 1,-0.0111537184566 -0.999664366245 -0.023380421102 -4129.16326523 0.0281807668507 0.0230583362281 -0.999336898327 1364.77673054 0.999540686607 -0.0118052158505 0.027914121747 41317.1195984 0 0 0 1
image_3693088177152,1,204,1,0,199,0.989706176,/home/anahita/gigapose/gigaPose_datasets/datasets/2026-05-18-v1-v4/stereo_left/EPnPv2_gt_mesh_z_hybrid_labels/3693088177152_0.json,0,330.20769982665684,1.5451078735353052,0.7582650693619496,0.6164983856760643,1.2008266882277663,-0.00123322493 -0.999736066 -0.022940747 -4414.39174 0.031429716 0.0228906811 -0.999243809 1590.51355 0.999505204 -0.00195331354 0.0313931913 45249.1534 0 0 0 1,0.00945922338883 -0.999287674301 -0.0365331008993 -4372.75713656 0.0376586926088 0.0368648176251 -0.998610438683 1368.451975 0.999245888997 0.00807029040111 0.0379805799292 41666.2138952 0 0 0 1,-0.0117443213239 -0.999656975269 -0.0234059225768 -4147.98069 0.0273970831186 0.0230770558119 -0.99935823679 1332.43072033 0.999555647373 -0.0123780397698 0.0271166563034 41905.4107666 0 0 0 1
image_3693204500416,1,205,1,0,200,0.981318707,/home/anahita/gigapose/gigaPose_datasets/datasets/2026-05-18-v1-v4/stereo_left/EPnPv2_gt_mesh_z_hybrid_labels/3693204500416_0.json,0,935.6017879565918,2.4038485698523644,1.1917610126093245,2.050674647585084,0.3709714041541862,-0.0298420942 -0.999069847 -0.031127002 -4467.1038 0.0581650498 0.0293524042 -0.997875375 1525.88884 0.99786085 -0.0315891945 0.0572350102 44687.0457 0 0 0 1,-0.0191014527004 -0.9988089077 -0.0448987797993 -4323.72925176 0.0643149654497 0.043586472119 -0.996977334421 1207.78744636 0.997746821238 -0.0219313788123 0.0634057954578 41113.9860159 0 0 0 1,-0.0134801827371 -0.999634921551 -0.0234162285924 -4225.26311874 0.0284253433347 0.0230257827789 -0.999330699444 1327.1831274 0.999505102634 -0.014136753045 0.0281045734882 40191.2727356 0 0 0 1
image_3693284988527,1,206,1,0,201,0.981396277,/home/anahita/gigapose/gigaPose_datasets/datasets/2026-05-18-v1-v4/stereo_left/EPnPv2_gt_mesh_z_hybrid_labels/3693284988527_0.json,0,379.33042463654647,1.5091434135502648,1.0061075595506723,0.29854982631668053,1.0872993955900097,-0.00641618224 -0.999585136 -0.0280782477 -4518.03239 0.0284340251 0.0278851024 -0.999206649 1467.18168 0.999575079 -0.00720946956 0.0282433129 43881.1937 0 0 0 1,0.00430835048139 -0.999120792284 -0.0417022786355 -4458.36351224 0.0346103166263 0.041826665478 -0.998525240624 1255.67494625 0.999391596841 0.00285866763001 0.0347600908557 40297.8705506 0 0 0 1,-0.0147883789614 -0.999598443508 -0.0241744220257 -4269.63376999 0.0298594292253 0.0237247943878 -0.999272525311 1366.81234837 0.999444723129 -0.0154994903132 0.029496582225 39988.1591797 0 0 0 1
image_3693389031669,1,207,1,0,202,0.989531268,/home/anahita/gigapose/gigaPose_datasets/datasets/2026-05-18-v1-v4/stereo_left/EPnPv2_gt_mesh_z_hybrid_labels/3693389031669_0.json,0,325.8655311012857,3.1395386089960113,0.7920640088030477,1.6475052609979564,2.5640659902395573,0.0187688459 -0.999500713 -0.0254176063 -4527.45937 0.0500968287 0.0263302737 -0.998397228 1511.82238 0.998567994 0.0174654223 0.0505660049 42831.7966 0 0 0 1,0.0294733242943 -0.998809356708 -0.0388740489428 -4557.87412639 0.0562826157683 0.0404875451407 -0.997593617806 1222.73475973 0.997979754694 0.0272144671027 0.0574089058451 39253.5283644 0 0 0 1,-0.0159911457449 -0.999536693096 -0.0259001199156 -4321.06542587 0.0287313256413 0.025433383882 -0.999263584614 1303.60865593 0.999459266663 -0.0167235396802 0.0283112972975 39462.2612 0 0 0 1
image_3693509405651,1,208,1,0,203,0.732781964,/home/anahita/gigapose/gigaPose_datasets/datasets/2026-05-18-v1-v4/stereo_left/EPnPv2_gt_mesh_z_hybrid_labels/3693509405651_0.json,0,206.56055208252204,1.165593632092226,0.6754539790957028,0.5121604942217562,0.7969004204227416,-0.0181115924 -0.999835798 -0.000588897956 -4505.11631 0.0320710583 7.73835521e-06 -0.999485591 1565.6462 0.999321479 -0.0181211623 0.032065652 42060.5461 0 0 0 1,-0.00756158797416 -0.999869201597 -0.0142969097425 -4400.49058217 0.0385428877122 0.0139952702357 -0.999158935142 1342.16577826 0.999228336841 -0.00810627245013 0.0384320198881 38478.9807663 0 0 0 1,-0.0216966681182 -0.999425947666 -0.0260143652558 -4350.97742081 0.0299677830189 0.0253586657345 -0.999229192734 1318.93527508 0.99931538105 -0.0224595069885 0.0294003877789 38678.1692505 0 0 0 1
image_3693584784940,1,209,1,0,204,0.993145352,/home/anahita/gigapose/gigaPose_datasets/datasets/2026-05-18-v1-v4/stereo_left/EPnPv2_gt_mesh_z_hybrid_labels/3693584784940_0.json,0,658.1998368858716,3.111803084509236,0.14315635360421133,2.4518919584433423,1.9078965002599746,-0.0666952734 -0.997737246 -0.00849284291 -4483.6354 -0.0157824212 0.00956565413 -0.999829692 1626.21449 0.997648563 -0.066549877 -0.0163846934 41567.6588 0 0 0 1,-0.056112480633 -0.998171052559 -0.0224930940817 -4205.62241708 -0.00940550021307 0.023056053889 -0.999689929182 1574.02494896 0.99838015087 -0.055883522951 -0.0106820304433 37988.7643761 0 0 0 1,-0.0217316187918 -0.999389231205 -0.0273646488786 -4357.82718658 0.0324985198677 0.0266504995525 -0.99911648035 1415.96269608 0.999235510826 -0.0226017162204 0.0318995118141 38609.3101501 0 0 0 1
image_3693695764483,1,210,1,0,205,0.995558578,/home/anahita/gigapose/gigaPose_datasets/datasets/2026-05-18-v1-v4/stereo_left/EPnPv2_gt_mesh_z_hybrid_labels/3693695764483_0.json,0,1690.1303261938497,2.686589763247797,1.1690886460361318,0.007583256940833906,2.4190543048825917,0.00970645913 -0.99939352 -0.0334421483 -4462.23361 0.0261785192 0.0336862316 -0.999089547 1691.1299 0.999610159 0.00882215593 0.0264896165 40824.5097 0 0 0 1,0.0204624817436 -0.99868733893 -0.0469562173899 -4461.00532133 0.0322930431344 0.0476017502484 -0.998344245604 1487.49871517 0.999268955986 0.0189122417406 0.0332247032764 37240.233887 0 0 0 1,-0.0217434763908 -0.999410331249 -0.0265729054809 -4360.21566391 0.0332811661065 0.0258408989757 -0.999112010002 1430.79304695 0.999209523201 -0.0226085148752 0.0326996669173 38926.4030457 0 0 0 1
image_3693796082185,1,211,1,0,206,0.510671259,/home/anahita/gigapose/gigaPose_datasets/datasets/2026-05-18-v1-v4/stereo_left/EPnPv2_gt_mesh_z_hybrid_labels/3693796082185_0.json,0,1646.3241233952458,5.222626698968776,0.21047857687184743,3.233912507193454,4.101958111099386,0.0409002745 -0.999052453 -0.014878293 -4438.45223 0.080741604 0.0181468071 -0.99656986 1661.49356 0.995895557 0.0395586836 0.0814073069 39442.7133 0 0 0 1,0.0515300595759 -0.998273686582 -0.0281833202505 -4547.15364016 0.086999513811 0.0326007905754 -0.995674782314 1262.96958219 0.994874734366 0.0488552457038 0.0885292460384 35876.5020183 0 0 0 1,-0.0214782413095 -0.999394118786 -0.027383832261 -4352.52332687 0.0326778627932 0.0266737565398 -0.99910992384 1371.3735342 0.999235093594 -0.0223539546132 0.0320851579309 37507.6828003 0 0 0 1
image_3694127754631,1,212,1,0,207,0.963245489,/home/anahita/gigapose/gigaPose_datasets/datasets/2026-05-18-v1-v4/stereo_left/EPnPv2_gt_mesh_z_hybrid_labels/3694127754631_0.json,0,417.01349895201764,2.005924147924119,0.8115726183971967,0.0972231846911135,1.8327626240212798,-0.00429758836 -0.99962707 -0.026967622 -4426.96463 0.0314737545 0.026819297 -0.999144698 1643.86497 0.999495339 -0.00514268494 0.0313467587 38775.0551 0 0 0 1,0.00642003004 -0.999155735558 -0.0405783229675 -4374.77556314 0.0376606524424 0.0407919589361 -0.998457655987 1421.50012754 0.999269962344 0.00488192201881 0.0378907424961 35192.2726008 0 0 0 1,-0.0255985427648 -0.999322831631 -0.0264329258353 -4400.86507797 0.0367993339896 0.0254816841334 -0.998997747898 1426.70917511 0.99899494648 -0.0265456009656 0.0361221134663 35608.4365845 0 0 0 1
image_3694305702787,1,213,1,0,208,0.964706831,/home/anahita/gigapose/gigaPose_datasets/datasets/2026-05-18-v1-v4/stereo_left/EPnPv2_gt_mesh_z_hybrid_labels/3694305702787_0.json,0,251.90381024772688,3.3581448798157596,2.608303693534535,0.9329506814139275,1.8773006641009893,-0.00656712103 -0.998271695 -0.0583994542 -4467.32167 0.0145519314 0.0582991262 -0.998193094 1652.23403 0.999872549 -0.00740507972 0.0141439238 38821.5273 0 0 0 1,0.00433998267553 -0.997394961145 -0.0720031693762 -4410.4519446 0.0204019582195 0.0720771752852 -0.997190373317 1489.44123228 0.999782438674 0.00285878328177 0.0206616240108 35235.6153366 0 0 0 1,-0.0279784873128 -0.999257981777 -0.0264651738107 -4450.74748993 0.0375248901546 0.0254069454968 -0.998972654343 1440.09232521 0.998903989792 -0.0289427600801 0.0367862023413 34991.9013977 0 0 0 1
image_3694385623931,1,214,1,0,209,0.953300645,/home/anahita/gigapose/gigaPose_datasets/datasets/2026-05-18-v1-v4/stereo_left/EPnPv2_gt_mesh_z_hybrid_labels/3694385623931_0.json,0,561.1716824994714,3.869853680029424,0.4676542751624557,2.0382965426648827,3.2481138220052674,0.0179957272 -0.999827874 -0.00451401399 -4504.00779 0.0664536428 0.00570082519 -0.997773228 1687.16744 0.997627219 0.0176556822 0.0665447948 37835.3471 0 0 0 1,0.0285683080327 -0.999430080018 -0.0179824102697 -4529.36827818 0.0728517040694 0.0200236739667 -0.997141756351 1340.27517807 0.996933539369 0.0271766036735 0.0733822268196 34262.1800334 0 0 0 1,-0.0290413238108 -0.99920976162 -0.0271387416869 -4458.58860016 0.0388824306428 0.0260003935546 -0.998905539513 1490.24093151 0.998821794987 -0.0300647094846 0.038096614182 34798.2902527 0 0 0 1
image_3694485537539,1,215,1,0,210,0.751035895,/home/anahita/gigapose/gigaPose_datasets/datasets/2026-05-18-v1-v4/stereo_left/EPnPv2_gt_mesh_z_hybrid_labels/3694485537539_0.json,0,1098.4205619595527,1.0617414043460272,0.1468816911149071,0.7366578112659851,0.7515381152598374,-0.0527098497 -0.998560854 -0.00989403241 -4486.37518 0.0464304272 0.00744646305 -0.998893771 1706.73553 0.997529893 -0.0531109247 0.0459711051 36847.4176 0 0 0 1,-0.0421103654925 -0.998829149888 -0.0238127219536 -4258.66392454 0.0528188703179 0.0215749705558 -0.998371017061 1431.49966873 0.997715833447 -0.0432995295069 0.0518484974564 33275.1783754 0 0 0 1,-0.0293420739472 -0.999235630035 -0.0258296262473 -4470.59249878 0.0396594591439 0.0246566049755 -0.998908996582 1494.45712566 0.998782455921 -0.0303344447166 0.0389056652784 34351.1199951 0 0 0 1
image_3694585100541,1,216,1,0,211,1.0,/home/anahita/gigapose/gigaPose_datasets/datasets/2026-05-18-v1-v4/stereo_left/EPnPv2_gt_mesh_z_hybrid_labels/3694585100541_0.json,0,1132.6367908577624,5.494831114114769,5.239643716540254,0.1540789407247003,1.6556112764644677,-0.0115769073 -0.996779165 0.0793553483 -4472.09316 0.0283484721 -0.0796559418 -0.996419237 1710.69296 0.99953106 -0.00928585021 0.0291793358 36350.8628 0 0 0 1,-0.00157749512892 -0.99783665886 0.0657230066967 -4382.36590259 0.035640899459 -0.0657374337495 -0.997200239113 1504.06578219 0.999363416557 0.000769348604961 0.0356674965139 32767.8815685 0 0 0 1,-0.0303900931031 -0.999208211899 -0.025679834187 -4478.80411148 0.0390510857105 0.0244851633906 -0.998937189579 1460.52527428 0.998775005341 -0.0313606262207 0.0382760576904 33895.565033 0 0 0 1
image_3694704438446,1,217,1,0,212,0.937167707,/home/anahita/gigapose/gigaPose_datasets/datasets/2026-05-18-v1-v4/stereo_left/EPnPv2_gt_mesh_z_hybrid_labels/3694704438446_0.json,0,390.1730771924376,2.0261112756930006,1.5383653715175092,0.30406070315747924,1.2873274911284074,-0.0191864738 -0.999685145 0.016170659 -4558.08971 0.0269765325 -0.01668536 -0.999496806 1700.34383 0.999451923 -0.018740591 0.027288172 36345.5845 0 0 0 1,-0.00874653928604 -0.999958733095 0.00245566290203 -4447.79535931 0.0336248791219 -0.00274847972551 -0.99943074453 1495.80520797 0.999396250757 -0.00865898892552 0.0336475311884 32763.0575449 0 0 0 1,-0.0310734771192 -0.999218344688 -0.0244365036488 -4513.16833496 0.0394579507411 0.0232029333711 -0.998951852322 1437.3383522 0.998738050461 -0.0320051200688 0.0387061052024 33143.245697 0 0 0 1
image_3694787901387,1,218,1,0,213,1.0,/home/anahita/gigapose/gigaPose_datasets/datasets/2026-05-18-v1-v4/stereo_left/EPnPv2_gt_mesh_z_hybrid_labels/3694787901387_0.json,0,484.5661468511236,2.8030626545826274,2.266260726277975,1.452246855121657,0.7550775313199641,-0.0279822138 -0.999203317 0.028455704 -4649.67902 0.0596739396 -0.0300858672 -0.997764432 1695.03557 0.997825644 -0.0262215937 0.0604682676 36061.442 0 0 0 1,-0.0176262659995 -0.999736759714 0.014687617461 -4506.51053177 0.0664498887769 -0.0158287403832 -0.997664203776 1373.89219855 0.997634064279 -0.0166091040973 0.0667113981187 32488.6461791 0 0 0 1,-0.0314210094512 -0.999208450317 -0.0244021601975 -4526.04293823 0.0414557754993 0.0230903718621 -0.998873531818 1502.846241 0.998646259308 -0.0323972925544 0.0406974256039 32955.329895 0 0 0 1
image_3694887761269,1,219,1,0,214,0.918077765,/home/anahita/gigapose/gigaPose_datasets/datasets/2026-05-18-v1-v4/stereo_left/EPnPv2_gt_mesh_z_hybrid_labels/3694887761269_0.json,0,1628.3654588761283,3.5851961355355866,1.3462019531727778,0.9880159759099264,3.184351232385463,0.0134446654 -0.999351198 -0.0334129311 -4616.09772 0.0507594164 0.0340549913 -0.998130121 1694.93622 0.99862041 0.0117235046 0.0511843416 35417.8462 0 0 0 1,0.0241997660641 -0.998606330752 -0.0469016784462 -4628.28136486 0.0568619534784 0.0482144000862 -0.997217172488 1403.1933401 0.998088718611 0.0214655012189 0.0579494839777 31839.6849503 0 0 0 1,-0.0317617878318 -0.999211072922 -0.0238417815417 -4548.11286926 0.0409583263099 0.0225325841457 -0.99890679121 1501.02055073 0.99865591526 -0.0327036269009 0.0402103327215 33463.1309509 0 0 0 1
image_3694995761821,1,220,1,0,215,0.939845907,/home/anahita/gigapose/gigaPose_datasets/datasets/2026-05-18-v1-v4/stereo_left/EPnPv2_gt_mesh_z_hybrid_labels/3694995761821_0.json,0,1083.9151237939666,2.9343594861844178,0.15248452636094909,0.590299702586452,2.871199437397332,0.0076492049 -0.99989276 -0.0124883065 -4585.12535 0.0428329528 0.0128048317 -0.999000187 1692.1579 0.999052965 0.00710664609 0.0429263062 34415.0063 0 0 0 1,0.0182749176502 -0.999494230726 -0.0260251755934 -4574.22277849 0.0491658485898 0.0268963800072 -0.998428416694 1429.60617421 0.998623425408 0.0169666472602 0.0496325111693 30834.5806294 0 0 0 1,-0.0320582799613 -0.999208509922 -0.023552114144 -4560.27412415 0.040041603148 0.0222613438964 -0.998950064182 1423.09820652 0.99868363142 -0.0329676829278 0.0392962433398 31918.3864594 0 0 0 1
image_3695085299073,1,221,1,0,216,0.938089925,/home/anahita/gigapose/gigaPose_datasets/datasets/2026-05-18-v1-v4/stereo_left/EPnPv2_gt_mesh_z_hybrid_labels/3695085299073_0.json,0,1264.7769541633265,2.6918922603492708,0.9298722332260894,0.161248211837186,2.5198152982671833,0.000859846009 -0.999971616 0.00748511858 -4604.83399 0.0340175769 -0.00745154014 -0.999393456 1682.72122 0.999420865 0.00111395007 0.0340102042 33880.0551 0 0 0 1,0.011357528616 -0.99991689405 -0.006100055606 -4567.40043752 0.0405673299256 0.00655619235726 -0.999155297723 1452.56249236 0.999112255233 0.0111004719168 0.0406384207141 30297.5802624 0 0 0 1,-0.0326673984528 -0.999216139317 -0.0223583988845 -4582.19099045 0.0387204959989 0.0210882872343 -0.99902755022 1364.21644688 0.998716056347 -0.0335013382137 0.0380012430251 31559.1812134 0 0 0 1
image_3695188678163,1,222,1,0,217,0.69852619,/home/anahita/gigapose/gigaPose_datasets/datasets/2026-05-18-v1-v4/stereo_left/EPnPv2_gt_mesh_z_hybrid_labels/3695188678163_0.json,0,1832.4331836011474,4.279653212092559,1.040207710946485,1.906589279980032,3.7052401158991373,0.0212509175 -0.999436819 -0.0259700283 -4649.0909 0.0641579407 0.0272856164 -0.997566666 1603.59798 0.997713464 0.0195330234 0.0647016526 33813.0886 0 0 0 1,0.0319581103364 -0.998711970776 -0.0394091061754 -4688.47427118 0.0703271950306 0.0415784428642 -0.996657071444 1264.10846155 0.997011917641 0.0290797447796 0.0715653800656 30239.3376189 0 0 0 1,-0.0334085710347 -0.999192476273 -0.022323416546 -4610.0153923 0.0385493971407 0.0210309904069 -0.999035358429 1388.81790638 0.998698174953 -0.0342368558049 0.0378156416118 32065.8378601 0 0 0 1
image_3695284282624,1,223,1,0,218,0.917021719,/home/anahita/gigapose/gigaPose_datasets/datasets/2026-05-18-v1-v4/stereo_left/EPnPv2_gt_mesh_z_hybrid_labels/3695284282624_0.json,0,532.7396235116238,3.9320914708572223,0.7177139599102349,1.4018257970922838,3.6119152054644443,0.0185119689 -0.999634849 -0.0196843974 -4689.89799 0.0558157745 0.0206903057 -0.998226683 1533.12723 0.998269456 0.0173804414 0.0561784116 33717.809 0 0 0 1,0.0291807436343 -0.999024470047 -0.0331450188888 -4718.7638788 0.0620595008849 0.0349058869104 -0.997461877715 1223.76135331 0.99764578033 0.0270497159882 0.0630175397119 30141.224066 0 0 0 1,-0.0343473516405 -0.999182224274 -0.0213361997157 -4642.23623276 0.0389671698213 0.0199936591089 -0.999040484428 1347.67603874 0.998650074005 -0.0351458750665 0.0382485687733 30653.6693573 0 0 0 1
image_3695387818182,1,224,1,0,219,1.0,/home/anahita/gigapose/gigaPose_datasets/datasets/2026-05-18-v1-v4/stereo_left/EPnPv2_gt_mesh_z_hybrid_labels/3695387818182_0.json,0,1362.3258255399658,3.8696466554534332,0.4851228275462908,1.132075041964175,3.6732810618805525,0.0163527494 -0.999866222 0.000355418459 -4737.04327 0.0115358908 -0.000166773584 -0.999933445 1492.07612 0.999799735 0.0163557612 0.0115316203 33336.9818 0 0 0 1,0.0268943177984 -0.999552115914 -0.0131249332568 -4755.97877493 0.0180140347232 0.0136121591461 -0.999745068853 1342.2382879 0.999475957449 0.0266510286831 0.0183720562128 29750.1042817 0 0 0 1,-0.036769349128 -0.999101936817 -0.0210519917309 -4675.30965805 0.0390964485705 0.019611902535 -0.999042987823 1359.65228081 0.998558759689 -0.0375572443008 0.0383402183652 31109.9281311 0 0 0 1
image_3695584235670,1,225,1,0,220,1.0,/home/anahita/gigapose/gigaPose_datasets/datasets/2026-05-18-v1-v4/stereo_left/EPnPv2_gt_mesh_z_hybrid_labels/3695584235670_0.json,0,197.0952030852109,3.5794904170466837,2.1151853021952305,2.1729507008857127,1.8626034112741119,-0.0157367033 -0.998875054 -0.04473235 -4791.29025 -0.00584800035 0.0448290721 -0.998977555 1481.12377 0.999859069 -0.0154590186 -0.00654688348 32670.6856 0 0 0 1,-0.00491106527519 -0.998280801361 -0.0584065368068 -4700.01198022 0.000150732950579 0.0584065014205 -0.998292871896 1391.97974282 0.999987929686 -0.00491148525858 -0.000136364337784 29082.8977161 0 0 0 1,-0.0365842580795 -0.999095082283 -0.0216923654079 -4676.51367188 0.0387372896075 0.0202727932483 -0.999043822289 1292.05882549 0.99857956171 -0.0373895950615 0.0379605703056 29251.1539459 0 0 0 1
image_3695701545433,1,226,1,0,221,0.731135032,/home/anahita/gigapose/gigaPose_datasets/datasets/2026-05-18-v1-v4/stereo_left/EPnPv2_gt_mesh_z_hybrid_labels/3695701545433_0.json,0,223.50079406402028,4.4205712532229615,0.5253892109691769,3.2556777144643836,2.9293410077953945,0.0014602909 -0.99984161 -0.0177376141 -4851.10508 -0.0247829952 0.0176960003 -0.99953622 1475.00343 0.999691788 0.00189920485 -0.0247532285 32154.638 0 0 0 1,0.0121199416916 -0.999436106339 -0.0313141637392 -4818.56682737 -0.018493032785 0.0310870667298 -0.999345587067 1454.81871334 0.99975552764 0.0126911040972 -0.0181058312336 28564.7864554 0 0 0 1,-0.0377473793924 -0.999057590961 -0.0214243158698 -4686.33699417 0.0393754504621 0.0199359115213 -0.999025583267 1284.05237198 0.998511314392 -0.0385541282594 0.0385858081281 28507.2822571 0 0 0 1
image_3695784425932,1,227,1,0,222,1.0,/home/anahita/gigapose/gigaPose_datasets/datasets/2026-05-18-v1-v4/stereo_left/EPnPv2_gt_mesh_z_hybrid_labels/3695784425932_0.json,0,238.99390213149266,3.818273400871982,0.6337192882854413,2.535400561394888,2.770045424694971,-0.00094648736 -0.99981957 -0.0189718722 -4915.29804 -0.0118808392 0.0189817847 -0.999749237 1474.49409 0.999928972 -0.000720848254 -0.0118966615 31789.5402 0 0 0 1,0.00972111049367 -0.999422379032 -0.0325639160573 -4874.25853308 -0.00560404577232 0.0325104921485 -0.999455682831 1407.93973165 0.999937044971 0.00989830879819 -0.00528477061372 28200.3360353 0 0 0 1,-0.0376635119319 -0.999068558216 -0.0210569668561 -4695.29867172 0.0396189168096 0.0195624362677 -0.999023377895 1286.9809866 0.998504817486 -0.0384610109031 0.0388452187181 28302.6123047 0 0 0 1
image_3695906359817,1,228,1,0,223,0.971572079,/home/anahita/gigapose/gigaPose_datasets/datasets/2026-05-18-v1-v4/stereo_left/EPnPv2_gt_mesh_z_hybrid_labels/3695906359817_0.json,0,522.617379783074,2.2937464003319854,0.6704147446661584,1.0600044022666348,1.914344253411349,-0.0168393644 -0.999666011 -0.0196036062 -4975.94631 0.0132642664 0.0193813103 -0.999724174 1510.16053 0.999770221 -0.0170947471 0.0129334673 31575.3182 0 0 0 1,-0.00616807651701 -0.99942641028 -0.0332987144721 -4877.95463826 0.0195347578038 0.0331725660623 -0.999258712312 1353.36742412 0.999790151894 -0.00681398649608 0.0193189419099 27990.026884 0 0 0 1,-0.0391611047089 -0.998996913433 -0.021712878719 -4695.27769089 0.0387194044888 0.0201961304992 -0.99904602766 1271.04341984 0.998482525349 -0.0399644821882 0.0378896594048 28472.7077484 0 0 0 1
image_3695983839340,1,229,1,0,224,0.489391848,/home/anahita/gigapose/gigaPose_datasets/datasets/2026-05-18-v1-v4/stereo_left/EPnPv2_gt_mesh_z_hybrid_labels/3695983839340_0.json,0,481.22040968228316,1.9567874673780241,0.7805273899779135,1.5368080632952206,0.9159292495555259,-0.0342897016 -0.999205251 -0.0203244503 -4992.39245 0.00594196807 0.0201322239 -0.999779669 1551.83291 0.999394271 -0.0344029137 0.00524691774 31350.0671 0 0 0 1,-0.0236172670668 -0.999138355634 -0.0341287494499 -4831.88200215 0.0122054602907 0.0338475551323 -0.999352475216 1421.27781932 0.999646563022 -0.0240185313519 0.0113955567662 27765.9783695 0 0 0 1,-0.039033152163 -0.99901419878 -0.0211409851909 -4692.95120239 0.0393311455846 0.0196046698838 -0.999033927917 1243.92175674 0.998463571072 -0.0398268960416 0.0385271385312 27340.7535553 0 0 0 1
image_3696103755366,1,230,1,0,225,0.885303806,/home/anahita/gigapose/gigaPose_datasets/datasets/2026-05-18-v1-v4/stereo_left/EPnPv2_gt_mesh_z_hybrid_labels/3696103755366_0.json,0,569.6784823545406,3.213380511264456,1.7673395139986463,1.332069430506791,2.30945315079863,-0.00966493085 -0.999171014 -0.0395458381 -4964.60789 0.00941612872 0.0394549926 -0.999176981 1525.06025 0.999908959 -0.0100293451 0.00902699311 30697.7274 0 0 0 1,0.00112976677487 -0.998584066769 -0.0531844398208 -4894.54206412 0.0154716625549 0.0531955626392 -0.998464250264 1381.33728055 0.999879668731 0.000305180070111 0.0155098543039 27111.2340198 0 0 0 1,-0.0386385992169 -0.999003648758 -0.022329499945 -4683.85982513 0.0395760498941 0.0207987353206 -0.999000072479 1228.19662094 0.998469233513 -0.0394836589694 0.0387329831719 26604.5837402 0 0 0 1
image_3696183885205,1,231,1,0,226,1.0,/home/anahita/gigapose/gigaPose_datasets/datasets/2026-05-18-v1-v4/stereo_left/EPnPv2_gt_mesh_z_hybrid_labels/3696183885205_0.json,0,252.99578769996037,4.466140391790057,2.882776846683311,1.4312654839742265,3.06106547010008,0.00271275751 -0.998230318 -0.0594043245 -4927.17384 0.00824365726 0.0594248481 -0.998198743 1492.97002 0.999962341 0.00221816225 0.00839027381 30043.4756 0 0 0 1,0.0136252232603 -0.997242822138 -0.0729459223123 -4903.71278008 0.0140823314082 0.0731368402869 -0.997222488474 1352.76724184 0.999808002363 0.0125601303908 0.0150400096882 26456.2352911 0 0 0 1,-0.0392138026655 -0.998980820179 -0.0223521459848 -4686.47480011 0.0402133017778 0.0207734946162 -0.998975157738 1233.52146149 0.998421370983 -0.0400724969804 0.0393577069044 26405.2944183 0 0 0 1
image_3696285102426,1,232,1,0,227,0.940788819,/home/anahita/gigapose/gigaPose_datasets/datasets/2026-05-18-v1-v4/stereo_left/EPnPv2_gt_mesh_z_hybrid_labels/3696285102426_0.json,0,169.66570829217125,2.167911106557029,1.1232471390545324,1.588783118638406,0.9718399612823856,-0.0331761171 -0.999390979 0.0108174059 -4895.57693 0.00471853818 -0.0109798632 -0.999928586 1455.5581 0.999438383 -0.0331227055 0.00507993372 29389.2185 0 0 0 1,-0.0227035366737 -0.999737783381 -0.00298560323676 -4735.67726545 0.0113112134423 0.00272931216418 -0.99993230091 1330.61216933 0.999678251556 -0.0227357704333 0.0112462824229 25804.9025414 0 0 0 1,-0.0390178225935 -0.998969018459 -0.0232037901878 -4692.29888916 0.0393972620368 0.021665468812 -0.998988747597 1200.30927658 0.998461604118 -0.0398925021291 0.0385113023221 25904.5314789 0 0 0 1
image_3696407880683,1,233,1,0,228,1.0,/home/anahita/gigapose/gigaPose_datasets/datasets/2026-05-18-v1-v4/stereo_left/EPnPv2_gt_mesh_z_hybrid_labels/3696407880683_0.json,0,191.5525968964344,4.471707832286183,3.205278964266271,2.0513204599749577,2.407113337893975,-0.00809453336 -0.998918748 0.0457800654 -4870.68484 -0.00511188566 -0.0457396308 -0.998940316 1405.69867 0.999954173 -0.00831997818 -0.00473611746 28736.3833 0 0 0 1,0.00214466785664 -0.999480898114 0.0321455388727 -4797.00959751 0.00184173595283 -0.0321416104536 -0.999481628154 1317.51367266 0.999996004669 0.00220275970748 0.00177184682084 25148.1670793 0 0 0 1,-0.0389955453575 -0.998958289623 -0.0236972086132 -4696.92420959 0.0385911241174 0.022191952914 -0.999008655548 1158.69617462 0.998494029045 -0.0398713834584 0.0376855358481 25110.0578308 0 0 0 1
image_3696500945669,1,234,1,0,229,0.947219094,/home/anahita/gigapose/gigaPose_datasets/datasets/2026-05-18-v1-v4/stereo_left/EPnPv2_gt_mesh_z_hybrid_labels/3696500945669_0.json,0,560.9313755961232,3.1751613727055488,0.39961103591409386,2.826887684962293,1.399630475069015,-0.0264215814 -0.999647095 -0.00275405052 -4939.58206 -0.0194915331 0.0032696636 -0.999804676 1368.84862 0.999460845 -0.02636274 -0.0195710441 28730.696 0 0 0 1,-0.0158589054006 -0.999737852307 -0.0165142690992 -4805.38077413 -0.0130480891697 0.0167218660353 -0.999775038336 1330.22081981 0.999789099262 -0.0156398581326 -0.0133098591101 25143.3574066 0 0 0 1,-0.0390928387642 -0.998941481113 -0.0242400690913 -4694.85378265 0.0368361584842 0.0228014197201 -0.999061226845 1118.66283417 0.998556435108 -0.0399490371346 0.0359057970345 25650.970459 0 0 0 1
image_3696587360016,1,235,1,0,230,0.935382752,/home/anahita/gigapose/gigaPose_datasets/datasets/2026-05-18-v1-v4/stereo_left/EPnPv2_gt_mesh_z_hybrid_labels/3696587360016_0.json,0,1389.2122706632156,3.38297169755673,1.648253960974316,1.1319792923048537,2.7127387905868887,-0.00336635933 -0.999839401 0.0176022613 -5102.23128 0.048727787 -0.0177454617 -0.998654445 1369.86826 0.998806423 -0.00250411047 0.0487796989 29372.1368 0 0 0 1,0.00706471677231 -0.999967085191 0.00398974699436 -5048.54122738 0.0553801913582 -0.00359247124647 -0.998458876324 1087.4153001 0.998440345944 0.0072747821288 0.0553529886755 25793.612247 0 0 0 1,-0.0407462641597 -0.99885892868 -0.0249091796577 -4699.43809509 0.0367997959256 0.0234127379954 -0.999048352242 1080.0640583 0.998491704464 -0.0416241697967 0.0358038246632 24448.9994049 0 0 0 1
image_3696703759031,1,236,1,0,231,0.524198427,/home/anahita/gigapose/gigaPose_datasets/datasets/2026-05-18-v1-v4/stereo_left/EPnPv2_gt_mesh_z_hybrid_labels/3696703759031_0.json,0,2026.6184043221979,3.9961639149855026,1.8116626810598615,1.5737300430840684,3.170935155832332,0.00466685959 -0.99978476 0.0202151747 -5152.69557 0.0554098834 -0.019925797 -0.998264848 1408.98729 0.998452786 0.00577888236 0.0553049661 29286.9705 0 0 0 1,0.0150798184227 -0.999864136803 0.00665629072268 -5127.54906897 0.0620822472118 -0.00570792883812 -0.998054714656 1102.6864817 0.997957110443 0.0154637213776 0.061987738016 25710.0936855 0 0 0 1,-0.0409247353673 -0.998840332031 -0.0253616794944 -4707.87715912 0.036034386605 0.0238909740001 -0.999064922333 1031.84652328 0.998512327671 -0.0418004207313 0.0350148566067 23728.6701202 0 0 0 1
image_3696784223045,1,237,1,0,232,0.766767858,/home/anahita/gigapose/gigaPose_datasets/datasets/2026-05-18-v1-v4/stereo_left/EPnPv2_gt_mesh_z_hybrid_labels/3696784223045_0.json,0,496.11133809283587,3.2192619104328344,1.949888123278221,0.17779317325855004,2.5585377760572605,-0.00708431143 -0.999741978 0.0215821776 -5090.69582 0.025526896 -0.0217564887 -0.999437358 1418.18498 0.999649033 -0.00652939949 0.0256744392 28475.0674 0 0 0 1,0.00332024128175 -0.999962918732 0.00794591670191 -5023.23723374 0.0322284514069 -0.00783482931164 -0.999449819729 1219.05575262 0.999475013186 0.00357449914113 0.0322012427668 24891.1732683 0 0 0 1,-0.0412268675864 -0.99880951643 -0.0260723941028 -4724.70331192 0.0364619940519 0.0245732199401 -0.999032914639 1055.6538105 0.998484313488 -0.042137645185 0.0354055091739 24530.1971436 0 0 0 1
image_3697008281018,1,238,1,0,233,0.943187667,/home/anahita/gigapose/gigaPose_datasets/datasets/2026-05-18-v1-v4/stereo_left/EPnPv2_gt_mesh_z_hybrid_labels/3697008281018_0.json,0,1387.2525134156733,5.591490454602341,4.324511274364814,1.4743734567210816,3.2803977857076907,0.00324506384 -0.998160967 0.0605322528 -5040.52034 -0.000170650131 -0.0605331234 -0.998166174 1312.52246 0.99999472 0.00322878312 -0.00036677015 27255.6221 0 0 0 1,0.0133798442626 -0.998806150566 0.0469814162198 -5005.96389839 0.00693359840923 -0.0468918161774 -0.998875909138 1207.27871902 0.999886445837 0.0136905543762 0.00629791554004 23667.2757021 0 0 0 1,-0.0431093536317 -0.998674690723 -0.0281139500439 -4748.97670746 0.0342309251428 0.0266471318901 -0.99905860424 938.471317291 0.998483717442 -0.0440311692655 0.0330368131399 22330.7991028 0 0 0 1
image_3697089554949,1,239,1,0,234,1.0,/home/anahita/gigapose/gigaPose_datasets/datasets/2026-05-18-v1-v4/stereo_left/EPnPv2_gt_mesh_z_hybrid_labels/3697089554949_0.json,0,751.6735525347059,4.813599290737683,2.3419758435412565,1.7891197010053617,3.7700445315590794,0.0131575554 -0.999564517 0.0264131595 -5030.24253 0.0581790093 -0.0256054023 -0.997977738 1213.93429 0.998219456 0.0146676389 0.0578167689 26442.7323 0 0 0 1,0.0235273923779 -0.999639796095 0.0129127756317 -5034.89884179 0.0649092013415 -0.0113616578211 -0.997826491734 897.953977651 0.997613782037 0.0243144134286 0.064618510687 22866.6121902 0 0 0 1,-0.0431139394641 -0.998658716679 -0.0286680255085 -4745.13196945 0.0355976037681 0.0271409396082 -0.998997688293 956.152498722 0.998435854912 -0.0440912432969 0.0343797057867 22175.4817963 0 0 0 1
image_3697186884815,1,240,1,0,235,0.748950483,/home/anahita/gigapose/gigaPose_datasets/datasets/2026-05-18-v1-v4/stereo_left/EPnPv2_gt_mesh_z_hybrid_labels/3697186884815_0.json,0,240.02813396219216,2.6360214534915825,0.4884763188948194,0.9515911976003052,2.4051718910136937,-0.0110773459 -0.999909769 -0.00759909621 -5016.46311 0.0445905184 0.007098042 -0.998980132 1239.20304 0.998943931 -0.0114048961 0.0445078675 25531.2666 0 0 0 1,-0.000481690185405 -0.999773848883 -0.021260739885 -4937.83502604 0.0509833365062 0.0212085402161 -0.998474285038 970.573603182 0.998699387493 -0.00156489871844 0.0509615906309 21952.138758 0 0 0 1,-0.0429226644337 -0.998634636402 -0.0297713484615 -4748.74973297 0.0356145463884 0.0282504688948 -0.998966217041 938.764870167 0.998443424702 -0.0439385361969 0.0343533344567 21807.7487946 0 0 0 1
image_3697286680463,1,241,1,0,236,0.514860921,/home/anahita/gigapose/gigaPose_datasets/datasets/2026-05-18-v1-v4/stereo_left/EPnPv2_gt_mesh_z_hybrid_labels/3697286680463_0.json,0,487.7830877797683,1.5018821219308314,1.4529418569734514,0.17822144146561889,0.3383595130977009,-0.0474103444 -0.997995218 -0.0419261753 -4946.60528 0.0308833177 0.0404887626 -0.998702599 1254.15797 0.998397957 -0.0486436536 0.0289018172 24520.4723 0 0 0 1,-0.0366097370178 -0.997770646201 -0.055798430246 -4741.40631782 0.036923231598 0.054447188713 -0.9978337432 1033.41689155 0.998647286451 -0.0385906893249 0.0348476193895 20943.089592 0 0 0 1,-0.0426024384797 -0.998630464077 -0.0303670931607 -4745.39375305 0.0339873768389 0.0289285071194 -0.999003529549 881.639003754 0.998513877392 -0.0435921251774 0.0327084064484 21406.6410065 0 0 0 1
image_3697484710814,1,242,1,0,237,0.555458391,/home/anahita/gigapose/gigaPose_datasets/datasets/2026-05-18-v1-v4/stereo_left/EPnPv2_gt_mesh_z_hybrid_labels/3697484710814_0.json,0,675.8584997415309,1.1208074305255757,0.08896995441823771,0.33349350097181385,1.0660686068052263,-0.0344903933 -0.999219979 -0.0192313901 -4820.19883 0.024022254 0.0184084027 -0.999541926 1232.55636 0.999116282 -0.0349365755 0.0233686031 23580.9466 0 0 0 1,-0.0238248685808 -0.999170110456 -0.0330373430564 -4658.84912411 0.0303010016198 0.0323098125139 -0.999018480873 1037.21987019 0.999256836761 -0.0248025486114 0.0295060781133 19999.8419926 0 0 0 1,-0.0422279052436 -0.998607337475 -0.0316239148378 -4741.32490158 0.0366816073656 0.0300812125206 -0.998874187469 900.709450245 0.9984344244 -0.0433404073119 0.0353602580726 20656.6123962 0 0 0 1
image_3697586554008,1,243,1,0,238,0.99363694,/home/anahita/gigapose/gigaPose_datasets/datasets/2026-05-18-v1-v4/stereo_left/EPnPv2_gt_mesh_z_hybrid_labels/3697586554008_0.json,0,977.41596490072,2.7407862951089856,2.032035156468709,0.4975224303206745,1.7795993117173081,-0.023004216 -0.999603129 0.0162600992 -4730.91978 0.0198281031 -0.0167173944 -0.999663631 1206.85082 0.99953872 -0.0226740712 0.0202048044 22874.9969 0 0 0 1,-0.0125654334062 -0.999917874166 0.0025209310104 -4606.92017299 0.0264784157709 -0.00285298392326 -0.999645314136 1027.94535186 0.99957040962 -0.0124942263928 0.0265120901355 19291.5464391 0 0 0 1,-0.0433085821569 -0.998515069485 -0.0330438800156 -4731.98461533 0.0361483208835 0.0314871147275 -0.998850286007 871.218562126 0.99840760231 -0.044453304261 0.0347309783101 20248.1746674 0 0 0 1
image_3697719762299,1,244,1,0,239,0.948815349,/home/anahita/gigapose/gigaPose_datasets/datasets/2026-05-18-v1-v4/stereo_left/EPnPv2_gt_mesh_z_hybrid_labels/3697719762299_0.json,0,666.7172740916656,2.5085070525512707,0.17465891041210985,0.5675900250039908,2.4380790893393813,-0.0108215366 -0.999674054 -0.0231231334 -4728.58743 0.0389097068 0.0226859991 -0.998985175 1197.28122 0.999184132 -0.011710269 0.0386515269 22402.6411 0 0 0 1,-0.000127826403746 -0.999323448026 -0.0367781059671 -4652.57031575 0.0451385937894 0.0367348536502 -0.998305092437 948.416140428 0.998980726336 -0.0017877217507 0.0451033594385 18822.0283246 0 0 0 1,-0.042977001518 -0.998506546021 -0.0337287075818 -4726.12810135 0.0366472788155 0.0321616381407 -0.998810589314 841.34209156 0.998403728008 -0.0441619604826 0.0352103300393 19475.9674072 0 0 0 1
image_3697785100559,1,245,1,0,240,1.0,/home/anahita/gigapose/gigaPose_datasets/datasets/2026-05-18-v1-v4/stereo_left/EPnPv2_gt_mesh_z_hybrid_labels/3697785100559_0.json,0,1145.2989041534827,2.4290344635499284,0.3668830951891142,0.9486018291172873,2.2028524355153647,-0.0144192672 -0.999800693 -0.0138079558 -4731.74525 0.0469094978 0.0131177797 -0.998813007 1191.40541 0.998795066 -0.0150498759 0.0467109997 22027.0118 0 0 0 1,-0.00378428674648 -0.99961492853 -0.0274895337677 -4641.80342841 0.0532375683223 0.0272493546043 -0.998210015014 914.234110925 0.998574704571 -0.0052409888631 0.053113948742 18448.8017991 0 0 0 1,-0.0427568554878 -0.998512804508 -0.0338224843144 -4731.30893707 0.0379736050963 0.0322047956288 -0.998759686947 857.694149017 0.998363614082 -0.0439881496131 0.0365401543677 19589.1971588 0 0 0 1
image_3697983863877,1,246,1,0,241,0.965884218,/home/anahita/gigapose/gigaPose_datasets/datasets/2026-05-18-v1-v4/stereo_left/EPnPv2_gt_mesh_z_hybrid_labels/3697983863877_0.json,0,812.4173024697444,2.877287338527923,0.11470801936381303,1.266002503521612,2.582558694753597,-0.00844857627 -0.9997506 -0.0206726784 -4739.74039 0.0536001866 0.0201909309 -0.998358326 1177.74652 0.998526736 -0.00954276588 0.0534162341 21748.8111 0 0 0 1,0.00222988614559 -0.999408639168 -0.034313260388 -4671.96911326 0.0598502021115 0.0343852150862 -0.997614961334 876.336161386 0.998204879705 0.000170912212696 0.0598914841668 18172.0724834 0 0 0 1,-0.0435213856399 -0.998528420925 -0.0323537252843 -4735.97621918 0.0392136760056 0.0306520983577 -0.998760640621 836.530804634 0.99828261137 -0.0447361283004 0.0378219522536 18980.9856415 0 0 0 1
image_3698096802044,1,247,1,0,242,0.4834518,/home/anahita/gigapose/gigaPose_datasets/datasets/2026-05-18-v1-v4/stereo_left/EPnPv2_gt_mesh_z_hybrid_labels/3698096802044_0.json,0,221.8891907417313,4.029808689229243,0.506537303407489,2.769493802291301,2.89576939139057,-0.00224869758 -0.999613127 -0.0277225502 -4862.06337 0.0805004464 0.027451696 -0.996376476 1186.59408 0.996752036 -0.00447222703 0.0804075724 21856.297 0 0 0 1,0.00847350702714 -0.999110057065 -0.0413194101158 -4817.30855974 0.0866589876709 0.0418991392601 -0.99535655993 788.586917475 0.996201997245 0.00485346256134 0.0869368987806 18288.6524588 0 0 0 1,-0.0436055809259 -0.99850833416 -0.0328565165401 -4740.79227448 0.0400711372495 0.0311132967472 -0.998712360859 836.122989655 0.998244941235 -0.0448659732938 0.0386546552181 18491.4340973 0 0 0 1
image_3698195414595,1,248,1,0,243,0.576737054,/home/anahita/gigapose/gigaPose_datasets/datasets/2026-05-18-v1-v4/stereo_left/EPnPv2_gt_mesh_z_hybrid_labels/3698195414595_0.json,0,857.5556524751697,3.2125276150259525,0.03499756590771824,0.6031969482146535,3.155033189702535,-0.000319059395 -0.999820022 -0.0189689766 -5098.94101 0.0236403822 0.0189561349 -0.999540793 1221.51238 0.999720476 -0.000767346738 0.0236300794 22567.9921 0 0 0 1,0.0103484764092 -0.999416309318 -0.032556872857 -5060.15250644 0.0299133750548 0.0328534548414 -0.9990124324 1027.52449502 0.999498923777 0.00936437063782 0.0302358981796 18983.3910878 0 0 0 1,-0.044338837266 -0.99850910902 -0.0318356864154 -4746.77610397 0.042142432183 0.0299692284316 -0.998662054539 843.543171883 0.99812734127 -0.0456211380661 0.0407508015633 18206.6364288 0 0 0 1
image_3698297754339,1,249,1,0,244,1.0,/home/anahita/gigapose/gigaPose_datasets/datasets/2026-05-18-v1-v4/stereo_left/EPnPv2_gt_mesh_z_hybrid_labels/3698297754339_0.json,0,2707.685153130178,13.650729475762754,7.387141103643502,2.0573453666941983,11.435672792604395,0.143298948 -0.98429197 0.10312482 -5444.31592 -0.00774124278 -0.105311815 -0.994409118 1254.69743 0.989649173 0.141699466 -0.0227107154 23883.4501 0 0 0 1,0.153000828872 -0.984056400791 0.0906848699178 -5908.23163629 -0.000188491427759 -0.0917943678783 -0.995777966053 1178.8040337 0.988226042865 0.152337760648 -0.0142301005539 20324.3037582 0 0 0 1,-0.0446445755661 -0.998519480228 -0.0310746505857 -4761.37208939 0.0423137843609 0.0291877016425 -0.998677968979 825.692653656 0.998106479645 -0.0459004566073 0.0409480631351 17897.0451355 0 0 0 1
image_3698392252594,1,250,1,0,245,0.634198799,/home/anahita/gigapose/gigaPose_datasets/datasets/2026-05-18-v1-v4/stereo_left/EPnPv2_gt_mesh_z_hybrid_labels/3698392252594_0.json,0,3939.8402561860185,17.79901748379696,12.3449639229851,4.017013177817813,12.647696852284607,0.16307464 -0.969872033 0.18098315 -5796.15984 -0.0430719571 -0.190262259 -0.980787989 1286.30041 0.985673104 0.15214635 -0.0728012361 24829.2991 0 0 0 1,0.172118582849 -0.97049527852 0.168861206319 -6323.16282403 -0.0347088003122 -0.177287758505 -0.983546821417 1342.0311433 0.98446457136 0.163425715431 -0.0641992446817 21278.5721033 0 0 0 1,-0.0450501218438 -0.998522937298 -0.0303703788668 -4772.66693115 0.0426024906337 0.0284532792866 -0.998686850071 810.738325119 0.998076021671 -0.0462848208845 0.0412577316165 17695.8312988 0 0 0 1
image_3698486018206,1,251,1,0,246,0.506838585,/home/anahita/gigapose/gigaPose_datasets/datasets/2026-05-18-v1-v4/stereo_left/EPnPv2_gt_mesh_z_hybrid_labels/3698486018206_0.json,0,5179.76517200284,24.22282256543819,11.268836205408245,2.529117732388061,21.580022758053566,0.313030313 -0.937434721 0.152407897 -6147.01477 -0.0220844776 -0.167613959 -0.985605315 1322.11525 0.949486334 0.305158492 -0.073171006 25406.1432 0 0 0 1,0.321905770246 -0.936104321196 0.141722880938 -7216.47556148 -0.0139305842878 -0.154357536899 -0.987916843658 1301.11696222 0.946669220665 0.31604185049 -0.0627290618069 21979.1455417 0 0 0 1,-0.0469948165119 -0.99845379591 -0.0296885333955 -4780.30204773 0.0433790683746 0.0276533924043 -0.998675882816 803.679823875 0.997952818871 -0.0482204630971 0.0420124270022 17435.1844788 0 0 0 1
image_3698584616557,1,252,1,0,247,0.418595892,/home/anahita/gigapose/gigaPose_datasets/datasets/2026-05-18-v1-v4/stereo_left/EPnPv2_gt_mesh_z_hybrid_labels/3698584616557_0.json,0,7259.039687301687,33.539731747767775,12.827921349114188,3.0970664714162672,31.254066742213094,0.467004314 -0.871360604 0.150458196 -6496.45088 -0.0379633726 -0.189752946 -0.981097652 1362.32657 0.883439728 0.452464935 -0.121695232 26802.8765 0 0 0 1,0.475183753803 -0.868403198728 0.141690807051 -8121.23591754 -0.0296039727022 -0.176720869154 -0.983815704357 1399.67288441 0.879388426632 0.463298628278 -0.109683070924 23601.7549616 0 0 0 1,-0.0474799796939 -0.998454034328 -0.0288987904787 -4792.19007492 0.0447755306959 0.0267748907208 -0.998638272285 805.044651031 0.997868180275 -0.0487092919648 0.0434350334108 17178.5526276 0 0 0 1
image_3698708510527,1,253,1,0,248,0.775313524,/home/anahita/gigapose/gigaPose_datasets/datasets/2026-05-18-v1-v4/stereo_left/EPnPv2_gt_mesh_z_hybrid_labels/3698708510527_0.json,0,8412.747586683596,34.998196817392575,13.898672391386404,3.7897698069211203,32.44704099424719,0.484189695 -0.860638598 0.157675433 -6843.96664 -0.0504298473 -0.207358674 -0.976964283 1370.43271 0.87350854 0.465084491 -0.143802806 27279.0796 0 0 0 1,0.492207987341 -0.857601648288 0.149166716577 -8530.05919566 -0.0419105878076 -0.194510815985 -0.980004614547 1453.65858636 0.869468112989 0.476114434938 -0.131682366226 24110.6942679 0 0 0 1,-0.0479992553592 -0.998439610004 -0.0285345762968 -4805.34076691 0.0453719198704 0.0263585783541 -0.99862241745 790.306866169 0.997816443443 -0.0492277629673 0.0440359301865 16596.6567993 0 0 0 1
image_3698787762761,1,254,1,0,249,0.897047036,/home/anahita/gigapose/gigaPose_datasets/datasets/2026-05-18-v1-v4/stereo_left/EPnPv2_gt_mesh_z_hybrid_labels/3698787762761_0.json,0,8063.557663200484,35.39182711535026,13.586844009696147,1.3724570740078306,32.893208293085365,0.492784158 -0.852777304 0.17301631 -6912.12138 -0.00832110888 -0.203443905 -0.979051243 1345.82206 0.870111793 0.481021255 -0.107349986 26834.0649 0 0 0 1,0.500619509021 -0.849861186579 0.164669580837 -8627.70087217 0.000167156625824 -0.190127776628 -0.981759339333 1277.57167549 0.865667418122 0.491515404173 -0.0950396140355 23681.1885696 0 0 0 1,-0.0485926419497 -0.998437643051 -0.0275851860642 -4818.55344772 0.0451183654368 0.0253954473883 -0.998658835888 778.312027454 0.997799217701 -0.0497720316052 0.0438138470054 16591.6118622 0 0 0 1
image_3698887057035,1,255,1,0,250,0.544597444,/home/anahita/gigapose/gigaPose_datasets/datasets/2026-05-18-v1-v4/stereo_left/EPnPv2_gt_mesh_z_hybrid_labels/3698887057035_0.json,0,7036.91972360861,31.84017470351302,13.146435545540049,1.2909300451239294,29.1846677609485,0.434994171 -0.882914321 0.17675512 -6700.89051 -0.00340793621 -0.197912994 -0.980213667 1306.54063 0.900426819 0.425784862 -0.0890999146 25767.1881 0 0 0 1,0.443127570805 -0.880649140052 0.167615773705 -8207.50593226 0.00502915084883 -0.18453042781 -0.982813934095 1220.31511516 0.896444456077 0.436354916873 -0.0773416029968 22509.7081861 0 0 0 1,-0.0492580607533 -0.998418867588 -0.0270798075944 -4824.32842255 0.0454158447683 0.0248456876725 -0.998659133911 765.826702118 0.997753143311 -0.0504218041897 0.0441201813519 16356.1897278 0 0 0 1
image_3698985108538,1,256,1,0,251,0.886514959,/home/anahita/gigapose/gigaPose_datasets/datasets/2026-05-18-v1-v4/stereo_left/EPnPv2_gt_mesh_z_hybrid_labels/3698985108538_0.json,0,7146.973421605526,33.72533880332022,15.774313540236895,3.7434125725879426,29.159773122374556,0.436979084 -0.862934605 0.253758049 -6717.50201 0.0843610055 -0.241556178 -0.966712901 1315.45296 0.89550684 0.443840603 -0.0327569664 25639.4866 0 0 0 1,0.444402813151 -0.861703420826 0.244894577303 -8223.68141801 0.0931642000627 -0.227433737469 -0.969326738632 917.492425238 0.890969455744 0.453586937768 -0.0207922827928 22405.05446 0 0 0 1,-0.0491540953517 -0.998409867287 -0.0275986194611 -4830.69038391 0.0462259724736 0.0253283381462 -0.99860984087 758.88466835 0.997720956802 -0.0503616295755 0.0449074693024 16116.8365479 0 0 0 1
image_3699097465980,1,257,1,0,252,0.730977286,/home/anahita/gigapose/gigaPose_datasets/datasets/2026-05-18-v1-v4/stereo_left/EPnPv2_gt_mesh_z_hybrid_labels/3699097465980_0.json,0,8278.851611425986,33.214862284089655,16.549413915963655,5.101597640226505,27.722188783716906,0.413260557 -0.867347978 0.277350313 -6962.24891 0.11010201 -0.254747719 -0.960719078 1371.92342 0.90393211 0.427564128 -0.00978042849 26450.9424 0 0 0 1,0.420579825126 -0.866686423428 0.268267130257 -8380.58753088 0.119003531707 -0.24043601591 -0.963342452853 882.772974445 0.899416905671 0.437087136076 0.00201620775741 23189.4170408 0 0 0 1,-0.0503767319024 -0.998361051083 -0.0271543916315 -4851.2134552 0.0472802147269 0.0247744675726 -0.998574435711 759.717404842 0.997610509396 -0.0515887923539 0.0459546670318 15701.5762329 0 0 0 1
image_3699201015400,1,258,1,0,253,0.627058552,/home/anahita/gigapose/gigaPose_datasets/datasets/2026-05-18-v1-v4/stereo_left/EPnPv2_gt_mesh_z_hybrid_labels/3699201015400_0.json,0,9951.902316479196,35.68170658231359,17.418689263016656,7.250850632283571,31.562570412751413,0.46480842 -0.865174576 0.188218188 -7212.96945 -0.107534278 -0.266164814 -0.957910576 1443.29762 0.878856935 0.425004994 -0.21675157 27697.3076 0 0 0 1,0.472678188956 -0.862756819854 0.179516016094 -8826.02542561 -0.0985138676555 -0.254165670058 -0.962130360613 1735.82708543 0.875711338291 0.437093218959 -0.205132079767 24503.4107315 0 0 0 1,-0.0501236207783 -0.998387932777 -0.0266300458461 -4853.35826874 0.0474572069943 0.0242525711656 -0.998578846455 750.03683567 0.997614920139 -0.051316190511 0.0461650751531 15432.220459 0 0 0 1
image_3699307756031,1,259,1,0,254,0.9586889,/home/anahita/gigapose/gigaPose_datasets/datasets/2026-05-18-v1-v4/stereo_left/EPnPv2_gt_mesh_z_hybrid_labels/3699307756031_0.json,0,11120.235959279844,32.19290842416089,12.633857816023045,6.042031172758002,29.73961913503599,0.438326911 -0.889263229 0.130692112 -7439.8592 -0.0842686728 -0.185423031 -0.979038861 1558.889 0.894856586 0.418125829 -0.156212937 28670.6265 0 0 0 1,0.446825396837 -0.886333074076 0.1214938107 -8963.176978 -0.0759647278389 -0.172903944437 -0.982004881409 1762.43923083 0.891390164009 0.429555476703 -0.144587924851 25426.1588217 0 0 0 1,-0.0495092310011 -0.998385131359 -0.0278562381864 -4847.99432755 0.0482917428017 0.0254649333656 -0.998508632183 752.141237259 0.997605621815 -0.0507806055248 0.0469530038536 15144.903183 0 0 0 1
image_3699384678986,1,260,1,0,255,0.44298329,/home/anahita/gigapose/gigaPose_datasets/datasets/2026-05-18-v1-v4/stereo_left/EPnPv2_gt_mesh_z_hybrid_labels/3699384678986_0.json,0,11267.046542328946,18.10782485612684,7.078270670751915,1.5312637151532311,16.702748057578848,0.229086276 -0.968523701 0.0973720625 -7643.56164 0.00501680572 -0.0988562229 -0.995089081 1719.35858 0.973393194 0.228449748 -0.0177877087 29370.9446 0 0 0 1,0.238652549789 -0.967314783784 0.0857150474427 -8416.54928468 0.0125049003057 -0.0851970286361 -0.996285648823 1597.35670034 0.971024504466 0.238837967959 -0.00823631316945 25867.2171683 0 0 0 1,-0.0495538003743 -0.998386025429 -0.0277461353689 -4860.09263992 0.0485318787396 0.0253404844552 -0.998500168324 761.275649071 0.997591733932 -0.0508260726929 0.0471978262067 15208.937645 0 0 0 1
image_3699487752505,1,261,1,0,256,0.803564034,/home/anahita/gigapose/gigaPose_datasets/datasets/2026-05-18-v1-v4/stereo_left/EPnPv2_gt_mesh_z_hybrid_labels/3699487752505_0.json,0,12345.689964032948,25.98067818202463,15.604210666554307,2.3244144206480795,20.392669815762925,0.293652241 -0.922188295 0.251668651 -7845.40323 0.0686575298 -0.2422487 -0.967781851 1828.01661 0.953443499 0.301470257 -0.00782170335 30072.1307 0 0 0 1,0.301725404249 -0.922418614289 0.241051198751 -8835.17139777 0.0774761552604 -0.228275771879 -0.970508947673 1486.31480714 0.950241667487 0.311502924417 0.00258884816352 26638.1681009 0 0 0 1,-0.0501898899674 -0.998342096806 -0.0281793307513 -4871.49715424 0.0490463674068 0.0257170889527 -0.998465359211 753.606557846 0.997534751892 -0.0514950603247 0.0476743094623 14969.042778 0 0 0 1
image_3699695349660,1,262,1,0,257,1.0,/home/anahita/gigapose/gigaPose_datasets/datasets/2026-05-18-v1-v4/stereo_left/EPnPv2_gt_mesh_z_hybrid_labels/3699695349660_0.json,0,13210.587412471414,7.379221699110903,1.064872065556401,4.691758487971602,5.553445798559396,0.0331300042 -0.998809025 -0.0358180669 -7988.51267 -0.0401860872 0.0344775181 -0.998597206 1849.3387 0.99864282 0.0345229176 -0.0389959863 30774.46 0 0 0 1,0.0438934587097 -0.997825530406 -0.049168838399 -8071.61358187 -0.0340780144419 0.0476922004504 -0.99828059364 1883.85879843 0.998454833197 0.0454935644173 -0.0319105372472 27185.5321824 0 0 0 1,-0.0506020188332 -0.998355865479 -0.0269234403968 -4890.99931717 0.050344157964 0.0243738535792 -0.9984344244 743.891716003 0.997449278831 -0.0518782101572 0.0490280129015 14414.3228531 0 0 0 1
image_3699788333696,1,263,1,0,258,0.606890497,/home/anahita/gigapose/gigaPose_datasets/datasets/2026-05-18-v1-v4/stereo_left/EPnPv2_gt_mesh_z_hybrid_labels/3699788333696_0.json,0,13577.949600463844,11.075674581691807,0.2673317595643306,5.066559980501828,9.860350341339258,-0.232531722 -0.972583981 0.00306559494 -8072.37988 -0.0405354719 0.00654213267 -0.999156682 1782.54886 0.971743728 -0.23245989 -0.040945404 31123.6757 0 0 0 1,-0.222276378365 -0.974913589009 -0.0116921038611 -7199.05816825 -0.0341291267651 0.019764937128 -0.999221971903 1819.3712022 0.974386172658 -0.22170440065 -0.0376662281111 27641.6570957 0 0 0 1,-0.0505568794906 -0.998363077641 -0.0267451982945 -4899.37353134 0.0508679300547 0.0241705961525 -0.998412907124 743.467211723 0.997425019741 -0.0518370904028 0.0495626665652 14303.194046 0 0 0 1
image_3699891988022,1,264,1,0,259,0.95227898,/home/anahita/gigapose/gigaPose_datasets/datasets/2026-05-18-v1-v4/stereo_left/EPnPv2_gt_mesh_z_hybrid_labels/3699891988022_0.json,0,13853.591039039457,3.327760899541083,0.9831493483519668,1.8874440043709027,2.542444689746422,-0.0173894837 -0.999398402 -0.0300073422 -8120.20306 0.0103576695 0.0298302092 -0.999501314 1762.8299 0.999795141 -0.017691618 0.00983270639 31120.4451 0 0 0 1,-0.00665358374799 -0.999022487106 -0.0437012669174 -8021.37645275 0.0165167402536 0.0435864795603 -0.998913117081 1616.07550206 0.999841450703 -0.00736815461778 0.0162105886121 27534.7517625 0 0 0 1,-0.0501126125455 -0.998385131359 -0.0267579928041 -4897.22681046 0.0505521595478 0.0242217406631 -0.998427689075 727.745652199 0.997463464737 -0.0513864569366 0.0492567010224 14067.2893524 0 0 0 1
image_3699984042635,1,265,1,0,260,0.549058041,/home/anahita/gigapose/gigaPose_datasets/datasets/2026-05-18-v1-v4/stereo_left/EPnPv2_gt_mesh_z_hybrid_labels/3699984042635_0.json,0,13921.48357074443,5.430818443142688,1.4877493267984847,1.254006994633909,5.08689270698236,0.0291415504 -0.998846959 -0.0381513184 -8164.94183 0.0642841238 0.0399612862 -0.997131209 1852.53672 0.997506051 0.0266054253 0.0653745354 31056.7821 0 0 0 1,0.0399208245919 -0.997873296919 -0.0515287455565 -8233.98293744 0.0703168633208 0.0542476085279 -0.996048561382 1512.13833334 0.996725572468 0.0361397401322 0.0723329294861 27483.5675056 0 0 0 1,-0.0493707060814 -0.998429715633 -0.0264709126204 -4897.03559875 0.0508026406169 0.0239585861564 -0.998421311378 729.178667068 0.997487723827 -0.0506375692785 0.0495400056243 13990.6263351 0 0 0 1
image_3700087752796,1,266,1,0,261,0.645862967,/home/anahita/gigapose/gigaPose_datasets/datasets/2026-05-18-v1-v4/stereo_left/EPnPv2_gt_mesh_z_hybrid_labels/3700087752796_0.json,0,13577.453385632576,7.383237905702751,6.042758810738865,1.9167651907657803,3.8895959470563173,0.00843984967 -0.995722156 0.0920117224 -8243.12495 0.00930164061 -0.0919328444 -0.995721764 2051.7921 0.999921121 0.00925960197 0.00848595025 31427.9568 0 0 0 1,0.0183445966257 -0.996743360878 0.0785248265917 -8223.89104601 0.0167204876689 -0.0782212249106 -0.996795799031 1914.07185263 0.999691902973 0.0195987902414 0.01523109825 27840.595171 0 0 0 1,-0.0486105009913 -0.998473882675 -0.0262106880546 -4892.00496674 0.0518677420914 0.0236828755587 -0.998373150826 765.367925167 0.997470259666 -0.049890935421 0.0506373383105 14728.5299301 0 0 0 1
image_3700288042215,1,267,1,0,262,1.0,/home/anahita/gigapose/gigaPose_datasets/datasets/2026-05-18-v1-v4/stereo_left/EPnPv2_gt_mesh_z_hybrid_labels/3700288042215_0.json,0,16478.543985455675,7.574411727751317,6.376390682369443,1.9408633481052882,3.71046481920807,0.00790121036 -0.995081683 0.0987421674 -8501.69624 0.0098135372 -0.0986633322 -0.99507248 2222.71589 0.99992063 0.00883128692 0.00898571137 32474.0742 0 0 0 1,0.0177556460018 -0.996200547741 0.0852596405408 -8479.82504908 0.0172991225014 -0.0849542324016 -0.996234670067 2083.49653232 0.999692691947 0.0191637071083 0.015724978038 28886.7855438 0 0 0 1,-0.0460988394916 -0.998616755009 -0.0252890512347 -4865.66257477 0.0527296103537 0.0228480920196 -0.998347401619 714.649796486 0.997544288635 -0.0473561696708 0.0516033954918 12867.8436279 0 0 0 1
image_3700388032489,1,268,1,0,263,0.637606411,/home/anahita/gigapose/gigaPose_datasets/datasets/2026-05-18-v1-v4/stereo_left/EPnPv2_gt_mesh_z_hybrid_labels/3700388032489_0.json,0,19048.596221680073,7.258341920674501,4.4766313689938295,1.0550244247151974,5.575649280027086,0.0419222469 -0.996893439 0.0666783108 -8998.19097 0.060563192 -0.0640787465 -0.996105423 2365.92405 0.997283623 0.0457972288 0.0576887237 34195.1926 0 0 0 1,0.0520008843848 -0.997218301566 0.0534000719252 -9101.79963258 0.067686833563 -0.049829951117 -0.996461473536 2043.11959366 0.996350540875 0.0554313596362 0.0649073476569 30621.1804576 0 0 0 1,-0.0457037501037 -0.998628139496 -0.0255515091121 -4859.68065262 0.0518089942634 0.0231742486358 -0.998388111591 686.10727787 0.99761068821 -0.0469538532197 0.0506787709892 12100.5983353 0 0 0 1
image_3700583981740,1,269,1,0,264,0.627024417,/home/anahita/gigapose/gigaPose_datasets/datasets/2026-05-18-v1-v4/stereo_left/EPnPv2_gt_mesh_z_hybrid_labels/3700583981740_0.json,0,21148.85264755734,14.217015132205741,11.058102350274796,4.919655814205382,7.969800501256828,0.0835046103 -0.981606543 0.17168452 -9732.68381 -0.0450348131 -0.175827587 -0.983390322 2480.18514 0.995489249 0.0743858453 -0.0588888814 36600.2238 0 0 0 1,0.092738640192 -0.982933127648 0.158877345135 -9974.71638479 -0.0368068845911 -0.162840202897 -0.985965679784 2542.10356843 0.995009948227 0.0855893362696 -0.0512802852436 33018.8711784 0 0 0 1,-0.0437059737742 -0.99874329567 -0.0245300848037 -4846.11988068 0.0525811724365 0.0222198981792 -0.998369455338 697.179675102 0.997659802437 -0.0449245721102 0.0515439510345 12584.397316 0 0 0 1
image_3700687688065,1,270,1,0,265,0.367879441,/home/anahita/gigapose/gigaPose_datasets/datasets/2026-05-18-v1-v4/stereo_left/EPnPv2_gt_mesh_z_hybrid_labels/3700687688065_0.json,0,24528.375895120127,12.118483637325625,10.485812453966286,1.8935554146960614,5.95793779086904,0.0504955551 -0.984380511 0.168657071 -10678.1379 0.00882382278 -0.168426187 -0.985674774 2645.26532 0.998685305 0.0512603949 0.000181225364 39568.9207 0 0 0 1,0.0597809800711 -0.9860105181 0.155593996468 -10801.945674 0.0169843647055 -0.154845478757 -0.9877926956 2513.38666918 0.99806701435 0.0616938805648 0.00748994775447 35983.4249299 0 0 0 1,-0.0432814620435 -0.998763382435 -0.0244607254863 -4843.30034256 0.0525860749185 0.0221722759306 -0.998370289803 682.899832726 0.997678041458 -0.0444971956313 0.0515614002943 12260.3330612 0 0 0 1
image_3700785829234,1,271,1,0,266,0.908167451,/home/anahita/gigapose/gigaPose_datasets/datasets/2026-05-18-v1-v4/stereo_left/EPnPv2_gt_mesh_z_hybrid_labels/3700785829234_0.json,0,27526.459862100262,11.858807985026251,10.104072762594667,1.0847238467328655,6.025627293059858,0.0545868339 -0.984730496 0.165306161 -11833.0422 0.0606531377 -0.161977234 -0.984928714 2860.67151 0.996665177 0.0637904775 0.0508851701 42129.983 0 0 0 1,0.0638973428054 -0.986271896912 0.152265800484 -11971.8798276 0.0687368627517 -0.147865676203 -0.98661592558 2542.6438891 0.995586447212 0.0735084094949 0.0583450123176 38556.7375813 0 0 0 1,-0.0416330322623 -0.998836636543 -0.0243295170367 -4842.31138229 0.0524587146938 0.0221317838877 -0.998377859592 677.301287651 0.99775493145 -0.0428418256342 0.0514762736857 12035.1285934 0 0 0 1
image_3700888685824,1,272,1,0,267,0.816655985,/home/anahita/gigapose/gigaPose_datasets/datasets/2026-05-18-v1-v4/stereo_left/EPnPv2_gt_mesh_z_hybrid_labels/3700888685824_0.json,0,30178.45279668571,14.902502819939835,9.72453273994507,9.62655311944932,5.1717526612569324,0.0424632091 -0.98522397 0.165923492 -12770.9868 0.207313117 -0.153769922 -0.966113908 3076.51045 0.977352622 0.0754224132 0.197720287 44283.5694 0 0 0 1,0.0517758522053 -0.986900510441 0.152796086358 -12866.2359194 0.215177172841 -0.138382906968 -0.966720722841 2233.95260997 0.9752015411 0.082931019161 0.205193567958 40795.0848915 0 0 0 1,-0.0418510846794 -0.998822629452 -0.0245297402143 -4851.81665421 0.0511260591447 0.0223781745881 -0.998441517353 638.291239738 0.997814953327 -0.0430399812758 0.0501293167472 11744.06147 0 0 0 1
image_3700988091587,1,273,1,0,268,0.79342481,/home/anahita/gigapose/gigaPose_datasets/datasets/2026-05-18-v1-v4/stereo_left/EPnPv2_gt_mesh_z_hybrid_labels/3700988091587_0.json,0,32418.454802865683,40.82660207975211,30.970733580988405,13.402725492745235,27.436037063353254,-0.484220327 -0.805428444 0.341783113 -13491.9274 0.275599914 -0.511154303 -0.814104395 3288.24759 0.830406745 -0.300010499 0.469487314 46036.3473 0 0 0 1,-0.477902726519 -0.815041373263 0.327592038473 -11685.3979042 0.286243233811 -0.497076634582 -0.819133463167 2231.34106059 0.830466010674 -0.297695110163 0.470854357693 43119.5168222 0 0 0 1,-0.0414277948439 -0.998853564262 -0.0239850673825 -4856.00948334 0.0521737672389 0.0218102466315 -0.998399853706 634.035050869 0.997778356075 -0.042612940073 0.0512104034424 11468.8568115 0 0 0 1
image_3701084171740,1,274,1,0,269,0.976692935,/home/anahita/gigapose/gigaPose_datasets/datasets/2026-05-18-v1-v4/stereo_left/EPnPv2_gt_mesh_z_hybrid_labels/3701084171740_0.json,0,34114.304840361576,9.198943571190432,4.887900126984661,0.04405875369167542,7.797000047226929,0.0839914461 -0.991869086 -0.0956093816 -14035.4834 0.0439887317 0.0995455542 -0.994060196 3360.28732 0.995495067 0.079286818 0.0519920382 47528.1008 0 0 0 1,0.0950651226117 -0.989538044763 -0.108522260661 -14307.8456588 0.0493747251868 0.11356887712 -0.992302497131 3090.67990231 0.994245824196 0.0889751018238 0.0596546082961 43958.5586852 0 0 0 1,-0.0408425666392 -0.99887996912 -0.0238856114447 -4861.85503006 0.0520383119583 0.0217465721071 -0.998408317566 628.899753094 0.997809588909 -0.0420205406845 0.0510918460786 11270.6604004 0 0 0 1
image_3701211757881,1,275,1,0,270,0.893553864,/home/anahita/gigapose/gigaPose_datasets/datasets/2026-05-18-v1-v4/stereo_left/EPnPv2_gt_mesh_z_hybrid_labels/3701211757881_0.json,0,36478.11739848686,15.313737129781787,3.3082985685557955,0.04861574720958022,14.955514532011021,0.207133605 -0.975895662 -0.068726462 -14580.11 0.0401867821 0.0786782433 -0.996089733 3429.14574 0.977486927 0.203561762 0.0555150145 49043.259 0 0 0 1,0.217855245333 -0.972646449332 -0.0806100284899 -15292.0492185 0.0458062913471 0.0926926177733 -0.994640569199 3173.78894936 0.974905572855 0.212995218827 0.0647468996332 45533.7810144 0 0 0 1,-0.0413363799453 -0.998844027519 -0.0245304442942 -4870.28169632 0.0525045022368 0.0223459582776 -0.99837064743 618.222236633 0.997764825821 -0.0425570420921 0.0515201054513 10669.631958 0 0 0 1
image_3701287710243,1,276,1,0,271,0.769713212,/home/anahita/gigapose/gigaPose_datasets/datasets/2026-05-18-v1-v4/stereo_left/EPnPv2_gt_mesh_z_hybrid_labels/3701287710243_0.json,0,37125.33770118075,15.832741125760064,2.279973236415307,3.4548903733048286,15.354356486819682,0.212339755 -0.977114373 0.0126226504 -15126.1275 -0.0220863333 -0.0177127649 -0.999599146 3495.96393 0.976946274 0.21197585 -0.0253419978 50582.2408 0 0 0 1,0.222546894602 -0.974921700157 0.000747693967261 -15847.8760069 -0.0154227300758 -0.00428739954959 -0.999871871014 3467.50224997 0.974799989253 0.222506848706 -0.0159901016101 47065.5990363 0 0 0 1,-0.0415271967649 -0.99883544445 -0.0245573557913 -4885.35118103 0.0526211969554 0.0223580114543 -0.998364269733 636.892080307 0.997750759125 -0.0427515730262 0.0516314543784 11708.8260651 0 0 0 1
