scene_id,im_id,gt_index,camera_id,model_count,best_score_model,best_score,best_translation_error_mm_model,best_translation_error_mm,best_depth_error_mm_model,best_depth_error_mm,best_rotation_error_deg_model,best_rotation_error_deg,best_center_error_px_model,best_center_error_px,best_gt_bbox_center_error_px_model,best_gt_bbox_center_error_px,best_add_mm_model,best_add_mm,best_pred_bbox_iou_model,best_pred_bbox_iou,best_pred_mask_iou_model,best_pred_mask_iou
1,0,0,front,4,finetune3,0.28125,finetune2,1299.6095472345114,finetune2,1299.3334250467906,finetune2,0.7270228700739503,finetune2,1.8062687397380461,finetune3,2.077199735966063,finetune2,1298.5702752662182,finetune2,0.8353376503237743,finetune2,0.7924723756906077
1,0,1,front,4,finetune3,0.125,finetune,522.8642736505694,finetune,291.44498933965497,finetune,45.35469501581683,finetune,47.91242321188102,finetune,62.93166360222079,finetune,1172.6141682570749,finetune,0.5834348061968775,finetune,0.44453465644264023
1,5,0,front,4,finetune3,0.2890625,finetune2,1220.378560928072,finetune2,1219.9230620566923,finetune3,1.1972878450777815,finetune2,2.1627922812822664,finetune2,1.9692691975091938,finetune2,1219.4765483358049,finetune2,0.8278790712170796,finetune2,0.7994876571960876
1,5,1,front,4,finetune3,0.12890625,original,632.8769340563009,original,568.4929150205908,finetune3,26.906240388375576,original,25.437313347136005,original,39.98588735474196,finetune3,1026.0165785227775,original,0.6780147662018048,original,0.5963486535090714
1,10,0,front,4,finetune3,0.30078125,finetune2,982.9459241964031,finetune2,982.6547232911616,finetune3,1.89860449366667,finetune2,1.6458214812507848,finetune,2.1295797545401367,finetune2,982.7745415714935,finetune2,0.8467741935483871,finetune2,0.8363266283524904
1,10,1,front,4,finetune3,0.13671875,finetune,160.7942206507689,finetune,42.60147279939247,finetune3,27.005463792786497,finetune,17.955056056405443,original,36.513932660851005,finetune,990.9346283902466,original,0.846936084166105,finetune2,0.6944424290793005
1,15,0,front,4,finetune3,0.27734375,finetune2,1389.4800042033196,finetune2,1387.3836279761563,finetune2,2.972952407076689,finetune3,3.9587616493408366,finetune,2.1709040162527105,finetune2,1389.394323154761,finetune2,0.8304083975725767,finetune2,0.7787254782502742
1,15,1,front,4,finetune3,0.1484375,original,949.5933411822563,finetune2,63.02727836784925,finetune3,27.05740157549696,finetune,37.4580361168458,finetune3,57.97055829626185,finetune3,1358.6785948190027,original,0.6847627449744785,original,0.5054623560345147
1,20,0,front,4,finetune3,0.34375,finetune2,2072.42978408661,finetune2,2064.0317052543196,finetune2,4.295275302790928,finetune,5.406426913897389,original,2.2549648020604787,finetune2,2071.740737425551,finetune2,0.7211678832116788,finetune,0.6875
1,20,1,front,4,finetune3,0.13671875,original,1737.7013149036516,original,1486.9395435568294,finetune,27.168572341816233,finetune3,39.00770882758709,original,58.36974534246836,original,1736.8398402059913,original,0.5765528702998407,original,0.4976022540677713
1,25,0,front,4,finetune3,0.32421875,finetune3,1537.479071238718,finetune3,1526.0595086533376,finetune3,6.053719768519181,finetune,6.40307918651858,finetune2,5.172865611293861,finetune3,1538.050740511295,finetune3,0.7438311688311688,finetune3,0.6541193181818182
1,25,1,front,4,finetune3,0.1484375,original,1621.1760100503614,original,1386.9808090354045,finetune2,27.252419897250473,original,18.730426479625557,original,64.84074630717231,original,1620.7673163527888,original,0.6776234961403834,original,0.6901050315509797
1,30,0,front,4,finetune3,0.19921875,finetune,2897.0558745049834,finetune,2891.893087020904,finetune2,0.9022020547708127,finetune3,2.9812747129999573,original,2.200271467528667,finetune,2896.8727768816284,original,0.7459935897435898,finetune,0.6117543602520885
1,30,1,front,4,finetune3,0.171875,original,265.29233402419436,original,37.51018166961694,original,22.466231712316215,original,23.697511226969063,original,41.22674323286876,original,594.4555317862065,original,0.520498430514601,finetune2,0.40784665241674134
1,35,0,front,4,finetune3,0.3359375,finetune3,2570.3339523104964,finetune3,2472.523421702459,finetune3,15.081707381267336,finetune2,0.6777126624035116,finetune,1.3997529755425415,finetune3,2604.786330657509,original,0.7191463037426539,finetune,0.6203531598513011
1,35,1,front,4,finetune3,0.1796875,finetune,1009.7815880820579,finetune,961.2360712254304,finetune,1.980753747091049,finetune2,15.662273683840688,finetune2,23.43304601611637,finetune,1009.5105386062969,original,0.7841161653578308,finetune2,0.5619144284821986
1,40,0,front,4,finetune3,0.1484375,finetune2,6440.75435538323,finetune2,6017.292076944301,finetune,2.5839770971265623,original,10.428131785326707,original,11.989319730975101,finetune2,6438.177613083683,finetune2,0.5660377358490566,finetune2,0.475619295958279
1,40,1,front,4,finetune3,0.1875,finetune2,653.2302263035988,finetune2,619.2125096566378,finetune3,10.837620002227329,finetune2,5.421070434069241,finetune2,2.8061242832687,finetune2,778.1902579559501,finetune2,0.8588334742180896,finetune2,0.6936949339207048
1,45,0,front,4,finetune3,0.265625,finetune2,1981.1523255824666,finetune2,1973.1758169789864,original,166.9933609808537,finetune3,2.5598733209397753,finetune2,1.5462785893108646,finetune2,3302.7483594590294,finetune2,0.8641686182669789,finetune2,0.7691633815155497
1,45,1,front,4,finetune3,0.30859375,finetune2,2413.3704500311883,finetune2,2327.532082198537,finetune2,15.266665672531364,finetune2,0.022795387501485086,original,0.4237128246319132,finetune2,2449.1112038293027,original,0.7384169884169884,finetune,0.6230097586029789
1,50,0,front,4,finetune3,0.35546875,finetune2,5738.542533525509,finetune2,5734.02908624486,finetune3,3.211236588725274,finetune,0.5327164540684266,finetune,0.9543105333616239,finetune2,5734.980677214956,finetune2,0.721875,finetune2,0.6884253028263796
1,50,1,front,4,finetune3,0.1640625,finetune2,1817.1906569489463,finetune2,1796.0654158548532,original,2.8009590522131735,finetune2,2.257760588571755,finetune2,2.904496787978573,finetune2,1816.9460341287293,finetune2,0.8079545454545455,finetune2,0.7605786618444846
1,55,0,front,4,finetune3,0.203125,finetune3,7772.7085060786085,finetune3,7738.825136795327,finetune2,167.54019253591537,finetune3,1.132808508102585,finetune3,0.6383192343012024,finetune3,8351.171142301837,finetune3,0.7686274509803922,finetune3,0.7065868263473054
1,55,1,front,4,finetune3,0.18359375,finetune3,4200.987842416934,finetune3,4182.769484671302,original,3.686218319412235,original,3.066859137054111,original,0.8810302695888473,finetune3,4919.6452169653585,finetune3,0.6956521739130435,original,0.6317747077577046
1,60,0,front,4,finetune3,0.3046875,finetune2,6856.2795268280515,finetune2,6833.4693461688075,finetune3,2.5772242721133116,finetune2,1.3873674719147249,finetune2,0.8705626015537992,finetune3,6875.2191801042945,finetune3,0.7619047619047619,finetune2,0.7106017191977078
1,60,1,front,4,finetune3,0.22265625,finetune3,2463.1544772017637,finetune3,2447.4486857029333,finetune3,2.0792218743043955,finetune3,3.3729523518065814,finetune3,2.8568111541721337,finetune3,2458.2241109298543,finetune3,0.7828769764751253,finetune3,0.6746252082176568
1,65,0,front,4,finetune3,0.21484375,original,9831.547543566248,original,9808.823392270664,original,15.44982850768134,finetune2,0.8676174132811086,finetune2,1.534927494751194,original,9847.875851081491,finetune,0.7326007326007326,finetune2,0.6173826173826173
1,65,1,front,4,finetune3,0.25,finetune2,3024.917298407185,finetune2,3014.535751635718,finetune3,1.9299421614588548,original,2.5708556820441357,original,1.5842464921486366,finetune2,3020.2982912739717,finetune2,0.8018691588785046,finetune2,0.7004048582995951
1,70,0,front,4,finetune3,0.23828125,finetune3,10969.506177818052,finetune3,10957.396941078696,finetune,23.861165017704753,finetune2,0.3214579813282321,finetune2,0.348984265291888,finetune3,11525.973569141412,finetune3,0.6513157894736842,finetune3,0.6666666666666666
1,70,1,front,4,finetune3,0.2265625,finetune2,5620.495919508696,finetune2,5608.825288885666,finetune2,179.74309521154305,finetune,0.7132959222371917,finetune,0.1521422428768331,finetune2,6243.2021983798195,original,0.832579185520362,finetune2,0.7195121951219512
1,75,0,front,4,finetune3,0.25390625,finetune3,8817.688018219447,finetune3,8801.802574044137,finetune3,4.7462526144256705,finetune3,0.9075223698721657,finetune3,1.1156020092899497,finetune3,8814.837443670047,finetune3,0.7775467775467776,finetune3,0.7467948717948718
1,75,1,front,4,finetune3,0.19921875,finetune,9708.216094103713,finetune,9704.047155632747,finetune3,22.99344181129646,original,4.507167734407039,original,5.621195733463099,finetune,9743.576676487746,finetune,0.5208503679476697,finetune2,0.4692429022082019
1,80,0,front,4,finetune3,0.171875,finetune3,15734.123011241736,finetune3,15716.474707826346,finetune3,19.69038654930954,finetune2,2.7675540275041,finetune2,3.055464637966455,finetune3,15749.633074991494,finetune,0.6763285024154589,finetune3,0.5652818991097923
1,80,1,front,4,finetune3,0.1796875,original,7830.995216029002,original,7792.732994498139,finetune,3.185179309639107,finetune,3.21370413526956,finetune,2.0237716720141528,original,8360.163300597509,finetune3,0.5745590593265634,finetune,0.5190434012400355
1,85,0,front,4,finetune3,0.17578125,finetune3,9023.502510911772,finetune3,9020.547401821372,finetune3,19.4059702407078,finetune,3.8420130066813236,finetune,3.48270728994783,finetune3,9048.137949068963,finetune3,0.6060606060606061,finetune3,0.6086956521739131
1,85,1,front,4,finetune3,0.18359375,finetune,10849.943056582042,finetune,10847.021418279073,finetune2,22.630439805425,original,6.072618435329109,original,7.264588949530701,finetune,10887.477794394385,original,0.5337136929460581,original,0.4842454394693201
1,90,0,front,4,finetune3,0.21875,finetune3,12367.124712254807,finetune3,12355.349987310314,original,105.27130205759626,finetune3,0.9805094102160238,finetune3,0.5447848583122251,finetune3,12927.030549529332,finetune3,0.6593406593406593,finetune3,0.637478108581436
1,90,1,front,4,finetune3,0.17578125,finetune2,1226.0861034936722,finetune2,1218.2371893682866,finetune,23.082582954840017,finetune2,2.2335027566906236,finetune2,1.9837168924125061,finetune2,2969.2780989592607,finetune2,0.8051948051948052,finetune2,0.712171052631579
1,95,0,front,4,finetune3,0.0234375,finetune3,20320.499839496188,finetune3,20284.579319612458,finetune3,112.89053355774335,finetune2,3.73201974678421,finetune2,3.717848080308357,finetune3,20736.675589688446,finetune,0.48598130841121495,finetune3,0.44871794871794873
1,95,1,front,4,finetune3,0.15625,finetune,8730.68535873693,finetune,8721.564015406184,finetune3,14.40125021389527,original,6.907318125674348,original,8.098286969442363,finetune,8774.986361502071,original,0.5638406537282942,finetune2,0.4719446579554189
1,100,0,front,4,finetune3,0.0859375,finetune2,17759.751376237786,finetune2,17740.476760217156,original,106.40912373204297,finetune3,2.28312163977134,finetune3,1.3041191850162257,finetune2,18185.269223216095,finetune3,0.45569620253164556,finetune2,0.45454545454545453
1,100,1,front,4,finetune3,0.1875,finetune3,4371.913869362307,finetune3,4366.851970414427,finetune3,4.498684656287141,finetune3,2.898433332305327,finetune3,2.548493406268968,finetune3,4380.028791719714,finetune3,0.7026143790849673,finetune3,0.6683630195080577
1,105,0,front,4,finetune3,0.140625,finetune3,21555.16207742257,finetune3,21540.826481227537,finetune3,21.326709718473793,original,1.3769588862718614,original,1.5090739360028087,finetune3,21580.21608929627,original,0.6316348195329087,finetune2,0.6057142857142858
1,105,1,front,4,finetune3,0.1640625,finetune3,10677.937745174659,finetune3,10640.76694674728,finetune3,18.937673366650667,finetune2,7.6659807756366485,finetune2,9.237320492670918,finetune3,10697.229503763516,finetune3,0.5809290953545232,finetune3,0.4851031321619557
1,110,0,front,4,finetune3,0.19921875,finetune3,5715.411905102765,finetune3,5709.646799667629,finetune3,7.4097247373731765,finetune3,2.1842461002231595,finetune3,2.236058800904271,finetune3,5716.27476409565,original,0.7127882599580713,finetune3,0.6128404669260701
1,110,1,front,4,finetune3,0.1953125,finetune,9780.490717173903,finetune,9775.67698350994,finetune2,22.231489307574886,finetune2,6.839428104478057,finetune2,8.611257659681094,finetune,9820.128675341317,original,0.5240641711229946,finetune2,0.44717261904761907
1,115,0,front,4,finetune3,0.2265625,finetune3,10132.248941332842,finetune3,10111.447812174352,finetune2,113.61590206660479,finetune3,2.1637466371983103,finetune3,2.3334281599809787,finetune3,10691.330842633826,finetune3,0.6868686868686869,finetune3,0.6322869955156951
1,115,1,front,4,finetune3,0.171875,finetune2,1827.7225130448567,finetune2,1826.9883331125238,finetune3,19.142111823949005,finetune2,1.4807950921904578,finetune2,1.095614746733633,finetune2,3231.933218553496,finetune2,0.7129629629629629,finetune2,0.6635006784260515
1,120,0,front,4,finetune3,0.1640625,finetune3,22999.154221176388,finetune3,22926.858698433105,finetune3,26.983650757683755,finetune,4.155239143515648,finetune,3.8461656519473757,finetune3,23020.347113724634,original,0.656891495601173,original,0.5819477434679335
1,120,1,front,4,finetune3,0.3125,finetune2,1586.7190850070563,finetune2,1585.5646804690477,finetune2,7.896358109989745,finetune2,1.2353646787352042,finetune2,1.075962594593895,finetune2,1595.288318193841,finetune2,0.8015625,finetune2,0.7825567502986858
1,125,0,front,4,finetune,0.08984375,finetune3,45733.575641835894,finetune3,45564.901243899585,original,17.43276326763037,finetune2,4.172811410372437,finetune2,2.4674588304135896,finetune3,45749.350428332255,finetune3,0.6578947368421053,finetune2,0.46568627450980393
1,125,1,front,4,finetune3,0.25390625,finetune2,5313.098691879998,finetune2,5309.737715674717,original,5.584188440778284,finetune,0.6442367497302199,finetune3,0.5124811339832244,finetune2,5314.140886155923,finetune2,0.6923076923076923,finetune2,0.7013774104683196
1,130,0,front,4,finetune3,0.0625,finetune3,132295.47364138273,finetune3,132050.82525397144,finetune,96.57680098720002,original,5.465023922911739,finetune,2.7866224281149616,finetune3,132754.55834623968,finetune2,0.4700854700854701,original,0.225
1,130,1,front,4,finetune3,0.3828125,finetune3,5701.159663708666,finetune3,5679.256452600865,finetune,5.124913589944127,original,1.216282467419492,finetune,0.9559290391809458,finetune3,5702.480080432292,finetune3,0.7602413464591934,finetune2,0.7275779376498801
1,135,0,front,4,finetune3,0.30078125,finetune3,13683.972109482716,finetune3,13679.760368318683,finetune3,4.079704800083589,finetune3,1.5048184172950356,finetune3,1.6127489597585734,finetune3,13687.352644963961,finetune3,0.6580645161290323,original,0.5703883495145631
1,135,1,front,4,finetune3,0.34765625,finetune2,5405.276038319333,finetune2,5378.3115196105755,finetune3,1.952275246756443,original,2.4550546421015564,original,1.7592636358532456,finetune2,5409.6226775177565,finetune2,0.7504,finetune2,0.6940088459991958
1,140,0,front,4,finetune2,0.01953125,finetune3,43535.740536701844,finetune3,43524.13537026299,finetune,13.384937697949137,finetune2,1.9069171550712989,finetune3,1.6568017585008983,finetune3,43825.79220651047,original,0.5563063063063063,finetune3,0.05656108597285068
1,140,1,front,4,finetune3,0.34765625,finetune3,3224.38031734472,finetune3,3204.9768826065847,finetune3,1.9834351479185486,original,4.193461623399803,original,0.6364065190108595,finetune3,3223.4617073417444,finetune3,0.7404718693284936,finetune3,0.637432881615955
1,145,0,front,4,finetune3,0.1640625,finetune,7832.882938025818,finetune,7648.162108736178,finetune,3.0133496566535225,original,4.945989488648552,original,6.016240561846653,finetune,7834.148083250918,finetune,0.6064139941690962,finetune,0.3876363636363636
1,145,1,front,4,finetune,0.37109375,finetune2,1745.2739990957841,finetune2,1741.6474876887369,finetune3,4.780537337046779,finetune2,0.9614603597910868,finetune2,1.1606227137749028,finetune2,1748.4347088242307,finetune3,0.8258848766535574,finetune2,0.7839776106349484
1,150,0,front,4,finetune3,0.171875,finetune3,4303.219485097675,finetune3,4150.752875017883,finetune,2.7639194182169198,finetune,7.774985526467685,finetune,9.085744178229968,finetune3,4294.737534259383,finetune,0.6741223982603293,finetune,0.4511605415860735
1,150,1,front,4,finetune3,0.28515625,finetune3,1142.2915055992817,finetune3,1133.9480519175395,finetune3,3.722024640885423,finetune3,7.260509891724027,finetune2,1.2932434255214342,finetune3,1143.5180115114708,finetune3,0.7534947153085578,finetune3,0.6673507280367439
1,155,0,front,4,finetune3,0.15625,finetune3,941.7830964915981,finetune3,681.3622041908384,finetune2,16.32851904228155,original,12.069911946056653,original,14.428562607142734,finetune3,1020.8621731337987,original,0.512998266897747,finetune3,0.3898615103214006
1,155,1,front,4,finetune3,0.2265625,finetune3,222.19057882664765,finetune3,37.88390251414785,finetune3,10.313825472635097,finetune2,19.587010691517875,finetune2,6.7860807012582605,finetune3,274.43927532759926,finetune3,0.8180864256415148,finetune3,0.74260720737853
1,160,0,front,4,finetune3,0.12890625,finetune,380.0434427292263,finetune,346.76419807573984,finetune2,27.36814051351329,finetune2,10.494046249205491,finetune2,11.803023913564223,finetune,749.1043930498901,original,0.5437984931968964,finetune,0.47351524879614765
1,160,1,front,4,finetune3,0.2421875,finetune2,251.73278174104192,finetune2,47.053541621869954,finetune2,18.405675769873504,finetune3,28.386948708270058,finetune,8.477037266845599,finetune2,436.0450110666653,finetune3,0.7914916770101849,original,0.6096325856612081
1,165,0,front,4,finetune3,0.12109375,finetune3,480.1302109574583,finetune3,72.36477072657362,finetune,29.59466822144511,finetune,16.40201375366115,finetune,17.961720185127117,finetune3,855.3598850638122,finetune2,0.5408567004988818,finetune2,0.39050207409526533
1,165,1,front,4,finetune3,0.2578125,finetune,148.50220013578223,finetune,28.61340028092127,finetune,23.003788910212926,finetune,19.077636892643003,finetune2,14.132181286222812,finetune,561.7630747665153,finetune,0.6000266678519045,finetune3,0.5079722621883623
1,170,0,front,4,original,0.05859375,original,1077.0945491933398,finetune2,829.6803434358262,finetune,25.878016853034556,finetune2,10.933225720170038,finetune2,12.375252126482245,original,1270.975664074105,original,0.6132416787264834,finetune2,0.27849616858237547
1,170,1,front,4,finetune3,0.27734375,finetune3,420.7017995532039,finetune3,380.7713671021429,finetune3,35.448837845080796,finetune3,3.336965410749071,original,26.005002473147783,finetune3,928.557559293244,original,0.5602114492006188,finetune2,0.4768914633930311
1,175,0,front,4,finetune3,0.1640625,finetune3,1511.3427813448611,finetune3,1065.0693122367084,finetune2,25.446460026228365,finetune2,10.6683167537148,finetune2,12.07362443989281,finetune3,1636.5845964062291,finetune2,0.5925122083559414,finetune2,0.4952076677316294
1,175,1,front,4,finetune3,0.2734375,finetune3,183.58438875755178,finetune3,122.53405305347042,finetune3,29.799004885949387,original,4.058622045203221,finetune,11.253485312591012,finetune3,686.0388163728055,original,0.6251507113576079,finetune,0.5569055801014564
1,180,0,front,4,finetune3,0.15625,finetune3,3360.671963133761,finetune3,2691.684216073467,finetune,19.03599876302331,finetune2,8.597370567675878,finetune2,10.184870459916397,finetune3,3377.084566174478,finetune,0.5923344947735192,finetune2,0.46082337317397076
1,180,1,front,4,finetune3,0.34375,finetune2,203.46104983382224,finetune2,107.87241982149135,finetune,15.586916578627456,finetune2,12.107224074512386,finetune,3.2435201870516903,finetune2,421.0404661980223,finetune,0.6566489595867696,finetune,0.5165010645848119
1,185,0,front,4,finetune3,0.15625,finetune3,6649.905488028393,finetune3,6087.450851470283,finetune2,10.211327977347908,finetune3,3.4309800707361067,finetune3,2.7901651682040733,finetune3,6264.537746814227,finetune3,0.5961538461538461,finetune3,0.490105844454671
1,185,1,front,4,finetune3,0.375,finetune3,1085.7933576673922,finetune3,1026.3627536079675,finetune,16.49183212768285,finetune2,2.671550505073869,finetune,2.742934608594306,finetune3,1162.4009597779905,finetune,0.7108540609587339,finetune2,0.5852967829632986
1,190,0,front,4,original,0.02734375,finetune3,236506.7998059487,finetune3,224887.67724674527,finetune3,85.79778040587404,finetune,9.311746436880771,finetune3,0.8792443605677804,finetune3,236725.9196241108,original,0.5238095238095238,finetune2,0.24324324324324326
1,190,1,front,4,finetune3,0.28125,finetune3,455.92716245755696,finetune3,169.06726523911857,finetune3,12.39316693822569,original,5.414094144839208,finetune3,15.097792201647032,finetune3,540.1535360281785,finetune3,0.6682948994660911,finetune2,0.5671342685370742
1,195,0,front,4,finetune3,0.1640625,finetune3,11059.601241735601,finetune3,10986.126614100627,original,18.081724653685843,finetune3,2.204511642350739,finetune3,1.9040652708460204,finetune3,11618.330734864941,finetune3,0.6931677018633541,finetune3,0.6893203883495146
1,195,1,front,4,finetune3,0.2421875,original,1442.254645208002,original,1350.1583871131425,finetune,20.53051529375768,finetune3,3.9788265887077547,finetune2,12.741488248102195,original,1547.2531347052657,finetune3,0.7053031409788166,finetune,0.6076512455516014
1,200,0,front,4,finetune3,0.26171875,finetune3,20446.503297376454,finetune3,20373.510987304784,finetune3,6.330611915118215,original,2.00483608423224,original,2.441417951344223,finetune3,20450.449651669747,finetune3,0.6617647058823529,finetune3,0.5949656750572082
1,200,1,front,4,finetune3,0.265625,finetune3,890.0501358154763,finetune3,889.2446135840182,finetune2,12.403575251750784,finetune3,6.0820085387384495,finetune2,14.29512287853064,finetune3,947.7794053582173,finetune3,0.7845517047846219,finetune,0.7047581648013613
1,205,0,front,4,finetune3,0.26953125,original,16466.589952974173,original,16405.154627084543,finetune2,2.2355059006022304,original,0.8474790245886908,original,0.7220802463116512,original,16467.07506862669,original,0.6904761904761905,original,0.631578947368421
1,205,1,front,4,finetune3,0.28125,finetune3,1515.0183263184074,finetune3,1513.204216538532,finetune,11.633611202215198,finetune3,4.899046206591909,finetune2,14.42472383655641,finetune3,1549.818284596249,finetune3,0.7866507747318237,finetune3,0.6920989728018606
1,210,0,front,4,finetune3,0.18359375,finetune2,14997.709040904494,finetune2,14851.102703232944,finetune2,3.3565601148144704,finetune2,0.8675137453004306,finetune2,0.7570633271178673,finetune2,14994.077778091865,original,0.6232686980609419,finetune2,0.574468085106383
1,210,1,front,4,finetune3,0.33984375,finetune3,1367.7242309973535,finetune3,1345.8752285477258,finetune,3.856514497704737,original,10.437001888175905,original,2.3462761681355184,finetune3,1366.3073952765048,finetune3,0.7712241653418124,finetune3,0.6855480710349051
1,215,0,front,4,finetune3,0.16796875,finetune2,11141.14104662391,finetune2,10993.369955314716,finetune2,168.83782621708676,original,0.8719605422595276,original,0.6642598119240718,finetune2,11699.846020267572,finetune2,0.8089887640449438,original,0.5878220140515222
1,215,1,front,4,finetune3,0.30859375,finetune2,1081.6754975675765,finetune2,1081.2183422943253,finetune2,4.876531122213327,finetune3,3.5176355708970646,finetune,2.581700695439806,finetune2,1086.844226677798,finetune2,0.7961455220035041,finetune2,0.758809234507898
1,220,0,front,4,finetune3,0.00390625,original,39958.28816027957,original,39232.989106467896,original,24.406430632689748,finetune3,8.494494871201015,original,0.8646700760385064,original,39962.02858723916,original,0.6052631578947368,original,0.04371584699453552
1,220,1,front,4,finetune3,0.28125,finetune3,882.103341775062,finetune3,877.820128182233,finetune,6.845068672163319,original,1.110806189300243,finetune,3.08838008374845,finetune,1733.9038331085837,original,0.7627069416206796,finetune,0.692083737695827
1,225,0,front,4,original,0.0078125,original,440411.5041970258,original,432127.30089305644,original,33.141497728710966,original,8.924723751594778,original,0.7421030494098138,original,440353.08264844515,original,0.6,original,0.4666666666666667
1,225,1,front,4,finetune3,0.3046875,finetune3,405.8828161258999,finetune3,283.09831056373696,finetune2,4.783670716350686,finetune2,16.570494556141178,original,7.230987459662453,finetune3,432.71871293665413,finetune3,0.7893924902039431,finetune3,0.5794430063375882
1,230,0,front,4,finetune3,0.1171875,finetune2,12676.936626305456,finetune2,12034.13333599455,finetune3,103.75383670598094,finetune2,1.2544996785258338,finetune2,3.274309220852525,finetune2,13185.76102630455,original,0.8102849200833913,original,0.5503355704697986
1,230,1,front,4,finetune3,0.15625,finetune,915.1700152055893,finetune,859.2654500078006,finetune,14.493143806307897,finetune,20.40177978385555,finetune,30.60641013783989,finetune,961.1137596932076,finetune,0.8491670339356545,finetune2,0.6160539967646567
1,235,0,front,4,finetune3,0.14453125,finetune3,1709.2786794189306,finetune3,1525.771284858456,original,9.702822196032585,original,1.8187622323191783,original,1.7077999828059247,finetune3,1816.394047954219,original,0.7370192307692308,original,0.6191607284243864
1,235,1,front,4,finetune3,0.39453125,finetune2,377.5529869308084,finetune2,372.53723198528314,finetune,3.9535474452629247,finetune3,2.201742628717282,original,4.99770623283083,finetune2,390.4659048345725,finetune3,0.8255995712563083,finetune3,0.7425618641075842
1,240,0,front,4,finetune3,0.16796875,original,146.9272639009548,original,18.27540313449572,finetune,19.77972705941623,finetune3,1.4690189617173572,finetune3,1.65118336237673,original,491.61604201440736,finetune3,0.5618892508143323,finetune3,0.5141342756183745
1,240,1,front,4,finetune3,0.3125,finetune3,458.81870423423373,finetune3,138.16637964483925,original,5.415327182099725,finetune2,8.474636619075808,finetune,6.761058571989371,finetune3,436.98046861156206,finetune2,0.7929287708053344,finetune,0.6859761271709001
1,245,0,front,4,finetune3,0.14453125,finetune2,10240.050249576443,finetune2,8950.362436987038,finetune2,14.172747100111588,finetune2,1.3712141353925364,finetune2,1.1838024394473965,finetune2,10234.36588898477,finetune2,0.5329153605015674,finetune2,0.4980744544287548
1,245,1,front,4,finetune3,0.31640625,finetune2,436.81631140767433,finetune2,436.1457890567244,finetune2,2.90276602216239,finetune2,1.0018995300698228,finetune,12.158060004071933,finetune2,444.1108143483201,finetune2,0.9196196100844606,finetune2,0.8518770642664448
1,250,0,front,4,finetune3,0.20703125,finetune3,25098.9762349477,finetune3,23180.470390282906,finetune,2.7241944079096787,finetune2,1.9119624924179288,original,2.347705289069133,finetune3,25095.880433504026,original,0.6152197213290461,original,0.5286738351254481
1,250,1,front,4,finetune3,0.37109375,finetune2,212.87673328300406,finetune2,202.47454337614545,original,11.309078923965028,finetune3,3.3302970674235772,original,7.419798852956789,finetune2,336.377937868917,finetune2,0.7432128874911752,original,0.5906872966886313
1,255,0,front,4,finetune3,0.03515625,finetune,155892.96581646093,finetune,151330.435485237,finetune3,78.74075804207997,original,7.876983984055921,finetune3,2.5311446936087094,finetune,156157.1845757195,finetune3,0.5925925925925926,finetune,0.43820224719101125
1,255,1,front,4,finetune3,0.37109375,finetune2,456.0605703235355,finetune2,412.5922358317166,finetune3,7.719003409864677,finetune2,9.812121705404904,original,2.7654283413240215,finetune2,498.72124033690915,finetune2,0.7910639883472782,finetune3,0.6307923045097228
1,260,0,front,4,original,0.03515625,original,37051.79836187429,original,36756.03494065243,finetune3,51.418250163943675,finetune3,3.2031365290576725,finetune3,2.644967453766708,original,37262.27349082686,finetune2,0.5550660792951542,finetune3,0.3333333333333333
1,260,1,front,4,finetune3,0.33203125,finetune2,1643.06016035103,finetune2,1615.6060638156978,finetune2,6.944718885582492,finetune2,2.970727372204931,finetune,1.9677095492916301,finetune2,1655.8677033232761,finetune2,0.8242931103146157,finetune2,0.7375776397515528
1,265,0,front,4,finetune3,0.125,original,38176.83915331424,original,38152.027773197275,finetune,88.97550915429774,finetune3,1.8813804457478158,finetune3,2.0466737554831878,original,38536.35808794643,finetune,0.41304347826086957,finetune3,0.4
1,265,1,front,4,finetune3,0.2578125,finetune2,141.49815651684168,finetune2,108.81160881912365,finetune3,2.7724506585396713,finetune2,4.024059486234175,finetune,3.6456502194636142,finetune2,161.34055043240116,finetune2,0.8868258178603006,finetune2,0.7684210526315789
1,270,0,front,4,finetune3,0.1953125,finetune3,9204.78891534024,finetune3,9197.87366058887,original,102.46882654736629,finetune3,0.7106741648345266,finetune3,0.6824112286665837,finetune3,9776.302114835271,finetune3,0.6538461538461539,finetune3,0.7048192771084337
1,270,1,front,4,finetune3,0.21875,finetune2,123.59206274220352,finetune2,7.859069609261496,original,2.9071434012342516,finetune2,6.044270701362163,finetune2,3.0120969028451072,finetune2,2664.699996380501,finetune2,0.8293409296905347,finetune2,0.7516474464579901
1,275,0,front,4,original,0.3203125,finetune3,2096.0664901152386,finetune3,2087.442075056155,finetune,1.2382170021400327,finetune3,3.619081393771812,original,0.5192193098990493,finetune3,2095.5073454901567,finetune3,0.7961904761904762,finetune3,0.7038913193644946
1,280,0,front,4,finetune3,0.15625,finetune,18395.43660876417,finetune,18126.75849387952,finetune,3.1457552919531953,finetune,1.1449629745293874,finetune3,1.4356357268893398,finetune,18389.488377717877,finetune,0.6818181818181818,finetune3,0.6850393700787402
1,280,1,front,4,original,0.328125,finetune2,1268.652391769854,finetune2,1248.5020619327042,finetune2,1.6599073057349332,finetune,4.429574253927,original,0.12724399044342452,finetune2,1270.7565981662333,finetune2,0.8740973312401884,finetune2,0.7651601181012946
1,285,0,front,4,finetune3,0.12890625,original,24790.087886461075,original,23271.232868070394,original,38.316339684856274,finetune3,1.3227105144341496,finetune3,1.3474548120121315,original,24923.826050629777,original,0.7439613526570048,finetune3,0.6700507614213198
1,285,1,front,4,finetune3,0.27734375,finetune3,1566.291564213435,finetune3,1535.0395156564664,original,0.7083907447145805,original,6.006401440786003,finetune,3.6771631897372137,finetune3,1568.0927689778882,finetune3,0.7894273127753304,finetune3,0.6774736842105263
1,290,0,front,4,finetune3,0.1015625,finetune2,4715.232050858524,finetune2,4302.5761295807315,finetune,66.449782987274,finetune3,3.0819066873349388,finetune3,3.1940075263331718,finetune2,5090.104560915042,finetune3,0.6857798165137615,finetune,0.6019184652278178
1,290,1,front,4,finetune3,0.38671875,finetune2,3543.9152228842186,finetune2,3541.109016438175,finetune,7.918854263676238,original,3.0007577881354432,finetune,1.829740892459707,finetune2,3548.5515798055167,finetune2,0.7114023591087811,finetune2,0.6300928557892742
1,295,0,front,4,finetune3,0.1328125,original,3347.4222865123315,original,2242.5871394082787,finetune3,19.004551956458908,finetune3,1.8997471608316587,finetune3,1.9874741863927465,original,3397.52970893765,finetune3,0.6596858638743456,finetune3,0.5844875346260388
1,295,1,front,4,finetune3,0.33984375,finetune2,285.741510885656,finetune2,255.23403405729186,finetune2,5.994793503345242,original,7.023747940961594,finetune2,2.678343318298834,finetune2,302.3139809560346,finetune2,0.8327150999728581,finetune2,0.7764518695306285
1,300,0,front,4,finetune3,0.015625,finetune2,21846.225153433235,finetune2,19343.720455136165,finetune2,62.290924402953465,finetune,1.706864173477192,finetune,1.6013528929341156,finetune2,21724.446528464927,finetune,0.6111111111111112,finetune,0.538235294117647
1,300,1,front,4,finetune3,0.23828125,original,1346.7041280488208,original,1338.909079508745,finetune2,5.413705564852921,finetune3,5.973128859084169,finetune2,2.480479759191196,original,1357.845232952479,original,0.8773006134969326,original,0.6707914825231016
1,305,0,front,4,finetune3,0.15234375,finetune3,59366.53683363802,finetune3,55853.01923747329,finetune3,15.839126662135948,finetune3,0.7929279530088088,finetune3,0.6399753998691278,finetune3,59389.99559005499,finetune3,0.6391304347826087,finetune3,0.5637583892617449
1,305,1,front,4,finetune3,0.265625,finetune2,952.0298828500825,finetune2,947.7774229177794,finetune,5.947203692779775,finetune3,3.7964852778374047,original,9.393196126624913,finetune2,969.4528198490231,finetune2,0.8630705394190872,finetune2,0.7272157845286564
1,310,0,front,4,finetune3,0.109375,original,2794.6446603772556,original,2274.8941104522964,finetune,97.14623612125844,finetune3,1.990146410122332,finetune3,2.328199930128708,original,3065.196940651985,finetune3,0.6545454545454545,finetune3,0.6330935251798561
1,310,1,front,4,finetune3,0.30859375,finetune2,199.30526756930956,finetune2,179.60370920165587,finetune2,6.075013792821687,finetune3,4.421632220437523,original,2.7915952935837036,finetune2,246.12724558407814,finetune3,0.7333834467479031,finetune3,0.7078505483611128
1,315,0,front,4,finetune3,0.359375,finetune2,157.50745606955826,finetune2,56.866350385098485,finetune,0.9325567786062186,finetune2,15.556202781550514,finetune,8.460954250859622,finetune2,161.9536924526966,finetune2,0.8379596337312432,finetune2,0.7256942098506858
1,320,0,front,4,finetune3,0.09375,finetune3,37422.98261199521,finetune3,37344.99303350164,finetune,50.53159992336002,original,1.284369520215175,finetune,1.2564191835395662,finetune3,37802.250390376386,finetune2,0.6521739130434783,finetune,0.4936708860759494
1,320,1,front,4,finetune3,0.328125,finetune2,209.18836974731386,finetune2,189.67756234745866,finetune3,4.523938000072386,finetune3,4.557393193465294,original,4.341679575447355,finetune2,239.85556387601784,finetune3,0.7850899993501852,finetune3,0.7219306466729147
1,325,0,front,4,finetune3,0.0546875,original,21213.770157590778,original,21161.838800717844,finetune3,95.5124526318949,finetune3,1.721438333194517,finetune,1.4739408721301295,original,20744.983290202457,finetune2,0.5806451612903226,original,0.4954954954954955
1,325,1,front,4,finetune3,0.17578125,finetune,878.9857521844275,finetune,815.0817710202327,finetune3,36.94320155858399,original,19.37645970681653,finetune2,76.04616530189284,finetune,1135.9910683155108,finetune3,0.6763082684537302,finetune,0.670808902671253
1,330,0,front,4,finetune3,0.0390625,finetune3,29506.539937889214,finetune3,29062.853510564542,finetune3,76.51621421963904,finetune,1.5215761644513592,finetune,1.7494121856055795,finetune3,29681.350120583767,original,0.5241935483870968,finetune3,0.39849624060150374
1,330,1,front,4,finetune2,0.1015625,finetune2,5679.516892256231,finetune2,4284.900037440828,finetune,85.8940254342085,finetune2,298.96175011811425,finetune3,170.4060206153032,finetune2,5736.109091228747,original,0.5993361521616373,original,0.4791035324980777
1,335,0,front,4,finetune3,0.0703125,finetune2,76697.55392899137,finetune2,75815.82768759178,finetune3,80.06146340713482,finetune3,4.16969383349005,finetune3,3.677236904956917,finetune2,77005.71534847724,finetune2,0.45454545454545453,finetune2,0.375
1,340,0,front,4,finetune3,0.0625,original,14628.885556859239,original,14604.641135502374,finetune,84.89349737424858,finetune,2.0987278804105607,finetune,2.16673139437781,original,15108.735102521461,finetune2,0.48672566371681414,finetune2,0.5483870967741935
1,345,0,front,4,finetune3,0.0625,original,52375.819150358126,original,52374.00471187377,finetune,73.7040099491724,finetune3,1.7365178224129347,finetune3,1.8590887808175587,original,52657.98862739878,finetune3,0.5789473684210527,finetune3,0.3709677419354839
1,350,0,front,4,finetune3,0.0390625,finetune3,17683.175097385843,finetune3,17680.93494365792,finetune2,102.5852677820227,finetune3,2.1539321794389164,finetune3,1.8585238091728924,finetune3,18178.647201682063,finetune3,0.6871165644171779,finetune3,0.44339622641509435
1,355,0,front,4,finetune3,0.1796875,finetune,4843.739857515073,finetune,4794.215600831405,original,4.781565909036913,finetune,1.8912957821494965,finetune,2.349274469014254,finetune,4833.321135358623,finetune,0.6779661016949152,finetune,0.5813953488372093
1,360,0,front,4,finetune3,0.109375,finetune3,7936.056118456905,finetune3,7763.759028453205,finetune3,8.189045688375153,finetune3,3.29511399070035,finetune3,3.4640121031273874,finetune3,7946.072189278593,original,0.6164383561643836,original,0.4409090909090909
1,365,0,front,4,finetune2,0.08203125,finetune,3156.7967732903967,finetune,2819.9389114774385,finetune,22.00565630901393,finetune2,3.146425743572806,finetune2,2.4856673034675483,finetune,3236.8439265802613,finetune2,0.8775510204081632,finetune2,0.6041131105398457
1,370,0,front,4,original,0.046875,original,12466.276757452797,original,10559.988846962631,finetune,24.936720371610257,finetune3,1.810020698050915,finetune3,3.0223868052891354,original,12354.777497002688,finetune2,0.7478927203065134,finetune3,0.5685534591194968
1,375,0,front,4,original,0.07421875,finetune,4187.222398989738,finetune,3234.3975690972,finetune2,34.55863093088379,original,1.2793124337311346,finetune,1.5377489242906903,finetune,4107.733108079978,finetune,0.7135003054367746,finetune,0.6736401673640168
1,385,0,front,4,finetune3,0.078125,finetune,7215.899314087995,finetune,5259.41305166189,finetune,13.974832635072195,finetune,3.358681725041371,finetune,3.1023887396788186,finetune,7200.819230842262,finetune,0.8806306306306306,finetune,0.6421514818880352
1,390,0,front,4,finetune,0.13671875,finetune3,3684.3817600943435,finetune3,2754.3478540293727,original,19.37161976838989,finetune3,2.81235142782737,finetune3,2.9214263738353976,finetune3,3968.2437768885834,original,0.5909090909090909,finetune3,0.4388059701492537
1,395,0,front,4,original,0.15625,finetune,49259.57761888713,finetune,43025.452452573896,original,9.659736160772114,original,2.4725264357517056,finetune2,2.676663868159939,finetune,49237.14767186239,finetune,0.6111111111111112,finetune2,0.4846938775510204
1,400,0,front,4,finetune3,0.08984375,finetune,35050.45825033645,finetune,32966.92067574368,original,20.53664335888219,finetune3,2.620371610995856,finetune3,3.0485934634740612,finetune,35090.1716055868,finetune2,0.4816053511705686,finetune2,0.4727272727272727
1,405,0,front,4,original,0.0859375,finetune2,60100.26645356806,finetune2,58836.596061748016,finetune3,43.76573819241832,finetune2,2.2284949757568766,finetune2,1.8216134004246807,finetune2,60330.62877031546,finetune,0.46601941747572817,finetune3,0.5625
1,410,0,front,4,finetune3,0.0390625,original,25551.20611593209,original,25546.85845799069,finetune3,79.1968169275888,original,3.02495359273245,original,3.239735044478344,original,26042.732832350768,original,0.5072463768115942,original,0.4888888888888889
1,415,0,front,4,finetune3,0.06640625,finetune3,6777.874210935387,finetune3,6763.610528348683,finetune2,90.97754212691856,finetune3,2.5029369414033984,finetune3,2.599564065061405,finetune3,7372.21203804475,original,0.5714285714285714,finetune3,0.4528301886792453
1,420,0,front,4,finetune3,0.0703125,original,47717.72189207525,original,47716.17521567171,original,1.988894053488866,original,0.26219107997536506,original,0.5252376348138625,original,47721.471560377286,original,0.5357142857142857,original,0.5402298850574713
1,425,0,front,4,finetune,0.05859375,finetune2,25934.51799768518,finetune2,25900.002644200926,finetune3,60.17642475823334,finetune3,3.1781108580052586,finetune3,3.197901302794327,finetune2,26136.79114844162,original,0.36,finetune,0.26900584795321636
1,430,0,front,4,finetune3,0.08203125,original,54620.689259953884,original,54590.65986012248,finetune2,122.23595475724977,finetune,1.228664752088622,finetune,0.27375784804808895,original,55077.28942459101,finetune2,0.5660377358490566,finetune2,0.6060606060606061
1,435,0,front,4,original,0.08203125,finetune3,63825.50211524566,finetune3,63799.79561110059,finetune3,81.15370164711638,finetune3,0.8446777546234223,finetune3,0.7530848838294112,finetune3,63992.83387856443,finetune3,0.49624060150375937,finetune3,0.5135135135135135
1,440,0,front,4,original,0.109375,original,4655.43888583026,original,4642.743752792798,finetune3,22.49044088768377,finetune,0.2675396788394217,finetune,0.5835576931461897,original,5381.277721919826,finetune2,0.7563025210084033,finetune,0.6923076923076923
1,445,0,front,4,finetune3,0.14453125,finetune2,15468.95913107891,finetune2,14719.338165340043,finetune,56.234097980817616,original,1.2199712295877785,original,1.2637938762999525,finetune2,15660.56768714214,original,0.8131868131868132,finetune3,0.622895622895623
1,450,0,front,4,original,0.140625,finetune,1157.92822272031,finetune,1122.8594646217825,finetune3,8.954750353639989,finetune3,2.112843137245005,finetune3,2.7706327990858624,finetune,1339.3691469544135,finetune3,0.5901639344262295,finetune3,0.4342105263157895
1,455,0,front,4,finetune3,0.16015625,finetune2,8218.06462958637,finetune2,7287.966604825648,finetune2,18.41106456224126,original,2.967716494358985,original,3.96310250209602,finetune2,8198.391424031037,finetune,0.45643153526970953,finetune2,0.41333333333333333
1,460,0,front,4,finetune3,0.15234375,finetune3,51603.772361338735,finetune3,48602.884802754415,finetune3,13.82037664292546,finetune,1.7640806546552559,finetune,2.0589752142761055,finetune3,51621.08501294817,finetune,0.6111111111111112,finetune,0.5226130653266332
1,465,0,front,4,finetune3,0.1328125,finetune2,3985.2591462833684,finetune2,3968.638752230938,finetune,8.10822604154676,original,2.600036837302902,original,3.4794628628713897,finetune2,4012.995617568381,finetune,0.5498281786941581,finetune,0.41935483870967744
1,470,0,front,4,finetune3,0.13671875,original,82430.59431824443,original,80124.09186991987,original,66.70361190844753,original,1.2225805565899217,original,0.7030636577027438,original,82480.75380679526,original,0.6602316602316602,original,0.5436241610738255
1,475,0,front,4,finetune3,0.05859375,finetune3,68305.93436944179,finetune3,67507.87831092064,finetune3,61.8164566948681,finetune2,1.5179110344244817,finetune2,1.6421358095780132,finetune3,68423.51962084329,original,0.625,finetune2,0.44516129032258067
1,480,0,front,4,finetune2,0.0546875,finetune3,98884.54416124987,finetune3,98412.94329856618,finetune3,95.35951322481678,finetune3,2.3195254164968913,finetune3,1.8454592271353536,finetune3,99158.26156282546,finetune3,0.4838709677419355,finetune3,0.5327102803738317
1,485,0,front,4,finetune3,0.046875,finetune,73699.50579525463,finetune,73503.77579604022,finetune3,82.46250382494323,finetune3,2.064631204372814,finetune3,2.4265958728488246,finetune,73897.34730957045,finetune3,0.5833333333333334,finetune3,0.5094339622641509
1,490,0,front,4,finetune3,0.0859375,original,70825.9081790755,original,70741.03090242666,finetune,101.92365825255314,original,1.9188431642311392,original,1.9418011711508651,original,71125.87204277095,original,0.48148148148148145,finetune3,0.45
1,495,0,front,4,original,0.05078125,original,12418.749644212727,original,12300.544924379443,finetune,90.11054416933662,finetune,1.237601583886443,finetune,0.6809147256319124,original,12337.53248576099,finetune3,0.32038834951456313,finetune3,0.35537190082644626
1,500,0,front,4,finetune3,0.046875,finetune2,66719.4389076699,finetune2,66710.27300118384,finetune3,115.00178727040414,finetune2,0.9303577980933246,finetune2,0.9205661944835782,finetune2,67126.16022405366,original,0.6436781609195402,finetune2,0.6126126126126126
1,505,0,front,4,finetune3,0.07421875,finetune3,61763.170874838645,finetune3,61671.41753840221,original,46.526096498978774,finetune3,2.838183551644122,finetune3,2.7561372838495033,finetune3,62082.511619514466,finetune3,0.6178861788617886,finetune3,0.5
1,510,0,front,4,finetune3,0.07421875,original,49444.526785356065,original,49313.20564954328,original,66.72561233899665,original,2.23918356569885,original,1.9059686153161757,original,49673.24111376812,finetune,0.5797101449275363,finetune3,0.5517241379310345
1,515,0,front,4,finetune3,0.0546875,finetune3,28797.32238798221,finetune3,28293.760227970473,finetune2,76.75479388301646,finetune2,2.9254697232747384,finetune2,1.8663844133701704,finetune3,28994.6087826908,original,0.4701492537313433,finetune3,0.44696969696969696
1,520,0,front,4,original,0.10546875,original,42957.488703708776,original,42608.83250612239,original,92.34547545149653,finetune2,2.2008445086484283,finetune2,2.1905964506954625,original,43229.02504805263,finetune2,0.5,finetune2,0.46017699115044247
1,525,0,front,4,finetune2,0.09765625,finetune,12287.170805736436,finetune,12253.58102248126,original,20.947379844345548,finetune3,2.4755645916128817,finetune3,2.4791813168257026,finetune,12636.201584507691,finetune3,0.7241379310344828,finetune3,0.5052192066805845
1,530,0,front,4,finetune3,0.11328125,finetune,5794.009020606686,finetune,5534.323775197889,finetune3,53.006717039853235,finetune3,3.836779566771737,finetune3,4.962781267249981,finetune,5479.983304680654,finetune3,0.7338086749851456,original,0.5559131134352373
1,535,0,front,4,finetune3,0.12109375,original,1110.0874177287542,original,956.4133652207965,original,31.662891441389053,original,5.20050894728586,original,6.406173504117525,original,1297.7918157323559,original,0.686282722513089,original,0.5064377682403434
1,540,0,front,4,finetune3,0.12109375,finetune3,2488.040465879976,finetune3,1783.7107137922067,finetune2,44.4376376635116,finetune2,7.830533780780086,finetune2,8.181803591845211,finetune3,2932.0882268245414,finetune2,0.6425875085792725,finetune2,0.45956607495069035
1,545,0,front,4,original,0.12890625,finetune3,24588.249503735413,finetune3,20424.65085833599,finetune2,68.19615387944077,original,6.415777754513715,finetune3,6.039539439184478,finetune3,24763.008156812397,original,0.5709923664122137,finetune3,0.5026666666666667
1,550,0,front,4,finetune3,0.140625,finetune,4539.603132569461,finetune,4484.992419103626,original,17.933890071357432,original,4.8788400584315035,original,5.798319057227499,finetune,4402.764775128095,original,0.7297433316557624,original,0.5722996515679443
1,555,0,front,4,finetune3,0.12890625,finetune2,2670.731919036463,finetune2,1941.2782657311109,finetune,90.54070105578529,finetune2,11.742665675922314,finetune2,10.955711032792813,finetune2,2711.792561970813,finetune2,0.6700055648302726,finetune2,0.5638134290107637
1,560,0,front,4,finetune3,0.140625,finetune3,96.6054498896122,finetune3,84.56261107336468,original,27.627188012863467,finetune,0.7626472482026656,finetune,1.3389643001516385,finetune3,630.6010975402982,finetune3,0.5702479338842975,finetune2,0.49183673469387756
1,565,0,front,4,finetune3,0.19921875,finetune3,8053.61205178156,finetune3,7222.033639156929,finetune3,22.227032445745213,finetune3,0.6235076771084224,finetune3,1.544537830313869,finetune3,8053.184411525844,finetune3,0.8029689608636977,finetune3,0.6770186335403726
1,570,0,front,4,finetune3,0.1328125,finetune3,51547.353664126174,finetune3,50032.34561209535,finetune3,53.37839011869525,finetune3,1.5024517321134592,finetune3,2.710169278041495,finetune3,51702.956769727636,finetune3,0.532258064516129,original,0.49096385542168675
1,575,0,front,4,finetune3,0.14453125,finetune,5842.183220777063,finetune,5811.690749699119,original,10.15931255563097,finetune2,3.1705583388148213,finetune2,4.0912441832705175,finetune,5853.3963885837,original,0.6631578947368421,finetune3,0.46959459459459457
1,580,0,front,4,finetune3,0.14453125,finetune,3234.6207175561653,finetune,3074.1246936489915,finetune3,13.394518803445225,finetune,2.96467240203147,original,3.4961188458241157,finetune,3231.8459977696643,original,0.7707509881422925,original,0.5901639344262295
1,585,0,front,4,finetune3,0.1015625,finetune3,3679.2813481936287,finetune3,3216.913717902833,finetune,92.612221901338,finetune2,5.236204183590454,finetune2,5.0582721098847685,finetune3,3509.1181478273934,finetune2,0.536986301369863,finetune2,0.48946716232961585
1,590,0,front,4,finetune3,0.125,finetune3,9483.135882558076,finetune3,8256.885803102545,original,87.2979001480548,finetune3,5.6734095335829,finetune3,6.117769393049745,finetune,9340.673781923259,finetune3,0.6505415162454874,finetune3,0.5463786531130876
1,595,0,front,4,finetune3,0.12109375,finetune,5805.8677876978445,finetune,4749.845478648771,original,85.37458527611473,finetune,5.582468689244516,finetune,6.308554519744532,finetune,5591.9835806213605,finetune2,0.49448123620309054,finetune2,0.3529980657640232
1,600,0,front,4,finetune,0.15234375,original,783.431870611774,original,600.4022227485548,finetune3,65.50713615215274,finetune3,1.0932870916371205,finetune3,0.7631925306883754,original,2013.5185136197615,finetune3,0.6944099378881987,finetune3,0.5494252873563218
1,605,0,front,4,finetune3,0.16796875,finetune2,1674.855325184891,finetune2,1607.9520641242998,original,9.533545708487155,finetune,2.9230570078223352,finetune,2.7161854998595643,finetune3,2323.317417406469,original,0.6157894736842106,finetune,0.509375
1,610,0,front,4,finetune3,0.18359375,finetune2,29840.793767276118,finetune2,27992.123967084743,original,5.150846696113528,finetune3,2.6514471487347837,finetune3,2.686697101117737,finetune2,29828.72135040372,finetune3,0.7008086253369272,finetune,0.4675925925925926
1,615,0,front,4,finetune3,0.109375,original,33614.14368629955,original,33020.37693793964,original,143.94654261491397,finetune2,0.5460970619925387,finetune2,0.8687122191485716,original,34076.99628687393,original,0.5882352941176471,finetune,0.5154639175257731
1,620,0,front,4,finetune3,0.1328125,original,4028.762498805162,original,4000.871334627518,finetune3,61.85734229991396,finetune2,2.3967013604844616,finetune2,2.4222616388311047,original,3864.3613479409432,finetune3,0.6616541353383458,finetune3,0.532258064516129
1,625,0,front,4,finetune3,0.17578125,finetune,2500.0191125943375,finetune,2473.7897448283475,finetune3,6.337140895830294,finetune3,1.006221683543397,finetune3,1.2977293671060477,finetune,2884.2422245325147,original,0.6610169491525424,original,0.5266106442577031
1,630,0,front,4,finetune3,0.125,finetune2,15698.772483101995,finetune2,15124.02959752643,original,38.67533717438667,finetune,0.5108764841113326,finetune,1.4780133337445094,finetune2,15937.823657927773,finetune,0.8275862068965517,original,0.7033195020746889
1,635,0,front,4,finetune3,0.1640625,finetune,2754.501142863424,finetune,2454.050545635575,original,30.152654835384894,original,0.5535539562747225,original,1.0391475313261214,finetune,2771.468630418773,original,0.5282093213409649,original,0.5077793493635078
1,640,0,front,4,finetune3,0.14453125,original,253.05820046237542,original,171.10744416924717,finetune3,25.987762234349624,finetune,1.0922690507621442,finetune,1.4315523209268468,original,654.281543592458,finetune2,0.5389221556886228,original,0.48484848484848486
1,645,0,front,4,finetune3,0.16796875,finetune,24582.587807027765,finetune,22436.18328133291,finetune2,7.27799670888944,finetune2,0.6458527215202821,finetune2,0.6983926441072437,finetune,24566.129327265007,finetune,0.5862745098039216,finetune3,0.5150501672240803
1,650,0,front,4,finetune3,0.20703125,original,51865.70003972757,original,50009.82785674442,finetune3,9.745700166545136,original,1.2532854735150805,original,0.6731466706891818,original,51872.10131787275,original,0.5357142857142857,original,0.4482758620689655
1,655,0,front,4,finetune3,0.13671875,finetune2,22192.986777596376,finetune2,22086.887452152703,finetune3,8.410793192098065,finetune3,2.8935024940873633,finetune3,2.508876988672974,finetune2,22243.08912472831,finetune3,0.5555555555555556,finetune3,0.5333333333333333
1,660,0,front,4,finetune3,0.1328125,finetune,29986.377105347714,finetune,29972.449375734737,finetune3,23.531826697568356,original,5.458905074601618,finetune2,5.610125107614904,finetune,30014.5706787555,finetune2,0.5357142857142857,finetune2,0.4228571428571429
1,665,0,front,4,finetune3,0.10546875,finetune2,45452.24276617109,finetune2,45443.919639877786,finetune2,35.54658998127854,finetune,2.9627255698232196,finetune,2.4266255801690786,finetune2,45495.45267099465,finetune,0.5478260869565217,finetune2,0.6094674556213018
1,670,0,front,4,finetune3,0.1171875,original,32773.47941450943,original,32753.91404540534,finetune,36.09213349825956,finetune2,1.6280001259459094,finetune2,1.8058144568396526,original,32757.487875059724,finetune2,0.7368421052631579,original,0.5767790262172284
1,675,0,front,4,finetune3,0.171875,finetune3,23085.920223371915,finetune3,23037.641717506733,finetune3,13.891959251174185,original,1.7855610998403144,original,1.0744685824247624,finetune3,23105.392807395798,finetune,0.6542056074766355,original,0.6076923076923076
1,680,0,front,4,finetune3,0.1484375,original,6717.015459364504,original,6651.883980254672,finetune,2.1826347320860853,finetune2,4.061137841122307,finetune2,3.7572377708767086,original,6715.773829453215,finetune2,0.7469621157969979,finetune2,0.6278511404561825
1,685,0,front,4,finetune3,0.1171875,finetune,1591.5619056224448,finetune,1275.8644204274751,finetune,94.5156265855224,finetune2,12.819824199668043,finetune2,12.695656140476622,finetune,2194.9117736092435,finetune3,0.5634206219312602,finetune3,0.3684210526315789
1,690,0,front,4,finetune3,0.08203125,finetune2,8413.666563894407,finetune2,6591.866302741317,finetune3,69.87156087730922,original,19.955103974120053,finetune2,18.953100066662817,finetune2,8806.725670279806,finetune2,0.569215876089061,original,0.3073533461856238
1,695,0,front,4,finetune2,0.1640625,finetune3,1353.2111235676227,finetune3,925.3561172830887,finetune,48.43883036025088,finetune,12.542429086447463,finetune,27.470884724981914,finetune3,1767.5977298880532,original,0.6174957118353345,original,0.4569455103607061
1,700,0,front,4,finetune3,0.13671875,finetune2,933.3285008029576,finetune2,851.9656506843348,finetune,29.865391164798215,finetune,8.434974194469913,finetune,8.840170664597146,finetune2,1189.2968480790612,original,0.7056694813027744,finetune,0.4342857142857143
1,705,0,front,4,finetune3,0.1796875,finetune,5412.22099880166,finetune,4850.600664010752,finetune,5.412345531373862,original,6.044611148294851,original,7.281587739510808,finetune,5411.735499141157,finetune,0.5366126327557295,finetune,0.4144
1,710,0,front,4,finetune3,0.09765625,finetune2,12389.875035422257,finetune2,11998.172542633198,finetune,9.720736511666601,original,4.982756535060694,finetune3,4.3476753697615065,finetune2,12395.558590721985,finetune3,0.5434426229508197,finetune3,0.5499334221038615
1,715,0,front,4,finetune3,0.23828125,finetune3,13522.941884416081,finetune3,13492.184222757896,finetune,19.471430876279637,original,1.912409238610525,original,1.79759052725763,finetune3,13547.616462596023,finetune3,0.6185567010309279,finetune3,0.6120331950207469
1,720,0,front,4,finetune3,0.1015625,original,50235.35914374828,original,50228.275144732615,finetune3,44.217695816431274,original,2.6339026361289517,original,2.336850172102689,original,50768.82234374129,finetune2,0.546875,finetune2,0.5896739130434783
1,725,0,front,4,finetune3,0.140625,finetune3,18684.37833953009,finetune3,18674.456387925296,finetune3,14.947665511936394,finetune2,2.8413880481024387,finetune2,2.7024066912932456,finetune3,18696.06726676612,finetune3,0.6292134831460674,finetune2,0.6016713091922006
1,730,0,front,4,finetune3,0.10546875,finetune2,23345.834340977268,finetune2,23339.92205268897,finetune3,44.76236602082938,original,2.5722490168145202,original,2.867908361458048,finetune2,23871.623698882184,original,0.519134775374376,original,0.44931506849315067
1,735,0,front,4,finetune3,0.140625,original,27877.081254261713,original,27859.58601779271,finetune3,27.244580095359332,finetune,2.0751493882429264,finetune,2.0480291799127683,original,28159.08209035647,finetune3,0.5281837160751566,finetune,0.5445205479452054
1,740,0,front,4,finetune3,0.09765625,finetune2,37583.53857200558,finetune2,37562.23151299654,finetune3,77.30048808362456,finetune3,4.164207421158253,finetune3,4.199508282603864,finetune2,37576.58118348633,original,0.44646464646464645,finetune3,0.4369747899159664
1,745,0,front,4,finetune3,0.2109375,finetune3,25656.100235580085,finetune3,25650.671412785057,finetune3,17.5802311421583,finetune2,1.6792714813689902,finetune2,1.2858539434139096,finetune3,25662.4870151508,finetune3,0.5714285714285714,original,0.5617529880478087
1,750,0,front,4,finetune3,0.13671875,finetune2,63587.105800412675,finetune2,63583.32082765066,finetune3,165.49737650391123,original,4.5931019282884495,finetune3,3.8175032528030535,finetune2,64124.357542028716,original,0.7241379310344828,original,0.5545023696682464
1,755,0,front,4,finetune3,0.1640625,original,26654.134143608448,original,26637.201764575817,finetune3,52.55364522075997,finetune2,2.4328635961606664,finetune2,2.3188537556526647,original,27103.54198710842,finetune2,0.7169811320754716,original,0.618421052631579
1,760,0,front,4,finetune3,0.16796875,finetune3,8202.11848733188,finetune3,8198.769727251085,finetune2,118.86197733228083,original,2.575595277381148,original,2.3435156096848035,finetune3,8772.283476396698,finetune3,0.6666666666666666,finetune3,0.6530612244897959
1,765,0,front,4,finetune3,0.08203125,original,36799.21073652073,original,36672.92913790254,finetune3,51.793332747435485,finetune2,1.1121371565252016,finetune2,0.8064970964443131,original,37173.61623434228,finetune2,0.7304347826086957,finetune2,0.47035573122529645
1,770,0,front,4,finetune3,0.1015625,finetune2,40551.2482563139,finetune2,40485.581218877094,original,50.43806053786371,finetune2,1.7847616124326608,finetune2,1.6813382977995033,finetune2,40677.897938416856,finetune2,0.5324074074074074,finetune2,0.5166666666666667
1,775,0,front,4,original,0.12890625,finetune3,14365.288873134039,finetune3,14347.274692749328,finetune,67.00787967496922,finetune3,1.9292639629028752,finetune3,2.4807418237567176,finetune3,14914.5262866424,finetune3,0.6205128205128205,finetune3,0.4496124031007752
1,780,0,front,4,original,0.08203125,finetune2,16301.372679427552,finetune2,16140.95781817293,original,36.2960221568503,original,3.8039590877447584,original,4.459093183869255,finetune2,16415.153556641275,finetune3,0.47093023255813954,finetune3,0.4097560975609756
1,785,0,front,4,finetune3,0.18359375,finetune2,14743.062683182618,finetune2,14704.364866460586,finetune3,15.29793363122936,finetune2,1.6169149304199155,finetune2,1.135148442207191,finetune2,15236.712765366965,original,0.6169665809768637,original,0.5578512396694215
1,790,0,front,4,finetune3,0.24609375,finetune2,1826.5489615737138,finetune2,1820.7336950003373,finetune3,13.174760508161047,finetune,0.3934486874426251,original,0.3226137106729931,finetune2,3222.9433791655892,finetune2,0.8478260869565217,finetune2,0.8137254901960784
1,795,0,front,4,finetune3,0.15625,finetune3,57929.35390002436,finetune3,57467.058713597144,finetune3,12.365876521971238,finetune3,2.9321345351795896,finetune3,3.2172815206192125,finetune3,57937.214129922475,original,0.49606299212598426,finetune2,0.5132743362831859
1,800,0,front,4,finetune3,0.140625,finetune3,50013.16783254159,finetune3,49723.782207055076,finetune3,118.35824198064287,finetune3,1.3363437370611602,finetune3,1.6071470905080636,finetune3,50356.60375251614,finetune3,0.5142857142857142,finetune3,0.5511111111111111
1,805,0,front,4,finetune3,0.13671875,original,26859.85728758148,original,26772.152401355474,finetune3,39.247701738768825,finetune2,0.5583405285829932,finetune2,0.6410173711068002,original,27420.181016100334,finetune,0.6333333333333333,finetune,0.5803108808290155
1,810,0,front,4,finetune3,0.17578125,original,41742.7792071905,original,41681.74973125804,finetune2,15.243603766433717,finetune,2.694369669352489,finetune,2.7305852701096267,original,41766.48682482306,original,0.5128205128205128,finetune2,0.4377224199288256
1,815,0,front,4,finetune3,0.15625,finetune,7292.3225478188,finetune,7213.852450496299,finetune,6.181848003378277,original,2.830085720108823,original,2.9738240997069627,finetune,7300.119711113353,finetune2,0.6521739130434783,finetune2,0.4932562620423892
1,820,0,front,4,finetune3,0.1484375,original,4396.375058598379,finetune3,4173.199889108328,finetune2,8.235722276416613,original,5.268796292043927,original,6.2684010926845355,original,4385.676061175745,original,0.6289537712895377,finetune,0.48434237995824636
1,825,0,front,4,finetune3,0.14453125,finetune3,1920.1060125309793,finetune3,1726.7713146634196,finetune3,18.645754732659203,finetune,4.004316412859936,finetune,4.753779214924475,finetune3,1948.2326457615309,original,0.5138539042821159,finetune2,0.42361533779671334
1,830,0,front,4,finetune3,0.1171875,finetune2,348.8358143601989,finetune2,103.59759411435516,finetune3,6.587757542231805,original,6.370590741949404,original,6.614975872843915,finetune2,1045.8463966320157,original,0.8160266457680251,original,0.6014580801944107
1,835,0,front,4,finetune3,0.1015625,original,1434.5701833582732,original,1161.5343149381515,finetune,20.72103824838224,original,5.722876490134166,original,6.5864995051648245,original,1651.4635765908902,original,0.7012746486545375,original,0.515340706386015
1,840,0,front,4,finetune,0.11328125,finetune,5279.414808930992,finetune,4367.696529282919,finetune,40.79437573493925,finetune,10.274735593369519,finetune,10.093717675839233,finetune,5411.7126677339065,finetune,0.6522769149776257,finetune,0.5158566721581549
1,845,0,front,4,finetune2,0.125,original,381.1957106355907,original,131.16804044875607,finetune,36.42836900378757,finetune,6.236305907951325,finetune,6.779652317939181,original,929.049797017462,finetune3,0.5637860082304527,finetune3,0.4965785093397448
1,850,0,front,4,finetune3,0.1640625,finetune,1008.7771793176762,finetune,949.0737931499316,finetune,29.73268965413835,finetune3,4.667510412425051,finetune3,4.958426001549884,finetune,1260.4578428037164,original,0.6379170056956875,original,0.49791376912378305
1,855,0,front,4,finetune3,0.14453125,finetune3,1591.0363274548415,finetune3,1171.5915656480938,finetune2,22.091416368074267,original,2.405460898116729,original,1.5104550981674718,finetune3,1674.9190370673068,original,0.6441930270145463,original,0.528740157480315
1,855,1,front,4,finetune3,0.05859375,original,24936.835295653524,original,19390.74969334464,finetune,63.83062438770741,original,0.5284897723794353,original,0.4882072833759213,original,24903.32738613661,finetune2,0.8,original,0.5
1,860,0,front,4,finetune3,0.15625,finetune2,2394.4556248012973,finetune2,1982.678084929008,finetune2,7.172800697007486,original,5.410646103463297,original,6.742574895190974,finetune2,2400.6735652021894,finetune,0.5449308755760369,finetune,0.42781222320637735
1,860,1,front,4,finetune3,0.04296875,finetune3,135892.3286856938,finetune3,129274.53259874275,finetune,114.43843361592161,finetune2,0.10272446283588622,finetune3,0.1860423436969595,finetune3,135590.44885740022,finetune3,0.625,finetune3,0.5384615384615384
1,865,0,front,4,finetune3,0.25,finetune2,4894.993175165373,finetune2,4861.074848728997,original,171.207087507194,finetune3,0.23912204229955425,finetune3,0.35627778983968006,finetune2,5549.402552952075,finetune2,0.8939051918735892,finetune2,0.8246527777777778
1,865,1,front,4,finetune3,0.0625,finetune,59781.53632018076,finetune,59756.262256145186,original,32.74735657111494,original,0.7152672762882889,original,0.854057962681201,finetune,59744.731461654424,finetune3,0.7692307692307693,original,0.6
1,870,0,front,4,finetune3,0.1875,finetune2,9038.243102458931,finetune2,9021.919713450523,finetune2,1.2305827533283045,original,0.6627906351949779,original,0.8561505658916122,finetune2,9036.926387440186,finetune2,0.71900826446281,finetune2,0.7494646680942184
1,870,1,front,4,finetune3,0.09375,original,40873.94079883908,original,40707.53757745831,finetune3,42.65980016032368,finetune3,0.3042967649898727,finetune,0.4362918683824113,original,40768.15135544754,original,0.875,finetune3,0.6744186046511628
1,875,0,front,4,finetune3,0.16015625,finetune3,25861.89653495622,finetune3,25808.04714642337,finetune3,6.530226016536604,finetune3,1.6162292253222237,finetune3,2.4574846809742192,finetune3,25866.3836971363,finetune3,0.5523809523809524,finetune3,0.5072765072765073
1,875,1,front,4,original,0.0390625,finetune,36140.75011497874,finetune,35970.52893825309,finetune2,26.720177635530714,finetune3,2.5848291825493623,finetune3,2.5736929234641734,finetune,35881.21799367164,finetune2,0.7,finetune3,0.44871794871794873
1,880,0,front,4,finetune3,0.23828125,finetune,18069.083934094666,finetune,18001.046541679367,finetune3,2.457152459083712,finetune3,0.5972577859638668,finetune3,1.2450834385043537,finetune,18126.544646881186,finetune,0.6577777777777778,original,0.5783521809369951
1,880,1,front,4,finetune3,0.0703125,original,19685.740484444697,original,19617.974813056353,finetune,56.812233222007414,original,0.8431332710844786,original,0.8734496920651793,original,19624.4785793928,finetune3,0.7368421052631579,finetune2,0.6354166666666666
1,885,0,front,4,finetune3,0.22265625,finetune3,13285.42281099352,finetune3,13104.717335302994,finetune3,4.435413898983811,finetune3,2.0266090249428403,finetune3,2.7698583602268925,finetune3,13282.043950152003,finetune2,0.765,original,0.5758039816232772
1,885,1,front,4,finetune3,0.08984375,finetune3,363.66242549929916,finetune3,258.4934769111278,original,132.2916162701186,finetune2,0.792027898894935,finetune2,1.3793709766716937,finetune3,2597.067846089542,finetune2,0.7539267015706806,finetune3,0.6007905138339921
1,890,0,front,4,finetune3,0.23046875,finetune3,24351.85599552918,finetune3,24036.466317931394,finetune3,3.425115844352157,finetune3,1.1211386901619786,finetune3,1.1232514509825438,finetune3,24354.090440762353,original,0.8592964824120602,original,0.4956063268892794
1,890,1,front,4,original,0.08203125,finetune2,6077.0266069487725,finetune2,5359.006129233967,finetune3,60.918868292185756,finetune2,5.451859677783457,finetune2,4.245459793277826,finetune2,6530.806100452828,finetune2,0.7714285714285715,finetune2,0.5645879732739421
1,895,0,front,4,finetune3,0.12890625,finetune3,14787.33940731206,finetune3,14635.0041785059,finetune3,5.3901104783380065,original,1.7451715995141488,original,1.9854911565452156,finetune3,14799.662761134588,finetune3,0.7121212121212122,original,0.5778401122019635
1,900,0,front,4,finetune3,0.1484375,finetune2,1237.8772092187637,finetune2,1216.4243204975064,finetune,7.549495149595779,original,0.8521812582985927,original,0.9510749919889929,finetune2,1232.3934001379173,finetune2,0.803161652218256,finetune2,0.668046357615894
1,905,0,front,4,finetune3,0.14453125,finetune2,44.80152679545717,finetune2,32.336275399553415,finetune3,13.800982988448887,original,0.8325303336975827,original,0.718092258790689,finetune2,318.5862958548599,finetune2,0.671067106710671,finetune2,0.5863095238095238
1,910,0,front,4,finetune3,0.16015625,original,643.4014073497602,original,533.6115947554135,finetune3,8.013297286295684,finetune2,1.953478982594181,finetune2,0.5276876965804427,original,880.9538752575417,finetune2,0.5615449915110357,finetune2,0.510801393728223
1,915,0,front,4,finetune3,0.16015625,finetune3,6183.969827412601,finetune3,5893.60697124531,original,0.7862430983964283,finetune3,2.3080440713949435,finetune2,2.66120819729149,finetune3,6184.298656879948,finetune,0.5865209471766849,finetune,0.4817012858555885
1,920,0,front,4,finetune3,0.21484375,finetune3,11974.006565441503,finetune3,11637.315743569554,finetune3,7.9344030713245415,original,1.9511527702834535,finetune2,2.177138634131324,finetune3,11972.570458184797,original,0.6171428571428571,original,0.5115332428765265
1,925,0,front,4,finetune3,0.19921875,finetune2,6766.458723159623,finetune2,6715.5591036895785,original,91.41081160339277,finetune,0.8147727606230882,finetune,0.2862655957130198,finetune2,7360.878271356563,finetune2,0.8838383838383839,finetune2,0.7256317689530686
1,930,0,front,4,finetune3,0.36328125,finetune2,13719.385928781607,finetune2,13710.09882709702,finetune,1.914806073974232,original,0.3640550972568345,original,0.4483976217718495,finetune2,13720.24512632216,finetune2,0.6278409090909091,finetune2,0.613882863340564
1,935,0,front,4,finetune3,0.28125,finetune2,10214.396948162394,finetune2,10210.317189825051,finetune3,2.869534119467177,finetune,0.6553639384496334,finetune,0.6422192148573813,finetune3,10247.23707877453,finetune2,0.7232142857142857,finetune2,0.6696035242290749
1,940,0,front,4,finetune3,0.234375,finetune3,14379.086703146708,finetune3,14377.801154613335,finetune3,1.1250384177412638,finetune,0.5564363145384813,finetune,0.49563876486196634,finetune3,14379.641105580562,original,0.5905707196029777,finetune,0.5381263616557734
1,945,0,front,4,finetune3,0.22265625,finetune3,6587.609028165053,finetune3,6567.87095887601,finetune2,0.2997333093726534,original,1.1567700626979622,finetune2,0.6303394072157502,finetune3,6587.734591335121,finetune3,0.8137996219281664,finetune3,0.7127496159754224
1,950,0,front,4,finetune3,0.171875,original,7487.796418130531,original,7363.314011520939,finetune2,11.170032376987544,original,1.0836528390897424,original,1.0935964660331323,original,7479.677534060669,finetune3,0.6262886597938144,finetune3,0.5524017467248908
1,955,0,front,4,finetune3,0.15625,original,8679.888030807739,original,8533.039019069598,finetune2,11.465594635583152,finetune2,1.7568028665618753,finetune2,0.48962196579146366,original,8667.582921235982,finetune3,0.6289978678038379,finetune3,0.5477707006369427
1,960,0,front,4,finetune3,0.21484375,finetune3,7359.8890422184495,finetune3,7193.234940240116,finetune3,8.653630615894455,finetune,2.536438111789237,finetune,1.8135731640562838,finetune3,7357.115785541968,original,0.5794234030525721,finetune,0.4817244611059044
1,965,0,front,4,finetune3,0.2265625,finetune3,12278.489251076164,finetune3,12128.503421523354,finetune3,2.2866152784958462,original,2.454090538086495,original,3.0725477953469382,finetune3,12278.046620619461,finetune3,0.5833333333333334,finetune3,0.5689851767388826
1,970,0,front,4,finetune3,0.30078125,finetune2,1807.369855591235,finetune2,1804.337061146376,original,166.02559512077806,original,0.6527808674479185,finetune2,0.22937865486437092,finetune2,3211.0182462469684,finetune2,0.8888888888888888,finetune2,0.7726657645466847
1,975,0,front,4,finetune3,0.1484375,finetune2,13624.756704197865,finetune2,13621.223661909971,finetune,35.13282881209543,original,6.924166672698147,original,7.105549313003604,finetune2,13676.162227200242,original,0.5940390544707091,finetune,0.44429347826086957
1,980,0,front,4,finetune3,0.125,finetune2,11290.561834073673,finetune2,11275.760872360486,finetune,32.06583919672626,finetune3,2.274346959103272,finetune3,1.961253632006522,finetune2,11333.32224978835,original,0.5139765554553652,finetune3,0.44548872180451127
1,985,0,front,4,finetune3,0.12890625,finetune,20346.108807738023,finetune,20343.676157813286,finetune3,32.25535001518131,finetune3,5.246984834570956,finetune3,5.032140370049214,finetune,20385.666684303676,original,0.4765258215962441,original,0.43263757115749524
1,990,0,front,4,finetune3,0.1953125,finetune3,18406.8257760958,finetune3,18382.508689664144,finetune3,10.761228056235216,finetune3,3.5958981069710214,finetune3,4.190577595068952,finetune3,18413.22216743641,finetune,0.6896551724137931,finetune3,0.5449101796407185
1,995,0,front,4,finetune3,0.16015625,original,19116.835856545353,original,19109.904941584733,finetune3,10.114569673164652,finetune3,2.0259099152430275,finetune3,2.4467624146667055,original,19164.775805065274,original,0.6954436450839329,finetune3,0.5815450643776824
1,1000,0,front,4,finetune3,0.12109375,finetune2,13235.86906824789,finetune2,13225.883240057337,finetune,27.27743808582768,finetune,3.698384202693587,finetune,3.6122958944902845,finetune2,13276.227077565474,finetune,0.44776119402985076,finetune,0.48072562358276644
1,1005,0,front,4,finetune3,0.05078125,finetune3,37803.39459426064,finetune3,37798.89284992809,original,72.67306144198592,finetune,4.344212187272779,finetune,4.557930243049645,finetune3,37851.61465482884,original,0.48621041879468846,finetune3,0.562396006655574
1,1010,0,front,4,finetune3,0.16796875,finetune3,19243.2647406423,finetune3,19242.074120925063,finetune3,17.32707623984796,finetune2,3.61464897170254,finetune,3.5519610216050386,finetune3,19255.910679388577,finetune3,0.5843828715365239,finetune2,0.5431034482758621
1,1015,0,front,4,finetune3,0.19140625,finetune,15015.662364287156,finetune,15000.140982695084,finetune3,18.945153110152315,original,2.7069078106131688,original,2.4059537051014557,finetune,15106.362952715841,original,0.6358974358974359,finetune2,0.5489021956087824
1,1020,0,front,4,finetune3,0.1796875,finetune2,27058.1946068278,finetune2,26998.6753416109,finetune2,15.83410789015407,finetune,4.001293412988304,finetune,4.540938067402465,finetune2,27077.275290568603,finetune3,0.5747663551401869,finetune2,0.4548736462093863
1,1025,0,front,4,finetune3,0.15625,finetune3,7442.829687651355,finetune3,7268.205797013099,finetune,2.5489199226359385,original,4.118181321486225,original,5.717358070518234,finetune3,7440.960621796625,finetune,0.6056395586432366,original,0.4185053380782918
1,1030,0,front,4,finetune3,0.15234375,finetune3,5407.939184345547,finetune3,5131.326817606248,finetune,4.31283172332504,finetune2,7.307396998444658,finetune,8.60147057220455,finetune3,5397.166743814053,original,0.6326209930861094,finetune,0.4776494224008036
1,1035,0,front,4,finetune3,0.1484375,original,5460.676305928472,original,5161.068854903329,finetune2,7.999518689294482,finetune2,6.036570913731145,finetune2,7.912428005934858,original,5445.950092184176,original,0.6,finetune,0.4582371942778034
1,1040,0,front,4,finetune3,0.15234375,finetune,6108.296706014955,finetune,5822.775622592191,finetune,7.566485734768529,finetune3,4.920896874789973,finetune3,3.9268970492171285,finetune,6094.172654876353,finetune3,0.708482020312929,finetune3,0.5180995475113123
1,1045,0,front,4,finetune3,0.15234375,finetune,11496.258344519722,finetune,11183.654039574089,original,5.946550920036712,original,7.289608276193288,original,8.066355808817088,finetune,11491.748667225616,original,0.534453781512605,original,0.40939597315436244
1,1050,0,front,4,original,0.16015625,finetune3,108.87485850060365,finetune3,27.25715424286318,finetune2,4.599566242213967,finetune3,2.8039137957080005,finetune3,2.5319227911165925,finetune3,515.8042480046586,finetune3,0.8079930495221547,finetune3,0.6941255908170155
1,1055,0,front,4,finetune3,0.28515625,finetune2,4624.179509825754,finetune2,4587.016658710156,original,11.300961330474253,finetune2,1.1469370065373519,finetune2,0.8707393712060914,finetune2,4630.265936835618,finetune2,0.823593664664118,finetune2,0.7563237774030354
1,1060,0,front,4,finetune3,0.2578125,finetune2,2167.573882048575,finetune2,2167.4880444750743,finetune3,2.4004990341814225,finetune2,0.921459583921332,finetune2,0.6495630318052984,finetune2,3419.37031750087,finetune2,0.8956268221574344,finetune2,0.8460161145926589
1,1065,0,front,4,finetune3,0.2890625,finetune3,5528.923133066151,finetune3,5527.876456419508,finetune3,1.2267497849472757,finetune3,1.5009957128606144,finetune2,1.1224526978829121,finetune3,5527.254281936073,finetune3,0.7141500474833808,finetune3,0.6858375269590223
1,1070,0,front,4,finetune,0.328125,finetune3,4552.107745612835,finetune3,4551.743822726912,original,1.5885701101408765,finetune,0.8242727036851176,finetune,0.49165991507394374,finetune3,4553.670745837019,finetune3,0.7353535353535353,finetune3,0.7075664621676891
1,1075,0,front,4,finetune3,0.40234375,finetune2,3507.2698518924476,finetune2,3506.7874878217044,finetune,1.2721258652056,finetune,1.6515878317560542,original,0.844809010048937,finetune2,3508.9692663704755,finetune2,0.731718898385565,finetune2,0.7100988700564972
1,1080,0,front,4,finetune,0.3515625,finetune3,2857.209234861976,finetune3,2855.9512965780305,finetune,1.4393940002455232,finetune2,0.7482806122774927,finetune,1.6514394672838548,finetune3,2856.9877004186724,finetune2,0.7646356033452808,finetune2,0.7333675828409967
1,1085,0,front,4,finetune3,0.296875,finetune3,2078.0310504198137,finetune3,2076.0761801477493,finetune,0.5748629763479717,finetune2,0.49196672294814126,original,0.5483079288274822,finetune3,2078.1864800172925,finetune3,0.8072916666666666,finetune2,0.750100120144173
1,1090,0,front,4,finetune,0.34765625,finetune2,1739.9547402121,finetune2,1739.4794383644075,finetune2,1.3409691758739235,finetune2,1.7946975504541116,finetune,1.018436051189438,finetune2,1739.7727542200357,finetune2,0.817923186344239,finetune2,0.7850947070277925
1,1095,0,front,4,finetune,0.33203125,finetune3,1594.3719877428719,finetune3,1590.1956427606565,original,1.0448900558333305,original,3.3589685615953635,original,1.1976510183598168,finetune3,1596.1642500642452,finetune3,0.7762803234501348,finetune3,0.666952912551882
1,1100,0,front,4,finetune3,0.22265625,finetune3,397.08944735761355,finetune3,353.31098122958247,finetune3,8.496563292505158,finetune3,13.663805860551088,finetune3,7.070657777754714,finetune3,429.5887930487357,finetune3,0.8161419770530718,finetune3,0.7433694745621351
1,1105,0,front,4,finetune3,0.21484375,finetune2,739.5608823712595,finetune2,734.2851000889059,original,14.19609595350715,finetune2,11.779591801217855,finetune3,6.02667273772675,finetune2,787.6562926908144,finetune2,0.7416772018541931,finetune2,0.66483286908078
1,1110,0,front,4,finetune3,0.28515625,finetune3,727.698659465014,finetune3,709.616858535841,finetune2,7.611833879039137,finetune2,8.9851195582475,original,4.137996848090835,finetune3,742.1014893187477,finetune3,0.7786711807024969,finetune3,0.7107104413347686
1,1115,0,front,4,finetune3,0.375,finetune2,1518.510424518248,finetune2,1518.3477540539843,finetune2,2.131256677669522,finetune2,1.6398007457964592,finetune,3.1569378501681467,finetune2,1515.2924071431794,finetune2,0.7906700593723495,finetune2,0.7741439015005771
1,1120,0,front,4,finetune3,0.328125,finetune3,2661.376481987866,finetune3,2659.343457222978,finetune3,5.171846316965347,finetune3,3.256611659639816,original,0.9903953792998814,finetune3,2658.2304197821786,finetune3,0.6893004115226338,finetune2,0.6627191633343587
1,1125,0,front,4,finetune3,0.38671875,finetune2,2251.093694375062,finetune2,2250.456650383592,finetune2,4.36354894937833,finetune2,1.0706594834043022,finetune,1.1366839522192382,finetune2,2248.561234555333,finetune2,0.7588904694167852,finetune2,0.7200070884281411
1,1130,0,front,4,finetune3,0.3046875,finetune2,2275.648243100293,finetune2,2273.114673714823,finetune2,2.511495542844216,finetune,1.5877619083301622,finetune,1.1037020632541548,finetune2,2273.9239513063035,finetune2,0.7520661157024794,finetune2,0.7220062208398134
1,1135,0,front,4,finetune3,0.2890625,finetune,3320.1179867576116,finetune,3317.7110852284604,finetune,1.9641562439321056,finetune,1.466993539401311,finetune,1.1580898161441537,finetune,3320.0657862214666,finetune,0.7069339111592633,finetune,0.6870636550308008
1,1140,0,front,4,finetune3,0.31640625,finetune2,2650.2990789056557,finetune2,2648.905683620058,finetune2,1.5717354389482676,finetune2,0.5671417985780653,original,1.587962056910902,finetune2,2654.202375307633,finetune2,0.7653259361997226,finetune2,0.7314356435643564
1,1145,0,front,4,finetune3,0.27734375,finetune3,3115.9657045476547,finetune3,3113.6086917822977,finetune2,0.8000403328544013,finetune3,0.8076762079274721,finetune,1.4597578577100556,finetune2,3212.3112892942713,finetune3,0.7446601941747573,finetune2,0.6997925311203319
1,1150,0,front,4,finetune3,0.2890625,finetune2,2660.6439046172504,finetune2,2659.3036425255996,finetune,0.49102987286042366,finetune2,1.647319293346399,finetune,1.0372209696217338,finetune2,2660.1891110477222,finetune2,0.7423765896348967,finetune2,0.727743271221532
1,1155,0,front,4,finetune3,0.296875,finetune3,2506.064283622138,finetune3,2504.3444229507804,finetune2,1.583185494369801,finetune2,1.1352781561647955,original,0.5639072508560034,finetune3,2505.961264532494,finetune3,0.7507178996307945,finetune2,0.7130146906683219
1,1160,0,front,4,finetune3,0.296875,finetune2,2088.802384375986,finetune2,2088.632374293218,finetune,0.6057986788959197,finetune2,0.1803464095114991,original,1.1541937711159116,finetune2,2089.038858971615,finetune2,0.7925611923971011,finetune2,0.7660322714108398
1,1165,0,front,4,finetune3,0.2734375,finetune3,1875.1246238986346,finetune3,1870.9314293270982,finetune2,4.481548583556562,original,3.176606673941181,finetune,2.0560511891916216,finetune3,1878.9585624932251,finetune3,0.7645145145145145,finetune3,0.6910746812386157
1,1170,0,front,4,finetune3,0.3828125,finetune3,2694.486528642199,finetune3,2679.439364098891,finetune,1.7606854944302486,finetune,5.7642035158731995,finetune,2.1184146575711797,finetune3,2699.162180622544,finetune3,0.717607973421927,finetune3,0.6471766119343212
1,1175,0,front,4,finetune3,0.2890625,finetune3,1338.697040680321,finetune3,1335.5301731971085,finetune,1.5236958687274464,finetune,6.5405674682302415,original,1.2640666534332294,finetune3,1342.1361246643648,finetune3,0.7886372168689776,finetune3,0.7018695850433196
1,1180,0,front,4,finetune3,0.3984375,finetune3,744.6941570351436,finetune3,738.6647605842154,original,4.807422551529209,finetune3,10.675508379377831,finetune,3.213897605471609,finetune3,749.8443628784865,finetune3,0.8283597883597884,finetune3,0.7488120667858232
1,1185,0,front,4,finetune3,0.375,finetune2,230.27765429513738,finetune2,141.73636501830788,finetune3,8.320808173897293,original,18.99841331207736,finetune2,12.196037486917493,finetune2,261.21091335025255,finetune2,0.869340723789372,finetune,0.7699496522808021
1,1190,0,front,4,finetune3,0.33984375,original,100.99814112833323,finetune,8.074161375654512,original,164.97666257328453,finetune3,1.9013376842701841,finetune,6.729357946646395,finetune3,2607.764919222863,finetune3,0.6228149216074969,original,0.5688126689061198
1,1195,0,front,4,finetune3,0.27734375,original,436.97330089508887,original,308.2217984635063,finetune2,12.638784013974707,original,26.757415992314268,finetune,5.1852166008265215,original,544.4632471682734,original,0.717148182665424,original,0.5121653279785809
1,1200,0,front,4,finetune3,0.26953125,finetune2,1140.3866348610009,finetune2,1136.866643551617,original,12.784358843424203,finetune,6.40142159102491,finetune,28.90530992413831,finetune2,1208.3487842276645,finetune3,0.8144356067016416,finetune3,0.7037685060565276
1,1205,0,front,4,finetune3,0.26953125,finetune2,891.9259411117341,finetune2,888.3232544442453,original,6.294127531125937,finetune3,6.9781023146143175,finetune,8.229973683816104,finetune2,877.3684884744963,finetune2,0.7214388489208633,finetune2,0.7136726601119018
1,1210,0,front,4,finetune3,0.27734375,original,1505.7186147641955,original,1492.1902311007616,finetune2,3.446107571609064,finetune2,1.511220263623623,finetune,11.520756699196252,original,1495.029434852665,original,0.7123203188007021,original,0.6646666166654166
1,1215,0,front,4,finetune3,0.3046875,finetune3,1655.0521109702581,finetune3,1643.8395250129506,finetune3,5.178709961719807,original,4.669386975907538,original,9.816885753599747,finetune3,1659.1940009717543,finetune3,0.8062038188601947,finetune3,0.7073717230562402
1,1220,0,front,4,finetune3,0.296875,finetune2,2554.834575173892,finetune2,2554.296853483571,original,8.081224693475423,original,5.197614715581564,finetune,2.6714837584828715,finetune2,2556.254595351961,finetune2,0.6985446985446986,finetune2,0.6423096576392437
1,1225,0,front,4,finetune3,0.3046875,finetune2,2337.2627640319506,finetune2,2335.5394918204474,original,2.0053049645599574,finetune,2.6546026138002503,original,2.222470041804388,finetune2,2334.3972131461815,finetune3,0.7465621562156216,finetune3,0.6706710853355426
1,1230,0,front,4,finetune3,0.26171875,finetune3,1765.979222907542,finetune3,1762.2401518754414,finetune,9.268970052039663,finetune3,4.0248725665760405,original,4.898565917124225,finetune3,1775.0683094755475,finetune3,0.7359506302521008,finetune3,0.671249018067557
1,1235,0,front,4,finetune3,0.22265625,finetune2,1974.3652398800145,finetune2,1972.2527914882048,finetune,9.232530447737673,finetune2,8.880238563583621,finetune2,5.465050880166461,finetune2,3305.9806513449694,finetune2,0.709480122324159,finetune2,0.5848974247053689
1,1240,0,front,4,finetune3,0.21484375,finetune2,1207.975286037695,finetune2,1195.4058540824226,finetune3,8.357957953574777,finetune,10.511257332287089,finetune2,7.639153112151341,finetune2,1232.0039423017868,finetune2,0.7397959183673469,finetune2,0.6460444061220091
1,1245,0,front,4,finetune3,0.21875,finetune3,1221.256192616238,finetune3,1217.5868384636415,finetune2,16.64839055986519,finetune3,6.10811920401426,finetune3,4.028016990615236,finetune2,2877.45504684366,original,0.7928571428571428,finetune3,0.7410311703587532
1,1250,0,front,4,finetune3,0.203125,finetune3,943.6809602713925,finetune3,936.3147792214768,finetune2,11.020580474396429,finetune,8.363146972204666,finetune,4.457059201530079,finetune3,2855.386139866444,finetune3,0.791226008617313,finetune3,0.6880530973451328
1,1255,0,front,4,finetune3,0.19921875,finetune2,1833.0290841285184,finetune2,1818.715454181227,finetune,10.099332264437509,finetune3,8.23298899854708,finetune,8.571237194625601,finetune2,1837.4220581658178,finetune3,0.7659804983748646,finetune2,0.6005571030640668
1,1260,0,front,4,finetune3,0.1953125,finetune2,388.194048375309,finetune2,387.0115807733928,finetune,7.3058505555077256,finetune2,1.237097218845257,finetune2,4.324320570221504,finetune2,2720.4219654478775,finetune2,0.8217549130053824,finetune2,0.7152998318699795
1,1265,0,front,4,finetune3,0.2578125,finetune3,2823.002123520064,finetune3,2822.466348158745,original,4.506913030212179,finetune2,3.332464824176331,original,0.7502662031395295,finetune2,3504.469742677234,finetune3,0.7079056865464632,finetune2,0.668806161745828
1,1270,0,front,4,finetune3,0.3046875,finetune3,3480.280418522902,finetune3,3480.099227424056,original,1.2377275497384312,finetune3,1.8688664438311233,original,0.8816597083118433,finetune3,4319.422133633416,finetune3,0.7058823529411765,finetune3,0.6529002320185615
1,1275,0,front,4,finetune3,0.28515625,finetune2,3695.7935486121746,finetune3,3685.9024096007197,finetune3,8.558408896138877,finetune,5.0334125409052675,finetune,0.8199096418455738,finetune3,3712.360983892747,finetune3,0.7144943410003651,finetune3,0.6449002634550245
1,1280,0,front,4,finetune3,0.34375,finetune2,2634.224123677395,finetune2,2626.366053376383,finetune2,2.648945591229499,original,5.891959765924072,original,0.5713632520842244,finetune2,2634.7114494980938,original,0.714614499424626,original,0.671571696931747
1,1285,0,front,4,finetune3,0.28125,finetune2,1827.478529184052,finetune2,1816.4481449573632,finetune3,8.289400918589978,finetune3,9.534715245449867,original,3.8992110141001017,original,2712.315664396114,finetune2,0.699245805756503,finetune2,0.6493009917552873
1,1290,0,front,4,finetune3,0.29296875,original,2370.26432609652,original,2350.628123901841,finetune3,2.2955887454299426,finetune3,2.153195931871841,finetune,10.83263650705989,original,2361.9219011107743,finetune3,0.7001266051727256,finetune3,0.6474563181774302
1,1295,0,front,4,finetune3,0.25390625,finetune3,1494.69405944656,finetune3,1488.2351560294373,finetune2,7.391658079393762,original,6.550348868065775,finetune,2.8385926456863046,finetune3,1492.4004305224237,finetune3,0.7338199513381995,finetune2,0.6785670318847716
1,1300,0,front,4,finetune3,0.27734375,finetune3,1616.9260700638968,finetune3,1612.5443031081122,finetune,7.370469347638049,finetune,5.912496970564759,finetune,1.9553281530315585,finetune3,1624.0613929220349,finetune3,0.7383587786259542,finetune3,0.6602147499293586
1,1305,0,front,4,finetune3,0.28125,finetune3,2192.934955883227,finetune3,2187.1174579243925,original,2.763428753049453,finetune,4.5851469241518155,original,0.8062293172142471,finetune3,3435.9783768925063,finetune3,0.7552973342447027,finetune3,0.6927500871383757
1,1310,0,front,4,finetune3,0.27734375,finetune3,2626.9769630782425,finetune3,2626.2205126816298,finetune,1.035087794246103,finetune3,2.4130968275260183,finetune,1.638021563668312,finetune2,2920.162507170085,finetune3,0.7348148148148148,finetune2,0.6927585554925316
1,1315,0,front,4,finetune3,0.33984375,finetune2,1992.38061380722,finetune2,1991.6254429856344,finetune2,1.0383572847369886,finetune,0.9518730891043435,finetune,1.2823859511431794,finetune2,1992.2954555576719,finetune2,0.7873015873015873,finetune2,0.7666864725688255
1,1320,0,front,4,finetune3,0.33203125,finetune3,2433.3482359565023,finetune3,2433.331356894676,original,2.037154607768488,finetune3,1.6856456382836695,finetune,1.5535984562949465,finetune2,3456.289411893378,finetune3,0.735,finetune3,0.6889007470651014
1,1325,0,front,4,finetune3,0.31640625,finetune3,2494.7864490998736,finetune3,2492.922885361171,original,1.5232948782612226,finetune2,2.9799458976977515,finetune,2.351541981420393,finetune2,2634.610589034643,finetune3,0.7211538461538461,finetune2,0.668775364048699
1,1330,0,front,4,finetune3,0.26953125,finetune3,745.6618784405532,finetune3,745.242872789815,original,0.5740067547037015,finetune3,2.8415282741824397,finetune,2.4385229216642736,original,1071.7665996839685,finetune3,0.875,finetune3,0.7407912687585266
1,1335,0,front,4,finetune3,0.375,original,289.3054215662271,original,249.37226367362746,finetune,3.273579754842475,finetune2,9.762534610771695,original,5.026672779366553,finetune3,420.6136514323184,finetune3,0.9134826526130874,finetune3,0.8262734023637694
1,1340,0,front,4,finetune3,0.35546875,finetune3,213.58977270647148,finetune3,81.0224720537135,finetune3,13.84019748447262,finetune,22.64340282188051,original,9.671145735901083,finetune3,344.37678497135926,original,0.7803670859971128,original,0.6727707006369427
1,1345,0,front,4,finetune3,0.32421875,finetune2,419.5675721757728,finetune3,338.23817012766085,finetune2,16.88871123665835,finetune,27.321536371625164,original,5.750633215640146,finetune2,528.4900491562944,finetune2,0.748426865288301,finetune2,0.6202164318964996
1,1350,0,front,4,finetune3,0.33984375,finetune,277.24889198291817,finetune,64.39116170276975,finetune3,28.50050904613095,finetune3,14.328530547930018,finetune,4.9152233369257825,finetune,678.3286030786539,original,0.6495124593716143,original,0.5435401743333046
1,1355,0,front,4,finetune3,0.3359375,finetune3,613.6610431524059,finetune3,556.7936845451532,finetune,14.761633136935902,finetune2,1.515773997277842,finetune,3.3135215015433936,finetune3,717.6701985742849,original,0.7640012776831345,finetune2,0.6103931920258451
1,1360,0,front,4,finetune3,0.28125,finetune2,1128.9023956459394,finetune2,1125.479955356992,finetune3,5.759197783547412,finetune2,2.5671294314081297,finetune,2.023207456282529,finetune2,1139.4165868497998,finetune2,0.8869422392554065,finetune2,0.8129337222166348
1,1365,0,front,4,finetune3,0.33984375,finetune3,1756.7658467343927,finetune3,1754.6506746837877,finetune2,5.87918609964049,finetune2,0.6613752724772096,finetune,1.1304308361212954,finetune3,1760.4148393096912,finetune3,0.8076923076923077,finetune,0.7558649916754957
1,1370,0,front,4,finetune3,0.28515625,finetune2,2899.044413897456,finetune2,2894.4498345648644,finetune3,2.726505517531588,original,2.1260349048113674,original,0.8186178376978818,finetune2,2899.4299158053523,finetune3,0.7675026927219573,finetune2,0.7153234960272418
1,1375,0,front,4,finetune3,0.30078125,finetune2,3249.553525262636,finetune2,3248.5340610838866,finetune3,1.404644572658437,finetune,1.4945520206166882,original,1.2732970401756938,finetune2,3249.4265325817646,finetune2,0.7622554660529344,finetune2,0.7262723521320495
1,1380,0,front,4,finetune3,0.2890625,finetune3,4676.332155964355,finetune3,4675.942802532201,finetune2,0.777129393112668,finetune3,1.0502804669152996,original,1.072830590883684,finetune2,4777.580840999476,finetune3,0.7397260273972602,finetune2,0.680503144654088
1,1385,0,front,4,finetune3,0.265625,finetune2,3938.639167300483,finetune2,3934.461736390367,finetune,1.0546351273195802,finetune3,1.0502040717225134,finetune,0.82236701183512,finetune2,3938.4595322362707,finetune2,0.7625,finetune2,0.7092819614711033
1,1390,0,front,4,finetune3,0.27734375,finetune2,4304.278120587375,finetune2,4303.868024011179,original,15.70831841402596,finetune3,0.6754019043028079,finetune3,2.248933982683596,finetune2,5005.775275134225,finetune2,0.7509386733416771,finetune2,0.6800936768149883
1,1395,0,front,4,finetune3,0.3046875,finetune2,5127.233756291955,finetune2,5126.44568714999,original,179.9742955562168,finetune2,0.32220726516499903,finetune3,0.9292223339282065,finetune2,5768.4479838346615,finetune2,0.7341269841269841,finetune2,0.6701086956521739
1,1400,0,front,4,finetune3,0.33984375,finetune3,7485.709028318267,finetune3,7485.350259496212,original,179.865218446834,finetune3,0.4206773085058584,finetune2,0.9592082231687862,finetune3,8071.922547990179,finetune2,0.6648018648018648,finetune3,0.6342857142857142
1,1405,0,front,4,finetune3,0.37109375,finetune2,7943.774707314134,finetune2,7942.777989772054,finetune3,2.8157742533512278,finetune,0.13721721453125937,finetune2,0.6619744379895042,finetune2,8519.939795047638,finetune2,0.6633986928104575,finetune2,0.636593591905565
1,1410,0,front,4,finetune3,0.2734375,finetune2,8827.570910741473,finetune2,8827.073668093682,original,178.24473011416296,finetune,1.5447858320395522,finetune3,1.0551839711285205,finetune2,9396.8712868315,finetune2,0.6617647058823529,finetune2,0.6350710900473934
1,1415,0,front,4,finetune3,0.30859375,finetune3,7251.4663247714925,finetune3,7249.932830644619,finetune3,2.398517565883422,finetune3,1.1793706089436184,finetune,0.285412269255341,finetune3,7248.625626511988,finetune3,0.6647727272727273,finetune3,0.6335952848722987
1,1420,0,front,4,finetune3,0.23828125,finetune3,10962.681678990015,finetune3,10951.99814050422,finetune,16.458007352392208,original,9.500986770736016,original,9.357383716430151,finetune3,10974.345950780325,original,0.7693704600484261,original,0.5297029702970297
1,1425,0,front,4,finetune3,0.2578125,finetune3,4248.366190621394,finetune3,4245.481993105313,finetune3,2.9075972630900284,finetune,3.2231387914030427,finetune,2.8446123057849664,finetune3,4250.0390557310175,original,0.768141592920354,finetune3,0.6789524733268671
1,1430,0,front,4,finetune3,0.2109375,original,9098.547673976602,original,9087.35252717544,finetune3,19.187154026129598,finetune,1.8944859141209665,finetune,1.7899824935209985,original,9176.967848331755,original,0.6539923954372624,original,0.6093385214007782
1,1435,0,front,4,finetune3,0.14453125,finetune3,3123.203956687899,finetune3,3118.6984451498065,finetune,23.06723764317666,finetune3,3.974869467693882,finetune3,3.025053605677145,finetune3,4054.7942549355275,finetune3,0.8078787878787879,finetune3,0.713091922005571
1,1440,0,front,4,finetune3,0.1875,finetune3,13357.5706072895,finetune3,13349.1602846147,finetune3,19.63065867463895,original,5.535653111159022,original,5.014905447405162,finetune3,13375.861037295628,original,0.6432748538011696,original,0.5699908508691675
1,1445,0,front,4,finetune3,0.2265625,finetune3,4325.777161844721,finetune3,4324.616954554083,finetune3,6.366652643146233,finetune3,4.146495995326949,finetune3,3.46581069890867,finetune3,4323.922669921696,finetune3,0.7188059701492537,finetune3,0.6316262353998203
1,1450,0,front,4,finetune3,0.2109375,finetune3,3956.7654907870665,finetune3,3955.638106126069,finetune3,6.876140099836077,finetune3,3.5453679905299222,original,3.490370234373335,finetune3,3959.1563094526164,original,0.7553483269336259,finetune3,0.6618049225159526
1,1455,0,front,4,finetune3,0.296875,finetune3,8088.815357942815,finetune3,8086.741218057483,finetune3,6.446308966598396,finetune3,1.4109883373529621,finetune3,1.8980901422227023,finetune3,8088.513090974642,finetune3,0.609375,finetune3,0.5905292479108635
1,1460,0,front,4,finetune3,0.12890625,finetune3,17215.134804623005,finetune3,17170.83168256098,finetune3,12.94214994902036,finetune,5.74754731942169,finetune,6.174538565764784,finetune3,17256.803833031154,finetune2,0.6095406360424028,finetune2,0.5714285714285714
1,1465,0,front,4,finetune3,0.3125,finetune2,5720.775077236212,finetune2,5720.578527635946,finetune2,0.44599801504624775,finetune2,0.36665005454234995,finetune2,0.3879315017146202,finetune2,5722.186161680133,finetune2,0.7286324786324786,finetune2,0.7000789265982637
1,1470,0,front,4,finetune3,0.25390625,finetune2,217.79907826731707,finetune2,201.94304992187244,finetune2,10.839263656251944,original,2.0744230125583316,original,0.5865371813734749,finetune2,324.4090706045486,finetune2,0.8213333333333334,finetune2,0.7301835220616947
1,1475,0,front,4,finetune3,0.171875,finetune3,226.28269053383474,finetune3,154.9796437192017,finetune,12.107437279808691,finetune3,6.845953621174069,finetune3,4.765125613028195,finetune2,2611.974173731838,finetune3,0.8346213292117465,finetune3,0.7092363261093911
1,1480,0,front,4,finetune3,0.1875,finetune2,1263.2598884374904,finetune2,1254.6246576391895,finetune3,9.374708086531095,original,12.473511877537833,original,7.756076500281829,finetune2,1296.85277736817,finetune2,0.7587162318171323,finetune2,0.6625301620130989
1,1485,0,front,4,finetune3,0.19921875,finetune3,2855.796938422566,finetune3,2755.7507634988415,finetune3,11.287961822161089,finetune2,5.355645538155167,finetune2,8.421785509572313,finetune3,2889.3480158746556,original,0.6207847946045371,finetune,0.46967357741508603
1,1490,0,front,4,finetune3,0.1484375,finetune3,770.8578508020287,finetune3,352.62569784163134,finetune,2.188041852332354,original,12.503651811117727,original,21.393964782945076,finetune3,782.116383519722,finetune,0.6149181322013342,finetune,0.46652983896431954
1,1495,0,front,4,finetune3,0.1640625,finetune3,1748.3290926448512,finetune3,1489.5056911565844,finetune3,3.490426423479991,original,5.345144169446607,original,11.350892189806615,finetune3,1742.7554106321006,finetune2,0.6336167026384179,finetune2,0.48676281400230215
1,1500,0,front,4,finetune3,0.2109375,finetune,1408.6561374283135,finetune,1126.9683696455995,finetune,2.6544620951850004,original,8.457922148069805,original,15.038713273410577,finetune,1404.7742257327627,finetune,0.5577299412915852,original,0.46480032935364346
1,1505,0,front,4,finetune3,0.23046875,finetune3,641.8917263432019,finetune3,637.8240117323166,original,19.252484060597265,finetune3,15.040661594533814,original,4.98282685197965,finetune2,1403.1909239979282,finetune2,0.8566337440179208,finetune2,0.7227919791826114
1,1505,1,front,4,finetune3,0.04296875,finetune3,116740.15340575663,finetune3,101880.0695222196,finetune3,154.58123115084126,finetune2,0.29571409242676494,finetune2,0.32758909434095895,finetune3,116388.24508025289,finetune,0.8,original,0.4444444444444444
1,1510,0,front,4,finetune3,0.1640625,finetune,477.9197477348666,finetune,161.32965576690185,finetune2,3.766371188457846,finetune3,14.768022605685019,finetune3,10.173212381501813,finetune,562.9175546210262,finetune3,0.7806625642754784,finetune3,0.658060408856193
1,1515,0,front,4,finetune3,0.2421875,finetune3,401.08917816826124,finetune3,385.66482627530786,finetune,15.24041446271928,finetune3,11.576552303471045,finetune,6.515084327390857,finetune3,515.4199759988859,finetune3,0.8303432863616612,finetune3,0.7108806404657934
1,1515,1,front,4,finetune3,0.0859375,original,36754.14453960235,original,36191.943306068424,finetune,146.13994802664635,finetune,0.4283693695966382,finetune,1.0483516488031697,original,37082.35031362563,original,0.43478260869565216,original,0.45454545454545453
1,1520,0,front,4,finetune3,0.21875,finetune2,2332.62849819905,finetune2,2308.760407235706,finetune,6.062961077494958,original,17.71265577293222,original,8.930774279907073,finetune2,2333.6793952466487,finetune2,0.6528888888888889,finetune2,0.5966717757827896
1,1520,1,front,4,finetune3,0.03515625,original,19099.541304458147,original,16261.705797728966,finetune,53.01985244179229,original,0.9472161248358602,original,0.6106959468211265,original,18926.05273453828,original,0.9090909090909091,finetune,0.8125
1,1525,0,front,4,finetune3,0.27734375,finetune2,1720.243618839055,finetune2,1718.0451997227356,finetune2,4.568594630230585,finetune2,2.0671071198586697,finetune3,1.9019777184244182,finetune2,1723.2714959058314,finetune2,0.7620808027462371,finetune2,0.7264550264550265
1,1525,1,front,4,finetune3,0.08203125,finetune3,42444.108883507506,finetune3,34558.7516263256,finetune2,80.62481541730901,finetune3,0.33411085485384684,finetune,0.08602635782289042,finetune3,42554.982553917805,finetune,0.8181818181818182,finetune2,0.6818181818181818
1,1530,0,front,4,finetune3,0.3125,finetune2,1849.4135363067976,finetune2,1848.9110994159182,finetune2,1.8293475189517328,finetune3,2.08618816277707,original,1.6133695013861227,finetune2,1849.8508422447019,finetune2,0.7884098376978991,finetune2,0.7577358490566037
1,1530,1,front,4,original,0.0390625,finetune2,58989.88067462381,finetune2,45165.36102847167,original,88.98837907481688,original,1.3282154787541178,original,1.7125977548420492,finetune2,59038.362223720505,original,0.5892857142857143,finetune3,0.39285714285714285
1,1535,0,front,4,finetune3,0.3359375,finetune2,2144.042116199939,finetune2,2143.8779847221595,finetune3,2.062516262592354,finetune3,0.6725190358548059,finetune,1.3224879349331744,finetune2,2144.2290754227265,finetune2,0.7822033898305085,finetune2,0.7405533596837944
1,1535,1,front,4,original,0.01953125,original,168511.2681971217,original,133282.7073081495,finetune3,63.277137859756074,finetune2,1.9681857435883068,finetune2,1.4468122871830034,original,168543.11828138842,original,0.24390243902439024,original,0.24444444444444444
1,1540,0,front,4,finetune3,0.32421875,original,2524.503335515836,original,2455.1756563974413,finetune,5.038130952187306,finetune,5.541923570421297,finetune,1.6113747511252574,original,2596.1561577220596,finetune3,0.6984363365599404,finetune2,0.6469668542839274
1,1540,1,front,4,finetune3,0.0390625,finetune3,120725.08472210118,finetune3,99929.95609935944,original,35.15170183414233,original,0.49672059873995505,original,0.43234142771393935,finetune3,120580.92302868869,finetune3,0.5,finetune3,0.3939393939393939
1,1545,0,front,4,finetune3,0.37890625,finetune3,2855.72557304992,finetune3,2854.491100456893,finetune,5.150425249007921,original,3.814849507553898,finetune,1.7882526442490247,finetune3,2857.6445404771193,finetune3,0.7029535864978903,finetune2,0.6467442592010066
1,1545,1,front,4,finetune3,0.0625,finetune,31109.265851208194,finetune,28080.01268946362,finetune2,14.499597416344027,finetune3,1.5344878989383686,finetune3,0.9660635024419665,finetune,30991.552213791216,finetune2,0.6153846153846154,finetune3,0.6956521739130435
1,1550,0,front,4,finetune3,0.37890625,finetune2,2536.61805689688,finetune2,2533.509806556038,finetune2,5.1070263794467445,finetune,4.829886782774766,original,0.8853130536418682,finetune2,2539.685528127288,finetune2,0.7132867132867133,finetune2,0.6748466257668712
1,1550,1,front,4,finetune3,0.0234375,original,68547.46911175703,original,64689.57774105796,finetune3,163.82208288376444,finetune3,1.331972679612782,finetune3,1.683229632888137,original,68418.41580812547,finetune3,0.23076923076923078,original,0.14285714285714285
1,1555,0,front,4,finetune3,0.36328125,finetune2,1449.1576491080136,finetune2,1442.831279487178,finetune2,7.632195452729027,original,5.736822511883955,original,3.807821391904257,finetune2,1455.564446066803,finetune2,0.7595744680851064,finetune2,0.6687468545546049
1,1555,1,front,4,finetune3,0.0390625,finetune3,76847.67132758761,finetune3,75227.87188084162,finetune3,104.25690999994731,original,0.26758161404977493,original,0.3001227587916977,finetune3,76745.66624345482,original,0.75,original,0.5
1,1560,0,front,4,finetune3,0.3125,finetune,1852.1876676401155,finetune,1845.2276089280986,finetune2,2.3858327398871713,original,3.4405795479756485,finetune,11.917095157638071,finetune,1865.883488809456,original,0.78125,original,0.6932126051618422
1,1560,1,front,4,original,0.09765625,finetune3,117173.97654532298,finetune3,117056.07616728981,finetune3,18.012757108287378,finetune3,0.3208869519315236,original,0.47052470276912733,finetune3,117166.51559313068,finetune,0.5833333333333334,original,0.5625
1,1565,0,front,4,finetune3,0.328125,finetune3,443.54484534861996,finetune3,398.7204454589555,finetune3,12.565739218878587,finetune2,15.146394720587022,original,1.3398188360220633,finetune3,498.7651257381162,finetune3,0.8294259645677345,finetune3,0.7218313987571814
1,1565,1,front,4,finetune3,0.08203125,finetune,83538.61873328983,finetune,76583.29474550323,finetune2,72.66941774115652,original,0.6704773976716524,original,0.5914776584052303,finetune,83301.53561082452,finetune3,0.8,original,0.6666666666666666
1,1570,0,front,4,finetune3,0.26953125,finetune2,450.571843349043,finetune2,393.9367242283388,finetune3,4.928303793680267,finetune3,11.274754300992,finetune,8.636917588770366,finetune2,483.9856587107444,finetune2,0.8168074699866608,finetune2,0.7197534035448241
1,1575,0,front,4,finetune3,0.2734375,finetune3,133.91653555491126,finetune3,83.8340298382027,finetune,7.8855271743847,finetune3,8.39084223648126,original,2.253515430520303,finetune3,209.21149117088945,finetune3,0.7996588122401109,finetune3,0.7293087414755115
1,1580,0,front,4,finetune3,0.37890625,finetune3,2328.832917516648,finetune3,2326.0445937247114,finetune,5.477991508824343,original,7.696693385825023,finetune,1.8507416612331111,finetune3,2331.566204520961,finetune3,0.7114947751022263,finetune2,0.6660672136675284
1,1585,0,front,4,finetune,0.34765625,finetune2,1249.4110864062188,finetune2,1248.7196022064709,finetune3,2.426850522740084,original,1.2881243331092787,finetune,3.0212087498784195,finetune2,1252.1941496734391,finetune2,0.814312736443884,finetune2,0.7823932027377861
1,1590,0,front,4,finetune,0.375,finetune3,1469.8825747849219,finetune3,1462.3103022258256,finetune3,1.7996935292271201,finetune2,5.976898771790971,finetune,2.776308103185692,finetune3,1469.852134275302,finetune2,0.7211538461538461,finetune2,0.6751901750526991
1,1595,0,front,4,finetune,0.375,finetune3,437.67056417429194,finetune3,427.4544680236395,finetune,0.5712750147268459,original,3.2950951224009177,original,2.4867805258188334,finetune3,437.5196362165276,finetune3,0.8449041118834268,finetune3,0.7411658109332528
1,1600,0,front,4,finetune,0.359375,finetune3,282.68205206999784,finetune3,235.66402420008308,original,2.6026467730337446,original,10.175619704883934,finetune,2.8863862293868925,finetune3,290.5280059076957,finetune,0.7781041388518024,finetune,0.7187730061349693
1,1605,0,front,4,finetune3,0.28125,original,141.377349984278,original,93.99188664105895,finetune3,17.080191300796795,finetune3,5.423846499854078,finetune,14.182624494402495,original,433.7258957258493,finetune3,0.7397411457810775,finetune,0.5892985135093023
1,1610,0,front,4,finetune3,0.16796875,finetune,376.9411756438761,finetune,224.27647383533076,finetune2,12.319853240496846,finetune3,8.053221363513291,finetune,5.918551996221106,finetune,486.79466583415604,finetune3,0.6953042461842786,finetune3,0.570124633431085
1,1615,0,front,4,finetune3,0.23046875,finetune3,193.47974356433542,finetune3,6.62772640096955,finetune2,3.8569190609033446,finetune2,19.83000269848571,finetune,1.2144938533962188,finetune3,211.79599244720032,finetune2,0.8472394831372683,finetune2,0.632708616898754
1,1620,0,front,4,finetune3,0.28125,finetune2,189.6094627822612,finetune2,106.85050919519563,finetune2,6.6831737942374465,finetune2,17.338321811225573,finetune,7.425954258569426,finetune2,210.9341997546092,finetune3,0.912621359223301,finetune3,0.7989949748743719
1,1625,0,front,4,finetune3,0.29296875,finetune2,964.0424985392516,finetune2,963.5909841122757,finetune2,2.761697463492933,finetune2,2.5101046993882927,finetune,2.9936208345865074,finetune2,964.8452117397562,finetune2,0.8442618337367028,finetune2,0.8077816492450639
1,1630,0,front,4,finetune3,0.33203125,finetune3,1868.6882731479602,finetune3,1864.1089340536273,finetune,6.89492155386412,original,2.533608266562894,finetune,2.950334114155283,finetune3,1871.461234752629,finetune3,0.742822966507177,finetune3,0.6460289670539551
1,1635,0,front,4,finetune3,0.36328125,finetune3,4231.111887956569,finetune3,4230.769917444399,finetune,4.297505223954823,original,3.1668434042777025,finetune,1.2768922790493475,finetune3,4232.272443949362,finetune2,0.6720219435736677,finetune2,0.6409130816505707
1,1640,0,front,4,finetune3,0.33203125,finetune2,5797.057400364123,finetune2,5796.222296761203,finetune3,2.699484729326786,original,1.3684477806323962,original,1.1366029975814662,finetune2,5797.028533449945,finetune2,0.637405647190383,finetune2,0.617930456640134
1,1645,0,front,4,finetune3,0.34765625,original,5723.684132554386,original,5723.481377770462,finetune3,3.118150309019806,finetune,1.3754061369629698,finetune,0.3971358723340683,original,6343.239658401336,original,0.6903409090909091,original,0.6581660336408031
1,1650,0,front,4,finetune3,0.3515625,finetune2,7670.46622678731,finetune2,7670.198676022661,finetune2,2.8265238243255233,finetune,2.040530322921925,finetune,0.8968305089089084,finetune2,7668.548300936319,original,0.6069572171131548,finetune2,0.6222084367245657
1,1655,0,front,4,finetune3,0.3828125,original,6073.352834650578,original,6073.235138102475,finetune,3.3743650073580036,original,2.503183772039903,original,1.5935449054323665,original,6074.332913634151,original,0.7092568448500652,original,0.6516709511568124
1,1660,0,front,4,finetune3,0.28125,finetune3,5550.669919825402,finetune3,5548.506518415692,finetune3,2.8250048805214143,original,0.9997721397228695,original,1.0984561021208723,finetune3,5550.518603678172,finetune3,0.7214854111405835,finetune,0.6196610169491525
1,1665,0,front,4,finetune3,0.3046875,finetune2,5677.36703673502,finetune2,5676.75911605898,finetune3,1.2213282822256242,finetune2,0.7609637185639351,finetune,0.6109959111464172,finetune2,5677.738591327734,finetune2,0.7101648351648352,finetune2,0.6949965729952022
1,1670,0,front,4,finetune3,0.3671875,finetune3,7979.853248252544,finetune3,7978.799048854009,finetune,1.0616622516674816,original,0.7946551703705327,finetune2,0.9138259607307034,finetune3,7979.139848700607,finetune3,0.6503496503496503,original,0.5803324099722992
1,1675,0,front,4,finetune3,0.3046875,finetune3,5771.249535324922,finetune3,5770.050278114002,finetune,0.8370490106638087,finetune,0.15123490214254212,finetune,0.5975551221735701,finetune3,5772.588978255992,original,0.7368421052631579,finetune2,0.6761133603238867
1,1680,0,front,4,finetune3,0.2734375,finetune2,2500.4073377263994,finetune2,2499.95800333445,finetune,4.260107225107189,original,2.3613128575370292,finetune,1.007329980027824,finetune2,2500.5502545784852,finetune2,0.7770329350043719,finetune2,0.7349869451697127
1,1685,0,front,4,finetune3,0.21484375,finetune2,1899.4817605036283,finetune2,1893.656231043973,finetune3,10.29015742942486,finetune3,7.388070757316411,finetune,5.998248803337972,finetune2,1910.5756733143337,finetune3,0.7620253164556962,finetune2,0.6223608445297505
1,1690,0,front,4,finetune3,0.19921875,finetune2,662.0282298067099,finetune2,634.2207683548513,finetune3,8.896876384472797,finetune,12.619731725448123,finetune2,9.490852770863428,finetune2,738.0719559735741,finetune2,0.7854260089686098,finetune2,0.6938116286977218
1,1695,0,front,4,finetune3,0.1875,finetune2,332.2460757915379,finetune2,281.44697459789313,finetune3,9.281772841480608,finetune2,7.443789330850369,finetune2,2.301523725812403,finetune2,2604.819834184387,finetune2,0.8805346700083542,finetune2,0.7271403139666612
1,1700,0,front,4,finetune3,0.171875,original,4163.407310425227,original,4150.509710627281,finetune3,7.614897439168505,finetune2,13.042425685021035,original,12.266959343918542,original,4172.820109839294,original,0.6413876563130294,original,0.599664147774979
1,1705,0,front,4,finetune3,0.2734375,finetune3,1669.402023617514,finetune3,1664.0765692904315,finetune3,13.073411279838702,finetune,3.8908346717516973,finetune2,1.6152008570864818,finetune3,1691.2468342417076,finetune3,0.8348674268443468,finetune3,0.7323943661971831
1,1710,0,front,4,finetune,0.2265625,finetune2,2754.5571939187466,finetune2,2752.781486479369,finetune,9.53337972129259,finetune2,4.089510278086567,original,2.5217164023695435,finetune2,2756.6314319238695,finetune2,0.6675883256528418,finetune2,0.6251439097398112
1,1715,0,front,4,finetune3,0.2421875,finetune2,476.4603507124065,finetune2,474.7052509437017,finetune3,9.682577620864274,finetune2,3.496896324532794,original,1.70411838286824,finetune2,523.0911520898449,finetune2,0.875,finetune2,0.7912065013544488
1,1720,0,front,4,original,0.30859375,finetune2,2730.788621484937,finetune2,2730.3601464889107,original,1.274102643374288,finetune2,1.288211533368759,finetune,1.6331040740139224,finetune2,2728.547333207938,finetune3,0.7407272727272727,finetune2,0.710632078918524
1,1725,0,front,4,finetune,0.3203125,finetune3,1139.209432495365,finetune3,1139.1201631423028,original,1.111870019665553,finetune3,1.2432146029238473,finetune3,1.699725748719062,finetune3,1136.2218361736552,finetune3,0.825,finetune3,0.8084514170040485
1,1730,0,front,4,original,0.30078125,finetune2,855.0809017765935,finetune2,853.8736471328612,finetune2,0.8619496876544785,finetune2,2.958108611026807,original,1.9063775460227455,finetune2,856.2401475162887,finetune2,0.8615384615384616,finetune2,0.8226408226408226
1,1735,0,front,4,finetune3,0.296875,finetune3,955.1282514254792,finetune3,953.4609915811725,finetune,0.49228988575296356,finetune3,5.318838060251899,finetune,3.704593638382772,finetune3,955.889587393762,finetune3,0.8224495148177289,finetune3,0.7587615703798276
1,1740,0,front,4,finetune3,0.3671875,finetune2,136.97116171693668,finetune2,121.42050600017319,finetune3,3.4682514565260862,finetune2,5.254617231217509,finetune,3.1270119776095777,finetune2,162.5458036149228,finetune2,0.8481027369399733,finetune2,0.7465016146393972
1,1745,0,front,4,finetune3,0.17578125,original,72.87688596622425,original,26.67029201875266,finetune,18.599963853066754,original,8.653006931115526,finetune,38.024134648739846,original,444.3482500854677,finetune,0.7623054501457406,finetune,0.525661792915299
1,1750,0,front,4,finetune3,0.15234375,finetune,1429.139979978347,finetune,1241.6857800035841,finetune,29.003972031324775,finetune2,25.90754672188227,finetune2,73.95761254880172,finetune,1471.6252786878308,finetune2,0.5136715577454112,finetune2,0.43209712672666295
1,1755,0,front,4,finetune3,0.15234375,original,2119.6976252900145,original,1812.458793013543,finetune2,25.89203257045547,finetune,41.33077174428169,finetune2,87.35330500428049,original,2099.3809272614526,finetune,0.5706468451474941,finetune,0.4918517450245169
1,1760,0,front,4,finetune3,0.12890625,finetune3,161.42532666253834,finetune,55.25312274084445,finetune,53.57404942052262,finetune3,29.9979464864459,finetune3,43.45975219744817,finetune3,1216.8935537046314,original,0.6907546582469871,finetune3,0.5910568808680087
1,1765,0,front,4,finetune3,0.16796875,finetune,1557.2858266883352,finetune,1466.7097508161933,finetune3,15.28817917181593,finetune2,54.17604556922506,finetune,122.14509067945002,finetune,1550.8600423498985,finetune3,0.6641800157937157,finetune2,0.6018232015864332
1,1770,0,front,4,finetune3,0.20703125,original,795.746430594052,original,733.1949749410705,finetune,20.569501502138447,finetune,32.09536623893843,original,116.00787798741182,original,868.9676557409584,original,0.529521403404482,finetune2,0.43944478528870423
1,1775,0,front,4,finetune3,0.16796875,finetune,552.9280497555742,finetune,393.2973332167294,original,19.336538826943357,original,10.318389234863739,original,56.19436332327907,finetune,601.9278606457816,finetune2,0.7403745003155902,finetune2,0.6640708564869165
1,1780,0,front,4,finetune3,0.16796875,finetune2,114.55659253520594,finetune,34.87519453380992,finetune3,23.394327256111662,finetune2,12.577601047564698,finetune,44.46282705765318,finetune2,558.1154399600606,original,0.6667890071513575,finetune2,0.5172618569938208
1,1785,0,front,4,finetune3,0.1796875,finetune,263.73681706075445,finetune2,236.33278425544268,finetune2,23.560820094444637,original,7.751652564384028,original,28.750119159691593,finetune,611.3471322684087,original,0.7481638447137243,original,0.6456671251719395
1,1790,0,front,4,finetune3,0.15625,finetune3,531.6843415095448,finetune3,405.4608170519077,original,23.215602118802856,finetune,11.190928623895791,finetune,28.201058333752663,finetune3,758.980004522308,finetune,0.7341724941724942,original,0.6344881713196546
1,1795,0,front,4,finetune3,0.171875,finetune,1673.286867999091,finetune,1652.881470105549,original,14.329274430732884,finetune2,6.402985572555132,finetune3,7.551537805797111,finetune,1684.9968239197392,original,0.9221413569090998,finetune2,0.6205651157850011
1,1800,0,front,4,finetune3,0.20703125,finetune3,1795.8923324884151,finetune3,1788.587913321755,original,24.235284763395924,original,8.71936311224947,finetune3,6.547060172232833,finetune3,2774.2837406076724,finetune3,0.7425021838299525,finetune3,0.6602739726027397
1,1805,0,front,4,finetune3,0.20703125,original,2202.149681365797,original,2197.658239943252,finetune,13.780806255449528,finetune2,10.42394946054774,finetune2,18.405845905515474,original,2206.419225634907,finetune3,0.8118143459915612,original,0.6262471220260937
1,1810,0,front,4,finetune3,0.19921875,finetune2,128.32715061318686,finetune2,84.97864894359736,finetune3,1.981654862703428,original,5.014572091658726,finetune,1.2893661563375707,finetune3,1763.349668145475,finetune2,0.848297691654443,finetune2,0.7784069924904592
1,1815,0,front,4,finetune3,0.25,finetune2,1676.2454992955868,finetune2,1655.460700773414,finetune3,1.0527307202508072,original,5.075840186035757,finetune,0.8195222550382771,finetune3,2177.875108870154,finetune2,0.767206830458268,finetune2,0.6862375437651494
1,1820,0,front,4,finetune3,0.33984375,finetune2,2502.9204080814484,finetune2,2498.5534750588995,finetune2,0.6800278268090508,finetune2,3.314835716294743,finetune,2.295484587038017,finetune2,2503.0460785941973,finetune2,0.7327188940092166,finetune2,0.7017846862406448
1,1825,0,front,4,finetune3,0.3203125,finetune3,2101.201304367848,finetune3,2101.11410149141,finetune,2.1879245683722766,finetune3,1.1823011243810377,original,1.373556096381203,finetune2,3058.7442438374264,finetune3,0.7741935483870968,finetune3,0.683658607631809
1,1830,0,front,4,finetune3,0.3671875,finetune3,2452.1046780703014,finetune3,2444.630272721477,finetune,3.92937452098885,finetune,5.243179921767573,original,1.9055025542585093,finetune3,2454.005945868761,original,0.7194570135746606,finetune,0.6846038863976084
1,1835,0,front,4,finetune3,0.2890625,finetune3,1631.449367781005,finetune3,1604.4230288092112,finetune2,1.445512152165191,original,8.735216938717157,original,1.9798948433752883,finetune3,1633.6937170649599,finetune3,0.7651869158878505,finetune2,0.6745442268737339
1,1840,0,front,4,finetune3,0.26953125,finetune2,651.000715011506,finetune2,650.0175195769789,finetune3,2.2020983880708727,finetune2,2.5420161123925493,finetune,2.7071411241457706,finetune2,658.0386029380919,finetune2,0.9032687093969001,finetune2,0.8500748502994012
1,1845,0,front,4,finetune3,0.3984375,finetune3,760.6999800297842,finetune3,759.3734083627896,finetune,2.2349140850469538,original,3.6258103377457114,finetune,3.1015780121162146,finetune3,763.2651323948407,finetune3,0.8225891910985518,finetune3,0.7659492036160138
1,1850,0,front,4,finetune3,0.37890625,finetune2,166.47365268455712,finetune2,61.73176319090453,finetune3,4.607710369309873,finetune,16.049867232232085,finetune2,13.231391291226073,finetune2,166.23281192259304,finetune2,0.9344147098436494,finetune2,0.8329177404750296
1,1855,0,front,4,finetune3,0.34765625,finetune,96.14480314433166,finetune,53.731431876417446,finetune3,13.21396987485293,finetune3,2.2780910197304047,finetune,16.52132199654511,finetune,315.6634876879299,finetune,0.6412821304870755,finetune2,0.5368284185764906
1,1860,0,front,4,finetune3,0.32421875,finetune,435.6712055480895,finetune,396.35879364568154,finetune2,23.47159619855046,finetune,16.26821904484481,original,11.743617397824563,finetune,693.444487530846,finetune,0.5996777009333244,finetune3,0.5142821523741253
1,1865,0,front,4,finetune3,0.3046875,finetune2,194.0195097118895,finetune2,54.998909377129166,original,9.927994543291101,original,19.904072505636965,finetune,9.241555231006766,finetune2,303.5007662678535,original,0.7737276478679505,original,0.5845362808985675
1,1870,0,front,4,finetune3,0.24609375,original,593.5731505505206,original,575.3416171843692,original,6.330340124055408,finetune3,8.03934787119395,finetune,8.678623391519215,original,629.7589926960239,finetune3,0.8867094861660079,finetune3,0.7182755314048266
1,1870,1,front,4,finetune3,0.046875,finetune3,85555.41017168126,finetune3,61169.37134429236,finetune3,153.3543795331523,finetune3,0.5610358792954684,finetune3,0.31615506408926625,finetune3,85350.1503940411,finetune3,0.9130434782608695,finetune3,0.5232558139534884
1,1875,0,front,4,finetune3,0.2578125,finetune3,1139.9894396329087,finetune3,1139.8103933957427,original,7.925656440065476,finetune2,9.16531713963127,finetune,10.82863167985436,finetune3,1123.8020944223651,finetune3,0.7024307518371962,finetune3,0.6608765240314457
1,1880,0,front,4,finetune3,0.265625,original,973.2265436140935,original,964.1925415131773,finetune,1.890540951569186,finetune3,1.7398364216247386,finetune2,11.319474682069039,original,968.1597085015578,original,0.8210752358309686,original,0.7271497109115512
1,1885,0,front,4,finetune3,0.27734375,finetune3,2604.2874827054466,finetune3,2595.1235577027255,finetune2,7.6079965901153095,finetune3,10.469531089454527,finetune,10.111883524605059,finetune3,2611.7844034027344,finetune3,0.7357212003872217,finetune3,0.6447995514437903
1,1890,0,front,4,finetune3,0.3984375,finetune2,2428.568691648756,finetune2,2427.7571898531787,finetune,7.953124979365178,original,4.548555339750903,finetune,1.8886281513268501,finetune2,2430.232291545447,finetune2,0.7308970099667774,finetune2,0.6981627296587927
1,1895,0,front,4,original,0.328125,finetune2,2013.0444975617497,finetune2,2011.8109885950398,original,2.34928331589999,finetune3,2.4556569185550066,original,1.8575689428036708,finetune2,2010.759155387032,finetune2,0.7548467792370231,finetune3,0.6867834394904458
1,1900,0,front,4,finetune3,0.30859375,finetune2,2692.325741453693,finetune2,2690.4566349094275,finetune2,7.9634932943532455,finetune,9.966126003871105,finetune,4.457661625353097,finetune2,2693.201661909244,finetune2,0.6882133222660303,finetune2,0.6296472077202975
1,1905,0,front,4,finetune3,0.23828125,finetune3,2203.961989921759,finetune3,2201.223108162925,finetune,9.52441456916725,finetune3,10.730624315432795,finetune3,6.53141125798468,finetune2,2721.578863960036,finetune3,0.6971256971256972,finetune2,0.607707509881423
1,1910,0,front,4,finetune3,0.20703125,finetune3,365.4346273247358,finetune3,307.90836662535,original,12.111038669649615,finetune3,10.022552004844167,finetune3,6.025090458913863,finetune2,2001.9340781894646,finetune3,0.8411214953271028,finetune3,0.7015600624024961
1,1915,0,front,4,finetune3,0.33984375,finetune3,2710.3407354627366,finetune3,2683.2676957368167,original,13.568210666682152,finetune3,4.349831319817168,finetune,1.0359757047422038,finetune3,2721.769137592689,finetune2,0.7104587155963302,original,0.6608127721335268
1,1920,0,front,4,finetune3,0.34375,finetune3,2069.8183133037196,finetune3,2069.671566063911,finetune2,172.32228795186052,original,7.4778646745144774,original,0.7360656709400721,finetune3,3359.4965902796685,finetune3,0.7272978959025471,finetune3,0.6451251923345922
1,1925,0,front,4,finetune3,0.20703125,finetune3,1620.5724792350711,finetune3,1601.1179210915434,finetune,7.200416807333464,original,15.273476462866123,original,9.13202926577873,finetune2,2297.8147368986756,finetune3,0.7263459700541574,finetune2,0.6014243323442137
1,1930,0,front,4,finetune3,0.203125,finetune2,579.6912400589349,finetune2,576.8551866592861,original,5.65266334854517,finetune2,4.147532579087031,finetune2,6.751165136796005,original,1772.7645810828642,finetune2,0.9360322720069154,finetune2,0.8162291169451074
1,1935,0,front,4,finetune3,0.265625,finetune3,1982.2121921144114,finetune3,1981.0164758335814,finetune,3.6201621217207207,finetune2,5.025623658926994,finetune3,1.9688085796106314,finetune2,2574.89506688077,finetune3,0.75853889943074,finetune3,0.6779741997133302
1,1940,0,front,4,finetune3,0.296875,finetune3,1815.550836866748,finetune3,1815.0378577638003,original,1.1862436238521323,finetune3,2.5809713361307525,finetune3,2.582019482813968,finetune2,2624.6624877060503,finetune3,0.7766934557979334,finetune3,0.6960429409561852
1,1940,1,front,4,finetune3,0.07421875,finetune3,5711.76021174898,finetune3,4164.571583999903,finetune2,58.83001707005076,finetune3,0.308708302654251,finetune,0.041432165579195185,finetune3,5822.887673403604,finetune,0.7777777777777778,original,0.5555555555555556
1,1945,0,front,4,finetune3,0.30859375,finetune3,2252.1512726799815,finetune3,2249.417823615653,finetune,5.693099611244812,original,5.7429300444970215,finetune,2.0790663863215992,finetune3,2254.2948899684684,original,0.7389711737537824,original,0.6909912051343
1,1950,0,front,4,finetune3,0.296875,finetune3,1499.3360373611847,finetune3,1498.841278808639,original,1.3707401032439661,original,2.5100859983430435,original,1.2058018981387504,finetune2,1861.1315290247574,finetune3,0.7912087912087912,finetune2,0.7026530799596071
1,1955,0,front,4,finetune3,0.2734375,finetune2,1252.483487938731,finetune2,1240.6526318158612,finetune3,7.205258616825204,finetune3,11.067219272961532,finetune,3.6036238773736584,finetune2,1261.8554232103043,finetune2,0.7133396000683644,finetune2,0.6697125452122596
1,1960,0,front,4,finetune3,0.2890625,finetune2,686.6925730793204,finetune2,658.9749220903868,finetune3,5.683542115914459,finetune3,11.838676148969478,finetune,3.2048905702562274,finetune2,705.9650430404753,finetune2,0.7832550860719875,finetune2,0.709370732219771
1,1965,0,front,4,finetune3,0.265625,original,1210.5875385347517,original,1160.8967672986837,finetune3,8.01239814940027,finetune3,10.062428640682647,finetune,6.873600647165773,original,1203.994214509228,finetune2,0.7464239271781534,finetune2,0.6959515859766278
1,1970,0,front,4,finetune3,0.359375,finetune3,1601.276843947708,finetune3,1597.0441488277975,finetune2,7.931427602818774,original,9.251780103852132,original,2.165314979606013,finetune3,1603.485601249386,finetune2,0.740290955091714,finetune2,0.7072801287513018
1,1975,0,front,4,finetune3,0.30859375,finetune2,1094.9172364083163,finetune2,1085.8294404780827,original,6.942836088967313,finetune,6.408197516195687,finetune,2.2598577672445104,finetune2,1105.265705141005,finetune2,0.7439153439153439,finetune2,0.7137637028014616
1,1980,0,front,4,finetune3,0.3125,finetune2,2604.305411173401,finetune2,2602.918770080916,finetune3,0.274768640351008,finetune3,0.6395489333060038,original,1.5338176908717631,finetune2,2605.146387960324,finetune2,0.7518207282913165,finetune2,0.7290403512439891
1,1985,0,front,4,finetune3,0.3046875,finetune2,3085.4197349079473,finetune2,3082.5282282164408,finetune3,1.4012987272128952,finetune2,2.471969864161273,finetune,1.4731201103266267,finetune2,3084.2281541885545,finetune2,0.7441130298273155,finetune2,0.7204985415009282
1,1990,0,front,4,finetune3,0.3203125,finetune3,2907.3682166222957,finetune3,2905.3671405477617,finetune,1.7733601467752305,finetune2,1.8693545755991026,original,0.12342104105321738,finetune3,2907.617876441051,finetune3,0.7352425482174167,finetune3,0.724097098875074
1,1995,0,front,4,finetune3,0.328125,finetune3,3320.8546073767284,finetune3,3318.50489666079,finetune,3.3440526462801614,finetune2,5.217563511497877,finetune2,0.7759973380129731,finetune,3348.0888236681244,finetune3,0.6879855715871254,finetune,0.6466992665036675
1,2000,0,front,4,finetune3,0.33203125,finetune2,1571.5218639051539,finetune2,1571.4592127057513,finetune3,0.8294598567464665,finetune,0.598638163483692,finetune,1.5350737302909618,finetune2,1571.8562842158162,finetune2,0.8077761627906976,finetune2,0.7716747442110932
1,2005,0,front,4,finetune3,0.3046875,finetune3,1037.4642310828983,finetune3,1035.118532960505,finetune2,1.0382352058367288,original,3.97422084129109,original,1.5006614384794092,finetune2,1544.230375515974,finetune3,0.8447572419420645,finetune3,0.7509399217371289
1,2010,0,front,4,finetune3,0.3046875,finetune3,422.9247154583274,finetune3,417.71011019553043,finetune,0.5999462299002563,original,0.953781237834991,finetune2,2.5295006242137776,finetune3,423.4084679543129,finetune3,0.8977518201456116,finetune3,0.8022831050228311
1,2015,0,front,4,finetune3,0.17578125,finetune2,233.22897862390465,original,6.994652577539455,finetune,9.360542051334164,finetune2,20.75592711011556,finetune,46.80848907458024,original,272.35723337669754,finetune,0.8602061428497436,original,0.653431866106879
1,2020,0,front,4,finetune3,0.17578125,finetune,422.8259198858607,finetune,97.23733798327521,finetune,2.7029597288393408,finetune2,21.1279527723579,finetune2,60.13385605685307,finetune,414.7974432992124,finetune3,0.6384897704201156,finetune3,0.5000892140244446
1,2025,0,front,4,finetune3,0.29296875,finetune,336.6177653465626,finetune,308.0608570691811,original,151.40061182821637,finetune,14.512330519481555,finetune3,24.631671309567967,original,2548.1435666175475,finetune,0.6410366812950236,finetune3,0.5571335332655877
1,2030,0,front,4,finetune3,0.3046875,finetune2,87.90558422481278,finetune2,58.84637444872351,finetune,18.73551199074572,finetune3,1.8023798834002804,finetune,10.856210863030325,finetune,632.0749108931867,finetune,0.5784643558957581,finetune2,0.4618871752603465
1,2035,0,front,4,finetune3,0.3125,finetune3,1255.2776755810032,finetune3,1248.1627364656124,finetune2,20.120350896652372,original,8.559906051497599,original,15.451782884326395,finetune3,1358.666438633429,finetune,0.6877979869327212,finetune,0.6499143346659052
1,2040,0,front,4,finetune3,0.36328125,finetune2,879.0251641375023,finetune2,864.1651793142883,finetune,2.53717303359773,finetune2,4.0151273510330805,finetune,2.390020841469622,original,1713.6600963040723,finetune2,0.831494184312556,finetune2,0.7581163039600428
1,2045,0,front,4,finetune3,0.36328125,finetune3,2181.4758702935897,finetune3,2179.9249413291654,finetune3,3.5490646717622307,finetune,1.056549054341145,finetune,1.3067949183328995,finetune3,2183.215366399651,finetune3,0.7745376955903271,finetune,0.722765239026124
1,2050,0,front,4,finetune3,0.31640625,finetune,3074.691439776085,finetune,3072.5030563263354,original,2.042936082040894,finetune,3.7357790355940934,finetune,1.0089836042814022,finetune,3075.3308898183896,finetune,0.7337048294495103,finetune,0.701010101010101
1,2055,0,front,4,finetune3,0.27734375,finetune2,3329.053175485614,finetune2,3328.5480259572396,finetune2,1.4152534889429618,original,0.4674640645485782,finetune,0.7591376773339327,finetune2,3330.632653174599,finetune2,0.7669172932330827,finetune2,0.7148159604082895
1,2060,0,front,4,finetune3,0.31640625,finetune3,3854.7429670255206,finetune3,3851.2698720702138,finetune,1.1663982339578731,finetune2,0.30467019710005466,finetune,0.7421883682203829,finetune3,3855.0464054108693,finetune3,0.7253086419753086,finetune2,0.6879338842975207
1,2065,0,front,4,finetune3,0.3125,finetune2,2953.3094977658984,finetune2,2946.880024206148,finetune,0.7259279155225651,original,1.7496163303611607,original,0.7870782131557572,finetune2,2952.4948120438657,finetune2,0.7963636363636364,finetune2,0.7577597840755735
1,2070,0,front,4,finetune3,0.296875,finetune2,5136.678268963975,finetune2,5120.594448290933,finetune2,0.8031821822484851,finetune3,2.9621522988538813,finetune3,1.4221727825416994,finetune2,5134.946971935157,finetune2,0.6834319526627219,finetune2,0.6634615384615384
1,2075,0,front,4,finetune3,0.30859375,finetune2,4563.313972127736,finetune2,4553.368323670144,original,179.5344141010478,finetune2,2.3947765227380255,finetune2,0.5340931177882963,finetune2,5241.666430723165,finetune2,0.7335800185013877,finetune2,0.6843601895734597
1,2080,0,front,4,finetune3,0.34765625,finetune2,5641.142338943295,finetune2,5630.240662138174,finetune3,2.388555749734876,finetune2,1.7983525381839385,original,0.6852394977682373,finetune2,6261.209773513591,finetune2,0.7056451612903226,finetune2,0.6808631459398069
1,2085,0,front,4,finetune3,0.31640625,finetune3,5904.03326117764,finetune3,5890.744125850528,finetune3,2.601627378626418,finetune,0.706043805859985,finetune,0.8089829114016703,finetune3,5901.457460171933,finetune3,0.7216148023549201,finetune2,0.6764514024787998
1,2090,0,front,4,original,0.33203125,finetune3,7698.356384104614,finetune3,7679.341695811949,original,2.8952002781413952,finetune,1.0117533321124605,finetune,1.7306525233676149,finetune3,8281.55780099478,finetune3,0.6798245614035088,finetune3,0.647887323943662
1,2095,0,front,4,finetune3,0.22265625,finetune3,7408.253443985444,finetune3,7392.551064925632,finetune,27.95826426445163,finetune3,0.37073686247645316,finetune3,1.3633269356050624,finetune3,7992.080040313709,finetune3,0.6993006993006993,finetune3,0.6717836257309941
1,2100,0,front,4,finetune3,0.24609375,finetune3,5912.952510814043,finetune3,5894.625770427032,finetune3,3.359418184476872,finetune3,2.8129722344333055,finetune3,1.8590565186659063,finetune3,5913.709482515594,finetune3,0.7724137931034483,finetune3,0.7262693156732892
1,2105,0,front,4,finetune3,0.28515625,finetune3,7008.464195142124,finetune3,6995.387787941661,finetune3,3.8533570575150624,finetune3,1.9003203419713017,finetune3,1.5294667521578371,finetune3,7015.978805335596,finetune3,0.7587965323814381,finetune3,0.729022324865281
1,2110,0,front,4,finetune3,0.26171875,finetune3,5300.64840400467,finetune3,5299.117983187178,original,3.867636390783882,original,1.13227648632272,original,0.967929512154868,finetune3,5310.253559093105,finetune3,0.7864945382323734,finetune3,0.7268656716417911
1,2115,0,front,4,finetune3,0.32421875,finetune2,5967.284068030403,finetune2,5965.560993584339,finetune,3.0670704048983835,finetune,1.801889942933948,finetune,0.623352501168766,finetune2,5971.161292931121,finetune2,0.7234359483614697,finetune2,0.7018209408194234
1,2120,0,front,4,finetune3,0.26953125,finetune2,5927.562233448789,finetune2,5927.212362077778,original,104.14307155185848,finetune3,1.849157773816211,finetune3,1.081759473433662,finetune2,6539.649908054759,finetune2,0.715970515970516,finetune2,0.6560885608856089
1,2125,0,front,4,finetune3,0.30859375,finetune3,4779.144082966424,finetune3,4774.233264166236,finetune3,5.291711709318876,original,2.167852613297311,original,1.2193092361302236,finetune3,4780.0917217277465,finetune3,0.7161716171617162,finetune3,0.6284530386740331
1,2130,0,front,4,finetune3,0.26953125,finetune3,6614.95300737294,finetune3,6614.5132164455645,original,175.41686064183017,finetune,1.5877690726061673,finetune,0.398262091597344,finetune3,7214.347764567749,finetune3,0.6401137980085349,finetune2,0.6093057607090103
1,2135,0,front,4,finetune3,0.28125,finetune3,5025.184293438981,finetune3,5023.1410135811675,finetune,4.445687415993678,finetune,1.4917979161484234,finetune,1.2434878793047295,finetune3,5027.00455994872,finetune3,0.7464373464373464,finetune3,0.7223459539717891
1,2140,0,front,4,finetune3,0.359375,finetune2,4802.0747292985,finetune2,4801.141225389903,finetune,0.3989594572037575,finetune,0.8612743547914218,finetune,0.7191249826414903,finetune2,4803.223190216752,finetune2,0.7609756097560976,finetune2,0.7156454491374182
1,2145,0,front,4,finetune3,0.2421875,finetune3,1791.5286238029214,finetune3,1787.2642452615983,finetune3,7.008571791550753,finetune2,2.4927088302795464,finetune2,0.5620037767302611,finetune3,1797.8751332751594,finetune2,0.7639652014652014,finetune2,0.7143845089903181
1,2150,0,front,4,finetune3,0.21875,finetune2,133.4672381597666,finetune2,94.79159611135401,finetune,10.758027645429678,finetune2,4.989349144658399,finetune2,2.1084732634246204,finetune2,265.19468105629915,finetune2,0.8775341332230038,finetune2,0.7871871871871872
1,2155,0,front,4,finetune3,0.1875,finetune,2373.4915323789523,finetune,2372.1610777877104,finetune3,9.158025933486053,original,11.40404398284948,original,6.522500755469821,finetune,2384.03343149422,finetune,0.6888531043120415,finetune2,0.634303339144428
1,2160,0,front,4,finetune3,0.1875,finetune2,291.16447339310844,finetune2,59.405171194825016,finetune3,10.694774453170707,finetune2,21.898652327110558,finetune2,13.45986645391908,finetune2,471.1359679761744,finetune2,0.8580485541982372,finetune2,0.7177811550151976
1,2165,0,front,4,finetune3,0.203125,finetune2,833.7002813866026,finetune2,736.7437351193621,finetune3,14.313320416527258,finetune2,20.337650053893285,finetune2,12.179732159982354,original,1638.7411614845098,original,0.7920488192388243,finetune2,0.6453110955757515
1,2170,0,front,4,finetune3,0.26953125,finetune3,518.2219660565416,finetune3,508.33619520035427,original,21.237213780020767,finetune2,17.603646152759882,finetune,5.867779731487876,finetune2,1005.5136699096469,original,0.785326168532917,finetune,0.6376915365888587
1,2170,1,front,4,finetune3,0.03125,finetune3,86393.15531849129,finetune3,76306.77133860136,original,118.76095640517133,original,0.7459712053975005,original,0.3001258148142591,finetune3,86578.14196783492,finetune3,0.5555555555555556,finetune3,0.5555555555555556
1,2175,0,front,4,finetune3,0.2578125,finetune3,475.52575161368947,finetune3,461.5084512190515,finetune,19.599972440123242,finetune2,18.103764088560986,original,5.300196352508723,finetune2,1151.6309023014378,original,0.7846327960113786,finetune,0.6594983787907687
1,2175,1,front,4,finetune3,0.0625,finetune3,24889.298032696053,finetune3,24735.61183341581,original,78.97640085582404,original,0.14106595542952166,original,0.2626202087974252,finetune3,25072.024867903954,finetune3,0.42857142857142855,finetune3,0.5
1,2180,0,front,4,finetune3,0.25390625,finetune3,163.85577220144162,finetune3,111.77663016094812,finetune2,16.14577444351914,finetune3,12.337764840679172,finetune2,6.945936128447733,finetune3,386.30279916416504,finetune2,0.7547331265375976,finetune,0.6755123934278132
1,2180,1,front,4,finetune3,0.08203125,finetune2,56950.14950901046,finetune2,52788.06097527745,finetune,62.71916753168959,finetune3,0.33009706629194246,finetune3,0.358833652876209,finetune2,56975.940978516504,original,0.7,finetune2,0.5454545454545454
1,2185,0,front,4,finetune3,0.21875,finetune2,1294.4651856965174,finetune2,1283.9525956082161,finetune3,10.343249001187244,original,19.657094239908915,original,11.640694588466106,finetune2,1324.6112034734879,finetune2,0.7527064645839777,finetune2,0.6713694218678117
1,2185,1,front,4,finetune3,0.046875,finetune3,104487.69987857829,finetune3,79900.67922442697,original,91.63363451888665,original,1.3343957316984196,original,1.8991901451345223,finetune3,104394.99371737403,finetune3,0.6923076923076923,finetune3,0.48
1,2190,0,front,4,finetune3,0.1953125,finetune2,2016.1065453766628,finetune2,2007.4850487184995,finetune3,9.633194865922933,original,18.195986826379844,original,9.077804680292555,finetune2,2023.4733451139846,original,0.6762052248855372,finetune2,0.6150094555588733
1,2195,0,front,4,finetune3,0.2109375,finetune3,1518.9729905169331,finetune3,1500.5804930483027,finetune2,7.874511651325597,finetune3,14.48895113128666,finetune3,8.170387635016723,finetune2,1538.1398092631334,finetune3,0.715,finetune2,0.6182246661429693
1,2200,0,front,4,finetune3,0.31640625,finetune2,2092.642122877913,finetune2,2092.0748530215387,finetune2,1.7862330947904144,finetune2,1.2603286662973836,original,1.6947089080570852,finetune2,2093.9270502272657,finetune2,0.7791357485814056,finetune2,0.7470868209420647
1,2205,0,front,4,finetune3,0.3125,finetune2,2370.304728452845,finetune2,2370.0360902982356,finetune2,1.8438672990169684,finetune2,1.6335770761496966,original,1.5169011184847545,finetune2,2369.3811203815812,finetune2,0.7669724770642202,finetune2,0.7282489989078995
1,2210,0,front,4,finetune3,0.26953125,finetune3,2507.380227835627,finetune3,2506.5316047577435,finetune2,4.290182623427423,original,5.706749752772757,finetune3,1.7135489884055215,finetune2,3467.9592053404776,finetune3,0.7312039312039312,finetune3,0.6697282099343955
1,2215,0,front,4,finetune3,0.27734375,finetune3,2760.921782998085,finetune3,2760.29463952926,original,5.2452640975380795,finetune3,2.072715993761847,finetune,1.5275756476818785,original,3373.049993358919,finetune3,0.7282895563654643,original,0.6554130516786119
1,2220,0,front,4,finetune3,0.23046875,finetune3,2114.3747865460027,finetune3,2110.689409132796,finetune,6.266071641371789,finetune,4.419977862041926,finetune,1.8835871595556781,finetune3,2116.485907325758,finetune3,0.7447447447447447,finetune2,0.6688817163470666
1,2225,0,front,4,finetune3,0.37890625,finetune3,3159.670738615875,finetune3,3157.9254860003275,finetune2,4.794088718675635,original,4.358139440605511,finetune,1.3216864442513319,finetune3,3160.274628753423,finetune3,0.6931356134895957,finetune2,0.6406501160921593
1,2230,0,front,4,finetune3,0.2578125,finetune2,2021.2679161141295,finetune2,2019.7400666915619,finetune3,7.268474647802023,original,3.966946081075564,finetune,1.639773572209116,finetune2,2028.850318331615,finetune2,0.7197668771248179,finetune2,0.6781734496124031
1,2235,0,front,4,finetune3,0.3203125,finetune2,1705.2423592837495,finetune2,1688.8234750651573,finetune2,1.603456794202114,finetune2,4.476895624926458,finetune,10.50359268183087,finetune2,1705.6879620830432,finetune2,0.8073455390231761,finetune2,0.7326782991699136
1,2235,1,front,4,original,0.0625,original,47769.17674582629,original,36184.29935091734,finetune,58.937376240568454,finetune3,0.5117935480273779,finetune2,0.4466897183098487,original,47315.3799527402,original,0.5833333333333334,finetune2,0.5
1,2240,0,front,4,finetune3,0.328125,finetune2,356.612445331678,finetune2,292.63181342102143,original,13.310996041955125,original,15.060318576894542,original,3.2050484898660216,finetune2,428.39507250186244,finetune2,0.8817332356174423,finetune2,0.750328342526924
1,2240,1,front,4,finetune3,0.015625,original,109531.8451480497,original,100592.67599077948,finetune,159.84899131214567,original,0.762330469181558,original,0.5174270826813706,original,109029.51968323793,original,0.8,original,0.3
1,2245,0,front,4,finetune3,0.359375,finetune2,1418.0484927421785,finetune2,1414.736873506994,finetune,11.390306185139144,original,9.923847420334694,original,3.3960244550483676,finetune2,1436.4171604354644,finetune2,0.7986372180451128,finetune2,0.7364633549919654
1,2245,1,front,4,original,0.0,original,132085.67016871722,original,131401.29287118372,original,175.54737734567075,original,0.2946154323008767,original,0.1500782596776734,original,131568.4358191367,original,1.0,original,0.75
1,2250,0,front,4,finetune3,0.3828125,finetune2,1600.0464778688306,finetune2,1595.3385526890997,finetune,8.530577972077522,original,10.800115686847608,finetune,2.418794904056902,finetune2,1605.6321015847388,finetune2,0.7470760233918129,finetune2,0.7031177650872048
1,2250,1,front,4,finetune3,0.14453125,finetune3,4543.604116564802,finetune3,4431.074171493354,finetune,4.565807798169391,finetune3,0.19136459240342626,finetune3,0.31566090436597677,finetune3,4529.350562679271,finetune2,0.8333333333333334,original,0.8
1,2255,0,front,4,finetune3,0.375,finetune2,1924.7461903586916,finetune2,1917.5086094663748,finetune,5.65702878861984,finetune,8.205012478921944,original,0.6212836086057438,finetune2,1927.5064204338958,finetune2,0.7274436090225563,finetune2,0.6883078146748857
1,2255,1,front,4,original,0.0859375,original,170761.62894175763,original,153454.63623531343,original,46.61126055329825,finetune3,2.3207466827463126,finetune3,2.219537432096215,original,170672.86360913026,finetune,0.3125,original,0.3181818181818182
1,2260,0,front,4,finetune3,0.375,finetune2,2016.2136301767603,finetune2,2010.1990526030277,finetune2,5.150756972793655,original,5.570723807512879,finetune,2.1484016581237695,finetune2,2016.9618029770165,finetune2,0.7357919254658385,finetune2,0.696542153347982
1,2260,1,front,4,finetune3,0.046875,original,1734.479502976268,original,1401.2160112599377,finetune,104.96498583918816,finetune3,0.48671683898933865,finetune3,0.48200294979160424,original,2285.424941836971,finetune3,0.5357142857142857,original,0.4666666666666667
1,2265,0,front,4,finetune,0.328125,finetune3,1156.1564457821098,finetune3,1155.017046671759,finetune3,0.8667567970864875,finetune3,3.537768554145223,finetune,2.6030452328063274,finetune3,1156.5889328719727,finetune3,0.8343711083437111,finetune3,0.7742361181605928
1,2270,0,front,4,finetune,0.359375,finetune3,1001.6336400133105,finetune3,999.5046115001933,finetune,1.5761753453086953,original,4.2524922995210686,original,0.7377511263860209,finetune3,1001.9027848879446,original,0.8252780586450961,original,0.7551511505489548
1,2275,0,front,4,finetune,0.37890625,finetune3,197.07026686483997,finetune3,171.83513433793632,finetune3,0.3344279516375055,original,3.083948877486226,finetune,3.1340175264945045,finetune3,197.0884647998433,finetune3,0.8661231201397691,finetune3,0.7793341553637485
1,2280,0,front,4,finetune3,0.3203125,finetune3,344.87022477789907,finetune3,222.4754478718478,finetune,3.1355624136752804,finetune2,6.7230270831610675,finetune,6.417753574105734,finetune3,361.96248076642377,finetune,0.7574548557459468,finetune2,0.5996208471889859
1,2285,0,front,4,finetune3,0.1796875,finetune3,274.3543464659022,finetune3,29.763231263286798,finetune3,10.764556095888148,original,16.042655296165023,finetune3,15.835992879187538,finetune3,368.63910868759905,finetune3,0.8010657193605684,finetune2,0.623580956089962
1,2290,0,front,4,finetune3,0.16796875,finetune2,960.533768718819,finetune2,950.2632892671209,finetune2,9.733948996233398,original,14.969813990997343,finetune3,18.405923368444082,finetune2,973.3896464233499,finetune3,0.7023512694710314,finetune3,0.5607106751844443
1,2295,0,front,4,finetune3,0.296875,original,694.0086662742375,original,689.694354444111,finetune,3.9987472858871516,finetune2,3.3726787899342314,finetune2,36.02662350629355,original,701.4748748305109,finetune2,0.8564905414220483,finetune2,0.7961788970907512
1,2300,0,front,4,finetune3,0.30859375,finetune2,68.79039684891103,finetune2,55.78207743121857,finetune2,6.303993594591834,finetune2,4.134474286322264,original,1.2049325407483689,finetune2,161.52291773892108,finetune2,0.828349570753352,finetune2,0.7230748008414664
1,2305,0,front,4,finetune3,0.296875,finetune2,1388.7420212371717,finetune2,1376.0602960990655,finetune2,3.3007019640882507,finetune3,3.27168901434739,finetune,2.3556387512379646,finetune2,1392.5308905943825,finetune2,0.8404737903225806,finetune2,0.7651284885327438
1,2310,0,front,4,finetune3,0.28515625,finetune2,4479.396424609103,finetune2,4464.294750779925,original,7.617881562003448,original,4.389199645567402,finetune,6.942035928666582,finetune2,4486.83080540333,finetune2,0.6911985234744492,finetune2,0.6383093525179856
1,2315,0,front,4,original,0.3203125,finetune2,4168.057869336663,finetune2,4166.78126900793,original,3.044941786283972,finetune2,0.6026122129159713,finetune,0.6557729897677365,finetune2,4168.449385093896,finetune2,0.7263636363636363,finetune2,0.6933962264150944
1,2320,0,front,4,finetune3,0.37109375,original,5309.748095853039,original,5308.533441358024,finetune3,3.8446502369435542,finetune2,2.296953432384554,finetune2,1.1842631417193439,original,5943.831500418343,original,0.6732142857142858,original,0.650904033379694
1,2325,0,front,4,finetune3,0.2890625,finetune2,5836.4456854346745,finetune2,5835.308742869711,finetune3,2.506373684007256,finetune2,0.7855282658382533,finetune,0.75125198883782,finetune2,6454.817383563286,finetune2,0.7137145141943223,finetune2,0.6608433734939759
1,2330,0,front,4,finetune3,0.3515625,finetune2,6699.654341094413,finetune2,6699.6505017046,finetune2,3.5659593716463434,finetune,1.2966502425093855,finetune,0.18796175172297092,finetune2,6697.923836233859,original,0.6237288135593221,finetune2,0.6276178010471204
1,2335,0,front,4,finetune3,0.265625,original,6063.462964088527,original,6062.557937031139,finetune3,3.0398143085630136,original,1.011229143492824,finetune2,0.5768784518490254,original,6674.799307278654,original,0.7288533834586466,original,0.666189111747851
1,2340,0,front,4,finetune3,0.31640625,finetune3,6585.275918002483,finetune3,6584.589830910256,finetune3,2.357833583205697,finetune3,1.5993716667375912,finetune3,1.1256915753529078,finetune3,6584.875576821742,finetune3,0.6822966507177034,finetune3,0.6785975164353543
1,2345,0,front,4,finetune3,0.328125,finetune2,6638.406391862143,finetune2,6637.976887007993,finetune3,1.0148423802879245,finetune,1.1438982768997066,finetune,0.4590739559121646,finetune2,7238.1543216955315,finetune2,0.6949317738791423,finetune2,0.6651785714285714
1,2350,0,front,4,finetune3,0.34765625,finetune2,6393.361806012452,finetune2,6393.355995159778,finetune3,1.5255875701992072,finetune,0.9663388350578265,finetune2,0.8202951649356903,finetune2,6997.499897712566,finetune2,0.7100389863547758,finetune2,0.6750184229918939
1,2355,0,front,4,finetune3,0.32421875,finetune2,5176.105747597675,finetune2,5175.998225032785,finetune,0.35127882453768283,finetune2,0.17607412434351033,finetune2,0.4297536195958189,finetune2,5177.306684879955,finetune2,0.730701754385965,finetune2,0.7068852459016394
1,2360,0,front,4,finetune3,0.2421875,finetune3,2240.9978417794796,finetune3,2235.1035387266675,finetune2,6.146035260392087,original,6.514154382043572,original,4.296825601810807,finetune3,2240.2994124352663,finetune3,0.7123287671232876,finetune3,0.6383450314000739
1,2365,0,front,4,finetune3,0.21875,finetune2,2023.422257772762,finetune2,2020.1360640373605,finetune,9.70947321437885,finetune3,7.710044409009538,original,5.239418901743199,finetune2,2036.651360599885,finetune2,0.7038216560509554,finetune2,0.6309919316563835
1,2370,0,front,4,finetune3,0.1640625,original,1456.6841933774278,original,1422.6090370187121,finetune3,6.889638951258546,finetune2,4.099166528049297,finetune2,7.00074237433277,original,1454.4767921409107,original,0.7008637236084453,original,0.5007603406326034
1,2375,0,front,4,finetune3,0.1953125,finetune2,2236.2402188522506,finetune2,2146.635755621108,finetune2,8.805123452798286,original,12.77686380200454,original,7.587224835181511,finetune2,2265.685376673335,original,0.6552162849872774,original,0.5928430079155673
1,2380,0,front,4,finetune3,0.1640625,finetune,3033.8355154971514,finetune,2866.493916772546,finetune,7.8202477116891025,original,10.002969959270795,original,16.134137894505983,finetune,3035.753978068676,finetune3,0.5759577278731837,finetune2,0.47316608447126074
1,2385,0,front,4,finetune3,0.33984375,finetune2,2236.630499939319,finetune2,2228.304776234625,finetune,9.65158769367424,finetune2,2.8845526142391553,original,2.050846649076405,finetune2,2243.5270243349732,finetune2,0.7770772033067115,finetune2,0.7254492269118261
1,2390,0,front,4,finetune3,0.21875,finetune3,667.2405097085617,finetune3,659.3645037509959,finetune3,11.7874204829278,finetune3,6.6996369391070525,finetune3,4.499165728237915,finetune3,711.897881056799,finetune3,0.7734082397003745,finetune3,0.7041058033951836
1,2395,0,front,4,original,0.28515625,finetune2,1977.3935073423308,finetune2,1976.602584541306,finetune2,5.926809168350968,finetune2,2.813678780798012,finetune,1.722944213539701,finetune2,1979.7778014462333,finetune2,0.7768691588785047,finetune2,0.7536974955630054
1,2400,0,front,4,original,0.28125,finetune3,1413.3728131795394,finetune3,1410.9526630039363,finetune3,1.1578210293227942,original,2.0804464631008774,original,1.5132046934291392,finetune3,1413.088361483242,finetune3,0.811179142800711,finetune2,0.7361234787770852
1,2405,0,front,4,original,0.296875,finetune3,1191.2082423091288,finetune3,1188.5519689885368,finetune3,0.5712041134266971,original,2.8614293979138883,original,1.9844569674428898,finetune3,1190.865609869016,finetune2,0.8050668543279381,finetune2,0.7558563248308173
1,2410,0,front,4,finetune,0.30078125,finetune2,701.5048324009905,finetune2,699.4735888365212,finetune2,0.6851307141799137,finetune2,4.0953476947267315,finetune,2.527301055997931,finetune2,702.0778867588505,finetune2,0.8731130150958792,finetune2,0.8171291074516881
1,2415,0,front,4,finetune,0.3046875,finetune3,709.1155013892636,finetune3,708.409726088883,finetune,0.5329864909679192,finetune3,4.515085062160543,original,1.8679148832278052,finetune3,709.9994028718176,finetune3,0.8536585365853658,finetune3,0.8056695262961582
1,2420,0,front,4,finetune3,0.26171875,finetune3,262.75472739935134,finetune3,68.79074631303956,finetune,3.5238095687789444,finetune2,28.33271558794083,original,5.292572590052791,finetune3,282.34322136409895,finetune3,0.7789998036029924,finetune,0.5494674708071347
1,2425,0,front,4,finetune3,0.19140625,finetune3,850.9071015211167,finetune3,625.4480646723823,finetune3,29.66572710093307,finetune3,46.915281306360015,original,97.09098669289385,finetune3,968.0589922855586,finetune3,0.4749995538290392,finetune2,0.41850783719490336
1,2430,0,front,4,finetune3,0.1484375,original,584.8396330433353,original,275.08783060859514,finetune3,27.00497339446598,finetune3,54.428870329519995,original,48.33170791470626,finetune3,1747.151945476402,finetune2,0.8326152821708007,finetune2,0.676099215429879
1,2435,0,front,4,finetune3,0.1640625,original,798.7136230228015,finetune,771.596037142308,finetune3,24.545785512278744,finetune2,45.34993067763942,original,23.528108295841772,finetune3,1470.5941721276838,original,0.712477982103854,original,0.5482481355184715
1,2440,0,front,4,original,0.08984375,original,1472.714698347337,original,1100.0693474030763,finetune3,90.68526944716076,original,45.53830332607305,finetune3,91.06858014695398,original,2891.319331404921,finetune2,0.7877249127714726,finetune2,0.6255934262773539
1,2445,0,front,4,original,0.125,finetune3,651.6623215098829,finetune3,138.1633924927164,finetune,66.3356129650303,finetune2,54.69233453097698,finetune,109.34714353862104,finetune,1739.0301547828515,finetune,0.7028583297753263,original,0.5864193792581378
1,2450,0,front,4,finetune,0.109375,finetune2,2461.659258401463,finetune2,2116.8493665035408,finetune3,29.736806419968193,original,320.6270301436663,finetune,220.11097494083424,original,3553.2529994893243,finetune2,0.5954002973750714,finetune2,0.6286295241968279
1,2455,0,front,4,finetune3,0.0546875,finetune,9784.309618815072,finetune,7078.163380433031,finetune3,99.44582580012356,finetune,2102.1535798646764,finetune3,28.684551641971787,finetune,10230.15077293363,original,0.47567340228259,finetune3,0.3736464568008407
1,2460,0,front,4,finetune3,0.078125,finetune3,7252.082765176099,finetune3,6391.129128492567,finetune3,62.379810618351065,original,1149.2359253219154,finetune3,48.20149214318427,finetune3,7574.800841257077,finetune2,0.8253502134991385,finetune2,0.5446719765713398
1,2465,0,front,4,finetune3,0.04296875,finetune3,7261.932885331994,finetune3,5936.9409877357275,finetune,32.89281919119331,finetune,909.9692777178113,original,100.57195463127634,finetune3,7820.307450370156,original,0.6125220458553792,original,0.46073115270246634
1,2470,0,front,4,finetune3,0.03125,original,4451.780749202903,original,3514.208479651412,finetune,32.235610468868344,original,822.1987655693871,finetune3,103.41242604799729,original,4480.47505304904,finetune3,0.6972735133478541,finetune3,0.5139234100820075
1,2475,0,front,4,finetune3,0.03515625,original,6280.009162393136,original,4891.364582002299,original,45.491069664595926,original,829.9577157980272,finetune3,162.79565569797202,original,6273.33072452207,finetune2,0.3526395173453997,finetune2,0.3047202797202797
1,2480,0,front,4,finetune3,0.046875,finetune2,4649.206356381623,finetune2,3716.337805351654,original,45.2728452222667,original,684.3626748481255,finetune,142.3677661898312,finetune2,4704.367316079797,finetune3,0.47968913679950576,finetune3,0.47144077532624384
1,2485,0,front,4,original,0.02734375,finetune2,16334.947383822488,finetune2,12702.149701507307,finetune,29.80700946506554,original,1185.7574733220922,finetune3,48.976379339592306,finetune2,16471.884851548875,finetune2,0.5833207204480096,finetune3,0.3284904641957539
1,2501,0,front,4,finetune3,0.1015625,finetune3,52291.94464316106,finetune3,38565.12768382162,finetune2,89.87949116882497,finetune,1517.1174477803406,finetune3,7.6609868155656535,finetune3,52483.78291110834,finetune3,0.7093184979137691,finetune3,0.5413096695226438
1,2506,0,front,4,finetune3,0.1015625,finetune,9139.07621240648,finetune,7547.754331480359,finetune,91.14240097793375,original,1170.8719948611486,finetune2,82.69802432659107,finetune,9586.492300767637,finetune3,0.7439570277529096,original,0.5147627144844644
1,2511,0,front,4,finetune3,0.02734375,original,5826.739779482016,original,4645.288187897841,finetune3,147.28459267358573,original,836.2656155196495,finetune3,24.947096687341052,original,6435.293529955248,original,0.45381742264846436,finetune,0.4381112188982984
1,2516,0,front,4,finetune3,0.07421875,original,26369.00812639033,original,20275.350694014687,original,1.5424985563089901,finetune3,2633.9044159521145,original,4.239442996756027,original,26366.561187332307,finetune3,0.7329192546583851,original,0.5752258064516129
1,2547,0,front,4,finetune3,0.04296875,finetune3,115431.55260294126,finetune3,91717.66063575214,finetune3,143.47838056109939,finetune3,1.6359448598075428,finetune3,1.3789038524257338,finetune3,115634.2047271461,finetune3,0.7692307692307693,finetune3,0.5
1,2598,0,front,4,finetune2,0.09765625,finetune2,171835.86845298714,finetune2,130298.22639820573,finetune2,106.80178802438172,original,0.2863919646594138,finetune3,0.3933037702477434,finetune2,171395.15043899242,finetune3,0.6666666666666666,finetune3,0.5
1,2603,0,front,4,finetune3,0.06640625,finetune3,77622.59014548949,finetune3,69461.99382691708,finetune2,101.15749220709131,finetune,0.25833936169635985,finetune3,0.6693315796856429,finetune3,78129.7862012051,original,0.47619047619047616,finetune3,0.23809523809523808
1,2608,0,front,4,finetune3,0.07421875,finetune3,75227.02046120426,finetune3,72832.23959944688,finetune3,75.63546713168019,original,0.2565304535753711,finetune2,0.09308830153452191,finetune3,75194.6472001729,finetune2,1.0,finetune2,0.5454545454545454
1,2613,0,front,4,finetune3,0.04296875,finetune3,80406.30134373053,finetune3,80240.86388683127,finetune3,26.537168516230675,original,0.13703950166011644,original,0.30011853971865937,finetune3,80302.0889888801,original,0.75,finetune3,0.5714285714285714
1,2618,0,front,4,finetune3,0.08203125,original,12350.808563993962,original,12346.507768241281,finetune,64.0472610577307,original,0.38979030741409465,finetune,0.4801335645809662,original,12400.589344276239,finetune,1.0,finetune3,0.7
1,2623,0,front,4,finetune3,0.04296875,finetune3,16056.031033855916,finetune3,15699.892915452248,finetune3,43.80211633043932,finetune3,0.8700694537525595,finetune3,0.9123591919410237,finetune3,15855.763819002443,finetune3,0.9230769230769231,finetune3,0.6451612903225806
1,2628,0,front,4,finetune3,0.0546875,finetune3,8334.028985762081,finetune3,7966.108073302894,original,62.42187838464301,finetune2,1.6218105953858943,finetune2,1.4801853611609295,finetune3,8717.24935149478,finetune3,0.8235294117647058,finetune3,0.4489795918367347
1,2633,0,front,4,finetune2,0.05078125,finetune3,47613.89540188546,finetune3,36336.02486697995,finetune3,75.49642208052045,finetune2,1.6101221467361224,finetune2,1.563780485606015,finetune3,47893.95556068776,finetune3,0.675,finetune3,0.43790849673202614
1,2717,0,front,4,finetune,0.05859375,original,43097.156867771664,original,30406.72829353274,finetune,108.64681743302866,finetune,0.36734247031562184,finetune2,0.8748241508131196,original,43553.08740089776,finetune,0.8,finetune3,0.75
1,2722,0,front,4,finetune3,0.0625,original,42405.647962941286,original,32062.672084996244,finetune3,124.07894300901688,finetune,0.6509621310255598,finetune3,0.6402688990493857,original,41877.20612549914,finetune3,0.8571428571428571,finetune3,0.5384615384615384
1,2727,0,front,4,finetune3,0.0546875,finetune3,123817.65586448075,finetune3,90292.77072775934,original,19.28676870392714,finetune3,0.4249533102422569,finetune3,0.29712582913872376,finetune3,123911.87908734378,finetune3,0.8888888888888888,finetune3,0.4117647058823529
1,2732,0,front,4,finetune3,0.0703125,finetune3,3634.852347279424,finetune3,2553.3681438164786,original,20.3942012862336,original,0.1647538926651665,original,0.30013429797809926,finetune3,4099.982215016229,finetune3,0.6153846153846154,finetune3,0.5238095238095238
1,2737,0,front,4,finetune3,0.08984375,finetune3,70004.00125093055,finetune3,49815.56004746107,finetune3,141.5712281988828,finetune,0.49182563218813274,finetune2,0.6697502842729017,finetune3,70491.56573547177,finetune3,0.625,finetune2,0.5
1,2742,0,front,4,finetune3,0.0546875,finetune3,23671.3563802446,finetune3,16416.727123540943,original,21.395867569998842,original,0.43102573772658775,original,0.3001263095556777,finetune3,24128.51209477189,finetune3,0.7777777777777778,finetune3,0.7857142857142857
1,2837,0,front,4,finetune3,0.07421875,original,8215.564575448185,original,6005.175737724872,finetune3,150.6575650245171,finetune3,0.9323717897905951,finetune3,0.6390469981952513,original,8232.32119285791,finetune,0.5925925925925926,finetune3,0.5217391304347826
1,2842,0,front,4,finetune3,0.015625,original,311029.79535283893,original,283517.35959764314,original,62.89140878890325,original,0.34083375063306026,original,0.26261653587906597,original,311085.0446143358,original,0.25925925925925924,original,0.2631578947368421
1,2847,0,front,4,finetune3,0.01171875,original,197961.30552435046,original,197340.34190872917,finetune3,45.21171303381145,original,0.07909247663101276,original,0.19651408754854519,original,198053.96127260113,original,0.2727272727272727,original,0.3333333333333333
1,2852,0,front,4,finetune3,0.0625,finetune,73059.21393977266,finetune,66710.65935513389,original,80.50258540927398,finetune2,0.5756004017784364,finetune2,0.5405642485658462,finetune,73366.33890769596,finetune3,0.8888888888888888,finetune3,0.29411764705882354
1,2918,0,front,4,finetune3,0.0546875,finetune3,122902.18963968166,finetune3,104754.87633495196,finetune2,150.5966141166114,finetune2,0.22879851036524662,finetune2,0.587744530849132,finetune3,123129.86806198087,finetune3,0.8333333333333334,finetune3,0.45454545454545453
1,2923,0,front,4,original,0.0,original,328916.0832694778,original,318296.49273564667,original,89.00804313260932,original,0.39801652256932374,original,0.30012866770979185,original,329222.80833471415,original,0.2,original,0.3181818181818182
1,2928,0,front,4,finetune,0.0234375,finetune,5751.408075829229,finetune,5677.596338688396,original,108.65565030664213,finetune2,0.4004128058695088,finetune2,0.6065555730083761,finetune,6023.295278385833,original,0.6666666666666666,finetune2,0.5
1,2933,0,front,4,original,0.01953125,original,44651.326424336265,original,43868.91493916977,original,171.26380847771193,finetune3,1.3367664795054934,original,1.2198579170219592,original,45045.00987791009,original,0.358974358974359,original,0.3157894736842105
1,2938,0,front,4,finetune3,0.06640625,finetune,2140.6922125960555,finetune,2026.6279008686543,finetune3,20.391974793337038,finetune3,0.8121005791944448,original,0.7658060058349437,finetune,2037.942087037064,original,0.8888888888888888,finetune2,0.5625
1,2943,0,front,4,original,0.046875,finetune3,163524.89276911892,finetune3,159601.73746510025,finetune3,172.47945930183948,original,1.194887364755093,original,1.3440592761481265,finetune3,163543.4239310309,finetune3,0.38461538461538464,finetune3,0.2727272727272727
1,2948,0,front,4,finetune3,0.11328125,finetune3,16944.3652353497,finetune3,16224.780786645948,finetune,22.078911568001285,original,0.3955656319465947,original,0.44413279518202736,finetune3,17321.089338140093,finetune,0.8181818181818182,finetune,0.6521739130434783
1,2953,0,front,4,finetune3,0.0625,finetune2,30281.635380581563,finetune2,25117.385859864648,finetune3,34.18507747880997,finetune2,0.20876573462197673,finetune2,0.3783847831360238,finetune2,30503.015921951843,finetune3,0.875,finetune2,0.5625
1,3129,0,front,4,finetune3,0.078125,original,165.07150034636322,original,21.476575025822967,original,37.91823565099255,original,0.2345303702965777,original,0.15008573404251804,original,854.8983509177102,original,0.6666666666666666,finetune3,0.6666666666666666
1,3134,0,front,4,finetune3,0.0625,original,37909.83331428903,original,29959.372647948796,original,35.46320330631361,original,0.2343776742678509,original,0.1500742901328013,original,37850.77726279168,original,0.19047619047619047,original,0.36363636363636365
1,3139,0,front,4,finetune3,0.09375,finetune3,796169.9391822428,finetune3,644343.6572392171,finetune,41.82828750029936,finetune3,0.14394456149509338,finetune3,0.11611235584700788,finetune3,796483.3464173616,original,0.0,original,0.0
1,3144,0,front,4,finetune3,0.07421875,original,43623.0184984141,original,35817.93684632983,original,29.59827525336851,original,0.33302428880569757,original,0.15006782266134194,original,43567.858073212556,finetune3,0.4,finetune3,0.4
1,3149,0,front,4,finetune3,0.09765625,finetune3,785641.7694001143,finetune3,647289.0012276156,finetune,46.05921086757598,finetune3,0.19517015204187227,finetune3,0.11808954190264774,finetune3,785947.3078633095,original,0.0,original,0.0
1,3154,0,front,4,original,0.0,original,245235.36120506597,original,200009.90965067607,original,36.547118083504806,original,0.11822330762375914,original,0.10809224853081091,original,245294.47411025563,original,0.2857142857142857,original,0.3333333333333333
1,3159,0,front,4,finetune3,0.1015625,original,21316.839912207528,original,17212.265869081835,original,56.14278285347118,original,0.8633877641389558,original,0.1500874277790391,original,21400.184992807568,original,0.5714285714285714,original,0.36363636363636365
1,3164,0,front,4,original,0.06640625,finetune3,38645.525264889526,finetune3,29741.36920408334,finetune2,153.38559928807993,finetune3,0.1388747781749607,finetune3,0.3076132671711765,finetune3,38411.941570948424,finetune3,0.8181818181818182,finetune3,0.631578947368421
1,3169,0,front,4,finetune3,0.0625,finetune,42347.705164566556,finetune,30867.020523667685,finetune3,15.442459126532965,original,0.4096543944439455,original,0.49468993943239487,finetune,42202.38503117467,finetune,0.8571428571428571,finetune3,0.5897435897435898
1,3194,0,front,4,original,0.0390625,finetune,84496.79029404117,finetune,67521.01509533636,finetune2,28.33224716877682,finetune3,0.8548413235365641,finetune3,0.9457348677615051,finetune,84656.61430015597,finetune3,0.5882352941176471,finetune,0.4444444444444444
1,3199,0,front,4,finetune3,0.07421875,finetune3,64008.71588353432,finetune3,60161.39812347782,finetune3,9.88585567835746,finetune3,0.7101258386365206,finetune3,0.7249539139141792,finetune3,63996.46407054157,finetune3,0.8888888888888888,finetune3,0.375
1,3204,0,front,4,finetune3,0.07421875,finetune2,26426.544957440325,finetune2,26322.07768200268,finetune3,38.18874325076086,original,0.41470410987049616,original,0.5923660640732611,finetune2,26216.2908011666,finetune,0.875,finetune,0.5
1,3209,0,front,4,finetune3,0.0546875,finetune3,19942.791595879557,finetune3,19716.580621087574,finetune2,64.15197327946605,finetune,0.4003119140676632,finetune,0.02896915787089208,finetune3,19992.392828948694,finetune3,0.5555555555555556,finetune3,0.38461538461538464
1,3214,0,front,4,finetune3,0.0390625,finetune3,66894.86265123569,finetune3,59300.42545582238,finetune,131.70916096026002,finetune3,0.9627114317807824,finetune3,0.9098716065855184,finetune3,66851.97320321329,finetune3,0.5625,finetune3,0.5263157894736842
1,3254,0,front,4,finetune3,0.03125,finetune3,17712.13835477469,finetune3,14453.172057294461,finetune,13.108223981215145,finetune,0.09819760681990486,finetune,0.3866439367011256,finetune3,17832.931611220978,finetune,0.9230769230769231,finetune,0.6086956521739131
1,3259,0,front,4,finetune3,0.03125,finetune3,80283.71386232479,finetune3,70800.69108606817,finetune3,23.667426912124295,original,0.08263576866419076,original,0.3001325347980603,finetune3,80187.57832260919,original,0.3333333333333333,finetune3,0.46153846153846156
1,3264,0,front,4,finetune3,0.05078125,finetune3,6659.484639678036,finetune3,6577.890333754476,finetune,167.23708164630224,finetune,0.5787158756599945,finetune,1.2039771607413943,finetune3,6811.716634934318,finetune2,0.5714285714285714,finetune2,0.6
1,3269,0,front,4,finetune3,0.05859375,finetune,58500.49607327933,finetune,58078.23228148848,finetune,89.95165427150386,finetune,1.4583136215655776,finetune,1.1759936733970027,finetune,58845.495267551945,finetune,0.8571428571428571,finetune3,0.5
1,3274,0,front,4,finetune3,0.0078125,original,223958.00324905934,original,222479.29078093555,original,45.082228445752044,original,0.7295109092395319,original,0.2626141662608283,original,224068.4545497751,original,0.4166666666666667,original,0.5
1,3279,0,front,4,finetune3,0.08203125,finetune3,82831.4630369277,finetune3,82144.50883064873,finetune3,119.69158930312277,original,0.37145430866470647,finetune2,0.2501306992983194,finetune3,82890.56564140428,finetune3,0.4666666666666667,finetune3,0.5454545454545454
1,3284,0,front,4,finetune3,0.03125,finetune3,51574.09276035531,finetune3,51182.849322733935,original,57.51564751874774,original,0.1954985445968604,original,0.2626247842826366,finetune3,51933.38346104081,finetune3,0.4444444444444444,original,0.5
1,3289,0,front,4,finetune3,0.0390625,finetune3,48286.64474542042,finetune3,47033.811087859794,original,68.5191680889265,finetune3,0.08550854008983588,original,0.30012608775580524,finetune3,48415.0534681595,original,0.75,finetune3,0.5384615384615384
1,3294,0,front,4,original,0.07421875,finetune2,696.8080030766455,finetune2,89.4992047114647,finetune,22.715200719201793,finetune3,0.45611654912180594,finetune3,0.13539835022466779,finetune2,2776.6652835859218,finetune2,0.6923076923076923,finetune2,0.4482758620689655
1,3362,0,front,4,finetune,0.10546875,original,44305.25756144146,original,35986.04296516394,finetune3,91.4322565173888,finetune3,0.2705376379244761,finetune3,0.22043638912287444,original,44158.76367322647,finetune2,1.0,finetune2,0.6666666666666666
1,3367,0,front,4,finetune3,0.01953125,original,59378.06705197297,original,52509.691191058606,finetune3,55.04937196359573,original,0.18356396313501294,original,0.15006714854114148,original,58907.08246738236,finetune3,0.4,original,0.5714285714285714
1,3372,0,front,4,finetune3,0.07421875,finetune3,26597.749981286783,finetune3,24871.174554828438,finetune,62.692655499714064,finetune3,0.40227187099943335,finetune3,0.47562491785288064,finetune3,26377.799971606677,finetune2,0.8571428571428571,finetune3,0.46153846153846156
1,3377,0,front,4,finetune3,0.06640625,finetune2,102364.9783033306,finetune2,97136.02669990959,finetune3,68.83698913924017,original,0.037682021354505636,finetune,0.3754427917905323,finetune2,102324.50592906367,finetune2,0.4444444444444444,finetune3,0.4
1,3382,0,front,4,finetune3,0.0703125,finetune3,124359.32804440249,finetune3,117369.45589831675,finetune,8.324252150978289,original,0.7037944720330664,original,0.5037014698437127,finetune3,124334.49009892135,original,0.46153846153846156,original,0.75
1,3387,0,front,4,finetune3,0.0390625,finetune3,80422.50504989867,finetune3,75500.95194076747,original,131.60319758323374,original,0.37066924238293536,original,0.3001248643971629,finetune3,80012.04432230287,finetune3,0.875,finetune3,0.6
1,3392,0,front,4,finetune3,0.109375,finetune3,61412.093530846156,finetune3,58324.21210092452,finetune3,93.2150748257877,original,1.0327393253958894,original,0.7757595787422351,finetune3,61559.36524409061,finetune3,0.5,original,0.4375
1,3397,0,front,4,finetune3,0.08984375,finetune3,18968.023266990014,finetune3,17826.931118980225,finetune3,53.47144502171043,finetune3,1.1712650137700757,finetune3,0.6008645044384665,finetune3,18773.903841026007,finetune2,0.75,finetune2,0.65
1,3402,0,front,4,finetune3,0.09375,finetune3,165228.77935862998,finetune3,156361.51525555766,finetune3,73.26958042934825,finetune2,0.936971676865121,finetune2,0.6518675983972314,finetune3,164972.4253781363,finetune,0.7777777777777778,finetune3,0.5652173913043478
1,3407,0,front,4,original,0.07421875,finetune3,1297.5884555375271,finetune3,1182.2602423821227,finetune3,21.68360875821712,finetune3,0.7713693345276608,finetune3,0.930522140517296,finetune3,1375.3521297604682,finetune3,0.4117647058823529,finetune3,0.36363636363636365
1,3412,0,front,4,finetune3,0.1015625,finetune2,33597.70425289192,finetune2,31383.655334875133,finetune3,93.97498722559799,finetune2,0.2985623087939396,finetune3,0.46527013711005194,finetune2,33123.75964704293,original,0.5217391304347826,finetune,0.5882352941176471
1,3417,0,front,4,finetune3,0.05859375,finetune,36235.07312432723,finetune,34306.86180641188,finetune,103.03463526496975,finetune3,2.119631899694371,finetune3,1.8995459691927197,finetune,35925.747227869724,finetune3,0.6730769230769231,finetune3,0.6470588235294118
1,3422,0,front,4,finetune3,0.04296875,finetune,3134.9172538950297,finetune,3070.686849366699,finetune2,55.54521520312208,finetune3,1.3264345102888104,finetune3,0.4508935519589577,finetune,3258.7418251045005,finetune3,0.5925925925925926,finetune3,0.3333333333333333
1,3427,0,front,4,finetune3,0.06640625,finetune,28831.85272823626,finetune,22187.723636801325,original,98.73310759530321,finetune3,2.3556777355293823,finetune3,2.7605172443496726,finetune,28979.25860384664,finetune,0.6396588486140725,finetune3,0.49797160243407707
1,3469,0,front,4,finetune3,0.12109375,finetune2,6559.605818695926,finetune2,5902.289875413204,original,110.66034383405638,finetune2,7.0758773550038185,finetune2,6.3338483585076135,finetune2,7029.398438772157,finetune2,0.8472149921915669,finetune3,0.6134969325153374
1,3474,0,front,4,finetune3,0.12109375,finetune3,30844.721883975933,finetune3,30413.194576980954,finetune3,114.08069466800798,finetune3,2.006420898252651,finetune3,1.0589263061710297,finetune3,31197.1904296105,finetune3,0.611764705882353,finetune3,0.5766871165644172
2,345,0,rear,4,original,0.0,original,9444.990448412049,original,8586.374142162294,finetune3,51.57238958418643,finetune3,477.6181189484068,original,7.517640081741463,original,9128.759463780389,finetune3,0.3022508038585209,finetune3,0.11852631578947369
2,350,0,rear,4,finetune3,0.05859375,original,1502.2824728044293,original,451.8429110372399,finetune,34.151146654155184,finetune2,3.3314516581984193,finetune2,26.35310327705997,original,2457.9419185563797,finetune2,0.8255388369255795,finetune2,0.5742283391685782
2,355,0,rear,4,finetune3,0.203125,finetune3,230.68594771704016,finetune3,204.31926075628508,finetune,0.9593989603301984,finetune3,7.771502444604841,finetune,2.4621083828855665,finetune3,228.33874969940996,finetune3,0.8706166868198307,finetune3,0.7057442695388014
2,360,0,rear,4,finetune3,0.2265625,finetune3,875.3338746802951,finetune3,840.2354765550117,finetune,0.8254922422841183,finetune3,6.092935185051441,finetune,1.9549450572185874,finetune3,874.2779747318478,finetune3,0.853505291005291,finetune3,0.6834677419354839
2,365,0,rear,4,finetune3,0.26171875,finetune3,3815.0090061642904,finetune3,3787.4947917169848,finetune,129.984863544922,finetune3,2.5391659159206688,finetune3,2.8768027086148584,finetune3,3696.326040001493,finetune3,0.7805429864253394,finetune3,0.7245179063360881
2,370,0,rear,4,finetune3,0.28515625,finetune3,4192.447557689819,finetune3,4164.278102948036,finetune2,147.22210143296493,finetune3,2.5265187515660275,finetune3,3.084347035288092,finetune3,3980.168298783035,finetune3,0.7592156862745097,finetune3,0.7084180561203741
2,375,0,rear,4,finetune3,0.25390625,finetune3,376.2683350683274,finetune3,325.43012540168274,finetune,9.921642627133542,finetune3,4.874088228311247,finetune,1.8113099395773076,original,1340.967790966859,finetune3,0.7645631067961165,finetune,0.6134384072998755
2,380,0,rear,4,finetune3,0.296875,finetune2,189.53771815835069,finetune2,185.09200882317236,original,18.401061085861336,finetune3,4.134143701395129,finetune3,2.843458741488644,finetune2,459.5180656497105,original,0.6458040618214331,original,0.5530642750373692
2,385,0,rear,4,finetune3,0.296875,finetune3,320.6230245903963,finetune2,271.0856462095926,finetune2,23.03537707910967,finetune3,5.166751708900859,finetune2,2.425528790928106,finetune3,633.8456219398113,finetune3,0.5692622789396983,finetune3,0.48342988010238447
2,390,0,rear,4,finetune3,0.15625,finetune3,1653.440239423209,finetune3,1496.9966616281054,original,26.370602003777332,finetune3,10.83708451070247,finetune,11.040464863346632,finetune3,2736.5329896200815,finetune3,0.5969811320754717,finetune3,0.5375259566894097
2,395,0,rear,4,finetune3,0.18359375,finetune3,1575.5346503771807,finetune3,1459.4933759119194,finetune,27.93238954255092,finetune3,5.661170676161232,finetune2,3.434350735289411,finetune3,2712.684542245031,finetune2,0.7732342007434945,finetune3,0.5960537133461222
2,400,0,rear,4,finetune3,0.19140625,finetune2,202.32133160670284,finetune2,170.08633312604798,finetune,23.136312127331138,finetune2,2.9474816487177407,finetune2,4.206624911961249,finetune2,580.0337054536411,finetune2,0.8115183246073299,finetune3,0.6273194723898949
2,405,0,rear,4,finetune3,0.31640625,finetune3,2194.184056975643,finetune3,2144.1333979503215,finetune3,16.292591684598076,original,2.6931520143197036,finetune2,1.1490834337711582,finetune3,2215.6988235143563,original,0.7189189189189189,finetune,0.5966666666666667
2,410,0,rear,4,finetune3,0.27734375,finetune3,2247.4199835418726,finetune3,2176.7557246027063,original,21.888035295320456,original,2.5104809890589888,original,2.165342429524103,finetune3,2297.430001444826,original,0.7229558151345861,original,0.55156382079459
2,415,0,rear,4,finetune3,0.3125,finetune3,2569.1388328005296,finetune3,2563.8447274313367,finetune3,7.612910028885786,finetune3,1.9681022943633562,finetune2,0.7296179616784377,finetune3,2571.045242811408,finetune3,0.8509174311926605,finetune3,0.7118294360385145
2,420,0,rear,4,finetune3,0.3515625,finetune3,6727.108513053656,finetune3,6718.965533626695,original,1.4514069684927229,finetune3,1.0700183242042076,finetune,0.5809831078119,finetune3,6313.845981974519,finetune3,0.7114624505928854,finetune3,0.7003058103975535
2,425,0,rear,4,finetune,0.1484375,finetune3,12332.845827635898,finetune3,12315.640282180531,finetune3,17.290878593619098,original,3.7117874474151775,original,4.241110824223261,finetune3,12295.838591896842,finetune3,0.6676852559205501,finetune3,0.5512665862484921
2,430,0,rear,4,finetune3,0.31640625,finetune3,6995.567368451592,finetune3,6988.454902552461,finetune3,1.411538440088744,finetune3,0.3479212962927863,finetune3,1.0252283089350747,finetune3,6997.967872542682,finetune3,0.7608695652173914,finetune3,0.7970401691331924
2,435,0,rear,4,finetune3,0.171875,finetune,7129.921571736576,finetune,7091.249023475873,finetune,14.360206438275338,finetune3,0.8643706975538176,finetune3,1.2464056650965427,finetune,7104.993100185214,finetune3,0.7240740740740741,finetune3,0.7060518731988472
2,440,0,rear,4,finetune3,0.16015625,finetune,13818.83816177748,finetune,13800.986121569833,finetune,12.76010127128262,finetune3,2.060170935833033,finetune3,1.9596929940610044,finetune,13785.306825833548,original,0.6851063829787234,finetune3,0.5625
2,445,0,rear,4,original,0.16015625,finetune,18020.14480013483,finetune,18020.043164414223,original,15.405466282227968,original,2.6310411267404112,original,2.7537940082385455,finetune,17586.417164789866,original,0.6504065040650406,original,0.5230125523012552
2,450,0,rear,4,finetune2,0.359375,finetune3,14907.42205790686,finetune3,14805.152747981861,finetune2,175.15214664351006,finetune2,0.21338348654509176,finetune,0.35849571488217286,finetune3,14441.508513344601,finetune2,0.8666666666666667,finetune2,0.8674033149171271
2,455,0,rear,4,finetune3,0.14453125,finetune2,8533.963241460722,finetune2,7968.688571105158,finetune,21.7786461803368,finetune2,0.8112871786191125,original,0.8978749488114951,finetune2,8540.584535275284,original,0.6553191489361702,original,0.52
2,460,0,rear,4,finetune3,0.140625,finetune,43163.64269336993,finetune,36699.463166936344,finetune,23.120996740359402,finetune,2.689181251053578,finetune,2.7935368606683384,finetune,43175.11222506448,finetune3,0.7011308562197092,finetune2,0.5288888888888889
2,465,0,rear,4,finetune3,0.14453125,finetune,22151.366869110185,finetune,18232.067134187877,finetune2,56.62763082747041,original,1.1848897419628255,original,1.0600859274028402,finetune,21839.757754738355,finetune,0.6430707876370887,original,0.5758157389635317
2,470,0,rear,4,finetune3,0.12890625,original,1158.4467863159994,original,933.2671776853385,original,23.83627421205106,original,2.7511729637202147,original,3.241245854204383,original,1286.247785455384,finetune,0.6341911764705882,finetune2,0.5478841870824054
2,475,0,rear,4,finetune3,0.1171875,finetune3,2462.9002756579607,finetune3,2172.325916959133,finetune3,66.52078075288452,original,2.1566929624149123,original,1.2569200189471474,finetune3,2844.5957007040774,finetune,0.832,finetune,0.6226415094339622
2,480,0,rear,4,original,0.0703125,finetune2,17045.275283123206,finetune2,16060.99793532485,original,164.5314686841191,finetune,0.8087209477157844,original,0.8350157141372457,finetune2,16707.90533057269,finetune2,0.812807881773399,finetune3,0.49454545454545457
2,485,0,rear,4,finetune3,0.11328125,finetune,25754.461423882432,finetune,24666.220608611766,finetune3,10.202397976192621,finetune3,1.8605889734679522,original,2.2136382088423816,finetune,25752.08471348006,original,0.7071428571428572,original,0.4573170731707317
2,490,0,rear,4,finetune3,0.0625,finetune2,15001.452935244213,finetune2,14500.684378239006,finetune3,11.782928787072258,finetune3,0.5960770123800211,finetune3,1.3446089084092356,finetune2,15047.236937006057,finetune3,0.7555555555555555,finetune3,0.5740740740740741
2,495,0,rear,4,finetune3,0.0859375,original,99001.1759770729,original,97267.04569191395,original,90.34708095595182,original,1.4881337663796412,original,1.202126787576274,original,98903.09886349863,original,0.6206896551724138,original,0.5436893203883495
2,500,0,rear,4,finetune3,0.04296875,original,27054.182193349978,original,26745.013194144092,finetune3,34.2890577897588,finetune3,0.3065884918338966,finetune3,0.7179826456750561,original,27512.21569653555,finetune3,0.6853146853146853,finetune3,0.573170731707317
2,505,0,rear,4,finetune3,0.07421875,finetune3,81136.36500234487,finetune3,80762.30123814239,finetune3,104.31828325978468,finetune2,1.28376259705332,finetune2,1.3818944404661608,finetune3,80779.44272907589,finetune3,0.5932203389830508,finetune2,0.4788732394366197
2,510,0,rear,4,original,0.05078125,original,79284.1399293635,original,79163.88263660131,finetune3,67.91786842180426,original,0.6330329106208729,original,0.240392112986416,original,79077.46346521097,original,0.5714285714285714,original,0.40540540540540543
2,515,0,rear,4,finetune,0.04296875,finetune2,117109.32781825926,finetune2,116923.76665823092,finetune3,97.60844509620397,original,1.377542214991596,original,0.9859503592333113,finetune2,116752.50453003531,original,0.6666666666666666,finetune2,0.6
2,520,0,rear,4,original,0.0625,finetune,167292.49800617225,finetune,166822.50362581396,finetune3,75.04618787916219,finetune,2.69728243905538,finetune3,2.519699356014574,finetune,167126.3976783269,finetune3,0.5806451612903226,finetune,0.42857142857142855
2,525,0,rear,4,finetune2,0.125,finetune2,6238.461918940261,finetune2,6132.297297496349,finetune2,25.866007151259442,finetune,0.7346932814374603,finetune,1.1445835400942599,finetune2,6276.374822007358,finetune,0.569620253164557,finetune2,0.47761194029850745
2,530,0,rear,4,finetune3,0.05859375,original,38818.21067708298,original,37432.52233203265,finetune,76.04823914516447,original,2.0090976522752513,finetune,1.7272968211263096,original,38655.57405465155,finetune3,0.43902439024390244,finetune3,0.46296296296296297
2,535,0,rear,4,finetune3,0.05078125,original,46662.50824356469,original,45768.595141967,finetune3,88.96812244240455,original,0.9346971726552941,original,1.121493092368076,original,46529.815883539544,finetune3,0.5217391304347826,finetune,0.4878048780487805
2,540,0,rear,4,finetune2,0.14453125,finetune2,79426.99673090556,finetune2,78392.08883849383,finetune3,77.2813331886842,finetune,3.1320350953676055,finetune,2.984534869394604,finetune2,79273.34778535436,finetune,0.6,finetune,0.3968253968253968
2,545,0,rear,4,original,0.05859375,finetune3,98407.8016303667,finetune3,89433.1899797949,finetune,77.78379458862642,finetune2,1.2832013629659877,finetune2,0.9189195003178522,finetune3,98184.39392686375,finetune3,0.5042016806722689,original,0.5555555555555556
2,565,0,rear,4,original,0.12109375,finetune,38429.56957541806,finetune,36070.94930792223,finetune3,87.317013494072,finetune3,1.519495833795192,finetune3,2.555009926971214,finetune,38261.10692696176,finetune3,0.6666666666666666,finetune2,0.5561224489795918
2,570,0,rear,4,original,0.1015625,finetune2,26432.824689173405,finetune2,26224.64196960008,finetune2,44.376412932581545,original,1.5101659209517597,finetune2,1.5407156764262853,finetune2,26343.922432169464,original,0.7763975155279503,finetune2,0.5494505494505495
2,575,0,rear,4,finetune3,0.109375,finetune3,4474.618656929105,finetune3,4044.863558986137,finetune3,63.685321636565185,original,1.9026557483304705,original,1.6036555350925852,finetune3,4283.903218806327,finetune2,0.7801418439716312,original,0.6605504587155964
2,580,0,rear,4,finetune3,0.09375,finetune2,9090.214568296979,finetune2,7861.856495272921,original,69.82216583563468,finetune2,1.0496140512794392,finetune3,1.8482641669645503,finetune2,8834.073547426919,finetune3,0.8831168831168831,finetune3,0.672645739910314
2,585,0,rear,4,finetune3,0.12109375,finetune,10823.495640802756,finetune,9941.674368468492,finetune,21.514126278026122,finetune,2.331279584698084,finetune,3.1533849651150563,finetune,10882.372017765669,original,0.5894308943089431,finetune2,0.42016806722689076
2,590,0,rear,4,finetune2,0.07421875,finetune3,76726.41976481744,finetune3,75853.60916369135,finetune3,109.41750866566389,finetune2,1.5776322137163121,original,1.1074380346439072,finetune3,76339.77213190701,finetune2,0.7272727272727273,original,0.48598130841121495
2,595,0,rear,4,finetune3,0.0859375,finetune,100012.55632034114,finetune,99334.87484518593,finetune3,91.25655646257748,finetune3,1.6066712346804712,finetune3,1.8124990374528052,finetune,99705.44343743588,finetune,0.5504587155963303,finetune3,0.47761194029850745
2,600,0,rear,4,finetune3,0.12890625,finetune3,37349.16992871734,finetune3,31549.11038283154,finetune,117.64349677317247,finetune3,0.9404069673659899,finetune3,0.5351625087621362,finetune3,36884.318504074334,finetune3,0.6907894736842105,original,0.5368421052631579
2,635,0,rear,4,original,0.0390625,original,24118.654754875195,original,20181.792439107317,finetune2,160.1346160695145,finetune2,0.40873314002723177,finetune2,0.137179887655146,original,24387.42482554683,finetune2,0.5102040816326531,finetune3,0.46153846153846156
2,640,0,rear,4,finetune3,0.07421875,finetune2,1701.5357739929918,finetune2,1551.8938989249873,original,176.69100025897097,finetune,0.4806632774291988,finetune,0.18125654263953442,finetune2,3225.271482083009,finetune2,0.6274509803921569,finetune3,0.5
2,645,0,rear,4,finetune3,0.05859375,finetune2,17378.94744999803,finetune2,16362.879069723305,finetune3,115.71849732535361,finetune3,0.669879540190549,finetune3,0.3829221747645658,finetune2,17575.6788918553,finetune2,0.6923076923076923,finetune2,0.6166666666666667
2,650,0,rear,4,finetune3,0.05078125,finetune,57914.19061341325,finetune,43415.58656273541,finetune2,100.69460944482967,finetune3,0.7401908952324034,finetune3,0.771723427403984,finetune,58010.59125602032,finetune3,0.6590909090909091,finetune3,0.5666666666666667
2,680,0,rear,4,finetune3,0.08984375,finetune2,13005.753644881785,finetune2,10515.30620733404,finetune,26.256083674858026,finetune2,0.8530381863888065,finetune2,0.26183735993782126,finetune2,13162.692436434569,finetune2,0.7407407407407407,finetune3,0.59
2,685,0,rear,4,original,0.05859375,finetune2,14962.435494450045,finetune2,12961.114186835563,finetune3,14.172484796642683,finetune2,0.4731712813011143,finetune2,0.29359131042038084,finetune2,14844.491629227678,finetune2,0.9090909090909091,finetune2,0.7647058823529411
2,690,0,rear,4,original,0.046875,finetune3,47801.034200466456,finetune3,44912.288918257924,finetune,23.085386131846,finetune,1.5194683156449071,finetune,1.8318085939005058,finetune3,47658.20952931267,finetune3,0.5714285714285714,original,0.52
2,695,0,rear,4,finetune3,0.04296875,original,8661.232824136021,original,8331.99546813278,finetune,24.514759852410926,finetune,0.2529540647845709,finetune,0.2290531684649104,original,8800.787868472153,finetune3,0.75,finetune3,0.5964912280701754
2,700,0,rear,4,finetune3,0.0546875,finetune,38836.454502648216,finetune,30039.936893010978,finetune,50.181077553604055,finetune2,1.4777773466368382,finetune2,1.5221885780882336,finetune,38588.192255982365,finetune3,0.5858585858585859,finetune2,0.5027027027027027
2,745,0,rear,4,finetune3,0.0625,original,24666.78810787484,original,18746.33020091959,finetune2,149.78094883318306,original,2.8667009987741623,original,2.6257941725241465,original,24949.520125786847,finetune3,0.6779661016949152,finetune3,0.5
2,750,0,rear,4,original,0.046875,finetune3,12475.55254720698,finetune3,10996.1761157508,finetune3,19.915594056230546,finetune2,0.23692543334614818,finetune,0.42388057484891345,finetune3,12557.365805766136,finetune2,0.7992125984251969,finetune2,0.6510067114093959
2,755,0,rear,4,finetune2,0.03125,finetune3,8277.713870219208,finetune3,7770.547022717743,finetune3,15.901070177782032,finetune3,1.695933891315276,finetune3,1.7082037438939763,finetune3,8270.396578680578,finetune,0.7142857142857143,finetune,0.6373626373626373
2,760,0,rear,4,finetune3,0.0234375,finetune3,75807.83485537309,finetune3,73641.8977677899,original,60.95849890246345,original,0.5986023805444174,original,0.6770953922370405,finetune3,75765.84119770232,original,0.475,original,0.4594594594594595
2,765,0,rear,4,finetune3,0.0625,finetune2,11332.064920190125,finetune2,10892.200617858383,finetune2,15.35773070751412,finetune3,2.47032371868433,finetune3,2.5361014864076203,finetune2,11331.767765122948,finetune3,0.5735294117647058,finetune2,0.5357142857142857
2,770,0,rear,4,finetune3,0.05078125,finetune2,17999.98859454377,finetune2,17806.0107948379,finetune3,22.191773001010255,finetune2,2.188990790837808,finetune2,2.5874674474215236,finetune2,18271.581945346676,finetune,0.5882352941176471,finetune3,0.39473684210526316
2,775,0,rear,4,finetune3,0.03515625,finetune2,16628.75730647738,finetune2,16067.094649849634,finetune,19.811338037067905,finetune3,1.2346825153800078,finetune3,0.834716830515204,finetune2,16532.619315573174,finetune3,0.7692307692307693,finetune3,0.5333333333333333
2,780,0,rear,4,original,0.0,original,85932.62754359275,original,84530.22691768466,original,139.46728174510795,original,0.6128980325005147,original,0.30012637000258024,original,86423.04118957653,original,0.75,original,0.6190476190476191
2,785,0,rear,4,finetune3,0.0078125,original,1023.5239227379474,original,1012.4778010997106,finetune3,130.15144325282452,original,0.34644650379023706,original,0.23402560399159641,original,2830.864718315316,original,1.0,original,0.8333333333333334
2,790,0,rear,4,original,0.0703125,original,203550.00020067248,original,197401.0838726596,original,121.01412662808202,finetune3,0.9194676660176323,finetune3,0.9265420484771603,original,203492.83808550125,original,0.34285714285714286,finetune3,0.4444444444444444
2,795,0,rear,4,finetune3,0.01953125,original,191702.19010991175,original,183685.5934970192,finetune3,42.24325381697083,original,0.09893716524333789,original,0.15007262944057148,original,191206.66093113128,original,0.75,original,0.625
2,800,0,rear,4,finetune2,0.1171875,original,162150.59661440834,original,152454.75092161354,finetune,37.810670739313004,finetune3,0.41902048692425187,finetune3,0.6008840653772742,original,162090.58449364582,original,0.5882352941176471,finetune2,0.6666666666666666
2,805,0,rear,4,finetune3,0.02734375,finetune3,2538.707845602228,finetune3,2437.7807798843714,finetune3,151.03135530027458,finetune,0.28259789437669064,original,0.4334466299151298,finetune3,2937.7816546732047,finetune,0.5,finetune3,0.5714285714285714
2,810,0,rear,4,finetune3,0.0625,original,265736.4864582796,original,237722.4865894753,finetune3,110.95015993225739,finetune3,0.23885525864134152,finetune3,0.2039833953070319,original,265297.7737533469,original,1.0,original,0.7777777777777778
2,815,0,rear,4,finetune3,0.046875,original,37444.13312795934,original,33315.36102191324,finetune3,49.980341947187725,original,0.08737550122811338,original,0.2250777440200828,original,37932.8269600855,original,0.6666666666666666,finetune3,0.5
2,820,0,rear,4,finetune3,0.06640625,finetune,213311.40227936205,finetune,192352.067205135,finetune2,65.63997692216357,finetune3,0.3447918701778897,finetune3,0.5709917462778767,finetune,213081.89225941876,finetune,0.5,original,0.6666666666666666
2,825,0,rear,4,finetune2,0.078125,finetune3,67857.29900914182,finetune3,55456.89430294803,original,110.47780496633992,finetune3,1.0094437801427398,finetune3,1.0979432664157884,finetune3,67626.16449007209,original,0.8181818181818182,finetune3,0.6086956521739131
2,905,0,rear,4,original,0.078125,original,1070.9478673391288,original,996.7111324310536,finetune,66.09056804217256,original,1.202408948986491,original,1.0651645885185077,original,2602.0096900144104,finetune3,0.7466863033873343,finetune3,0.5284360189573459
2,910,0,rear,4,finetune,0.11328125,finetune3,20746.582772976595,finetune3,19895.659220510075,original,10.206853311696003,finetune3,0.6145164781138835,finetune3,0.8995508453535412,finetune3,21024.651163889943,finetune,0.8205128205128205,finetune3,0.6538461538461539
2,915,0,rear,4,finetune2,0.09375,original,704.222532906761,original,630.2124320289295,finetune,23.966542157224804,finetune3,1.5022040960120724,finetune3,0.8748186712640382,original,1349.375265655324,finetune3,0.6381766381766382,finetune2,0.5238095238095238
2,1020,0,rear,4,finetune3,0.0234375,original,48470.98371823948,original,35218.71571082948,finetune,30.997810902460092,original,1.4012859381121272,original,1.0719599433236746,original,48644.27593028092,finetune3,0.5757575757575758,finetune2,0.5405405405405406
2,1025,0,rear,4,original,0.05078125,finetune2,13021.452502958073,finetune2,10875.237725359679,finetune,171.86190114984964,finetune3,0.41708668840707486,finetune3,0.43836986460865457,finetune2,13139.4882096138,finetune2,0.8125,finetune2,0.6
2,1030,0,rear,4,finetune3,0.046875,original,13555.946968679456,original,12731.79680610483,finetune3,2.8543840437024044,original,0.4268854747295096,original,0.2700836967563657,original,13458.355358337823,finetune3,0.7272727272727273,original,0.6666666666666666
2,1035,0,rear,4,finetune3,0.046875,finetune3,26036.35166270408,finetune3,25972.6722400852,finetune3,3.056898284663089,original,0.44954709868683007,original,0.33318394295801484,finetune3,26040.30780819485,finetune3,0.8,finetune3,0.5294117647058824
2,1040,0,rear,4,finetune3,0.03125,finetune3,16955.958649010518,finetune3,15046.010662648594,original,58.00605968309015,finetune3,1.4240303692231355,finetune3,1.364658196792609,finetune3,17274.320870165404,finetune,0.6428571428571429,finetune2,0.6153846153846154
2,1170,0,rear,4,finetune3,0.0546875,original,12999.413817065604,original,10323.365142229595,original,32.195936871941825,finetune3,0.7968268123080345,finetune3,1.2303512081446066,original,12924.492991747742,finetune3,0.8571428571428571,finetune2,0.5185185185185185
2,1175,0,rear,4,finetune3,0.0390625,finetune3,5682.630223837093,finetune3,5408.5591473416425,finetune2,11.863301091393812,finetune2,1.3565284290579376,finetune,1.2923972262362131,finetune3,6269.608901007299,original,0.43902439024390244,finetune3,0.3684210526315789
2,1180,0,rear,4,finetune,0.06640625,finetune2,60080.556805832326,finetune2,52954.32200935483,finetune2,32.14564302292004,finetune3,0.5045167441137092,finetune3,1.0934086537229117,finetune2,59990.89891574907,original,0.3333333333333333,finetune3,0.5294117647058824
2,1185,0,rear,4,finetune3,0.015625,original,376411.37613617536,original,299877.14433900884,original,84.28708986399444,original,0.294162181647763,original,0.43053882357660905,original,376762.2150629899,original,0.16666666666666666,original,0.22972972972972974
2,1220,0,rear,4,finetune3,0.0546875,finetune3,74703.42539596178,finetune3,71079.2108490949,finetune3,7.342058120835329,finetune2,0.538272934493044,finetune2,0.7825480580528233,finetune3,74718.4395028299,finetune,0.5217391304347826,finetune,0.5625
2,1225,0,rear,4,finetune3,0.04296875,finetune3,1415.9028566999834,finetune3,890.4270014929352,original,106.97304563109196,original,0.4334416769601059,original,0.3001477089725013,finetune3,2861.5854006764876,finetune3,0.375,finetune3,0.5454545454545454
2,1230,0,rear,4,finetune3,0.08203125,finetune2,29114.839909815444,finetune2,28809.924296525074,finetune3,13.582610894300212,finetune,0.14876195843444565,original,0.5394843118837483,finetune2,29182.12963634994,finetune,0.7777777777777778,finetune,0.7142857142857143
2,1235,0,rear,4,original,0.078125,finetune3,34046.10012357744,finetune3,32646.735902919434,finetune,10.841200162066718,finetune2,0.3980024898268455,finetune2,0.30569987563345136,finetune3,34144.58643685385,finetune2,1.0,original,0.6363636363636364
2,1240,0,rear,4,finetune3,0.0859375,finetune3,6693.52990921336,finetune3,6109.398313677986,finetune,35.1722433610093,original,0.8774618775537051,original,0.40805494371211853,finetune3,6574.542533131877,original,0.8888888888888888,finetune,0.75
2,1245,0,rear,4,finetune3,0.03125,original,6473.658193473211,original,4883.208946750092,finetune2,149.96061215351335,finetune2,0.5272532802057858,original,0.5411763173469076,original,6673.8612342501,finetune3,0.5070422535211268,finetune3,0.40476190476190477
2,1290,0,rear,4,finetune3,0.04296875,finetune3,922.883982324004,finetune3,707.450313826499,finetune3,13.162749826298441,finetune3,0.4189847683916973,finetune,0.3130559505182887,finetune3,962.6234655644369,finetune3,0.6666666666666666,finetune3,0.6
2,1295,0,rear,4,original,0.0390625,original,65659.04263786765,original,63649.17114712077,finetune3,124.37880153379535,finetune3,1.0488112218430599,finetune3,0.9766120264759516,original,65565.49198052194,finetune3,0.75,finetune3,0.5714285714285714
2,1300,0,rear,4,original,0.05078125,finetune,38920.5798138789,finetune,38854.310811518226,finetune,14.202980382542133,finetune,0.6891989952450052,finetune,0.61240737840225,finetune,38908.548545502046,original,0.5882352941176471,original,0.6666666666666666
2,1305,0,rear,4,finetune3,0.01953125,original,171178.81541886402,original,166729.88931790646,finetune3,38.417405363712774,original,0.32327199551270813,original,0.23402213900397292,original,171616.68240244046,original,1.0,original,0.5833333333333334
2,1310,0,rear,4,original,0.0625,finetune,33092.915442028745,finetune,31669.354973415728,finetune3,53.79874041116957,finetune3,0.5059712370618963,finetune3,0.8654923373473091,finetune,32809.625027359376,finetune3,0.875,finetune3,0.5384615384615384
2,1315,0,rear,4,original,0.1171875,finetune,22090.36816950688,finetune,20787.31876229262,finetune3,81.42127178974252,finetune,0.9794570285225305,finetune3,0.9162483316509296,finetune,22422.96483339568,finetune,0.7777777777777778,finetune,0.55
2,1320,0,rear,4,original,0.0859375,finetune,24763.77116027286,finetune,23287.913997745258,original,82.17124860708847,original,1.7761502835378944,finetune3,0.7490874918163595,finetune,24425.229124722468,finetune,0.5454545454545454,original,0.6666666666666666
2,1325,0,rear,4,finetune2,0.0546875,finetune3,137041.04330127165,finetune3,132447.2128544154,original,40.01202328794211,finetune3,0.6295894592708825,finetune3,0.25533149370908476,finetune3,136816.8154799508,finetune3,1.0,finetune3,0.75
2,1330,0,rear,4,original,0.0703125,finetune3,30036.10853266618,finetune3,29224.579557492165,original,105.18610149117332,finetune2,0.580723606065904,finetune2,0.6082617635936798,finetune3,30190.942029398953,finetune3,0.75,finetune3,0.625
2,1335,0,rear,4,original,0.046875,finetune3,52298.93168747205,finetune3,50647.66131634079,finetune3,82.73033545003398,original,0.04559097184363406,original,0.6423672504245771,finetune3,52385.45813548505,original,0.8333333333333334,original,0.6
2,1340,0,rear,4,finetune,0.05859375,finetune2,53082.258317981534,finetune2,52403.11716496828,finetune2,43.86613332588586,finetune2,1.2879878198526713,finetune2,0.9193560005089498,finetune2,53316.85278465594,finetune,0.7777777777777778,finetune2,0.4375
2,1345,0,rear,4,finetune3,0.0859375,finetune,4813.98069270586,finetune,4786.775748763233,original,34.75535681404627,finetune3,1.859564066028115,finetune3,1.6242316616226549,finetune,4646.491247497816,finetune,0.6666666666666666,finetune3,0.6
2,1350,0,rear,4,finetune3,0.05859375,finetune,6074.03544763784,finetune,5387.479565435438,finetune3,28.68966240336392,finetune2,0.6284645094326451,finetune3,0.8998280119988052,finetune,6032.908171464554,finetune3,0.6206896551724138,original,0.4074074074074074
2,1610,0,rear,4,finetune3,0.0546875,finetune3,25989.55186413143,finetune3,23007.38078544906,original,173.4162016562098,finetune,0.8092048321954156,finetune2,0.7038780599566007,finetune3,25910.282776270713,finetune3,0.6153846153846154,finetune3,0.5606060606060606
2,1615,0,rear,4,finetune3,0.03125,finetune2,38764.15291628391,finetune2,37273.04500503937,finetune3,2.872469973037563,finetune,0.8049713360932822,finetune,1.3036901045233817,finetune2,38629.22034106101,finetune3,0.5294117647058824,finetune,0.4523809523809524
2,1620,0,rear,4,finetune3,0.0390625,original,729.320203240889,original,37.671147208544426,finetune2,18.283214094974365,finetune2,0.5055116013824803,finetune2,0.7206402789891434,original,2360.180312640711,finetune2,0.8888888888888888,original,0.8048780487804879
2,1625,0,rear,4,finetune3,0.046875,finetune3,35756.167941857166,finetune3,30481.63072157954,original,138.1834739442754,finetune,0.5367128005410127,finetune,0.38202463752429283,finetune3,35759.89590170216,finetune3,0.8636363636363636,finetune3,0.6567164179104478
2,1630,0,rear,4,finetune3,0.0234375,finetune3,131981.2406832493,finetune3,102179.54815370333,finetune3,97.01973197273087,finetune,5.616096533856027,finetune,6.034341227690134,finetune3,132291.42014232822,finetune,0.2823529411764706,finetune,0.20279720279720279
2,1690,0,rear,4,original,0.0390625,finetune3,25232.01737047142,finetune3,17673.188794371265,finetune,74.60010231097044,finetune,0.17282040384968056,finetune,0.9791196959750036,finetune3,24873.894608068545,finetune2,0.5909090909090909,finetune2,0.417910447761194
2,1695,0,rear,4,finetune3,0.046875,finetune2,3150.5730754152364,finetune2,3113.2885215614806,finetune,81.91620500679649,finetune3,2.314711041029513,finetune,2.3720484720225445,finetune2,3705.249812084387,finetune2,0.6,finetune2,0.4857142857142857
2,1700,0,rear,4,finetune3,0.00390625,finetune3,79506.92079816977,finetune3,78837.73286320834,finetune3,5.858713831398062,original,0.369513372241578,original,0.30012486222548296,finetune3,79524.3544744791,original,0.4666666666666667,finetune3,0.5909090909090909
2,1705,0,rear,4,original,0.0625,original,31295.489210895335,original,30448.09095189278,finetune,8.115460969145396,finetune3,1.2084771645157286,finetune3,1.3348537607992643,original,31833.692483404673,finetune,0.7142857142857143,finetune3,0.47058823529411764
2,1710,0,rear,4,finetune3,0.02734375,finetune2,9001.135758928383,finetune2,8115.215583817277,finetune,7.284386876780777,finetune,0.6251258241195776,finetune,0.385212809175676,finetune2,8975.93607157862,finetune,0.875,finetune,0.75
2,1715,0,rear,4,finetune2,0.0546875,original,4251.061240061927,original,2939.0409369125846,finetune3,49.37915845401746,finetune,0.575946485144237,original,1.0937873100380164,original,4684.917286050274,finetune2,0.6964285714285714,original,0.5714285714285714
2,1750,0,rear,4,finetune3,0.01953125,finetune3,137525.77307799464,finetune3,99456.07105862093,original,84.94326921911541,original,0.8223650344306508,original,0.47879486487918765,finetune3,137572.94884974268,finetune3,0.44,finetune3,0.52
2,1755,0,rear,4,finetune3,0.05078125,finetune2,21091.735014886624,finetune2,15857.331300814054,finetune,4.203182049188056,finetune,0.3725164519906602,finetune,0.7853699262452241,finetune2,21118.42288058814,finetune2,0.6111111111111112,finetune3,0.5
2,1760,0,rear,4,finetune3,0.08984375,finetune2,55773.408112987774,finetune2,39467.80148542015,original,20.627829527628034,finetune,0.5000920528422873,finetune2,0.4621921046120872,finetune2,55860.80174390062,finetune3,0.625,finetune3,0.5909090909090909
2,1900,0,rear,4,finetune3,0.109375,original,1803.5312248001117,original,1308.1257881006459,finetune2,55.216474589526776,finetune3,0.16219125122777603,original,0.16551576960733666,original,2367.844476200249,finetune3,0.9,original,0.6521739130434783
2,1975,0,rear,4,finetune3,0.03515625,finetune3,28254.300655843967,finetune3,24337.391281443415,original,143.81101777449712,finetune3,0.4958486607576799,finetune3,0.545921751185119,finetune3,28295.97044758203,finetune3,0.7777777777777778,finetune3,0.4
2,1980,0,rear,4,finetune3,0.046875,finetune3,24044.415728693963,finetune3,22641.97275206202,finetune3,140.3858558566162,original,0.07831132765616242,original,0.15046605809338937,finetune3,24369.290989737212,original,0.4166666666666667,original,0.375
2,1985,0,rear,4,finetune3,0.03125,finetune3,8685.360697761374,finetune3,8489.182818025118,original,77.52238608181851,original,0.629405920397929,original,0.21617345633539056,finetune3,8949.387226693469,finetune3,0.5714285714285714,finetune3,0.5714285714285714
2,1990,0,rear,4,original,0.0390625,finetune3,11495.649292981441,finetune3,11369.981584705762,finetune3,11.821106088450847,finetune,0.2071362711957677,finetune3,0.9306498412731793,finetune3,11490.875514426363,finetune2,0.36363636363636365,finetune2,0.42857142857142855
2,1995,0,rear,4,finetune3,0.02734375,finetune2,269906.26661508606,finetune2,263715.66075025965,finetune3,76.4415135118291,original,0.3481992809099063,original,0.21317553654289972,finetune2,269724.84694166365,original,0.5,original,0.5
2,2000,0,rear,4,finetune3,0.00390625,original,380289.9644734415,original,367360.0582497142,original,70.07307263044812,original,0.30832932435468985,original,0.19650146199533336,original,380517.9524645245,original,0.3333333333333333,original,0.625
2,2005,0,rear,4,original,0.03515625,finetune3,196174.36549366257,finetune3,192184.82875818026,original,66.5817753027857,finetune3,1.5297364377063858,finetune2,0.3785561648899636,finetune3,196391.74969440245,finetune3,0.42857142857142855,finetune3,0.4
2,2010,0,rear,4,finetune3,0.02734375,finetune2,332435.03816245706,finetune2,326966.47761109355,finetune3,69.68344989370715,original,0.20077173434505025,original,0.17307251589479494,finetune2,332211.74054525763,finetune3,0.5,finetune3,0.5
2,2015,0,rear,4,original,0.0,original,342973.27802387637,original,327371.7235450947,original,76.60889835155086,original,1.2531689757114757,original,0.9962635459200819,original,343191.6875267874,original,0.23529411764705882,original,0.2727272727272727
2,2020,0,rear,4,finetune3,0.05859375,original,25875.41586666113,original,21506.833610487403,finetune,122.81654408214148,finetune2,0.18851011212915803,finetune,0.34571607233841894,original,26129.011394515164,original,0.8333333333333334,original,0.7142857142857143
2,2300,0,rear,4,finetune3,0.0625,original,49579.20656413296,original,42559.75667592458,original,72.55394642349908,finetune3,0.5715896840362387,finetune3,0.5869120599914409,original,49652.55773249348,finetune,0.9230769230769231,finetune3,0.6
2,2305,0,rear,4,finetune3,0.08984375,original,9127.608760136372,original,9120.489048701304,finetune,137.62482937775073,finetune2,1.0861051424124033,finetune2,1.1194469950264667,original,9668.56221705193,finetune3,0.4772727272727273,finetune2,0.45
2,2310,0,rear,4,finetune3,0.09375,original,104463.63480917492,original,103653.48904568987,original,31.02035492508972,finetune3,0.7633623454697053,finetune3,0.29510453148693777,original,104415.6153083088,finetune3,0.5,finetune3,0.7777777777777778
2,2315,0,rear,4,finetune3,0.0234375,finetune2,79401.40272522884,finetune2,79321.53305474448,finetune,37.86427663823383,finetune,1.0722799885575365,finetune,1.2463945763496302,finetune2,79366.0242878124,finetune2,0.4,finetune,0.4
2,2320,0,rear,4,finetune3,0.015625,finetune3,30514.878076918645,finetune3,30371.007437511696,finetune3,28.940199005774307,original,0.8437939978338163,original,0.9963050611620555,finetune3,30542.11460308219,finetune3,0.4444444444444444,finetune3,0.4444444444444444
2,2325,0,rear,4,finetune2,0.07421875,finetune,96324.28072868721,finetune,94751.20036020747,finetune3,126.18897725248395,finetune3,0.1633438577214338,finetune3,0.11633400829788404,finetune,95846.14724603987,finetune3,1.0,original,0.6666666666666666
2,2330,0,rear,4,finetune,0.03125,finetune3,627708.2472610001,finetune3,612800.9592742665,finetune3,93.32989007064903,original,0.22197234414267522,finetune2,0.6517987427564474,finetune3,628098.8451259715,original,0.0,original,0.0
2,2335,0,rear,4,finetune3,0.02734375,finetune3,21377.616662094268,finetune3,20268.115397476824,original,88.36349173557875,original,0.8016547165068263,original,0.2626239511948558,finetune3,21725.716274264945,original,0.875,original,0.5714285714285714
2,2340,0,rear,4,finetune3,0.05078125,finetune3,57068.96574669709,finetune3,53866.94291943684,finetune3,118.19781623241808,original,0.399478631229681,original,0.35528658377156885,finetune3,56963.71488646531,finetune3,0.625,finetune2,0.75
2,2345,0,rear,4,finetune3,0.08203125,original,21834.19080215223,original,20419.029934040154,finetune2,37.56166045295872,finetune3,0.5817819298066623,finetune,0.7320119051520588,original,21793.156033735737,finetune2,0.5833333333333334,finetune3,0.6
2,2350,0,rear,4,finetune3,0.06640625,finetune3,12628.96743333865,finetune3,12060.21573602804,finetune3,85.09950509615156,original,0.16200681755617224,original,0.21616733613518496,finetune3,12760.768317932552,finetune3,0.5714285714285714,finetune3,0.5714285714285714
2,2355,0,rear,4,original,0.0,original,123838.50453032844,original,116191.37619604473,original,157.68672999163775,original,0.5345622844981065,original,0.1500724044492949,original,124282.98441088274,original,0.6666666666666666,original,0.1111111111111111
2,2360,0,rear,4,finetune3,0.05078125,finetune,96825.86700218503,finetune,90980.72941018979,finetune,20.69338829085421,finetune,0.9336875544918029,original,1.0238930187931823,finetune,96786.30315917447,finetune3,0.75,finetune3,0.4166666666666667
2,2365,0,rear,4,finetune3,0.09765625,finetune,45372.76120539781,finetune,43823.36087169382,finetune,25.69587824114748,original,0.2021447836215336,original,0.18341334994384542,finetune,45327.367288425055,finetune2,1.0,finetune2,0.8571428571428571
2,2370,0,rear,4,finetune3,0.0078125,finetune3,313074.35021303646,finetune3,313043.22512856766,finetune3,140.42654572199584,finetune3,0.7907197674578036,finetune3,1.0748892891772244,finetune3,313535.8119477987,finetune3,0.375,original,0.3
2,2375,0,rear,4,finetune3,0.0234375,finetune,216180.77942395466,finetune,205898.3979549294,finetune3,120.1717354358664,original,0.3249471474017206,original,0.14522289434635102,finetune,215740.55185675973,finetune2,0.5,original,0.5
2,2380,0,rear,4,finetune3,0.0078125,finetune3,67131.27667637578,finetune3,55836.98122352711,original,101.33252730610027,original,0.32640817088325896,original,0.26261583170879066,finetune3,66755.65997063246,finetune3,0.5555555555555556,original,0.35714285714285715
2,2542,0,rear,4,finetune3,0.02734375,original,11808.730214226893,original,11494.988339137037,finetune,70.34174740864312,finetune3,1690.1357781885936,finetune2,3.9441084371363715,original,11573.233048320732,finetune3,0.9086253800608097,original,0.3917195182783439
2,2553,0,rear,4,finetune3,0.04296875,original,15467.411404234577,original,12246.316925688257,finetune,49.84920494167158,finetune3,438.2239889992095,finetune3,9.573792285963952,original,15155.077254835167,finetune3,0.83325162063518,finetune3,0.47498678879689976
2,2558,0,rear,4,finetune3,0.1328125,finetune3,3366.61503528374,finetune3,2416.2726165426157,finetune3,157.2218509385525,finetune3,62.000455501473084,finetune3,56.46112295754645,finetune3,3346.4017982491887,finetune3,0.779278483992467,finetune3,0.4921170524381138
2,2563,0,rear,4,finetune3,0.0703125,finetune3,1579.5555479461734,finetune3,1441.1135839842245,finetune,113.55161853091465,finetune3,15.590603987920213,finetune3,24.030050701962523,finetune3,2698.734454485748,finetune3,0.6671875,finetune3,0.5321431278902282
2,2568,0,rear,4,finetune3,0.25390625,finetune3,504.43090975402237,finetune3,446.60406965729635,finetune3,12.954997820260772,finetune3,7.909462068696419,finetune3,3.0520962486407757,finetune3,571.5099865621524,finetune3,0.6815323041738136,finetune3,0.5736198707467103
2,2573,0,rear,4,finetune3,0.27734375,finetune3,523.5239985656525,finetune3,519.7470578854518,finetune,6.396381796620265,finetune3,3.7400857298514967,finetune2,3.753094024508378,finetune2,1248.9860717691918,finetune3,0.8154689403166869,finetune3,0.6697782963827305
2,2578,0,rear,4,finetune3,0.27734375,original,130.77232331431,original,103.52533678055988,finetune2,7.987976590404033,finetune3,2.983849410293363,finetune2,0.9712087599621293,original,222.50352691701633,finetune3,0.8695652173913043,finetune3,0.6877882152006832
2,2583,0,rear,4,finetune3,0.27734375,finetune3,1390.374146346782,finetune3,1339.514400756685,finetune3,15.178962289235969,finetune3,2.6359243377787998,finetune3,1.8360402958548179,finetune3,1429.8301164173245,finetune3,0.7154546502247321,finetune3,0.5585392051557465
2,2588,0,rear,4,finetune3,0.24609375,finetune3,2031.262152112783,finetune3,1960.040244655891,finetune2,114.13608860350185,finetune3,2.138179051320515,finetune3,3.9061728700192218,finetune3,2812.4271805250173,finetune3,0.6855300859598854,finetune3,0.5604124635731899
2,2593,0,rear,4,finetune3,0.3125,original,488.15574996197,original,447.7368793870446,finetune,28.930015995285622,original,1.6133084535771334,finetune,0.888632357552154,finetune2,851.2477451378917,finetune,0.5501110981171793,finetune2,0.4827295703454086
2,2598,0,rear,4,finetune3,0.18359375,finetune2,1029.500332450354,finetune3,974.8365689748316,finetune3,24.09587197089259,finetune3,1.2561589103577595,finetune2,2.543955067528103,finetune2,1158.045170709719,finetune,0.6074938574938575,finetune3,0.4930966469428008
2,2603,0,rear,4,finetune3,0.24609375,finetune3,670.6000955119404,finetune3,595.9743431086827,finetune2,24.38617781001687,finetune2,3.2233090534611146,finetune2,1.0729132129767716,original,1622.411818589337,finetune3,0.7870370370370371,finetune3,0.5691868758915835
2,2608,0,rear,4,finetune3,0.27734375,finetune3,3737.835932602951,finetune3,3606.1175629418503,original,110.73247437990632,finetune3,2.350122682279768,finetune3,3.421801497366933,finetune3,3627.3472160645515,finetune3,0.7396870554765291,finetune3,0.6165616561656165
2,2613,0,rear,4,finetune3,0.234375,finetune3,4685.2305997044705,finetune3,4546.956965839236,finetune2,163.57642796641792,finetune2,1.4131682677707211,original,2.5765735232286975,finetune3,4384.976628111892,finetune,0.7133805441669773,original,0.6485436893203883
2,2618,0,rear,4,finetune3,0.26171875,finetune3,5111.142644045471,finetune3,5091.715883805497,finetune,111.42017611870652,finetune3,3.627514285070657,finetune3,3.3620268210898114,finetune3,4760.288000565012,finetune3,0.8169934640522876,finetune3,0.7250199840127898
2,2623,0,rear,4,finetune3,0.17578125,finetune3,6647.33964190889,finetune3,6596.774415648993,finetune3,3.847830158933019,finetune3,1.8297961734083354,finetune3,0.9589276737954604,finetune3,6644.019676785955,finetune3,0.7464454976303317,finetune3,0.7253384912959381
2,2628,0,rear,4,finetune3,0.2265625,finetune3,7095.639014939874,finetune3,7037.830630998062,finetune2,101.51817571489374,finetune3,0.9561373949593525,finetune3,2.165032831465687,finetune3,6681.083037231021,finetune3,0.7885682574916759,finetune3,0.6947996589940324
2,2633,0,rear,4,finetune3,0.21484375,finetune3,4827.663734931934,finetune3,4647.682542495117,finetune3,14.527778071437476,finetune3,1.3095923813148502,finetune3,0.9093790999884614,finetune3,4832.6387144689725,finetune3,0.7079488999290277,finetune3,0.5993111366245695
2,2638,0,rear,4,finetune3,0.21484375,finetune3,410.516153069551,finetune3,381.61426142131677,finetune2,29.920000201215036,finetune3,2.4259642416775358,finetune,1.4888217734787215,finetune2,1013.9198906224141,original,0.7324155193992491,original,0.5691382765531062
2,2643,0,rear,4,finetune3,0.1171875,finetune,13384.19470368692,finetune,11824.60686318846,finetune,100.74711509174323,original,2.6625077813169735,original,0.4155890357820936,finetune,13218.156726904996,original,0.5867346938775511,finetune3,0.48490048043925876
2,2648,0,rear,4,finetune3,0.1484375,finetune,8947.45557654179,finetune,8425.20979903591,finetune,16.49994263273673,finetune3,4.48178640300769,finetune3,2.8336439795538513,finetune,8964.17683628263,finetune2,0.6803840877914952,finetune3,0.5879741727199355
2,2653,0,rear,4,finetune3,0.1953125,finetune3,2413.446695815276,finetune3,2358.7808746951196,finetune3,22.751958655766924,finetune3,4.264138339614488,finetune3,2.9497998437465984,finetune3,2467.1900590928362,finetune3,0.7885615251299827,finetune3,0.5834692767808591
2,2653,1,rear,4,finetune3,0.04296875,finetune3,59473.51386978446,finetune3,43906.06188424872,finetune3,111.14583086010965,finetune3,0.13060784916046325,finetune3,0.8015754185988861,finetune3,59563.811137192366,finetune3,0.7368421052631579,finetune3,0.5
2,2658,0,rear,4,finetune3,0.1875,finetune3,4136.698361952738,finetune3,4105.520259013356,finetune3,14.268800665801164,finetune3,3.0198756171634638,finetune3,2.5724844202225725,finetune3,4151.817982494784,finetune3,0.9216695254431103,finetune3,0.7076271186440678
2,2658,1,rear,4,finetune3,0.05078125,finetune3,10555.656871904006,finetune3,9276.575533851457,finetune3,46.526822356112845,finetune2,1.8193027766496144,finetune2,1.8794755195014774,finetune3,10758.1328377972,finetune3,0.8181818181818182,finetune3,0.609375
2,2663,0,rear,4,original,0.1015625,original,18696.68460651062,original,18646.260753700306,original,76.09018783735225,finetune2,4.299147473776023,finetune2,4.243803894312153,original,18764.0811085224,original,0.7254534083802376,original,0.4872695346795435
2,2663,1,rear,4,finetune3,0.08984375,finetune,40794.375380893114,finetune,36920.8919567953,finetune,116.86726927183086,finetune,0.3560709095041344,finetune,0.4069810380418595,finetune,41241.16286560384,finetune,0.8333333333333334,finetune,0.6129032258064516
2,2668,0,rear,4,finetune3,0.1953125,finetune3,5149.920391631957,finetune3,5147.95647695048,finetune,103.70961365849892,finetune3,1.9248053852499214,finetune2,1.749474140750405,finetune3,4799.131760025028,finetune3,0.7398373983739838,finetune3,0.7272727272727273
2,2668,1,rear,4,finetune3,0.05859375,original,205965.93300538955,original,190312.69754925667,finetune3,110.57516427600397,finetune,0.2588904643430997,finetune,0.012697622704556726,original,206388.40036217446,original,0.8,finetune3,0.6111111111111112
2,2673,0,rear,4,finetune3,0.171875,finetune3,6872.601540793761,finetune3,6861.387011341903,original,85.10046656975209,finetune3,1.6168264427693284,finetune3,2.7408015896293,finetune3,6457.826029188375,finetune3,0.7543103448275862,finetune3,0.7248322147651006
2,2673,1,rear,4,finetune3,0.0625,original,228035.6664507332,original,210290.98628772225,original,87.79674382209055,finetune3,1.276865124426379,finetune3,1.4010454247643027,original,228219.81976949782,finetune,0.5,finetune,0.35714285714285715
2,2678,0,rear,4,finetune3,0.234375,finetune3,7681.150879987787,finetune3,7643.12836115298,finetune3,6.2093274981804525,finetune3,1.4984358685797603,finetune3,0.7984533625442045,finetune3,7681.227943137893,finetune3,0.7730061349693251,finetune3,0.7084639498432602
2,2678,1,rear,4,finetune3,0.02734375,original,202378.92222124917,original,182086.52281718887,original,26.459740483676267,original,0.17583526308359596,original,0.15007438850184765,original,202407.35095092544,original,0.6666666666666666,original,0.6666666666666666
2,2683,0,rear,4,finetune3,0.31640625,finetune3,4277.484447029499,finetune3,4272.11512309574,original,106.25215200062242,finetune3,1.6076902035835965,finetune3,3.0820850814557423,finetune3,4036.0309578422693,finetune3,0.7846003898635477,finetune3,0.7320028510334996
2,2683,1,rear,4,original,0.0,original,146505.16080599377,original,134675.70817160467,original,24.442237380534237,original,0.3034412837220221,original,0.15007439037732875,original,146529.2930079942,original,0.6666666666666666,original,0.625
2,2688,0,rear,4,finetune3,0.328125,finetune3,6935.7238920477275,finetune3,6909.351115352943,finetune2,75.50735936185055,finetune3,0.5958995773192849,finetune3,2.876739074311709,finetune3,6525.818002971354,finetune3,0.6616915422885572,finetune3,0.6385654401490451
2,2688,1,rear,4,original,0.0,original,123485.74710154449,original,111139.00340067392,original,30.03202919829512,original,0.2872393727572498,original,0.1500742297754689,original,123515.04909863295,original,0.6666666666666666,original,0.5454545454545454
2,2693,0,rear,4,finetune3,0.30078125,finetune2,411.11302760835525,finetune2,393.6436553458552,finetune2,23.063174421008576,finetune3,3.2877649072859407,finetune,0.7319501627351033,finetune2,681.8162290742869,original,0.6277694235588972,finetune,0.5188207861425717
2,2698,0,rear,4,finetune3,0.171875,finetune,66.31567515739557,finetune,43.53181370088714,finetune2,47.658968393924305,finetune,2.1369818669856864,finetune,6.84243974194396,finetune,1076.4920925108825,finetune,0.6372821419550392,finetune,0.48023554893732234
2,2707,0,rear,4,original,0.0859375,original,29408.849570396385,original,21830.22388047354,finetune,34.01158930524852,finetune2,128.87069135570022,original,1.7445343135746472,original,29404.828095488276,finetune2,0.6530194472876152,finetune2,0.5409729023832843
2,2712,0,rear,4,finetune3,0.12109375,finetune3,408.19565234552283,finetune3,203.6481980652061,original,21.59083589451781,original,13.911379859132152,original,19.791366141177313,finetune3,650.0067993764911,original,0.455148230793752,finetune,0.42568477772788504
2,2717,0,rear,4,finetune3,0.13671875,finetune3,2722.294595481582,finetune3,2563.907194864496,finetune,135.43088527600582,finetune3,4.318344999953306,finetune,7.538378741133361,finetune3,3061.620005303158,finetune2,0.7366226546212647,finetune3,0.5390003183699459
2,2722,0,rear,4,finetune3,0.1796875,finetune3,11629.174149911621,finetune3,11430.80541655633,finetune2,88.34079454888779,finetune3,2.6882272960560156,finetune2,2.1968668144982284,finetune3,11179.241248588742,original,0.5745290745290745,finetune3,0.5483415666901905
2,2727,0,rear,4,finetune3,0.234375,finetune3,1508.36534788904,finetune3,1508.0976526166705,finetune3,9.64390608165479,finetune3,1.8585691392440555,finetune3,1.4252503765671012,finetune3,1529.125837008146,finetune3,0.8078817733990148,finetune3,0.6557377049180327
2,2732,0,rear,4,finetune3,0.125,finetune2,50665.698998772095,finetune2,50599.79702883429,finetune3,127.12889635590113,finetune3,1.712864086435418,finetune3,1.2740929147521025,finetune2,50695.44550754408,finetune3,0.5890547263681593,finetune3,0.5660377358490566
2,2737,0,rear,4,finetune3,0.1171875,finetune3,41455.732127073985,finetune3,41421.70949020143,original,61.03007651795459,original,3.3791002040853124,finetune3,3.5008282188807844,finetune3,40982.75116325556,original,0.6811926605504587,finetune3,0.6061776061776062
2,2742,0,rear,4,finetune3,0.1796875,finetune3,7948.001595142843,finetune3,7945.04123998373,finetune3,1.0624425227627632,finetune3,0.13468891391339727,finetune3,0.8013736604624906,finetune3,7947.707469212404,finetune3,0.7428571428571429,finetune3,0.7542997542997543
2,2747,0,rear,4,finetune3,0.140625,finetune3,73210.65944195175,finetune3,73186.66450347827,finetune,90.06335819415116,original,3.7954254108583285,original,3.399076184364383,finetune3,72906.6451750915,original,0.48639455782312924,finetune,0.4654255319148936
2,2752,0,rear,4,finetune3,0.12109375,finetune2,61454.72223762003,finetune2,61425.827569964225,finetune,59.254180348030346,finetune3,2.044745654688713,finetune3,1.2694743266935176,finetune2,61517.474122072075,original,0.6489859594383776,finetune2,0.5465686274509803
2,2757,0,rear,4,finetune3,0.16015625,original,46277.269178259594,original,46254.92233943875,finetune2,148.57711055407097,finetune3,2.9745504594025247,finetune3,2.894744738749437,original,45815.83083637392,original,0.5168539325842697,finetune2,0.4738562091503268
2,2762,0,rear,4,finetune3,0.09765625,finetune2,47679.06190318416,finetune2,47674.395401683316,finetune,65.45799686784628,finetune3,2.9157071618016257,finetune3,2.7338146833043577,finetune2,47456.6374454385,finetune2,0.4855687606112054,finetune,0.48091603053435117
2,2767,0,rear,4,finetune,0.13671875,finetune3,29378.37875912278,finetune3,29323.656627172022,original,103.40963931472521,original,1.4642659370701634,original,1.133134669899367,finetune3,28883.527945318474,finetune3,0.6528189910979229,finetune3,0.5757575757575758
2,2772,0,rear,4,finetune3,0.09765625,finetune2,103447.6395995361,finetune2,103203.02825049519,finetune3,111.56204383778763,finetune3,2.417068067846093,finetune3,1.989283739629174,finetune2,102886.00387566524,finetune,0.6,finetune,0.5517241379310345
2,2777,0,rear,4,finetune3,0.09375,finetune,76562.92941940148,finetune,76339.8117053592,finetune,71.55132199703613,finetune,1.682415209792365,finetune,1.3647565773206602,finetune,76607.34737135321,finetune,0.6434540389972145,finetune,0.6140350877192983
2,2782,0,rear,4,original,0.0703125,finetune2,7441.180218380398,finetune2,7351.053397900148,finetune,91.70350744285884,finetune,0.7534432803220227,finetune,1.0536989547977673,finetune2,7520.551484153452,finetune,0.4560260586319218,original,0.498220640569395
2,2787,0,rear,4,original,0.08984375,finetune2,20400.57049075973,finetune2,20322.87936393857,finetune2,40.08667341032645,finetune,3.485096932534314,finetune,3.8817581101900696,finetune2,20410.40235020242,finetune,0.5513784461152882,finetune3,0.5215686274509804
2,2792,0,rear,4,original,0.0625,original,2031.093626692148,original,798.8940592426807,finetune,41.056709913779414,finetune,1.897713836686045,finetune,1.634835968535618,original,2501.6863253584424,finetune2,0.5978260869565217,finetune,0.4358974358974359
2,2797,0,rear,4,original,0.078125,finetune2,56685.0267966847,finetune2,56228.17955821316,finetune3,54.613265915203776,finetune3,2.2597669094859647,finetune3,2.1901773573628747,finetune2,56355.387591502025,finetune2,0.5128205128205128,finetune,0.48743718592964824
2,2802,0,rear,4,finetune3,0.14453125,original,45818.608787089564,original,45292.308089987695,finetune2,52.799496263994726,finetune2,1.8752783871799634,finetune2,1.4714345070301604,original,45505.281139420054,original,0.6333333333333333,original,0.5615384615384615
2,2807,0,rear,4,original,0.09375,original,14714.005056868633,original,14573.150825930788,finetune,140.75300599473644,original,3.0885524559912914,original,3.045764743713948,original,14804.359077359224,original,0.4954627949183303,finetune3,0.37967914438502676
2,2812,0,rear,4,finetune3,0.14453125,finetune2,28147.669446418287,finetune2,27792.33013833777,original,72.6282320116861,finetune2,1.6135343851264843,finetune2,1.202572326919868,finetune2,28164.368709147595,original,0.5856481481481481,original,0.572463768115942
2,2817,0,rear,4,finetune3,0.11328125,finetune2,48466.25553648757,finetune2,47970.56419649473,finetune3,51.122497994562075,finetune,1.2365627595424558,finetune,0.6161846941232287,finetune2,48167.50227139139,finetune3,0.605,finetune2,0.5037593984962406
2,2822,0,rear,4,original,0.14453125,finetune,24120.88706898815,finetune,24037.111028578787,finetune2,119.07749570107269,finetune2,1.95367177401634,finetune2,1.4823037504100998,finetune,23754.630265656535,finetune2,0.7950617283950617,finetune2,0.5866141732283464
2,2827,0,rear,4,finetune3,0.1875,finetune3,10351.477354485683,finetune3,10320.22073338079,original,157.8506969986936,finetune3,1.387182984110917,finetune3,0.9812424282014054,finetune3,9902.26192744052,finetune3,0.8478260869565217,finetune3,0.7363636363636363
2,2832,0,rear,4,finetune2,0.1328125,original,20409.084694612146,original,19789.161522226583,finetune,19.838060274323734,finetune2,0.8139312515866637,finetune2,1.3227001378487528,original,20379.05484925247,original,0.8235294117647058,original,0.63
2,2837,0,rear,4,finetune3,0.16015625,finetune3,37910.61714347347,finetune3,35261.18665361721,finetune,152.78721226460976,finetune3,3.296997322857847,finetune3,3.945611804621475,finetune3,37421.5947241263,original,0.5109826589595375,original,0.5116696588868941
2,2842,0,rear,4,finetune3,0.1328125,original,21286.85888200223,original,18275.573213808995,original,103.96377632363276,finetune,4.757011899271965,finetune,3.4185377830902417,original,21302.02819587761,finetune3,0.7453271028037384,finetune3,0.5457809694793537
2,2847,0,rear,4,finetune3,0.10546875,finetune,387.57234329752515,finetune,372.60476272074084,finetune3,82.72736667888277,finetune3,8.356909199048763,finetune2,7.21516587472888,finetune,2002.8958287593227,finetune2,0.6523415977961432,finetune2,0.5263600673022995
2,2868,0,rear,4,finetune3,0.05859375,finetune3,998545.8658351448,finetune3,701218.9070388069,finetune2,88.05807630896257,finetune2,101.6820595655657,original,0.7175139909129185,finetune3,998343.7989068056,original,1.0,original,0.625
2,2873,0,rear,4,finetune3,0.125,finetune2,1219.799878066109,finetune2,684.2080413587901,finetune,19.69491885135877,original,9.297871481192283,original,10.984908470436439,finetune2,1359.2569763719894,finetune2,0.5024422735346359,original,0.39807102148180623
2,2878,0,rear,4,finetune3,0.11328125,finetune3,1984.600868862872,finetune3,1822.6994136276699,finetune3,14.306462552046796,original,3.8332712327888125,original,4.938737417198436,finetune3,2026.1201486661791,finetune,0.7926322043969103,finetune2,0.5704989154013015
2,2883,0,rear,4,finetune3,0.12109375,finetune2,14479.292219964145,finetune2,14469.773035854625,finetune,133.0591367973606,original,3.8689201943984846,original,3.7225661449779066,finetune2,14045.447376997274,finetune2,0.7011070110701108,finetune2,0.518664047151277
2,2888,0,rear,4,finetune3,0.125,finetune3,44788.36681125865,finetune3,44533.286780351875,finetune2,81.45892697423395,original,1.4899569113612483,finetune,0.810702808571775,finetune3,44308.317947531126,original,0.5778210116731517,original,0.6053511705685619
2,2893,0,rear,4,finetune3,0.17578125,original,24945.746394560607,original,24450.14591314792,original,40.55675487180822,finetune2,0.38975681620993746,finetune2,0.6018961624690372,original,24982.455170300876,finetune2,0.5852090032154341,finetune,0.6007604562737643
2,2898,0,rear,4,finetune3,0.125,original,76927.87352652097,original,73902.5924150434,finetune3,98.71128938745831,finetune3,1.7967284557755998,finetune3,1.447593103786969,original,76989.77758203108,original,0.7272727272727273,original,0.6170212765957447
2,2903,0,rear,4,finetune2,0.1640625,finetune3,45033.893743830886,finetune3,42800.92769864666,finetune,50.04283926210395,finetune,0.7679928669542964,finetune,0.6872288668429601,finetune3,44900.816678587296,finetune2,0.75,finetune3,0.5637755102040817
2,2908,0,rear,4,finetune3,0.18359375,finetune3,44285.06364947196,finetune3,39028.73369910587,finetune3,139.80678454407771,original,2.069901383120065,original,1.3789397957745215,finetune3,43873.545573759984,original,0.7487684729064039,original,0.5541284403669725
2,2913,0,rear,4,finetune3,0.12109375,finetune3,5140.355317998937,finetune3,3706.0900072545483,finetune3,26.711856028683,finetune,3.807352516116935,finetune,3.5697696732200663,finetune3,5174.465204595719,finetune2,0.8093278463648834,finetune,0.6432889963724304
2,2918,0,rear,4,finetune3,0.11328125,finetune2,7834.099122789816,finetune2,5881.790917608392,finetune3,34.964151422600395,finetune2,2.875816743984733,finetune2,3.743534383793177,finetune2,7876.03275881545,finetune2,0.647673314339981,finetune3,0.5521739130434783
2,2923,0,rear,4,finetune3,0.125,original,902.2703043034112,original,803.6731805436211,finetune,19.638492104423673,finetune3,2.7458715399491007,finetune3,2.850566372571721,original,1260.029404685051,original,0.6642335766423357,finetune2,0.5888429752066116
2,2928,0,rear,4,finetune3,0.1484375,finetune3,618.8039384870652,finetune3,529.2858192853382,finetune2,91.07701454407801,finetune,1.111596772942174,original,0.901769754311573,finetune3,2032.5615532230072,finetune,0.748898678414097,finetune,0.5829428303655108
2,2933,0,rear,4,finetune3,0.14453125,finetune,1494.962100390647,finetune,1228.621501513393,finetune,17.504350093182126,finetune3,1.168090325511583,finetune3,1.1115176019590745,finetune,1551.9611641013923,original,0.7245632065775951,original,0.6418685121107266
2,2938,0,rear,4,finetune3,0.1796875,finetune,45203.09047925729,finetune,45053.503739052074,finetune,110.76925880345215,finetune3,0.4545233774641532,finetune,0.633322769908369,finetune,44814.34185841781,finetune3,0.6986899563318777,finetune2,0.61003861003861
2,2943,0,rear,4,finetune3,0.09375,finetune3,74311.5235037417,finetune3,74257.88360625967,finetune,50.45980498365279,original,2.5051809975357227,original,2.6648932669509398,finetune3,74148.54489654498,original,0.5641025641025641,finetune3,0.48717948717948717
2,2948,0,rear,4,original,0.07421875,finetune,25524.00328815887,finetune,25516.633995938057,finetune,18.178079053516726,finetune,1.6071371634654823,finetune,2.203942925756784,finetune,25518.698893885674,finetune2,0.6375,finetune,0.4713375796178344
2,2953,0,rear,4,original,0.078125,original,44597.99344938428,original,42307.486438691674,finetune,74.82496803698952,finetune,2.293949109478178,finetune,1.4836938565470081,original,44318.18689146678,original,0.5,original,0.507537688442211
2,2958,0,rear,4,finetune3,0.16015625,original,51267.971788320545,original,43754.18349204946,finetune3,96.29370848600162,finetune3,2.079714631533791,finetune3,1.5757052260033106,original,50932.878164601134,finetune2,0.5106382978723404,finetune3,0.49065420560747663
2,2963,0,rear,4,finetune3,0.1640625,original,15312.553110548513,original,12099.384618877084,finetune3,24.508813045526583,finetune3,1.1179263787020475,finetune3,1.2772082328618417,original,15036.41276831994,finetune3,0.7190812720848057,finetune3,0.6253776435045317
2,2968,0,rear,4,finetune3,0.1171875,finetune,1811.4579855287784,finetune,1499.647223742053,finetune,87.06162011598799,finetune,1.5013712742838545,finetune,1.3817860174338974,finetune,2139.5222601808955,finetune,0.5986842105263158,finetune,0.5115131578947368
2,2973,0,rear,4,finetune3,0.1171875,finetune2,1917.2049181769983,finetune2,1626.5843302397843,finetune,29.061199136604113,finetune2,0.1515596692784603,finetune,0.21187683284056028,finetune2,1940.151013772228,finetune,0.8161290322580645,finetune,0.7058823529411765
2,2978,0,rear,4,finetune3,0.0625,finetune3,3149.65643119465,finetune3,3070.7574201172392,finetune3,21.75985181300121,finetune2,0.7673308531090819,finetune2,0.8102203951160502,finetune3,3150.499248069623,finetune2,0.8482328482328483,finetune2,0.5568513119533528
2,2983,0,rear,4,finetune3,0.0625,finetune3,2992.484230231979,finetune3,2749.8664821087004,finetune3,11.288803877139797,original,2.3003399767366184,original,2.2271880366049235,finetune3,3013.520093338262,finetune2,0.7142857142857143,finetune3,0.532967032967033
2,2988,0,rear,4,finetune3,0.140625,finetune2,72155.34014438505,finetune2,70739.10154242435,finetune3,105.03306253811542,finetune3,0.91580991569945,finetune3,0.5315192141351717,finetune2,71943.13701113602,original,0.8195121951219512,finetune3,0.5603448275862069
2,2993,0,rear,4,finetune3,0.09765625,original,21729.304706015668,original,21462.811111476418,original,39.520293578600786,original,0.6170691045360328,original,0.13857448072289116,original,21709.18115815528,finetune,0.7325581395348837,finetune,0.5785123966942148
2,2993,1,rear,4,original,0.0390625,finetune3,107325.2105766463,finetune3,81819.53235251934,original,97.64061195012397,finetune2,0.4160577682118892,finetune,0.40311012143624264,finetune3,107303.64994542634,original,0.5514705882352942,original,0.5357142857142857
2,2998,0,rear,4,finetune3,0.04296875,finetune,47178.25413533545,finetune,46371.96654244687,finetune3,59.27221893406938,original,2.12051596828959,original,1.9411531655360794,finetune,46802.901584924926,finetune,0.35944700460829493,finetune,0.43548387096774194
2,2998,1,rear,4,original,0.0625,finetune,36047.24230728215,finetune,30748.96811981505,finetune2,81.12815820817154,finetune3,0.6495223586617623,finetune3,0.4289996875450806,finetune,36407.68299109436,finetune,0.5294117647058824,finetune3,0.5
2,3003,0,rear,4,finetune3,0.1171875,original,52084.625430434586,original,51652.56268506689,finetune,46.939830090300816,finetune3,1.7237132152526071,finetune3,1.5118582879056457,original,51872.81497812178,original,0.5121951219512195,finetune,0.5595238095238095
2,3003,1,rear,4,finetune2,0.078125,finetune2,46403.084257766866,finetune2,41534.19964107906,original,109.12327532905869,finetune3,0.3721874347427249,finetune3,0.2183370497800003,finetune2,46847.471733666316,original,0.8888888888888888,original,0.5263157894736842
2,3008,0,rear,4,original,0.03515625,original,17810.46765233037,original,17762.19559423215,finetune,77.59517854583144,finetune3,2.640366165363283,finetune,2.4095681277674985,original,17587.3065670138,finetune2,0.5691056910569106,finetune2,0.4588235294117647
2,3008,1,rear,4,original,0.09765625,finetune3,68304.55655971754,finetune3,63027.01905626163,finetune3,91.2714245233535,finetune3,0.24209818203407255,finetune3,0.15932798522939962,finetune3,68366.7838439009,finetune3,0.6666666666666666,finetune3,0.6666666666666666
2,3013,0,rear,4,finetune3,0.0546875,finetune2,49890.91456800138,finetune2,49762.97659763851,finetune3,66.05810470037132,finetune,0.3733768471757199,finetune,0.43637777350794965,finetune2,49641.606691608285,finetune,0.4642857142857143,finetune3,0.37333333333333335
2,3013,1,rear,4,original,0.046875,original,56278.213893188105,original,52464.88903634378,finetune3,88.58742387001948,original,0.5597192706770325,original,0.6214646193314766,original,56514.50408316834,original,0.875,original,0.6363636363636364
2,3018,0,rear,4,finetune3,0.09765625,finetune2,52393.1305465572,finetune2,52369.45867703325,finetune,56.79781568034667,finetune3,1.102387870190447,finetune3,0.8473990597410118,finetune2,52069.0095065885,finetune3,0.47794117647058826,finetune3,0.5052631578947369
2,3018,1,rear,4,finetune3,0.06640625,original,72570.75026192566,original,68490.41157220816,original,79.18476153005926,finetune2,0.8462526510481164,finetune2,0.9380219903877839,original,72232.86920302203,finetune3,0.8571428571428571,finetune2,0.5833333333333334
2,3023,0,rear,4,finetune3,0.0625,original,68839.96488912118,original,68244.8658411669,finetune,66.28784288558099,finetune3,0.9318768897275991,finetune3,0.913525408083141,original,68756.46021352323,original,0.4540540540540541,finetune2,0.550561797752809
2,3023,1,rear,4,finetune3,0.03515625,finetune3,77881.94167737829,finetune3,71325.91349659197,finetune2,108.29477772036255,original,0.0787613943407531,original,0.3313002494662651,finetune3,77824.61622069223,finetune3,0.4,finetune3,0.13333333333333333
2,3028,0,rear,4,finetune3,0.06640625,finetune2,48637.687597791155,finetune2,46056.37200024541,finetune,33.430007890033295,finetune,0.41936591522833244,finetune,0.35757810714631716,finetune2,48583.32412956162,finetune,0.5158730158730159,finetune3,0.5483870967741935
2,3028,1,rear,4,finetune3,0.03125,original,153793.55387733722,original,129826.25783674757,finetune,124.17871118449928,original,0.5104046789124934,original,0.33495242263956515,original,153958.40105448788,original,0.675,original,0.5333333333333333
2,3033,0,rear,4,finetune3,0.140625,original,9168.73971193936,original,7767.807054008837,original,6.916442033118864,original,2.9855715893019426,original,3.0701007502241286,original,9168.91743268638,original,0.6269592476489029,original,0.4855769230769231
2,3038,0,rear,4,finetune3,0.14453125,original,32943.08405063497,original,23120.821381603426,finetune3,130.44498163104026,original,0.38393556750821467,finetune2,8.204336628270084,original,32649.92401360085,finetune2,0.5986394557823129,finetune2,0.5791505791505791
2,3054,0,rear,4,finetune3,0.08984375,finetune,12086.091021617965,finetune,9013.20276346647,finetune,22.455503934333965,original,2.8036431037288927,original,3.093053055656212,finetune,12054.588318829265,finetune3,0.7744433688286544,finetune2,0.6876208897485493
2,3059,0,rear,4,finetune3,0.0859375,finetune,16960.107456335863,finetune,13407.850536540296,finetune,31.948443572271707,finetune3,5.080469528341223,finetune3,6.044720032654874,finetune,16926.421963045454,original,0.6428571428571429,original,0.5497685185185185
2,3064,0,rear,4,finetune3,0.140625,finetune2,540.8626710587331,finetune2,530.5916040521843,finetune3,5.0239364699627505,finetune3,1.7791913828616959,finetune3,2.7145483220988846,finetune2,562.5893488523785,finetune3,0.7692307692307693,finetune3,0.6773255813953488
2,3069,0,rear,4,finetune3,0.0546875,finetune3,8109.631721456792,finetune3,7837.936673187185,finetune3,6.7942201194296645,finetune,1.6971176941549366,finetune,1.344425810861499,finetune3,8084.366995244882,finetune,0.9032258064516129,finetune3,0.6336206896551724
2,3074,0,rear,4,finetune3,0.09375,finetune,4921.43432152725,finetune,4820.733319393417,finetune3,110.64515678922969,finetune2,1.402505152580833,finetune2,1.029878465864327,finetune,5563.559413598894,finetune2,0.8260869565217391,original,0.49029126213592233
2,3079,0,rear,4,finetune3,0.0703125,original,43313.765045829925,original,43261.9211926967,finetune3,93.1810944477363,original,2.2254494492437074,finetune3,1.3828012891405237,original,43400.019881510394,original,0.6060606060606061,original,0.4819277108433735
2,3084,0,rear,4,original,0.06640625,finetune3,81618.7448657804,finetune3,81540.52706263415,finetune,75.9769322006054,finetune,2.8800782731796577,finetune,2.270218313513206,finetune3,81302.28829730909,original,0.4375,finetune3,0.5157894736842106
2,3089,0,rear,4,original,0.078125,finetune2,42604.23687154581,finetune2,42497.92246222077,finetune,138.56352545174116,finetune3,3.461966482305064,finetune3,3.253973289167521,finetune2,42204.288580667475,finetune3,0.5789473684210527,finetune3,0.5277777777777778
2,3094,0,rear,4,finetune3,0.0546875,finetune2,24486.426554285194,finetune2,24476.262002412637,finetune2,90.83573603223185,finetune3,0.995190545156477,finetune3,1.1586763808998646,finetune2,24213.138693400066,finetune,0.44,finetune3,0.5
2,3099,0,rear,4,finetune3,0.07421875,finetune2,64902.15117905884,finetune2,64844.16926662158,finetune3,30.28102671666233,finetune3,0.4079540541265755,finetune3,0.9766483007518586,finetune2,64900.334478333316,finetune3,0.8333333333333334,finetune,0.5362318840579711
2,3104,0,rear,4,finetune3,0.07421875,finetune3,99518.43440127786,finetune3,94687.40618294195,finetune,132.54216907976445,finetune,1.6637966143538039,finetune,1.6890532660332935,finetune3,99102.38521244902,finetune3,0.4661016949152542,finetune3,0.5245901639344263
2,3109,0,rear,4,finetune3,0.08203125,original,88982.64716626765,original,78427.00973724303,finetune3,4.280832319937819,finetune3,0.836962263069149,finetune3,1.191054533823527,original,88727.618833173,finetune2,0.5789473684210527,finetune2,0.47674418604651164
2,3114,0,rear,4,finetune3,0.09375,finetune3,89387.05473597492,finetune3,70299.1491335863,finetune2,63.32385644017601,finetune,1.3745971557198817,finetune,1.2787153439635746,finetune3,89171.02185837104,original,0.5181818181818182,finetune,0.5042016806722689
2,3119,0,rear,4,finetune3,0.04296875,original,2728.2490052308935,original,2188.6204186555988,finetune2,55.969842199036236,finetune3,1.3436405981388855,finetune3,1.5667825286200328,original,2992.800933438475,finetune,0.6705202312138728,finetune3,0.6
2,3124,0,rear,4,finetune2,0.0859375,finetune,6797.395299358371,finetune,5390.466853210513,finetune2,14.835267687961979,finetune,1.4897379793431909,finetune,1.7534578792074305,finetune,6725.886922450593,finetune3,0.7285714285714285,original,0.5934065934065934
2,3129,0,rear,4,finetune3,0.09765625,finetune3,4067.673499674271,finetune3,3204.218769763218,finetune3,8.605742682787067,finetune3,2.202237189530272,finetune3,1.6146722136950706,finetune3,4072.877018189709,finetune3,0.9166666666666666,finetune3,0.6752136752136753
2,3134,0,rear,4,finetune3,0.1171875,original,1924.8384348244326,original,1728.4944239274482,finetune3,10.233156839492064,finetune3,1.5450524569349853,finetune3,2.0498010924730647,original,3014.958390634127,finetune3,0.7065527065527065,original,0.5775862068965517
2,3139,0,rear,4,finetune3,0.05859375,finetune3,5624.982034320417,finetune3,5291.855367577082,finetune3,15.436268012275196,finetune3,1.4262294326831844,finetune3,2.6392865059813864,finetune3,5640.704600692986,finetune2,0.6472491909385113,finetune3,0.5510204081632653
2,3144,0,rear,4,original,0.0703125,original,58352.54182273661,original,56326.307330263924,finetune,47.889721971920984,finetune,1.467154086467256,finetune,1.1334630490035564,original,58105.338886598525,original,0.7348066298342542,finetune3,0.6105263157894737
2,3149,0,rear,4,original,0.0703125,finetune,52505.72310416521,finetune,51416.47907069698,finetune,63.36366384059563,finetune3,0.8785714694768266,finetune3,0.38563539722218965,finetune,52248.106226402626,finetune,0.8095238095238095,finetune,0.6292134831460674
2,3154,0,rear,4,finetune3,0.07421875,finetune2,13836.984875690569,finetune2,13753.678694323025,finetune3,38.17379862954953,finetune3,1.1004328258759588,finetune3,1.1781201363423606,finetune2,13810.03406393385,finetune2,0.6363636363636364,finetune3,0.45
2,3159,0,rear,4,finetune3,0.05859375,original,54065.79169009946,original,53788.60952067474,original,91.9820408245341,finetune3,1.7020678366848891,finetune3,1.4863035803614306,original,53858.19366760165,original,0.6446280991735537,original,0.5806451612903226
2,3164,0,rear,4,finetune3,0.0625,original,130983.98627163652,original,130811.29397122786,finetune2,68.59405279916979,finetune3,0.1805456033311028,original,0.4622652081741241,original,130884.5873795068,original,0.6197183098591549,original,0.46
2,3169,0,rear,4,original,0.0703125,finetune2,83797.58897712977,finetune2,83714.20393627632,finetune3,59.75469750352652,finetune2,1.1653658862032088,finetune2,1.1567191561642722,finetune2,83668.37302733504,original,0.5555555555555556,finetune3,0.5192307692307693
2,3174,0,rear,4,original,0.0859375,original,202380.46518669714,original,198548.0895534552,finetune3,85.46177017403136,original,1.1124058249535562,finetune2,1.019997403604952,original,201995.58201933056,finetune3,0.54,finetune3,0.40540540540540543
2,3179,0,rear,4,finetune3,0.08203125,finetune2,80186.60628650546,finetune2,76989.50143516794,finetune,87.68141296249948,finetune,0.830107512835394,finetune,1.0344531620392192,finetune2,79800.83426154319,original,0.46153846153846156,finetune3,0.48214285714285715
2,3184,0,rear,4,original,0.08203125,finetune2,62355.12674695841,finetune2,60484.57264531375,finetune3,104.19723323373793,finetune,3.815936768722974,finetune,3.6173857720620632,finetune2,61961.065132747484,finetune3,0.5263157894736842,finetune,0.4642857142857143
2,3189,0,rear,4,original,0.08203125,finetune3,26409.170159443416,finetune3,26227.828890739416,finetune,40.59034034613001,finetune3,1.223560189806406,original,1.2143552023915314,finetune3,26110.582998365648,finetune,0.4782608695652174,finetune3,0.43010752688172044
2,3194,0,rear,4,finetune3,0.0546875,finetune,68141.7726473016,finetune,60823.54813809093,original,71.99164783098368,finetune3,4.1818430559528394,finetune3,3.9763374269381755,finetune,68039.3916647461,finetune3,0.41899441340782123,finetune3,0.33962264150943394
2,3199,0,rear,4,finetune3,0.07421875,original,35220.229711154294,original,25167.758710053604,finetune2,68.91266107183203,finetune3,3.5372482818617033,finetune3,2.2369932388363503,original,34867.980061211434,finetune3,0.5656565656565656,finetune2,0.549800796812749
2,3214,0,rear,4,finetune3,0.08984375,original,5459.643628342655,original,5291.4841437888535,finetune3,13.21204089054289,finetune2,0.2358271320130594,finetune2,2.161850847151022,original,5589.758598243816,finetune2,0.8304498269896193,finetune2,0.5722433460076045
2,3219,0,rear,4,finetune3,0.07421875,finetune3,1063.560996488888,finetune3,841.2207770293026,finetune,61.318635198383,finetune3,4.781263841893923,finetune2,3.662656699111569,finetune3,2747.5485090441557,finetune3,0.6784715750232991,finetune3,0.538971807628524
2,3224,0,rear,4,finetune3,0.046875,finetune3,1232.8024467792593,finetune3,1127.3996275949758,finetune3,68.77964684540763,original,2.027451306921426,original,2.2411159453250695,finetune3,1955.6751024475843,finetune3,0.7215189873417721,finetune3,0.6051502145922747
2,3229,0,rear,4,original,0.125,finetune,7346.099614552819,finetune,5421.752561957066,original,81.57506319136505,original,4.206281022845331,original,5.786042512334841,finetune,6961.15922806181,finetune2,0.4968152866242038,finetune,0.4322033898305085
2,3234,0,rear,4,finetune3,0.1171875,original,30258.354490081638,original,26133.067831493754,finetune2,70.11119467601948,finetune,0.29704600296579564,finetune,0.7586489468667321,original,30191.516805026513,original,0.5886792452830188,finetune3,0.5555555555555556
2,3239,0,rear,4,finetune3,0.0859375,finetune,1425.6114384638843,finetune,1409.4198068426776,finetune3,8.069812007695297,finetune3,2.3175825978263846,finetune3,1.6993442708620992,finetune2,3028.2030844270303,finetune,0.75,finetune,0.6394849785407726
2,3244,0,rear,4,finetune3,0.11328125,finetune,3240.720327484925,finetune,3230.5735543818737,finetune2,12.359551540409026,finetune3,2.2708264192110263,finetune3,2.6376734614477795,finetune,3202.6316684408916,original,0.6904761904761905,finetune3,0.6387096774193548
2,3249,0,rear,4,finetune3,0.125,finetune3,7563.374518243202,finetune3,6929.005498545594,finetune3,46.48725712622284,finetune,0.6496225743028797,finetune,1.1949169386005978,finetune3,7393.022742852223,finetune2,0.7372881355932204,finetune3,0.553921568627451
2,3284,0,rear,4,finetune3,0.05859375,finetune3,39791.78686084751,finetune3,35901.642912057316,original,92.13450460294838,original,1.1967822700325932,original,1.0745819131669938,finetune3,39983.94556650165,finetune3,0.5185185185185185,finetune3,0.3755656108597285
2,3289,0,rear,4,finetune3,0.07421875,original,489.61869401570215,original,402.1787491804862,finetune3,161.11529231641285,original,1.004585771167392,original,1.001592459101367,original,1170.5098187397107,finetune2,0.8076923076923077,finetune3,0.6132075471698113
2,3294,0,rear,4,finetune,0.07421875,original,4975.199149492777,original,4657.98844587896,finetune3,45.847605524959356,finetune2,2.696603963403178,finetune2,2.5383943931209507,original,4677.2181594637705,finetune2,0.8260869565217391,finetune2,0.4639175257731959
2,3299,0,rear,4,finetune3,0.09765625,finetune3,4463.610225190402,finetune3,3534.795448438934,finetune2,43.763921353396455,finetune2,1.3055614300083007,finetune3,1.4752260053341886,finetune3,4939.650676743648,finetune,0.65,finetune,0.5277777777777778
2,3324,0,rear,4,finetune3,0.05859375,finetune3,12639.393683143546,finetune3,10296.371172246872,finetune2,17.089244397854383,original,1.025212676906072,original,1.420921136258931,finetune3,12758.972005750793,finetune3,0.7741935483870968,finetune3,0.6470588235294118
2,3329,0,rear,4,original,0.0546875,finetune3,6335.571495541991,finetune3,6173.594852331531,finetune2,9.787874823652807,finetune,2.2980785102574495,finetune,1.8865820781160976,finetune3,6349.3990667956305,finetune3,0.7,finetune3,0.546875
2,3334,0,rear,4,original,0.10546875,finetune3,4427.667798873059,finetune3,4423.295837932383,original,13.358914281314787,original,0.728820081143171,original,0.6575004400224452,finetune3,4210.7949636294215,original,0.7159090909090909,finetune2,0.717948717948718
2,3339,0,rear,4,finetune3,0.12890625,finetune3,36998.765447633465,finetune3,36920.63896613632,finetune,65.76412088660693,finetune3,0.4478141392122532,finetune3,0.6258927534164689,finetune3,36624.142821994305,finetune3,0.8823529411764706,finetune3,0.6451612903225806
2,3344,0,rear,4,finetune3,0.10546875,original,1366.5808033299552,original,648.4999538614939,finetune3,62.18626074871319,finetune,1.1560831291461504,finetune3,0.9723387245642645,original,2179.0947180677376,finetune3,0.5531914893617021,finetune3,0.5357142857142857
2,3349,0,rear,4,finetune3,0.0625,original,30535.850608833185,original,25262.926088914654,finetune3,82.78365493609374,finetune,1.0909994269333296,finetune,0.8083927292515006,original,30154.40629568783,finetune2,0.6410256410256411,finetune3,0.5604395604395604
2,3382,0,rear,4,finetune3,0.07421875,finetune,12427.592225543109,finetune,9892.718135462754,finetune3,27.687049208462298,finetune,0.8298443408442517,finetune,1.079545996915767,finetune,12317.714902281452,finetune,0.8521303258145363,finetune,0.7521929824561403
2,3387,0,rear,4,finetune3,0.09375,finetune3,9535.015770278254,finetune3,8846.213547827705,finetune3,126.7919338294257,finetune3,0.8111926143816758,finetune3,1.1853795950223636,finetune3,10025.009525096697,finetune3,0.7810650887573964,finetune3,0.5626535626535627
2,3392,0,rear,4,finetune3,0.0546875,finetune,18154.04348617104,finetune,17502.88032095798,finetune,85.21630429755196,finetune3,3.0566490490326363,finetune3,3.109278089392447,finetune,17902.44799363959,finetune3,0.6021699819168174,finetune3,0.4246987951807229
2,3397,0,rear,4,finetune3,0.0546875,finetune3,12890.309341362949,finetune3,12719.847076599137,finetune2,129.75620461209743,original,3.2670998453149513,original,3.5132960444013057,finetune3,13268.624300785947,finetune3,0.514792899408284,finetune3,0.3452914798206278
2,3402,0,rear,4,finetune3,0.09765625,original,1038.7795476481774,original,824.1416184816626,finetune3,6.921784268168991,finetune3,2.412085690536309,finetune3,2.4970535102720377,original,1064.738500911009,finetune3,0.5523255813953488,finetune3,0.44339622641509435
2,3407,0,rear,4,original,0.0390625,original,35403.40949824561,original,35389.79395341163,finetune3,92.97895689283509,finetune3,1.2845012269035683,finetune3,1.0035704669966847,original,35169.54025598377,finetune2,0.42857142857142855,finetune2,0.4745762711864407
2,3412,0,rear,4,finetune2,0.05859375,finetune2,22047.46384614209,finetune2,22029.069136987266,original,112.80040186196273,original,3.7499319007228786,original,3.8474043925295005,finetune2,21659.758775154583,finetune,0.5,finetune,0.3620689655172414
2,3417,0,rear,4,finetune3,0.046875,finetune3,143659.14584668895,finetune3,143417.54251245272,finetune3,57.788537830506904,finetune,0.22601652126015565,finetune3,0.3376306689707716,finetune3,143522.98563806614,finetune,0.75,finetune,0.5862068965517241
2,3422,0,rear,4,finetune3,0.06640625,finetune,13438.533773899475,finetune,13363.490357275674,finetune3,44.94716967315419,original,0.8558231657405465,original,0.9356714456196491,finetune,13357.976130007648,finetune3,0.5185185185185185,finetune3,0.4838709677419355
2,3427,0,rear,4,original,0.0546875,finetune3,168855.19372605762,finetune3,167714.50044246344,finetune,97.24238717758926,finetune,1.02974448734065,finetune3,0.9071783795115774,finetune3,168477.53813582554,finetune3,0.525,finetune2,0.52
2,3432,0,rear,4,finetune3,0.0625,finetune3,218771.1403361012,finetune3,216752.63444903994,finetune,66.31471584836781,finetune3,1.4908263572892833,finetune3,1.6912563160975917,finetune3,218607.15388446866,finetune3,0.4117647058823529,finetune3,0.39285714285714285
2,3437,0,rear,4,finetune3,0.078125,finetune3,181704.22463866207,finetune3,179333.27819255652,finetune,173.67827106561975,finetune2,0.29902351738292626,finetune3,0.752516141358814,finetune3,181517.60312798788,finetune,0.4666666666666667,finetune3,0.41379310344827586
2,3442,0,rear,4,finetune,0.11328125,finetune,143806.10140769393,finetune,141214.30899667565,original,61.371663452599556,original,1.381813493313053,original,1.409958850220833,finetune,143689.46378213802,original,0.7777777777777778,finetune3,0.46153846153846156
2,3447,0,rear,4,finetune3,0.08203125,finetune3,194710.99937028432,finetune3,190552.78976086737,finetune2,59.057969353256375,finetune2,0.8531949944069525,finetune2,0.9536692204190242,finetune3,194376.4702956899,finetune2,0.6774193548387096,finetune3,0.5416666666666666
2,3452,0,rear,4,finetune3,0.109375,finetune2,137865.23138509534,finetune2,133276.1497387578,finetune,96.4454565024083,finetune3,0.447896539558418,finetune3,0.17746737893335326,finetune2,137429.54698291112,finetune2,0.6857142857142857,finetune2,0.5833333333333334
2,3457,0,rear,4,finetune3,0.0859375,finetune2,15897.828786898692,finetune2,15191.087123574747,finetune3,10.94500520927998,original,0.6074957022258365,original,0.7786545354689334,finetune2,15906.452345178039,finetune3,0.5454545454545454,finetune3,0.5862068965517241
2,3462,0,rear,4,finetune3,0.078125,finetune3,166220.83254724956,finetune3,157535.39724210917,finetune3,92.59254833827754,original,0.7481217207825759,finetune2,0.6104325445100377,finetune3,165931.60018018947,finetune3,0.8181818181818182,original,0.6666666666666666
3,0,0,stereo_left,4,finetune3,0.26953125,finetune2,1026.6084605360413,finetune2,1025.9296389842893,finetune2,0.838740931985935,original,4.547480430977143,finetune,8.639455653914165,finetune2,1025.697107415451,finetune2,0.838973044660694,finetune2,0.8066776756299345
3,5,0,stereo_left,4,finetune3,0.28515625,finetune2,1283.3545519245774,finetune2,1281.5572969316909,finetune2,1.1522036025414877,finetune2,10.090152904527903,finetune,8.583646711939446,finetune2,1282.6609948704113,finetune2,0.8085675275913073,finetune2,0.7413678700449731
3,10,0,stereo_left,4,finetune3,0.27734375,finetune3,1281.6802646541532,finetune3,1277.0633462286605,finetune2,1.958300558096966,finetune2,10.50218424008091,finetune,8.5210096620772,finetune2,1282.1878187879488,finetune2,0.812453314659197,finetune2,0.7752491396462943
3,15,0,stereo_left,4,finetune3,0.26953125,finetune3,1209.1584629439578,finetune3,1202.7043112886568,original,2.9562467019548615,finetune3,23.660195335794405,finetune,7.772633994780343,finetune,2527.1572934651776,finetune3,0.8082487392175759,finetune3,0.7010027584531844
3,20,0,stereo_left,4,finetune3,0.3359375,finetune2,1196.1839864747376,finetune2,1184.3679655668202,finetune3,4.413460081684445,original,29.030891328683023,original,5.648349570218164,original,2157.738494703613,finetune2,0.7857714539795465,finetune2,0.6597129104349321
3,25,0,stereo_left,4,finetune3,0.2890625,finetune2,1007.8239236625807,finetune2,998.0976034658379,finetune,5.861958624038111,finetune2,29.58821778159091,original,5.860496347861475,finetune3,1162.9884428474502,finetune2,0.7736039530311886,finetune2,0.6799116417282457
3,30,0,stereo_left,4,finetune3,0.1875,original,2754.3559033365723,original,2740.4730502709026,finetune3,0.789244214751361,finetune3,29.75867330913807,finetune3,7.449359796588472,original,2751.928337384245,original,0.7732115677321156,original,0.6022443485875523
3,30,1,stereo_left,4,finetune3,0.00390625,original,37725.71758768239,original,36700.05498866962,original,4.314386155414202,original,514.4280880558083,original,7.027843538852416,original,37722.65434641841,original,0.377395555943598,original,0.27399650959860383
3,35,0,stereo_left,4,finetune3,0.19921875,finetune,9111.146947903779,finetune,8622.334558077458,finetune,10.137212801769412,finetune3,16.657191761138854,finetune2,62.13089464401346,finetune,9143.240997173565,finetune2,0.5712701526912907,finetune3,0.5178093568330718
3,35,1,stereo_left,4,finetune3,0.15234375,finetune3,482.5885555407117,finetune3,385.83236385042983,finetune,2.1911134492014956,original,49.97679416248569,original,76.21916363967976,finetune3,482.42730451475245,finetune2,0.7855936759372137,finetune2,0.5562348266193267
3,40,0,stereo_left,4,finetune,0.11328125,finetune3,10988.862030502918,finetune3,10443.378168819298,finetune2,18.665893025496818,finetune3,22.768044593955466,finetune,84.66853747825967,finetune3,11021.425214421733,original,0.42259721203228173,original,0.36796456910869163
3,40,1,stereo_left,4,finetune3,0.20703125,finetune3,1116.8252797051812,finetune3,1111.3794405933622,finetune,18.702836704706257,original,19.94946491898391,original,5.721326711645115,finetune,2848.1098202251364,finetune3,0.8439889779869346,finetune2,0.7092066601371204
3,45,0,stereo_left,4,finetune3,0.296875,finetune3,7552.389417186147,finetune3,7464.16754435399,finetune2,2.9246160802535432,original,16.474246360408678,original,21.51608448946275,finetune3,7553.52887894413,finetune3,0.6591634913992468,original,0.6006225840659528
3,45,1,stereo_left,4,finetune3,0.26171875,finetune2,4930.436450463868,finetune2,4697.586308573536,finetune3,15.348981802336336,finetune3,9.528661312976533,finetune3,50.910959253237436,finetune2,5022.615177956397,original,0.7534246575342466,finetune3,0.6198962045895079
3,50,0,stereo_left,4,finetune3,0.2890625,finetune2,6613.308204548848,finetune2,6610.6097979948645,finetune2,3.5052426579085596,finetune3,6.466051791154873,finetune,3.815531834935378,finetune2,6609.637829950838,finetune2,0.6821834881536374,finetune2,0.6569961353168511
3,50,1,stereo_left,4,finetune3,0.1875,finetune3,164.6853932581337,finetune3,32.69957652015,finetune2,3.2606086557047576,finetune2,7.042024356288807,finetune2,7.362327267334735,finetune2,923.3637201958035,finetune2,0.8696746058369674,finetune2,0.8370204350692155
3,55,0,stereo_left,4,finetune3,0.34375,finetune,7258.398917217615,finetune,7215.817545295322,finetune,4.128728077171623,finetune,4.874236159412853,finetune,2.0123058749076583,finetune,7255.396973719645,finetune,0.7897039897039897,finetune,0.7311180204689727
3,55,1,stereo_left,4,finetune3,0.21875,finetune3,4013.7636978455957,finetune3,3995.496268171304,finetune,3.5977436835627112,finetune3,19.92600426396363,original,16.14859284605185,finetune3,4758.498835562928,finetune3,0.6781456953642384,finetune3,0.6124409639526904
3,60,0,stereo_left,4,finetune3,0.2890625,finetune3,8067.527219391327,finetune3,8036.629511918807,finetune,2.674615010691354,original,2.428403867202111,original,1.5098838416283011,finetune2,8163.010908164632,finetune3,0.7257318952234206,finetune2,0.6978843024115994
3,60,1,stereo_left,4,finetune3,0.23828125,finetune3,2500.115923317091,finetune3,2474.636195202933,finetune3,2.1021656454162962,finetune2,14.690775658639966,finetune2,9.64693325606249,finetune3,2495.2328674513883,finetune3,0.7390792763641713,finetune2,0.6581074655254399
3,65,0,stereo_left,4,finetune3,0.29296875,finetune2,5095.560917216781,finetune2,5072.889572270666,finetune3,15.452402149676544,original,2.7883544817623944,original,1.2435062984411895,finetune2,5740.307049801299,finetune2,0.7411592383343796,finetune2,0.73145375914837
3,65,1,stereo_left,4,finetune3,0.25,finetune2,2727.9866642921625,finetune2,2712.6644306357193,finetune2,1.936370462412213,original,10.012115157129731,original,6.248805053429264,finetune2,2723.220365531924,finetune2,0.8079778715970302,finetune2,0.6854382045820562
3,70,0,stereo_left,4,finetune3,0.2890625,finetune2,9008.123838505933,finetune2,8964.531069578697,finetune3,3.1527594791099034,finetune,5.243909027693262,finetune,3.3165465094467708,finetune2,9070.374811664033,finetune3,0.7405441274054413,finetune3,0.6420018075011297
3,70,1,stereo_left,4,finetune,0.30859375,finetune2,3989.696224035676,finetune2,3979.3305111356603,finetune,0.9645852296970385,finetune2,4.61050803803074,finetune2,2.824077975354394,finetune2,3986.8877927678914,finetune2,0.8125977216886308,finetune2,0.7639361773149075
3,75,0,stereo_left,4,finetune3,0.3203125,finetune2,9186.632902295773,finetune2,9156.896877544132,finetune3,3.4537274268601736,original,1.6510596880581825,original,3.8420107022374785,finetune2,9183.93715116818,finetune3,0.7610604941311664,finetune2,0.7244264165293447
3,75,1,stereo_left,4,finetune3,0.22265625,finetune2,55.987462827918065,finetune2,35.862448117251915,finetune,3.782462919942088,finetune2,4.081813081492462,finetune2,3.06174211415327,finetune2,99.9881477639569,finetune2,0.8299090602896598,finetune2,0.8015277058518903
3,80,0,stereo_left,4,finetune3,0.30859375,finetune3,11231.991847646095,finetune3,11198.555960076344,finetune3,3.988840583361148,finetune,2.188827867293579,finetune3,1.886594689149512,finetune3,11228.791638374136,finetune3,0.7702922077922078,finetune3,0.7254159339916136
3,80,1,stereo_left,4,finetune3,0.18359375,finetune2,3816.787703172994,finetune2,3801.544714498137,finetune3,18.637274236085663,original,13.781146851893293,original,10.766598283835581,finetune2,4593.570591816294,finetune2,0.7533657442034405,finetune2,0.6851722694936532
3,85,0,stereo_left,4,finetune3,0.28125,finetune2,10968.849833539525,finetune2,10943.564449571379,original,3.8797176952803776,finetune2,1.339748913817353,finetune2,0.48140721321888025,finetune2,10971.043718599465,finetune2,0.7442696629213483,finetune2,0.7123948710878257
3,85,1,stereo_left,4,finetune3,0.21875,finetune3,2121.817001343951,finetune3,2112.4954962790653,finetune,4.31778391806688,finetune2,4.434194829515797,finetune2,1.9240625893011245,finetune3,3396.831695446657,finetune2,0.7769732725484938,finetune3,0.7350116614076005
3,90,0,stereo_left,4,finetune3,0.3046875,original,10477.433651130154,original,10465.833163310315,original,176.86364962650785,finetune,1.4338336064916848,finetune,0.9515839358864641,original,11045.632677863845,original,0.7025934065934066,original,0.663358147229115
3,90,1,stereo_left,4,finetune3,0.2265625,finetune2,1631.514775204747,finetune2,1626.2672403682882,finetune2,176.20620764536648,finetune2,5.183797035336947,finetune2,4.125282051343037,finetune2,3142.8347882394187,finetune2,0.7872222222222223,finetune2,0.7223771580345285
3,95,0,stereo_left,4,finetune3,0.1953125,finetune3,11930.367715781176,finetune3,11913.916017112453,finetune3,4.775477423620492,finetune3,3.582551518952489,finetune3,4.820538942500736,finetune3,11941.74804318429,finetune3,0.682876404494382,finetune3,0.659428257284222
3,95,1,stereo_left,4,finetune3,0.23046875,finetune3,2075.288967802376,finetune3,2067.2718066561865,finetune3,176.0613948411731,finetune2,9.446433530905278,finetune2,7.666071768099097,finetune3,3373.9719380275146,finetune2,0.7716481049814383,finetune2,0.708250298923874
3,100,0,stereo_left,4,finetune3,0.19140625,finetune2,5769.477169925492,finetune2,5761.739242467156,finetune3,6.1163981267806316,finetune,5.955638378601667,finetune,3.2868260109536793,finetune2,5783.0737930430305,finetune2,0.7494710114261532,finetune2,0.616201531242282
3,100,1,stereo_left,4,finetune3,0.19140625,finetune2,4013.6594884465744,finetune2,4008.8957026644275,finetune3,4.456230824113482,finetune2,7.07839306220916,finetune2,2.6991719436254753,finetune3,4667.824525082885,finetune2,0.7283505154639175,finetune2,0.6712384025816862
3,105,0,stereo_left,4,finetune3,0.2578125,original,11222.680210164275,original,11210.552437727536,finetune3,174.8328835170005,finetune,3.5954882026182027,finetune3,0.9299789507317661,original,11788.581905503472,finetune3,0.6756912442396313,original,0.6490208078335373
3,105,1,stereo_left,4,finetune3,0.21875,finetune3,3545.169331638514,finetune3,3538.938215747272,finetune,3.940845927664186,original,8.383191151475419,original,5.495044238718265,finetune3,3551.908509452498,finetune3,0.7307855987743638,finetune3,0.6906574852678276
3,110,0,stereo_left,4,finetune3,0.22265625,finetune3,7673.312322435455,finetune3,7664.612321167631,finetune2,173.10625502597682,finetune3,3.833235936785601,finetune3,4.216527326173559,finetune3,8255.19545279357,finetune3,0.7616806722689076,finetune3,0.6798054344179806
3,110,1,stereo_left,4,finetune3,0.1953125,finetune2,587.4832554355385,finetune2,582.7323477599421,original,4.39322602412108,finetune2,5.352502788784732,finetune2,3.7268136259734344,finetune2,595.6957120569073,finetune2,0.7982676272970128,finetune2,0.7763010806111043
3,115,0,stereo_left,4,finetune3,0.203125,finetune3,5667.887706986491,finetune3,5654.973059174365,finetune3,170.39986463871682,finetune2,2.697912971411413,finetune,2.5756792978603955,finetune3,6285.364511166368,finetune3,0.7978458989229494,finetune2,0.752010473162521
3,115,1,stereo_left,4,finetune3,0.20703125,finetune3,327.55239953256824,finetune3,306.60360738747113,finetune,7.7181346332930705,finetune3,11.807046903483748,finetune3,9.51369874437516,finetune3,2629.555283733842,finetune3,0.7591649185895515,finetune3,0.7135483870967742
3,120,0,stereo_left,4,finetune3,0.1796875,finetune3,10832.614490604125,finetune3,10794.194412933095,finetune3,169.70531319352227,finetune2,7.919085809051842,finetune2,17.686359075194574,finetune3,11388.841815812148,finetune3,0.5997830802603037,finetune3,0.5395653091369488
3,120,1,stereo_left,4,finetune3,0.2421875,finetune2,4239.7981107311525,finetune2,4233.845708469049,finetune2,7.829930543363008,original,11.310494010300054,original,7.984939030460468,finetune2,4241.642868367297,original,0.7262857142857143,original,0.6300723947418556
3,125,0,stereo_left,4,original,0.05859375,original,299310.06500220264,original,298368.83466439956,finetune3,92.72533343390909,finetune3,13.395875894048077,original,4.100278494346151,original,299883.2312271212,original,0.6965944272445821,original,0.3949367088607595
3,125,1,stereo_left,4,finetune3,0.34765625,finetune3,4743.616897054947,finetune3,4733.346916424714,finetune3,5.62332514863595,finetune,6.951771709116073,original,4.211584513289629,finetune3,4745.395537372916,finetune3,0.7385769872151196,finetune3,0.644357116541815
3,130,0,stereo_left,4,original,0.015625,original,370684.237519491,original,370034.0070209715,original,123.02842191100727,original,46.42449750348311,finetune3,9.929943251360921,original,370840.5574462557,original,0.1277533039647577,original,0.14855072463768115
3,130,1,stereo_left,4,finetune,0.30859375,finetune3,5360.779557014881,finetune3,5339.162827975866,finetune,5.1493631362296215,finetune,0.8498349625889086,finetune,1.4790355434694098,finetune2,5839.375423550135,finetune3,0.7654402102496715,finetune2,0.7226221079691517
3,135,0,stereo_left,4,finetune3,0.26953125,finetune3,8907.541021084124,finetune3,8902.656681818684,finetune3,4.11004697947468,finetune,2.5274770190820126,finetune,2.424562983820501,finetune3,8911.120320938891,finetune3,0.7268093781855249,finetune2,0.660994005028041
3,135,1,stereo_left,4,finetune3,0.37109375,finetune2,3732.039335458498,finetune2,3705.0593956105804,finetune3,1.9567279802543034,original,10.306806793552354,finetune,5.339144031474003,finetune2,3736.4878210129946,finetune2,0.7889291154766851,finetune2,0.716063414349828
3,140,0,stereo_left,4,finetune,0.09765625,finetune3,12716.865914883583,finetune3,12680.289332013002,finetune3,9.658072361783349,finetune2,7.697493694419144,original,59.31765026710564,finetune3,12752.508126374627,original,0.03564509879891515,original,0.01569506726457399
3,140,1,stereo_left,4,finetune3,0.3125,finetune2,1150.0043435792168,finetune2,1133.3066246065864,finetune2,1.287884956976368,original,13.759806083632306,original,1.4748995675619467,finetune2,1149.5227902733695,finetune2,0.8325645636254658,finetune2,0.7470285446888161
3,145,0,stereo_left,4,finetune3,0.12109375,finetune3,20804.191672756213,finetune3,20400.324314236183,finetune3,6.11721595818711,original,19.779722070255172,original,18.380515925462383,finetune3,20802.153516915107,finetune3,0.6303837118245889,original,0.486052886165753
3,145,1,stereo_left,4,finetune,0.3359375,finetune3,1933.9128455850628,finetune3,1919.3311775637376,finetune,4.826576242668781,finetune,3.871492156674711,finetune,5.6382723923592275,finetune3,1937.5734131423667,finetune2,0.8394155330022314,finetune2,0.7886121461724521
3,150,0,stereo_left,4,finetune3,0.15234375,finetune,585.5659948792007,finetune,300.69375851788936,finetune3,3.227192799123255,finetune3,31.69356344994453,finetune3,35.26955809603269,finetune,711.3311106420354,finetune3,0.5780816896891393,finetune3,0.36321295235278894
3,150,1,stereo_left,4,finetune3,0.33203125,finetune2,1183.8371479122322,finetune2,1153.1975301675411,finetune,3.7364627815530924,finetune,27.3931144988016,original,8.14778942938379,finetune2,1183.0777557789024,finetune2,0.7189295396324024,finetune2,0.6007973403783271
3,155,0,stereo_left,4,finetune3,0.234375,finetune2,186.22757901572731,finetune2,39.69612292335114,finetune2,10.310850365169065,finetune2,65.83569262499934,finetune,19.523699342526132,finetune2,266.73767177404164,finetune2,0.787904522703865,finetune2,0.6871991713885335
3,160,0,stereo_left,4,finetune3,0.3359375,finetune2,300.13121738225016,finetune2,66.89257249686943,finetune,11.522082796032178,original,111.2488332095043,finetune3,57.27383149664773,finetune2,454.6964214806285,finetune3,0.8243401097128106,finetune2,0.6402925044292536
3,185,0,stereo_left,4,finetune3,0.16015625,finetune3,1001.8211970768526,finetune3,923.4084178579669,finetune3,16.76725664116493,finetune3,27.37160140029094,finetune,34.31653772457427,finetune3,1082.484785581203,original,0.6086355086582825,finetune3,0.5155377256596204
3,195,0,stereo_left,4,finetune3,0.26953125,finetune3,9196.394018711686,finetune3,9138.899179600623,finetune2,2.780748562014847,original,2.364832635524373,finetune3,1.5015456023021942,finetune2,9203.178752700034,finetune2,0.813463098134631,finetune2,0.7566902491541064
3,195,1,stereo_left,4,finetune2,0.0859375,original,10985.792937564107,original,10661.290328613142,finetune3,4.67881529143151,original,172.06364673279,finetune,100.55101500147738,original,10986.948584709331,finetune,0.7721454173067076,original,0.45669774973477023
3,200,0,stereo_left,4,finetune3,0.24609375,finetune2,4936.97559043187,finetune2,4925.665496804788,finetune,6.4117521511992015,finetune2,2.999762741565948,finetune2,2.4254434938607505,finetune2,4941.172957008633,finetune2,0.8089563019140484,finetune2,0.7444305827838175
3,200,1,stereo_left,4,finetune3,0.26171875,original,815.0384413380364,original,793.4674824590165,finetune3,12.403936358216756,original,24.028140160715054,original,50.6907503684865,original,882.1618191998683,original,0.8389196173907563,finetune2,0.6965896608688883
3,205,0,stereo_left,4,finetune3,0.265625,original,15598.555389365505,original,15530.41831958454,finetune2,2.2260653988257073,finetune3,2.190301636719781,finetune3,4.17507874688,original,15598.737800956445,original,0.7041728763040238,original,0.6375799883653287
3,205,1,stereo_left,4,finetune3,0.2421875,finetune3,445.671839740531,finetune3,438.1895887260325,finetune2,11.632679623940724,finetune2,23.565954734424185,finetune,31.45417697773945,finetune3,529.5055739622422,original,0.783959038269075,finetune2,0.6974183368583611
3,210,0,stereo_left,4,finetune3,0.1875,original,15494.806654913464,original,15349.349922232956,finetune2,3.317129389468638,original,2.4679714558838795,finetune3,1.7482091066786107,original,15492.207385281647,original,0.6295673076923077,original,0.5639810426540285
3,210,1,stereo_left,4,finetune3,0.33984375,finetune2,1028.355493963462,finetune2,989.7191272352284,finetune2,3.8143310911541666,original,37.76371719210659,finetune,8.444007330156762,finetune2,1026.7411079368687,finetune2,0.767151552666873,finetune2,0.6407438074946229
3,215,0,stereo_left,4,finetune3,0.203125,finetune3,18308.604368684737,finetune3,18047.889782814716,finetune,4.708585697699772,finetune3,3.136893698579598,finetune3,3.2424593312461893,finetune3,18306.40208994298,finetune2,0.7140151515151515,finetune,0.4986050219210841
3,215,1,stereo_left,4,finetune3,0.296875,finetune2,794.4316431912581,finetune2,791.4334822943274,finetune2,4.878205343769824,finetune2,25.91855029211055,finetune,9.625876980254006,finetune2,800.0931846963051,finetune2,0.839148954953762,finetune2,0.7798370414151222
3,220,0,stereo_left,4,finetune3,0.0859375,finetune3,198501.5286963909,finetune3,194865.8703659679,finetune,112.38739324349363,finetune,61.30592148938807,finetune3,3.0214783659388615,finetune3,198752.61010668243,original,0.5417607223476298,original,0.5591647331786543
3,220,1,stereo_left,4,finetune3,0.30859375,finetune3,811.5192181167114,finetune3,806.877168932233,finetune,6.846594879667507,finetune,11.765287014677257,finetune,9.925054632769061,finetune,1576.9613181456828,finetune,0.743311458859162,finetune,0.6846263255669943
3,225,0,stereo_left,4,finetune3,0.1875,finetune3,1810.4054866544093,finetune3,1719.089001688737,finetune,19.64677943614366,finetune,109.45697899299476,finetune,50.31479547842984,finetune3,1908.9173914225303,finetune,0.7000483392030937,original,0.5868707833259904
3,230,0,stereo_left,4,finetune2,0.1015625,finetune3,1927.0458482532472,finetune3,1911.3970468203006,finetune3,24.830340852341937,finetune2,196.6849773080531,finetune3,75.65417728888866,finetune3,2030.8973333140627,original,0.5739650396765983,original,0.5281479843858786
3,235,0,stereo_left,4,finetune3,0.390625,finetune3,231.48757547832477,finetune3,222.78327273528248,finetune2,3.9648704570300675,finetune,4.335341929495376,finetune,35.9311681344062,finetune3,251.09237977505373,original,0.8379446387682022,finetune3,0.6742234343155884
3,240,0,stereo_left,4,finetune3,0.3125,finetune3,661.3962475983986,finetune3,659.3982513948395,finetune,10.468915879086417,finetune,10.262593670803707,finetune2,88.34682338259076,finetune3,714.269218957157,original,0.9373285403462303,finetune3,0.6776613705926915
3,245,0,stereo_left,4,finetune3,0.26953125,finetune3,165.57917816892217,finetune3,73.26627446297425,finetune2,2.9029100975920445,original,29.80548111132824,finetune,121.98665050935115,finetune3,182.92955232387547,original,0.9442361114207619,original,0.7930440030594197
3,250,0,stereo_left,4,finetune3,0.40625,finetune3,479.69237926193887,finetune3,465.6549368426049,finetune2,11.306020806439538,finetune3,19.9239194534936,finetune,87.94091965553713,finetune3,553.6887255963657,finetune2,0.8174294882621179,finetune2,0.6751834453841121
3,255,0,stereo_left,4,finetune3,0.38671875,finetune3,993.8099084515677,finetune3,946.0584685192171,finetune3,7.7183958802301245,original,24.554827422566344,original,17.13630563884952,finetune3,1017.5213466820477,finetune3,0.8909020456701541,finetune3,0.6867450310688713
3,260,0,stereo_left,4,finetune3,0.3203125,finetune2,1304.940359327696,finetune2,1283.3962348781988,finetune,6.942114842505911,original,7.5345073687132365,finetune,13.065768097307158,finetune2,1319.4029919869158,finetune2,0.8228919742634608,finetune2,0.722593588594357
3,265,0,stereo_left,4,finetune3,0.3359375,finetune2,15730.931883013465,finetune2,15730.173778197262,finetune2,1.9105493050232258,finetune2,0.5631853498938146,finetune,0.9427903665163663,finetune2,15732.01142076059,finetune2,0.6854764107308048,finetune2,0.6822296331586469
3,265,1,stereo_left,4,original,0.2890625,finetune3,673.6311771180742,finetune3,620.8013638191223,finetune3,2.656127876738085,finetune,25.129664384372006,original,15.380448253676416,finetune3,681.8886389350461,finetune,0.7957992998833139,finetune,0.668605110122885
3,270,0,stereo_left,4,finetune3,0.31640625,finetune3,15011.374796683831,finetune3,14998.21692258888,finetune3,1.87364252664208,original,2.138752598016637,original,2.255829843082374,finetune3,15012.176926012007,finetune3,0.6926461345065996,finetune3,0.595002357378595
3,270,1,stereo_left,4,finetune,0.20703125,finetune3,393.9972506624402,finetune3,336.66326910926,finetune2,2.8812218805912275,finetune2,18.95426156750301,finetune2,8.49420324327573,finetune2,856.2106480689239,finetune2,0.8559217743858812,finetune2,0.8010260954068654
3,275,0,stereo_left,4,finetune3,0.28515625,finetune3,2637.011535668892,finetune3,2618.0245383061556,finetune,1.264520917624595,finetune2,10.407285138819653,finetune2,5.897516016443697,finetune3,2637.10233512109,finetune3,0.7237156188899685,finetune2,0.6307968887584385
3,280,0,stereo_left,4,finetune3,0.1640625,original,21443.52793556261,original,21092.004892379526,finetune3,3.121583030832764,finetune3,3.05073080755539,finetune3,3.534744890090907,original,21439.25576957497,original,0.6766050486980719,original,0.5444297082228117
3,280,1,stereo_left,4,finetune3,0.28125,finetune3,2642.9109381617827,finetune3,2608.0570541827037,finetune,1.666320463110525,finetune2,10.370576085148214,finetune2,6.754933993678689,finetune3,2645.436095628027,finetune2,0.765828677839851,finetune2,0.6589662250419854
3,285,0,stereo_left,4,finetune3,0.26171875,finetune3,1622.734361631927,finetune3,1591.022353281467,finetune,0.7298951751376848,finetune,19.04029894269023,finetune,5.262030259741479,finetune3,1624.4678742190772,finetune3,0.7695060606732111,finetune3,0.664121163810283
3,290,0,stereo_left,4,finetune3,0.375,finetune2,2220.150598272214,finetune2,2217.370454063177,finetune2,7.896691228854973,original,15.949626272415982,finetune,8.494090264813414,finetune2,2226.0960002525726,finetune2,0.7653659483595419,finetune2,0.6551135276920135
3,295,0,stereo_left,4,finetune3,0.3125,finetune2,219.15874142059283,finetune2,167.47479099479096,finetune2,5.992146668889321,original,29.97919538558181,finetune,8.72964930357139,finetune2,238.85796452568317,finetune2,0.7936542669584246,finetune2,0.7225468429217721
3,300,0,stereo_left,4,finetune3,0.22265625,original,1565.4439446114593,original,1556.337851383747,finetune2,5.429424909267103,original,17.155846245104094,finetune2,0.558057390328924,original,1577.4600718943902,original,0.8663735423437201,original,0.6912055568636685
3,305,0,stereo_left,4,finetune3,0.24609375,original,718.4160716068325,original,717.8957639802811,finetune2,5.940897369323443,original,3.9823908549156175,finetune2,40.85001470852786,original,739.8672606604189,original,0.8903789748319498,original,0.7345823575331772
3,310,0,stereo_left,4,finetune3,0.24609375,finetune2,1727.7568786508077,finetune2,1664.3071735476842,finetune3,7.087275232184721,finetune2,1.1248955181957363,finetune2,0.7196577446900321,finetune2,2709.3729633541543,finetune2,0.7860161352285824,finetune2,0.7153558052434457
3,310,1,stereo_left,4,finetune3,0.31640625,finetune2,136.35426889186567,finetune2,125.34187832665702,finetune,6.062386616858751,finetune2,19.87317468525573,finetune,11.646119395995518,finetune2,188.8171045703384,finetune2,0.8275311163751047,finetune2,0.7623312575094826
3,315,0,stereo_left,4,finetune3,0.375,finetune3,325.1738644762487,finetune3,274.3923602600971,finetune2,0.5636270914186134,finetune,55.11956452792115,original,41.64536269680255,finetune3,329.26609674422843,original,0.8386026722708121,original,0.6397269104015543
3,320,0,stereo_left,4,finetune3,0.2421875,original,37526.5033594419,original,37404.53888150165,finetune,3.0061149849652002,finetune,1.0876458721759774,finetune,1.4676203999902921,original,37527.55582766939,original,0.7266483516483516,original,0.6456361724500526
3,320,1,stereo_left,4,finetune3,0.33984375,original,110.25360046822415,original,105.2219021525425,finetune2,4.5228724973899785,original,21.18493212389272,finetune,31.371220552928015,original,165.2720879960362,finetune2,0.8665685940148534,finetune2,0.6874158203757069
3,325,0,stereo_left,4,finetune3,0.15625,finetune,24766.780045200496,finetune,24738.44224228215,finetune3,4.732596243049257,original,1.8572847453617627,original,2.270727116632582,finetune,24811.63513796545,finetune3,0.7596626844694307,finetune3,0.6281908990011099
3,330,0,stereo_left,4,finetune3,0.21484375,original,4923.36666329177,original,4858.528974435438,finetune,110.74912908944141,finetune3,1.1433367547013704,finetune3,1.3030100627180408,original,4596.557691551536,finetune3,0.8706624605678234,finetune3,0.8167281672816729
3,335,0,stereo_left,4,finetune3,0.15625,finetune,59689.61511150615,finetune,58937.55539459182,finetune,38.818382068863755,finetune3,1.8861916568871417,finetune3,1.8155781928817134,finetune,59741.23957251778,original,0.5253549695740365,finetune,0.4508108108108108
3,340,0,stereo_left,4,finetune3,0.24609375,finetune3,40304.467357484384,finetune3,40098.565869502374,finetune,31.68549069994959,finetune3,0.6349446247133818,finetune3,0.6014041878906408,finetune3,40828.28905074227,finetune3,0.7276507276507277,finetune3,0.7234726688102894
3,345,0,stereo_left,4,finetune3,0.16796875,finetune3,24993.82938540193,finetune3,24968.140928873763,finetune3,1.3313188484669014,finetune3,2.7123837163864253,finetune3,2.8703770635777546,finetune3,24993.183447598134,finetune3,0.7551594746716698,finetune3,0.6633802816901408
3,350,0,stereo_left,4,finetune3,0.16015625,finetune3,51439.186356523984,finetune3,51427.38685165791,finetune3,13.991673528954259,finetune,4.127169717077037,finetune,5.070864780095872,finetune3,51459.64468127655,original,0.5897435897435898,finetune,0.4585987261146497
3,355,0,stereo_left,4,finetune3,0.1328125,original,1969.994710151168,original,1894.7619298314385,finetune,4.8193222255448385,finetune2,7.930571470709113,finetune2,8.292464419981178,original,1963.147258243091,finetune,0.6902465166130761,finetune,0.47543859649122805
3,360,0,stereo_left,4,finetune3,0.10546875,finetune3,10764.326849675952,finetune3,10654.22998404679,finetune3,21.775916103992472,finetune2,9.644638200731828,finetune2,10.276458894452484,finetune3,10831.855302952357,finetune2,0.6761821747657442,finetune,0.5033475349969568
3,405,0,stereo_left,4,finetune3,0.1640625,finetune3,19096.288156351,finetune3,18689.065789748012,original,12.507018585038018,finetune3,1.0800634432040956,finetune3,1.2145489782202317,finetune3,19622.975429287635,finetune3,0.7512755102040817,finetune3,0.7035490605427975
3,410,0,stereo_left,4,finetune3,0.23828125,finetune2,30608.333582607487,finetune2,30602.650919990716,original,179.77907306782055,finetune3,0.7611711035912744,original,0.19234901857552794,finetune2,31133.745212134163,original,0.6740362811791383,original,0.6546961325966851
3,415,0,stereo_left,4,finetune3,0.21875,finetune2,19140.98548144581,finetune2,19137.12280734867,original,179.03304574321334,finetune,0.3547870773916398,finetune,0.44694555850201,finetune2,19679.403779698765,finetune2,0.6985994397759103,finetune2,0.7065602836879432
3,420,0,stereo_left,4,finetune3,0.21875,finetune3,27395.45130680332,finetune3,27395.109878671676,original,178.4228367065171,finetune,0.327701853477322,finetune,0.5046095211764641,finetune3,27928.50577798171,original,0.6823529411764706,finetune3,0.6385321100917432
3,425,0,stereo_left,4,finetune3,0.2265625,finetune3,30191.196978656903,finetune3,30186.829994200933,original,64.57361432712675,finetune3,0.3677803802422297,finetune3,0.9076790023709271,finetune3,30720.74599222288,finetune3,0.6320528211284514,finetune3,0.6352380952380953
3,430,0,stereo_left,4,finetune3,0.23828125,finetune2,19909.97111199519,finetune2,19903.67970812251,original,179.30930154352177,finetune3,0.5994889923540002,finetune,1.0620651393492861,finetune2,20451.250158633335,finetune2,0.7125714285714285,finetune3,0.6921692169216922
3,435,0,stereo_left,4,finetune3,0.17578125,finetune,2719.774151054419,finetune,2692.5839303994144,finetune3,146.4354440166718,finetune2,1.6668279054782453,finetune2,2.126324875270316,finetune,2995.7534102743266,finetune2,0.7155992390615092,finetune2,0.5991882293252156
3,440,0,stereo_left,4,finetune3,0.12890625,finetune2,28895.232603759403,finetune2,28662.71414579281,finetune2,29.165796220298873,finetune3,0.7417604938356136,finetune3,2.0857883245894606,finetune2,28913.601057137465,original,0.8587962962962963,finetune3,0.6457142857142857
3,465,0,stereo_left,4,finetune3,0.1796875,finetune3,6328.662842374506,finetune3,6126.407275230929,finetune,41.1228438776027,finetune3,1.4362228771705405,finetune,2.4509569893047383,finetune3,5960.144290174645,finetune3,0.8652597402597403,finetune3,0.7640091116173121
3,470,0,stereo_left,4,finetune3,0.24609375,finetune3,1232.8257524920252,finetune3,1190.1304540801357,original,158.7328961169041,finetune3,0.8427558123014416,finetune2,0.20071740670183844,finetune3,2626.798017540767,finetune3,0.8149243918474688,finetune3,0.738593666129898
3,475,0,stereo_left,4,finetune3,0.26171875,finetune3,9230.810585726169,finetune3,9101.385863920645,finetune,165.868674946096,finetune2,1.4715595236754877,finetune3,2.033691747092173,finetune3,9790.514295727482,finetune2,0.9280266920877026,finetune2,0.7995626822157434
3,480,0,stereo_left,4,original,0.35546875,finetune2,12596.056964886317,finetune2,12539.195679566212,original,8.875772780894849,original,0.5766065801239271,original,0.7953451368518942,finetune2,12604.407256320595,finetune2,0.8448637316561844,finetune2,0.7756255044390638
3,485,0,stereo_left,4,original,0.18359375,finetune2,17023.757802775443,finetune2,16992.4937020402,original,6.574856438363495,finetune2,1.9540254151598861,finetune,1.0252799942952318,finetune2,17035.017328554302,finetune2,0.7899159663865546,finetune2,0.7636203866432337
3,490,0,stereo_left,4,finetune,0.25390625,finetune3,27631.135480615074,finetune3,27598.36627042669,finetune3,3.6806921431208197,finetune,1.5515753835550536,finetune,0.9612885395487616,finetune3,27643.363563773906,finetune3,0.7034313725490197,finetune3,0.6993339676498572
3,495,0,stereo_left,4,finetune3,0.07421875,original,37095.60754975184,original,37070.61087912053,finetune3,47.680769069018865,finetune3,9.88509430189423,finetune3,9.875264403933246,original,37329.42051926949,finetune3,0.5273579989577906,finetune3,0.44340425531914895
3,500,0,stereo_left,4,finetune3,0.21484375,finetune2,36359.557195676636,finetune2,36353.77017118383,finetune,9.1988881914123,finetune3,2.259130329658607,finetune3,2.3653878193520717,finetune2,36371.12536599083,finetune2,0.715472481827622,finetune2,0.6411092985318108
3,505,0,stereo_left,4,finetune3,0.12109375,finetune3,49824.34470674417,finetune3,49709.29859940223,finetune3,16.709943740495245,original,6.7070878226525945,original,6.514722941942778,finetune3,49856.48203258276,original,0.5706447187928669,original,0.5614035087719298
3,510,0,stereo_left,4,finetune3,0.1640625,finetune2,45986.537423033966,finetune2,45832.28648354327,finetune2,72.08194032005096,finetune3,3.6109160703145493,finetune3,3.0458341523610204,finetune2,46252.11309107681,finetune3,0.8527918781725888,finetune3,0.660659114315139
3,515,0,stereo_left,4,original,0.1328125,finetune3,28640.03422512971,finetune3,28214.96758797049,finetune3,34.36342105598993,finetune3,1.0100192603654488,finetune3,0.057917944453074646,finetune3,28721.352231333625,finetune3,0.5213903743315508,finetune3,0.502209722780233
3,520,0,stereo_left,4,finetune3,0.0625,finetune2,15106.494607439534,finetune2,15087.241051122372,finetune3,43.319765247397925,original,31.289309995912532,finetune3,32.72636653026587,finetune2,15265.86184184796,finetune2,0.4498800319914689,finetune2,0.34147997284453496
3,525,0,stereo_left,4,finetune3,0.1328125,finetune,1716.504495728649,finetune,1686.4643289812666,finetune3,3.957797665208967,finetune2,11.34016503274275,finetune2,14.459546767275599,finetune,1734.6473118290135,finetune,0.6325528700906344,finetune,0.4624078624078624
3,530,0,stereo_left,4,finetune3,0.109375,original,402.806015346572,original,332.1659256978892,original,52.88245404949499,finetune2,13.056558386052027,finetune2,14.101584201376529,original,1184.0545520994358,finetune2,0.7046563192904657,finetune2,0.6289551969710628
3,550,0,stereo_left,4,finetune3,0.1171875,finetune,1097.0225362741696,finetune,1046.7986618963769,finetune2,21.335714530587918,original,14.055924967991587,finetune,6.991562523669838,finetune2,1299.1259329677052,original,0.883110906580764,original,0.7193492924216374
3,570,0,stereo_left,4,finetune3,0.21875,finetune3,12780.934319722912,finetune3,12364.341345595341,finetune,24.022949325533645,finetune3,4.822686891609601,finetune3,3.7070371445815025,finetune3,13319.258290303767,finetune3,0.7373241740268237,finetune3,0.6980920314253648
3,575,0,stereo_left,4,finetune3,0.14453125,finetune3,12460.30356604554,finetune3,12433.711415699116,finetune3,10.086063412371939,original,9.518705876241114,original,12.04711036530502,finetune3,12469.617015599319,original,0.6845168800931315,original,0.47291835084882783
3,580,0,stereo_left,4,finetune3,0.15234375,finetune3,6101.870513823702,finetune3,5795.470823648997,finetune3,13.270388459554093,finetune,8.528024422376344,finetune,12.824024794863359,finetune3,6088.54784935456,finetune,0.5106457650912494,finetune,0.4169851380042463
3,615,0,stereo_left,4,finetune3,0.23046875,finetune2,30809.744661506385,finetune2,30309.827615939634,finetune,20.39295061263254,original,3.7762703078144098,original,3.904620855293696,finetune2,30825.729826142346,original,0.689383272317657,finetune2,0.6413793103448275
3,620,0,stereo_left,4,finetune3,0.19921875,original,22341.11743973415,original,22313.195414372472,finetune2,1.6804108912070115,original,1.727210958317903,finetune3,1.5417550711963823,original,22335.734932981457,original,0.7159365761891965,original,0.5498687664041995
3,625,0,stereo_left,4,finetune3,0.15625,original,9151.399740629051,original,8896.621537828338,finetune,6.279641117824596,finetune,3.072792197976522,original,2.4131281941130025,original,9135.70564640847,original,0.6779534606205251,original,0.5544084821428571
3,630,0,stereo_left,4,finetune3,0.18359375,finetune3,37860.331511445576,finetune3,36579.514833526424,original,32.672524757543364,finetune3,32.8508031264468,finetune3,21.588040369704686,finetune3,37801.37468860781,original,0.47368421052631576,finetune2,0.3861464968152866
3,650,0,stereo_left,4,finetune3,0.234375,finetune2,27468.848074820704,finetune2,26491.494752744416,original,7.148734824723152,finetune2,0.8177775917022017,finetune2,2.34405596170764,finetune2,27464.158532742586,original,0.4732142857142857,finetune2,0.47990353697749194
3,655,0,stereo_left,4,finetune3,0.35546875,finetune2,24143.948902431624,finetune2,23919.9190151527,finetune2,9.193763937726542,finetune3,0.6503958714901271,finetune,0.576877395163597,finetune2,24144.12003176481,finetune2,0.7702020202020202,finetune2,0.7125714285714285
3,660,0,stereo_left,4,finetune3,0.23828125,finetune2,20368.47881281796,finetune2,20368.101897234723,finetune2,3.2602021516258977,finetune,1.411795038436332,finetune,1.3572341141778517,finetune2,20368.425533184487,finetune2,0.6449864498644986,finetune2,0.6408576533650983
3,665,0,stereo_left,4,finetune3,0.25390625,finetune3,18640.962154328714,finetune3,18628.42082737779,original,16.641515111092847,finetune3,1.367933397549659,finetune3,1.1534657957599714,finetune3,19175.491225215734,finetune3,0.7170542635658915,finetune3,0.6698872785829307
3,670,0,stereo_left,4,finetune3,0.24609375,finetune3,20628.060262255713,finetune3,20605.097360405343,finetune3,175.6430889529526,finetune,0.35856722817778847,original,0.5437513730532603,finetune3,21162.38091668019,finetune3,0.687027027027027,finetune2,0.6610239471511148
3,675,0,stereo_left,4,finetune3,0.16796875,finetune2,4312.049993802907,finetune2,4304.644225493263,finetune,8.781814697138122,original,3.204879645239404,original,2.5205102115917937,finetune2,4055.384287285377,finetune3,0.7367149758454107,finetune3,0.6916095573254306
3,680,0,stereo_left,4,finetune3,0.1484375,finetune2,7246.092303090144,finetune2,7179.830955254671,finetune,2.5095122924675217,finetune3,18.66682451666507,finetune3,17.65431860834317,finetune2,7246.010887633052,finetune2,0.730242069194208,original,0.5238885814425382
3,685,0,stereo_left,4,finetune3,0.234375,finetune3,17964.899476396706,finetune3,17551.22697082252,original,41.47537074036201,finetune,86.14530192947855,finetune2,21.25329677862808,finetune3,17952.32942530874,finetune3,0.7720090293453724,finetune3,0.5488074747971478
3,710,0,stereo_left,4,finetune3,0.16015625,finetune,14827.180216155068,finetune,14403.0524706332,finetune,9.72418225657863,original,17.466273112631892,original,19.827044891651514,finetune,14834.542163264794,finetune,0.4840452351797162,original,0.4267549668874172
3,715,0,stereo_left,4,finetune3,0.31640625,finetune3,14856.048234458594,finetune3,14780.476458257901,finetune3,172.90064248806084,finetune,1.3853358054471288,finetune,1.0370283836551253,finetune3,15399.806116997293,finetune3,0.7456310679611651,finetune3,0.6999582114500627
3,720,0,stereo_left,4,finetune3,0.36328125,finetune2,11778.96094328014,finetune2,11775.663472732602,finetune2,0.757012070579972,finetune,1.4733797127905206,finetune,0.9173562073739654,finetune2,11778.757680718672,finetune2,0.7578929007500436,finetune2,0.6209021444417057
3,725,0,stereo_left,4,finetune3,0.35546875,finetune3,17111.984219342005,finetune3,17109.69503892529,finetune3,1.6079272778965024,finetune,0.9014475218154416,finetune,1.071857292643748,finetune3,17112.523984487314,finetune2,0.6376466275659824,finetune2,0.6311874105865523
3,730,0,stereo_left,4,finetune3,0.296875,finetune2,18359.07843416268,finetune2,18358.32312968897,finetune,0.6126750673665747,finetune2,1.6877525832919462,finetune2,1.5323752881031376,finetune2,18896.10486478747,finetune2,0.6467054263565891,finetune2,0.6325869180907484
3,735,0,stereo_left,4,finetune3,0.33203125,original,19048.29242550183,original,19045.932367292728,finetune3,1.1047374249992574,finetune,1.270745864874175,finetune,1.1063868609334049,original,19583.21020114306,finetune2,0.6719932716568545,original,0.6405852417302799
3,740,0,stereo_left,4,finetune3,0.3046875,finetune3,18874.625789770897,finetune3,18870.449357496545,finetune3,1.1192157574124835,finetune,1.1528339954143523,finetune,1.048071454465395,finetune3,18871.926414681162,finetune3,0.650994575045208,finetune2,0.6143560872624912
3,745,0,stereo_left,4,finetune3,0.30859375,finetune2,15272.581237586906,finetune2,15270.331985785044,finetune2,3.286511738031116,original,1.086695558944722,original,2.2092503759406505,finetune2,15267.123448650682,finetune2,0.6623931623931624,finetune2,0.6203703703703703
3,750,0,stereo_left,4,finetune3,0.3125,finetune2,17498.073470254807,finetune2,17490.345093650656,original,3.718106589494352,original,1.5340925131689356,original,0.3974056867755383,finetune2,17489.855830302487,finetune2,0.647843137254902,original,0.6189111747851003
3,755,0,stereo_left,4,finetune3,0.2890625,finetune3,16439.49874751369,finetune3,16419.656848575833,finetune3,5.8288852298870495,finetune,3.857011517202526,finetune,3.5827028438144826,finetune3,16428.68964879689,finetune3,0.688,finetune3,0.5959100204498977
3,760,0,stereo_left,4,finetune3,0.28125,finetune3,19920.82828914179,finetune3,19899.56060275108,original,6.545243810949988,original,2.518882543479164,original,1.9253390123663432,finetune3,19913.54577495795,finetune3,0.6283333333333333,finetune3,0.5623420387531592
3,765,0,stereo_left,4,finetune3,0.2109375,finetune3,15791.300874912156,finetune3,15774.759847902547,finetune3,6.552541452317053,finetune3,4.922400045992003,finetune3,4.616280729105596,finetune3,15788.961240054483,finetune3,0.7190914318573893,finetune3,0.5969836614997905
3,770,0,stereo_left,4,original,0.17578125,finetune3,7175.64376197779,finetune3,7158.075250877097,finetune,8.909537157378775,finetune2,0.18491084501450972,finetune2,0.965756635097675,finetune3,7184.049241924619,finetune3,0.7368951612903226,finetune2,0.7250830564784053
3,775,0,stereo_left,4,finetune3,0.2734375,finetune3,6437.978099895666,finetune3,6425.436140249323,finetune3,9.958505948122045,finetune3,3.358062605300972,finetune3,4.2215886916090275,finetune3,6457.415683968878,finetune3,0.8020512820512821,finetune3,0.6822678843226788
3,780,0,stereo_left,4,finetune2,0.3203125,finetune2,9215.652200616569,finetune2,9185.603408172916,finetune3,10.42779204126234,finetune3,1.3043053523339494,original,3.4194814695738187,finetune2,9234.898749960896,finetune2,0.7805429864253394,finetune2,0.7371405427298502
3,785,0,stereo_left,4,finetune3,0.22265625,finetune2,1314.69633723232,finetune2,1313.432281460584,finetune2,11.897346158941227,finetune2,1.7415963934990129,finetune2,1.4967102067560278,finetune2,1345.6595451083322,finetune2,0.9135802469135802,finetune2,0.8017174082747853
3,790,0,stereo_left,4,finetune3,0.16015625,finetune3,1215.0872473303402,finetune3,1209.8290505003388,finetune3,12.94315861675063,finetune2,0.2862160194771653,finetune2,0.9369032900950107,finetune3,1248.5397415615078,finetune2,0.815688285055114,finetune2,0.7613499397348332
3,795,0,stereo_left,4,finetune3,0.16015625,finetune2,3867.2957709278817,finetune2,3828.652276097142,finetune3,15.14465451104963,finetune3,2.0336368402779934,finetune2,3.102281301439815,finetune2,4616.450711487994,finetune2,0.8626887131560029,finetune2,0.7805630543771693
3,800,0,stereo_left,4,finetune3,0.21875,finetune2,5505.157973946526,finetune2,5470.9443215550855,finetune2,12.043149912372485,finetune2,1.5824766766719798,finetune2,1.5232147634660522,finetune2,5512.314073938753,finetune2,0.9442586399108138,finetune2,0.7729257641921398
3,805,0,stereo_left,4,finetune3,0.1796875,finetune3,15601.467052171789,finetune3,15543.696581855475,finetune3,7.517605046426407,finetune3,3.7811029072933477,finetune3,3.3080628929087603,finetune3,15604.073884096131,finetune3,0.7619568188029516,finetune3,0.7713043478260869
3,810,0,stereo_left,4,finetune3,0.1640625,original,12546.821838303424,original,12541.699611258038,finetune,11.409996410215328,original,9.251167418382117,original,9.29137017400443,original,12550.200706954116,original,0.6204620462046204,original,0.5933451118963486
3,815,0,stereo_left,4,finetune3,0.13671875,finetune3,9002.838570510006,finetune3,8902.958434496308,finetune2,6.249785520003115,original,13.058120836329401,original,12.853318402791535,finetune3,9010.164392124494,finetune,0.6694230233206355,original,0.44205378973105136
3,820,0,stereo_left,4,finetune3,0.16796875,finetune2,4157.971553407172,finetune2,3901.9570183583346,finetune,8.249156768129149,finetune3,22.866792765599374,finetune3,23.245759881656657,finetune2,4149.2211231752435,finetune2,0.5969660080531884,original,0.40911201008024406
3,825,0,stereo_left,4,finetune3,0.0859375,finetune,11784.549524126402,finetune,11250.034480913419,finetune,18.791432801871537,finetune,22.813640687812995,original,20.23062816083147,finetune,11761.27650554134,original,0.5280146820684444,original,0.36359051941502774
3,865,0,stereo_left,4,finetune3,0.28125,finetune3,10863.112506155934,finetune3,10795.646051479001,original,9.100680922446175,original,2.3203669211962357,original,1.9417546598135582,finetune3,11423.709088230467,finetune3,0.7826209223847019,finetune2,0.7150407084702185
3,865,1,stereo_left,4,original,0.08203125,original,7208.44920496303,original,7087.415490145213,finetune2,24.71070200759055,finetune2,4.444029801734292,finetune,4.7716572309119085,original,7469.6881380209625,finetune2,0.6788511749347258,finetune,0.40326340326340326
3,870,0,stereo_left,4,finetune3,0.265625,finetune3,10147.135935408107,finetune3,10129.05395895052,finetune2,1.3321138120910023,finetune3,3.2806157228948427,finetune3,1.94950239823017,finetune3,10709.288308908013,finetune3,0.7380206000895656,finetune3,0.7045610425240055
3,870,1,stereo_left,4,finetune2,0.08203125,original,1882.9773045155164,original,1328.1797405416728,finetune3,42.51392964562283,finetune,4.244592600998022,finetune2,4.275865753272531,original,2897.6779681176113,finetune3,0.7194244604316546,finetune2,0.6463195691202872
3,875,0,stereo_left,4,finetune3,0.26953125,finetune2,4455.826463488062,finetune2,4449.780362673373,finetune3,6.4381481226014445,finetune2,4.210186234899162,finetune2,3.161535432400293,finetune2,4459.369878842823,finetune2,0.7865945945945946,finetune2,0.6930364756039792
3,875,1,stereo_left,4,finetune3,0.07421875,original,18561.8943346972,original,18468.195748253114,finetune,52.72304874287815,finetune3,3.7290799295118955,finetune3,2.1202665535263803,original,18457.681152227993,finetune3,0.806640625,original,0.5329018338727076
3,880,0,stereo_left,4,finetune3,0.26953125,original,13914.686149815187,original,13842.159007679358,finetune2,1.803206511654614,finetune3,3.2293389677577062,finetune3,5.606046704109509,original,13915.734483263674,original,0.7243460764587525,original,0.6413625304136253
3,880,1,stereo_left,4,finetune3,0.10546875,finetune2,26949.379449678396,finetune2,26871.181030056352,original,149.69757401662903,original,1.4065635820544122,original,0.7027655435309099,finetune2,26701.2902932539,original,0.9375,finetune2,0.5665680473372781
3,885,0,stereo_left,4,finetune3,0.20703125,original,12726.135224917358,original,12574.21793680299,finetune2,4.251679362271301,original,1.6236611985622826,original,1.877520532963553,original,12724.839984420201,original,0.6224489795918368,original,0.5738239403819283
3,885,1,stereo_left,4,finetune3,0.03125,finetune,28501.735095651595,finetune,27618.210249588898,finetune,28.88012644236169,finetune3,9.374196345336172,finetune3,6.185563193910764,finetune,28545.756275587475,finetune3,0.6599241466498104,finetune3,0.5292110874200426
3,890,0,stereo_left,4,finetune3,0.21875,finetune2,393.5451625697318,finetune2,384.9370938186039,finetune3,1.3589389958854496,finetune2,1.4833988616542357,finetune2,1.1835146059520796,original,2156.2554838585033,finetune2,0.958041958041958,finetune2,0.8671435093593061
3,895,0,stereo_left,4,finetune3,0.125,original,588.2570083312227,original,583.1079084940939,finetune3,10.61573898870071,finetune2,1.3580569988326532,finetune2,1.4182725393089188,original,646.6149776108208,original,0.7361762527770921,original,0.6064221095536335
3,900,0,stereo_left,4,finetune3,0.1640625,original,1182.4218936907712,original,1109.2643865024947,finetune3,7.648861815692609,original,10.750988626448919,finetune3,10.597018308309414,original,1210.6259495180338,original,0.8112665949049157,original,0.6922883697563427
3,915,0,stereo_left,4,finetune3,0.1875,finetune2,13789.338534595958,finetune2,13252.861398745314,finetune2,15.572524444214151,finetune2,11.607101211512642,original,27.28504929760765,finetune2,13783.3152076596,original,0.6261682242990654,original,0.3364048102451976
3,920,0,stereo_left,4,finetune3,0.19140625,original,10599.115328140831,original,10322.002781819552,original,7.8643581002498415,finetune2,2.2747518787727117,finetune2,2.081619882219406,original,10596.985961095736,original,0.5330216247808299,original,0.5361277873070326
3,925,0,stereo_left,4,finetune3,0.32421875,finetune2,4915.858991857426,finetune2,4874.125044189575,finetune2,12.017931613149106,finetune2,3.447598287011229,finetune2,2.945341760090533,finetune2,4926.30260485104,finetune2,0.9038238702201622,finetune2,0.7406633221850614
3,930,0,stereo_left,4,original,0.30078125,finetune3,12690.912324279738,finetune3,12677.873250597026,finetune2,1.5425648133542973,original,0.3071570152015345,original,0.41171432295678534,finetune3,12691.895921026477,finetune3,0.6773966165413534,finetune2,0.6507306512718745
3,935,0,stereo_left,4,finetune3,0.29296875,finetune3,12579.98328048295,finetune3,12574.640611825045,original,2.869303449030325,original,0.40371353994593046,finetune,0.4252641504686497,finetune3,13133.174894953892,finetune3,0.6908487434803224,finetune3,0.6481944941008223
3,940,0,stereo_left,4,finetune3,0.3046875,finetune3,14342.296707806032,finetune3,14340.364474613336,finetune,1.1502516311780655,finetune,3.2989335631012286,finetune,2.810708453599799,finetune3,14342.808008958456,finetune3,0.6286169970380496,finetune2,0.5913419913419914
3,945,0,stereo_left,4,finetune3,0.21875,original,3808.693546303883,original,3795.953730873989,finetune3,0.44522772435744223,finetune2,2.2650700324785684,finetune,1.7249302951114684,original,3668.338241547386,original,0.7489823609226595,original,0.6827867947443966
3,950,0,stereo_left,4,finetune3,0.15234375,finetune2,9739.055385418362,finetune2,9573.67918002094,finetune3,5.021093800000012,finetune2,1.846130601490838,finetune2,1.7002469802400608,finetune2,9731.240909170536,original,0.7168578845992798,original,0.5710082385249118
3,955,0,stereo_left,4,finetune3,0.18359375,finetune,11838.059580048299,finetune,11626.642668569599,finetune3,5.204144998975717,finetune,7.164818987037676,finetune,5.738195689502792,finetune,11827.034007765518,finetune3,0.592959295929593,finetune,0.4735992959812262
3,960,0,stereo_left,4,finetune3,0.17578125,original,3824.09307773382,original,3743.610802240124,finetune2,8.653497921329915,finetune2,2.7041668811105795,finetune2,1.6772949291038972,original,3827.7386669729367,original,0.5935904707884289,finetune2,0.48914785142024764
3,965,0,stereo_left,4,finetune3,0.24609375,finetune2,472.4493102361854,finetune2,455.6203914766447,original,2.4642417291140255,finetune2,4.826872046127216,finetune2,1.7144839478937792,finetune2,2595.3370828899815,finetune2,0.9270592127026133,finetune2,0.8299982749698119
3,970,0,stereo_left,4,finetune3,0.265625,finetune2,9797.022296549956,finetune2,9730.951135396375,original,1.9845287665457851,original,8.556026474945178,original,9.692303577607074,finetune2,9800.179989858807,finetune2,0.7395947426067908,finetune2,0.6850828729281768
3,975,0,stereo_left,4,finetune3,0.30859375,original,8712.013866818656,original,8688.597265909964,finetune3,8.738042891093045,finetune2,4.069994120070856,finetune2,2.3753759378596344,original,9282.677860125532,original,0.8044206902799167,original,0.7029064984919111
3,980,0,stereo_left,4,finetune3,0.3125,finetune2,5770.805806833697,finetune2,5768.304331360479,finetune2,5.487857317123619,finetune,2.3063468620159226,finetune2,2.2077499408848107,finetune2,5771.1363032693325,finetune2,0.7501245888567727,finetune2,0.7118897873614854
3,985,0,stereo_left,4,finetune3,0.3671875,finetune2,7320.082019642186,finetune2,7311.496842063287,finetune2,5.702099662060742,finetune2,2.1683228318109293,finetune2,1.7485000585580615,finetune2,7320.08818212837,finetune2,0.7969924812030075,finetune2,0.7347776136550139
3,990,0,stereo_left,4,finetune3,0.28515625,original,10800.845464104204,original,10795.760052664147,original,174.88470073113726,finetune,0.6737899253590957,finetune,0.4225866725757487,original,11358.709301420764,original,0.6833898305084746,original,0.6564332528458089
3,995,0,stereo_left,4,finetune3,0.296875,finetune2,7017.711823479548,finetune2,7010.191258584731,finetune2,5.95687226279468,finetune,2.193291931230829,finetune2,2.211297075345718,finetune2,7017.756704254461,finetune2,0.7903114979386165,finetune2,0.6996336996336996
3,1000,0,stereo_left,4,finetune3,0.35546875,finetune2,12085.00405156426,finetune2,12079.290753557332,finetune2,4.479207382463107,finetune,0.9148814414476583,finetune,2.0366257261256564,finetune2,12084.722509458952,finetune2,0.6908487434803224,finetune2,0.6682821755519656
3,1005,0,stereo_left,4,finetune3,0.28515625,finetune2,12170.881196709563,finetune2,12167.818112428089,finetune3,1.0494403078136814,finetune,0.9088910924743039,original,0.651673240059263,finetune2,12171.27597100178,finetune2,0.7018867924528301,finetune2,0.6764705882352942
3,1010,0,stereo_left,4,finetune3,0.27734375,finetune3,12329.645211041425,finetune3,12324.800813925067,finetune,1.49272704781349,finetune,0.2368809269610821,finetune,0.5388764307028547,finetune3,12328.850252223485,finetune3,0.7047234150037889,finetune2,0.6222641509433963
3,1015,0,stereo_left,4,finetune3,0.2421875,finetune3,8863.799992396262,finetune3,8860.262201945086,finetune3,3.089174584172342,original,3.9254526079306804,original,3.092558150517227,finetune3,8864.369737855443,finetune3,0.7115625,finetune3,0.5949328449328449
3,1020,0,stereo_left,4,finetune3,0.1640625,finetune3,235.54843074779413,finetune3,196.2360456391034,finetune,10.760022005104553,finetune2,6.2063455940662875,finetune2,4.4506486426227765,finetune3,2632.5137311437757,finetune3,0.7717480871100647,finetune3,0.7196831755280408
3,1025,0,stereo_left,4,finetune3,0.17578125,finetune2,7156.491161551543,finetune2,7046.290484013101,finetune3,2.8963938920681174,finetune2,12.494771663763823,finetune,10.92404878005901,finetune2,7127.227506897452,finetune3,0.5740913327120224,finetune2,0.45492426099318595
3,1030,0,stereo_left,4,finetune3,0.16015625,finetune3,4131.535918848214,finetune3,3843.2187896062533,finetune,4.280134325207242,original,21.957808850021614,original,28.650364234932308,finetune3,4125.787732138672,finetune,0.6533739027411277,finetune,0.4565627382528791
3,1035,0,stereo_left,4,finetune,0.2265625,finetune2,6702.978710752424,finetune2,6440.342223153326,finetune3,21.795888328713083,finetune3,34.21080237172444,original,45.40130956063524,finetune2,6734.697865175149,original,0.7216869905005726,original,0.3151828962752631
3,1040,0,stereo_left,4,finetune3,0.22265625,finetune3,4688.633114892057,finetune3,4404.112084592183,finetune,7.560471992170136,finetune2,18.690143130875644,original,50.927759865409215,finetune3,4678.725212628482,finetune,0.5614035087719298,finetune2,0.4422793593460387
3,1045,0,stereo_left,4,finetune3,0.20703125,finetune3,1163.3671829743582,finetune3,1122.129929425908,original,158.58580742916783,finetune2,9.155052482446566,finetune2,9.306000253664063,finetune3,2619.015868801862,original,0.9476968007433957,finetune2,0.7672473522716025
3,1050,0,stereo_left,4,finetune3,0.14453125,finetune3,914.0415765067885,finetune3,892.3630587571388,original,13.861674685035993,finetune3,7.862445613184269,finetune3,10.102026863838935,finetune3,2589.241949933811,finetune3,0.8127763969140386,finetune3,0.7631090233777583
3,1055,0,stereo_left,4,finetune3,0.26171875,finetune2,3423.0905230684075,finetune2,3394.5709572101623,finetune,11.250185550665037,finetune2,1.7231465456251822,finetune2,3.3316388637324748,finetune2,3432.156822978528,finetune2,0.8471255478216035,finetune2,0.7668623613829093
3,1060,0,stereo_left,4,finetune3,0.32421875,finetune2,8378.486820463704,finetune2,8376.725153475069,finetune2,2.488218323089328,original,0.8006172168173198,original,2.4294776762949177,finetune2,8374.609428083339,finetune2,0.6454545454545455,finetune2,0.6223605090197175
3,1065,0,stereo_left,4,original,0.37890625,finetune2,5210.714591299257,finetune2,5208.884713669511,finetune3,1.0191807212858053,finetune,1.0651678281814396,finetune,1.0996960925003034,finetune2,5209.02949344051,finetune2,0.7267406962785115,finetune2,0.7029104266742018
3,1070,0,stereo_left,4,finetune,0.31640625,finetune2,3964.6473205658135,finetune2,3964.138307476911,finetune2,1.7026983136988483,finetune,1.209926175681027,finetune,2.3934821981807675,finetune2,3966.2157817975567,finetune2,0.7565217391304347,finetune2,0.7286398353714036
3,1075,0,stereo_left,4,finetune,0.3203125,finetune2,4421.57121374131,finetune2,4421.2005003217055,finetune2,1.214923252204508,finetune2,2.015074574065158,original,2.719963767264246,finetune2,4423.250314104837,finetune3,0.7004670510107276,finetune2,0.6620103413736159
3,1080,0,stereo_left,4,finetune3,0.28125,finetune2,3321.878028384215,finetune2,3321.3085622030303,finetune2,1.4410194274868915,finetune2,3.257952384671688,original,4.872630300681073,finetune2,3321.577742247798,finetune2,0.7174556213017751,finetune2,0.6863569719885794
3,1085,0,stereo_left,4,finetune,0.27734375,finetune2,2099.055557564897,finetune2,2098.7379382727486,finetune,0.5595955664101052,finetune2,1.0216107505140002,original,3.3475106084478896,finetune2,2099.445573590107,finetune2,0.7848844161020326,finetune2,0.7491287131649587
3,1090,0,stereo_left,4,finetune3,0.26953125,finetune3,1794.9154558539174,finetune3,1792.2234368644095,finetune2,1.3852656100943987,original,6.031130827757047,finetune,6.405527749091623,finetune2,2331.436942691922,finetune3,0.7979997368074747,finetune3,0.7112817220642761
3,1095,0,stereo_left,4,finetune3,0.296875,finetune3,1695.9614372948279,finetune3,1686.7362077606595,finetune,1.1592677041863921,finetune,6.924420239811369,finetune,6.802921576798624,finetune3,1697.6668889665366,finetune2,0.7676117426836506,finetune2,0.6973560375582745
3,1100,0,stereo_left,4,finetune3,0.23828125,finetune3,305.1503759807388,finetune3,232.7480977704181,finetune,8.520784267878533,finetune,53.04421064270289,finetune,12.395543069702953,finetune3,339.40010233281834,finetune3,0.7384516450234411,finetune3,0.6602056962025317
3,1105,0,stereo_left,4,finetune3,0.3203125,finetune3,1100.789003148144,finetune3,1096.151680713907,finetune,14.226669854543372,finetune3,47.100342040734695,finetune3,25.70814925022242,finetune3,1131.3925981223506,finetune3,0.7475385315501871,finetune2,0.6291797254944342
3,1110,0,stereo_left,4,finetune3,0.328125,finetune3,1252.0917836503693,finetune3,1249.3043097858408,finetune,7.7311585962764715,finetune3,26.516881906305986,finetune2,8.724013579939092,finetune3,1263.4679183190574,finetune3,0.7651357768214868,finetune3,0.6822681729272284
3,1115,0,stereo_left,4,finetune3,0.29296875,finetune3,2117.0555339767056,finetune3,2114.082802303985,finetune3,2.0761726096940474,finetune3,12.180604655599947,finetune,7.6838856408560146,finetune3,2114.108794063005,finetune3,0.7175669609456831,finetune2,0.6746948541094226
3,1120,0,stereo_left,4,finetune3,0.33984375,finetune3,2763.4453928466514,finetune3,2758.3737947229783,finetune2,5.254105890037219,finetune3,9.023531820539114,original,3.773362434907023,finetune3,2760.522303159652,finetune3,0.7048701098358633,finetune3,0.6223924885955977
3,1125,0,stereo_left,4,finetune3,0.3203125,finetune3,3156.5755684857468,finetune3,3149.4015531335936,finetune3,4.319193786255807,finetune2,9.830149148656593,original,4.900249954058543,finetune3,3153.9762348889885,finetune3,0.677850923763007,finetune2,0.6609885951751882
3,1130,0,stereo_left,4,finetune3,0.28515625,finetune3,2710.229011229709,finetune3,2708.9745924648196,finetune2,2.532976178481155,finetune3,7.052391240886389,finetune,5.3213087215042965,finetune2,2848.0472650514284,original,0.7354248133665127,finetune2,0.6885590437409694
3,1135,0,stereo_left,4,finetune3,0.2734375,finetune2,2267.5043731304218,finetune2,2264.0176004784626,finetune2,1.9064706241069265,original,1.518773655363642,original,4.323632638639147,finetune2,2267.6643246213794,finetune2,0.7831364829396326,finetune2,0.6959787177753608
3,1140,0,stereo_left,4,finetune3,0.26953125,finetune2,2660.93731289935,finetune2,2658.5120794950562,finetune2,1.5329883095531298,finetune2,0.8672806446312247,finetune3,4.289412759233243,finetune2,2664.7836191186475,finetune2,0.7773956804361501,finetune2,0.7261819127932782
3,1145,0,stereo_left,4,finetune3,0.26171875,finetune2,2092.4324384813517,finetune2,2087.170674407298,finetune,0.9473733420440501,finetune2,9.744143097838652,original,2.224297767771393,finetune2,2095.5135234747954,finetune2,0.8173567076961333,finetune2,0.7668321416101167
3,1150,0,stereo_left,4,finetune3,0.28515625,finetune2,2405.2552818434115,finetune2,2401.8934514005996,finetune2,0.6285843684544824,finetune2,5.449799950164166,original,5.531107831749289,finetune2,2404.9013031369054,finetune2,0.7713626825670538,finetune2,0.7395750291285951
3,1155,0,stereo_left,4,finetune3,0.3125,finetune2,2510.0452685196597,finetune2,2509.721697950783,finetune2,1.5674462037576358,finetune2,1.1930702781784674,finetune,5.288900835684228,finetune2,2510.1712659739846,finetune2,0.749281339832521,finetune2,0.7197659197659197
3,1160,0,stereo_left,4,finetune3,0.265625,finetune3,2042.9742272648496,finetune3,2039.5969742932139,finetune2,0.5893066603081042,finetune2,5.688782491527282,finetune,6.297032439049117,finetune3,2043.1669293435707,finetune3,0.76482651136084,finetune2,0.6706471021611002
3,1165,0,stereo_left,4,finetune3,0.3671875,finetune2,2297.6297700317623,finetune2,2287.986795827099,finetune2,4.653672597320172,original,17.74548377365305,original,8.204305874058777,finetune2,2300.2018561720356,finetune2,0.7159417593152533,original,0.6381790005981186
3,1170,0,stereo_left,4,finetune3,0.36328125,finetune3,2672.420012369253,finetune3,2650.9444714738893,finetune3,1.7800188612414074,original,19.676361736675133,finetune,10.346529768577296,finetune3,2676.8956991426403,original,0.7196428571428571,finetune3,0.6209741990787404
3,1175,0,stereo_left,4,finetune3,0.28125,finetune2,834.499964197814,finetune2,826.627927697109,finetune,1.526034017257026,original,23.029467708643807,finetune,9.30232192146835,finetune2,837.8931331744363,finetune2,0.8413477742050082,finetune2,0.75762923649667
3,1180,0,stereo_left,4,finetune3,0.3984375,original,318.71240350585396,original,295.3010399592149,finetune2,4.826876708638771,finetune,18.68879574375195,finetune,34.17486979735768,original,340.3968412580922,original,0.8058093115043099,finetune2,0.6510824238731973
3,1185,0,stereo_left,4,finetune3,0.39453125,original,182.1084397298527,original,100.59235935669221,finetune3,8.433296389222301,finetune,45.58343912506908,original,130.9914166392893,finetune3,337.82301748926795,finetune3,0.9057604215231372,finetune3,0.7607885868886028
3,1190,0,stereo_left,4,finetune3,0.16015625,finetune2,380.540305359333,finetune2,369.15237750065444,finetune2,15.198910183978853,finetune2,27.594494391634658,original,32.61663454954372,finetune2,524.1653175226236,finetune2,0.9139147732135493,original,0.5406563244944504
3,1195,0,stereo_left,4,original,0.11328125,original,10109.8928125605,original,9802.495553276007,finetune,85.73681485813157,finetune,298.1238863323498,finetune3,96.86560483054163,original,10093.442256081147,finetune,0.4663683211282886,original,0.46218756296147057
3,1200,0,stereo_left,4,finetune3,0.25,original,884.488724694412,original,875.0130779891169,original,12.884418278043226,original,23.01711094292537,original,104.23719028220081,original,962.5847440209262,finetune3,0.8104230958025274,finetune3,0.6884108650558163
3,1205,0,stereo_left,4,finetune3,0.26171875,original,936.3619781696121,original,927.0083387567447,original,6.279261873083065,finetune3,28.313004082404447,finetune,52.634644298953724,original,921.0432667158556,original,0.8206826202675609,original,0.6766435221595548
3,1210,0,stereo_left,4,finetune3,0.26953125,finetune3,1112.4633006330614,finetune3,1106.1077249132595,finetune,3.4455798117620935,finetune3,15.814283964584453,finetune2,42.449856929573535,finetune3,1103.2307354081,finetune3,0.7889309698443004,finetune2,0.6960168162272324
3,1215,0,stereo_left,4,finetune3,0.29296875,finetune3,2444.726503645957,finetune3,2433.0592128879507,finetune2,5.236597317552235,original,9.652642442199216,original,35.02443877717776,finetune3,2448.6798285964064,original,0.7893547577203113,original,0.6702556504961411
3,1220,0,stereo_left,4,finetune3,0.32421875,finetune3,1747.1810178088533,finetune3,1740.0564546085734,finetune3,8.084199236100886,original,16.05257312984218,finetune,5.8918956759092405,finetune3,1750.5415221122614,finetune2,0.7141381371126099,finetune2,0.6216295071603978
3,1225,0,stereo_left,4,finetune3,0.30078125,finetune3,2521.40925821719,finetune3,2513.205506695449,finetune,2.4191063168908986,original,3.8837259382733236,original,6.94233916082374,finetune3,2518.7260778186865,original,0.7086588541666666,original,0.6475550240780841
3,1230,0,stereo_left,4,finetune3,0.28125,finetune3,2156.5074971037407,finetune3,2147.9986997504384,finetune2,9.226853565929435,finetune,16.55387410523723,finetune,10.051945169487855,finetune3,2163.987520171314,finetune3,0.724787289810073,finetune3,0.6277680140597539
3,1235,0,stereo_left,4,finetune3,0.21484375,finetune3,416.26127221381637,finetune3,379.4696951132064,finetune,11.3799225572878,original,21.861218013422494,original,11.071478877542702,finetune3,2714.502967572873,finetune3,0.816726018004468,finetune3,0.6830614598780689
3,1240,0,stereo_left,4,finetune3,0.20703125,finetune3,235.07089724708385,finetune3,192.76329158241788,finetune,10.219737643867933,finetune3,25.33661395628525,finetune3,15.016484851591576,finetune2,1291.644243252752,finetune3,0.8304498269896193,finetune3,0.6837031343981822
3,1245,0,stereo_left,4,finetune3,0.25,finetune3,1743.504843593539,finetune3,1734.416430838639,finetune3,16.428318923560223,original,25.621826855284002,finetune,13.078169579594718,finetune3,1771.301501554301,finetune3,0.824966078697422,finetune2,0.6996284219306893
3,1250,0,stereo_left,4,finetune3,0.2421875,finetune3,1421.087497030876,finetune3,1418.4612314714796,finetune2,11.011358607507086,finetune3,21.093405776932457,finetune,12.20251694098237,finetune2,1564.6813191492295,finetune3,0.784087224383917,finetune3,0.7001693519568696
3,1255,0,stereo_left,4,finetune3,0.20703125,finetune3,285.5229489033855,finetune3,238.0864620687753,finetune,10.09022505238884,finetune2,19.201983514345905,finetune2,9.210262464820541,finetune3,358.1431639209402,finetune2,0.8056457201210839,finetune2,0.7427129066473329
3,1260,0,stereo_left,4,finetune3,0.19921875,finetune3,1091.103171813755,finetune3,1083.8432217733935,finetune,7.298860201739406,finetune3,22.766940129623748,finetune3,6.908540430369943,finetune2,2166.230932293818,finetune3,0.7763418634859532,finetune3,0.6840121861418733
3,1265,0,stereo_left,4,finetune3,0.3203125,finetune3,3730.573198423508,finetune3,3725.7986370337458,finetune3,4.46518772980891,finetune3,12.323509348084144,original,3.85208161913414,finetune3,3729.7427186150685,finetune3,0.6588257977441434,finetune2,0.6205506941246135
3,1270,0,stereo_left,4,finetune3,0.3046875,finetune3,3341.140976433621,finetune3,3340.628172049055,finetune,1.2770726449889305,finetune3,3.5599593603374404,finetune3,4.602423348004624,finetune3,4211.806364476757,finetune3,0.7065276953285539,finetune3,0.6526478667547551
3,1275,0,stereo_left,4,finetune3,0.29296875,finetune2,727.2775303551772,finetune2,720.9440448507194,finetune2,7.338929651779775,finetune,17.432350370084244,original,1.5771714447159106,finetune2,741.1568610840516,finetune2,0.807233290803808,finetune2,0.7280859435818319
3,1280,0,stereo_left,4,finetune3,0.33984375,finetune2,2419.097262256469,finetune2,2409.073194001381,finetune3,3.2949194905622656,finetune,16.61057137783595,finetune2,6.360651390992278,original,2828.142345759598,finetune2,0.7020982670493792,finetune2,0.626650118470044
3,1285,0,stereo_left,4,finetune3,0.265625,finetune2,253.18594785512755,finetune2,202.7185743551363,finetune,8.117721125153558,finetune,30.275465417850782,original,6.419163609622694,finetune2,289.04165857563913,finetune2,0.8669758077824351,finetune2,0.7819795298797723
3,1290,0,stereo_left,4,finetune3,0.27734375,finetune2,1685.7436000222115,finetune2,1677.1914906518414,finetune2,2.221345879078811,finetune2,14.775356953493512,finetune2,37.724992442614614,finetune2,1678.607368894469,original,0.7623355263157895,finetune2,0.6934914210478652
3,1295,0,stereo_left,4,finetune3,0.3359375,finetune2,1614.5620999278171,finetune2,1610.641623404439,original,7.412435716275985,original,21.26016525957785,finetune,1.8543079450824835,finetune3,1880.8651451468486,finetune2,0.7163532763532764,finetune2,0.6634398656597131
3,1300,0,stereo_left,4,finetune3,0.30859375,finetune3,1378.8107123569625,finetune3,1368.328292733113,finetune,7.364869291928179,finetune2,36.356030406508204,finetune3,21.138461050444906,finetune3,1385.6848150430937,finetune3,0.74148721165238,finetune3,0.6519589390902709
3,1305,0,stereo_left,4,finetune3,0.3046875,finetune3,2314.49626998148,finetune3,2309.0177195493925,original,3.06806925241437,original,16.980802510949943,finetune,2.7559992769058783,original,3159.697073719153,finetune3,0.7246054008792129,finetune2,0.6651387860371287
3,1310,0,stereo_left,4,finetune3,0.2890625,finetune2,2432.638647079234,finetune2,2432.3336243066296,finetune,1.0305702597417172,finetune2,1.0127282295086035,finetune,5.214044187435706,finetune2,2431.638632483233,finetune3,0.7385483720496315,finetune2,0.717763839498222
3,1315,0,stereo_left,4,finetune3,0.31640625,finetune,2744.27034619204,finetune,2743.3613871106318,original,0.9046466727843937,finetune,2.705874946791034,finetune,4.1329872558271985,finetune,2744.139042619975,finetune,0.7338608038089903,finetune,0.6942898067069299
3,1320,0,stereo_left,4,finetune3,0.26953125,finetune3,2598.5338577732377,finetune3,2597.2664111446793,finetune2,2.0834760921045117,original,8.431527555120535,original,3.2136726649571288,finetune2,3033.375820374894,finetune3,0.7214729010190768,finetune3,0.6764775351669116
3,1325,0,stereo_left,4,finetune3,0.3046875,finetune3,1260.8866382153233,finetune3,1253.2003302986723,finetune,1.5745238948908968,finetune2,8.684366394026886,finetune,8.416164076776706,finetune3,1262.2498111529624,finetune3,0.7697796923920744,original,0.6749472316934567
3,1330,0,stereo_left,4,finetune3,0.3046875,finetune2,689.8572295955106,finetune2,681.9924444773151,finetune,0.9846935907532028,original,13.223230526272145,finetune3,14.322314348131256,original,2264.1761894807833,finetune2,0.8574119574119574,finetune3,0.6983648097221575
3,1335,0,stereo_left,4,finetune3,0.36328125,finetune3,120.27432867925744,original,58.20770385762171,finetune3,3.1399089052797904,finetune,25.753315442509138,finetune,32.36691640036426,finetune3,132.49370035242805,original,0.9071255953163392,finetune2,0.7662428114602627
3,1340,0,stereo_left,4,finetune3,0.40234375,finetune2,152.04891693356385,finetune2,52.877188209962696,finetune3,13.838527945378056,finetune2,66.4467677845294,finetune,42.63966988409584,finetune3,391.84818537175283,finetune3,0.8320832842653542,finetune3,0.6513047430389408
3,1345,0,stereo_left,4,finetune3,0.328125,finetune3,286.07374144840315,finetune3,231.2895213410884,finetune,9.723790311390848,original,98.14073189084303,finetune2,88.41853133085384,finetune3,450.71568518213314,original,0.8616192952841523,finetune3,0.6541599369777372
3,1355,0,stereo_left,4,finetune3,0.140625,finetune3,2365.2535184015383,finetune3,2256.117986670153,finetune,14.766918895084821,finetune3,3.7801939393024715,original,162.44179226028828,finetune3,2401.6870634932748,original,0.757752547870924,finetune2,0.520158670787645
3,1360,0,stereo_left,4,finetune3,0.296875,finetune3,921.9996804466679,finetune3,892.3567456069923,finetune3,5.772021987056385,finetune2,13.914575947662692,finetune,7.0320755307903084,finetune3,937.9776446309284,finetune2,0.8524979723095749,finetune2,0.7251938529059537
3,1365,0,stereo_left,4,finetune3,0.26171875,finetune3,1250.0840863254436,finetune3,1235.1502154337886,finetune3,5.8780210556898345,original,10.118335537955625,original,3.3079631777008545,finetune3,1258.4161521937165,finetune2,0.7524059800758077,finetune2,0.6763682250218794
3,1370,0,stereo_left,4,finetune3,0.265625,finetune3,2183.503651920704,finetune3,2172.6854390648623,finetune3,2.7255604444222143,finetune,1.6562550623487509,finetune,3.7392907567564735,finetune3,2184.4338377438426,original,0.7519139250982826,original,0.7134869883390897
3,1375,0,stereo_left,4,finetune3,0.28515625,finetune2,3657.8887591551893,finetune2,3656.6287052088883,finetune2,1.4834887751674743,finetune3,1.1699091448099466,original,4.377126458238713,finetune2,3657.923619260911,finetune2,0.7193037642864633,finetune2,0.6664440219904434
3,1380,0,stereo_left,4,finetune3,0.28125,finetune2,4181.029976076524,finetune2,4180.7038559072025,finetune2,0.7851189808975853,finetune3,1.5046659768417034,original,2.2730090515015475,finetune2,4182.431192485515,finetune2,0.7283214683935157,finetune2,0.6959537202761442
3,1385,0,stereo_left,4,finetune3,0.296875,finetune3,5029.634569270113,finetune3,5026.672753640367,finetune2,0.9338100290656215,finetune3,0.7563202266878638,finetune,3.194925611233973,finetune2,5254.027143798383,finetune3,0.7041343669250646,finetune2,0.6596946460358757
3,1390,0,stereo_left,4,finetune3,0.27734375,finetune3,4323.705730875072,finetune3,4315.176101761179,finetune2,0.45809347737916706,finetune2,2.1122306033185616,finetune,3.3197018538808964,finetune3,4322.44931470291,finetune3,0.7354404095035735,finetune2,0.6626471432672983
3,1395,0,stereo_left,4,finetune3,0.27734375,finetune2,4451.74362875133,finetune2,4450.045875899992,finetune2,0.689164064080872,finetune2,1.4067471051414486,finetune,3.0134574088150172,finetune2,4449.997866429551,finetune2,0.7482364796775277,finetune2,0.712298927613941
3,1400,0,stereo_left,4,finetune3,0.26953125,finetune2,5294.49949272111,finetune2,5292.959992246215,original,0.3848297576004504,finetune2,1.784100517823622,finetune,1.463274288647863,finetune2,5293.974678597191,finetune2,0.7196762589928057,finetune2,0.7050052080478044
3,1405,0,stereo_left,4,finetune3,0.28125,finetune2,6462.461502013986,finetune2,6457.957140272054,finetune2,2.163569804294112,original,3.374488517915751,original,1.4616685657973068,finetune2,6457.6189365658265,finetune2,0.7082102017217011,finetune2,0.6787961341376403
3,1410,0,stereo_left,4,finetune3,0.359375,finetune3,7465.549365461501,finetune3,7461.118167843684,finetune,2.076166173013947,finetune,1.8076637468040808,original,1.1859435816897006,finetune3,7462.3396980286625,finetune2,0.6850877192982456,finetune2,0.6602483086759349
3,1415,0,stereo_left,4,finetune3,0.30859375,finetune2,8334.381161731064,finetune2,8329.12956714462,original,2.550857541698351,original,3.716788167466267,original,0.8840633141981606,finetune2,8331.793769166909,finetune2,0.6253186066270179,finetune2,0.5207538867703139
3,1420,0,stereo_left,4,finetune3,0.26953125,finetune3,7377.30212131616,finetune3,7374.835029254216,finetune,2.600119445930059,original,1.906862653047495,original,1.0539909963248952,finetune3,7962.074680024165,finetune3,0.6858407079646017,finetune3,0.6775026216020005
3,1425,0,stereo_left,4,finetune3,0.265625,finetune3,7958.96455933837,finetune3,7958.364038105312,original,2.7691322783899954,original,4.084157676024836,original,2.086320856894031,finetune3,8541.741417632473,finetune3,0.6532544378698225,finetune3,0.6396403628481978
3,1430,0,stereo_left,4,finetune3,0.26953125,finetune3,6777.861526748058,finetune3,6777.128353675442,original,176.84135914875287,finetune2,4.460058723508564,finetune2,1.728119348209657,finetune3,7383.696416480889,finetune3,0.6641899766899767,finetune3,0.6410647547860575
3,1435,0,stereo_left,4,finetune3,0.265625,finetune3,4903.893008539963,finetune3,4903.585585649809,finetune3,4.731193333962825,original,4.585098327168375,finetune,1.6482069711293483,finetune3,4914.214205425298,original,0.7191352080123267,finetune3,0.6591845746246688
3,1440,0,stereo_left,4,finetune3,0.25,finetune3,5401.131849764201,finetune3,5399.4961851146945,finetune2,3.885177220272707,finetune,5.129888808447854,original,2.4271978673863797,finetune3,5405.35403742847,finetune2,0.7018067791548455,finetune2,0.6099756511473474
3,1445,0,stereo_left,4,finetune3,0.23828125,finetune3,4155.996603153411,finetune3,4153.609483054082,finetune,6.338390411436289,finetune2,10.911964495581858,finetune2,8.046785432570871,finetune3,4154.453598194306,finetune3,0.7186414511771517,finetune2,0.676692290469438
3,1450,0,stereo_left,4,finetune3,0.23828125,finetune3,5074.4645021858205,finetune3,5070.60108387607,original,6.097404342824776,original,4.6050586187824925,original,2.967683234551407,finetune3,5076.737510120634,finetune3,0.6903379343169919,finetune3,0.6326324884792627
3,1455,0,stereo_left,4,finetune3,0.22265625,finetune2,5499.770694203248,finetune2,5497.537556057483,finetune2,6.253193632305031,original,6.233074962697831,original,4.318043393473106,finetune2,5500.0120754248655,finetune2,0.6881492881877646,finetune3,0.6294623018812028
3,1460,0,stereo_left,4,finetune3,0.30859375,finetune2,5880.373616770236,finetune2,5869.65817931098,finetune2,5.051711741153027,finetune,4.51066569883353,original,3.7689950176184968,finetune2,5883.929546889384,finetune2,0.7610008628127696,finetune2,0.6501076706022129
3,1465,0,stereo_left,4,finetune3,0.27734375,finetune2,5538.837401596885,finetune2,5538.078471385947,finetune3,0.43671055292682703,original,1.20860291149841,finetune,1.4477775635342343,finetune2,5540.235630070129,finetune2,0.7194570135746606,finetune2,0.6938259421451921
3,1470,0,stereo_left,4,finetune3,0.203125,finetune3,157.9573553981197,finetune3,38.847494171870494,finetune,10.860565848918112,finetune2,9.322282213698571,finetune2,2.6783208135676126,finetune3,2658.5071877251166,original,0.8304597701149425,original,0.7402825725610536
3,1475,0,stereo_left,4,finetune3,0.22265625,finetune3,178.50522054011864,finetune3,79.96657178080204,finetune,12.11229465763619,finetune2,18.388698790204163,finetune2,6.240589609526547,finetune3,2661.8172347183527,original,0.8740327814294034,original,0.7326090081948695
3,1480,0,stereo_left,4,finetune3,0.203125,finetune3,398.22659835537706,finetune3,379.7041245141918,original,15.36263498599012,finetune2,19.52141232987661,finetune2,8.228227836555241,finetune2,856.0838154663995,finetune3,0.8537993116229812,finetune2,0.7124557260920897
3,1485,0,stereo_left,4,finetune3,0.19921875,finetune,2705.8155246514443,finetune,2698.7899852488426,finetune3,11.599423091203732,finetune2,19.111675430161164,finetune,43.96966689770456,finetune,2737.0928176151265,finetune,0.7185865724381626,finetune,0.6009552641625014
3,1490,0,stereo_left,4,finetune3,0.2890625,finetune3,1735.2583517955638,finetune3,1731.2601036541328,finetune,17.85027315755474,original,34.48648242734311,finetune2,54.7501738801843,finetune3,1831.538035686984,finetune3,0.8449511442447728,finetune3,0.6103795785653978
3,1495,0,stereo_left,4,finetune3,0.265625,finetune3,3564.031258513615,finetune3,3536.9658391565845,finetune,17.321928382398102,finetune,71.18630491858198,original,51.03761295326981,finetune3,3608.56831618257,finetune3,0.8313682306209934,finetune2,0.5803543324789784
3,1500,0,stereo_left,4,finetune3,0.34375,finetune3,1446.941141472494,finetune3,1440.1769769580987,finetune,15.58500007867332,finetune,36.96404306954502,original,25.9835760067392,finetune3,1537.7149361055456,finetune3,0.8810709316166239,finetune3,0.6407506498639466
3,1505,0,stereo_left,4,finetune3,0.40625,finetune2,1178.147621976796,finetune2,1177.213985232318,finetune3,19.262577305753638,original,53.71340191517797,finetune3,21.467756841392895,finetune2,1249.846320963505,finetune2,0.8600698612703198,finetune2,0.6947532309884614
3,1510,0,stereo_left,4,finetune3,0.2578125,finetune2,1060.884385007236,finetune2,891.5025948919028,finetune2,14.12625327751785,finetune,47.68630477357553,original,5.690853562103069,finetune2,1119.3375133677914,finetune3,0.8353894212950707,original,0.6241300193648582
3,1515,0,stereo_left,4,finetune3,0.30859375,finetune2,1457.009935327499,finetune2,1448.594155212808,finetune3,15.249707199710873,finetune3,24.053386710582835,original,2.846589191043479,finetune3,1548.4719823754135,finetune3,0.7586379569354031,finetune2,0.646575080951297
3,1515,1,stereo_left,4,finetune3,0.0546875,finetune,5511.476095183353,finetune,5224.743576931534,finetune,50.11909456395173,finetune3,3.239403829543246,finetune3,2.8174775628402866,finetune,5315.889931274742,finetune2,0.7113821138211383,finetune3,0.5502958579881657
3,1520,0,stereo_left,4,finetune3,0.25390625,finetune2,269.1922462868787,finetune2,223.4054374232055,finetune,6.040798379425165,original,32.36375750956231,finetune,14.547143531064256,finetune,2650.1890524085916,finetune2,0.8845119655821457,finetune2,0.7272308214857587
3,1525,0,stereo_left,4,finetune3,0.2890625,finetune3,1800.8642507258492,finetune3,1795.3820808477358,original,4.503681638268642,finetune3,5.611545417181806,finetune2,7.04356417823732,original,2600.1247484732194,original,0.7252732470153018,original,0.6913763281443044
3,1530,0,stereo_left,4,finetune3,0.32421875,finetune2,1501.2870855674369,finetune2,1500.77928616592,original,1.859349428815662,finetune2,3.183319241569867,finetune,7.857244732215434,finetune2,1501.8784447594458,finetune2,0.8062888198757764,finetune2,0.7733299505824215
3,1535,0,stereo_left,4,finetune3,0.2890625,finetune2,1378.8742462036646,finetune2,1378.4682998471599,finetune2,2.119305626734163,finetune2,8.151393152368152,finetune3,5.0260677593483445,finetune2,1379.1604814818727,finetune2,0.8336658549996072,finetune2,0.7933236841500678
3,1540,0,stereo_left,4,finetune3,0.28515625,finetune3,1878.40305423304,finetune3,1875.4078293974435,finetune,5.087937583968438,original,19.369852358061564,finetune2,4.424549085048138,finetune,3142.449519721345,finetune3,0.7671368473150211,finetune3,0.6644063575439232
3,1545,0,stereo_left,4,finetune3,0.3828125,finetune2,2285.7880195533253,finetune2,2279.053125456894,finetune2,5.141090246581076,original,16.762363757998262,finetune,6.842411466622299,finetune2,2287.7346139996885,finetune2,0.7123563797621447,finetune,0.623941559255587
3,1550,0,stereo_left,4,finetune3,0.36328125,finetune2,2248.7481489031898,finetune2,2241.064022931041,finetune2,5.169886479215736,original,15.953576169366348,finetune,8.896170912149149,finetune2,2251.217305901143,finetune2,0.7101067946138369,finetune2,0.6241207470618068
3,1555,0,stereo_left,4,finetune3,0.328125,finetune2,1054.0353949822,finetune2,1036.682575487177,finetune3,7.633292021573577,original,23.493503078276415,finetune,6.532231562031724,finetune2,1062.2867626911705,finetune2,0.7511207635139174,finetune2,0.6498033893586665
3,1555,1,stereo_left,4,original,0.1015625,finetune,9784.563604945979,finetune,9592.745573158376,finetune2,14.403175225907558,finetune3,0.7283795734357621,finetune3,1.5690920014263985,finetune,9766.00703240958,finetune2,0.8928571428571429,finetune2,0.7375
3,1560,0,stereo_left,4,finetune3,0.30078125,original,1742.2006856113774,original,1735.347244678098,finetune,2.410372487999886,original,5.147767513290933,original,51.6246767279378,original,1743.826948850786,original,0.8007584451873659,original,0.7026563281640821
3,1560,1,stereo_left,4,finetune2,0.09375,original,96830.9967866199,original,96704.51612471021,finetune,14.06837384259512,finetune3,1.9098784956821009,finetune3,2.0316916230492974,original,96761.20646179312,original,0.6854304635761589,original,0.4293193717277487
3,1565,0,stereo_left,4,finetune3,0.296875,finetune3,382.4629845326278,finetune3,312.83303839645487,finetune2,3.464127475122953,finetune2,33.77992731599089,finetune,8.246805499374041,finetune3,443.6009944853289,finetune3,0.7642719404457599,finetune2,0.6592417344960413
3,1570,0,stereo_left,4,finetune3,0.30078125,finetune3,430.1620571046807,finetune3,367.8010964158384,finetune2,10.94663732777026,original,50.34200414442104,finetune,16.291019011835942,finetune3,469.1215551418921,finetune3,0.7506885373760024,finetune3,0.655401454833107
3,1575,0,stereo_left,4,finetune3,0.34765625,finetune2,1051.390576283483,finetune2,1032.4921008382025,finetune3,7.885532099272715,original,37.674514876981,original,7.691164678682762,finetune2,1058.8937901661338,finetune2,0.7464200093321105,finetune2,0.6434108963251345
3,1580,0,stereo_left,4,finetune3,0.359375,finetune2,2085.3419978269,finetune2,2077.9257884122126,finetune,5.4703954138003255,original,29.858317358995464,original,3.90284028090421,finetune2,2088.1481968091143,finetune2,0.6948574649963953,finetune2,0.612465431897934
3,1585,0,stereo_left,4,original,0.328125,finetune2,1231.9396757357047,finetune2,1224.7563727064735,original,2.154061159332966,original,16.639940888583975,original,16.072851036153413,finetune2,1233.4962016632765,finetune2,0.7661389031468393,finetune2,0.6688375148194431
3,1590,0,stereo_left,4,finetune3,0.328125,finetune2,1025.492423395395,finetune2,1019.888510538327,finetune2,1.74449016533364,original,12.115095198720109,finetune,11.015979868651282,finetune2,1026.5136801890797,finetune2,0.8004718526771086,finetune2,0.6952068197940363
3,1595,0,stereo_left,4,finetune3,0.2890625,finetune2,331.89393209338135,finetune2,330.43556071113926,finetune2,0.30058713317533,finetune2,7.404597936122329,finetune,13.274110381530473,finetune2,332.2705675371625,finetune2,0.9326304464766003,finetune2,0.8963873467447555
3,1600,0,stereo_left,4,finetune3,0.2890625,finetune2,140.60272647019025,finetune2,24.061421049917044,finetune2,2.477239751176094,original,46.80500494457375,finetune,14.81850004950126,finetune2,156.74607459025938,original,0.7632878621245551,original,0.6531621754794616
3,1605,0,stereo_left,4,original,0.08984375,finetune,7105.427368413213,finetune,6924.70281182856,finetune,15.306509146852958,finetune3,77.39428315026792,finetune2,80.65723515533979,finetune,7142.373559812486,original,0.4232324065671149,finetune,0.4796812181558043
3,1610,0,stereo_left,4,original,0.02734375,finetune2,8970.602365555264,finetune2,8734.638457227169,finetune2,3.74791212427225,finetune2,327.5120109552929,original,49.38050925679555,finetune2,8965.249502363626,original,0.7413637999280317,original,0.5917843388960206
3,1615,0,stereo_left,4,finetune3,0.171875,finetune3,960.7537347189937,finetune3,913.3578827240308,finetune2,3.987861450354201,finetune3,63.15530813118984,finetune3,89.61525887505039,finetune3,973.357089372121,finetune3,0.8416652218305111,finetune3,0.6383603801832308
3,1620,0,stereo_left,4,finetune3,0.31640625,finetune3,297.388202331619,finetune3,62.732850742304436,finetune2,6.682822219583444,original,75.12925848999087,finetune,17.569896710335698,finetune3,283.4252758907119,finetune3,0.8524267599475295,finetune2,0.6964885852802791
3,1625,0,stereo_left,4,finetune3,0.28515625,finetune2,575.0232326329291,finetune2,571.0262312997747,finetune2,2.762873657333149,finetune2,17.43124368740856,finetune,9.346428514788075,finetune2,576.1605807271542,finetune2,0.8889568174280656,finetune2,0.8417052730206652
3,1630,0,stereo_left,4,finetune3,0.3359375,finetune3,1635.6872318171736,finetune3,1628.244297803627,finetune3,6.893589964331963,finetune,22.168114446096624,finetune,6.396634997251822,finetune3,1639.1562594386662,finetune3,0.7131842957579587,finetune3,0.6313450023030861
3,1635,0,stereo_left,4,original,0.28125,finetune3,2826.6748860347698,finetune3,2825.0089945694017,original,175.83453101733238,finetune2,11.716863254261458,finetune,2.1701916271050856,finetune3,3837.2399541266186,finetune3,0.7507369606114921,finetune3,0.6624168879331154
3,1640,0,stereo_left,4,finetune3,0.3359375,finetune3,5252.925187684741,finetune3,5249.5912687612035,finetune,2.8464083739071695,original,5.4859892287668375,finetune,5.656416121017137,finetune3,5252.7979678236,finetune3,0.6541353383458647,finetune2,0.6170831469291238
3,1645,0,stereo_left,4,original,0.3359375,finetune3,4830.28437804764,finetune3,4828.862380270461,original,2.938728247086482,original,7.559402617027887,original,4.114086473730671,finetune3,5487.94011147728,finetune3,0.7213182117028271,finetune3,0.656026350032531
3,1650,0,stereo_left,4,finetune3,0.29296875,finetune3,5317.283587477607,finetune3,5314.5672197726635,finetune3,2.865224794733378,finetune,6.994478915651547,finetune,4.19330063440055,finetune3,5315.4266012050075,finetune3,0.6753612310001876,finetune2,0.6220272995919133
3,1655,0,stereo_left,4,finetune3,0.3828125,finetune2,5027.701121700622,finetune2,5027.61467535247,finetune,3.4013606998921606,finetune,7.16298645106918,finetune2,4.273073287550056,finetune2,5028.429606265333,finetune2,0.7057731822098495,finetune2,0.6780764071737294
3,1660,0,stereo_left,4,finetune3,0.3046875,finetune2,5110.83788057909,finetune2,5110.410032915697,finetune3,2.8709055756490804,original,4.1189542103612276,original,2.7617736842772977,finetune2,5110.418547159417,finetune2,0.7146053492134522,finetune2,0.6757516874616486
3,1665,0,stereo_left,4,finetune3,0.2578125,finetune3,5347.282398585771,finetune3,5344.824878808984,finetune2,1.1706406060989358,finetune2,1.836619342159817,finetune,2.231639830740422,finetune3,5347.452823900311,finetune3,0.7196154398048501,finetune2,0.666826923076923
3,1670,0,stereo_left,4,finetune,0.33984375,finetune2,5519.123703789615,finetune2,5517.820408354004,finetune,1.0263866043407153,finetune,2.2273821320798617,finetune,0.9918486455662288,finetune2,5518.444929460942,finetune2,0.7231956161222871,finetune2,0.6842780063037556
3,1675,0,stereo_left,4,finetune3,0.2421875,finetune3,5338.05781366681,finetune3,5333.461351364,finetune,0.8213516652878695,original,1.5437971113697369,original,1.7817260859843072,finetune3,5339.469222620002,finetune3,0.7139509670199,finetune2,0.6706732036480574
3,1680,0,stereo_left,4,finetune3,0.26171875,finetune2,3132.2059162180367,finetune2,3131.102882834446,finetune,4.259399917367059,finetune2,2.913345797441102,finetune,3.6535443699558883,finetune2,3132.4664645870835,finetune2,0.7589285714285714,finetune2,0.7247344047943339
3,1685,0,stereo_left,4,finetune3,0.21875,finetune3,399.62376584711296,finetune3,355.51228083102615,finetune,12.167080087155776,finetune2,20.173510641931305,finetune2,7.509864830901409,finetune3,2620.3476152702433,finetune3,0.8154221996468568,finetune3,0.6958383222669714
3,1690,0,stereo_left,4,finetune3,0.19140625,finetune2,832.4839808556852,finetune2,816.73918335485,finetune,17.022041148499188,finetune3,35.510759644434515,finetune3,23.84517597249278,finetune2,898.1204759329854,finetune3,0.8360096632087537,finetune2,0.6866888094021462
3,1695,0,stereo_left,4,finetune3,0.18359375,finetune2,602.6809480780134,finetune2,567.5188047228912,finetune3,9.739626031277092,finetune2,23.67994651253277,finetune2,11.474810675848017,finetune2,2595.169637255667,finetune2,0.8294224232168795,finetune2,0.7330948670727676
3,1700,0,stereo_left,4,finetune3,0.203125,finetune3,367.2354480671088,finetune3,344.355511752281,original,19.321764731821812,finetune2,19.14883833156503,finetune2,9.969503456457032,finetune2,1363.2015445886445,finetune2,0.8162130367360034,finetune3,0.699578488716285
3,1705,0,stereo_left,4,finetune3,0.28515625,finetune3,2735.7544994964396,finetune3,2703.898844040432,finetune3,13.071268110186706,finetune3,14.728475780303942,finetune2,5.1581951532278705,finetune3,2750.5441148456753,finetune3,0.7625845229151015,finetune2,0.6950552646887725
3,1710,0,stereo_left,4,finetune3,0.25390625,finetune3,1837.6922695291705,finetune3,1832.581827229369,finetune,9.53426868371026,finetune3,22.195894540463705,original,9.011143986787111,finetune3,1844.1254595334221,finetune3,0.7138434941067904,finetune3,0.6256282254528283
3,1715,0,stereo_left,4,finetune3,0.25,finetune2,804.2216806527073,finetune2,801.7161736937014,original,9.68648549652706,finetune2,13.853088251394645,original,7.603782454305162,finetune3,1948.3749102806717,finetune2,0.7916561950238753,finetune2,0.7193167098445595
3,1720,0,stereo_left,4,finetune3,0.26953125,finetune3,1879.7790078777875,finetune3,1870.5569868639068,finetune3,1.3497109237502927,finetune2,1.589962294913684,original,5.773511646501019,finetune3,1877.317275234149,finetune3,0.7281169208040943,finetune2,0.6910635670568023
3,1725,0,stereo_left,4,original,0.2734375,finetune2,1076.0160440179768,finetune2,1073.374734017305,finetune2,1.2702173024451793,original,4.419971562346633,original,3.9050031658632434,finetune2,1073.0068081279785,finetune2,0.8285233389026924,finetune2,0.7874189105932664
3,1730,0,stereo_left,4,finetune3,0.29296875,finetune2,528.9752608084764,finetune2,520.9974910078599,finetune2,0.6032952184159203,original,7.577101586070573,finetune,10.68546026513307,finetune2,529.8942536345951,finetune2,0.833968002453486,finetune2,0.7498136736289106
3,1735,0,stereo_left,4,finetune3,0.31640625,finetune3,396.68342926144595,finetune3,377.5084086436709,finetune,0.42056779205119754,finetune,15.046398914648368,finetune,12.16696104292602,finetune3,397.04274650350493,finetune3,0.80283476442662,finetune,0.7156913149077242
3,1740,0,stereo_left,4,finetune3,0.34765625,finetune3,230.15849715537362,finetune3,206.9599240001735,original,3.4684947557446937,finetune,13.216790352334995,finetune,34.15761896447813,finetune3,248.6842690988771,finetune3,0.7679584120982986,finetune2,0.6481789380516333
3,1745,0,stereo_left,4,finetune,0.0859375,finetune3,4694.698011563816,finetune3,4594.259920143752,finetune,19.45647530375962,finetune3,127.00463113797522,finetune2,104.03375043398327,finetune3,5374.725507301567,finetune3,0.6941967188748305,finetune3,0.5986183142642226
3,1765,0,stereo_left,4,finetune3,0.03515625,original,13683.881487120034,original,13546.019362340057,finetune3,84.9574092873786,finetune3,817.3683260282656,finetune2,55.62992115654843,original,13801.601242067221,original,0.6484960239714187,original,0.5512162434698883
3,1770,0,stereo_left,4,finetune3,0.17578125,finetune,3023.7878915156616,finetune,2950.26163152768,finetune2,21.930428510040255,finetune3,231.25166933591234,finetune2,289.7714617039462,finetune,3937.5525130026435,finetune2,0.45361769294967164,finetune2,0.3677814584562327
3,1775,0,stereo_left,4,finetune3,0.10546875,finetune2,2367.7826406289637,finetune2,2366.454038033271,finetune2,12.044871106179746,finetune3,104.01756549373341,finetune,43.307460343384804,finetune2,2354.6583086635633,finetune,0.8816777312154683,finetune2,0.6509042917048583
3,1780,0,stereo_left,4,finetune3,0.01171875,original,12941.009902374682,original,12634.551641908809,finetune3,149.33621131405516,finetune2,379.5855440961938,finetune3,81.83144660506079,original,13315.372002668972,finetune3,0.6870830214469359,finetune3,0.40889802117300217
3,1785,0,stereo_left,4,original,0.03125,finetune2,14064.066629416486,finetune2,13644.283274869556,finetune,3.5670597716710457,finetune2,247.57194870208977,original,77.19139605815026,finetune2,14598.294452138329,original,0.709211986681465,original,0.578163177310401
3,1790,0,stereo_left,4,finetune3,0.1328125,finetune3,6710.057971644452,finetune3,6571.607117551908,original,17.81407610966567,finetune3,106.88083540057339,finetune,89.83811220075555,finetune3,6780.019538902503,finetune3,0.6587749334202946,finetune3,0.4856893811208532
3,1795,0,stereo_left,4,finetune3,0.10546875,finetune3,6911.190520887933,finetune3,6829.897060043049,finetune3,24.134260459277627,finetune2,46.64824922100837,finetune3,41.2753503249474,finetune3,6970.945955771839,original,0.6271186440677966,original,0.5346893836782866
3,1800,0,stereo_left,4,finetune3,0.19921875,finetune2,1722.530525662285,finetune2,1716.5878492592547,finetune,14.048079269197233,original,14.789041288287972,finetune2,20.2754880744049,finetune3,1824.446410532301,original,0.8629932275603319,finetune2,0.6681911195483347
3,1805,0,stereo_left,4,finetune3,0.21875,finetune3,423.8238761827761,finetune3,399.8568329942482,finetune,13.78040565750918,finetune2,37.848752416001794,finetune3,22.01220942131293,original,1893.7398104017793,finetune2,0.7945711927641644,finetune3,0.6799036460160434
3,1810,0,stereo_left,4,finetune3,0.25,finetune2,328.8384050938578,finetune2,299.474657181403,finetune3,1.6847867770737415,finetune2,25.558546126505508,finetune,11.633776685989503,finetune3,512.4746838216006,finetune2,0.8252263147598129,finetune2,0.7520625915419842
3,1815,0,stereo_left,4,finetune3,0.3203125,finetune3,1884.345454754172,finetune3,1871.1103272734144,finetune,0.9704786210884451,finetune3,22.304630610291582,finetune2,6.622889798710906,finetune3,1883.9593645089003,finetune3,0.763795135540555,finetune3,0.6641781841982944
3,1820,0,stereo_left,4,finetune3,0.3046875,finetune3,2441.7398952085878,finetune3,2437.827744308901,original,0.6499443760176157,finetune2,8.756925667669144,finetune,7.224745391540166,finetune3,2442.1429141915905,finetune3,0.7207014819128972,finetune2,0.6699568363590199
3,1825,0,stereo_left,4,finetune3,0.3046875,finetune3,1781.8244216845553,finetune3,1778.8253713664108,finetune,2.2336261858336255,original,12.289097235373102,original,7.571356658437254,finetune2,2953.740422310715,finetune3,0.7758052889711806,finetune3,0.6815966996769135
3,1830,0,stereo_left,4,finetune3,0.3515625,finetune2,1923.448476207968,finetune2,1907.6240869714766,finetune2,3.852686233293289,original,27.299983580067472,original,13.075483942150878,finetune2,1925.0165364674863,finetune2,0.7329264421932447,finetune2,0.630975390960964
3,1835,0,stereo_left,4,finetune3,0.36328125,finetune3,1808.3994234119923,finetune3,1776.7029396842117,finetune2,1.3607937181355816,original,32.653585665285576,original,11.645499319947358,finetune3,1810.405757663104,finetune3,0.7676967402971584,finetune3,0.6338568710291225
3,1840,0,stereo_left,4,finetune3,0.27734375,finetune3,610.3022635753239,finetune3,585.3126171394779,finetune3,2.2042709239544287,finetune2,31.112595171817162,finetune,10.154945104444105,finetune3,614.4132462920514,finetune2,0.8647048268437107,finetune2,0.7693163231926725
3,1845,0,stereo_left,4,finetune3,0.37890625,finetune3,401.031711097889,finetune3,387.00015717528913,finetune,2.2226992207571827,finetune,26.2356086803472,finetune,32.75166349477518,finetune3,406.79231865510417,original,0.8003741198918246,original,0.6765858599500304
3,1850,0,stereo_left,4,finetune3,0.3203125,finetune,36.01734054053983,finetune,11.53410840284505,finetune3,4.624410370955603,finetune,21.217453470957,finetune,158.02993993568901,finetune,116.41568417262305,original,0.9864507684415623,original,0.8871936368317769
3,1855,0,stereo_left,4,finetune3,0.171875,finetune3,757.7311087765894,finetune3,756.6802583423323,finetune2,13.209771466552773,finetune3,139.7331452715315,finetune,138.1548471634426,finetune3,811.2118587695676,finetune2,0.8543549138332557,finetune2,0.675865374596228
3,1865,0,stereo_left,4,finetune3,0.171875,finetune3,2456.6920625605235,finetune3,2330.03010312713,finetune3,9.78541616254247,finetune3,43.4581944241354,original,71.67823084632951,finetune3,2485.4415688560307,original,0.6457228071761038,original,0.5808077217057432
3,1870,0,stereo_left,4,finetune3,0.2265625,finetune,710.887712095014,finetune,669.4984512468691,finetune,6.3648266593172185,finetune3,51.745487193445165,finetune2,32.452143551557135,finetune,746.0402822928468,finetune3,0.9065086325474716,finetune3,0.6463739122233089
3,1875,0,stereo_left,4,finetune3,0.234375,finetune3,1188.035413378516,finetune3,1187.686649270745,original,7.712547857791009,finetune3,38.677632134650885,finetune,87.36634733552685,finetune3,1172.5074201902162,finetune,0.8244645146421214,finetune,0.6899328708296986
3,1880,0,stereo_left,4,finetune3,0.25390625,finetune3,1606.1199682757522,finetune3,1603.4555658256759,finetune3,1.8524787844348545,original,24.257236920181647,finetune,42.66489186560736,finetune3,1599.8380390720736,finetune3,0.7246625486158774,finetune3,0.6286375959749595
3,1885,0,stereo_left,4,finetune3,0.29296875,finetune3,2541.068955255515,finetune3,2536.0307042027252,finetune,7.601449699555099,finetune2,20.42823109100619,finetune2,58.014652055199726,finetune3,2550.726891174063,original,0.7603511181697215,finetune2,0.6531965892028156
3,1890,0,stereo_left,4,finetune3,0.34765625,finetune2,1908.1231963899238,finetune2,1903.8385783531794,finetune3,7.951905586190018,original,16.691701876917023,finetune,10.417317979224736,finetune2,1911.0127922365054,finetune2,0.7202749140893471,finetune2,0.6243662562421378
3,1895,0,stereo_left,4,finetune3,0.3046875,finetune3,2010.6947204382247,finetune3,2006.0163723450369,finetune3,2.3832297880723736,finetune2,11.63142334428041,finetune,8.238350969587149,finetune3,2008.8817966944125,finetune3,0.7538006756756757,finetune3,0.6439223186030099
3,1900,0,stereo_left,4,finetune3,0.30078125,finetune3,2366.0727384011234,finetune3,2359.7443326594257,original,8.149179520661194,finetune3,20.461379553869072,finetune,5.1752081949800175,finetune3,2371.161595253394,finetune3,0.7223365231259968,finetune3,0.6213245805647366
3,1905,0,stereo_left,4,finetune3,0.23046875,finetune3,975.8133470565368,finetune3,970.3239735379284,finetune,9.52523416054124,finetune3,28.593588988146017,original,13.2214133058145,finetune3,2871.5848698168757,finetune3,0.8084882760691674,finetune3,0.6679320162194806
3,1910,0,stereo_left,4,finetune3,0.203125,finetune3,350.6257179813445,finetune3,327.4039204996516,finetune,12.111101376511055,finetune3,29.537842182679935,finetune3,16.736376015346483,finetune2,2385.9111651452995,finetune3,0.8447240491850158,finetune3,0.6828051677876148
3,1915,0,stereo_left,4,finetune3,0.32421875,finetune3,2457.755162510004,finetune3,2431.73049886182,finetune,166.77083321339435,original,19.542762667143666,finetune3,2.629923011694121,finetune3,3575.598031536465,finetune3,0.6872140933718327,finetune3,0.6800153859304214
3,1920,0,stereo_left,4,finetune3,0.296875,finetune3,1902.8057295236822,finetune3,1901.6502783139113,finetune,7.8603219773402255,finetune3,22.412666360457546,original,1.6390382471906535,finetune3,3268.670326259592,finetune3,0.7178749717525731,finetune3,0.6732321635578038
3,1925,0,stereo_left,4,finetune3,0.234375,finetune2,189.29566860479753,finetune2,185.41069921654162,finetune,7.206107816194651,finetune2,9.503323614983454,finetune,9.797450080246701,finetune3,1045.6011005036416,finetune2,0.8390871854885898,finetune2,0.7419391863257522
3,1930,0,stereo_left,4,finetune3,0.234375,finetune3,681.6262247653565,finetune3,662.7085053407136,finetune3,5.65375054156873,finetune3,36.63944842394762,original,10.596387294215408,finetune3,692.9151921534988,finetune3,0.7344642292698346,finetune3,0.6596916891109014
3,1935,0,stereo_left,4,finetune3,0.28125,finetune2,1381.8281320785827,finetune2,1381.4804831460824,finetune2,3.543604737205106,original,9.85428673294414,original,5.367527000500186,finetune2,1383.0895339535682,finetune2,0.8020865773902212,finetune2,0.7642438809709198
3,1940,0,stereo_left,4,finetune3,0.26953125,finetune3,1796.6496044588466,finetune3,1796.1011973888017,finetune2,1.177925118610787,original,10.396383513254987,finetune3,6.163163450433976,finetune2,1818.286348332026,finetune3,0.7606056768637951,finetune2,0.7117396904942563
3,1945,0,stereo_left,4,finetune3,0.33203125,finetune2,1447.2352463305278,finetune2,1440.3486746156523,finetune,5.663497564269878,original,30.77649095661047,finetune,9.743607092418403,finetune3,2043.2594216133223,finetune2,0.7799756648705023,finetune2,0.6441435106673395
3,1950,0,stereo_left,4,finetune3,0.296875,finetune3,1468.741293566016,finetune3,1464.662284558639,finetune,1.5171753217555595,original,9.08106227755425,finetune2,7.162109668631416,original,1775.4120316821911,finetune2,0.7679829476783792,original,0.6904044347786805
3,1955,0,stereo_left,4,finetune3,0.27734375,original,754.1660694149025,original,734.3180233783623,finetune2,7.221195041105984,finetune2,35.726037028607145,original,2.1972682314951495,original,776.7231128304385,finetune3,0.7923147648403746,original,0.6982763451102768
3,1960,0,stereo_left,4,finetune3,0.3125,finetune3,711.33353062593,finetune3,619.0642844028862,finetune2,5.7616397459671385,finetune2,32.45843994975255,original,2.0227794569806647,finetune3,716.6980001910109,finetune2,0.7495430128891403,finetune2,0.6919947241722284
3,1965,0,stereo_left,4,finetune3,0.27734375,finetune3,994.3130132553758,finetune3,989.9472340486845,finetune3,8.056008887119349,finetune3,27.17069562548017,finetune,8.715569628970632,finetune3,1009.7244461442845,finetune3,0.7859341986115304,finetune3,0.7148858434753507
3,1970,0,stereo_left,4,finetune3,0.34765625,finetune2,1080.9669526669925,finetune2,1065.2222476402949,finetune2,7.915535447536414,original,29.971164249345627,original,10.954779641686986,finetune2,1086.1706302244752,finetune2,0.7530507458380479,finetune2,0.6438838295278139
3,1975,0,stereo_left,4,finetune3,0.27734375,finetune3,605.9269221245353,finetune3,574.5124721030861,finetune3,7.139685373022932,finetune2,38.76468793228146,finetune3,27.66585236214017,finetune3,620.0933530827484,finetune3,0.7370877682777874,finetune3,0.6794377947725436
3,1980,0,stereo_left,4,finetune3,0.32421875,finetune2,2407.0292161635507,finetune2,2404.5901955809168,finetune2,0.5338489627779336,finetune3,2.913728804132729,finetune,6.364722259597565,finetune2,2407.9008395785954,finetune2,0.770543642151114,finetune2,0.7371882367539397
3,1985,0,stereo_left,4,finetune3,0.29296875,finetune2,2907.1871553484,finetune2,2905.389397341445,finetune,1.5607548738086647,finetune3,4.696643996249521,finetune,4.6669049650862915,finetune2,2906.0210255585716,finetune2,0.7453547523427041,finetune2,0.7098094537940353
3,1990,0,stereo_left,4,finetune3,0.31640625,finetune2,3750.4922006979955,finetune2,3750.0793212977624,finetune,1.7718830362050155,finetune2,3.0872801846184363,finetune,3.4928280562400063,finetune,4090.5984759082885,finetune2,0.7175115207373272,finetune2,0.670623487380431
3,1995,0,stereo_left,4,finetune3,0.3125,finetune3,2936.393802499585,finetune3,2931.891393035792,finetune,3.360690423314924,finetune2,6.6557501404384665,original,4.257246368166412,finetune2,3419.350014273857,finetune3,0.7178480475382003,finetune3,0.648030515335513
3,2000,0,stereo_left,4,finetune3,0.28515625,finetune2,1736.5203728821368,finetune2,1734.181669580752,original,0.8981649795866354,finetune3,4.852238430397287,finetune3,5.118724598609086,original,2353.7200217235,finetune2,0.7881615356851631,finetune2,0.6879783836895111
3,2005,0,stereo_left,4,finetune3,0.2890625,finetune3,751.2902434761327,finetune3,748.1559822105046,finetune,0.8153630436739068,original,7.515847245484912,finetune,9.006765246158077,finetune,1644.4369074763217,finetune3,0.8458898600461151,finetune3,0.7184785769037613
3,2010,0,stereo_left,4,finetune3,0.375,finetune3,296.4027245240584,finetune3,256.39022857052987,finetune3,0.48008257667510457,finetune,22.229444158554003,finetune,17.95639372879544,finetune3,296.0659515969089,finetune2,0.8630735370080627,finetune2,0.7390847124750602
3,2015,0,stereo_left,4,finetune3,0.19921875,finetune3,141.79520871153204,finetune3,3.029993453710631,original,9.149576588771717,finetune2,26.780000290431442,finetune2,211.31725641173688,finetune3,243.96913297618298,finetune2,0.8950126479366276,finetune,0.6600801842811199
3,2020,0,stereo_left,4,finetune3,0.21875,finetune3,530.0054375851178,finetune3,44.58156107922514,finetune,14.755533120691176,finetune,270.3218887116299,original,60.94541051528252,original,638.7696729507988,original,0.8629298825515156,finetune2,0.6659057702092699
3,2035,0,stereo_left,4,finetune3,0.171875,finetune3,1859.318115429802,finetune3,1819.0627785281122,original,145.93436157751694,finetune3,15.86210008850954,finetune3,60.670968543480676,finetune3,3255.5203910574974,finetune3,0.8201883476299152,finetune3,0.7134745933854255
3,2040,0,stereo_left,4,finetune3,0.34765625,finetune2,1888.849946911363,finetune2,1836.250306001788,finetune3,2.503072828201331,original,22.197407263461297,finetune,9.742859173280022,finetune2,1890.9824932630033,finetune2,0.7717282499891196,original,0.6574488867930883
3,2045,0,stereo_left,4,finetune3,0.26953125,finetune3,1791.6765539558462,finetune3,1780.2006638291678,finetune3,3.5925244711595608,original,8.1900601102216,finetune,6.551493068716714,finetune3,1794.6333374113112,finetune2,0.7588850174216027,finetune2,0.6948439838232929
3,2050,0,stereo_left,4,finetune3,0.34375,finetune3,3635.464836362726,finetune3,3627.2849175763367,original,2.126494557625342,finetune,11.991704705680624,finetune,5.141872912474603,finetune3,3635.5999375010497,finetune3,0.6791333634946967,finetune2,0.6336761165338459
3,2055,0,stereo_left,4,finetune3,0.28515625,finetune3,3171.6529618867967,finetune3,3168.19482908224,finetune2,1.4270113238314286,finetune2,1.5914179691465826,original,3.025740966575487,finetune3,3173.2097464937087,finetune3,0.7357444809769845,finetune2,0.6517538332283134
3,2060,0,stereo_left,4,finetune3,0.2890625,finetune3,4189.658481758934,finetune3,4185.423186070213,finetune2,1.3092576011129413,finetune2,2.1445112729386473,original,2.766789153091242,finetune2,4464.042482144668,finetune3,0.7139303482587065,finetune2,0.6737588652482269
3,2065,0,stereo_left,4,finetune3,0.2890625,finetune3,3721.5880239891135,finetune3,3713.300869206152,finetune,0.7425808407180929,finetune3,5.871590325428431,original,4.029924721271368,finetune3,4513.006627484993,finetune3,0.7354765933446137,finetune3,0.6753323410152441
3,2070,0,stereo_left,4,finetune3,0.2890625,finetune3,4462.138712030667,finetune3,4439.555079790931,finetune,1.026161830800134,finetune,7.98596247437801,finetune,4.361289272418104,finetune3,4460.309575372299,finetune3,0.7337695590327169,finetune2,0.671473775587354
3,2075,0,stereo_left,4,finetune3,0.35546875,finetune2,5539.371592304578,finetune2,5521.0966735451475,original,0.8956488031007422,finetune,5.92337712025625,finetune,3.94700359755785,finetune2,5538.573634183854,finetune2,0.699078667611623,finetune2,0.6674332212984256
3,2080,0,stereo_left,4,finetune3,0.37109375,finetune2,5208.285646420614,finetune2,5189.4899906381725,finetune2,2.1483359480357156,original,1.9684911958767277,finetune,4.6001412325081095,finetune2,5204.532050516582,finetune2,0.7248369320737742,finetune2,0.6984858178716145
3,2085,0,stereo_left,4,finetune3,0.3671875,original,6365.605416214002,original,6318.177169350522,finetune3,1.954190429063065,finetune,8.269647706416409,finetune,4.524490016520368,original,6429.386362124706,finetune3,0.6910798122065728,finetune2,0.6707790269624913
3,2090,0,stereo_left,4,finetune3,0.35546875,finetune3,7546.427628173875,finetune3,7518.3123165619545,original,3.1522738717533745,finetune,4.337348464991383,finetune,5.838128395605401,finetune3,7546.798668935108,original,0.6975933269520033,finetune3,0.6423187174859327
3,2095,0,stereo_left,4,finetune3,0.33984375,original,7184.996219216197,original,7133.429271425623,finetune3,2.7532353435286554,finetune,7.7190450276056986,finetune,4.1721120123759645,original,7247.702843418586,finetune3,0.711764705882353,finetune2,0.6660103510351035
3,2100,0,stereo_left,4,finetune3,0.34375,finetune2,5214.4889707157,finetune2,5195.849158677032,finetune2,2.6059390932864517,finetune,2.2205934011677373,original,1.7672770420381696,finetune2,5215.59075803944,finetune2,0.7974137931034483,finetune2,0.7484756097560976
3,2105,0,stereo_left,4,finetune3,0.328125,finetune2,6745.081287392488,finetune2,6732.882611441659,finetune3,3.3075161772169683,finetune2,2.9113286173144983,finetune2,0.24440961503887845,finetune2,6752.745076682417,finetune2,0.7377450980392157,finetune2,0.7147473560517039
3,2110,0,stereo_left,4,finetune3,0.2734375,finetune3,5889.609503772315,finetune3,5883.8131339371685,finetune3,4.793846370030625,finetune2,1.2370183166444098,finetune2,3.0772180094285884,finetune3,5899.3737595954835,finetune3,0.7144935646334639,finetune3,0.6506165919282512
3,2115,0,stereo_left,4,finetune3,0.26171875,finetune2,5380.134089220092,finetune2,5377.629575334337,original,2.8694085263690243,finetune,2.0131205428364605,finetune,0.9999667571999858,finetune2,5384.1187870518315,finetune3,0.7786481911585246,finetune2,0.715457227138643
3,2120,0,stereo_left,4,finetune3,0.2734375,finetune3,5853.44266566225,finetune3,5843.630245827779,finetune2,4.536397582576834,finetune,1.29407467539,finetune,2.4193931626415903,finetune3,5851.615209995559,finetune3,0.7318681318681318,finetune2,0.7006715328467154
3,2125,0,stereo_left,4,finetune3,0.296875,finetune3,5157.827854432193,finetune3,5149.651427666235,finetune3,5.252579424573454,finetune,6.97580553229015,original,4.004791000711006,finetune3,5158.830282827338,finetune3,0.7185310817786299,finetune3,0.6240482923645856
3,2130,0,stereo_left,4,finetune3,0.2890625,finetune3,4764.558782654205,finetune3,4760.129965945569,finetune3,4.590249435030514,finetune,3.8233458035416823,finetune,5.393520326562069,finetune3,4765.046773640588,finetune3,0.7018302828618969,finetune3,0.6158886602404419
3,2135,0,stereo_left,4,finetune3,0.2578125,finetune3,4147.193275517519,finetune3,4139.399369081169,finetune3,4.37499413431498,finetune,6.7807701760667,original,4.083287573527088,finetune3,4149.505150546572,finetune3,0.7887577592152656,finetune2,0.7078113921058852
3,2140,0,stereo_left,4,finetune,0.29296875,finetune3,6440.033415975289,finetune3,6438.851264139903,original,0.3649708170781392,finetune3,1.0190932340813506,finetune,2.890891897112527,finetune2,6599.714416226858,finetune3,0.6735224074474995,finetune3,0.6459083890890376
3,2145,0,stereo_left,4,finetune3,0.2421875,finetune3,2681.630532814815,finetune3,2676.6459976365986,original,7.010259080823104,finetune2,8.778201829046246,finetune2,3.7679373051192666,finetune3,2685.4564421238338,finetune2,0.7200720072007201,finetune2,0.6698579862773256
3,2150,0,stereo_left,4,finetune3,0.234375,finetune3,1610.1382558538216,finetune3,1603.784731236352,finetune,10.754932952128215,finetune3,27.0847669592871,original,13.20654264567051,finetune3,1627.2130922915492,finetune2,0.7385048223165807,finetune3,0.6415914757212394
3,2155,0,stereo_left,4,finetune3,0.2421875,finetune3,795.1513317105723,finetune3,783.7512766627096,finetune3,12.40423560354106,original,27.531076466237,original,3.828095058814477,finetune3,837.9057768358382,original,0.812361378086648,finetune3,0.6763410209898938
3,2160,0,stereo_left,4,finetune3,0.2109375,finetune3,293.8084355981468,finetune3,200.134686555175,finetune,19.536621946646978,finetune3,51.72262401902509,finetune3,30.82259615646036,finetune3,517.4864112992583,finetune2,0.8801710811914811,finetune2,0.6714064346391385
3,2165,0,stereo_left,4,finetune3,0.35546875,finetune3,1313.126960833415,finetune3,1310.8591543181392,finetune,15.259873145695083,finetune,61.01301581290683,finetune2,74.60943927658626,finetune3,1409.4542868630986,finetune3,0.8757720622127402,finetune3,0.6420469642129627
3,2170,0,stereo_left,4,finetune3,0.2265625,finetune3,2027.1479484879048,finetune3,2004.6495628253542,finetune,21.27054367675827,finetune3,95.69442133422159,finetune,104.0659875719687,finetune3,2085.0395309348723,finetune3,0.8388133039969967,finetune2,0.648815810363989
3,2175,0,stereo_left,4,finetune3,0.375,finetune3,1504.4767933747396,finetune3,1494.3426395940496,finetune2,19.61086928176426,finetune3,76.93384931153896,original,53.20891311771911,finetune3,1567.3614543793449,finetune3,0.8392638036809816,finetune3,0.6464950139873324
3,2175,1,stereo_left,4,finetune3,0.046875,original,5577.111292832703,original,5557.278994584223,finetune,11.913358153625524,original,0.41419267690244166,finetune2,0.1663700473876008,original,5722.9822794867505,finetune,0.75,finetune2,0.6263736263736264
3,2180,0,stereo_left,4,finetune3,0.3515625,finetune3,847.8121095574027,finetune3,844.1991340984496,original,16.13512456414181,finetune,35.88238117214764,finetune,26.392100888077685,finetune3,921.248864241317,finetune3,0.8197702574433876,finetune3,0.6366580784798525
3,2185,0,stereo_left,4,finetune3,0.25,finetune3,194.27251073983373,finetune3,7.334754641782638,finetune3,15.836693378481675,finetune2,44.17085989932582,finetune2,22.315812889180993,finetune3,381.79485895828225,original,0.7647668393782383,finetune3,0.6561879340044797
3,2190,0,stereo_left,4,finetune3,0.26171875,finetune3,1056.585748944415,finetune3,1052.0084529060005,finetune3,10.429202618055385,finetune3,28.827085596566814,finetune,6.893523613566939,finetune3,1081.5402885219778,finetune2,0.7723657899958787,finetune3,0.6534076759179833
3,2195,0,stereo_left,4,finetune3,0.203125,finetune,1392.963167651947,finetune,1386.906132485803,original,7.879223930413478,finetune,33.93447022361232,finetune,3.5089040214194185,original,1877.3116956916838,finetune,0.7142588797814208,finetune,0.6453547062099694
3,2200,0,stereo_left,4,finetune3,0.30078125,finetune2,2344.7995971269806,finetune2,2344.545944646541,finetune2,1.9122495168516638,finetune2,2.7307657532888934,finetune3,5.072226726608631,finetune2,2345.9034195159093,finetune3,0.7467222835643889,finetune2,0.7091900762621874
3,2205,0,stereo_left,4,finetune3,0.28515625,finetune2,2304.4549711142167,finetune2,2304.277050673234,finetune2,1.8207534488143957,finetune2,3.3651002705164315,finetune3,5.232094091333013,finetune2,2303.5004000464983,finetune2,0.7515375153751538,finetune2,0.7227650615417837
3,2210,0,stereo_left,4,finetune3,0.36328125,finetune2,2902.97048473384,finetune2,2902.0617585077416,finetune,4.288523878352815,original,14.02702979424667,finetune2,5.855040182752811,finetune3,3230.210674167537,original,0.705817225630853,finetune2,0.6280772976012508
3,2215,0,stereo_left,4,finetune3,0.36328125,finetune2,2701.9862555749014,finetune2,2700.351420154264,finetune2,5.248065582163787,finetune,16.916124470691294,original,3.022749638979194,finetune2,2702.156686807976,finetune2,0.6992011795666212,finetune2,0.6628938765418533
3,2220,0,stereo_left,4,finetune3,0.34375,finetune2,2052.870363498941,finetune2,2048.217230882794,finetune3,6.2660474346771915,original,18.68781234284637,original,2.6297207615349274,finetune2,2055.321557760044,finetune2,0.7278957420514549,finetune2,0.6325083629869525
3,2225,0,stereo_left,4,finetune3,0.38671875,finetune2,2687.283442245412,finetune2,2680.5393341253293,finetune2,4.720405011039336,finetune,17.041668053966927,finetune,5.255713868926847,finetune2,2687.840310835696,finetune2,0.6900857943063778,finetune,0.6234616085135171
3,2230,0,stereo_left,4,finetune3,0.28515625,finetune2,866.5180447104732,finetune2,847.2746925040628,finetune3,7.525081320621796,original,17.016716365315965,finetune,6.787986434130212,finetune2,881.5526357178809,finetune2,0.7429844558395398,finetune2,0.6489540696639756
3,2235,0,stereo_left,4,finetune3,0.30078125,finetune2,1131.1875991276422,finetune2,1118.924073752656,finetune,1.5779979791759693,original,7.523315111497894,original,46.793392910081934,finetune2,1131.8174424360268,finetune2,0.8503937007874016,finetune2,0.7785680703065665
3,2240,0,stereo_left,4,finetune3,0.3125,finetune3,970.9548897242352,finetune3,937.3139847335206,finetune2,2.8791894710920305,finetune2,40.55767337002305,original,13.918306222009962,finetune3,997.233083788709,finetune3,0.7353447577049659,finetune2,0.6659905698919046
3,2245,0,stereo_left,4,finetune3,0.34375,finetune2,800.5622305111026,finetune2,795.3160915069948,finetune3,11.387881536807951,finetune2,44.99640781367421,original,10.680241010513056,original,1434.99934501251,original,0.7959110907794357,original,0.6768619244862957
3,2250,0,stereo_left,4,finetune3,0.34765625,finetune2,1135.2288648579022,finetune2,1120.7309113766005,finetune2,8.520571237788149,original,39.64098735486412,original,10.263655173748564,finetune2,1142.9880771568896,finetune2,0.7619652986936196,finetune2,0.6439987544729225
3,2250,1,stereo_left,4,finetune3,0.03125,finetune,228745.40066266034,finetune,224025.3854764934,finetune3,86.93787144374058,finetune2,1.8099922017389807,finetune3,2.166895709574733,finetune,228432.7923379902,finetune,0.5155038759689923,finetune2,0.4198473282442748
3,2255,0,stereo_left,4,finetune3,0.34765625,finetune2,1632.96419474294,finetune2,1620.815073591375,finetune2,5.65730661030415,original,36.75577991046435,original,6.975891830490207,finetune2,1635.45083130637,finetune2,0.7307234695835733,original,0.6343220133959121
3,2260,0,stereo_left,4,finetune3,0.3671875,finetune2,1727.2361237602513,finetune2,1715.44962479053,finetune2,5.179710174418393,original,29.87559209075191,original,8.261575912776916,finetune2,1727.5959445573524,finetune2,0.7355236070521055,original,0.6289529853370516
3,2265,0,stereo_left,4,finetune3,0.30859375,finetune2,741.393209191065,finetune2,734.9193184842588,finetune2,0.7258698240209629,original,7.139186607680934,finetune,8.427393553112907,finetune2,741.8000678032714,finetune2,0.8143550946170813,finetune2,0.7228991625433463
3,2270,0,stereo_left,4,finetune3,0.36328125,finetune3,808.3973442844037,finetune3,796.6211701876928,finetune,1.5273046785094795,original,8.326929465664906,original,14.572151326477,finetune3,809.0054758329337,finetune2,0.7765453946826899,finetune2,0.6493015549567221
3,2275,0,stereo_left,4,finetune3,0.3359375,finetune2,214.65862797642853,finetune2,184.44327315043665,finetune2,0.2943750377353715,finetune,32.758906696579146,finetune,20.576658909645264,finetune2,214.98939891763087,finetune2,0.8230588628328028,finetune2,0.7189123886535332
3,2280,0,stereo_left,4,finetune3,0.1953125,finetune2,2042.2970064323267,finetune2,2014.6036020031497,finetune3,3.197277618823889,finetune2,48.18645540674437,finetune2,56.27646297160108,finetune2,2111.223054198008,finetune2,0.6670724740829532,finetune2,0.6358495548513656
3,2285,0,stereo_left,4,finetune3,0.1796875,finetune2,5742.256898019503,finetune2,5548.142761700787,finetune2,20.31460124621321,finetune,145.4831286257082,original,282.68638506955233,finetune2,5780.13118492297,original,0.3265179677819083,original,0.3061235907908356
3,2290,0,stereo_left,4,finetune3,0.19921875,original,3559.713542141599,original,3506.3208015766286,finetune3,21.532170447905777,finetune3,98.76870592817608,original,216.96091938979885,original,4390.994141007209,original,0.7517454590896989,original,0.7060745261272616
3,2295,0,stereo_left,4,finetune3,0.26171875,finetune3,148.65924110322584,finetune3,12.982617756611035,finetune,3.999541239082094,finetune,12.546638276550198,finetune,163.1381374924614,finetune3,180.1230196226744,original,0.8715479815978747,original,0.7937710268135941
3,2300,0,stereo_left,4,finetune3,0.33984375,finetune3,85.64490645099508,finetune3,28.687538868720367,finetune,6.309406652361658,finetune,9.71060342913698,finetune,30.890910033236832,finetune3,177.35917688526484,finetune3,0.7834977777329853,finetune,0.6470421021885627
3,2305,0,stereo_left,4,finetune3,0.27734375,finetune2,597.2131586951863,finetune2,581.3729182240659,finetune2,3.2980904193178913,finetune2,19.556461544941875,finetune,9.191809603745646,finetune2,605.2414447170704,finetune2,0.8770764119601329,finetune2,0.743901341794778
3,2310,0,stereo_left,4,finetune3,0.32421875,finetune2,559.5531853032903,finetune2,552.4362849049248,finetune3,8.26036330944859,finetune2,20.615857324927042,finetune2,8.007833195202652,finetune2,585.0907205293717,finetune2,0.812245960035532,finetune2,0.7404148252441107
3,2315,0,stereo_left,4,finetune,0.33203125,finetune2,3307.9039625004452,finetune2,3306.50977175793,original,2.955403036908122,finetune3,1.0325291868385895,finetune,4.673486187287585,finetune2,3308.5018426570623,finetune2,0.7471300031026994,finetune2,0.7105571997142566
3,2320,0,stereo_left,4,finetune3,0.3828125,finetune2,5296.7980185337,finetune2,5296.722889608023,finetune,3.8498652258411226,original,6.313512073456869,finetune,5.649291235782548,finetune2,5295.991745675171,original,0.660911938739993,finetune2,0.6358642062262291
3,2325,0,stereo_left,4,original,0.2890625,finetune2,4569.391062843687,finetune2,4569.100317619708,finetune3,2.317401683264579,original,0.6974283280099939,finetune,4.22293503785583,finetune2,4570.165521303052,finetune2,0.7280353874313605,finetune2,0.6950728088652807
3,2330,0,stereo_left,4,finetune3,0.296875,original,5941.7765226955125,original,5940.984520704598,original,3.563646449466617,original,3.456761334462594,original,1.6576949213127865,original,5940.270568797888,original,0.6560747663551402,original,0.6375132783651171
3,2335,0,stereo_left,4,finetune3,0.34765625,original,6367.422640085999,original,6365.935604281141,finetune,3.118502420631699,original,2.563722944728503,original,2.4402879768892847,original,6367.1911620307665,original,0.6863711001642037,original,0.6437019676241348
3,2340,0,stereo_left,4,finetune3,0.30078125,finetune2,5096.675378559109,finetune2,5095.504725660248,finetune2,2.3553659257078383,original,2.641208564727588,original,1.522074868502185,finetune2,5096.28187488016,finetune2,0.733652312599681,finetune2,0.6969526277248915
3,2345,0,stereo_left,4,finetune3,0.38671875,finetune2,5913.6583483143295,finetune2,5912.831333007991,finetune2,0.788935847181494,finetune,1.2051569756702183,finetune,1.8176813121206106,finetune2,5913.644631018975,finetune2,0.7105263157894737,finetune2,0.6760326748160593
3,2350,0,stereo_left,4,finetune3,0.265625,finetune3,6479.1092679725825,finetune3,6474.821622909782,finetune2,0.9748097216086387,finetune,1.7539178468570515,original,1.9954123578203264,finetune3,6478.877122177514,finetune3,0.7005337177139741,finetune2,0.6655808271770113
3,2355,0,stereo_left,4,finetune3,0.25,finetune3,5056.743654816783,finetune3,5051.925216532778,finetune3,0.3419901500768245,finetune,2.001523458386248,finetune,0.9787311413967029,finetune3,5057.887559707191,finetune3,0.7210934613963798,finetune2,0.6903232333451363
3,2360,0,stereo_left,4,finetune3,0.25390625,finetune2,1890.6348364108783,finetune2,1885.082886226668,finetune3,6.155297896886938,finetune,12.182464480832813,original,3.9886442933551063,finetune2,1890.9213963386662,finetune2,0.7656418231845915,finetune2,0.6702617198734542
3,2365,0,stereo_left,4,finetune3,0.2109375,finetune3,305.06303399154945,finetune3,245.64929046264297,finetune,12.975046963252577,finetune2,17.182568477701118,finetune2,3.5634416914173506,finetune3,2624.928648793168,finetune2,0.8593537436191855,finetune2,0.7261254155163671
3,2370,0,stereo_left,4,finetune3,0.15234375,original,5410.183978261587,original,5344.976951643708,finetune3,11.081938077816835,finetune2,11.587234888198406,finetune2,21.884993837650928,original,5383.343804297202,original,0.6396089015633752,original,0.45905066721730375
3,2375,0,stereo_left,4,finetune3,0.19140625,finetune2,610.1019830222922,finetune2,574.364148878889,finetune3,8.781877689727807,finetune2,24.554242004171872,finetune2,12.800769241598248,finetune2,2595.9935282779234,finetune2,0.8204024374856193,finetune2,0.7324602762977981
3,2380,0,stereo_left,4,finetune3,0.1953125,finetune3,441.5128836171942,finetune3,389.04935985245174,finetune,12.728566179930572,finetune3,30.27659141598438,finetune3,19.26132472414018,finetune2,602.6045612745544,finetune2,0.8156519098540225,finetune3,0.713824684790955
3,2385,0,stereo_left,4,finetune3,0.30859375,finetune3,2812.870348895454,finetune3,2801.3396111096263,finetune,9.660802031202174,finetune2,10.976646963849902,finetune,6.191595833943791,finetune3,2816.9371316882443,finetune3,0.8047203146876458,finetune2,0.7012674897119342
3,2390,0,stereo_left,4,finetune3,0.23046875,finetune2,447.3524318601392,finetune2,439.89566600099715,original,12.770171635678372,finetune,17.56361944403707,finetune,4.750018199375437,finetune2,2722.0400148998374,finetune3,0.8378676470588236,finetune2,0.7293735586200405
3,2395,0,stereo_left,4,finetune3,0.265625,finetune2,1857.9206339954346,finetune2,1856.370431666306,finetune2,5.892294636405021,finetune2,7.53480137270578,original,3.9663722576704936,finetune2,1860.9762676815346,finetune2,0.779663348629713,finetune2,0.7531419364288853
3,2400,0,stereo_left,4,original,0.28515625,finetune2,1521.76506850873,finetune2,1520.6321175039357,finetune2,1.3730433495329275,original,5.217847763273839,original,8.551340456035426,finetune2,1521.3655002814494,finetune2,0.7997530356040338,finetune2,0.7614857414654185
3,2405,0,stereo_left,4,finetune3,0.2890625,finetune2,834.6439679512156,finetune2,830.4230363010356,finetune2,0.7813215486026996,original,5.969625483289617,finetune,7.0719838213756105,finetune2,834.1909879419197,finetune2,0.8570791029789133,finetune2,0.793158272643348
3,2410,0,stereo_left,4,finetune3,0.296875,finetune3,594.8002635523867,finetune3,574.5487850240206,finetune2,0.6145040268082452,original,6.174234317325803,original,9.455525778770024,finetune3,594.8885134808246,finetune2,0.8284664007451491,finetune2,0.7207285945554044
3,2415,0,stereo_left,4,finetune3,0.32421875,finetune3,237.1552165057684,finetune3,212.4560898388827,finetune,0.5549185512750355,original,11.780833877793885,original,16.886947868689198,finetune3,237.01824564171088,finetune3,0.8490845383210778,finetune3,0.7312251535959523
3,2420,0,stereo_left,4,finetune3,0.203125,finetune2,363.90261999129916,finetune2,152.28643456303962,finetune2,3.5193240207550973,finetune3,54.860678257901874,finetune3,111.16100300488911,finetune2,381.03466978361524,finetune2,0.8825704549640818,finetune2,0.6279733039134863
3,2425,0,stereo_left,4,original,0.0,original,119712.29389221172,original,115475.21100270262,original,3.1500625089629315,original,708.5982420589474,original,2.7014197465425287,original,119716.15480401022,original,0.4297520661157025,original,0.11904761904761904
3,2445,0,stereo_left,4,finetune3,0.00390625,finetune3,54932.00730611774,finetune3,53274.67789219584,original,8.149060774995911,finetune3,2503.8907019667517,original,5.44236973691005,finetune3,54851.03642765875,original,0.41512763945792625,finetune3,0.2099684258006315
3,2608,0,stereo_left,4,finetune3,0.10546875,finetune,68113.77624968295,finetune,66092.42435744702,finetune2,46.42681554306898,finetune2,1.15816901409604,original,0.6425484119724401,finetune,67847.3329522567,original,0.6964285714285714,finetune3,0.6754966887417219
3,2613,0,stereo_left,4,finetune2,0.078125,finetune3,187192.92742230115,finetune3,186800.69054316875,original,141.79770780966487,finetune,3.855708502536093,finetune,3.62522862241674,finetune3,187659.69086376237,finetune,0.41935483870967744,original,0.29041095890410956
3,2618,0,stereo_left,4,finetune2,0.09375,finetune,27945.439160907805,finetune,27912.633059241285,finetune,43.130163276709986,finetune3,1.4726103921369351,finetune,2.1261752918744583,finetune,28029.010070161145,finetune3,0.8395061728395061,finetune3,0.5475285171102662
3,2623,0,stereo_left,4,original,0.04296875,finetune3,19094.40799017569,finetune3,18545.614316452236,finetune,92.17187136524836,finetune2,3.017945710227442,finetune2,2.7266976592714056,finetune3,19205.04402054865,finetune3,0.5960591133004927,finetune3,0.38563829787234044
3,2847,0,stereo_left,4,original,0.08984375,finetune,43611.91716029066,finetune,43493.33027572918,finetune2,15.196056177453277,finetune3,0.8142003198689544,finetune3,1.284378007553471,finetune,43378.32571807475,finetune3,0.7755102040816326,finetune3,0.5444444444444444
3,2923,0,stereo_left,4,finetune3,0.04296875,finetune3,4729.42547342752,finetune3,4686.431649646605,finetune,4.159371323068017,finetune,0.9321785987067837,finetune,1.842574303786996,finetune3,5547.671611522627,finetune3,0.6730769230769231,finetune3,0.5911949685534591
3,2928,0,stereo_left,4,finetune3,0.05078125,finetune3,1521.3881856735227,finetune3,1490.333696311689,finetune3,161.63305073867338,finetune3,1.1384636913907544,finetune3,0.9977403329110827,finetune3,3074.440344186514,finetune3,0.9,finetune3,0.535483870967742
3,2933,0,stereo_left,4,finetune3,0.0546875,original,58803.469904896054,original,57743.155840830295,finetune3,131.29970010356107,finetune,1.353026242600378,finetune,1.3196057411477584,original,58761.179060638024,finetune3,0.5793871866295265,original,0.601063829787234
3,2938,0,stereo_left,4,finetune,0.07421875,finetune2,38886.050600034694,finetune2,38342.67573886865,finetune2,20.088052833402397,finetune2,2.2344554473624276,finetune2,2.2805654799510005,finetune2,38851.61476483639,finetune3,0.7567567567567568,finetune,0.5310077519379846
3,2943,0,stereo_left,4,original,0.01953125,finetune3,7066.242689694047,finetune3,6961.962492899853,original,164.21558074883433,original,2.951149134342573,finetune2,0.41189591770645045,finetune3,7478.790866083529,finetune3,0.42424242424242425,finetune3,0.30120481927710846
3,3204,0,stereo_left,4,original,0.07421875,original,15626.998048100788,original,15478.098790002638,finetune2,139.02974577533155,finetune3,0.1945101929652442,finetune3,0.7859281382645603,original,15740.447542056823,finetune3,0.676056338028169,finetune2,0.5806451612903226
3,3264,0,stereo_left,4,finetune3,0.0625,finetune2,3561.967511782758,finetune2,3401.68777724565,finetune,27.368515310859213,finetune2,1.1629941603736202,finetune2,1.0183118747387998,finetune2,3696.206090154605,finetune2,0.9,finetune2,0.6774193548387096
3,3269,0,stereo_left,4,finetune3,0.12890625,finetune3,7264.464859811047,finetune3,7219.423165488406,finetune2,62.9139815410567,finetune3,0.5904925758840017,finetune3,1.0117878840639236,finetune3,7524.7918741955455,finetune,0.9310344827586207,finetune,0.8
3,3274,0,stereo_left,4,finetune3,0.06640625,finetune3,7534.127358553656,finetune3,7493.719992064522,finetune3,60.870316390065994,finetune,0.3243922635382703,finetune,0.22572761707580802,finetune3,7752.43899271869,original,0.9,original,0.5497076023391813
3,3279,0,stereo_left,4,finetune3,0.078125,original,21990.66579432453,original,21774.619686351274,finetune3,91.11095829906203,finetune,1.2546983272621886,finetune3,1.3612743454345506,original,22091.813675796722,finetune3,0.7225806451612903,finetune,0.49230769230769234
3,3284,0,stereo_left,4,finetune3,0.0859375,original,305.35426265229836,original,234.4152197338408,original,120.00370303877638,finetune3,0.8137865306791898,original,1.0090087109014507,original,2328.0646746372395,finetune2,0.7859649122807018,finetune3,0.5189873417721519
3,3289,0,stereo_left,4,finetune3,0.00390625,finetune3,4706.960474285943,finetune3,4126.504797859816,original,68.5191680889265,original,0.7341576833033516,original,1.1808608438356496,finetune3,5431.572205246577,original,0.5698529411764706,original,0.4236760124610592
3,3474,0,stereo_left,4,finetune3,0.109375,finetune3,24469.09379269019,finetune3,24195.529587480938,finetune3,18.98325211208656,finetune3,14.931490272965725,finetune2,14.70011457444663,finetune3,24499.9202977268,finetune3,0.6223032512914007,finetune2,0.5006596306068601
4,0,0,stereo_right,4,finetune3,0.3125,finetune3,1062.1861191373193,finetune3,1056.1266929842895,finetune3,0.633119128602193,original,9.579665614301911,original,6.350261959219173,finetune3,1061.4045035438887,finetune2,0.8227620332883491,finetune2,0.7846619592833339
4,5,0,stereo_right,4,finetune3,0.25390625,finetune2,893.7314828877562,finetune2,885.925469369191,finetune2,1.1765440212755167,original,0.3805054781855043,original,5.3015592656803845,finetune2,893.9256874550306,finetune2,0.7919701368726669,finetune2,0.6956375681629975
4,10,0,stereo_right,4,finetune3,0.296875,finetune2,881.350656532679,finetune2,876.3262539161606,original,1.869199948989341,finetune,11.851670822969682,finetune,8.37375930291516,finetune2,882.4570602924045,finetune2,0.7978231909526374,finetune2,0.7013911173865606
4,15,0,stereo_right,4,finetune3,0.28125,finetune3,1063.2871843631985,finetune3,1055.5465395386564,finetune3,2.9655369291551654,finetune2,4.913841065266767,finetune,8.735397556092458,finetune3,1063.8690567465383,finetune2,0.8024225575853853,finetune2,0.7660869718433942
4,20,0,stereo_right,4,finetune3,0.27734375,finetune2,1096.195518434634,finetune2,1094.273872379321,finetune2,4.3283637476014505,finetune2,11.936808069761398,finetune,7.39376652470922,finetune2,1099.279348432729,finetune2,0.7996246872393661,finetune2,0.7307519729722596
4,25,0,stereo_right,4,finetune3,0.3359375,finetune2,948.872697863646,finetune2,942.2576325283371,finetune3,5.898860624526527,finetune2,26.236880894088277,original,8.044005103500044,original,2275.4928820223713,finetune2,0.8114699082705645,finetune2,0.6945048768990899
4,30,0,stereo_right,4,finetune3,0.19921875,original,3474.392222257483,original,3467.1115396459027,finetune,0.9538191777288522,finetune3,15.55909479579147,finetune,5.4961557820765385,original,3472.5297440723107,original,0.7140438786565547,original,0.5820378210556026
4,35,0,stereo_right,4,finetune3,0.44921875,finetune,6498.452247956389,finetune,6277.367136952456,finetune3,15.0790648151125,finetune3,4.497475366205521,original,36.6583223902957,finetune,6516.243879972069,finetune3,0.6866128101557992,finetune,0.6420297848869277
4,35,1,stereo_right,4,finetune3,0.16796875,finetune2,1037.0758447609842,finetune2,997.4870130379313,original,1.3808786650991642,finetune,45.704004291816865,finetune,73.20411364780334,finetune2,1036.244159107649,finetune2,0.7732795732184381,finetune2,0.5677943534451011
4,40,0,stereo_right,4,finetune,0.19921875,finetune2,8515.600197065723,finetune2,8265.029522069297,finetune,18.883371060244812,finetune,42.23288480085296,finetune2,87.87550707983463,finetune2,8546.728189923368,finetune2,0.5522347134631204,finetune2,0.5087593565854436
4,40,1,stereo_right,4,finetune3,0.19140625,finetune2,577.4374907585477,finetune2,548.0219405316348,original,13.552605629710794,finetune2,16.823417030420277,finetune2,1.985013666401646,finetune2,2591.258725931199,finetune3,0.826427771556551,finetune3,0.713981373041102
4,45,0,stereo_right,4,finetune3,0.32421875,finetune2,1787.1259069616033,finetune2,1775.3563298539884,finetune2,13.021223145211918,original,2.029413528588969,finetune,3.7726430474512695,finetune2,1811.800348191654,finetune2,0.8676688404996131,original,0.7325911000307367
4,45,1,stereo_right,4,finetune3,0.07421875,finetune3,7731.676737584389,finetune3,7431.993844073539,finetune3,16.01591497346177,finetune3,9.438323058638572,original,26.18040094891263,finetune3,7753.842925577697,finetune3,0.6681799896557669,finetune3,0.5746801409234192
4,50,0,stereo_right,4,finetune3,0.328125,finetune2,5151.710228026975,finetune2,5149.505859994861,original,3.088591081664745,original,5.757688463460897,original,3.2558471819351733,finetune2,5148.149252382332,finetune2,0.7147887323943662,finetune2,0.6638033635187581
4,50,1,stereo_right,4,finetune3,0.19140625,finetune3,176.80861008839148,finetune3,94.15351672985344,original,1.730330360759927,finetune3,18.455903629269564,finetune3,15.001309255645728,finetune3,2678.765064924317,finetune3,0.7671642756635236,finetune3,0.7246236559139785
4,55,0,stereo_right,4,finetune3,0.30859375,finetune2,7010.102142219005,finetune2,6968.924752545325,finetune,4.130199651465671,original,2.15780278568244,original,1.0990277057208664,finetune2,7007.184654354724,finetune,0.7664088397790055,finetune,0.7157887727242459
4,55,1,stereo_right,4,finetune3,0.203125,finetune2,1005.4403128620478,finetune2,996.6952722963033,finetune,3.602889518708168,finetune2,8.34532623348521,finetune2,6.057472253987106,finetune2,2887.5989414498727,finetune2,0.8058823529411765,finetune2,0.7661804737333929
4,60,0,stereo_right,4,finetune3,0.31640625,finetune2,8266.736928014387,finetune2,8243.386555418809,finetune3,2.615966550618692,finetune2,4.709436853753068,finetune2,2.0528865819991475,finetune2,8839.604071307347,finetune3,0.706789515175404,finetune2,0.685388092866447
4,60,1,stereo_right,4,finetune3,0.19140625,finetune3,3628.6269390887683,finetune3,3593.768238702927,finetune,2.200095170628697,original,19.18978848915204,original,13.825027770181299,finetune3,4442.545350916957,finetune3,0.7220140998790596,finetune3,0.6277514504628194
4,65,0,stereo_right,4,finetune3,0.3203125,original,5091.691776500866,original,5074.352134020664,finetune3,1.5058052995425406,finetune2,3.388904286514807,original,2.4490721130695805,finetune3,5557.07700605939,finetune3,0.7728537786341254,original,0.7324111007383519
4,65,1,stereo_right,4,finetune3,0.2421875,finetune3,5353.0657969691965,finetune3,5336.740274635718,finetune,1.9482899205039115,finetune3,9.717635626174866,finetune3,9.199879125735682,finetune3,5348.492311502741,finetune3,0.7127549009067126,finetune3,0.6004354362137785
4,70,0,stereo_right,4,finetune3,0.328125,finetune2,12111.41252228038,finetune2,12096.5222865787,finetune3,3.5598934824986426,finetune2,2.652461622447886,finetune2,5.135119668701068,finetune2,12662.808590954724,finetune2,0.6252793088038135,finetune2,0.6246285510519434
4,70,1,stereo_right,4,original,0.3203125,finetune3,6450.5140456321105,finetune3,6429.645946885663,finetune2,0.8735499170893076,original,5.062999675675793,finetune,2.7837102052935827,finetune3,7052.7665983632,finetune3,0.7209425004395991,finetune3,0.6433432441361083
4,75,0,stereo_right,4,finetune3,0.30859375,finetune3,10085.60490064576,finetune3,10059.857906544137,finetune3,3.434445910851694,original,1.207492132768591,finetune,0.5131549057219655,finetune3,10082.229826251601,finetune3,0.7480562448304384,finetune,0.6820337197049526
4,75,1,stereo_right,4,finetune3,0.1953125,finetune2,88.95203006761855,finetune2,77.58110661725368,finetune,3.7760518334373354,finetune2,4.354618428071644,finetune2,3.823561256347407,finetune2,125.10892592852349,finetune2,0.8220181208886682,finetune2,0.7834488018813958
4,80,0,stereo_right,4,finetune3,0.3125,finetune2,9650.587332825073,finetune2,9629.137339576344,finetune3,3.992146614613453,original,0.7365949292721649,original,0.9098142280470138,finetune2,9647.446974426157,finetune2,0.7803636363636364,finetune2,0.7496237515391982
4,80,1,stereo_right,4,finetune3,0.19140625,finetune2,3227.5363405074067,finetune2,3218.6729689981366,finetune3,12.935481731798243,finetune2,5.8045354921059,finetune2,2.5231848779353907,finetune2,4126.365271401705,finetune2,0.7842339008142117,finetune2,0.7359728985814101
4,85,0,stereo_right,4,finetune3,0.28125,finetune3,10247.645046097367,finetune3,10231.668026071377,original,3.9654037007522187,original,1.6323603471308636,finetune,1.7089940524143865,finetune3,10249.540272017472,finetune3,0.7540775643349039,finetune2,0.6900487125956855
4,85,1,stereo_right,4,finetune3,0.1953125,finetune2,850.2342498163973,finetune2,840.5834477790631,finetune,4.2725204868529785,finetune2,7.688868124349349,finetune2,5.685395558583469,finetune2,2839.0512396760664,finetune2,0.8163943021934807,finetune2,0.765313702978321
4,90,0,stereo_right,4,finetune3,0.29296875,finetune2,11146.552535056877,finetune2,11138.06421431031,finetune,176.88943109189492,finetune,1.87340644448162,finetune,1.0098834910437025,finetune2,11711.758047381561,finetune2,0.6593406593406593,finetune2,0.630568882796436
4,90,1,stereo_right,4,finetune3,0.24609375,finetune2,888.0420743707849,finetune2,881.5061038682907,finetune2,176.20412695581146,finetune2,5.383996674562416,finetune2,3.9270166778891724,finetune2,2851.584349486784,finetune2,0.8178603006189213,finetune2,0.7352921929193116
4,95,0,stereo_right,4,finetune3,0.24609375,finetune3,9713.308398394625,finetune3,9704.439914112452,finetune3,176.25435988315002,finetune,1.038181677960019,finetune,1.023025188475128,finetune3,10289.396941278896,finetune3,0.7314781675017895,finetune3,0.6270212481625017
4,95,1,stereo_right,4,finetune3,0.21484375,finetune2,1215.022008394229,finetune2,1210.241017156186,finetune,4.554981783953784,finetune2,5.250645800147842,finetune2,3.450626296102376,finetune2,2964.7183234257272,finetune2,0.82874420998456,finetune2,0.7269220711297071
4,100,0,stereo_right,4,finetune3,0.19921875,finetune3,10044.446374964946,finetune3,10036.260460967154,finetune3,7.21236024132867,finetune3,3.7670380338220886,finetune3,6.4687613874908925,finetune3,10057.036313370667,finetune3,0.6496424923391215,finetune3,0.6542056074766355
4,100,1,stereo_right,4,finetune3,0.23046875,finetune3,2103.8797042060814,finetune3,2094.8973899144257,original,176.19198527053126,finetune2,9.032866284975126,finetune2,7.120684887201845,finetune3,3390.598001406591,finetune3,0.7516350830119067,finetune3,0.6849954610296979
4,105,0,stereo_right,4,finetune3,0.25390625,original,9948.413796586403,original,9939.949967227541,original,174.70108491404883,original,1.8459288727661995,finetune,1.0856182898678595,original,10519.817036690878,original,0.7488479262672811,original,0.6504397937518956
4,105,1,stereo_right,4,finetune3,0.22265625,finetune2,4360.135059722642,finetune2,4352.88652649727,finetune3,4.080673517255564,original,5.563318041880347,original,3.413083659288612,finetune3,4895.842518739654,original,0.7391528925619835,finetune3,0.6659146705593524
4,110,0,stereo_right,4,finetune3,0.22265625,finetune3,6458.675861493021,finetune3,6455.868995167635,finetune3,6.922751145932402,finetune2,4.7945591390181015,finetune2,4.684051032295155,finetune3,6458.3379370168,finetune3,0.7272431023245709,finetune3,0.6268846214886526
4,110,1,stereo_right,4,finetune3,0.19921875,finetune2,395.38368964025153,finetune2,387.89917900993896,finetune,4.422448157641413,finetune2,5.822103939258236,finetune2,4.261124019245261,finetune2,406.54686774693994,finetune2,0.8002552648372687,finetune2,0.773325175894769
4,115,0,stereo_right,4,finetune3,0.2109375,finetune3,5422.785673142256,finetune3,5410.6274876743555,original,170.37446756469396,finetune2,2.18492800007709,finetune2,1.998062389343832,finetune3,6048.00689657215,finetune3,0.7802106758196237,finetune3,0.7655377744696688
4,115,1,stereo_right,4,finetune3,0.18359375,finetune2,939.4812075177297,finetune2,935.054647637473,finetune,7.7208030952511715,finetune2,9.037393891666074,finetune2,5.82952457228285,finetune2,2633.0923134558743,finetune2,0.761598857958601,finetune2,0.7150224673202614
4,120,0,stereo_right,4,finetune3,0.234375,finetune2,3600.0078926025094,finetune2,3586.2308769330994,finetune3,169.7026594325069,finetune2,2.1825970082622446,finetune2,3.5313712468574683,finetune2,4406.700208339256,finetune2,0.8655763861188672,finetune2,0.8219578376121895
4,120,1,stereo_right,4,finetune3,0.21875,finetune2,3699.3321867731925,finetune2,3695.077484969046,finetune2,7.812711510882683,finetune,13.905141142805096,finetune,10.715349155368854,finetune2,3701.370372165499,finetune2,0.7095460016666152,finetune3,0.65073441462131
4,125,0,stereo_right,4,finetune2,0.0625,finetune3,9131.6071260423,finetune3,9106.240428399571,finetune2,145.1277920335742,finetune3,1.324655031944602,finetune3,6.316232339853026,finetune3,9698.426011126217,finetune3,0.8191126279863481,finetune2,0.2594174757281553
4,125,1,stereo_right,4,finetune3,0.30859375,finetune2,4362.844511927625,finetune2,4357.045649174714,finetune,5.774725915957646,finetune2,4.373436515352964,finetune2,4.954455292251506,finetune2,4364.5734622300115,finetune2,0.7327149383912501,finetune2,0.7278678704377219
4,130,0,stereo_right,4,finetune3,0.046875,original,2219243.4489336754,original,2213635.9754499714,finetune3,83.65414142191361,finetune,31.186366703293796,finetune2,1.0173620837625041,original,2219672.4297222947,original,0.0,original,0.0
4,130,1,stereo_right,4,finetune,0.28125,finetune2,3813.4752486190655,finetune2,3798.201570475867,finetune,5.129394063797819,finetune,0.5872906547077088,finetune,2.762955975864834,finetune2,3814.9890868393168,finetune2,0.7908875993982377,finetune2,0.7388258720620133
4,135,0,stereo_right,4,finetune3,0.2890625,finetune3,12760.946753506938,finetune3,12758.032276818674,finetune3,4.08074690736931,finetune2,1.4231110889824337,finetune,1.5927110854215463,finetune3,12764.130624386915,finetune3,0.6472141536836546,finetune2,0.6053702196908055
4,135,1,stereo_right,4,finetune3,0.3828125,finetune2,2936.3305260088655,finetune2,2924.235771860578,original,2.013229581294368,original,7.329841923099237,original,2.293410351012662,finetune2,2940.7919171764447,finetune2,0.8502496878901373,finetune2,0.7748562037797864
4,140,0,stereo_right,4,finetune3,0.28125,finetune3,2633.208035134505,finetune3,2621.1149169815835,finetune,1.4882329020880354,finetune2,13.237288159921698,finetune2,2.198343877217695,finetune3,3709.879997302443,finetune3,0.7515867076854854,finetune3,0.6707002457002457
4,145,0,stereo_right,4,finetune3,0.14453125,finetune3,6960.954864500933,finetune3,6768.170007986177,finetune2,2.9956703973787544,original,19.17468947540434,original,21.608500457713145,finetune3,6960.680185504438,finetune,0.6370949207078832,original,0.47204926445432777
4,145,1,stereo_right,4,finetune,0.3203125,finetune3,1581.4296944847245,finetune3,1574.516715063739,finetune3,4.780505272077456,finetune,10.411971707898532,finetune,6.422931474771774,finetune3,1584.2143775828558,finetune3,0.7965820415945765,finetune3,0.6805059688124946
4,150,0,stereo_right,4,finetune3,0.16796875,finetune,539.0620574658776,finetune,213.27062701788236,finetune3,3.3278609088751567,finetune2,43.477737966435555,finetune2,45.58374450679961,finetune,671.3906011880243,finetune3,0.5738250919493257,finetune3,0.3415359477124183
4,150,1,stereo_right,4,finetune3,0.26171875,finetune3,489.8056921241324,finetune3,427.12010079254105,finetune3,3.737126835839516,finetune,41.157240244417494,finetune,9.79374725209593,finetune3,489.75994594773164,finetune3,0.7244657003318803,finetune3,0.6327216651826617
4,155,0,stereo_right,4,finetune3,0.18359375,finetune2,306.16185489342166,finetune2,194.71884542335283,finetune3,8.873554309397864,finetune2,83.84406476816872,finetune,11.996321702577681,finetune2,336.7792646479447,finetune2,0.7623736931771607,finetune2,0.6710252486120627
4,160,0,stereo_right,4,finetune3,0.203125,finetune2,402.73984628422556,finetune2,53.82344471561919,finetune3,10.34636096229529,finetune,116.96703463056593,finetune,52.36383693337304,finetune2,497.39191825262213,finetune2,0.7477931610269289,finetune2,0.596133631167466
4,180,0,stereo_right,4,finetune2,0.08984375,finetune,8585.847444004674,finetune,8309.56481538399,finetune3,108.33586328249754,finetune,167.35652396911715,finetune3,54.601523418314024,finetune,9036.503004387036,finetune3,0.5056256256256256,finetune3,0.6576666559267971
4,185,0,stereo_right,4,finetune3,0.2734375,finetune3,2071.2733749278796,finetune3,2003.5734745454665,finetune,16.502520403790285,finetune3,17.162517807680345,original,103.78196411860122,finetune3,2110.7757458725164,finetune3,0.7336898395721925,finetune3,0.6194871419955038
4,190,0,stereo_right,4,finetune2,0.0625,finetune2,17441.10712300491,finetune2,16816.83643255162,finetune3,41.94010959213157,finetune2,206.66829728900396,finetune3,35.10950329530229,finetune2,17806.930131325902,original,0.4358844399391789,finetune,0.42173191567820045
4,195,0,stereo_right,4,finetune3,0.2734375,finetune2,9733.887010474647,finetune2,9676.056246100634,finetune2,2.778133102409808,original,1.6668513877063647,original,1.8415729879551563,finetune2,9735.318789045468,finetune2,0.7837326607818411,finetune2,0.7520100898628409
4,195,1,stereo_right,4,original,0.1640625,finetune3,5184.89653040997,finetune3,4945.579231050642,finetune,12.771366814343692,finetune3,6.336306308858583,original,166.7233499091723,finetune3,5209.815832073188,finetune2,0.39619853851375636,finetune2,0.4377641743186124
4,200,0,stereo_right,4,finetune3,0.2578125,finetune,21222.220683569278,finetune,21135.52850030479,finetune3,6.3306601184476,finetune3,6.990833087546405,finetune3,8.715409369193083,finetune,21226.2879006182,finetune3,0.6543994245984176,finetune,0.5857539315448659
4,200,1,stereo_right,4,finetune3,0.265625,finetune3,265.37088413496645,finetune3,256.47599277151676,finetune,12.404171310660395,finetune3,22.901144645863468,finetune,34.36907725154043,finetune3,399.15902554650444,original,0.7727244792988738,finetune2,0.6768666456636212
4,205,0,stereo_right,4,finetune3,0.27734375,original,16448.35574041009,original,16369.213259584532,finetune,2.222335638654449,finetune,3.824740974786728,finetune,5.247843622543352,original,16448.64352102716,original,0.7093434343434344,original,0.6281397174254317
4,205,1,stereo_right,4,finetune3,0.2890625,finetune3,1523.194501011853,finetune3,1519.8917552885323,finetune,11.633181139983765,finetune2,17.234075945572823,finetune2,71.91584572336888,finetune3,1557.69768027738,finetune3,0.7880298223443709,finetune2,0.6902417018851797
4,210,0,stereo_right,4,finetune3,0.1953125,original,18173.54515101578,original,17992.600874732947,finetune2,3.2663529402706275,finetune,2.7666835864621806,finetune,1.5985679961594321,original,18171.087893834643,original,0.59375,original,0.5403894351262772
4,210,1,stereo_right,4,finetune3,0.30859375,finetune2,528.5706887813044,finetune2,524.812853172727,finetune2,3.80074912091664,finetune2,18.28820441370748,finetune,10.898458626093335,finetune2,533.7653261182968,finetune2,0.8643143630604999,finetune2,0.8021501960698403
4,215,0,stereo_right,4,finetune3,0.2109375,original,13664.694572027862,original,13464.787549314715,finetune2,4.709843433617592,original,0.6573957312736999,original,0.7573646042108559,original,13665.9582561144,original,0.6322757633587787,original,0.5675675675675675
4,215,1,stereo_right,4,finetune3,0.30078125,finetune3,744.7107211808781,finetune3,738.4103503568258,finetune,4.921150350128201,finetune,8.562402413081696,finetune,11.725417417532757,finetune,1552.5932923107662,finetune2,0.7412087520490342,finetune,0.6955786046661062
4,220,0,stereo_right,4,finetune3,0.3828125,original,1183.2656375861745,original,1165.7995303697317,finetune,6.853136277034397,finetune,16.488988693200454,original,14.39541331478994,original,1197.1329569985717,original,0.8125044668091714,original,0.6663054119897088
4,225,0,stereo_right,4,finetune3,0.03515625,finetune3,304232.771608822,finetune3,298651.77316005644,finetune,84.67592740582164,finetune2,36.95389810985884,finetune3,0.7379345195682226,finetune3,304338.96167382813,finetune3,0.5393258426966292,finetune3,0.38767395626242546
4,225,1,stereo_right,4,original,0.10546875,finetune3,8073.2741769763325,finetune3,7905.0295629387365,finetune3,19.861658795719148,finetune3,105.72968715981403,finetune3,69.45951724735109,finetune3,8079.026905152727,finetune3,0.6561564396493594,finetune3,0.5568697495770619
4,230,0,stereo_right,4,original,0.07421875,finetune2,2682.6829074551806,finetune2,2648.545391445299,finetune3,17.81080830834873,finetune3,85.07431966488774,original,92.24330566219675,finetune2,3745.4375656695156,finetune2,0.6511088189788551,finetune2,0.6464775207333042
4,235,0,stereo_right,4,finetune3,0.40234375,finetune3,157.37864377348208,finetune3,79.67049139153278,finetune,3.979856919794168,finetune,42.78196368880932,finetune,39.48043397110523,finetune3,186.41269332951458,finetune3,0.8746439160045036,finetune3,0.6782684854280968
4,240,0,stereo_right,4,finetune3,0.27734375,finetune3,296.30249383839674,finetune3,244.66662420733883,finetune2,5.427636714092061,finetune3,78.13222762619395,original,51.77361079705257,finetune3,371.04607708358674,original,0.7812828617090168,finetune3,0.6910331449324404
4,245,0,stereo_right,4,finetune3,0.28125,finetune2,352.0780119497667,finetune2,103.38415568172513,finetune3,2.9914966844478257,finetune3,11.527959324930293,finetune,52.13056715601602,finetune2,389.5720465469637,finetune2,0.8257341824173255,finetune,0.6809848998244974
4,250,0,stereo_right,4,finetune3,0.203125,finetune2,1176.3536564529122,finetune2,1133.2845565613543,finetune2,11.30985365518685,finetune2,41.50314358657227,finetune3,153.07615430231505,finetune2,1213.5282787006677,finetune2,0.8734400031644943,finetune2,0.6103530057851707
4,255,0,stereo_right,4,finetune3,0.3828125,finetune2,2378.1248185170216,finetune2,2275.1973265192173,finetune3,7.718405642335422,original,17.878310627048382,original,60.947452851331086,finetune2,2391.628866975778,finetune2,0.7766990291262136,finetune2,0.627549146235973
4,260,0,stereo_right,4,original,0.03125,original,109155.88142836577,original,108473.02253915241,finetune3,81.35082297634307,finetune,18.573981002461693,finetune3,1.9008388956940883,original,109645.9766577991,finetune3,0.43902439024390244,original,0.46272493573264784
4,260,1,stereo_right,4,finetune3,0.32421875,finetune2,1013.7180442508684,finetune2,982.3055753781991,finetune3,6.9472380774897475,finetune2,16.51339691615349,finetune,14.759664578038953,finetune2,1032.8189989457048,finetune2,0.8067338325840904,finetune2,0.6876980255891387
4,265,0,stereo_right,4,finetune3,0.24609375,original,9434.587030805193,original,9433.468450197266,finetune3,1.867131204040704,finetune2,1.6806207436196339,finetune2,1.1359549901057044,original,10004.150683189077,original,0.8029602220166513,original,0.7378731343283582
4,265,1,stereo_right,4,finetune,0.265625,finetune2,599.8421277594083,finetune2,599.3727141808777,finetune,2.692346689940665,finetune2,20.116083113049037,finetune2,8.314567839034954,finetune2,601.776321534368,finetune2,0.8504587505234705,finetune2,0.7311298773626723
4,270,0,stereo_right,4,finetune3,0.32421875,finetune3,17495.91314939441,finetune3,17484.920493088866,finetune,1.9148282944829806,finetune,2.5009170338907465,finetune,2.494944755208958,finetune3,17496.92652614615,original,0.6909090909090909,finetune3,0.5793036750483559
4,270,1,stereo_right,4,original,0.19140625,finetune3,200.64696756437596,finetune3,103.60386351574198,finetune2,2.8948192619711737,finetune3,32.93060019847839,finetune3,19.30830780612174,finetune2,725.928838031461,finetune3,0.7535555860428957,finetune3,0.6811276337529792
4,275,0,stereo_right,4,finetune2,0.08984375,finetune2,48235.53265341859,finetune2,48216.80512571841,finetune2,4.28897811756378,finetune2,6.741639797813102,finetune3,14.950149150591482,finetune2,48234.565491839625,finetune3,0.16071428571428573,original,0.10687830687830688
4,275,1,stereo_right,4,finetune3,0.26953125,finetune3,1409.640458423278,finetune3,1382.4289459311549,finetune,1.2473196428763305,finetune,16.672786212448642,finetune2,2.297668028873269,finetune3,1408.4841101990482,finetune2,0.7875305102016635,finetune2,0.7014470404705123
4,280,0,stereo_right,4,finetune3,0.140625,original,25331.02264914207,original,24921.34801087952,finetune,61.37164489831672,finetune3,1.665847680836091,finetune2,13.533616270684067,finetune,25741.043026482697,finetune3,0.5540037243947858,original,0.546875
4,280,1,stereo_right,4,finetune3,0.27734375,finetune2,1743.0830907620875,finetune2,1704.9353289327046,finetune2,1.661385973881254,finetune,20.14543422603508,original,11.266181756236922,finetune2,1745.2023780032628,finetune3,0.7508538598991201,finetune2,0.6427542033626902
4,285,0,stereo_right,4,finetune3,0.25,finetune2,997.7388558521824,finetune2,949.6032626564665,finetune,0.8877167539258176,finetune3,27.16228349964958,original,13.726198696170862,finetune3,1143.8787139500992,finetune3,0.7678068071858303,finetune2,0.7008914594558967
4,290,0,stereo_right,4,original,0.328125,finetune3,2190.742901051766,finetune3,2185.5029038131725,finetune2,7.897865665190218,finetune2,15.472339732025144,original,2.6432920187193383,finetune3,2198.150518931672,finetune3,0.8019154125275118,finetune,0.6659844331236835
4,295,0,stereo_right,4,finetune3,0.32421875,finetune2,1377.6652329351095,finetune2,1361.862327932291,finetune2,6.0012386552801535,finetune,28.986821778263156,finetune,8.64622064113229,finetune2,1379.0081709485773,finetune2,0.7179917177179233,finetune2,0.6230381680865672
4,300,0,stereo_right,4,finetune3,0.24609375,finetune3,703.6538830558463,finetune3,694.8253226337456,finetune3,5.440884686072106,finetune2,15.530246264244576,finetune,4.879101391868067,finetune3,720.6072916153703,original,0.8214351051556708,finetune3,0.6587926214507853
4,305,0,stereo_right,4,finetune3,0.25390625,finetune3,1138.1856889935489,finetune3,1134.411536980282,finetune,5.9521895055621465,original,13.958565573696479,finetune,48.747890107370594,finetune3,1151.87648806229,finetune3,0.8525100217852062,finetune3,0.7343118614613455
4,310,0,stereo_right,4,finetune3,0.28125,original,19371.72800662664,original,18719.863836452307,finetune3,7.0787499469547965,finetune2,1.601020221668515,finetune2,2.1634197275144236,original,19364.915454604827,original,0.6141947224749773,original,0.5610632183908046
4,310,1,stereo_right,4,finetune3,0.34765625,finetune3,378.8753742330882,finetune3,367.10761488915523,original,6.083692534455611,original,20.85895600056814,finetune,16.55096147969088,finetune3,402.8351914861083,finetune3,0.7621142843070458,finetune3,0.6773759603964963
4,315,0,stereo_right,4,finetune3,0.34765625,finetune2,234.61336795740996,finetune3,44.16561382259715,finetune3,0.475051553950967,finetune,87.93437786158664,finetune,30.589793449267265,finetune3,240.33750292382473,original,0.8791991393199868,finetune2,0.6701351179038917
4,320,0,stereo_right,4,finetune3,0.37890625,finetune2,86.3631855426855,finetune2,71.06102518379157,finetune2,4.524011323280693,finetune,10.71344607318796,finetune,39.928877952678754,finetune2,138.05992890445435,original,0.8549272987166666,original,0.7529469461797804
4,325,0,stereo_right,4,finetune3,0.15625,finetune2,1429.4246986617482,finetune2,1428.000944282132,finetune2,168.7848905541837,finetune3,2.081420272059192,finetune3,2.1562653797341826,finetune2,3038.3242471002163,finetune2,0.8367346938775511,finetune2,0.7320627802690582
4,330,0,stereo_right,4,original,0.171875,finetune3,13106.785502649982,finetune3,12937.206073564565,finetune,149.6766796773864,finetune3,0.8266200892108293,finetune3,0.5663425989559266,finetune3,13648.27993639849,finetune3,0.9049180327868852,finetune3,0.825925925925926
4,335,0,stereo_right,4,finetune3,0.1484375,finetune2,51364.51745674663,finetune2,50722.69026159181,finetune3,3.792617855965458,finetune3,6.586185438361158,original,6.8693657667086585,finetune2,51418.01357710694,finetune3,0.5357142857142857,finetune3,0.5040871934604905
4,340,0,stereo_right,4,finetune3,0.265625,finetune3,40101.21973412937,finetune3,39885.837965502375,finetune2,103.34743971440277,finetune3,0.9469759521479694,finetune3,1.1283876416708993,finetune3,40624.79663657316,finetune3,0.7276507276507277,finetune3,0.7243589743589743
4,345,0,stereo_right,4,finetune3,0.28125,finetune3,25863.469280009136,finetune3,25838.392316873767,finetune3,0.920143041841713,finetune3,1.7661864769939344,finetune3,2.1104974084418044,finetune3,25862.92801933283,finetune3,0.701688555347092,finetune3,0.6208333333333333
4,350,0,stereo_right,4,finetune3,0.15234375,finetune3,50976.49337486804,finetune3,50966.6458596579,finetune3,13.993529958169233,finetune,3.8715050041171977,finetune,4.814763979852745,finetune3,50997.090217962505,original,0.5897435897435898,finetune2,0.45255474452554745
4,355,0,stereo_right,4,finetune3,0.1484375,finetune2,12842.17079314081,finetune2,12778.601803831407,original,4.772227190306923,finetune2,4.910941936416439,finetune2,5.100160025876269,finetune2,12829.860465486097,finetune2,0.7336394948335246,finetune2,0.5068493150684932
4,360,0,stereo_right,4,finetune3,0.11328125,finetune,1756.344509328123,finetune,1671.7531450467795,finetune3,13.559940332433708,finetune3,5.5981544585575485,finetune3,5.96546605359186,finetune,2246.849787966436,finetune,0.7590115620040807,finetune,0.6334960570784829
4,405,0,stereo_right,4,finetune3,0.15625,finetune3,43034.87459635631,finetune3,42224.30074874802,finetune2,11.734091525633179,finetune3,10.112539064692342,finetune3,10.942810335438304,finetune3,43064.01455381543,finetune3,0.5691056910569106,finetune3,0.5786369593709043
4,410,0,stereo_right,4,finetune3,0.26953125,finetune3,28683.627391592254,finetune3,28678.0117049907,original,2.049681045813579,original,1.4253896903374383,finetune2,1.1671038125009494,finetune3,29210.21692402978,finetune3,0.6530612244897959,finetune3,0.6666666666666666
4,415,0,stereo_right,4,finetune3,0.234375,finetune2,14005.089400851577,finetune2,14001.747048348683,original,179.03427216415622,finetune,0.6061995033685669,finetune,0.005867197658849688,finetune2,14554.139878911225,finetune2,0.8044982698961938,finetune2,0.7255075022065314
4,420,0,stereo_right,4,finetune3,0.11328125,finetune3,13879.756761779798,finetune3,13879.591993671726,original,178.40590716258933,finetune2,0.9500318392800126,finetune2,1.0514066797477473,finetune3,14431.878508655425,finetune3,0.7743097238895558,finetune3,0.7625698324022346
4,425,0,stereo_right,4,finetune3,0.39453125,finetune2,25078.87458408876,finetune2,25074.65990020093,finetune3,2.3475322940214265,finetune,0.22229825048831797,finetune,0.7836490597159802,finetune2,25611.836568808652,finetune2,0.6862745098039216,finetune2,0.6765834932821497
4,430,0,stereo_right,4,finetune3,0.25,finetune2,20418.317225278588,finetune2,20409.548202122503,finetune,179.33070120343817,original,0.8950513538008356,finetune,0.7010818345121873,finetune2,20958.8500777353,finetune2,0.6985994397759103,finetune2,0.6737967914438503
4,435,0,stereo_right,4,finetune3,0.13671875,finetune,61154.09927578663,finetune,61125.469934100605,finetune,72.31484777640594,finetune3,5.055891577520592,finetune3,4.951384451947249,finetune,61408.969365124336,original,0.6433520290333223,finetune3,0.45525525525525523
4,440,0,stereo_right,4,finetune,0.1640625,finetune2,1852.1614679700385,finetune2,1788.228943792812,original,9.280145619548698,finetune3,3.679398184036992,finetune3,4.9156067477937455,finetune2,1849.8088423063762,finetune3,0.7643067179371184,finetune3,0.5627068775285031
4,445,0,stereo_right,4,finetune3,0.01171875,original,274682.8186825409,original,264152.78479634004,original,47.94893828798063,finetune3,45.722397604268245,original,0.9011188081963245,original,274655.426237256,original,0.2,original,0.2805755395683453
4,465,0,stereo_right,4,finetune3,0.171875,finetune3,7002.091074430042,finetune3,6787.331582230923,finetune2,41.04258049344791,finetune3,0.995713041005911,original,2.2123502163943063,finetune3,6618.825611428561,finetune3,0.8652597402597403,finetune3,0.7582116788321168
4,470,0,stereo_right,4,finetune3,0.234375,finetune2,3353.8708082073617,finetune2,3252.807028080133,finetune,8.574273755042507,finetune3,1.3914151457630006,finetune2,0.22109563156675976,finetune2,3378.7181347302353,finetune3,0.9178082191780822,finetune3,0.7850521436848203
4,475,0,stereo_right,4,finetune3,0.296875,finetune3,10693.073559395596,finetune3,10558.567317920635,original,165.85922943463066,original,0.6449065688233424,finetune,0.46113513354456775,finetune3,11242.798759527626,finetune3,0.9024045261669024,finetune3,0.7954711468224982
4,480,0,stereo_right,4,original,0.33203125,finetune2,13559.677046057144,finetune2,13503.225798566185,finetune2,8.910103199184231,original,0.1121333594317799,original,0.904667797959133,finetune2,13567.778765042287,finetune2,0.8286163522012578,finetune2,0.7562956945572705
4,485,0,stereo_right,4,finetune3,0.16796875,finetune3,37204.31388867236,finetune3,37143.187792040204,finetune,52.673831017249874,finetune3,3.7372599697876616,finetune3,3.7993848107907193,finetune3,37725.26845785202,finetune3,0.6613832853025937,finetune3,0.5052790346907994
4,490,0,stereo_right,4,finetune3,0.1015625,finetune2,15657.718095856471,finetune2,15643.661219426664,finetune3,3.686841836889475,finetune,2.060351403343007,finetune,1.91613117190599,finetune2,16204.870642241776,finetune3,0.7200929152148664,finetune3,0.63881636205396
4,495,0,stereo_right,4,finetune3,0.1328125,original,15783.898301632003,original,15777.423871120525,finetune,1.9610314139015297,finetune3,2.2558672400445436,finetune3,2.6091809932752805,original,16334.150541113717,finetune2,0.7823086574654956,finetune2,0.7222222222222222
4,500,0,stereo_right,4,finetune3,0.21484375,finetune2,33803.4275157997,finetune2,33796.492643183854,finetune3,9.197395920628042,finetune2,3.031823155601554,finetune2,3.4741806899899603,finetune2,33814.98394320986,finetune2,0.7059426229508197,finetune2,0.6506904955320877
4,505,0,stereo_right,4,finetune3,0.13671875,finetune,56571.11161665558,finetune,56374.4487084022,finetune3,59.253561133260064,finetune3,8.497260736415207,finetune3,9.000782341005829,finetune,56948.02214410434,finetune2,0.5993945509586277,finetune3,0.5258455647734525
4,510,0,stereo_right,4,finetune3,0.15234375,finetune,44506.37755414027,finetune,44388.13329354329,finetune2,77.76289972395206,original,3.866731211252842,original,5.060981836347682,finetune,44743.24374144637,finetune3,0.7422680412371134,finetune3,0.5286448044251284
4,515,0,stereo_right,4,finetune3,0.26953125,finetune3,23556.45549563131,finetune3,23195.311297970475,finetune3,14.808836978052652,finetune3,0.9607898931812968,finetune3,2.2354737608378596,finetune3,23581.505900267995,finetune3,0.7272727272727273,finetune3,0.6567796610169492
4,520,0,stereo_right,4,finetune,0.171875,finetune3,3490.4215521958827,finetune3,3442.0307216223882,original,161.5429204202394,original,8.795838360285243,original,9.129850774480019,finetune2,3753.9208588999168,original,0.726118760757315,finetune2,0.5709012611504153
4,525,0,stereo_right,4,finetune2,0.1484375,finetune,7430.252399584757,finetune,7418.38026348126,finetune3,4.037070406251185,finetune2,10.7400462703493,finetune2,13.889422607509681,finetune,7443.967946182362,finetune3,0.6155816014970944,finetune2,0.41831238779174146
4,530,0,stereo_right,4,finetune3,0.10546875,finetune,3144.7248228540047,finetune,3028.4616615521154,finetune,53.156571968438826,original,7.877927177602328,original,9.383184810707554,finetune,3392.110006386189,original,0.81355264453856,original,0.66118769883351
4,550,0,stereo_right,4,original,0.10546875,original,432.51997947196304,original,39.125956646377745,finetune3,24.319522772445424,finetune,19.138744060417483,finetune,6.035228182593986,finetune2,1378.545881350212,finetune3,0.891208233673987,finetune3,0.6557071237029264
4,570,0,stereo_right,4,finetune3,0.20703125,finetune3,8673.09762042516,finetune3,8358.850452595361,finetune3,11.014647493298902,finetune2,5.45785969737912,original,3.637439139396528,finetune3,8673.639088882901,finetune3,0.7817861151194484,finetune2,0.6764132553606238
4,575,0,stereo_right,4,finetune3,0.14453125,finetune3,13362.018888650544,finetune3,13339.776553699106,original,10.13474306281237,original,9.281332935975325,original,11.687021361191004,finetune3,13371.921212427473,original,0.6829268292682927,original,0.47639956092206365
4,580,0,stereo_right,4,finetune3,0.1484375,finetune,1136.5508245363533,finetune,950.9471241489955,finetune3,13.226387744176204,original,10.357641514305163,original,12.944212545352363,finetune,1177.3850273335427,original,0.6529753804280589,original,0.4988605287146764
4,615,0,stereo_right,4,finetune3,0.21875,finetune3,5540.36529766274,finetune3,5430.302141939639,finetune3,5.471014419134988,original,1.5253963893632658,original,1.6486721628944208,finetune3,5533.372682990373,finetune3,0.8208092485549133,finetune3,0.6855855855855856
4,620,0,stereo_right,4,finetune3,0.171875,original,21236.593761231652,original,21204.06596137247,finetune2,1.6099939456394976,finetune2,0.8070876188263899,finetune2,0.8236062808391182,original,21231.2916925478,original,0.6873364730507587,original,0.570281124497992
4,625,0,stereo_right,4,finetune3,0.1640625,finetune,13874.501581975139,finetune,13492.270631328356,finetune3,6.346025110625908,finetune,2.6355896215288346,finetune,4.313313782586346,finetune,14414.539544870362,finetune,0.6530612244897959,finetune,0.4912970241437395
4,630,0,stereo_right,4,finetune3,0.17578125,finetune3,46506.93337354496,finetune3,44867.398747026426,finetune3,37.75611770849761,finetune3,35.62812551711936,finetune2,14.874385846605426,finetune3,46447.28804047936,original,0.49612403100775193,original,0.4161640530759952
4,650,0,stereo_right,4,finetune3,0.25,original,23603.929526865475,original,22739.431269244422,original,6.979860755910201,original,0.7718072466404902,original,2.1045132378185127,original,23604.668431861908,original,0.5319940476190477,original,0.5091500610004067
4,655,0,stereo_right,4,finetune3,0.359375,finetune2,26101.095738030166,finetune2,25854.320184152704,finetune3,9.69740037584268,original,0.5944027492463335,finetune,0.3633891271151364,finetune2,26625.87073265216,finetune2,0.7052932761087267,finetune,0.6696588868940754
4,660,0,stereo_right,4,finetune3,0.2421875,finetune3,22309.440017101682,finetune3,22308.892348234716,finetune,3.4535136799954493,finetune2,1.4321467850212994,finetune2,1.5181678610718012,finetune3,22842.991058522446,original,0.6402439024390244,finetune2,0.6296296296296297
4,665,0,stereo_right,4,finetune3,0.23046875,finetune3,20490.055426386265,finetune3,20482.203908377778,original,5.758594417732963,finetune2,0.6016311965671111,finetune2,0.8573731351939806,finetune3,21021.82295990291,finetune3,0.6723044397463002,finetune3,0.6553030303030303
4,670,0,stereo_right,4,finetune3,0.27734375,finetune2,16440.35100253932,finetune2,16425.16655390535,original,175.63992698298233,finetune,1.2985337464751656,finetune,1.5088811909170212,finetune2,16981.230051717335,finetune2,0.7056,finetune2,0.6907384740922072
4,675,0,stereo_right,4,finetune3,0.16796875,original,3924.4043808875094,original,3920.053597506747,finetune,8.617043115801136,original,4.589799138549293,original,4.407434166283618,finetune2,4074.4540969757177,finetune2,0.7275625885687294,finetune2,0.6776069017254314
4,680,0,stereo_right,4,finetune3,0.1484375,finetune,9107.51603915618,finetune,9040.855078504675,finetune2,2.292393414152788,original,17.57514209500327,original,17.494537452560955,finetune,9107.517663212457,finetune,0.699037816066234,finetune2,0.47643037063691973
4,685,0,stereo_right,4,finetune3,0.1953125,finetune3,8011.2097142339835,finetune3,7755.034871822529,finetune3,27.271082332351696,finetune3,27.718025622183895,original,68.2770366097434,finetune3,7987.221935472956,finetune,0.5133304195804196,finetune3,0.403905822230334
4,710,0,stereo_right,4,finetune3,0.18359375,finetune3,3827.75743339996,finetune3,3771.1040388832043,finetune2,115.65645820547446,finetune3,6.8034111981945085,finetune3,5.639388335175254,finetune3,4584.628899041938,finetune3,0.8172632568340252,finetune3,0.7038327526132404
4,715,0,stereo_right,4,finetune3,0.32421875,finetune2,11684.192833364794,finetune2,11632.100894757896,finetune2,7.106540782839983,original,1.3052706953348443,original,0.8790975574301247,finetune2,11685.310531449422,finetune2,0.8104395604395604,finetune2,0.7771321851006433
4,720,0,stereo_right,4,finetune3,0.3203125,finetune3,17137.467198551127,finetune3,17135.78640023261,finetune,179.68259129290018,finetune3,1.3770511783725832,finetune3,1.4251663509024621,finetune3,17678.0874693563,finetune3,0.6541077969649398,finetune3,0.6371375365788774
4,725,0,stereo_right,4,finetune3,0.31640625,finetune3,17934.03426117419,finetune3,17930.229541425288,finetune3,1.1168926096947955,original,0.8776091630762906,finetune,0.8345580461348611,finetune3,17934.611391068338,finetune3,0.6318131256952169,finetune3,0.6237960339943343
4,730,0,stereo_right,4,finetune3,0.36328125,finetune3,18348.754618923358,finetune3,18346.466702688966,finetune,0.6965445677504652,original,0.5726782501397665,original,0.8285242182670796,finetune3,18346.98780007116,original,0.64,finetune2,0.6256333830104321
4,735,0,stereo_right,4,finetune3,0.3046875,finetune2,19645.150064247504,finetune2,19640.15570279272,finetune,1.2569497153180746,finetune,1.1192049394755892,finetune,1.1487597765184885,finetune2,20179.1105111049,finetune2,0.6541337764852514,finetune2,0.6195413132265158
4,740,0,stereo_right,4,finetune3,0.2890625,finetune2,18589.487335928574,finetune2,18586.38885699655,original,18.89733041322935,finetune,0.41726303961633315,finetune,0.9173129193936838,finetune2,19125.19275648677,original,0.8561721404303511,finetune2,0.6550141242937854
4,745,0,stereo_right,4,finetune3,0.26953125,finetune2,11279.743079349271,finetune2,11277.789465285052,finetune2,2.5666472719385562,original,1.3064204459326305,original,1.853042470164672,finetune2,11274.255138126668,finetune2,0.7389937106918238,finetune2,0.6908682634730539
4,750,0,stereo_right,4,finetune3,0.24609375,finetune,20163.58032121921,finetune,20158.09411265065,original,3.8279540615891166,original,2.2206562977933473,original,1.6785789290487507,finetune,20691.127465284284,finetune3,0.6324183006535947,finetune3,0.6143737166324436
4,755,0,stereo_right,4,finetune3,0.27734375,finetune2,14129.508545208688,finetune2,14112.403174575826,original,5.6610180767859095,original,1.9737623524310564,original,1.742851405287126,finetune2,14118.679466769581,finetune2,0.7303401360544217,finetune2,0.5943131758109732
4,760,0,stereo_right,4,finetune3,0.19140625,finetune2,24025.426352276067,finetune2,24004.03011825109,original,6.2816434460681085,original,2.618456542295926,original,1.363781807577406,finetune2,24017.882183292393,finetune2,0.5942857142857143,original,0.5601404741000878
4,765,0,stereo_right,4,finetune3,0.19921875,finetune3,30197.315111393393,finetune3,30179.23648390254,finetune,20.068266642510547,original,10.42638387701744,original,11.024977033919424,finetune3,30209.668007753353,finetune3,0.5584100824042656,finetune3,0.4640274076893795
4,770,0,stereo_right,4,finetune3,0.20703125,finetune3,13273.03419025838,finetune3,13254.89420187709,finetune,8.879465128500028,original,1.0866087209098798,finetune2,1.26136394234262,finetune3,13828.271052221227,finetune2,0.6488749345892203,finetune2,0.6472803347280335
4,775,0,stereo_right,4,finetune3,0.33984375,finetune2,3088.658950672473,finetune2,3082.392980249322,original,9.59718690155044,finetune,1.2361186842298648,finetune,1.654791327914337,finetune2,3112.2521691661736,finetune3,0.7904934125548954,finetune2,0.6744444444444444
4,780,0,stereo_right,4,finetune3,0.33984375,finetune2,8399.481542012094,finetune2,8374.524391172934,finetune2,10.40549967654222,finetune3,1.784737200389055,finetune,3.2620436074731627,finetune2,8418.73669732066,finetune2,0.7792207792207793,finetune2,0.7313614262560778
4,785,0,stereo_right,4,finetune3,0.20703125,finetune,22634.594545463104,finetune,22506.25822296059,finetune3,15.327785973835693,finetune2,7.559546754820631,finetune2,8.20146464947108,finetune,22657.774437971602,finetune2,0.5392606909881614,finetune2,0.45973819912733044
4,790,0,stereo_right,4,finetune3,0.18359375,finetune2,6862.192156483853,finetune2,6839.208233000332,original,12.765554312787348,finetune2,2.0177421043433026,finetune2,1.1815935081336157,finetune2,7453.726015963775,finetune2,0.7955371043072132,finetune2,0.7415865384615384
4,795,0,stereo_right,4,finetune3,0.15234375,finetune2,892.1722597794766,finetune2,882.4880199028557,finetune3,12.22402228999861,finetune2,1.6943628068311614,finetune2,0.29948631740552667,finetune2,2614.3324245069675,finetune2,0.915439429928741,finetune2,0.7955307262569833
4,800,0,stereo_right,4,finetune3,0.1796875,finetune3,2628.814609397994,finetune3,2620.664525555083,finetune2,12.045904688638123,finetune2,1.429568694658504,finetune2,1.4973110323446073,finetune3,2641.8338824342122,finetune2,0.9361702127659575,finetune2,0.7894736842105263
4,805,0,stereo_right,4,finetune3,0.23046875,finetune3,15446.082493481035,finetune3,15390.982271355475,original,110.25617986751857,finetune3,2.6967159212758314,finetune3,2.285379632831837,finetune3,15990.268820879823,finetune3,0.7715963097567794,finetune3,0.7458515283842795
4,810,0,stereo_right,4,finetune3,0.1484375,original,1682.4588618963762,original,1677.2998322580243,finetune,15.242911453176207,original,2.6651243774025524,original,2.6560270682597302,original,3154.69612033949,original,0.7410046312789454,original,0.6710972850678733
4,815,0,stereo_right,4,finetune3,0.1484375,finetune2,13766.542468998527,finetune2,13685.095570996302,finetune2,6.277243401339448,original,13.016824775721602,original,13.082900359596898,finetune2,13774.561368199886,finetune,0.7035042977236233,original,0.4618010403120936
4,820,0,stereo_right,4,finetune3,0.16015625,finetune,6849.3658511080685,finetune,6610.207663108333,finetune2,8.229514497759258,original,13.758455858042838,original,13.862120454835479,finetune,6836.69267376414,finetune,0.6079778557659038,finetune2,0.43818859364873625
4,825,0,stereo_right,4,finetune3,0.203125,finetune2,6433.383868197155,finetune2,6132.692400163418,finetune2,18.92291576351744,finetune2,3.6224252078523977,finetune,60.9607285802408,finetune2,6411.868206834977,finetune,0.42183895419092604,finetune,0.29012947236530695
4,865,0,stereo_right,4,finetune3,0.2734375,finetune3,10452.542784383946,finetune3,10395.128367729005,finetune,8.969025101143087,finetune2,1.9091382921980464,original,1.4753963949373758,finetune3,11015.300374463439,finetune3,0.80078125,finetune3,0.7084803160716805
4,865,1,stereo_right,4,original,0.08203125,original,52341.115309434,original,52321.0904738548,original,17.72484712975913,finetune,4.076340616746368,finetune,2.6312444453001165,original,52423.43776093438,finetune,0.7756756756756756,finetune2,0.5743707093821511
4,870,0,stereo_right,4,finetune3,0.2734375,finetune3,10303.148712923576,finetune3,10288.11743445052,finetune2,1.7078716383462134,finetune,1.295784753005967,original,0.2613081365145744,finetune3,10864.388850641844,finetune3,0.722755505364201,finetune3,0.7027782631486983
4,870,1,stereo_right,4,original,0.08984375,original,43091.90177187127,original,42940.21967345831,finetune3,42.446202804396684,original,2.906568699598424,original,1.6178142791141856,original,43106.5249223601,finetune3,0.8321678321678322,finetune,0.5953757225433526
4,875,0,stereo_right,4,finetune3,0.26171875,original,3655.421202225297,original,3653.5019076733734,finetune,170.53296609728372,finetune3,3.4303310889243765,finetune3,1.002583642926282,original,4454.177191271021,original,0.8113124171453823,original,0.7513602638087387
4,875,1,stereo_right,4,original,0.0703125,original,13902.760616766347,original,13877.682918253122,finetune3,153.9241091759825,finetune,1.0755292004230574,finetune,0.7528788323267486,original,13904.600894097879,finetune3,0.8248502994011976,finetune2,0.595873786407767
4,880,0,stereo_right,4,finetune3,0.28515625,original,14690.030751877863,original,14604.26236117936,finetune,1.8317655453005646,finetune3,3.2264957524293028,finetune3,5.336557797668077,original,14690.944706141425,original,0.7041178367917428,original,0.6306706114398422
4,880,1,stereo_right,4,finetune3,0.06640625,finetune3,15068.423635015777,finetune3,15015.604695056361,finetune,56.811989124460105,original,2.37127886210668,original,2.3662639050697742,finetune3,14998.100045455805,finetune2,0.796398891966759,finetune2,0.575240919199407
4,885,0,stereo_right,4,finetune3,0.1953125,finetune3,15224.260720525921,finetune3,15021.325362802985,finetune2,4.250880512112463,finetune2,2.470673442812657,finetune2,2.0884717914738484,finetune3,15221.167727011478,original,0.5925206410879067,finetune2,0.519175911251981
4,885,1,stereo_right,4,finetune3,0.03515625,finetune,13829.070112999429,finetune,13273.348924588878,finetune2,28.612661470692796,finetune3,12.439142495479551,finetune3,13.822433219111982,finetune,13883.129467694038,finetune3,0.7401998462720983,finetune2,0.5203073545554336
4,890,0,stereo_right,4,finetune3,0.265625,finetune2,14570.73394243414,finetune2,14354.613661431402,finetune2,1.2946151666325032,finetune3,4.812739513839535,finetune3,5.108022216682696,finetune2,14571.26278063727,finetune2,0.6286149162861492,finetune2,0.6107697283311773
4,895,0,stereo_right,4,finetune3,0.125,original,551.2948897845514,original,544.2474412559022,finetune3,10.616291201825174,finetune2,1.3093710126123501,finetune2,1.416554104992949,original,598.5840292878788,original,0.7386794839362509,original,0.5922241396812506
4,900,0,stereo_right,4,finetune3,0.16015625,original,370.77619069499394,original,299.0238085024903,finetune,7.55035610934551,finetune3,8.821165800005282,finetune3,8.299560574045671,original,420.6944900768742,original,0.782370153621068,original,0.6801749646211244
4,915,0,stereo_right,4,finetune3,0.16796875,finetune3,15692.333375586122,finetune3,15027.312625245315,finetune,15.638536275402945,finetune3,9.127167399817006,finetune,49.043765367641605,finetune3,15691.15911523878,finetune,0.15151515151515152,finetune,0.15374592833876222
4,920,0,stereo_right,4,finetune3,0.20703125,original,10278.295243304605,original,9958.861637069553,finetune3,7.856207032055718,finetune2,2.4036654295245876,finetune2,1.8524687605533476,original,10271.530217255751,original,0.5433751380856456,original,0.5080185693184216
4,925,0,stereo_right,4,finetune3,0.31640625,finetune2,5043.60668313825,finetune2,4996.500787939578,finetune2,12.01855516271867,finetune2,3.259156262674827,finetune2,2.709146378260962,finetune2,5054.205562441854,finetune2,0.8842796901049328,finetune2,0.7383467117307422
4,930,0,stereo_right,4,finetune3,0.30859375,finetune2,8603.957047463284,finetune2,8594.812174097024,original,0.7478091469035102,finetune2,1.59804010976503,finetune2,1.7520682613771794,finetune2,8604.774968056454,finetune2,0.7568700512342804,finetune2,0.7408068546947518
4,935,0,stereo_right,4,original,0.30859375,finetune3,10858.713540510471,finetune3,10851.062776825049,finetune3,2.8726902033430015,original,1.3026629917050185,original,1.190073903360334,finetune3,10859.797282451695,finetune3,0.7142857142857143,finetune2,0.6113200788106753
4,940,0,stereo_right,4,finetune3,0.328125,finetune,13053.890442436243,finetune,13053.637519613338,finetune,1.107789701506806,original,0.10348748582529481,original,0.7487900437916893,finetune,13054.474704680591,finetune,0.6341799793127226,finetune,0.6199790429619281
4,945,0,stereo_right,4,finetune3,0.2421875,original,647.9015163713796,original,647.3901418760142,finetune2,0.9174017862653229,finetune,3.1431784219478036,finetune,1.7326046983600265,original,2759.43017889238,finetune3,0.7796129581059049,finetune3,0.7072711150520948
4,950,0,stereo_right,4,finetune3,0.15625,finetune2,10530.511334744815,finetune2,10343.22921602094,finetune3,5.113932827688336,finetune2,3.820819255147517,finetune2,1.45741593036314,finetune2,10522.698692557376,original,0.727142344926497,original,0.592645850451931
4,955,0,stereo_right,4,finetune3,0.19140625,finetune2,9392.213133971527,finetune2,9205.156687319599,finetune3,5.1613646377313005,finetune2,3.2614077786943,finetune2,1.6502041943461716,finetune2,9384.193711215437,finetune3,0.5593416484505593,finetune2,0.4865514979225891
4,960,0,stereo_right,4,finetune3,0.1953125,original,9559.093409420551,original,9382.497963240115,finetune2,8.652166557806034,finetune2,2.840015823372399,finetune2,1.3546262949852554,original,9561.789035157204,original,0.5932038834951456,finetune2,0.48371576609918576
4,965,0,stereo_right,4,finetune3,0.25390625,finetune3,8126.412084236802,finetune3,8013.838872023356,finetune2,2.0323739716639446,finetune,5.212988544033647,finetune,7.2774367798548285,finetune3,8125.428005751724,finetune3,0.7135087719298245,original,0.6277718168812589
4,970,0,stereo_right,4,finetune3,0.2890625,finetune3,10752.096601825238,finetune3,10672.180841896377,finetune2,1.9779447327046684,finetune,8.406568848335937,finetune3,9.349406805371183,finetune3,10755.013783274437,finetune3,0.7023145566090352,finetune3,0.65784292277401
4,975,0,stereo_right,4,finetune3,0.3359375,finetune2,5999.947240119353,finetune2,5976.13402440997,finetune2,8.56747539558339,original,1.016963208822661,original,1.97444102782872,finetune2,6003.717580926495,finetune2,0.8643428676538214,finetune2,0.7758060146301815
4,980,0,stereo_right,4,finetune3,0.2890625,finetune2,6722.496607722056,finetune2,6718.113422360482,finetune2,5.489993648900331,finetune,1.7390383320620693,finetune,1.8998974076067607,finetune2,6722.80935892427,finetune2,0.7574520212331564,finetune2,0.7082507244166539
4,985,0,stereo_right,4,finetune3,0.26953125,finetune3,9372.47293108318,finetune3,9360.870441813284,finetune2,5.697609685892326,finetune,1.2619182601965626,finetune,1.6149658967308662,finetune3,9939.317434171158,finetune3,0.7549909255898367,finetune3,0.7097925875552533
4,990,0,stereo_right,4,finetune3,0.27734375,finetune2,10754.192667375477,finetune2,10748.06458866415,original,5.168594544507415,finetune,1.1895028865232424,finetune,1.7408844823831047,finetune2,10752.872795161307,finetune2,0.7001709401709402,finetune2,0.6739469578783152
4,995,0,stereo_right,4,finetune3,0.28125,finetune3,9293.476951625542,finetune3,9283.19217658473,finetune2,5.951998955151642,finetune,0.684843551420141,finetune,1.7290592376685452,finetune2,9581.824517130079,finetune2,0.735632183908046,finetune2,0.707274625826662
4,1000,0,stereo_right,4,finetune3,0.25,finetune3,10044.655754197896,finetune3,10036.831817057333,finetune,4.672358226933961,finetune,1.1831011964859457,finetune,1.7011071810490819,finetune3,10608.15387308212,finetune3,0.737331081081081,finetune3,0.6722689075630253
4,1005,0,stereo_right,4,finetune3,0.29296875,finetune2,10847.10696258635,finetune2,10845.051175928093,finetune2,1.3524083276431353,finetune,1.5303012207547668,finetune,1.1873270486381629,finetune2,10847.529366767032,finetune2,0.7389087200407956,finetune2,0.708668968162639
4,1010,0,stereo_right,4,finetune3,0.2734375,finetune2,10923.636299276346,finetune2,10922.643902425072,finetune,1.488832238646509,finetune,0.8167799021193645,finetune,0.3267940497864406,finetune2,10922.762085860833,finetune2,0.7094594594594594,finetune2,0.6760616309658023
4,1015,0,stereo_right,4,finetune3,0.2109375,finetune3,7601.532259584051,finetune3,7599.9953159450815,finetune2,3.137898332019931,original,3.935079520249868,original,2.5485619556858707,finetune3,8187.2183291783895,finetune3,0.70791923841406,finetune3,0.669772583701832
4,1020,0,stereo_right,4,finetune3,0.16796875,finetune3,341.4495500959889,finetune3,312.529977610895,finetune,10.761790062225396,finetune2,3.707967411785146,finetune2,3.5209680620395973,finetune3,411.94073856988103,finetune2,0.8094000944733113,finetune2,0.7186503719447397
4,1025,0,stereo_right,4,finetune3,0.19140625,finetune2,7546.542236130909,finetune2,7445.881484263104,finetune3,3.1708123938305484,finetune2,12.07683541924567,finetune,11.568265396490006,finetune2,7515.936134221196,original,0.6402509652509653,original,0.4724534501642935
4,1030,0,stereo_right,4,finetune3,0.1796875,finetune,6003.632446865486,finetune,5753.51136235625,finetune2,4.2607310658494235,finetune,26.427449829794607,finetune,29.7503772588549,finetune,5993.791048488072,finetune,0.6473988439306358,original,0.49567179487179486
4,1035,0,stereo_right,4,finetune3,0.234375,finetune2,6522.779278659726,finetune2,6267.696184653323,finetune3,22.60517952179144,finetune3,49.33256028525864,finetune,64.46227944122936,finetune2,6558.580482213448,finetune,0.47563765051141516,finetune,0.3050003001380635
4,1040,0,stereo_right,4,finetune3,0.16015625,finetune3,3904.642661385681,finetune3,3633.1220470921835,finetune,7.562708695538283,finetune,19.374991839048757,original,26.53839080761295,finetune3,3894.6194918650463,finetune,0.5907174166343007,original,0.47536362150678213
4,1045,0,stereo_right,4,finetune3,0.1796875,finetune3,2324.8197145725344,finetune3,2265.546055925908,original,158.66167659027062,finetune3,13.861127918594459,finetune3,14.251806579551294,finetune3,2887.4687958673335,finetune2,0.8680979491048769,finetune3,0.7163794338091374
4,1050,0,stereo_right,4,finetune3,0.16015625,finetune2,704.825886421632,finetune2,634.826269257137,original,22.255544609308355,finetune3,8.789558857048386,finetune3,11.229657401887195,finetune2,863.3908102492707,finetune3,0.7988679488004117,finetune3,0.7398440482032826
4,1055,0,stereo_right,4,finetune3,0.24609375,finetune3,5038.610149042612,finetune3,5003.976850210158,original,11.157983058738255,original,4.998460340758041,original,4.048257472456392,finetune3,5043.934593359722,finetune3,0.8310846560846561,finetune3,0.7243683026855404
4,1060,0,stereo_right,4,finetune3,0.28125,finetune2,5898.476472624667,finetune2,5896.586296725072,finetune2,2.2879383847920196,original,1.7728255245203735,finetune,1.3174557547892423,finetune2,5894.7905443408135,finetune2,0.7403225806451613,finetune2,0.7152738565782044
4,1065,0,stereo_right,4,original,0.35546875,finetune2,4742.274355058918,finetune2,4741.0471574195035,finetune2,1.7075407677940113,finetune,0.7013212959224568,finetune,1.8471321646506282,finetune2,4740.6448618721215,finetune2,0.7475113122171946,finetune2,0.7143829787234043
4,1070,0,stereo_right,4,finetune3,0.28515625,finetune2,5481.347483154483,finetune2,5481.164964226911,finetune2,1.5906659869103106,finetune2,3.607319134196338,finetune3,2.6762986958765,finetune2,5482.841405851427,finetune3,0.6797704222030034,finetune2,0.6514148340821313
4,1075,0,stereo_right,4,finetune,0.3359375,finetune3,4493.016404834727,finetune3,4492.251631946707,finetune2,1.178155861806569,finetune3,2.5302961387390583,original,3.425821936902936,finetune2,5105.621398854193,finetune3,0.6984931983375748,finetune3,0.6500165398610651
4,1080,0,stereo_right,4,finetune,0.28125,finetune2,2156.4636637145795,finetune2,2155.39669407803,finetune2,1.456207534706658,original,1.6365412190586184,original,2.1271398728822537,finetune2,2156.1583796963887,finetune2,0.7984581497797357,finetune2,0.7503364220077665
4,1085,0,stereo_right,4,finetune3,0.28125,finetune2,2037.0066374376108,finetune2,2036.145156647748,finetune,0.6282860669198901,finetune2,4.444933579116798,original,2.004081501406206,finetune2,2037.310719191242,finetune2,0.7808253522539237,finetune2,0.7501973576418368
4,1090,0,stereo_right,4,finetune3,0.29296875,finetune3,2060.149064354424,finetune3,2059.019541489408,finetune,1.363357610338378,finetune3,6.350762825575698,finetune,8.194337545999616,finetune2,3010.097671427198,finetune3,0.781110913298914,finetune3,0.6961017981515321
4,1095,0,stereo_right,4,finetune3,0.3046875,finetune3,2075.571811417669,finetune3,2068.3372792606588,finetune,1.0519357156088613,finetune,21.3234325781562,finetune,17.64094479369861,finetune3,2077.160114094544,finetune3,0.7124325616845755,finetune3,0.6123933873854902
4,1100,0,stereo_right,4,finetune3,0.203125,finetune3,738.4241065727813,finetune3,727.1475837920825,finetune3,8.58581451389442,finetune2,23.927588409609353,finetune3,41.646475477463085,finetune3,764.1685909988439,finetune2,0.8403258215220258,finetune3,0.6695916618285367
4,1105,0,stereo_right,4,finetune3,0.22265625,finetune3,495.00826422077745,finetune3,475.0520133389073,finetune3,14.224267104544424,finetune3,48.6093941010336,finetune2,24.911073810642364,finetune3,569.7519971215278,finetune3,0.726962595946879,finetune3,0.615235611313912
4,1110,0,stereo_right,4,finetune3,0.2578125,finetune2,232.21118829775355,finetune2,199.9490569733407,original,7.699107438176876,finetune2,32.77979649069291,finetune2,15.097601530878805,finetune3,1008.5322727302112,finetune2,0.8584348844846409,finetune2,0.7265683265683266
4,1115,0,stereo_right,4,finetune3,0.30859375,finetune3,2173.2270719857333,finetune3,2169.5685921789845,finetune2,2.0791448592865818,original,6.847238464060983,finetune,7.441875309476347,finetune3,2169.869638926701,finetune3,0.7192509843075938,finetune2,0.6601851504112367
4,1120,0,stereo_right,4,finetune3,0.328125,finetune3,2250.385090285754,finetune3,2245.4319267229803,finetune3,5.184115262902573,finetune3,17.941403244473285,finetune,7.498379169450154,finetune3,2247.657298808574,finetune3,0.69608232587074,finetune2,0.6549931939116446
4,1125,0,stereo_right,4,finetune3,0.34375,finetune2,2467.321120138546,finetune2,2466.8224098835926,finetune2,4.301966908469484,finetune2,7.566441550018053,finetune,7.39160319619797,finetune2,2464.4249308326753,finetune2,0.705550304557866,finetune2,0.6900432333289663
4,1130,0,stereo_right,4,finetune3,0.3046875,finetune3,2740.6202209439616,finetune3,2739.7962219648216,finetune,2.6046650013439514,finetune2,7.214365664541188,finetune,4.333840426822751,finetune,2783.1520915648944,finetune3,0.7258469509764847,finetune,0.6876693766937669
4,1135,0,stereo_right,4,finetune3,0.28515625,finetune,2814.5576403501364,finetune,2813.526029853463,finetune,1.9725607208732752,finetune,4.342294609887286,finetune,3.931934249052429,finetune,2814.4376332955294,finetune,0.7266666666666667,finetune,0.6931872028859235
4,1140,0,stereo_right,4,finetune3,0.296875,finetune2,2007.9178128478598,finetune2,2006.5298888700563,finetune2,1.5323546338282905,original,2.833351213854579,original,4.179801583349393,finetune2,2011.7024206827916,finetune2,0.8074369189907038,finetune2,0.758297124895997
4,1145,0,stereo_right,4,finetune3,0.26953125,finetune3,2430.5947178626725,finetune3,2427.7860250322956,finetune2,0.7922786090639761,finetune2,2.182235656676666,original,4.096598381577433,finetune2,2886.334021848135,finetune3,0.7806651378570598,finetune2,0.6928682170542636
4,1150,0,stereo_right,4,finetune3,0.28515625,finetune2,2464.067192684421,finetune2,2463.7930327756003,original,0.5619524679739986,finetune3,1.1238621002072544,original,1.693572087732202,finetune2,2463.5825632014057,finetune2,0.749281339832521,finetune2,0.7219095461804425
4,1155,0,stereo_right,4,finetune3,0.26953125,finetune3,3089.218778998754,finetune3,3086.32177895078,finetune,1.879201232626417,original,1.2532600379853176,original,4.205586195822679,finetune3,3089.1817440944837,finetune3,0.7060355103833365,finetune2,0.6510618508758332
4,1160,0,stereo_right,4,finetune3,0.27734375,finetune3,2830.1958297180554,finetune3,2829.5216400432146,finetune2,0.7033513533636572,original,6.660496685640213,original,4.054474443687565,finetune2,3533.9067537240253,finetune3,0.7342675503292959,finetune3,0.6727125152186807
4,1165,0,stereo_right,4,finetune3,0.37109375,finetune2,2299.889161576738,finetune2,2293.1996428271013,finetune2,4.4802652227202895,original,17.785330189573582,original,10.259957978394798,finetune2,2303.456217634038,finetune2,0.7110110053030735,original,0.6025916400531328
4,1170,0,stereo_right,4,finetune3,0.265625,finetune3,1423.3577767275845,finetune3,1411.81962566139,finetune,1.7721063613050347,finetune2,18.3978039391924,finetune,7.683793147616847,finetune3,1427.9190521735143,finetune2,0.8118530403146924,finetune2,0.729081876945176
4,1175,0,stereo_right,4,finetune3,0.2734375,finetune2,1071.864909851214,finetune2,1071.668270384609,finetune,1.528928055707644,finetune2,6.0633608471133495,original,4.327391757707913,finetune2,1075.951603948769,finetune2,0.845648695911002,finetune2,0.7775900334587197
4,1180,0,stereo_right,4,finetune3,0.375,finetune2,370.6990388325754,finetune2,332.6108876467151,finetune,4.8831264723902486,finetune2,61.31849452491607,finetune,28.84115166632451,finetune2,379.83348196961686,finetune2,0.8848809721300597,finetune2,0.7211039486719301
4,1185,0,stereo_right,4,finetune3,0.31640625,original,380.1072905485668,original,50.55067388794214,finetune3,8.319830884286604,finetune,138.42144343828096,finetune3,161.25861475990504,finetune3,534.5006873143022,finetune3,0.8662266085029902,finetune3,0.7431530422997361
4,1190,0,stereo_right,4,finetune3,0.20703125,finetune2,279.59802052331577,finetune2,262.61689871940507,finetune,15.03965301012961,finetune3,89.13038505185885,finetune,140.73233273015546,finetune2,428.422106795232,original,0.8818942100324317,finetune2,0.6430995230678543
4,1195,0,stereo_right,4,original,0.109375,original,8014.754224838567,original,7854.347036026007,original,91.64768033990833,original,265.5028897802821,finetune3,44.47972525478386,original,8029.405114217278,original,0.7469646742998922,original,0.6777602474864656
4,1200,0,stereo_right,4,finetune3,0.26171875,finetune3,307.83393607324655,finetune3,288.5275314891169,original,12.937789038453841,finetune,22.718623441627297,finetune,112.14249211909902,finetune3,444.00011310367046,finetune,0.7989939075952504,finetune,0.6750864237530069
4,1205,0,stereo_right,4,finetune3,0.265625,original,1756.0030146656484,original,1743.8927260067467,original,6.287905401848387,finetune3,26.72184689798515,original,67.21603416972032,original,1737.9026533399165,original,0.7092171760580328,original,0.6208373390490299
4,1210,0,stereo_right,4,finetune3,0.28125,finetune3,1526.3425127116523,finetune3,1489.5816766632615,finetune,3.44579965911625,original,16.329621442088023,original,48.82639329658098,finetune3,1519.69412093715,finetune3,0.7297557957564509,finetune3,0.6162692309739082
4,1215,0,stereo_right,4,finetune3,0.30859375,finetune2,2343.902299338239,finetune2,2333.6529413879507,finetune2,5.163312828961655,finetune2,14.216100099396957,finetune,33.266689139483965,finetune2,2347.3301716204346,finetune2,0.78211099169183,finetune2,0.7224032424699992
4,1220,0,stereo_right,4,finetune3,0.37109375,finetune2,2153.1945520627587,finetune2,2150.0424569835704,finetune2,8.080839072044707,original,16.011496376792067,original,3.940611263949828,finetune2,2156.0004091037167,finetune2,0.7517447926035183,finetune,0.664299185425946
4,1225,0,stereo_right,4,finetune3,0.2890625,finetune3,2870.409989184421,finetune3,2866.0078681954474,original,2.1030571027880356,original,13.629726971959471,original,6.048790809279235,finetune3,2867.2417755425545,finetune3,0.6920695754716981,finetune3,0.603718124317087
4,1230,0,stereo_right,4,finetune3,0.26953125,finetune3,1510.5291218850548,finetune3,1502.8806937504378,finetune3,9.116161258829441,original,31.00299121223549,original,15.941015913157637,finetune3,1516.5190076744445,finetune3,0.7407749077490775,finetune3,0.6462444256609053
4,1235,0,stereo_right,4,finetune3,0.1953125,finetune3,217.546353295569,finetune3,166.17641798820114,finetune,11.3797832527113,finetune3,25.500556950342464,finetune3,15.974571063299804,finetune2,1706.986835065075,finetune3,0.7847819574613771,finetune3,0.6631075826312378
4,1240,0,stereo_right,4,finetune3,0.19921875,finetune2,1079.0200106829434,finetune2,1057.0354578324186,finetune3,8.524471042507576,original,36.32016436276819,finetune2,33.1887342436768,finetune2,1104.4723268650578,original,0.7036368221941992,finetune2,0.6048028319487188
4,1245,0,stereo_right,4,finetune3,0.24609375,finetune3,1405.1756767749914,finetune3,1401.7989364636378,finetune3,16.4336160902984,finetune3,35.39390771217618,original,17.588410483213977,finetune3,1439.567204301323,finetune3,0.8629420204236644,finetune3,0.7123865794471408
4,1250,0,stereo_right,4,finetune3,0.2109375,finetune2,3369.597138200794,finetune2,3366.75722884648,finetune3,7.499389504891333,original,39.150512083935396,original,21.484139497661605,finetune2,3367.139283316188,finetune2,0.6334033613445378,finetune2,0.5749600442127589
4,1255,0,stereo_right,4,finetune3,0.2109375,finetune3,274.2837228191271,finetune3,222.86961118122417,finetune,10.09148520190685,finetune2,24.228854532119463,finetune2,10.301098398947797,finetune2,2616.454302231906,finetune2,0.8392110858567343,finetune2,0.7301040943789036
4,1260,0,stereo_right,4,finetune3,0.1953125,finetune3,311.53875949773646,finetune3,271.9872482266037,original,7.01276259643098,finetune2,18.553546279168692,finetune2,9.461626137291772,finetune2,725.3956200018822,finetune2,0.8219293276210035,finetune2,0.7715859236441707
4,1265,0,stereo_right,4,finetune3,0.30078125,finetune2,2586.5117456759735,finetune2,2583.5882167837444,finetune,4.439615508017069,finetune3,15.884678844259025,finetune3,5.375388471027984,finetune2,3675.658699298063,finetune2,0.7143081218433354,finetune3,0.6532854291417166
4,1270,0,stereo_right,4,finetune3,0.30859375,finetune2,3214.337987543255,finetune2,3214.283782674058,finetune2,1.1806836981707112,finetune2,6.514888586694269,finetune3,3.1493762402401653,finetune2,3214.3454402489588,finetune2,0.7129081140652983,finetune2,0.6837122197367737
4,1275,0,stereo_right,4,finetune3,0.3125,finetune2,2420.1927637859767,finetune2,2416.4063817257193,finetune2,7.374202884723695,original,15.432864785379765,original,3.8470072632719043,finetune2,2422.9674357055424,original,0.7354822758599375,original,0.6375190799316901
4,1280,0,stereo_right,4,finetune3,0.296875,finetune2,2303.3564589488187,finetune2,2301.6668273763826,original,2.649031674550265,finetune2,16.809954963883516,finetune3,2.4960932226569765,original,3103.8543282639184,finetune2,0.7498877269519472,finetune2,0.6751653064871627
4,1285,0,stereo_right,4,finetune3,0.28125,finetune2,907.0217383021742,finetune2,887.4358605198631,finetune3,8.184248337930883,original,29.64938985107228,original,5.076695236309166,finetune2,917.3394347978639,finetune2,0.7787263861718591,finetune2,0.707009305899428
4,1290,0,stereo_right,4,finetune3,0.296875,finetune3,1370.2756910657279,finetune3,1340.53048140184,original,2.4310467047840483,finetune3,25.467760532688686,finetune,36.28650581791663,finetune3,1364.6661922996484,finetune3,0.7604894061474187,finetune3,0.659446998340723
4,1295,0,stereo_right,4,finetune3,0.28125,finetune3,1591.0574225308746,finetune3,1590.7798237794377,finetune,7.400968214192951,finetune3,21.414943127904717,original,6.008343264871374,finetune2,2246.8516119614874,finetune2,0.7101908425737347,finetune3,0.6922656515020165
4,1300,0,stereo_right,4,finetune3,0.34765625,finetune2,1636.4483027681904,finetune2,1631.3357256081144,finetune,7.366006859357676,original,21.166517347803055,original,5.439419171125996,finetune2,1643.638371180898,finetune2,0.7407407407407407,finetune2,0.6662579957356076
4,1305,0,stereo_right,4,finetune3,0.328125,finetune3,2910.3280354000744,finetune3,2909.6341680493933,original,2.9664033240499474,finetune,9.599132297690687,finetune3,2.7901893091095435,finetune,3236.5202907035477,finetune3,0.6906228433402346,finetune,0.648566135219059
4,1310,0,stereo_right,4,finetune3,0.28515625,finetune3,2505.7546055128464,finetune3,2504.2430790566323,finetune,1.033421710807929,finetune3,8.387356781637862,finetune,6.1788093468462755,finetune2,2881.0293898902655,finetune3,0.7431658593368631,finetune3,0.6845941012037196
4,1315,0,stereo_right,4,finetune3,0.30078125,finetune2,2545.615731042051,finetune2,2544.3025319856315,original,2.864895633401373,finetune2,7.372015966904631,finetune,2.6937157548441535,finetune2,3650.848364510786,finetune2,0.7593677640189268,finetune2,0.6735837217640731
4,1320,0,stereo_right,4,finetune3,0.28125,finetune3,2638.8729423696136,finetune3,2634.446895769677,finetune,2.057008619356748,finetune2,6.265581831078014,finetune3,4.6530262081304254,finetune2,3091.479025950945,finetune3,0.7186759971263603,finetune3,0.6676252380014445
4,1325,0,stereo_right,4,finetune3,0.33984375,finetune3,1397.550096716731,finetune3,1386.096677048672,finetune,1.6237257169214574,finetune2,11.052289780487866,finetune,6.150587197616573,finetune3,1398.2587346407288,finetune3,0.7688478281003983,finetune2,0.6685281792525443
4,1330,0,stereo_right,4,finetune3,0.32421875,finetune2,593.2158987050261,finetune2,575.2506334148147,finetune3,0.5891309068491909,finetune,23.82271796764541,original,19.949000708748795,finetune2,594.0612519935107,finetune3,0.7675666050880278,finetune3,0.6589012397971449
4,1335,0,stereo_right,4,finetune3,0.38671875,original,213.55204064203528,original,26.93627501737774,finetune3,3.1380183168646107,finetune2,86.72382974661502,finetune,33.60820779475117,original,213.45621683687466,finetune2,0.8503863593906561,finetune2,0.7057626080003694
4,1340,0,stereo_right,4,finetune3,0.36328125,finetune3,307.03150144103853,finetune3,185.85594302246227,finetune2,13.839903681440967,finetune,105.29612437720981,finetune,40.75922592688562,finetune2,395.8540601648842,original,0.798420186456563,finetune2,0.6527768016744839
4,1345,0,stereo_right,4,finetune3,0.24609375,original,286.27737124297295,finetune,1.2338523410880953,finetune,9.761976197964074,finetune3,135.50357220268768,original,49.406130360381326,finetune,408.6288647210426,original,0.8018439912644951,finetune3,0.6586230409785659
4,1350,0,stereo_right,4,finetune3,0.01953125,finetune,4755.339508899409,finetune,4720.12102632848,finetune,41.28481630975249,original,539.28475584434,finetune3,48.437166686483145,finetune,4796.313570281243,original,0.45718958065646537,finetune2,0.4680673438152219
4,1355,0,stereo_right,4,finetune3,0.23046875,finetune2,1672.5502094602302,finetune2,1636.8142868576524,original,14.761680767826121,finetune3,24.432718025182595,original,113.83899672258332,finetune2,1713.5298062886015,finetune2,0.8129340043622014,finetune2,0.6774284125816397
4,1360,0,stereo_right,4,finetune3,0.2734375,finetune2,1020.3582551125007,finetune2,1016.9062814194913,finetune3,5.758994970994013,finetune,6.779039812760597,finetune,7.190053461006564,finetune2,1032.0372948147387,finetune2,0.854702876375481,finetune2,0.773197484383752
4,1365,0,stereo_right,4,finetune3,0.30078125,finetune3,1925.3174264904442,finetune3,1915.2576186837887,finetune2,5.887283729782659,finetune2,12.056377436912546,original,5.465161175608972,finetune3,1928.3374878525801,finetune2,0.7158769273022727,finetune2,0.6856848469751695
4,1370,0,stereo_right,4,finetune3,0.30078125,finetune2,2200.2802018208704,finetune2,2198.4887365648647,finetune2,2.7402467624057687,finetune2,4.474950396076981,finetune,5.789020230639229,finetune2,2200.6954975151084,finetune2,0.7796218122939917,finetune2,0.7418295623621158
4,1375,0,stereo_right,4,finetune3,0.3203125,finetune2,3364.3957907838726,finetune2,3363.8074953338837,original,1.3853277379516267,original,0.2268232007827974,original,3.36241637003447,finetune2,3364.585062445286,finetune2,0.7456799731159023,finetune2,0.7207309655409515
4,1380,0,stereo_right,4,finetune3,0.28125,finetune3,4849.970305214959,finetune3,4848.434791657204,finetune2,0.7769811880866855,finetune,2.900580203202322,finetune,2.753284173500989,finetune,4898.000600013513,finetune3,0.707924757018854,finetune,0.6539880055161797
4,1385,0,stereo_right,4,finetune3,0.28125,finetune2,4402.042442254341,finetune2,4401.553296265367,finetune2,0.9097249864941511,original,1.9264663335589898,original,1.5224450148207231,finetune2,4401.829864517074,finetune2,0.7120355786157695,finetune2,0.6893831943819836
4,1390,0,stereo_right,4,finetune3,0.2734375,finetune3,4597.5033623383515,finetune3,4592.467868386178,finetune3,0.464123289178626,finetune2,2.3112386349736957,finetune,3.3016790495083854,finetune3,4596.219739377317,finetune3,0.7157536778295261,finetune2,0.6378502963342357
4,1395,0,stereo_right,4,finetune3,0.2734375,finetune2,4788.702736422282,finetune2,4788.073310899992,finetune2,0.5801393135042229,finetune3,1.3695818404442504,finetune,2.7697658524811453,finetune2,4786.920530792285,finetune2,0.7151123213070115,finetune2,0.6955204778156997
4,1400,0,stereo_right,4,finetune3,0.28125,finetune2,6105.082174270278,finetune2,6103.2824422462145,finetune2,1.2574760341388085,finetune3,1.617297233897745,finetune3,2.178633985646789,finetune2,6104.61833303628,finetune2,0.6782315912750695,finetune,0.6322730799069046
4,1405,0,stereo_right,4,finetune3,0.30078125,finetune2,6452.995184696464,finetune2,6450.598043772057,original,2.0755249711680377,original,5.194058294008348,finetune,2.76415519226821,finetune2,6448.118940360289,finetune2,0.6908667127071824,finetune2,0.6246817718940937
4,1410,0,stereo_right,4,finetune3,0.2734375,finetune3,6142.174432762262,finetune3,6137.770302093682,finetune3,2.041503936414312,finetune,2.189838638752945,finetune,2.1191684158804516,finetune3,6138.91986094595,finetune3,0.7124277456647399,finetune,0.6524534436890334
4,1415,0,stereo_right,4,finetune3,0.26953125,finetune3,6784.189848213925,finetune3,6781.555113144619,finetune3,2.4558209669304714,original,5.3691249188382715,original,1.3565310334396088,finetune3,6781.354305468558,finetune3,0.6909272183449651,finetune3,0.6143497757847534
4,1420,0,stereo_right,4,finetune3,0.2890625,finetune3,7501.476032227268,finetune3,7498.480717504215,finetune,2.5970924391117767,finetune,4.189424488279553,finetune,3.225215060913057,finetune2,7587.891019068357,finetune3,0.6769126040739383,finetune3,0.6607469937086884
4,1425,0,stereo_right,4,finetune3,0.23828125,finetune2,4062.6518987137392,finetune2,4060.4556718553067,finetune2,2.573559802372379,finetune,5.314459100532997,finetune,3.8248692440912953,finetune2,4064.2283006568164,finetune2,0.7586949830717143,finetune2,0.7128974578247688
4,1430,0,stereo_right,4,finetune3,0.25,finetune2,5597.2326626618515,finetune2,5596.573705425442,finetune2,176.85442251505302,finetune2,0.48132455094952975,finetune,1.4833093156365345,finetune2,6230.647536608909,finetune2,0.6865729146599885,finetune2,0.6549628629304524
4,1435,0,stereo_right,4,finetune3,0.265625,finetune3,3834.0055269378618,finetune3,3832.810663899807,original,176.20309101618884,finetune,5.902875992557887,finetune,1.773795542158069,finetune3,4612.847053518219,finetune3,0.7556102641795285,finetune3,0.6837130925342516
4,1440,0,stereo_right,4,finetune3,0.22265625,finetune3,4211.988115120097,finetune3,4211.591999614699,finetune,3.9926850136320384,finetune3,5.791804405942909,original,5.047689977274399,finetune3,4929.327276756278,finetune3,0.7582515611061552,finetune3,0.694295022350178
4,1445,0,stereo_right,4,finetune3,0.2421875,finetune3,4361.6347930413385,finetune3,4359.135168054083,finetune,6.345040194563233,finetune2,11.783856899795614,finetune2,10.319470218262955,finetune3,4359.906330077453,finetune3,0.6938384998086491,finetune3,0.5947685281295412
4,1450,0,stereo_right,4,finetune3,0.23828125,finetune3,5809.5687748352675,finetune3,5807.073375376065,original,173.96023385273185,finetune,3.3152687661191425,finetune,1.6279292095535978,finetune3,6429.532053949225,finetune3,0.656479909451047,finetune2,0.6447663132746005
4,1455,0,stereo_right,4,finetune3,0.21484375,finetune3,3302.33638341299,finetune3,3294.6099865574797,finetune2,6.253434413235298,finetune2,10.199235696158597,finetune2,9.077946708193386,finetune3,3302.2467926926033,finetune3,0.6836129391046436,finetune2,0.5995776135163675
4,1460,0,stereo_right,4,finetune3,0.2578125,finetune3,5360.79949570139,finetune3,5353.151777810985,finetune3,5.051595570954582,original,4.1623310466450905,original,0.7477941620477432,finetune3,5364.24955248331,finetune3,0.750037629822889,finetune2,0.689544235924933
4,1465,0,stereo_right,4,finetune3,0.2734375,finetune3,5827.823926564416,finetune3,5825.021112135946,finetune3,0.4411174994140429,original,2.121162590194953,original,1.2694457818479494,finetune3,5829.1791738758775,finetune2,0.724347753605068,finetune2,0.6911663861355277
4,1470,0,stereo_right,4,finetune3,0.21484375,finetune3,169.98611598319945,finetune3,68.43677882813063,finetune,10.886286021643633,finetune2,14.832231769823458,finetune2,8.60267207615313,finetune2,2638.0099562446676,finetune2,0.8134006651065402,finetune2,0.732945663727881
4,1475,0,stereo_right,4,finetune3,0.23046875,finetune3,391.85287080418425,finetune3,345.8281659692002,finetune2,167.89479957957388,finetune,13.74748382359657,finetune2,4.745544877869817,finetune3,2621.012437727431,finetune2,0.8274524591930184,finetune2,0.7050058868905038
4,1480,0,stereo_right,4,finetune3,0.1953125,finetune2,1246.4226561825244,finetune2,1225.2423711108058,finetune3,9.284255550835573,finetune2,20.12001228962499,finetune2,8.822272079595967,finetune2,1296.7528440595931,finetune2,0.8393505867223919,finetune2,0.7041393376132755
4,1485,0,stereo_right,4,finetune3,0.1875,finetune2,1050.749720579482,finetune2,1015.6726044386596,finetune3,11.583099370075791,original,18.082448313695604,finetune2,15.343359199296117,finetune2,2606.7270645092317,finetune2,0.7732859834045713,finetune2,0.6752107414266556
4,1490,0,stereo_right,4,finetune3,0.33203125,finetune2,2072.6276543618283,finetune2,2068.2967895916318,finetune,28.555273276976347,finetune2,127.8727603122626,original,12.128646975565266,finetune2,2143.3331019982224,finetune2,0.8211678832116789,original,0.5553254138941413
4,1495,0,stereo_right,4,finetune3,0.29296875,finetune3,804.8820790137853,finetune3,777.6514882815845,finetune,17.517709436350486,finetune3,105.83328128052443,finetune3,91.1188099440212,finetune3,990.3390155255671,finetune3,0.8058467679708639,finetune3,0.623157957033793
4,1500,0,stereo_right,4,finetune3,0.36328125,finetune2,1063.8084853400612,finetune2,1054.487828208099,original,14.442338685240138,finetune,65.10497651952436,finetune2,36.10987513041004,finetune2,1170.4198157823437,finetune2,0.869258446463203,finetune2,0.6229074471745346
4,1505,0,stereo_right,4,finetune3,0.21875,finetune3,193.42375705776348,finetune3,92.81372723231834,finetune3,19.257618768131444,finetune,53.07131054425528,finetune,11.865380961656598,finetune3,456.5637713437763,finetune2,0.8859963152139723,finetune2,0.6814567580963228
4,1510,0,stereo_right,4,finetune3,0.171875,original,1477.3758516189123,original,1403.7907758294004,finetune,14.814262397344002,finetune3,37.14235597297593,finetune2,21.56394785308126,original,1489.9225395709072,finetune2,0.9132786499718507,finetune2,0.7174860459198865
4,1515,0,stereo_right,4,finetune3,0.26171875,finetune3,764.4714371734088,finetune3,758.9780927128068,finetune,15.239470328003566,finetune3,24.826016976266633,original,15.132685554661355,finetune3,839.7931433579549,finetune2,0.7739411464534784,finetune2,0.6599229007854844
4,1515,1,stereo_right,4,finetune3,0.05078125,finetune3,6083.695131057547,finetune3,5954.382548068534,finetune,119.80983970568606,finetune3,1.0166562299711934,finetune3,1.3641776105144823,finetune3,6592.573805101802,original,0.6628787878787878,finetune3,0.5337423312883436
4,1520,0,stereo_right,4,finetune3,0.2109375,finetune2,1640.1554427001481,finetune2,1600.0585878607053,original,6.023737120606743,original,57.737877720423405,original,24.491050140505063,finetune2,1641.0978665102523,finetune2,0.694148678993908,finetune2,0.6029014507253627
4,1525,0,stereo_right,4,finetune3,0.3046875,finetune3,1886.8521124986491,finetune3,1885.666124972735,finetune,4.526702934644276,finetune3,12.513155237069148,finetune2,6.25653151984233,finetune3,3266.3519210584,original,0.7638828568183185,finetune3,0.6773651184435704
4,1530,0,stereo_right,4,finetune3,0.28515625,finetune2,1584.4129029379617,finetune2,1583.29051879092,finetune2,1.824256422421497,original,1.0542537256307818,original,3.827432230698426,finetune2,1585.199618714752,finetune2,0.8047685539690405,finetune2,0.7621954597325474
4,1535,0,stereo_right,4,finetune3,0.2890625,finetune3,2306.1423503449146,finetune3,2304.99770159716,finetune2,2.100819633870141,finetune3,1.3515176485155593,original,4.377895376875713,finetune2,2315.8637645579606,finetune3,0.7449378050700677,finetune2,0.6981138605295034
4,1540,0,stereo_right,4,finetune3,0.296875,finetune2,2136.3991242480793,finetune2,2134.9262835224417,finetune2,5.002976541934725,finetune3,6.518029967425138,finetune,6.749840754610293,finetune2,2139.4146819611465,finetune2,0.7664398547762737,finetune2,0.7230849947534103
4,1545,0,stereo_right,4,finetune3,0.28125,finetune3,2230.8502898193615,finetune3,2227.3519245818934,finetune2,5.138266843795275,finetune2,9.02005332005334,finetune,7.976281726127666,finetune2,2306.500983113243,finetune2,0.7556257850168145,finetune2,0.7079582494910627
4,1550,0,stereo_right,4,finetune3,0.3671875,finetune2,2091.7780311621887,finetune2,2088.6079216810394,finetune,5.304595495596245,finetune,18.76023439971486,finetune,6.33865956025021,finetune3,2845.3128987721966,finetune2,0.7580516046607532,finetune2,0.6392531908160753
4,1555,0,stereo_right,4,finetune3,0.33203125,finetune2,1271.4626948773341,finetune2,1267.1557118621786,finetune2,7.631253929390252,finetune2,24.26869243612022,original,11.44436235398308,finetune2,1282.7954313663186,finetune2,0.7458854137209434,finetune2,0.6494652348877746
4,1555,1,stereo_right,4,finetune3,0.1328125,finetune,56867.52853774153,finetune,55587.190453841584,finetune,2.6647837568025015,finetune3,0.616049426455463,original,0.8296017316513464,finetune,56857.35781781788,finetune3,0.7058823529411765,finetune3,0.5698924731182796
4,1560,0,stereo_right,4,finetune3,0.27734375,finetune2,1089.5395949341519,finetune2,1083.7634605530984,finetune3,3.2038567259679542,finetune3,37.79076614896677,finetune,12.730654672290681,finetune2,1125.5920133428324,finetune2,0.7569038694741483,finetune2,0.6232994006279137
4,1560,1,stereo_right,4,finetune3,0.10546875,finetune,93886.68123832406,finetune,93774.76241871016,finetune2,45.65815117750953,finetune2,1.0346412746808564,finetune2,0.8019843725693369,finetune,93747.93516817401,finetune,0.6996197718631179,finetune,0.6578947368421053
4,1565,0,stereo_right,4,finetune3,0.35546875,finetune2,922.4413777039014,finetune2,911.5225766464555,finetune2,12.574149558489223,original,41.84573704150833,original,13.773087534972738,finetune2,954.9688594755169,finetune2,0.7799285092066925,finetune2,0.6495932372858246
4,1570,0,stereo_right,4,finetune3,0.33984375,finetune2,1009.6953831952652,finetune2,998.638267603339,finetune2,10.962719993845557,original,50.840571639469275,original,12.233200483971096,finetune2,1031.0700071430094,finetune2,0.7982153516182229,original,0.6722321919938745
4,1575,0,stereo_right,4,finetune3,0.28515625,finetune2,631.5005432517164,finetune2,624.5370776507025,finetune,7.891043108374861,finetune,32.955652046650066,finetune,9.943792317624403,finetune2,652.5452020497244,finetune3,0.7829340145444058,finetune,0.689548096429327
4,1580,0,stereo_right,4,finetune3,0.31640625,finetune2,1016.1088575041011,finetune2,1015.0028117872116,finetune,5.469892314227023,finetune2,10.232734271921425,finetune,9.382734897176038,finetune2,1025.2354132351275,finetune2,0.7694821107662146,finetune2,0.7150253751016188
4,1585,0,stereo_right,4,finetune3,0.3203125,finetune3,1317.6189999041621,finetune3,1310.7808591439716,finetune2,2.2547836050684755,original,3.514608684701804,original,9.415402808215896,finetune3,1319.3703430270848,finetune3,0.7623590633130962,finetune3,0.650537030198918
4,1590,0,stereo_right,4,finetune3,0.328125,finetune3,681.454906045291,finetune3,663.0521397258271,finetune3,1.7509219896678612,original,27.03180327398191,finetune,9.063699099591103,finetune3,681.0690626248537,finetune3,0.794112367618022,finetune3,0.6778417027724507
4,1595,0,stereo_right,4,finetune3,0.328125,finetune2,363.352742051258,finetune2,358.91803164863995,finetune2,0.3651800494629411,finetune,15.869755743546838,finetune,18.531239108662707,finetune2,363.7359762084348,finetune2,0.897895666902078,finetune2,0.8172532643422697
4,1600,0,stereo_right,4,finetune3,0.33203125,finetune2,152.99313224546668,finetune2,117.57279995008321,finetune2,2.4619761136589853,finetune,23.51091769888927,finetune,18.281056918356835,finetune2,164.2817642770249,finetune2,0.7824727485582056,finetune2,0.6819198769488919
4,1605,0,stereo_right,4,finetune3,0.19921875,finetune2,1232.310582333089,finetune2,1199.4304178910588,finetune2,17.079988815798114,finetune2,32.96477378186689,original,62.31362279033338,finetune2,1317.8840689603157,finetune2,0.7194513279700114,finetune2,0.6628955939040968
4,1610,0,stereo_right,4,original,0.15625,original,6797.2121588530235,original,6568.154176352169,original,18.748493628196886,original,162.29896448726552,finetune3,251.07107343493428,original,6831.3674376793,finetune,0.3190505333777492,finetune,0.28680754363881433
4,1615,0,stereo_right,4,finetune3,0.23828125,original,333.255877052184,finetune2,226.86304222403123,finetune3,3.735075519868012,finetune3,76.19226287349659,original,31.387313645203026,original,375.48768444923184,original,0.9218472191453224,finetune3,0.6307010004893474
4,1620,0,stereo_right,4,finetune3,0.296875,finetune3,281.6204445175022,finetune3,188.16468675769465,finetune2,6.683003744553509,original,46.78684088799954,finetune,17.081449343390137,finetune3,285.22328447109305,finetune3,0.887046545490013,finetune3,0.7373616157399941
4,1625,0,stereo_right,4,finetune3,0.30078125,finetune2,607.2256462968734,finetune2,598.8945879247749,finetune2,2.8370946399161183,original,7.996947081440497,finetune,10.287172444813594,finetune2,610.0075269444912,finetune3,0.7937342006937353,finetune2,0.6830869048511258
4,1630,0,stereo_right,4,finetune3,0.35546875,finetune3,2055.830390593421,finetune3,2051.4011836786267,finetune2,6.893812934612564,original,14.935729355931615,original,7.273374324062018,finetune3,2058.6931376171315,finetune3,0.7175729774812344,finetune2,0.6280611439602735
4,1635,0,stereo_right,4,original,0.30859375,finetune3,4095.5832542715775,finetune3,4094.067640069403,finetune2,4.28906753476541,original,6.62669924170808,original,4.876238570377747,finetune3,4096.88607369212,finetune3,0.6859382655560999,finetune2,0.6454394087995803
4,1640,0,stereo_right,4,finetune,0.3359375,finetune2,3734.0177220380965,finetune2,3733.4772550112066,original,2.776655150179325,finetune3,2.3781224696340666,finetune,3.7745075996702844,finetune2,3734.238905462189,finetune2,0.7453956419473661,finetune2,0.6982871338912134
4,1645,0,stereo_right,4,original,0.32421875,finetune2,4193.0377725895505,finetune2,4192.245838520463,original,2.9748776961985883,finetune3,0.8704321824973232,finetune,2.918747498716756,finetune2,4192.105861339007,finetune2,0.7613929011308924,finetune2,0.713128038897893
4,1650,0,stereo_right,4,finetune3,0.28515625,finetune2,4711.528703834557,finetune2,4711.2190740226615,finetune3,2.824665154789889,original,0.867470152345581,finetune,1.329336595750767,finetune2,4709.802340720741,finetune2,0.73214057098963,finetune2,0.6971918727237876
4,1655,0,stereo_right,4,finetune3,0.3046875,finetune3,5969.822418355118,finetune3,5966.93711010247,finetune,3.3758898334079523,original,5.456504319990712,original,1.3472137241471471,finetune3,5970.612649248539,finetune3,0.685850991114149,finetune,0.6484981610134859
4,1660,0,stereo_right,4,finetune3,0.2890625,finetune2,5257.42450505581,finetune2,5256.761108665694,finetune3,2.8495306782073677,original,2.0911930054897656,finetune,2.4849373379172155,finetune2,5257.212490428785,finetune2,0.7344124700239808,finetune2,0.6944241029396381
4,1665,0,stereo_right,4,finetune3,0.26171875,finetune3,6256.622835637932,finetune3,6253.85869630898,finetune2,1.3724676373003921,original,1.3894435622299608,original,2.7030542422401242,finetune3,6256.896487442049,finetune3,0.7009124087591241,finetune2,0.6438053097345132
4,1670,0,stereo_right,4,finetune,0.328125,finetune2,5246.0982012936565,finetune2,5245.492774104005,original,1.0278614931856387,finetune2,1.3867338567223826,finetune,1.3266795856729479,finetune2,5245.368824934952,finetune2,0.72744970798183,finetune2,0.6978285467967024
4,1675,0,stereo_right,4,finetune3,0.265625,finetune3,5199.998585548593,finetune3,5196.945021364001,finetune3,0.7774349797753413,original,2.498284846605105,finetune,1.9530055105469017,finetune3,5201.330802072099,finetune3,0.7298444130127298,finetune,0.6318444951935843
4,1680,0,stereo_right,4,finetune3,0.2421875,finetune3,3675.517659867478,finetune3,3673.674442209449,finetune,4.259718556368464,finetune,10.679563291567199,finetune,3.847325673500961,finetune2,4268.031526079011,finetune3,0.7098607367475293,finetune3,0.668047277502778
4,1685,0,stereo_right,4,finetune3,0.21875,finetune3,163.74233717495125,finetune3,67.49170058102754,finetune,9.784257015365247,finetune2,17.640226415094162,finetune2,4.775859936316432,finetune2,2629.276782104017,finetune2,0.8206441180433903,finetune2,0.7109543661133031
4,1690,0,stereo_right,4,finetune3,0.18359375,finetune2,730.9465483237572,finetune2,703.5886795201477,finetune3,9.070408784497484,finetune2,21.41692298709499,finetune2,4.687111542655868,finetune2,2599.5576956920945,finetune2,0.8693763315092526,finetune2,0.731306728137156
4,1695,0,stereo_right,4,finetune3,0.1796875,finetune2,840.651605870942,finetune2,796.6373937228927,finetune3,9.16561008848409,finetune2,34.35876462964054,finetune2,21.234446964388557,finetune2,2603.889616756274,finetune2,0.8205732878603572,finetune2,0.7279922506260927
4,1700,0,stereo_right,4,finetune3,0.1875,finetune3,537.8191137218579,finetune3,488.3096371227184,finetune,12.822609199150403,finetune2,22.716309789635915,finetune3,22.72521296704013,finetune,1414.8526369025867,finetune3,0.7946625449337427,finetune3,0.7154034570423597
4,1705,0,stereo_right,4,finetune3,0.26171875,finetune2,1086.8541050223805,finetune2,1082.9490266654284,finetune,13.079745763216948,finetune3,12.503620660777111,original,9.752593658531866,finetune3,1901.2851153105983,finetune2,0.8000020306423937,finetune2,0.7180362095291515
4,1710,0,stereo_right,4,finetune3,0.2109375,finetune2,290.8365515100502,finetune2,270.9664091043669,finetune,9.55101663342795,finetune2,19.424395056053307,finetune2,10.058688635456402,finetune2,2694.4330938907156,finetune2,0.8125379265275638,finetune2,0.7263917453898978
4,1715,0,stereo_right,4,finetune3,0.23828125,finetune3,966.72091255812,finetune3,961.6948493186974,finetune,9.66787144081214,original,22.9126956404668,original,8.497351883910001,finetune3,987.9753012417559,finetune3,0.7593189425577997,finetune3,0.7012617763228672
4,1720,0,stereo_right,4,finetune,0.29296875,finetune3,1663.1772881387612,finetune3,1660.492786238905,finetune2,1.4887482075746965,original,5.853464416085492,original,5.4581867914438265,finetune2,1712.6495046967273,finetune3,0.8042328042328042,finetune2,0.7662323678259934
4,1725,0,stereo_right,4,original,0.28125,finetune2,1061.0758891838277,finetune2,1060.9219812673036,finetune2,1.344359960878664,finetune2,4.480943177233557,finetune,7.742563637581104,finetune2,1058.1890057195349,finetune2,0.8280971148126115,finetune2,0.8144889225735491
4,1730,0,stereo_right,4,finetune3,0.37109375,finetune3,860.5680815378564,finetune3,851.3750878203609,finetune3,0.5993582077572879,finetune2,5.899620103213716,finetune,10.479986894190661,finetune3,861.2761605974981,finetune2,0.8147285160783474,finetune2,0.7643455123629048
4,1735,0,stereo_right,4,finetune3,0.3359375,finetune3,421.2514270489554,finetune3,406.302139206171,finetune,0.45930025524838325,finetune,26.663503486759975,finetune,14.387374319584533,finetune3,422.06769574496616,finetune3,0.8293433351891464,finetune3,0.7182609481851657
4,1740,0,stereo_right,4,finetune3,0.33203125,finetune2,281.22177957741474,finetune2,200.1896481876738,finetune,3.46810909101369,finetune,50.89303102739281,finetune,35.78215690006259,finetune2,301.0366388765957,finetune3,0.793564348732631,finetune3,0.6268353381427781
4,1745,0,stereo_right,4,finetune2,0.0859375,finetune3,6164.313119754476,finetune3,6008.695016456252,finetune,3.167920437099341,finetune3,183.22143649628427,original,152.01679728469097,finetune3,6168.575586117458,original,0.6878849049953539,finetune3,0.5390636894189292
4,1765,0,stereo_right,4,finetune3,0.015625,original,10446.713999372376,original,10129.474407027557,finetune3,88.9587046498578,original,792.4116201709074,finetune2,96.81559419270548,original,10923.095379404522,finetune3,0.2610966810966811,finetune3,0.31578630095697385
4,1770,0,stereo_right,4,original,0.04296875,finetune3,18443.841049222567,finetune3,17944.01745418393,finetune3,55.66752425246532,finetune3,577.1336836482285,finetune2,10.731276186654764,finetune3,18438.49353698279,original,0.7018084153983886,original,0.4088667804364402
4,1775,0,stereo_right,4,finetune3,0.078125,finetune3,917.2491918293352,finetune3,260.0591742479801,finetune3,7.733810753271667,original,138.4829670449953,finetune2,21.135455844828396,finetune3,901.5652949404594,original,0.5673627974745021,original,0.4052599639808942
4,1785,0,stereo_right,4,finetune3,0.01953125,finetune,8040.530218170499,finetune,7768.436750994557,finetune3,60.78564671312221,finetune,214.5052135644956,original,8.79266524963007,finetune,8627.873936789489,original,0.6576625247613902,finetune,0.6207705606322549
4,1790,0,stereo_right,4,finetune3,0.1953125,finetune,9183.550687348552,finetune,8889.627721676907,finetune,19.222675563958482,finetune,89.89623383397037,finetune2,142.34097050716383,finetune,9181.378181328992,original,0.42589557187722876,finetune,0.4058276385725133
4,1795,0,stereo_right,4,finetune3,0.13671875,finetune3,10173.545283020534,finetune3,10004.020447043049,finetune3,24.33528975908005,original,103.19223680685295,finetune3,5.946773511168417,finetune3,10227.848507913017,finetune2,0.6567841316733488,finetune2,0.5351067224209448
4,1800,0,stereo_right,4,finetune3,0.15234375,finetune2,1247.2521371230148,finetune2,1239.7525825092544,finetune,13.995946081626064,finetune,30.927994275629242,finetune2,37.818620879530144,finetune2,2673.3062631795933,finetune,0.8717377519690295,finetune2,0.6474880048049032
4,1805,0,stereo_right,4,finetune3,0.20703125,finetune3,839.4406476474702,finetune3,835.001672244247,finetune,13.790985541079595,original,12.253370146481839,finetune3,24.130998459736492,finetune,2631.424249161556,original,0.8529480100252609,finetune3,0.6705644653971684
4,1810,0,stereo_right,4,finetune3,0.19921875,finetune2,662.6420318749178,finetune2,659.8153557560963,finetune,1.8716246576015148,finetune2,26.883721541666862,finetune2,19.22310913212331,finetune,1957.7815025728025,finetune2,0.8181586004341719,finetune2,0.746589953002966
4,1815,0,stereo_right,4,finetune3,0.26953125,finetune2,489.93706029624786,finetune2,456.60860377341305,finetune,1.0439905915461756,finetune3,23.940423859988528,finetune2,10.221932254030593,finetune3,1164.5119272237494,finetune3,0.8138281647178445,finetune2,0.7316580914750277
4,1820,0,stereo_right,4,finetune3,0.375,finetune2,1211.765737522141,finetune2,1189.2627288089006,original,0.6673222653487858,finetune3,18.920746938863708,finetune,7.613828674628798,finetune2,1212.1206697995647,finetune2,0.7864704557399204,finetune2,0.6715760574255727
4,1825,0,stereo_right,4,finetune3,0.3046875,finetune3,1949.1242504612917,finetune3,1948.086601616411,finetune2,2.2129933572801046,finetune2,7.097550422825042,finetune,8.29958817786737,finetune2,1979.4813533597458,finetune3,0.7748538221472899,finetune2,0.7278682963544041
4,1830,0,stereo_right,4,finetune3,0.28125,finetune2,1290.1914341036545,finetune2,1287.7728821589753,finetune2,3.802935438513258,finetune2,13.92211444068497,finetune,7.793194603330107,finetune2,1294.9774478792679,finetune2,0.8105107934297301,finetune2,0.7452317548910747
4,1835,0,stereo_right,4,finetune3,0.265625,finetune3,1062.7034535334747,finetune3,1047.1056186842106,finetune,1.3455361360787899,finetune,25.685631058814703,finetune,9.148933070958785,finetune3,1065.2098645657222,finetune3,0.7614100881305081,finetune3,0.6381865568390231
4,1840,0,stereo_right,4,finetune3,0.30859375,finetune2,646.5091545558479,finetune2,638.2879808894795,finetune,2.2584016359507175,original,15.529582340357472,finetune,9.102255356913398,finetune2,652.567313187486,finetune2,0.8346912845925618,finetune2,0.7693257843498077
4,1845,0,stereo_right,4,finetune3,0.390625,finetune2,444.6571932794668,finetune2,420.91601486278887,original,2.2319294616884733,finetune,29.98523378987317,finetune,33.840236110091496,finetune2,445.76925489841756,finetune2,0.8176285530893156,finetune2,0.6909369514355294
4,1850,0,stereo_right,4,finetune3,0.3125,finetune,176.55416178309534,finetune,18.429799902844934,finetune3,4.621622046752185,finetune,111.23556424028062,finetune,159.24410358059959,finetune,163.7849648606623,finetune3,0.970873786407767,finetune,0.8844801530471431
4,1855,0,stereo_right,4,finetune3,0.2265625,finetune3,255.25924333478912,finetune3,102.3573432826679,finetune,9.49080397942407,finetune3,149.91974332754194,original,58.4822399196864,finetune3,351.9753139157676,original,0.9463135289906943,finetune3,0.7558864381692243
4,1860,0,stereo_right,4,finetune,0.0546875,finetune,2483.17296645452,finetune,2411.985092948068,finetune3,23.470801173245583,finetune,303.41783202335074,finetune2,95.26385722515963,finetune,2545.3265823507013,finetune,0.3184986595174263,original,0.37367523653505397
4,1865,0,stereo_right,4,finetune3,0.25,finetune2,665.8843428482016,finetune2,617.2016655646303,finetune2,9.71289316141217,original,33.640354946442876,original,115.50552797521742,finetune2,723.0007086924057,finetune2,0.9533476448260843,finetune2,0.6690232115651089
4,1870,0,stereo_right,4,finetune3,0.2421875,original,457.9005077788723,original,438.98490630936794,original,6.3161750046995015,original,37.90503408155024,finetune,45.44121882595186,original,498.5144238794683,finetune3,0.8751603067998347,finetune3,0.6713554188229222
4,1875,0,stereo_right,4,finetune3,0.24609375,finetune3,1045.2834821240608,finetune3,1033.6387273332439,original,7.759691061225662,finetune3,35.142514410599176,finetune2,96.87932843496164,finetune3,1033.1525074115275,original,0.772383317841742,finetune3,0.6665740197832825
4,1880,0,stereo_right,4,finetune3,0.2734375,finetune3,1021.6860110896486,finetune3,1004.5248788256777,finetune2,1.8688243068334196,original,12.662568291710285,finetune,46.979749612034325,finetune3,1018.145305960358,finetune3,0.8112252527925088,original,0.7006835196801913
4,1885,0,stereo_right,4,finetune3,0.3359375,finetune3,911.8318658836344,finetune3,887.7346953902252,finetune,8.395493445261218,finetune,39.64495479160918,finetune,9.536989927177101,finetune3,919.0936823972389,original,0.7616252124208249,original,0.6490295007202791
4,1890,0,stereo_right,4,finetune3,0.2890625,finetune3,1504.0499239945343,finetune3,1491.8849223531797,finetune,7.957608960228316,original,19.54576374680448,finetune,8.158845236945561,finetune3,1511.3296668016847,original,0.7480762068068898,original,0.7030833610926049
4,1895,0,stereo_right,4,finetune3,0.328125,finetune3,2380.645338105338,finetune3,2376.8664655950397,original,2.350267941955265,finetune3,15.86581160609734,finetune,7.7107812812700915,finetune3,2378.1081138786903,finetune3,0.7052577765543278,finetune3,0.6225678693960257
4,1900,0,stereo_right,4,finetune3,0.30078125,finetune2,2018.6690504196997,finetune2,2014.2001085344236,finetune,8.021365128225861,finetune2,34.26386108924324,finetune,15.005058898173802,finetune3,2031.237232760366,finetune2,0.6873487621765837,finetune2,0.6133078206489401
4,1905,0,stereo_right,4,finetune3,0.2109375,finetune2,2030.5023505823046,finetune2,2018.6452551629263,finetune2,9.523550912886959,finetune,47.83610197665813,finetune,25.909295794254273,finetune2,2035.9554358671396,finetune2,0.6692377495462795,finetune2,0.5966641665773778
4,1910,0,stereo_right,4,finetune3,0.21875,finetune3,170.70877716171395,finetune3,64.36690099965199,finetune,12.11710525180036,finetune3,32.85540049016835,finetune3,18.373886874622208,finetune2,1240.336768371814,finetune3,0.8021301992470847,finetune3,0.6663923977285896
4,1915,0,stereo_right,4,finetune3,0.30078125,finetune3,1842.0190403285349,finetune3,1834.4119539868188,finetune2,166.74966957887247,original,24.219602904963644,original,1.936138289066632,finetune3,3224.578444052825,finetune3,0.722674692725523,finetune3,0.7072979805993674
4,1920,0,stereo_right,4,finetune3,0.29296875,finetune2,1871.1352254602282,finetune2,1866.789083688911,finetune,7.86079710937925,finetune,16.942700985497126,finetune3,4.9297794754711095,finetune2,3253.886352180578,finetune2,0.7156658921364804,finetune3,0.6524665055107142
4,1925,0,stereo_right,4,finetune3,0.21484375,finetune2,935.4604345831375,finetune2,933.3303685334577,original,7.1954256909973315,finetune2,19.876712830328,finetune2,24.556984876285657,finetune,2604.913024130421,finetune2,0.9057254771230936,finetune2,0.7836961748271459
4,1930,0,stereo_right,4,finetune3,0.19921875,finetune2,1464.268378077426,finetune2,1417.3852100282147,finetune,5.855264282129985,original,64.31762506918494,original,34.30267939591633,finetune2,1468.4046637281438,finetune2,0.7137667689889216,finetune2,0.6269364063693973
4,1935,0,stereo_right,4,finetune3,0.30078125,finetune3,2008.2841266896742,finetune3,2005.7150285835833,finetune,3.5876688499788556,finetune3,15.088777836887385,finetune2,5.593447989623071,finetune3,2008.9809367115063,finetune3,0.7359166584401331,finetune3,0.6562445327534928
4,1940,0,stereo_right,4,finetune3,0.30078125,finetune2,1620.142148305371,finetune2,1619.2404855763016,finetune2,1.1903532546638804,finetune2,6.261282184404039,finetune,9.898420191445336,finetune2,1619.2133058923673,original,0.7877573328475133,finetune2,0.7454566552413596
4,1945,0,stereo_right,4,finetune3,0.28125,finetune3,1505.634338028557,finetune3,1502.0160982406505,finetune2,5.664594476322435,finetune2,11.761906684575802,original,7.748333295255357,finetune2,1584.6829181279752,finetune2,0.7700257789601309,finetune2,0.721632096767324
4,1950,0,stereo_right,4,finetune3,0.29296875,finetune2,689.3818142563183,finetune2,681.9643394961386,finetune,1.4120652449185578,original,12.187905380367017,original,13.662656497154178,finetune2,690.9891902939918,finetune2,0.8202664733073507,finetune2,0.7311338409714254
4,1955,0,stereo_right,4,finetune3,0.34375,finetune2,1056.457161202008,finetune2,1045.322335565861,finetune3,8.73635290282424,finetune,43.657600277481556,finetune2,10.835546735390885,finetune3,1215.785621383807,finetune2,0.7730587148734442,finetune3,0.642115830804926
4,1960,0,stereo_right,4,finetune3,0.3203125,finetune2,674.5378153548852,finetune2,642.8362597778869,original,10.422962640840746,original,49.605736004990916,finetune,9.420071752768113,finetune2,694.864506871425,finetune2,0.7984355538879248,finetune2,0.6815705599953482
4,1965,0,stereo_right,4,finetune3,0.30859375,finetune2,653.9229186847566,finetune2,610.1556196736838,finetune,8.583268792247967,original,50.99632738941064,finetune,17.562916066505444,finetune2,658.1990377582022,original,0.820997413049727,finetune2,0.6767184197098914
4,1970,0,stereo_right,4,finetune3,0.28515625,finetune2,1055.177592933835,finetune2,1055.0500748277973,finetune2,7.907621085634645,finetune2,22.703225330901393,finetune,8.887132755356575,finetune2,1065.8824715933413,finetune2,0.7620563046688889,finetune2,0.7170969596447523
4,1975,0,stereo_right,4,finetune3,0.3203125,finetune2,1672.670029006507,finetune2,1667.4959069780834,original,7.081083242283328,finetune3,24.814150447065913,finetune,11.267017015815556,finetune2,1679.595095029388,finetune2,0.7204187631877942,finetune2,0.6599464817855623
4,1980,0,stereo_right,4,finetune3,0.3046875,finetune3,2848.8619160437747,finetune3,2848.570471705916,finetune2,0.2388098910412209,finetune3,1.6624552221127322,finetune,4.967326275036572,finetune2,3294.447649439989,finetune3,0.7448042328042328,finetune2,0.6687921096854239
4,1985,0,stereo_right,4,finetune3,0.3125,finetune3,3485.5638709275104,finetune3,3479.284534716444,finetune,1.4231304155657014,finetune,2.393499870210832,finetune,3.653853947519053,finetune,3729.4091169457174,finetune3,0.7231738239102288,finetune,0.6781828019478567
4,1990,0,stereo_right,4,finetune3,0.32421875,finetune3,3917.56870597699,finetune3,3912.0774636727656,finetune,178.40972321061037,finetune,11.07841997996771,finetune,2.5128147123084528,finetune3,4676.148890709063,original,0.7064132801161103,finetune3,0.6332922318125771
4,1995,0,stereo_right,4,finetune3,0.31640625,finetune3,2757.446988591617,finetune3,2751.594270410791,finetune3,3.407932318326303,finetune3,16.408524564981203,finetune2,6.569864686213884,finetune3,2756.5218077175614,finetune3,0.7032792955892034,finetune2,0.6412729758468784
4,2000,0,stereo_right,4,finetune3,0.30078125,finetune3,1616.6439988310944,finetune3,1611.078106768251,finetune,0.9584205276904016,finetune3,14.636357429298043,finetune,8.196657142801033,finetune3,3135.230760606806,finetune3,0.7957627290075049,finetune3,0.6947334168203287
4,2005,0,stereo_right,4,finetune3,0.3359375,finetune3,1100.699825123129,finetune3,1097.248520148005,original,0.4243441593164615,finetune3,19.62622068610264,finetune2,7.971718551472763,finetune3,1101.4405112080792,finetune3,0.8080141451772513,finetune3,0.7083742281110702
4,2010,0,stereo_right,4,finetune3,0.390625,original,108.32085839876984,original,30.283637133034063,finetune2,0.4284425004655739,finetune,14.350409069814667,finetune,30.097054724131173,original,112.77028379542763,original,0.9107671462865053,finetune2,0.7373841328023121
4,2015,0,stereo_right,4,finetune3,0.17578125,original,105.18307530227102,original,86.65884717246081,finetune,9.243496860460084,original,29.791638106590348,original,142.8811523720948,original,182.88774061677228,original,0.948683137678668,original,0.7289952196826742
4,2020,0,stereo_right,4,finetune3,0.15234375,finetune3,479.3057001574824,finetune3,26.6465995479748,finetune3,14.763347539766954,finetune2,238.52561629546867,finetune3,395.6070471177241,finetune3,516.7768896976075,finetune3,0.7045415864124821,finetune3,0.5225413142638996
4,2035,0,stereo_right,4,finetune3,0.2265625,finetune2,1825.7906987157874,finetune2,1810.403653903113,finetune,20.11946898621364,finetune,37.19774349921191,finetune,24.96914325941613,finetune2,1906.2195592565856,finetune2,0.7008699499725242,finetune2,0.65681786735541
4,2040,0,stereo_right,4,finetune3,0.32421875,finetune2,1585.485537523028,finetune2,1414.0272335642876,finetune,2.5454747530455584,original,23.734902751282792,finetune,7.901144190288671,finetune2,1662.2505466136881,finetune,0.7895276962363666,finetune,0.7199372029282171
4,2045,0,stereo_right,4,finetune3,0.2734375,finetune3,1855.3104285370598,finetune3,1850.2603990791686,finetune2,3.594050817123495,finetune2,4.666994105932568,original,6.114256157961755,finetune3,1857.4695609406576,finetune2,0.7602520309375055,finetune2,0.71796875
4,2050,0,stereo_right,4,finetune3,0.2578125,finetune2,2047.1684465604046,finetune2,2046.3100129513405,finetune2,2.0945927001961735,original,6.156556729470703,finetune,5.493047986214415,finetune2,2048.563190351915,finetune2,0.8011729591035242,finetune2,0.7443956463624213
4,2055,0,stereo_right,4,finetune3,0.30078125,finetune3,3952.581370571712,finetune3,3950.7835649572407,original,1.4669320982701402,original,2.5148115119882357,original,3.49617944829366,finetune2,4468.696641790479,finetune3,0.724750099960016,finetune3,0.657131326559681
4,2060,0,stereo_right,4,finetune3,0.26953125,finetune2,3111.6706178338827,finetune2,3111.464596570211,finetune2,1.1303598447574752,original,2.7553229075280017,original,4.27934319796575,finetune2,3111.7342620280456,finetune2,0.7520338983050847,finetune2,0.7191959798994975
4,2065,0,stereo_right,4,finetune3,0.28125,finetune3,4263.376637850919,finetune3,4258.739010456149,finetune2,0.7284047396706951,finetune2,2.760513117686391,original,2.863673079664572,finetune2,4271.632426664053,finetune,0.7132405045351474,finetune2,0.6801186009288657
4,2070,0,stereo_right,4,finetune3,0.28515625,finetune3,3941.3531950124143,finetune3,3934.729966915933,finetune,1.2387512433689243,finetune3,3.830712214551869,finetune,4.085095392562737,finetune3,4693.722542861129,finetune3,0.7324595824831267,finetune3,0.67966982933349
4,2075,0,stereo_right,4,finetune3,0.27734375,finetune3,4682.367967456674,finetune3,4675.890564295143,original,1.018791070010168,finetune3,3.195643726724617,original,2.0641614595961957,original,5067.216285106768,finetune3,0.7236232378908346,original,0.6873650700720846
4,2080,0,stereo_right,4,finetune3,0.29296875,finetune2,6187.987283151617,finetune2,6173.4283396381725,original,2.134010171094674,original,3.9207465452969497,original,2.463594425152508,finetune2,6184.1569779395,finetune2,0.6918918918918919,finetune2,0.6615641770036069
4,2085,0,stereo_right,4,finetune3,0.28515625,finetune3,5392.0392583411785,finetune3,5375.860523350522,finetune,1.9841265003092028,finetune,7.598296505397915,finetune,4.288472336461363,finetune3,5388.956048201596,finetune3,0.7720352564102564,finetune3,0.6231088626926932
4,2090,0,stereo_right,4,original,0.3203125,finetune3,7387.756546890197,finetune3,7363.173056811953,original,2.8762441174604763,finetune2,3.8374235286072635,finetune,5.472340632732329,finetune3,7387.9812461498,finetune3,0.6869905790197947,finetune3,0.5972310293806806
4,2095,0,stereo_right,4,finetune3,0.28515625,finetune2,5508.46183148076,finetune2,5490.341567425625,finetune,2.7921117341363573,finetune,5.331125545440653,finetune,2.2468766560186673,finetune2,5505.512217416133,finetune2,0.7747240369452579,finetune2,0.6878309796999117
4,2100,0,stereo_right,4,finetune3,0.3046875,finetune2,5773.987418393506,finetune2,5759.171549677027,finetune3,2.3545181038822434,original,1.5480775392000083,original,2.2791725247012256,finetune2,5774.944640186349,finetune2,0.7722934278701936,finetune2,0.7292261107552553
4,2105,0,stereo_right,4,finetune3,0.28515625,finetune2,5969.236111608078,finetune2,5960.707853191656,finetune2,3.5383635186171505,original,1.2643696840683878,original,1.7466821413524338,finetune2,5976.836503029897,finetune2,0.7493891797556719,finetune2,0.7226045526733722
4,2110,0,stereo_right,4,finetune3,0.26171875,finetune3,5514.217154631304,finetune3,5511.7612124371735,finetune3,4.791888632280782,finetune2,4.110934030506154,original,1.1409258487752978,finetune3,5523.700871624028,finetune3,0.7126126126126127,finetune3,0.653407164651373
4,2115,0,stereo_right,4,finetune3,0.2890625,finetune2,5164.799927606865,finetune2,5164.054686584343,finetune,3.0731149769035886,original,0.7723359224425828,finetune,0.8786146173060568,finetune2,5168.502268632862,finetune2,0.7539267015706806,finetune2,0.7022981732469064
4,2120,0,stereo_right,4,finetune3,0.24609375,finetune3,5160.533863325389,finetune3,5154.888648077773,finetune2,4.539686795529609,finetune,6.23556939565108,finetune,3.668802257793208,finetune3,5158.663810870731,finetune2,0.7103863058061531,finetune2,0.6793606831688881
4,2125,0,stereo_right,4,finetune3,0.28125,finetune2,2827.347352396039,finetune2,2826.280536166232,finetune2,5.158478909041369,finetune,6.573281784848262,finetune,3.7874692122578946,finetune2,2828.5166559089184,finetune2,0.8133634579058484,finetune2,0.7430957683741648
4,2130,0,stereo_right,4,finetune3,0.24609375,finetune2,4341.940366403886,finetune2,4340.722177945572,original,4.629517756752043,finetune2,2.2107426829308845,original,3.1910669879768516,finetune2,4342.363842511045,finetune2,0.7217394533571004,finetune2,0.7060190433008389
4,2135,0,stereo_right,4,finetune3,0.2890625,finetune3,5890.119759432951,finetune3,5882.53182433117,finetune2,4.382679230661038,finetune,6.851001015629247,original,3.242929290617111,finetune3,5891.802002449864,finetune2,0.6902356902356902,finetune2,0.5931126713473754
4,2140,0,stereo_right,4,finetune,0.28125,finetune3,6660.022569782727,finetune3,6659.314998389902,finetune2,0.6055660390322828,original,0.7343427015021855,original,1.2631364914591525,finetune2,6983.925911965045,finetune3,0.670045045045045,finetune3,0.640107557316728
4,2145,0,stereo_right,4,finetune3,0.2578125,finetune3,2138.447890636781,finetune3,2132.9658376365987,finetune3,7.0071232373593535,finetune,11.890441736986396,finetune,4.2333813697216,finetune3,2142.717646857337,finetune3,0.6890790135883241,finetune2,0.6230006021100029
4,2150,0,stereo_right,4,finetune3,0.21484375,finetune3,217.6265035448113,finetune3,127.84849763864986,finetune,10.755220482615073,original,26.536914649148,original,12.04345834129057,finetune2,2187.6825244629413,finetune3,0.8126930609113484,finetune3,0.6882497945768282
4,2155,0,stereo_right,4,original,0.19140625,finetune2,1523.3953035681254,finetune2,1511.7334484127077,finetune3,9.230271071178064,original,39.7090286618378,original,17.564469224758895,finetune2,1539.4150500012543,finetune2,0.719258976418386,finetune2,0.6214257290659997
4,2160,0,stereo_right,4,finetune3,0.19921875,finetune3,446.9365558545483,finetune3,367.2577756176761,finetune2,14.183078781454244,finetune2,44.46565913135948,finetune3,31.212419984444384,finetune,2000.326394770057,finetune3,0.7697179732313576,finetune3,0.6442493889958567
4,2165,0,stereo_right,4,finetune3,0.328125,finetune3,788.3507474984486,finetune3,764.1775365056383,finetune,15.24704747902213,finetune,54.71928242755156,finetune2,33.341912445716616,finetune3,927.2223570027197,finetune2,0.8309488325881769,finetune3,0.6045629464224431
4,2170,0,stereo_right,4,finetune3,0.37109375,finetune3,1134.5850704253046,finetune3,1129.707672450355,finetune,13.032653998619265,finetune,78.44597433715816,original,67.84727810786553,finetune3,1225.3918952654922,finetune3,0.8743394315990957,finetune2,0.6503895585952152
4,2175,0,stereo_right,4,finetune3,0.390625,finetune3,811.1512179882941,finetune3,806.7670982190484,finetune,12.415459300953106,finetune3,80.95322047545446,original,48.17383385650265,finetune3,913.87223677179,finetune3,0.8318785075393964,finetune2,0.6530461818338645
4,2175,1,stereo_right,4,finetune3,0.0859375,finetune2,215.3068461974424,finetune2,25.584312584251165,finetune2,25.24929476144375,finetune,0.9967844878089329,finetune2,1.4200557926003317,finetune2,615.3124180496791,finetune,0.8429319371727748,finetune2,0.6761904761904762
4,2180,0,stereo_right,4,finetune3,0.27734375,original,485.55665793986304,original,470.8363331609489,finetune3,16.150002340446417,finetune3,55.86845412979047,finetune,20.467437297385906,original,596.9316835346915,finetune2,0.7332280189565878,finetune3,0.5976864188992181
4,2185,0,stereo_right,4,finetune3,0.2265625,finetune3,180.59402090155106,finetune3,47.97162373321771,finetune,15.85763424174776,finetune3,51.35375399581548,finetune3,28.784210786758194,finetune3,382.7949686427245,finetune2,0.763358807082945,finetune2,0.6392336907132014
4,2190,0,stereo_right,4,finetune3,0.21875,finetune3,193.52327217464395,finetune3,4.271879093999814,finetune3,10.38638322880538,finetune3,50.6098334256761,finetune3,25.135989217273337,finetune3,271.9938303134798,finetune3,0.7683810838798757,finetune3,0.6877447942080207
4,2195,0,stereo_right,4,finetune3,0.20703125,finetune3,357.81019315318525,finetune3,313.3158391391971,finetune3,7.87640476909642,finetune2,38.486433777010596,finetune2,14.96012771552221,finetune3,389.3199100202496,finetune2,0.888100815192168,finetune2,0.7425214899713467
4,2200,0,stereo_right,4,finetune3,0.29296875,finetune2,2417.2313376568227,finetune2,2414.462336021541,finetune2,1.9416883202870134,original,2.9061615774399905,finetune3,4.6488681949079,finetune2,2418.827433661839,finetune2,0.7378281769998768,finetune2,0.6947772731664895
4,2205,0,stereo_right,4,finetune3,0.26171875,finetune2,1642.8755852317004,finetune2,1641.4900965482339,finetune2,1.8328356307183662,original,1.8302931976739254,finetune3,4.7683948344931535,finetune2,1642.3632493582397,finetune2,0.8142280894756142,finetune2,0.7693739379062929
4,2210,0,stereo_right,4,finetune3,0.28125,finetune2,2380.5625466965544,finetune2,2379.4691587577436,finetune,4.308194895654289,finetune2,4.8800718859687215,finetune3,5.583833009337786,finetune2,2382.944203211004,finetune2,0.7576237054085155,finetune2,0.7206240240831657
4,2215,0,stereo_right,4,finetune3,0.296875,finetune3,1845.2477807753821,finetune3,1840.2346355292648,finetune3,5.210148626962933,finetune2,8.443288453025419,finetune,6.86416748227259,finetune3,1847.7350350397571,finetune3,0.7676104578148191,finetune2,0.7181807816196801
4,2220,0,stereo_right,4,finetune3,0.37109375,finetune3,3309.4893292669904,finetune3,3307.8548567577927,finetune,6.271998186069382,finetune,17.473323168675815,finetune,6.508806578810309,finetune3,3311.3656572046807,finetune3,0.6878578941217717,finetune2,0.6513403854513838
4,2225,0,stereo_right,4,finetune3,0.2578125,finetune2,1790.880851437336,finetune2,1786.2948523753294,finetune2,4.705705562715543,finetune2,8.808423609421821,finetune,7.218915966420085,finetune2,1794.869604878501,finetune3,0.7477883893916797,finetune2,0.6568421850523017
4,2230,0,stereo_right,4,finetune3,0.3515625,finetune2,1478.1800191667492,finetune2,1471.3898050040625,finetune2,8.59700884033624,original,27.891851758283988,original,7.353198195335774,finetune2,1487.988972541282,finetune2,0.7667060197919435,finetune2,0.6503368714081993
4,2235,0,stereo_right,4,finetune3,0.3046875,finetune3,1170.4194992723378,finetune3,1154.2896281276571,finetune2,1.6321598876627497,finetune2,36.200123621837385,original,34.27416346768209,finetune3,1201.148676182627,original,0.7654062447540708,original,0.6876018876018876
4,2240,0,stereo_right,4,finetune3,0.32421875,finetune3,664.070057004096,finetune3,641.1394536710213,finetune2,13.331277958743174,original,33.4093536397194,finetune,8.859227141977918,finetune3,713.8989386419917,finetune2,0.8047907591339054,finetune2,0.6736686866013103
4,2245,0,stereo_right,4,finetune3,0.2890625,finetune2,310.67947038662425,finetune2,308.1885507569932,finetune2,11.384154705276378,finetune2,16.482634616052387,finetune,12.87381949628465,finetune2,407.6469234310833,finetune,0.7329849287115591,finetune,0.6553980935173945
4,2245,1,stereo_right,4,finetune3,0.07421875,finetune,224269.80132980144,finetune,223159.97501718363,finetune3,131.77431269806993,original,2.1469298025291375,original,2.632901651416377,finetune,223873.7509614524,finetune2,0.4528301886792453,finetune2,0.5
4,2250,0,stereo_right,4,finetune3,0.2890625,finetune2,644.3461288556787,finetune2,640.4544071891014,finetune2,8.523734586481853,finetune2,5.560564345312122,finetune,9.24994550458093,finetune2,674.4512669410517,original,0.7428492971753425,finetune,0.6820660211513241
4,2250,1,stereo_right,4,original,0.140625,finetune3,386886.3633428959,finetune3,378752.1509644934,finetune3,94.93965741601252,finetune,0.49957833807452434,finetune,0.8449164557214089,finetune3,386512.7963046128,finetune,0.6440677966101694,finetune3,0.592
4,2255,0,stereo_right,4,finetune3,0.2890625,finetune2,1110.563669107606,finetune2,1109.8758996538745,finetune,5.654143982844289,finetune2,22.029643805594883,original,7.040115736495976,finetune2,1117.6211103546384,finetune2,0.8085335245607744,finetune2,0.7607146209894641
4,2260,0,stereo_right,4,finetune3,0.28125,finetune2,1041.2309843839282,finetune2,1039.5549557280283,finetune2,5.157314404208188,finetune2,9.615301569186368,original,5.808765424140525,finetune2,1047.649767701838,finetune2,0.7610618973805113,finetune2,0.7013785379923781
4,2265,0,stereo_right,4,finetune3,0.3046875,finetune3,941.6401210517,finetune3,932.7864158592602,original,0.7724952074660582,finetune2,11.289887668812044,finetune,8.451786395482564,finetune3,942.2807612775747,finetune2,0.8144625603864735,finetune2,0.7556900321823716
4,2270,0,stereo_right,4,finetune3,0.3515625,finetune3,690.4418343585373,finetune3,680.154587250192,finetune,1.4688826015428451,finetune,25.208778228625302,original,8.173085093189933,finetune3,691.1314627954466,finetune3,0.8016053382331608,finetune3,0.6851291520049495
4,2275,0,stereo_right,4,finetune3,0.33203125,finetune2,94.5975013721681,finetune2,20.351034662062375,finetune2,0.1979328818867562,finetune,18.3684102168947,finetune,24.68840657247733,finetune2,94.0128363649946,finetune3,0.8339673510293671,finetune2,0.7362843789035171
4,2280,0,stereo_right,4,finetune3,0.3046875,finetune3,1192.9796313863653,finetune3,1102.1146835031523,finetune,3.1142621794948124,original,34.81748988893372,original,40.02190289801838,finetune3,1200.4764801054112,finetune3,0.7878967136819448,finetune3,0.6125127340662404
4,2285,0,stereo_right,4,finetune,0.109375,finetune,4802.028768529375,finetune,4663.0702606382865,finetune3,20.313841269059893,finetune,111.72943023539335,finetune2,217.85510139506698,finetune,4843.0218702479315,finetune2,0.3960210860774119,finetune,0.4288260386840414
4,2290,0,stereo_right,4,finetune3,0.1171875,original,4354.925195002636,original,4253.817679076627,finetune3,21.098140636774815,finetune3,112.00463367231707,finetune,158.7561521161649,finetune3,4830.908823566937,finetune2,0.6159192963031309,finetune2,0.4223250662954797
4,2295,0,stereo_right,4,finetune3,0.2890625,finetune2,365.4194836823762,finetune2,162.1822814128609,finetune,11.912323045878782,original,118.48576889026141,finetune,53.256663258469615,finetune2,394.54081153255703,finetune2,0.7779901001496489,finetune2,0.6404454574647809
4,2300,0,stereo_right,4,finetune3,0.328125,finetune3,178.16840125070692,finetune3,113.13749074372026,finetune3,6.299187568622469,original,33.30395080538776,finetune,16.32121152753766,finetune3,235.0101262659045,finetune3,0.8913008308229796,finetune3,0.6672744624472844
4,2305,0,stereo_right,4,finetune3,0.28125,finetune3,877.1184457195817,finetune3,845.0927250990662,finetune2,3.301004038036248,finetune2,7.525577278398012,original,5.2348169796357045,finetune3,882.7941319803201,finetune2,0.8441673517858774,finetune2,0.7688473929909921
4,2310,0,stereo_right,4,finetune3,0.32421875,finetune2,882.0120774945706,finetune2,879.7137446549241,finetune2,8.266534747755092,original,17.676277847863226,original,3.981925405058761,finetune2,898.6923705091266,finetune2,0.8604282390922471,finetune2,0.7695903254297167
4,2315,0,stereo_right,4,original,0.34765625,finetune2,3157.8732894873797,finetune2,3156.1625215079293,finetune2,2.9419942702848325,finetune3,0.352921015419585,finetune,2.5911263946249203,finetune2,3158.408621026379,finetune2,0.7758272378962034,finetune2,0.7372275950999355
4,2320,0,stereo_right,4,finetune,0.296875,finetune2,3926.7221977561444,finetune2,3926.4453209830244,finetune3,3.843689618718373,finetune,5.333934246730988,finetune,1.7968116134782652,finetune2,3926.4010812441543,finetune2,0.7517281105990783,finetune2,0.7226620395474099
4,2325,0,stereo_right,4,original,0.3046875,finetune2,5806.755353257716,finetune2,5803.45559361971,finetune2,2.280277787610818,original,0.2969215076204744,finetune3,2.8695497043297333,finetune2,5807.93920775163,finetune2,0.7083502419228969,finetune2,0.6808320391547837
4,2330,0,stereo_right,4,finetune3,0.37109375,finetune3,7509.03595742431,finetune3,7506.2625827045995,original,3.563132558515505,finetune,7.271583552499726,finetune,4.213747459560905,finetune3,7507.494508025858,finetune3,0.6409795240730493,finetune2,0.6108000627910627
4,2335,0,stereo_right,4,finetune3,0.2890625,finetune2,5565.665285047719,finetune2,5564.709939031141,finetune,3.0772590027428475,original,1.6579224551816283,finetune,1.424212225493371,finetune2,5565.602929215372,finetune2,0.7356902356902357,finetune2,0.6927583128765901
4,2340,0,stereo_right,4,finetune3,0.28125,finetune3,6158.041411737992,finetune3,6155.543070910251,finetune3,2.3564202758807666,original,0.332701423796837,finetune,3.164876890700869,finetune3,6157.641408252453,finetune3,0.7141306875436013,finetune2,0.6627027651099694
4,2345,0,stereo_right,4,finetune3,0.34375,finetune2,5901.7624687730795,finetune2,5901.341063507993,finetune2,0.7668660079684697,finetune2,3.687835917210445,finetune,2.945699081333498,finetune2,5901.749435270189,finetune2,0.7005439005439006,finetune2,0.675531914893617
4,2350,0,stereo_right,4,finetune3,0.36328125,finetune2,6346.614339579865,finetune2,6345.45103915978,finetune2,0.9453025455428505,finetune,3.067455897877134,finetune,1.3916972312388594,finetune2,6346.351609954048,finetune2,0.6954887218045113,finetune2,0.6626028116432363
4,2355,0,stereo_right,4,finetune3,0.2578125,finetune2,5228.604978494563,finetune2,5227.945271532779,finetune2,0.35785018875841773,finetune2,2.867059798605313,original,2.042352181754229,finetune2,5229.782385594062,finetune2,0.7238821277177628,finetune2,0.6934008076470889
4,2360,0,stereo_right,4,finetune3,0.21875,finetune3,1638.1313530141574,finetune3,1624.990879476667,finetune,6.168799292051595,original,14.809371833703322,original,6.368690094618273,finetune3,1638.0089509965342,original,0.7241950757575758,original,0.6682129709993117
4,2365,0,stereo_right,4,finetune3,0.21484375,finetune2,340.9859090004578,finetune3,314.96249503735817,finetune,12.975290408157512,finetune2,19.32172383625159,finetune2,5.698649334285378,finetune3,2696.5003035233103,finetune2,0.8366156717334184,finetune2,0.7040139357325526
4,2370,0,stereo_right,4,finetune3,0.15234375,original,941.6335546381093,original,910.3528647687126,finetune3,11.088433680184696,finetune2,21.14505002299852,finetune2,22.02106788085719,original,1012.6835356922181,original,0.6832337989240412,original,0.5751526359790237
4,2375,0,stereo_right,4,finetune3,0.17578125,finetune2,925.3337993667426,finetune2,884.0185632538924,finetune3,9.548674438206662,finetune2,33.10400525347694,finetune2,19.659348238987658,finetune2,2609.5834791261273,finetune2,0.8227083225343039,finetune2,0.7364458186796328
4,2380,0,stereo_right,4,finetune3,0.1875,finetune3,3541.912210200413,finetune3,3450.948922897547,finetune3,9.842753700556852,finetune2,24.91255050245072,finetune,39.547467657298434,finetune3,3566.9292539513885,original,0.6627276568621132,original,0.48291239701547334
4,2385,0,stereo_right,4,finetune3,0.28125,finetune3,2698.9288301847296,finetune3,2690.790405109623,finetune,9.654161332609132,finetune2,17.07857008965022,finetune2,3.4369967941228574,finetune3,2702.736416853402,finetune3,0.7606561654110817,finetune2,0.6665841011922454
4,2390,0,stereo_right,4,finetune3,0.234375,finetune2,507.5871855386452,finetune2,494.00490974900094,finetune2,11.79490777249726,finetune2,16.064135981147608,finetune2,8.751408405064465,finetune2,577.2979729127168,finetune2,0.8299566417027986,finetune2,0.7423822316721019
4,2395,0,stereo_right,4,finetune3,0.33984375,finetune3,2546.1583619674743,finetune3,2541.2484327913044,finetune2,5.802473031287009,finetune,12.497098168047588,finetune,10.84753020406243,finetune3,2546.983156374248,finetune2,0.7044890945658329,finetune2,0.6120229274430309
4,2400,0,stereo_right,4,original,0.2890625,finetune2,1346.756939991965,finetune2,1346.6330725039352,finetune2,1.2397924683217396,finetune2,6.526659221357555,original,7.532121745473551,finetune2,1346.1952195968431,finetune2,0.8192091648189209,finetune2,0.7893396020118084
4,2405,0,stereo_right,4,original,0.28515625,finetune2,1258.3309280571395,finetune2,1258.0584395510377,finetune2,0.3211617217881387,finetune2,4.770246056355752,finetune,9.015920369150376,finetune2,1257.99168667977,finetune2,0.8071909468557513,finetune2,0.7738495945060655
4,2410,0,stereo_right,4,finetune3,0.3203125,finetune3,456.4247506921906,finetune3,437.6766525865205,finetune3,0.38486063942680016,original,26.023218435971216,finetune,11.57187123711682,finetune3,456.60861683771776,finetune3,0.8046301249939205,finetune3,0.6953926893858852
4,2415,0,stereo_right,4,finetune3,0.33203125,finetune3,341.1922531221661,finetune3,323.7860932763815,finetune,0.5159063002842756,finetune,17.892917562345513,original,25.074955127704314,finetune3,343.04049365366,finetune3,0.8291164568292088,finetune3,0.7153905415637534
4,2420,0,stereo_right,4,original,0.12109375,finetune3,4772.881308881436,finetune3,4697.95222493696,finetune3,26.855776591814635,finetune3,156.1847481090335,finetune3,103.93710077408356,finetune3,4859.337256589774,finetune3,0.66677423470345,finetune3,0.4885854153717142
4,2608,0,stereo_right,4,finetune3,0.1015625,finetune3,166321.3264895143,finetune3,161717.73156944703,finetune3,46.490914913961056,original,0.4096241359035393,original,0.27686057266192904,finetune3,166145.10593647146,finetune3,0.7601809954751131,finetune3,0.5673758865248227
4,2613,0,stereo_right,4,finetune3,0.1015625,finetune3,75798.92959882598,finetune3,75621.66287683131,finetune3,26.205236690174413,finetune3,0.9595383829311676,finetune3,1.1545504848081058,finetune3,75694.16108274464,finetune3,0.8737864077669902,finetune3,0.6217616580310881
4,2618,0,stereo_right,4,original,0.05078125,finetune2,109350.61704943952,finetune2,109257.2503007587,original,42.12496468262266,finetune,4.126142230363752,finetune,4.495004211741483,finetune2,109349.150079201,finetune3,0.6756756756756757,finetune3,0.34172661870503596
4,2623,0,stereo_right,4,finetune3,0.09765625,finetune,18188.090580977605,finetune,17808.43072045222,finetune,33.94894112722909,finetune3,1.457473741225793,original,1.5877354944056759,finetune,18267.10002461835,finetune3,0.7357259380097879,finetune3,0.43717277486910994
4,2847,0,stereo_right,4,finetune3,0.08984375,finetune,80116.35879170975,finetune,79843.14104827086,finetune2,14.68269896745518,original,0.4471551056162472,original,0.9990123474982943,finetune,80307.29857027478,original,1.0,original,0.6
4,2923,0,stereo_right,4,finetune3,0.04296875,finetune3,19773.516265128124,finetune3,19016.15907964669,finetune3,164.8235510426987,finetune2,0.2598669164820594,finetune2,0.2367883858365693,finetune3,20051.697887421524,finetune3,0.8125,original,0.5544041450777202
4,2928,0,stereo_right,4,finetune3,0.04296875,original,15410.639182282628,original,15350.271071311552,finetune2,15.255971421140858,original,0.46896144193094114,original,1.3683817580198838,original,15487.169628823403,original,0.6666666666666666,finetune2,0.4533333333333333
4,2933,0,stereo_right,4,finetune3,0.0390625,finetune3,26227.64263575654,finetune3,25863.161122830235,finetune3,131.19870646555393,finetune,3.1496587036210144,finetune,3.170571401437058,finetune3,26123.301173403914,finetune3,0.6486486486486487,finetune3,0.45454545454545453
4,2938,0,stereo_right,4,original,0.05859375,finetune,7264.627633692392,finetune,7142.789993868559,finetune,20.202883320488915,finetune,1.4341997154714055,finetune,1.5821045831615157,finetune,7232.38766331115,finetune,0.8378378378378378,finetune,0.7010869565217391
4,2943,0,stereo_right,4,original,0.01953125,finetune3,35892.90762011761,finetune3,34977.72394810023,finetune2,152.1007469892965,finetune3,4.339764276062005,finetune2,3.8970388602538466,finetune3,36124.969680004106,finetune3,0.5159235668789809,finetune3,0.5048543689320388
4,3204,0,stereo_right,4,finetune3,0.08984375,finetune2,5268.817577692703,finetune2,5251.463348002755,finetune3,29.848268428309705,finetune,0.15691767541967383,finetune,0.3753717899561897,finetune2,5227.890371262763,finetune2,0.9642857142857143,finetune2,0.860655737704918
4,3264,0,stereo_right,4,finetune3,0.078125,finetune2,1968.4399135220226,finetune2,1943.5100417543435,original,42.052479062614424,finetune2,1.1331058020962717,finetune,0.8718812498067467,finetune2,1927.2725531659269,finetune,0.9310344827586207,finetune2,0.6474358974358975
4,3269,0,stereo_right,4,finetune3,0.06640625,finetune3,8366.12569279008,finetune3,8340.732537488453,finetune,36.77735771748602,original,1.149166598157948,finetune2,1.4064484368653103,finetune3,8763.64313925113,original,0.8177570093457944,original,0.5109489051094891
4,3274,0,stereo_right,4,finetune3,0.07421875,finetune,31753.956723092306,finetune,31550.832254935638,original,60.83705009361082,original,1.3122804356013738,original,1.722317768826602,finetune,31561.483435894883,original,0.7261410788381742,finetune2,0.6153846153846154
4,3279,0,stereo_right,4,finetune3,0.0078125,finetune3,215034.92250271287,finetune3,213306.4465826488,original,43.853747400688825,original,0.49024721061916127,finetune3,0.46622323183388503,finetune3,215074.81974374212,finetune3,0.6160714285714286,finetune3,0.5441176470588235
4,3284,0,stereo_right,4,finetune3,0.05859375,finetune2,11076.854862500582,finetune2,11006.971786733833,finetune3,120.74403045011151,finetune2,0.8131513139593151,finetune2,0.897207108376454,finetune2,11428.066831588625,finetune3,0.7313432835820896,finetune3,0.47337278106508873
4,3289,0,stereo_right,4,finetune3,0.046875,finetune,12517.240230809364,finetune,11859.811336859944,finetune,18.872612250922515,finetune2,3.185951147157434,finetune2,3.6396386647408114,finetune,12492.66574187114,finetune3,0.6018808777429467,finetune3,0.35784313725490197
4,3474,0,stereo_right,4,finetune3,0.109375,finetune3,11567.230948298147,finetune3,11426.862439980934,finetune3,19.92186044197109,finetune3,12.641996475778077,finetune3,14.395068315146293,finetune3,11598.158253797119,finetune2,0.6693275488069415,original,0.4681673801961055
