match_key,scene_id,im_id,instance_id,score,target_pose_path,source_csv_epnp_label_path,target_pose_key,camera_pose_key,translation_error_mm,rotation_error_deg,image_center_error_px
image_3907533864772,1,3,64,0.1640625,/media/hdd2/ARCL_multicar_bags/camera_dataset/2026-05-05-12-28-13-v1/stereo_left/EPnPv2_gt_mesh_z_hybrid_labels/3907533864772_0.json,/media/hdd2/ARCL_multicar_bags/camera_dataset/2026-05-05-12-28-13-v1/stereo_left/EPnPv2_gt_mesh_z_hybrid_labels/3907533864772_0.json,T_map_object_raw,T_camera_object_centered,9811.32443481503,3.419469875408927,43.15811346692898
image_3907635703914,1,4,75,0.15234375,/media/hdd2/ARCL_multicar_bags/camera_dataset/2026-05-05-12-28-13-v1/stereo_left/EPnPv2_gt_mesh_z_hybrid_labels/3907635703914_0.json,/media/hdd2/ARCL_multicar_bags/camera_dataset/2026-05-05-12-28-13-v1/stereo_left/EPnPv2_gt_mesh_z_hybrid_labels/3907635703914_0.json,T_map_object_raw,T_camera_object_centered,12228.650250070305,1.62236020694622,33.601077281005026
image_3907877665582,1,5,86,0.1875,/media/hdd2/ARCL_multicar_bags/camera_dataset/2026-05-05-12-28-13-v1/stereo_left/EPnPv2_gt_mesh_z_hybrid_labels/3907877665582_0.json,/media/hdd2/ARCL_multicar_bags/camera_dataset/2026-05-05-12-28-13-v1/stereo_left/EPnPv2_gt_mesh_z_hybrid_labels/3907877665582_0.json,T_map_object_raw,T_camera_object_centered,11676.685269886633,2.2185984254594513,35.69065726879925
image_3908165314709,1,7,108,0.1640625,/media/hdd2/ARCL_multicar_bags/camera_dataset/2026-05-05-12-28-13-v1/stereo_left/EPnPv2_gt_mesh_z_hybrid_labels/3908165314709_0.json,/media/hdd2/ARCL_multicar_bags/camera_dataset/2026-05-05-12-28-13-v1/stereo_left/EPnPv2_gt_mesh_z_hybrid_labels/3908165314709_0.json,T_map_object_raw,T_camera_object_centered,12441.688265853458,2.3920574763260407,37.44252653766519
image_3910894492662,1,13,35,0.2109375,/media/hdd2/ARCL_multicar_bags/camera_dataset/2026-05-05-12-28-13-v1/stereo_left/EPnPv2_gt_mesh_z_hybrid_labels/3910894492662_0.json,/media/hdd2/ARCL_multicar_bags/camera_dataset/2026-05-05-12-28-13-v1/stereo_left/EPnPv2_gt_mesh_z_hybrid_labels/3910894492662_0.json,T_map_object_raw,T_camera_object_centered,9740.85766380064,3.1719079039241675,32.50729992721841
image_3910978958944,1,14,46,0.20703125,/media/hdd2/ARCL_multicar_bags/camera_dataset/2026-05-05-12-28-13-v1/stereo_left/EPnPv2_gt_mesh_z_hybrid_labels/3910978958944_0.json,/media/hdd2/ARCL_multicar_bags/camera_dataset/2026-05-05-12-28-13-v1/stereo_left/EPnPv2_gt_mesh_z_hybrid_labels/3910978958944_0.json,T_map_object_raw,T_camera_object_centered,13196.21759554712,3.5340801998334617,27.89632798953779
image_3911068154840,1,15,48,0.2265625,/media/hdd2/ARCL_multicar_bags/camera_dataset/2026-05-05-12-28-13-v1/stereo_left/EPnPv2_gt_mesh_z_hybrid_labels/3911068154840_0.json,/media/hdd2/ARCL_multicar_bags/camera_dataset/2026-05-05-12-28-13-v1/stereo_left/EPnPv2_gt_mesh_z_hybrid_labels/3911068154840_0.json,T_map_object_raw,T_camera_object_centered,10127.327107850133,3.144899956948179,37.16163672552722
image_3911151985288,1,16,49,0.1875,/media/hdd2/ARCL_multicar_bags/camera_dataset/2026-05-05-12-28-13-v1/stereo_left/EPnPv2_gt_mesh_z_hybrid_labels/3911151985288_0.json,/media/hdd2/ARCL_multicar_bags/camera_dataset/2026-05-05-12-28-13-v1/stereo_left/EPnPv2_gt_mesh_z_hybrid_labels/3911151985288_0.json,T_map_object_raw,T_camera_object_centered,14987.61482636718,3.7950789038666692,24.68137331504497
image_3911339005362,1,17,50,0.1796875,/media/hdd2/ARCL_multicar_bags/camera_dataset/2026-05-05-12-28-13-v1/stereo_left/EPnPv2_gt_mesh_z_hybrid_labels/3911339005362_0.json,/media/hdd2/ARCL_multicar_bags/camera_dataset/2026-05-05-12-28-13-v1/stereo_left/EPnPv2_gt_mesh_z_hybrid_labels/3911339005362_0.json,T_map_object_raw,T_camera_object_centered,13354.356306896689,2.347409438571983,24.786262081382894
image_3912040577642,1,18,51,0.1328125,/media/hdd2/ARCL_multicar_bags/camera_dataset/2026-05-05-12-28-13-v1/stereo_left/EPnPv2_gt_mesh_z_hybrid_labels/3912040577642_0.json,/media/hdd2/ARCL_multicar_bags/camera_dataset/2026-05-05-12-28-13-v1/stereo_left/EPnPv2_gt_mesh_z_hybrid_labels/3912040577642_0.json,T_map_object_raw,T_camera_object_centered,11411.176745809527,2.0077769076031795,26.957328169326658
image_3912614827136,1,19,52,0.1875,/media/hdd2/ARCL_multicar_bags/camera_dataset/2026-05-05-12-28-13-v1/stereo_left/EPnPv2_gt_mesh_z_hybrid_labels/3912614827136_0.json,/media/hdd2/ARCL_multicar_bags/camera_dataset/2026-05-05-12-28-13-v1/stereo_left/EPnPv2_gt_mesh_z_hybrid_labels/3912614827136_0.json,T_map_object_raw,T_camera_object_centered,10450.487369675864,1.960827077607361,30.44679749757068
image_3913239796719,1,20,54,0.1796875,/media/hdd2/ARCL_multicar_bags/camera_dataset/2026-05-05-12-28-13-v1/stereo_left/EPnPv2_gt_mesh_z_hybrid_labels/3913239796719_0.json,/media/hdd2/ARCL_multicar_bags/camera_dataset/2026-05-05-12-28-13-v1/stereo_left/EPnPv2_gt_mesh_z_hybrid_labels/3913239796719_0.json,T_map_object_raw,T_camera_object_centered,10428.7950502786,2.137495862111767,24.629099888172068
image_3913833677897,1,21,55,0.171875,/media/hdd2/ARCL_multicar_bags/camera_dataset/2026-05-05-12-28-13-v1/stereo_left/EPnPv2_gt_mesh_z_hybrid_labels/3913833677897_0.json,/media/hdd2/ARCL_multicar_bags/camera_dataset/2026-05-05-12-28-13-v1/stereo_left/EPnPv2_gt_mesh_z_hybrid_labels/3913833677897_0.json,T_map_object_raw,T_camera_object_centered,12644.65098519553,2.430952699578785,32.402846225612336
image_3915345471742,1,22,56,0.1171875,/media/hdd2/ARCL_multicar_bags/camera_dataset/2026-05-05-12-28-13-v1/stereo_left/EPnPv2_gt_mesh_z_hybrid_labels/3915345471742_0.json,/media/hdd2/ARCL_multicar_bags/camera_dataset/2026-05-05-12-28-13-v1/stereo_left/EPnPv2_gt_mesh_z_hybrid_labels/3915345471742_0.json,T_map_object_raw,T_camera_object_centered,13713.940097493396,2.5262007692626227,22.80446439663364
image_3929834825571,1,31,66,0.15234375,/media/hdd2/ARCL_multicar_bags/camera_dataset/2026-05-05-12-28-13-v1/stereo_left/EPnPv2_gt_mesh_z_hybrid_labels/3929834825571_0.json,/media/hdd2/ARCL_multicar_bags/camera_dataset/2026-05-05-12-28-13-v1/stereo_left/EPnPv2_gt_mesh_z_hybrid_labels/3929834825571_0.json,T_map_object_raw,T_camera_object_centered,11626.24170926142,3.9487503076078663,21.4166232119928
image_3930024138355,1,32,67,0.1484375,/media/hdd2/ARCL_multicar_bags/camera_dataset/2026-05-05-12-28-13-v1/stereo_left/EPnPv2_gt_mesh_z_hybrid_labels/3930024138355_0.json,/media/hdd2/ARCL_multicar_bags/camera_dataset/2026-05-05-12-28-13-v1/stereo_left/EPnPv2_gt_mesh_z_hybrid_labels/3930024138355_0.json,T_map_object_raw,T_camera_object_centered,15431.905559018916,1.8883918349500268,18.250562972277958
image_3930534443151,1,33,68,0.1171875,/media/hdd2/ARCL_multicar_bags/camera_dataset/2026-05-05-12-28-13-v1/stereo_left/EPnPv2_gt_mesh_z_hybrid_labels/3930534443151_0.json,/media/hdd2/ARCL_multicar_bags/camera_dataset/2026-05-05-12-28-13-v1/stereo_left/EPnPv2_gt_mesh_z_hybrid_labels/3930534443151_0.json,T_map_object_raw,T_camera_object_centered,14775.830117877447,1.8114299050846392,17.3788552094723
image_3932853000573,1,37,72,0.125,/media/hdd2/ARCL_multicar_bags/camera_dataset/2026-05-05-12-28-13-v1/stereo_left/EPnPv2_gt_mesh_z_hybrid_labels/3932853000573_0.json,/media/hdd2/ARCL_multicar_bags/camera_dataset/2026-05-05-12-28-13-v1/stereo_left/EPnPv2_gt_mesh_z_hybrid_labels/3932853000573_0.json,T_map_object_raw,T_camera_object_centered,16344.278411384443,2.3941266149033207,21.229175701157374
image_3935156554747,1,39,74,0.0859375,/media/hdd2/ARCL_multicar_bags/camera_dataset/2026-05-05-12-28-13-v1/stereo_left/EPnPv2_gt_mesh_z_hybrid_labels/3935156554747_0.json,/media/hdd2/ARCL_multicar_bags/camera_dataset/2026-05-05-12-28-13-v1/stereo_left/EPnPv2_gt_mesh_z_hybrid_labels/3935156554747_0.json,T_map_object_raw,T_camera_object_centered,13920.35928454086,9.782195551242951,15.660497585086146
image_3937639173852,1,42,78,0.08984375,/media/hdd2/ARCL_multicar_bags/camera_dataset/2026-05-05-12-28-13-v1/stereo_left/EPnPv2_gt_mesh_z_hybrid_labels/3937639173852_0.json,/media/hdd2/ARCL_multicar_bags/camera_dataset/2026-05-05-12-28-13-v1/stereo_left/EPnPv2_gt_mesh_z_hybrid_labels/3937639173852_0.json,T_map_object_raw,T_camera_object_centered,13435.863323467007,5.9613240550106195,21.898869215288766
image_3938556130665,1,45,81,0.08203125,/media/hdd2/ARCL_multicar_bags/camera_dataset/2026-05-05-12-28-13-v1/stereo_left/EPnPv2_gt_mesh_z_hybrid_labels/3938556130665_0.json,/media/hdd2/ARCL_multicar_bags/camera_dataset/2026-05-05-12-28-13-v1/stereo_left/EPnPv2_gt_mesh_z_hybrid_labels/3938556130665_0.json,T_map_object_raw,T_camera_object_centered,11585.748850096254,13.85211051461917,25.3252756401709
image_3944958782335,1,47,83,0.1796875,/media/hdd2/ARCL_multicar_bags/camera_dataset/2026-05-05-12-28-13-v1/stereo_left/EPnPv2_gt_mesh_z_hybrid_labels/3944958782335_0.json,/media/hdd2/ARCL_multicar_bags/camera_dataset/2026-05-05-12-28-13-v1/stereo_left/EPnPv2_gt_mesh_z_hybrid_labels/3944958782335_0.json,T_map_object_raw,T_camera_object_centered,14682.983784908303,9.026004394741994,15.651249478346182
image_3945930311597,1,49,85,0.13671875,/media/hdd2/ARCL_multicar_bags/camera_dataset/2026-05-05-12-28-13-v1/stereo_left/EPnPv2_gt_mesh_z_hybrid_labels/3945930311597_0.json,/media/hdd2/ARCL_multicar_bags/camera_dataset/2026-05-05-12-28-13-v1/stereo_left/EPnPv2_gt_mesh_z_hybrid_labels/3945930311597_0.json,T_map_object_raw,T_camera_object_centered,16030.912597290131,5.986969271264086,4.898889201220418
image_3962524706922,1,57,94,0.1484375,/media/hdd2/ARCL_multicar_bags/camera_dataset/2026-05-05-12-28-13-v1/stereo_left/EPnPv2_gt_mesh_z_hybrid_labels/3962524706922_0.json,/media/hdd2/ARCL_multicar_bags/camera_dataset/2026-05-05-12-28-13-v1/stereo_left/EPnPv2_gt_mesh_z_hybrid_labels/3962524706922_0.json,T_map_object_raw,T_camera_object_centered,10130.73234232743,18.735540678694843,34.65271913741678
image_3963129275098,1,58,95,0.1171875,/media/hdd2/ARCL_multicar_bags/camera_dataset/2026-05-05-12-28-13-v1/stereo_left/EPnPv2_gt_mesh_z_hybrid_labels/3963129275098_0.json,/media/hdd2/ARCL_multicar_bags/camera_dataset/2026-05-05-12-28-13-v1/stereo_left/EPnPv2_gt_mesh_z_hybrid_labels/3963129275098_0.json,T_map_object_raw,T_camera_object_centered,15236.061066687686,18.90776918950832,28.723842116051806
image_4012158161625,1,78,117,0.1953125,/media/hdd2/ARCL_multicar_bags/camera_dataset/2026-05-05-12-28-13-v1/stereo_left/EPnPv2_gt_mesh_z_hybrid_labels/4012158161625_0.json,/media/hdd2/ARCL_multicar_bags/camera_dataset/2026-05-05-12-28-13-v1/stereo_left/EPnPv2_gt_mesh_z_hybrid_labels/4012158161625_0.json,T_map_object_raw,T_camera_object_centered,15390.350500569935,6.84249923284953,20.96016599133557
image_4021361352479,1,80,120,0.15625,/media/hdd2/ARCL_multicar_bags/camera_dataset/2026-05-05-12-28-13-v1/stereo_left/EPnPv2_gt_mesh_z_hybrid_labels/4021361352479_0.json,/media/hdd2/ARCL_multicar_bags/camera_dataset/2026-05-05-12-28-13-v1/stereo_left/EPnPv2_gt_mesh_z_hybrid_labels/4021361352479_0.json,T_map_object_raw,T_camera_object_centered,13389.278503569487,3.4983607581117213,38.35355727085803
image_4021452023682,1,81,121,0.125,/media/hdd2/ARCL_multicar_bags/camera_dataset/2026-05-05-12-28-13-v1/stereo_left/EPnPv2_gt_mesh_z_hybrid_labels/4021452023682_0.json,/media/hdd2/ARCL_multicar_bags/camera_dataset/2026-05-05-12-28-13-v1/stereo_left/EPnPv2_gt_mesh_z_hybrid_labels/4021452023682_0.json,T_map_object_raw,T_camera_object_centered,12246.311545993138,1.9820539313405896,41.320816523167075
image_4036049466422,1,82,122,0.1484375,/media/hdd2/ARCL_multicar_bags/camera_dataset/2026-05-05-12-28-13-v1/stereo_left/EPnPv2_gt_mesh_z_hybrid_labels/4036049466422_0.json,/media/hdd2/ARCL_multicar_bags/camera_dataset/2026-05-05-12-28-13-v1/stereo_left/EPnPv2_gt_mesh_z_hybrid_labels/4036049466422_0.json,T_map_object_raw,T_camera_object_centered,12705.710660858838,3.6788618783862566,22.21867848218783
image_4040570454465,1,83,123,0.2109375,/media/hdd2/ARCL_multicar_bags/camera_dataset/2026-05-05-12-28-13-v1/stereo_left/EPnPv2_gt_mesh_z_hybrid_labels/4040570454465_0.json,/media/hdd2/ARCL_multicar_bags/camera_dataset/2026-05-05-12-28-13-v1/stereo_left/EPnPv2_gt_mesh_z_hybrid_labels/4040570454465_0.json,T_map_object_raw,T_camera_object_centered,13919.995942173447,2.4103837687265353,18.57671405769846
image_4040677910305,1,84,124,0.2109375,/media/hdd2/ARCL_multicar_bags/camera_dataset/2026-05-05-12-28-13-v1/stereo_left/EPnPv2_gt_mesh_z_hybrid_labels/4040677910305_0.json,/media/hdd2/ARCL_multicar_bags/camera_dataset/2026-05-05-12-28-13-v1/stereo_left/EPnPv2_gt_mesh_z_hybrid_labels/4040677910305_0.json,T_map_object_raw,T_camera_object_centered,11926.410280584383,2.9382005799511877,14.883824650460602
image_4041168170136,1,85,125,0.19140625,/media/hdd2/ARCL_multicar_bags/camera_dataset/2026-05-05-12-28-13-v1/stereo_left/EPnPv2_gt_mesh_z_hybrid_labels/4041168170136_0.json,/media/hdd2/ARCL_multicar_bags/camera_dataset/2026-05-05-12-28-13-v1/stereo_left/EPnPv2_gt_mesh_z_hybrid_labels/4041168170136_0.json,T_map_object_raw,T_camera_object_centered,16542.501805123815,3.5295805657340895,15.96676978962266
image_4041789670335,1,86,126,0.1953125,/media/hdd2/ARCL_multicar_bags/camera_dataset/2026-05-05-12-28-13-v1/stereo_left/EPnPv2_gt_mesh_z_hybrid_labels/4041789670335_0.json,/media/hdd2/ARCL_multicar_bags/camera_dataset/2026-05-05-12-28-13-v1/stereo_left/EPnPv2_gt_mesh_z_hybrid_labels/4041789670335_0.json,T_map_object_raw,T_camera_object_centered,16140.997957158585,2.681554622660962,15.63374581377218
image_4041840597535,1,87,127,0.16015625,/media/hdd2/ARCL_multicar_bags/camera_dataset/2026-05-05-12-28-13-v1/stereo_left/EPnPv2_gt_mesh_z_hybrid_labels/4041840597535_0.json,/media/hdd2/ARCL_multicar_bags/camera_dataset/2026-05-05-12-28-13-v1/stereo_left/EPnPv2_gt_mesh_z_hybrid_labels/4041840597535_0.json,T_map_object_raw,T_camera_object_centered,14370.09422260913,2.515928872746975,12.07533328122191
image_4043449705874,1,89,129,0.19921875,/media/hdd2/ARCL_multicar_bags/camera_dataset/2026-05-05-12-28-13-v1/stereo_left/EPnPv2_gt_mesh_z_hybrid_labels/4043449705874_0.json,/media/hdd2/ARCL_multicar_bags/camera_dataset/2026-05-05-12-28-13-v1/stereo_left/EPnPv2_gt_mesh_z_hybrid_labels/4043449705874_0.json,T_map_object_raw,T_camera_object_centered,11801.78572190718,2.968561662526156,12.521988027906815
image_4043948270234,1,90,131,0.21875,/media/hdd2/ARCL_multicar_bags/camera_dataset/2026-05-05-12-28-13-v1/stereo_left/EPnPv2_gt_mesh_z_hybrid_labels/4043948270234_0.json,/media/hdd2/ARCL_multicar_bags/camera_dataset/2026-05-05-12-28-13-v1/stereo_left/EPnPv2_gt_mesh_z_hybrid_labels/4043948270234_0.json,T_map_object_raw,T_camera_object_centered,11190.23955225918,3.269316560861407,12.596826658781659
image_4044540460617,1,91,132,0.21484375,/media/hdd2/ARCL_multicar_bags/camera_dataset/2026-05-05-12-28-13-v1/stereo_left/EPnPv2_gt_mesh_z_hybrid_labels/4044540460617_0.json,/media/hdd2/ARCL_multicar_bags/camera_dataset/2026-05-05-12-28-13-v1/stereo_left/EPnPv2_gt_mesh_z_hybrid_labels/4044540460617_0.json,T_map_object_raw,T_camera_object_centered,9651.023190301445,2.4815835707100065,13.82347021033843
image_4045860991764,1,92,133,0.19921875,/media/hdd2/ARCL_multicar_bags/camera_dataset/2026-05-05-12-28-13-v1/stereo_left/EPnPv2_gt_mesh_z_hybrid_labels/4045860991764_0.json,/media/hdd2/ARCL_multicar_bags/camera_dataset/2026-05-05-12-28-13-v1/stereo_left/EPnPv2_gt_mesh_z_hybrid_labels/4045860991764_0.json,T_map_object_raw,T_camera_object_centered,9565.501575409906,2.0242213073057083,11.068359296592826
image_4046375822424,1,93,134,0.14453125,/media/hdd2/ARCL_multicar_bags/camera_dataset/2026-05-05-12-28-13-v1/stereo_left/EPnPv2_gt_mesh_z_hybrid_labels/4046375822424_0.json,/media/hdd2/ARCL_multicar_bags/camera_dataset/2026-05-05-12-28-13-v1/stereo_left/EPnPv2_gt_mesh_z_hybrid_labels/4046375822424_0.json,T_map_object_raw,T_camera_object_centered,11710.92044864438,4.383136282815119,11.394903244813223
image_4046837657000,1,94,135,0.17578125,/media/hdd2/ARCL_multicar_bags/camera_dataset/2026-05-05-12-28-13-v1/stereo_left/EPnPv2_gt_mesh_z_hybrid_labels/4046837657000_0.json,/media/hdd2/ARCL_multicar_bags/camera_dataset/2026-05-05-12-28-13-v1/stereo_left/EPnPv2_gt_mesh_z_hybrid_labels/4046837657000_0.json,T_map_object_raw,T_camera_object_centered,12066.740251199308,8.201001413096076,10.070866568250135
image_4047445128375,1,95,136,0.234375,/media/hdd2/ARCL_multicar_bags/camera_dataset/2026-05-05-12-28-13-v1/stereo_left/EPnPv2_gt_mesh_z_hybrid_labels/4047445128375_0.json,/media/hdd2/ARCL_multicar_bags/camera_dataset/2026-05-05-12-28-13-v1/stereo_left/EPnPv2_gt_mesh_z_hybrid_labels/4047445128375_0.json,T_map_object_raw,T_camera_object_centered,14490.783451122245,11.501784087378377,8.122463486769215
image_4093113454371,1,113,17,0.1171875,/media/hdd2/ARCL_multicar_bags/camera_dataset/2026-05-05-12-28-13-v1/stereo_left/EPnPv2_gt_mesh_z_hybrid_labels/4093113454371_0.json,/media/hdd2/ARCL_multicar_bags/camera_dataset/2026-05-05-12-28-13-v1/stereo_left/EPnPv2_gt_mesh_z_hybrid_labels/4093113454371_0.json,T_map_object_raw,T_camera_object_centered,13875.505966620352,13.961216891301248,31.76396068885113
image_4093397755809,1,114,18,0.09375,/media/hdd2/ARCL_multicar_bags/camera_dataset/2026-05-05-12-28-13-v1/stereo_left/EPnPv2_gt_mesh_z_hybrid_labels/4093397755809_0.json,/media/hdd2/ARCL_multicar_bags/camera_dataset/2026-05-05-12-28-13-v1/stereo_left/EPnPv2_gt_mesh_z_hybrid_labels/4093397755809_0.json,T_map_object_raw,T_camera_object_centered,15436.121251216151,4.680078955507778,36.15384162447436
image_4093470271605,1,115,19,0.12890625,/media/hdd2/ARCL_multicar_bags/camera_dataset/2026-05-05-12-28-13-v1/stereo_left/EPnPv2_gt_mesh_z_hybrid_labels/4093470271605_0.json,/media/hdd2/ARCL_multicar_bags/camera_dataset/2026-05-05-12-28-13-v1/stereo_left/EPnPv2_gt_mesh_z_hybrid_labels/4093470271605_0.json,T_map_object_raw,T_camera_object_centered,16654.86038923893,4.4807129170449285,36.74538219962724
image_4093744353314,1,116,20,0.1171875,/media/hdd2/ARCL_multicar_bags/camera_dataset/2026-05-05-12-28-13-v1/stereo_left/EPnPv2_gt_mesh_z_hybrid_labels/4093744353314_0.json,/media/hdd2/ARCL_multicar_bags/camera_dataset/2026-05-05-12-28-13-v1/stereo_left/EPnPv2_gt_mesh_z_hybrid_labels/4093744353314_0.json,T_map_object_raw,T_camera_object_centered,9736.35023800991,4.763119517839207,46.189853515834855
image_4124548263816,1,121,26,0.0703125,/media/hdd2/ARCL_multicar_bags/camera_dataset/2026-05-05-12-28-13-v1/stereo_left/EPnPv2_gt_mesh_z_hybrid_labels/4124548263816_0.json,/media/hdd2/ARCL_multicar_bags/camera_dataset/2026-05-05-12-28-13-v1/stereo_left/EPnPv2_gt_mesh_z_hybrid_labels/4124548263816_0.json,T_map_object_raw,T_camera_object_centered,13184.448694255274,1.4959100619447205,4.017180156995572
image_3600107489630,1,0,0,0.1953125,/media/hdd2/ARCL_multicar_bags/camera_dataset/2026-05-18-v0/stereo_left/EPnPv2_gt_mesh_z_hybrid_labels/3600107489630_0.json,/media/hdd2/ARCL_multicar_bags/camera_dataset/2026-05-18-v0/stereo_left/EPnPv2_gt_mesh_z_hybrid_labels/3600107489630_0.json,T_map_object_raw,T_camera_object_centered,14376.044017637587,3.946600567611415,106.69271949285225
image_3600203600833,1,1,1,0.2109375,/media/hdd2/ARCL_multicar_bags/camera_dataset/2026-05-18-v0/stereo_left/EPnPv2_gt_mesh_z_hybrid_labels/3600203600833_0.json,/media/hdd2/ARCL_multicar_bags/camera_dataset/2026-05-18-v0/stereo_left/EPnPv2_gt_mesh_z_hybrid_labels/3600203600833_0.json,T_map_object_raw,T_camera_object_centered,14485.139286052243,4.082491886117498,54.46983146868605
image_3600322831079,1,2,112,0.19921875,/media/hdd2/ARCL_multicar_bags/camera_dataset/2026-05-18-v0/stereo_left/EPnPv2_gt_mesh_z_hybrid_labels/3600322831079_0.json,/media/hdd2/ARCL_multicar_bags/camera_dataset/2026-05-18-v0/stereo_left/EPnPv2_gt_mesh_z_hybrid_labels/3600322831079_0.json,T_map_object_raw,T_camera_object_centered,14477.41336118068,4.376017308549206,52.653131652988215
image_3600402805121,1,3,223,0.2109375,/media/hdd2/ARCL_multicar_bags/camera_dataset/2026-05-18-v0/stereo_left/EPnPv2_gt_mesh_z_hybrid_labels/3600402805121_0.json,/media/hdd2/ARCL_multicar_bags/camera_dataset/2026-05-18-v0/stereo_left/EPnPv2_gt_mesh_z_hybrid_labels/3600402805121_0.json,T_map_object_raw,T_camera_object_centered,13189.997426495114,4.164285586543991,48.18670839185078
image_3600505714307,1,4,334,0.1875,/media/hdd2/ARCL_multicar_bags/camera_dataset/2026-05-18-v0/stereo_left/EPnPv2_gt_mesh_z_hybrid_labels/3600505714307_0.json,/media/hdd2/ARCL_multicar_bags/camera_dataset/2026-05-18-v0/stereo_left/EPnPv2_gt_mesh_z_hybrid_labels/3600505714307_0.json,T_map_object_raw,T_camera_object_centered,13177.967170412587,3.620244676517001,49.431919054228274
image_3600643201359,1,5,443,0.2109375,/media/hdd2/ARCL_multicar_bags/camera_dataset/2026-05-18-v0/stereo_left/EPnPv2_gt_mesh_z_hybrid_labels/3600643201359_0.json,/media/hdd2/ARCL_multicar_bags/camera_dataset/2026-05-18-v0/stereo_left/EPnPv2_gt_mesh_z_hybrid_labels/3600643201359_0.json,T_map_object_raw,T_camera_object_centered,14381.673449560196,4.030068194846839,41.98837022166652
image_3600704249936,1,6,454,0.20703125,/media/hdd2/ARCL_multicar_bags/camera_dataset/2026-05-18-v0/stereo_left/EPnPv2_gt_mesh_z_hybrid_labels/3600704249936_0.json,/media/hdd2/ARCL_multicar_bags/camera_dataset/2026-05-18-v0/stereo_left/EPnPv2_gt_mesh_z_hybrid_labels/3600704249936_0.json,T_map_object_raw,T_camera_object_centered,13596.983115491174,3.421531221401729,40.80159740800194
image_3600853977292,1,7,465,0.23046875,/media/hdd2/ARCL_multicar_bags/camera_dataset/2026-05-18-v0/stereo_left/EPnPv2_gt_mesh_z_hybrid_labels/3600853977292_0.json,/media/hdd2/ARCL_multicar_bags/camera_dataset/2026-05-18-v0/stereo_left/EPnPv2_gt_mesh_z_hybrid_labels/3600853977292_0.json,T_map_object_raw,T_camera_object_centered,13560.174662092266,3.298608982364619,34.148826585679416
image_3600902708820,1,8,476,0.1875,/media/hdd2/ARCL_multicar_bags/camera_dataset/2026-05-18-v0/stereo_left/EPnPv2_gt_mesh_z_hybrid_labels/3600902708820_0.json,/media/hdd2/ARCL_multicar_bags/camera_dataset/2026-05-18-v0/stereo_left/EPnPv2_gt_mesh_z_hybrid_labels/3600902708820_0.json,T_map_object_raw,T_camera_object_centered,14169.302663244636,2.8903239779771415,45.07634294783994
image_3601007632780,1,9,487,0.19921875,/media/hdd2/ARCL_multicar_bags/camera_dataset/2026-05-18-v0/stereo_left/EPnPv2_gt_mesh_z_hybrid_labels/3601007632780_0.json,/media/hdd2/ARCL_multicar_bags/camera_dataset/2026-05-18-v0/stereo_left/EPnPv2_gt_mesh_z_hybrid_labels/3601007632780_0.json,T_map_object_raw,T_camera_object_centered,15055.43813843775,2.641125540117933,43.45199982844456
image_3601104255702,1,10,2,0.2109375,/media/hdd2/ARCL_multicar_bags/camera_dataset/2026-05-18-v0/stereo_left/EPnPv2_gt_mesh_z_hybrid_labels/3601104255702_0.json,/media/hdd2/ARCL_multicar_bags/camera_dataset/2026-05-18-v0/stereo_left/EPnPv2_gt_mesh_z_hybrid_labels/3601104255702_0.json,T_map_object_raw,T_camera_object_centered,14467.138272490154,3.1767647406922515,50.683163898782944
image_3601203060218,1,11,13,0.19921875,/media/hdd2/ARCL_multicar_bags/camera_dataset/2026-05-18-v0/stereo_left/EPnPv2_gt_mesh_z_hybrid_labels/3601203060218_0.json,/media/hdd2/ARCL_multicar_bags/camera_dataset/2026-05-18-v0/stereo_left/EPnPv2_gt_mesh_z_hybrid_labels/3601203060218_0.json,T_map_object_raw,T_camera_object_centered,18192.265414788628,3.6833070219322193,46.50127816042414
image_3601302713968,1,12,24,0.1953125,/media/hdd2/ARCL_multicar_bags/camera_dataset/2026-05-18-v0/stereo_left/EPnPv2_gt_mesh_z_hybrid_labels/3601302713968_0.json,/media/hdd2/ARCL_multicar_bags/camera_dataset/2026-05-18-v0/stereo_left/EPnPv2_gt_mesh_z_hybrid_labels/3601302713968_0.json,T_map_object_raw,T_camera_object_centered,14613.412004254344,2.5757433978592985,47.816464906976734
image_3601445101159,1,13,35,0.23828125,/media/hdd2/ARCL_multicar_bags/camera_dataset/2026-05-18-v0/stereo_left/EPnPv2_gt_mesh_z_hybrid_labels/3601445101159_0.json,/media/hdd2/ARCL_multicar_bags/camera_dataset/2026-05-18-v0/stereo_left/EPnPv2_gt_mesh_z_hybrid_labels/3601445101159_0.json,T_map_object_raw,T_camera_object_centered,12309.760942916671,2.24318371006231,37.88790068934524
image_3601503075608,1,14,46,0.23046875,/media/hdd2/ARCL_multicar_bags/camera_dataset/2026-05-18-v0/stereo_left/EPnPv2_gt_mesh_z_hybrid_labels/3601503075608_0.json,/media/hdd2/ARCL_multicar_bags/camera_dataset/2026-05-18-v0/stereo_left/EPnPv2_gt_mesh_z_hybrid_labels/3601503075608_0.json,T_map_object_raw,T_camera_object_centered,13173.148910410036,2.6609399161860905,42.983527667254464
image_3601736218770,1,15,57,0.2421875,/media/hdd2/ARCL_multicar_bags/camera_dataset/2026-05-18-v0/stereo_left/EPnPv2_gt_mesh_z_hybrid_labels/3601736218770_0.json,/media/hdd2/ARCL_multicar_bags/camera_dataset/2026-05-18-v0/stereo_left/EPnPv2_gt_mesh_z_hybrid_labels/3601736218770_0.json,T_map_object_raw,T_camera_object_centered,16005.324532635457,1.6415964470415063,36.549631355500175
image_3601803542061,1,16,68,0.203125,/media/hdd2/ARCL_multicar_bags/camera_dataset/2026-05-18-v0/stereo_left/EPnPv2_gt_mesh_z_hybrid_labels/3601803542061_0.json,/media/hdd2/ARCL_multicar_bags/camera_dataset/2026-05-18-v0/stereo_left/EPnPv2_gt_mesh_z_hybrid_labels/3601803542061_0.json,T_map_object_raw,T_camera_object_centered,14923.956889136312,2.0383100067622837,37.19929157221615
image_3602013587014,1,17,79,0.23828125,/media/hdd2/ARCL_multicar_bags/camera_dataset/2026-05-18-v0/stereo_left/EPnPv2_gt_mesh_z_hybrid_labels/3602013587014_0.json,/media/hdd2/ARCL_multicar_bags/camera_dataset/2026-05-18-v0/stereo_left/EPnPv2_gt_mesh_z_hybrid_labels/3602013587014_0.json,T_map_object_raw,T_camera_object_centered,15542.465234651345,1.3016706653922359,34.77589129267564
image_3602107606651,1,18,90,0.2265625,/media/hdd2/ARCL_multicar_bags/camera_dataset/2026-05-18-v0/stereo_left/EPnPv2_gt_mesh_z_hybrid_labels/3602107606651_0.json,/media/hdd2/ARCL_multicar_bags/camera_dataset/2026-05-18-v0/stereo_left/EPnPv2_gt_mesh_z_hybrid_labels/3602107606651_0.json,T_map_object_raw,T_camera_object_centered,14431.05571830448,1.6551216039423813,34.13279817204498
image_3602205902255,1,19,101,0.21484375,/media/hdd2/ARCL_multicar_bags/camera_dataset/2026-05-18-v0/stereo_left/EPnPv2_gt_mesh_z_hybrid_labels/3602205902255_0.json,/media/hdd2/ARCL_multicar_bags/camera_dataset/2026-05-18-v0/stereo_left/EPnPv2_gt_mesh_z_hybrid_labels/3602205902255_0.json,T_map_object_raw,T_camera_object_centered,13671.858212191102,1.6278230498738615,34.91040962449053
image_3602306587366,1,20,113,0.2265625,/media/hdd2/ARCL_multicar_bags/camera_dataset/2026-05-18-v0/stereo_left/EPnPv2_gt_mesh_z_hybrid_labels/3602306587366_0.json,/media/hdd2/ARCL_multicar_bags/camera_dataset/2026-05-18-v0/stereo_left/EPnPv2_gt_mesh_z_hybrid_labels/3602306587366_0.json,T_map_object_raw,T_camera_object_centered,15591.874062356264,1.418183319105418,34.381975227041586
image_3602411661656,1,21,124,0.2421875,/media/hdd2/ARCL_multicar_bags/camera_dataset/2026-05-18-v0/stereo_left/EPnPv2_gt_mesh_z_hybrid_labels/3602411661656_0.json,/media/hdd2/ARCL_multicar_bags/camera_dataset/2026-05-18-v0/stereo_left/EPnPv2_gt_mesh_z_hybrid_labels/3602411661656_0.json,T_map_object_raw,T_camera_object_centered,13653.503678129164,1.7303054679818854,33.633191375329545
image_3602512264144,1,22,135,0.25,/media/hdd2/ARCL_multicar_bags/camera_dataset/2026-05-18-v0/stereo_left/EPnPv2_gt_mesh_z_hybrid_labels/3602512264144_0.json,/media/hdd2/ARCL_multicar_bags/camera_dataset/2026-05-18-v0/stereo_left/EPnPv2_gt_mesh_z_hybrid_labels/3602512264144_0.json,T_map_object_raw,T_camera_object_centered,13698.235251535481,1.913539276514998,31.05842591017759
image_3602613583709,1,23,146,0.2421875,/media/hdd2/ARCL_multicar_bags/camera_dataset/2026-05-18-v0/stereo_left/EPnPv2_gt_mesh_z_hybrid_labels/3602613583709_0.json,/media/hdd2/ARCL_multicar_bags/camera_dataset/2026-05-18-v0/stereo_left/EPnPv2_gt_mesh_z_hybrid_labels/3602613583709_0.json,T_map_object_raw,T_camera_object_centered,13646.976909990579,2.0602787844651087,29.898533929114198
image_3602702558574,1,24,157,0.24609375,/media/hdd2/ARCL_multicar_bags/camera_dataset/2026-05-18-v0/stereo_left/EPnPv2_gt_mesh_z_hybrid_labels/3602702558574_0.json,/media/hdd2/ARCL_multicar_bags/camera_dataset/2026-05-18-v0/stereo_left/EPnPv2_gt_mesh_z_hybrid_labels/3602702558574_0.json,T_map_object_raw,T_camera_object_centered,13655.432332403712,1.6793875725482286,31.325247193915317
image_3602804442302,1,25,168,0.234375,/media/hdd2/ARCL_multicar_bags/camera_dataset/2026-05-18-v0/stereo_left/EPnPv2_gt_mesh_z_hybrid_labels/3602804442302_0.json,/media/hdd2/ARCL_multicar_bags/camera_dataset/2026-05-18-v0/stereo_left/EPnPv2_gt_mesh_z_hybrid_labels/3602804442302_0.json,T_map_object_raw,T_camera_object_centered,18153.673565635225,1.705722770958167,28.60913752687348
image_3602903995017,1,26,179,0.2421875,/media/hdd2/ARCL_multicar_bags/camera_dataset/2026-05-18-v0/stereo_left/EPnPv2_gt_mesh_z_hybrid_labels/3602903995017_0.json,/media/hdd2/ARCL_multicar_bags/camera_dataset/2026-05-18-v0/stereo_left/EPnPv2_gt_mesh_z_hybrid_labels/3602903995017_0.json,T_map_object_raw,T_camera_object_centered,15295.980743108265,2.5389781849693795,33.12507956835757
image_3603008570884,1,27,190,0.2265625,/media/hdd2/ARCL_multicar_bags/camera_dataset/2026-05-18-v0/stereo_left/EPnPv2_gt_mesh_z_hybrid_labels/3603008570884_0.json,/media/hdd2/ARCL_multicar_bags/camera_dataset/2026-05-18-v0/stereo_left/EPnPv2_gt_mesh_z_hybrid_labels/3603008570884_0.json,T_map_object_raw,T_camera_object_centered,12551.057946023939,2.1543103438881572,32.6885382774721
image_3603103308093,1,28,201,0.234375,/media/hdd2/ARCL_multicar_bags/camera_dataset/2026-05-18-v0/stereo_left/EPnPv2_gt_mesh_z_hybrid_labels/3603103308093_0.json,/media/hdd2/ARCL_multicar_bags/camera_dataset/2026-05-18-v0/stereo_left/EPnPv2_gt_mesh_z_hybrid_labels/3603103308093_0.json,T_map_object_raw,T_camera_object_centered,15244.954085717558,2.067736444199267,27.859916420855015
image_3603207510458,1,29,212,0.23828125,/media/hdd2/ARCL_multicar_bags/camera_dataset/2026-05-18-v0/stereo_left/EPnPv2_gt_mesh_z_hybrid_labels/3603207510458_0.json,/media/hdd2/ARCL_multicar_bags/camera_dataset/2026-05-18-v0/stereo_left/EPnPv2_gt_mesh_z_hybrid_labels/3603207510458_0.json,T_map_object_raw,T_camera_object_centered,16583.971579762227,1.9377482104912662,27.355794866241524
image_3603429914372,1,31,235,0.25,/media/hdd2/ARCL_multicar_bags/camera_dataset/2026-05-18-v0/stereo_left/EPnPv2_gt_mesh_z_hybrid_labels/3603429914372_0.json,/media/hdd2/ARCL_multicar_bags/camera_dataset/2026-05-18-v0/stereo_left/EPnPv2_gt_mesh_z_hybrid_labels/3603429914372_0.json,T_map_object_raw,T_camera_object_centered,16700.672893418778,2.1433873687685305,25.557433753035742
image_3603506219751,1,32,246,0.2421875,/media/hdd2/ARCL_multicar_bags/camera_dataset/2026-05-18-v0/stereo_left/EPnPv2_gt_mesh_z_hybrid_labels/3603506219751_0.json,/media/hdd2/ARCL_multicar_bags/camera_dataset/2026-05-18-v0/stereo_left/EPnPv2_gt_mesh_z_hybrid_labels/3603506219751_0.json,T_map_object_raw,T_camera_object_centered,16843.18315576164,2.0861671898063463,26.25916108303332
image_3603625903907,1,33,257,0.25,/media/hdd2/ARCL_multicar_bags/camera_dataset/2026-05-18-v0/stereo_left/EPnPv2_gt_mesh_z_hybrid_labels/3603625903907_0.json,/media/hdd2/ARCL_multicar_bags/camera_dataset/2026-05-18-v0/stereo_left/EPnPv2_gt_mesh_z_hybrid_labels/3603625903907_0.json,T_map_object_raw,T_camera_object_centered,17186.826819102826,2.264267850654584,26.580126311100315
image_3603714766437,1,34,268,0.23828125,/media/hdd2/ARCL_multicar_bags/camera_dataset/2026-05-18-v0/stereo_left/EPnPv2_gt_mesh_z_hybrid_labels/3603714766437_0.json,/media/hdd2/ARCL_multicar_bags/camera_dataset/2026-05-18-v0/stereo_left/EPnPv2_gt_mesh_z_hybrid_labels/3603714766437_0.json,T_map_object_raw,T_camera_object_centered,16489.74117934009,2.1949785679365004,27.070651384265695
image_3604010018590,1,36,290,0.265625,/media/hdd2/ARCL_multicar_bags/camera_dataset/2026-05-18-v0/stereo_left/EPnPv2_gt_mesh_z_hybrid_labels/3604010018590_0.json,/media/hdd2/ARCL_multicar_bags/camera_dataset/2026-05-18-v0/stereo_left/EPnPv2_gt_mesh_z_hybrid_labels/3604010018590_0.json,T_map_object_raw,T_camera_object_centered,12627.57633391187,2.1188251712965585,30.386049294125442
image_3604117900239,1,37,301,0.23046875,/media/hdd2/ARCL_multicar_bags/camera_dataset/2026-05-18-v0/stereo_left/EPnPv2_gt_mesh_z_hybrid_labels/3604117900239_0.json,/media/hdd2/ARCL_multicar_bags/camera_dataset/2026-05-18-v0/stereo_left/EPnPv2_gt_mesh_z_hybrid_labels/3604117900239_0.json,T_map_object_raw,T_camera_object_centered,14521.404413443754,2.061791787987061,30.389201808537692
image_3604234205878,1,38,312,0.2578125,/media/hdd2/ARCL_multicar_bags/camera_dataset/2026-05-18-v0/stereo_left/EPnPv2_gt_mesh_z_hybrid_labels/3604234205878_0.json,/media/hdd2/ARCL_multicar_bags/camera_dataset/2026-05-18-v0/stereo_left/EPnPv2_gt_mesh_z_hybrid_labels/3604234205878_0.json,T_map_object_raw,T_camera_object_centered,14422.304062692003,2.1296278276901135,26.885538345122683
image_3604332355599,1,39,323,0.25390625,/media/hdd2/ARCL_multicar_bags/camera_dataset/2026-05-18-v0/stereo_left/EPnPv2_gt_mesh_z_hybrid_labels/3604332355599_0.json,/media/hdd2/ARCL_multicar_bags/camera_dataset/2026-05-18-v0/stereo_left/EPnPv2_gt_mesh_z_hybrid_labels/3604332355599_0.json,T_map_object_raw,T_camera_object_centered,13211.95854197641,2.387942475291545,26.90216565984865
image_3604406491216,1,40,335,0.25390625,/media/hdd2/ARCL_multicar_bags/camera_dataset/2026-05-18-v0/stereo_left/EPnPv2_gt_mesh_z_hybrid_labels/3604406491216_0.json,/media/hdd2/ARCL_multicar_bags/camera_dataset/2026-05-18-v0/stereo_left/EPnPv2_gt_mesh_z_hybrid_labels/3604406491216_0.json,T_map_object_raw,T_camera_object_centered,13363.555959405123,1.9871246673191525,26.397250693324978
image_3604505403325,1,41,346,0.26171875,/media/hdd2/ARCL_multicar_bags/camera_dataset/2026-05-18-v0/stereo_left/EPnPv2_gt_mesh_z_hybrid_labels/3604505403325_0.json,/media/hdd2/ARCL_multicar_bags/camera_dataset/2026-05-18-v0/stereo_left/EPnPv2_gt_mesh_z_hybrid_labels/3604505403325_0.json,T_map_object_raw,T_camera_object_centered,13463.971281641509,2.3324747922428686,25.075426105272644
image_3605507433744,1,50,444,0.23828125,/media/hdd2/ARCL_multicar_bags/camera_dataset/2026-05-18-v0/stereo_left/EPnPv2_gt_mesh_z_hybrid_labels/3605507433744_0.json,/media/hdd2/ARCL_multicar_bags/camera_dataset/2026-05-18-v0/stereo_left/EPnPv2_gt_mesh_z_hybrid_labels/3605507433744_0.json,T_map_object_raw,T_camera_object_centered,14770.549556344278,1.7521449131026336,30.12936403976417
image_3605604865024,1,51,445,0.25390625,/media/hdd2/ARCL_multicar_bags/camera_dataset/2026-05-18-v0/stereo_left/EPnPv2_gt_mesh_z_hybrid_labels/3605604865024_0.json,/media/hdd2/ARCL_multicar_bags/camera_dataset/2026-05-18-v0/stereo_left/EPnPv2_gt_mesh_z_hybrid_labels/3605604865024_0.json,T_map_object_raw,T_camera_object_centered,14875.19695820664,1.9827290947361487,28.35103889936078
image_3606206438932,1,57,451,0.2578125,/media/hdd2/ARCL_multicar_bags/camera_dataset/2026-05-18-v0/stereo_left/EPnPv2_gt_mesh_z_hybrid_labels/3606206438932_0.json,/media/hdd2/ARCL_multicar_bags/camera_dataset/2026-05-18-v0/stereo_left/EPnPv2_gt_mesh_z_hybrid_labels/3606206438932_0.json,T_map_object_raw,T_camera_object_centered,12420.48255811056,3.994900396546287,26.65299568133768
image_3606302805510,1,58,452,0.25,/media/hdd2/ARCL_multicar_bags/camera_dataset/2026-05-18-v0/stereo_left/EPnPv2_gt_mesh_z_hybrid_labels/3606302805510_0.json,/media/hdd2/ARCL_multicar_bags/camera_dataset/2026-05-18-v0/stereo_left/EPnPv2_gt_mesh_z_hybrid_labels/3606302805510_0.json,T_map_object_raw,T_camera_object_centered,15277.614752530788,4.1630073169217905,23.484192904464823
image_3606606594242,1,60,455,0.26171875,/media/hdd2/ARCL_multicar_bags/camera_dataset/2026-05-18-v0/stereo_left/EPnPv2_gt_mesh_z_hybrid_labels/3606606594242_0.json,/media/hdd2/ARCL_multicar_bags/camera_dataset/2026-05-18-v0/stereo_left/EPnPv2_gt_mesh_z_hybrid_labels/3606606594242_0.json,T_map_object_raw,T_camera_object_centered,17743.87704780683,4.593893267722057,26.085082346774424
image_3606707490781,1,61,456,0.25390625,/media/hdd2/ARCL_multicar_bags/camera_dataset/2026-05-18-v0/stereo_left/EPnPv2_gt_mesh_z_hybrid_labels/3606707490781_0.json,/media/hdd2/ARCL_multicar_bags/camera_dataset/2026-05-18-v0/stereo_left/EPnPv2_gt_mesh_z_hybrid_labels/3606707490781_0.json,T_map_object_raw,T_camera_object_centered,16995.081976333466,4.902121771668385,22.184893877363738
image_3607014866848,1,63,458,0.2421875,/media/hdd2/ARCL_multicar_bags/camera_dataset/2026-05-18-v0/stereo_left/EPnPv2_gt_mesh_z_hybrid_labels/3607014866848_0.json,/media/hdd2/ARCL_multicar_bags/camera_dataset/2026-05-18-v0/stereo_left/EPnPv2_gt_mesh_z_hybrid_labels/3607014866848_0.json,T_map_object_raw,T_camera_object_centered,13603.722041320423,5.898856598837108,21.398483429519423
image_3607114147576,1,64,459,0.25,/media/hdd2/ARCL_multicar_bags/camera_dataset/2026-05-18-v0/stereo_left/EPnPv2_gt_mesh_z_hybrid_labels/3607114147576_0.json,/media/hdd2/ARCL_multicar_bags/camera_dataset/2026-05-18-v0/stereo_left/EPnPv2_gt_mesh_z_hybrid_labels/3607114147576_0.json,T_map_object_raw,T_camera_object_centered,15970.17410872048,6.265025043226638,19.44759399132018
image_3607907374707,1,71,467,0.25,/media/hdd2/ARCL_multicar_bags/camera_dataset/2026-05-18-v0/stereo_left/EPnPv2_gt_mesh_z_hybrid_labels/3607907374707_0.json,/media/hdd2/ARCL_multicar_bags/camera_dataset/2026-05-18-v0/stereo_left/EPnPv2_gt_mesh_z_hybrid_labels/3607907374707_0.json,T_map_object_raw,T_camera_object_centered,14308.447696671641,9.357513588636278,13.546279718182483
image_3608106639647,1,73,469,0.2734375,/media/hdd2/ARCL_multicar_bags/camera_dataset/2026-05-18-v0/stereo_left/EPnPv2_gt_mesh_z_hybrid_labels/3608106639647_0.json,/media/hdd2/ARCL_multicar_bags/camera_dataset/2026-05-18-v0/stereo_left/EPnPv2_gt_mesh_z_hybrid_labels/3608106639647_0.json,T_map_object_raw,T_camera_object_centered,16187.843072723583,10.082011852443575,15.661773212384029
image_3608506718382,1,77,473,0.25,/media/hdd2/ARCL_multicar_bags/camera_dataset/2026-05-18-v0/stereo_left/EPnPv2_gt_mesh_z_hybrid_labels/3608506718382_0.json,/media/hdd2/ARCL_multicar_bags/camera_dataset/2026-05-18-v0/stereo_left/EPnPv2_gt_mesh_z_hybrid_labels/3608506718382_0.json,T_map_object_raw,T_camera_object_centered,14554.18887543337,11.46703216416634,18.950274149476755
image_3608803632128,1,80,477,0.25,/media/hdd2/ARCL_multicar_bags/camera_dataset/2026-05-18-v0/stereo_left/EPnPv2_gt_mesh_z_hybrid_labels/3608803632128_0.json,/media/hdd2/ARCL_multicar_bags/camera_dataset/2026-05-18-v0/stereo_left/EPnPv2_gt_mesh_z_hybrid_labels/3608803632128_0.json,T_map_object_raw,T_camera_object_centered,12429.535533840646,12.703004197603697,19.594435610103808
image_3609003681333,1,81,478,0.2578125,/media/hdd2/ARCL_multicar_bags/camera_dataset/2026-05-18-v0/stereo_left/EPnPv2_gt_mesh_z_hybrid_labels/3609003681333_0.json,/media/hdd2/ARCL_multicar_bags/camera_dataset/2026-05-18-v0/stereo_left/EPnPv2_gt_mesh_z_hybrid_labels/3609003681333_0.json,T_map_object_raw,T_camera_object_centered,12844.676620072487,13.43813738279977,19.131443754447115
image_3609309179425,1,84,481,0.25390625,/media/hdd2/ARCL_multicar_bags/camera_dataset/2026-05-18-v0/stereo_left/EPnPv2_gt_mesh_z_hybrid_labels/3609309179425_0.json,/media/hdd2/ARCL_multicar_bags/camera_dataset/2026-05-18-v0/stereo_left/EPnPv2_gt_mesh_z_hybrid_labels/3609309179425_0.json,T_map_object_raw,T_camera_object_centered,12459.459769973031,14.435804090827906,19.881699515118644
image_3609505963538,1,85,482,0.25,/media/hdd2/ARCL_multicar_bags/camera_dataset/2026-05-18-v0/stereo_left/EPnPv2_gt_mesh_z_hybrid_labels/3609505963538_0.json,/media/hdd2/ARCL_multicar_bags/camera_dataset/2026-05-18-v0/stereo_left/EPnPv2_gt_mesh_z_hybrid_labels/3609505963538_0.json,T_map_object_raw,T_camera_object_centered,16800.847808686813,14.950078201897368,14.376612650190369
image_3609630033190,1,86,483,0.2578125,/media/hdd2/ARCL_multicar_bags/camera_dataset/2026-05-18-v0/stereo_left/EPnPv2_gt_mesh_z_hybrid_labels/3609630033190_0.json,/media/hdd2/ARCL_multicar_bags/camera_dataset/2026-05-18-v0/stereo_left/EPnPv2_gt_mesh_z_hybrid_labels/3609630033190_0.json,T_map_object_raw,T_camera_object_centered,13715.91827938534,15.254229342034067,19.9321822427405
image_3609704389207,1,87,484,0.25,/media/hdd2/ARCL_multicar_bags/camera_dataset/2026-05-18-v0/stereo_left/EPnPv2_gt_mesh_z_hybrid_labels/3609704389207_0.json,/media/hdd2/ARCL_multicar_bags/camera_dataset/2026-05-18-v0/stereo_left/EPnPv2_gt_mesh_z_hybrid_labels/3609704389207_0.json,T_map_object_raw,T_camera_object_centered,17263.291732048012,15.564147570904964,16.87095587328927
image_3609804899192,1,88,485,0.24609375,/media/hdd2/ARCL_multicar_bags/camera_dataset/2026-05-18-v0/stereo_left/EPnPv2_gt_mesh_z_hybrid_labels/3609804899192_0.json,/media/hdd2/ARCL_multicar_bags/camera_dataset/2026-05-18-v0/stereo_left/EPnPv2_gt_mesh_z_hybrid_labels/3609804899192_0.json,T_map_object_raw,T_camera_object_centered,12278.926918141746,15.746744589505589,19.677357010780092
image_3610013903684,1,90,488,0.2421875,/media/hdd2/ARCL_multicar_bags/camera_dataset/2026-05-18-v0/stereo_left/EPnPv2_gt_mesh_z_hybrid_labels/3610013903684_0.json,/media/hdd2/ARCL_multicar_bags/camera_dataset/2026-05-18-v0/stereo_left/EPnPv2_gt_mesh_z_hybrid_labels/3610013903684_0.json,T_map_object_raw,T_camera_object_centered,17237.268810041263,16.144782953017774,13.99228620370554
image_3610202718448,1,92,490,0.265625,/media/hdd2/ARCL_multicar_bags/camera_dataset/2026-05-18-v0/stereo_left/EPnPv2_gt_mesh_z_hybrid_labels/3610202718448_0.json,/media/hdd2/ARCL_multicar_bags/camera_dataset/2026-05-18-v0/stereo_left/EPnPv2_gt_mesh_z_hybrid_labels/3610202718448_0.json,T_map_object_raw,T_camera_object_centered,17314.16193500518,16.571508001611505,14.290264330759793
image_3610303346520,1,93,491,0.2421875,/media/hdd2/ARCL_multicar_bags/camera_dataset/2026-05-18-v0/stereo_left/EPnPv2_gt_mesh_z_hybrid_labels/3610303346520_0.json,/media/hdd2/ARCL_multicar_bags/camera_dataset/2026-05-18-v0/stereo_left/EPnPv2_gt_mesh_z_hybrid_labels/3610303346520_0.json,T_map_object_raw,T_camera_object_centered,16026.111493730465,16.609534704297793,19.893434875529433
image_3610402749079,1,94,492,0.25390625,/media/hdd2/ARCL_multicar_bags/camera_dataset/2026-05-18-v0/stereo_left/EPnPv2_gt_mesh_z_hybrid_labels/3610402749079_0.json,/media/hdd2/ARCL_multicar_bags/camera_dataset/2026-05-18-v0/stereo_left/EPnPv2_gt_mesh_z_hybrid_labels/3610402749079_0.json,T_map_object_raw,T_camera_object_centered,15077.724233000463,16.73359338310452,15.93963958640112
image_3610506562196,1,95,493,0.25,/media/hdd2/ARCL_multicar_bags/camera_dataset/2026-05-18-v0/stereo_left/EPnPv2_gt_mesh_z_hybrid_labels/3610506562196_0.json,/media/hdd2/ARCL_multicar_bags/camera_dataset/2026-05-18-v0/stereo_left/EPnPv2_gt_mesh_z_hybrid_labels/3610506562196_0.json,T_map_object_raw,T_camera_object_centered,16076.146353889551,16.99997439206948,11.725023503099177
image_3610603191940,1,96,494,0.25390625,/media/hdd2/ARCL_multicar_bags/camera_dataset/2026-05-18-v0/stereo_left/EPnPv2_gt_mesh_z_hybrid_labels/3610603191940_0.json,/media/hdd2/ARCL_multicar_bags/camera_dataset/2026-05-18-v0/stereo_left/EPnPv2_gt_mesh_z_hybrid_labels/3610603191940_0.json,T_map_object_raw,T_camera_object_centered,17149.876674059487,16.926023310996676,17.59036455172472
image_3610703179107,1,97,495,0.2421875,/media/hdd2/ARCL_multicar_bags/camera_dataset/2026-05-18-v0/stereo_left/EPnPv2_gt_mesh_z_hybrid_labels/3610703179107_0.json,/media/hdd2/ARCL_multicar_bags/camera_dataset/2026-05-18-v0/stereo_left/EPnPv2_gt_mesh_z_hybrid_labels/3610703179107_0.json,T_map_object_raw,T_camera_object_centered,18063.280269443032,16.972009090266535,16.601419539874755
image_3610805992512,1,98,496,0.2578125,/media/hdd2/ARCL_multicar_bags/camera_dataset/2026-05-18-v0/stereo_left/EPnPv2_gt_mesh_z_hybrid_labels/3610805992512_0.json,/media/hdd2/ARCL_multicar_bags/camera_dataset/2026-05-18-v0/stereo_left/EPnPv2_gt_mesh_z_hybrid_labels/3610805992512_0.json,T_map_object_raw,T_camera_object_centered,12841.037960436865,17.01874548152784,14.079856434857811
image_3611002637808,1,100,3,0.23828125,/media/hdd2/ARCL_multicar_bags/camera_dataset/2026-05-18-v0/stereo_left/EPnPv2_gt_mesh_z_hybrid_labels/3611002637808_0.json,/media/hdd2/ARCL_multicar_bags/camera_dataset/2026-05-18-v0/stereo_left/EPnPv2_gt_mesh_z_hybrid_labels/3611002637808_0.json,T_map_object_raw,T_camera_object_centered,17344.692072154718,17.028021145540936,13.098128200966599
image_3611104581381,1,101,4,0.25390625,/media/hdd2/ARCL_multicar_bags/camera_dataset/2026-05-18-v0/stereo_left/EPnPv2_gt_mesh_z_hybrid_labels/3611104581381_0.json,/media/hdd2/ARCL_multicar_bags/camera_dataset/2026-05-18-v0/stereo_left/EPnPv2_gt_mesh_z_hybrid_labels/3611104581381_0.json,T_map_object_raw,T_camera_object_centered,16832.73497816453,16.994103061868987,17.11705769158354
image_3611203419144,1,102,5,0.24609375,/media/hdd2/ARCL_multicar_bags/camera_dataset/2026-05-18-v0/stereo_left/EPnPv2_gt_mesh_z_hybrid_labels/3611203419144_0.json,/media/hdd2/ARCL_multicar_bags/camera_dataset/2026-05-18-v0/stereo_left/EPnPv2_gt_mesh_z_hybrid_labels/3611203419144_0.json,T_map_object_raw,T_camera_object_centered,15335.20470471163,17.045364158121547,11.9302745209532
image_3611304416849,1,103,6,0.24609375,/media/hdd2/ARCL_multicar_bags/camera_dataset/2026-05-18-v0/stereo_left/EPnPv2_gt_mesh_z_hybrid_labels/3611304416849_0.json,/media/hdd2/ARCL_multicar_bags/camera_dataset/2026-05-18-v0/stereo_left/EPnPv2_gt_mesh_z_hybrid_labels/3611304416849_0.json,T_map_object_raw,T_camera_object_centered,14731.371163438693,16.91426655988233,13.202353231108486
image_3611402915141,1,104,7,0.23046875,/media/hdd2/ARCL_multicar_bags/camera_dataset/2026-05-18-v0/stereo_left/EPnPv2_gt_mesh_z_hybrid_labels/3611402915141_0.json,/media/hdd2/ARCL_multicar_bags/camera_dataset/2026-05-18-v0/stereo_left/EPnPv2_gt_mesh_z_hybrid_labels/3611402915141_0.json,T_map_object_raw,T_camera_object_centered,15796.103546260003,16.788888707289765,10.712732636851678
image_3611508476140,1,105,8,0.22265625,/media/hdd2/ARCL_multicar_bags/camera_dataset/2026-05-18-v0/stereo_left/EPnPv2_gt_mesh_z_hybrid_labels/3611508476140_0.json,/media/hdd2/ARCL_multicar_bags/camera_dataset/2026-05-18-v0/stereo_left/EPnPv2_gt_mesh_z_hybrid_labels/3611508476140_0.json,T_map_object_raw,T_camera_object_centered,16295.190777592765,16.670870833919604,14.260003006699977
image_3611617898630,1,106,9,0.25,/media/hdd2/ARCL_multicar_bags/camera_dataset/2026-05-18-v0/stereo_left/EPnPv2_gt_mesh_z_hybrid_labels/3611617898630_0.json,/media/hdd2/ARCL_multicar_bags/camera_dataset/2026-05-18-v0/stereo_left/EPnPv2_gt_mesh_z_hybrid_labels/3611617898630_0.json,T_map_object_raw,T_camera_object_centered,15149.723563604226,16.669371037654145,8.652979447372658
image_3611704848131,1,107,10,0.2578125,/media/hdd2/ARCL_multicar_bags/camera_dataset/2026-05-18-v0/stereo_left/EPnPv2_gt_mesh_z_hybrid_labels/3611704848131_0.json,/media/hdd2/ARCL_multicar_bags/camera_dataset/2026-05-18-v0/stereo_left/EPnPv2_gt_mesh_z_hybrid_labels/3611704848131_0.json,T_map_object_raw,T_camera_object_centered,15685.309914225454,16.57615794126013,11.20661346426926
image_3611806108093,1,108,11,0.26171875,/media/hdd2/ARCL_multicar_bags/camera_dataset/2026-05-18-v0/stereo_left/EPnPv2_gt_mesh_z_hybrid_labels/3611806108093_0.json,/media/hdd2/ARCL_multicar_bags/camera_dataset/2026-05-18-v0/stereo_left/EPnPv2_gt_mesh_z_hybrid_labels/3611806108093_0.json,T_map_object_raw,T_camera_object_centered,15981.059111883347,16.397108126114674,12.107361401678553
image_3611905610260,1,109,12,0.23828125,/media/hdd2/ARCL_multicar_bags/camera_dataset/2026-05-18-v0/stereo_left/EPnPv2_gt_mesh_z_hybrid_labels/3611905610260_0.json,/media/hdd2/ARCL_multicar_bags/camera_dataset/2026-05-18-v0/stereo_left/EPnPv2_gt_mesh_z_hybrid_labels/3611905610260_0.json,T_map_object_raw,T_camera_object_centered,12979.938598257962,16.065652669993955,9.76273266000071
image_3612012893219,1,110,14,0.25,/media/hdd2/ARCL_multicar_bags/camera_dataset/2026-05-18-v0/stereo_left/EPnPv2_gt_mesh_z_hybrid_labels/3612012893219_0.json,/media/hdd2/ARCL_multicar_bags/camera_dataset/2026-05-18-v0/stereo_left/EPnPv2_gt_mesh_z_hybrid_labels/3612012893219_0.json,T_map_object_raw,T_camera_object_centered,13560.09816627915,15.909743730247214,12.380192399573781
image_3612103472242,1,111,15,0.25390625,/media/hdd2/ARCL_multicar_bags/camera_dataset/2026-05-18-v0/stereo_left/EPnPv2_gt_mesh_z_hybrid_labels/3612103472242_0.json,/media/hdd2/ARCL_multicar_bags/camera_dataset/2026-05-18-v0/stereo_left/EPnPv2_gt_mesh_z_hybrid_labels/3612103472242_0.json,T_map_object_raw,T_camera_object_centered,13276.2941930225,15.692392279584842,9.579295241403083
image_3612205130877,1,112,16,0.23828125,/media/hdd2/ARCL_multicar_bags/camera_dataset/2026-05-18-v0/stereo_left/EPnPv2_gt_mesh_z_hybrid_labels/3612205130877_0.json,/media/hdd2/ARCL_multicar_bags/camera_dataset/2026-05-18-v0/stereo_left/EPnPv2_gt_mesh_z_hybrid_labels/3612205130877_0.json,T_map_object_raw,T_camera_object_centered,15796.400138620162,15.41819670923012,12.887894172417464
image_3612306908811,1,113,17,0.234375,/media/hdd2/ARCL_multicar_bags/camera_dataset/2026-05-18-v0/stereo_left/EPnPv2_gt_mesh_z_hybrid_labels/3612306908811_0.json,/media/hdd2/ARCL_multicar_bags/camera_dataset/2026-05-18-v0/stereo_left/EPnPv2_gt_mesh_z_hybrid_labels/3612306908811_0.json,T_map_object_raw,T_camera_object_centered,18151.974518045092,15.18199671499514,9.967967251798305
image_3612504597372,1,115,19,0.25,/media/hdd2/ARCL_multicar_bags/camera_dataset/2026-05-18-v0/stereo_left/EPnPv2_gt_mesh_z_hybrid_labels/3612504597372_0.json,/media/hdd2/ARCL_multicar_bags/camera_dataset/2026-05-18-v0/stereo_left/EPnPv2_gt_mesh_z_hybrid_labels/3612504597372_0.json,T_map_object_raw,T_camera_object_centered,16739.466727415347,14.825919135354493,9.435157651018237
image_3612704513320,1,117,21,0.26171875,/media/hdd2/ARCL_multicar_bags/camera_dataset/2026-05-18-v0/stereo_left/EPnPv2_gt_mesh_z_hybrid_labels/3612704513320_0.json,/media/hdd2/ARCL_multicar_bags/camera_dataset/2026-05-18-v0/stereo_left/EPnPv2_gt_mesh_z_hybrid_labels/3612704513320_0.json,T_map_object_raw,T_camera_object_centered,15048.37607788783,14.027371153207886,7.831103687065301
image_3612810626698,1,118,22,0.23828125,/media/hdd2/ARCL_multicar_bags/camera_dataset/2026-05-18-v0/stereo_left/EPnPv2_gt_mesh_z_hybrid_labels/3612810626698_0.json,/media/hdd2/ARCL_multicar_bags/camera_dataset/2026-05-18-v0/stereo_left/EPnPv2_gt_mesh_z_hybrid_labels/3612810626698_0.json,T_map_object_raw,T_camera_object_centered,17477.755266039127,13.66626617815159,8.989229045153104
image_3612903746647,1,119,23,0.2578125,/media/hdd2/ARCL_multicar_bags/camera_dataset/2026-05-18-v0/stereo_left/EPnPv2_gt_mesh_z_hybrid_labels/3612903746647_0.json,/media/hdd2/ARCL_multicar_bags/camera_dataset/2026-05-18-v0/stereo_left/EPnPv2_gt_mesh_z_hybrid_labels/3612903746647_0.json,T_map_object_raw,T_camera_object_centered,13896.232642657302,13.385995008878783,5.750504071884934
image_3613003468713,1,120,25,0.25,/media/hdd2/ARCL_multicar_bags/camera_dataset/2026-05-18-v0/stereo_left/EPnPv2_gt_mesh_z_hybrid_labels/3613003468713_0.json,/media/hdd2/ARCL_multicar_bags/camera_dataset/2026-05-18-v0/stereo_left/EPnPv2_gt_mesh_z_hybrid_labels/3613003468713_0.json,T_map_object_raw,T_camera_object_centered,17178.127847202137,13.022853607147812,9.775064687479077
image_3613108569393,1,121,26,0.25390625,/media/hdd2/ARCL_multicar_bags/camera_dataset/2026-05-18-v0/stereo_left/EPnPv2_gt_mesh_z_hybrid_labels/3613108569393_0.json,/media/hdd2/ARCL_multicar_bags/camera_dataset/2026-05-18-v0/stereo_left/EPnPv2_gt_mesh_z_hybrid_labels/3613108569393_0.json,T_map_object_raw,T_camera_object_centered,18429.532858626662,12.679735428705598,8.158970368722125
image_3613202989893,1,122,27,0.2578125,/media/hdd2/ARCL_multicar_bags/camera_dataset/2026-05-18-v0/stereo_left/EPnPv2_gt_mesh_z_hybrid_labels/3613202989893_0.json,/media/hdd2/ARCL_multicar_bags/camera_dataset/2026-05-18-v0/stereo_left/EPnPv2_gt_mesh_z_hybrid_labels/3613202989893_0.json,T_map_object_raw,T_camera_object_centered,15257.209435487533,12.322429606084201,9.98797475266049
image_3613303734732,1,123,28,0.24609375,/media/hdd2/ARCL_multicar_bags/camera_dataset/2026-05-18-v0/stereo_left/EPnPv2_gt_mesh_z_hybrid_labels/3613303734732_0.json,/media/hdd2/ARCL_multicar_bags/camera_dataset/2026-05-18-v0/stereo_left/EPnPv2_gt_mesh_z_hybrid_labels/3613303734732_0.json,T_map_object_raw,T_camera_object_centered,15079.503657479925,12.071271874644276,10.733442081817394
image_3613405502300,1,124,29,0.25,/media/hdd2/ARCL_multicar_bags/camera_dataset/2026-05-18-v0/stereo_left/EPnPv2_gt_mesh_z_hybrid_labels/3613405502300_0.json,/media/hdd2/ARCL_multicar_bags/camera_dataset/2026-05-18-v0/stereo_left/EPnPv2_gt_mesh_z_hybrid_labels/3613405502300_0.json,T_map_object_raw,T_camera_object_centered,17838.181686644504,11.607001851262714,8.362210866072436
image_3613503296136,1,125,30,0.2734375,/media/hdd2/ARCL_multicar_bags/camera_dataset/2026-05-18-v0/stereo_left/EPnPv2_gt_mesh_z_hybrid_labels/3613503296136_0.json,/media/hdd2/ARCL_multicar_bags/camera_dataset/2026-05-18-v0/stereo_left/EPnPv2_gt_mesh_z_hybrid_labels/3613503296136_0.json,T_map_object_raw,T_camera_object_centered,14705.541941602774,11.185212948239561,6.113691798182969
image_3613706747328,1,127,32,0.26953125,/media/hdd2/ARCL_multicar_bags/camera_dataset/2026-05-18-v0/stereo_left/EPnPv2_gt_mesh_z_hybrid_labels/3613706747328_0.json,/media/hdd2/ARCL_multicar_bags/camera_dataset/2026-05-18-v0/stereo_left/EPnPv2_gt_mesh_z_hybrid_labels/3613706747328_0.json,T_map_object_raw,T_camera_object_centered,16427.07301893639,10.709005449320609,5.693454693464309
image_3613803753591,1,128,33,0.25390625,/media/hdd2/ARCL_multicar_bags/camera_dataset/2026-05-18-v0/stereo_left/EPnPv2_gt_mesh_z_hybrid_labels/3613803753591_0.json,/media/hdd2/ARCL_multicar_bags/camera_dataset/2026-05-18-v0/stereo_left/EPnPv2_gt_mesh_z_hybrid_labels/3613803753591_0.json,T_map_object_raw,T_camera_object_centered,13322.664259738433,10.08178500406938,5.6944594337765855
image_3613917948197,1,129,34,0.25390625,/media/hdd2/ARCL_multicar_bags/camera_dataset/2026-05-18-v0/stereo_left/EPnPv2_gt_mesh_z_hybrid_labels/3613917948197_0.json,/media/hdd2/ARCL_multicar_bags/camera_dataset/2026-05-18-v0/stereo_left/EPnPv2_gt_mesh_z_hybrid_labels/3613917948197_0.json,T_map_object_raw,T_camera_object_centered,12441.161906405157,9.632670481867189,6.241150372145719
image_3614004441293,1,130,36,0.2578125,/media/hdd2/ARCL_multicar_bags/camera_dataset/2026-05-18-v0/stereo_left/EPnPv2_gt_mesh_z_hybrid_labels/3614004441293_0.json,/media/hdd2/ARCL_multicar_bags/camera_dataset/2026-05-18-v0/stereo_left/EPnPv2_gt_mesh_z_hybrid_labels/3614004441293_0.json,T_map_object_raw,T_camera_object_centered,12298.684505625326,9.311681962015799,7.434371919632901
image_3614109911060,1,131,37,0.25,/media/hdd2/ARCL_multicar_bags/camera_dataset/2026-05-18-v0/stereo_left/EPnPv2_gt_mesh_z_hybrid_labels/3614109911060_0.json,/media/hdd2/ARCL_multicar_bags/camera_dataset/2026-05-18-v0/stereo_left/EPnPv2_gt_mesh_z_hybrid_labels/3614109911060_0.json,T_map_object_raw,T_camera_object_centered,12083.462866280404,8.920477887441935,3.781620081856847
image_3614221908823,1,132,38,0.2265625,/media/hdd2/ARCL_multicar_bags/camera_dataset/2026-05-18-v0/stereo_left/EPnPv2_gt_mesh_z_hybrid_labels/3614221908823_0.json,/media/hdd2/ARCL_multicar_bags/camera_dataset/2026-05-18-v0/stereo_left/EPnPv2_gt_mesh_z_hybrid_labels/3614221908823_0.json,T_map_object_raw,T_camera_object_centered,16908.050451715866,8.667971816305245,4.0717089536935145
image_3614303476004,1,133,39,0.25390625,/media/hdd2/ARCL_multicar_bags/camera_dataset/2026-05-18-v0/stereo_left/EPnPv2_gt_mesh_z_hybrid_labels/3614303476004_0.json,/media/hdd2/ARCL_multicar_bags/camera_dataset/2026-05-18-v0/stereo_left/EPnPv2_gt_mesh_z_hybrid_labels/3614303476004_0.json,T_map_object_raw,T_camera_object_centered,17435.844970428207,8.537617313452767,5.1837822033197245
image_3614504956282,1,135,41,0.2421875,/media/hdd2/ARCL_multicar_bags/camera_dataset/2026-05-18-v0/stereo_left/EPnPv2_gt_mesh_z_hybrid_labels/3614504956282_0.json,/media/hdd2/ARCL_multicar_bags/camera_dataset/2026-05-18-v0/stereo_left/EPnPv2_gt_mesh_z_hybrid_labels/3614504956282_0.json,T_map_object_raw,T_camera_object_centered,18183.324610193347,7.654236533044204,5.542083397720589
image_3614605232045,1,136,42,0.234375,/media/hdd2/ARCL_multicar_bags/camera_dataset/2026-05-18-v0/stereo_left/EPnPv2_gt_mesh_z_hybrid_labels/3614605232045_0.json,/media/hdd2/ARCL_multicar_bags/camera_dataset/2026-05-18-v0/stereo_left/EPnPv2_gt_mesh_z_hybrid_labels/3614605232045_0.json,T_map_object_raw,T_camera_object_centered,19322.418067766903,7.489988276669954,6.747904628167517
image_3614703162211,1,137,43,0.25390625,/media/hdd2/ARCL_multicar_bags/camera_dataset/2026-05-18-v0/stereo_left/EPnPv2_gt_mesh_z_hybrid_labels/3614703162211_0.json,/media/hdd2/ARCL_multicar_bags/camera_dataset/2026-05-18-v0/stereo_left/EPnPv2_gt_mesh_z_hybrid_labels/3614703162211_0.json,T_map_object_raw,T_camera_object_centered,15851.91638878202,7.086626053246282,3.696650059182426
image_3614805079233,1,138,44,0.25390625,/media/hdd2/ARCL_multicar_bags/camera_dataset/2026-05-18-v0/stereo_left/EPnPv2_gt_mesh_z_hybrid_labels/3614805079233_0.json,/media/hdd2/ARCL_multicar_bags/camera_dataset/2026-05-18-v0/stereo_left/EPnPv2_gt_mesh_z_hybrid_labels/3614805079233_0.json,T_map_object_raw,T_camera_object_centered,18339.93126427347,6.9979514931654405,5.400206719216506
image_3615013910016,1,140,47,0.23046875,/media/hdd2/ARCL_multicar_bags/camera_dataset/2026-05-18-v0/stereo_left/EPnPv2_gt_mesh_z_hybrid_labels/3615013910016_0.json,/media/hdd2/ARCL_multicar_bags/camera_dataset/2026-05-18-v0/stereo_left/EPnPv2_gt_mesh_z_hybrid_labels/3615013910016_0.json,T_map_object_raw,T_camera_object_centered,14522.285564002668,5.95614266884381,7.5333071664196085
image_3616121908843,1,150,58,0.2578125,/media/hdd2/ARCL_multicar_bags/camera_dataset/2026-05-18-v0/stereo_left/EPnPv2_gt_mesh_z_hybrid_labels/3616121908843_0.json,/media/hdd2/ARCL_multicar_bags/camera_dataset/2026-05-18-v0/stereo_left/EPnPv2_gt_mesh_z_hybrid_labels/3616121908843_0.json,T_map_object_raw,T_camera_object_centered,16110.815807048391,3.3553297637019663,6.943739020045552
image_3616603499039,1,154,62,0.23828125,/media/hdd2/ARCL_multicar_bags/camera_dataset/2026-05-18-v0/stereo_left/EPnPv2_gt_mesh_z_hybrid_labels/3616603499039_0.json,/media/hdd2/ARCL_multicar_bags/camera_dataset/2026-05-18-v0/stereo_left/EPnPv2_gt_mesh_z_hybrid_labels/3616603499039_0.json,T_map_object_raw,T_camera_object_centered,15499.692345261095,2.7097509430397233,3.902689151990944
image_3616704160873,1,155,63,0.2421875,/media/hdd2/ARCL_multicar_bags/camera_dataset/2026-05-18-v0/stereo_left/EPnPv2_gt_mesh_z_hybrid_labels/3616704160873_0.json,/media/hdd2/ARCL_multicar_bags/camera_dataset/2026-05-18-v0/stereo_left/EPnPv2_gt_mesh_z_hybrid_labels/3616704160873_0.json,T_map_object_raw,T_camera_object_centered,16532.44652821746,2.4526731335293435,6.824384984871563
image_3616904378548,1,156,64,0.22265625,/media/hdd2/ARCL_multicar_bags/camera_dataset/2026-05-18-v0/stereo_left/EPnPv2_gt_mesh_z_hybrid_labels/3616904378548_0.json,/media/hdd2/ARCL_multicar_bags/camera_dataset/2026-05-18-v0/stereo_left/EPnPv2_gt_mesh_z_hybrid_labels/3616904378548_0.json,T_map_object_raw,T_camera_object_centered,16282.86226929806,2.38535890842525,7.042726516113125
image_3617004747025,1,157,65,0.2265625,/media/hdd2/ARCL_multicar_bags/camera_dataset/2026-05-18-v0/stereo_left/EPnPv2_gt_mesh_z_hybrid_labels/3617004747025_0.json,/media/hdd2/ARCL_multicar_bags/camera_dataset/2026-05-18-v0/stereo_left/EPnPv2_gt_mesh_z_hybrid_labels/3617004747025_0.json,T_map_object_raw,T_camera_object_centered,14213.136875321778,2.608227025348056,3.5574511802711393
image_3617104565395,1,158,66,0.24609375,/media/hdd2/ARCL_multicar_bags/camera_dataset/2026-05-18-v0/stereo_left/EPnPv2_gt_mesh_z_hybrid_labels/3617104565395_0.json,/media/hdd2/ARCL_multicar_bags/camera_dataset/2026-05-18-v0/stereo_left/EPnPv2_gt_mesh_z_hybrid_labels/3617104565395_0.json,T_map_object_raw,T_camera_object_centered,16815.030700279465,2.8588611228622005,7.5037965040093715
image_3617205812284,1,159,67,0.234375,/media/hdd2/ARCL_multicar_bags/camera_dataset/2026-05-18-v0/stereo_left/EPnPv2_gt_mesh_z_hybrid_labels/3617205812284_0.json,/media/hdd2/ARCL_multicar_bags/camera_dataset/2026-05-18-v0/stereo_left/EPnPv2_gt_mesh_z_hybrid_labels/3617205812284_0.json,T_map_object_raw,T_camera_object_centered,13174.201134398507,2.3704035583873075,7.903932549243218
image_3617303999586,1,160,69,0.23828125,/media/hdd2/ARCL_multicar_bags/camera_dataset/2026-05-18-v0/stereo_left/EPnPv2_gt_mesh_z_hybrid_labels/3617303999586_0.json,/media/hdd2/ARCL_multicar_bags/camera_dataset/2026-05-18-v0/stereo_left/EPnPv2_gt_mesh_z_hybrid_labels/3617303999586_0.json,T_map_object_raw,T_camera_object_centered,15715.430946975182,1.8745072484821212,8.325461996182927
image_3617515634883,1,162,71,0.24609375,/media/hdd2/ARCL_multicar_bags/camera_dataset/2026-05-18-v0/stereo_left/EPnPv2_gt_mesh_z_hybrid_labels/3617515634883_0.json,/media/hdd2/ARCL_multicar_bags/camera_dataset/2026-05-18-v0/stereo_left/EPnPv2_gt_mesh_z_hybrid_labels/3617515634883_0.json,T_map_object_raw,T_camera_object_centered,19231.56745205902,2.537894000081923,5.473858815035322
image_3617603415739,1,163,72,0.23828125,/media/hdd2/ARCL_multicar_bags/camera_dataset/2026-05-18-v0/stereo_left/EPnPv2_gt_mesh_z_hybrid_labels/3617603415739_0.json,/media/hdd2/ARCL_multicar_bags/camera_dataset/2026-05-18-v0/stereo_left/EPnPv2_gt_mesh_z_hybrid_labels/3617603415739_0.json,T_map_object_raw,T_camera_object_centered,14845.167668219512,2.1492661416880994,6.7263181530923335
image_3617704623187,1,164,73,0.25,/media/hdd2/ARCL_multicar_bags/camera_dataset/2026-05-18-v0/stereo_left/EPnPv2_gt_mesh_z_hybrid_labels/3617704623187_0.json,/media/hdd2/ARCL_multicar_bags/camera_dataset/2026-05-18-v0/stereo_left/EPnPv2_gt_mesh_z_hybrid_labels/3617704623187_0.json,T_map_object_raw,T_camera_object_centered,15823.020156071902,1.9856452226062256,4.235663178441297
image_3617802723981,1,165,74,0.24609375,/media/hdd2/ARCL_multicar_bags/camera_dataset/2026-05-18-v0/stereo_left/EPnPv2_gt_mesh_z_hybrid_labels/3617802723981_0.json,/media/hdd2/ARCL_multicar_bags/camera_dataset/2026-05-18-v0/stereo_left/EPnPv2_gt_mesh_z_hybrid_labels/3617802723981_0.json,T_map_object_raw,T_camera_object_centered,16936.07981370339,2.224682078295799,6.304578145690816
image_3617905141793,1,166,75,0.23046875,/media/hdd2/ARCL_multicar_bags/camera_dataset/2026-05-18-v0/stereo_left/EPnPv2_gt_mesh_z_hybrid_labels/3617905141793_0.json,/media/hdd2/ARCL_multicar_bags/camera_dataset/2026-05-18-v0/stereo_left/EPnPv2_gt_mesh_z_hybrid_labels/3617905141793_0.json,T_map_object_raw,T_camera_object_centered,14799.381855681457,2.428643770521542,3.221104458992811
image_3618005908069,1,167,76,0.22265625,/media/hdd2/ARCL_multicar_bags/camera_dataset/2026-05-18-v0/stereo_left/EPnPv2_gt_mesh_z_hybrid_labels/3618005908069_0.json,/media/hdd2/ARCL_multicar_bags/camera_dataset/2026-05-18-v0/stereo_left/EPnPv2_gt_mesh_z_hybrid_labels/3618005908069_0.json,T_map_object_raw,T_camera_object_centered,17327.21488580307,2.537862334838064,2.975383081582263
image_3618203037278,1,168,77,0.24609375,/media/hdd2/ARCL_multicar_bags/camera_dataset/2026-05-18-v0/stereo_left/EPnPv2_gt_mesh_z_hybrid_labels/3618203037278_0.json,/media/hdd2/ARCL_multicar_bags/camera_dataset/2026-05-18-v0/stereo_left/EPnPv2_gt_mesh_z_hybrid_labels/3618203037278_0.json,T_map_object_raw,T_camera_object_centered,16517.03083170127,1.9653579651813924,3.8527373274866363
image_3618305849602,1,169,78,0.234375,/media/hdd2/ARCL_multicar_bags/camera_dataset/2026-05-18-v0/stereo_left/EPnPv2_gt_mesh_z_hybrid_labels/3618305849602_0.json,/media/hdd2/ARCL_multicar_bags/camera_dataset/2026-05-18-v0/stereo_left/EPnPv2_gt_mesh_z_hybrid_labels/3618305849602_0.json,T_map_object_raw,T_camera_object_centered,13849.992601162336,2.449506853353478,2.8257013169855463
image_3618409370522,1,170,80,0.23046875,/media/hdd2/ARCL_multicar_bags/camera_dataset/2026-05-18-v0/stereo_left/EPnPv2_gt_mesh_z_hybrid_labels/3618409370522_0.json,/media/hdd2/ARCL_multicar_bags/camera_dataset/2026-05-18-v0/stereo_left/EPnPv2_gt_mesh_z_hybrid_labels/3618409370522_0.json,T_map_object_raw,T_camera_object_centered,16027.174176022269,2.7674124148523274,3.599330289292062
image_3618503858141,1,171,81,0.23828125,/media/hdd2/ARCL_multicar_bags/camera_dataset/2026-05-18-v0/stereo_left/EPnPv2_gt_mesh_z_hybrid_labels/3618503858141_0.json,/media/hdd2/ARCL_multicar_bags/camera_dataset/2026-05-18-v0/stereo_left/EPnPv2_gt_mesh_z_hybrid_labels/3618503858141_0.json,T_map_object_raw,T_camera_object_centered,17267.67790978819,2.1475210776000373,5.473861720005547
image_3618603974098,1,172,82,0.234375,/media/hdd2/ARCL_multicar_bags/camera_dataset/2026-05-18-v0/stereo_left/EPnPv2_gt_mesh_z_hybrid_labels/3618603974098_0.json,/media/hdd2/ARCL_multicar_bags/camera_dataset/2026-05-18-v0/stereo_left/EPnPv2_gt_mesh_z_hybrid_labels/3618603974098_0.json,T_map_object_raw,T_camera_object_centered,16135.626889567993,2.6597630398039582,5.408990490399434
image_3618703796416,1,173,83,0.234375,/media/hdd2/ARCL_multicar_bags/camera_dataset/2026-05-18-v0/stereo_left/EPnPv2_gt_mesh_z_hybrid_labels/3618703796416_0.json,/media/hdd2/ARCL_multicar_bags/camera_dataset/2026-05-18-v0/stereo_left/EPnPv2_gt_mesh_z_hybrid_labels/3618703796416_0.json,T_map_object_raw,T_camera_object_centered,16739.14758781758,2.4318070623987396,4.979349501059004
image_3618804688724,1,174,84,0.23046875,/media/hdd2/ARCL_multicar_bags/camera_dataset/2026-05-18-v0/stereo_left/EPnPv2_gt_mesh_z_hybrid_labels/3618804688724_0.json,/media/hdd2/ARCL_multicar_bags/camera_dataset/2026-05-18-v0/stereo_left/EPnPv2_gt_mesh_z_hybrid_labels/3618804688724_0.json,T_map_object_raw,T_camera_object_centered,16009.515114971531,2.7839655946153132,3.9313849409511445
image_3618919076031,1,175,85,0.2265625,/media/hdd2/ARCL_multicar_bags/camera_dataset/2026-05-18-v0/stereo_left/EPnPv2_gt_mesh_z_hybrid_labels/3618919076031_0.json,/media/hdd2/ARCL_multicar_bags/camera_dataset/2026-05-18-v0/stereo_left/EPnPv2_gt_mesh_z_hybrid_labels/3618919076031_0.json,T_map_object_raw,T_camera_object_centered,18493.056039299834,2.362784265350253,5.353368155665696
image_3619105329848,1,176,86,0.23046875,/media/hdd2/ARCL_multicar_bags/camera_dataset/2026-05-18-v0/stereo_left/EPnPv2_gt_mesh_z_hybrid_labels/3619105329848_0.json,/media/hdd2/ARCL_multicar_bags/camera_dataset/2026-05-18-v0/stereo_left/EPnPv2_gt_mesh_z_hybrid_labels/3619105329848_0.json,T_map_object_raw,T_camera_object_centered,15524.072497317191,2.8373315953176417,8.887984137920384
image_3619204473874,1,177,87,0.24609375,/media/hdd2/ARCL_multicar_bags/camera_dataset/2026-05-18-v0/stereo_left/EPnPv2_gt_mesh_z_hybrid_labels/3619204473874_0.json,/media/hdd2/ARCL_multicar_bags/camera_dataset/2026-05-18-v0/stereo_left/EPnPv2_gt_mesh_z_hybrid_labels/3619204473874_0.json,T_map_object_raw,T_camera_object_centered,14040.704093343471,2.8115409974843755,5.516136036028008
image_3619303891190,1,178,88,0.234375,/media/hdd2/ARCL_multicar_bags/camera_dataset/2026-05-18-v0/stereo_left/EPnPv2_gt_mesh_z_hybrid_labels/3619303891190_0.json,/media/hdd2/ARCL_multicar_bags/camera_dataset/2026-05-18-v0/stereo_left/EPnPv2_gt_mesh_z_hybrid_labels/3619303891190_0.json,T_map_object_raw,T_camera_object_centered,15565.31481340184,2.7034121606418213,6.139889108619593
image_3619413907987,1,179,89,0.23828125,/media/hdd2/ARCL_multicar_bags/camera_dataset/2026-05-18-v0/stereo_left/EPnPv2_gt_mesh_z_hybrid_labels/3619413907987_0.json,/media/hdd2/ARCL_multicar_bags/camera_dataset/2026-05-18-v0/stereo_left/EPnPv2_gt_mesh_z_hybrid_labels/3619413907987_0.json,T_map_object_raw,T_camera_object_centered,17868.311470266057,2.814931634375528,5.171632189926367
image_3619503001892,1,180,91,0.24609375,/media/hdd2/ARCL_multicar_bags/camera_dataset/2026-05-18-v0/stereo_left/EPnPv2_gt_mesh_z_hybrid_labels/3619503001892_0.json,/media/hdd2/ARCL_multicar_bags/camera_dataset/2026-05-18-v0/stereo_left/EPnPv2_gt_mesh_z_hybrid_labels/3619503001892_0.json,T_map_object_raw,T_camera_object_centered,19327.79956742475,2.8300700734407216,4.035793168923156
image_3619605983601,1,181,92,0.25390625,/media/hdd2/ARCL_multicar_bags/camera_dataset/2026-05-18-v0/stereo_left/EPnPv2_gt_mesh_z_hybrid_labels/3619605983601_0.json,/media/hdd2/ARCL_multicar_bags/camera_dataset/2026-05-18-v0/stereo_left/EPnPv2_gt_mesh_z_hybrid_labels/3619605983601_0.json,T_map_object_raw,T_camera_object_centered,17564.60287115041,3.0624213257457438,3.5474119290928345
image_3619705070431,1,182,93,0.2421875,/media/hdd2/ARCL_multicar_bags/camera_dataset/2026-05-18-v0/stereo_left/EPnPv2_gt_mesh_z_hybrid_labels/3619705070431_0.json,/media/hdd2/ARCL_multicar_bags/camera_dataset/2026-05-18-v0/stereo_left/EPnPv2_gt_mesh_z_hybrid_labels/3619705070431_0.json,T_map_object_raw,T_camera_object_centered,16611.796632080048,2.9885527269179923,3.2692951952814164
image_3619803941461,1,183,94,0.23046875,/media/hdd2/ARCL_multicar_bags/camera_dataset/2026-05-18-v0/stereo_left/EPnPv2_gt_mesh_z_hybrid_labels/3619803941461_0.json,/media/hdd2/ARCL_multicar_bags/camera_dataset/2026-05-18-v0/stereo_left/EPnPv2_gt_mesh_z_hybrid_labels/3619803941461_0.json,T_map_object_raw,T_camera_object_centered,13897.654466448395,3.1854155751919477,5.599061503406528
image_3620004440610,1,185,96,0.26171875,/media/hdd2/ARCL_multicar_bags/camera_dataset/2026-05-18-v0/stereo_left/EPnPv2_gt_mesh_z_hybrid_labels/3620004440610_0.json,/media/hdd2/ARCL_multicar_bags/camera_dataset/2026-05-18-v0/stereo_left/EPnPv2_gt_mesh_z_hybrid_labels/3620004440610_0.json,T_map_object_raw,T_camera_object_centered,19071.30669526177,3.1473915293261707,5.750840608835677
image_3620103685206,1,186,97,0.234375,/media/hdd2/ARCL_multicar_bags/camera_dataset/2026-05-18-v0/stereo_left/EPnPv2_gt_mesh_z_hybrid_labels/3620103685206_0.json,/media/hdd2/ARCL_multicar_bags/camera_dataset/2026-05-18-v0/stereo_left/EPnPv2_gt_mesh_z_hybrid_labels/3620103685206_0.json,T_map_object_raw,T_camera_object_centered,16744.61944972647,3.1954409668178196,6.552257924982495
image_3620212470801,1,187,98,0.25,/media/hdd2/ARCL_multicar_bags/camera_dataset/2026-05-18-v0/stereo_left/EPnPv2_gt_mesh_z_hybrid_labels/3620212470801_0.json,/media/hdd2/ARCL_multicar_bags/camera_dataset/2026-05-18-v0/stereo_left/EPnPv2_gt_mesh_z_hybrid_labels/3620212470801_0.json,T_map_object_raw,T_camera_object_centered,15494.221033077927,3.2690586457612687,4.093496457689046
image_3620304349874,1,188,99,0.2421875,/media/hdd2/ARCL_multicar_bags/camera_dataset/2026-05-18-v0/stereo_left/EPnPv2_gt_mesh_z_hybrid_labels/3620304349874_0.json,/media/hdd2/ARCL_multicar_bags/camera_dataset/2026-05-18-v0/stereo_left/EPnPv2_gt_mesh_z_hybrid_labels/3620304349874_0.json,T_map_object_raw,T_camera_object_centered,15674.202043124476,3.7554756583433755,2.0613568739828247
image_3620411203256,1,189,100,0.25,/media/hdd2/ARCL_multicar_bags/camera_dataset/2026-05-18-v0/stereo_left/EPnPv2_gt_mesh_z_hybrid_labels/3620411203256_0.json,/media/hdd2/ARCL_multicar_bags/camera_dataset/2026-05-18-v0/stereo_left/EPnPv2_gt_mesh_z_hybrid_labels/3620411203256_0.json,T_map_object_raw,T_camera_object_centered,16383.153107384565,3.424896412484058,4.5106222906742435
image_3620610090813,1,190,102,0.28125,/media/hdd2/ARCL_multicar_bags/camera_dataset/2026-05-18-v0/stereo_left/EPnPv2_gt_mesh_z_hybrid_labels/3620610090813_0.json,/media/hdd2/ARCL_multicar_bags/camera_dataset/2026-05-18-v0/stereo_left/EPnPv2_gt_mesh_z_hybrid_labels/3620610090813_0.json,T_map_object_raw,T_camera_object_centered,15403.793454062077,3.504280136884021,3.666651079312639
image_3620802827012,1,191,103,0.2578125,/media/hdd2/ARCL_multicar_bags/camera_dataset/2026-05-18-v0/stereo_left/EPnPv2_gt_mesh_z_hybrid_labels/3620802827012_0.json,/media/hdd2/ARCL_multicar_bags/camera_dataset/2026-05-18-v0/stereo_left/EPnPv2_gt_mesh_z_hybrid_labels/3620802827012_0.json,T_map_object_raw,T_camera_object_centered,16206.1061224942,3.632446229881464,2.954850337866811
image_3620922549319,1,192,104,0.2421875,/media/hdd2/ARCL_multicar_bags/camera_dataset/2026-05-18-v0/stereo_left/EPnPv2_gt_mesh_z_hybrid_labels/3620922549319_0.json,/media/hdd2/ARCL_multicar_bags/camera_dataset/2026-05-18-v0/stereo_left/EPnPv2_gt_mesh_z_hybrid_labels/3620922549319_0.json,T_map_object_raw,T_camera_object_centered,17205.823245998254,3.6463315141388133,2.551398709982527
image_3621008247979,1,193,105,0.25390625,/media/hdd2/ARCL_multicar_bags/camera_dataset/2026-05-18-v0/stereo_left/EPnPv2_gt_mesh_z_hybrid_labels/3621008247979_0.json,/media/hdd2/ARCL_multicar_bags/camera_dataset/2026-05-18-v0/stereo_left/EPnPv2_gt_mesh_z_hybrid_labels/3621008247979_0.json,T_map_object_raw,T_camera_object_centered,16456.75866804166,3.6678458235537725,3.361461399831137
image_3621103227095,1,194,106,0.2578125,/media/hdd2/ARCL_multicar_bags/camera_dataset/2026-05-18-v0/stereo_left/EPnPv2_gt_mesh_z_hybrid_labels/3621103227095_0.json,/media/hdd2/ARCL_multicar_bags/camera_dataset/2026-05-18-v0/stereo_left/EPnPv2_gt_mesh_z_hybrid_labels/3621103227095_0.json,T_map_object_raw,T_camera_object_centered,15626.628835627575,3.681412864518952,3.1662768074868786
image_3621303943451,1,195,107,0.25390625,/media/hdd2/ARCL_multicar_bags/camera_dataset/2026-05-18-v0/stereo_left/EPnPv2_gt_mesh_z_hybrid_labels/3621303943451_0.json,/media/hdd2/ARCL_multicar_bags/camera_dataset/2026-05-18-v0/stereo_left/EPnPv2_gt_mesh_z_hybrid_labels/3621303943451_0.json,T_map_object_raw,T_camera_object_centered,16079.63838194707,3.7586812357887966,4.239960813910201
image_3621407297196,1,196,108,0.2421875,/media/hdd2/ARCL_multicar_bags/camera_dataset/2026-05-18-v0/stereo_left/EPnPv2_gt_mesh_z_hybrid_labels/3621407297196_0.json,/media/hdd2/ARCL_multicar_bags/camera_dataset/2026-05-18-v0/stereo_left/EPnPv2_gt_mesh_z_hybrid_labels/3621407297196_0.json,T_map_object_raw,T_camera_object_centered,15839.437765820501,3.8195208737583233,2.2720203872018705
image_3621505770001,1,197,109,0.2734375,/media/hdd2/ARCL_multicar_bags/camera_dataset/2026-05-18-v0/stereo_left/EPnPv2_gt_mesh_z_hybrid_labels/3621505770001_0.json,/media/hdd2/ARCL_multicar_bags/camera_dataset/2026-05-18-v0/stereo_left/EPnPv2_gt_mesh_z_hybrid_labels/3621505770001_0.json,T_map_object_raw,T_camera_object_centered,14937.390974121221,3.8208155996464366,2.5484601088277934
image_3621604750543,1,198,110,0.234375,/media/hdd2/ARCL_multicar_bags/camera_dataset/2026-05-18-v0/stereo_left/EPnPv2_gt_mesh_z_hybrid_labels/3621604750543_0.json,/media/hdd2/ARCL_multicar_bags/camera_dataset/2026-05-18-v0/stereo_left/EPnPv2_gt_mesh_z_hybrid_labels/3621604750543_0.json,T_map_object_raw,T_camera_object_centered,13620.386192472706,3.8601790159662226,3.630069638503133
image_3621707357484,1,199,111,0.203125,/media/hdd2/ARCL_multicar_bags/camera_dataset/2026-05-18-v0/stereo_left/EPnPv2_gt_mesh_z_hybrid_labels/3621707357484_0.json,/media/hdd2/ARCL_multicar_bags/camera_dataset/2026-05-18-v0/stereo_left/EPnPv2_gt_mesh_z_hybrid_labels/3621707357484_0.json,T_map_object_raw,T_camera_object_centered,13263.82032937156,3.8829286409876955,3.4429222085852875
image_3621805706460,1,200,114,0.18359375,/media/hdd2/ARCL_multicar_bags/camera_dataset/2026-05-18-v0/stereo_left/EPnPv2_gt_mesh_z_hybrid_labels/3621805706460_0.json,/media/hdd2/ARCL_multicar_bags/camera_dataset/2026-05-18-v0/stereo_left/EPnPv2_gt_mesh_z_hybrid_labels/3621805706460_0.json,T_map_object_raw,T_camera_object_centered,13980.740558481797,4.128733298459272,6.50393582708821
image_3621905912334,1,201,115,0.265625,/media/hdd2/ARCL_multicar_bags/camera_dataset/2026-05-18-v0/stereo_left/EPnPv2_gt_mesh_z_hybrid_labels/3621905912334_0.json,/media/hdd2/ARCL_multicar_bags/camera_dataset/2026-05-18-v0/stereo_left/EPnPv2_gt_mesh_z_hybrid_labels/3621905912334_0.json,T_map_object_raw,T_camera_object_centered,13985.090378816296,3.942121535220235,3.4902796844510267
image_3622018778418,1,202,116,0.22265625,/media/hdd2/ARCL_multicar_bags/camera_dataset/2026-05-18-v0/stereo_left/EPnPv2_gt_mesh_z_hybrid_labels/3622018778418_0.json,/media/hdd2/ARCL_multicar_bags/camera_dataset/2026-05-18-v0/stereo_left/EPnPv2_gt_mesh_z_hybrid_labels/3622018778418_0.json,T_map_object_raw,T_camera_object_centered,14702.99422839488,4.467155544330605,1.2662333014070943
image_3622116338224,1,203,117,0.2578125,/media/hdd2/ARCL_multicar_bags/camera_dataset/2026-05-18-v0/stereo_left/EPnPv2_gt_mesh_z_hybrid_labels/3622116338224_0.json,/media/hdd2/ARCL_multicar_bags/camera_dataset/2026-05-18-v0/stereo_left/EPnPv2_gt_mesh_z_hybrid_labels/3622116338224_0.json,T_map_object_raw,T_camera_object_centered,14528.97806237544,3.9734349682867176,3.827407128956647
image_3622213907197,1,204,118,0.26171875,/media/hdd2/ARCL_multicar_bags/camera_dataset/2026-05-18-v0/stereo_left/EPnPv2_gt_mesh_z_hybrid_labels/3622213907197_0.json,/media/hdd2/ARCL_multicar_bags/camera_dataset/2026-05-18-v0/stereo_left/EPnPv2_gt_mesh_z_hybrid_labels/3622213907197_0.json,T_map_object_raw,T_camera_object_centered,14801.904196221876,3.972791966965464,4.398645180754766
image_3622407981148,1,205,119,0.24609375,/media/hdd2/ARCL_multicar_bags/camera_dataset/2026-05-18-v0/stereo_left/EPnPv2_gt_mesh_z_hybrid_labels/3622407981148_0.json,/media/hdd2/ARCL_multicar_bags/camera_dataset/2026-05-18-v0/stereo_left/EPnPv2_gt_mesh_z_hybrid_labels/3622407981148_0.json,T_map_object_raw,T_camera_object_centered,13397.488732984628,4.275817004383763,2.550732358154737
image_3622507451284,1,206,120,0.2734375,/media/hdd2/ARCL_multicar_bags/camera_dataset/2026-05-18-v0/stereo_left/EPnPv2_gt_mesh_z_hybrid_labels/3622507451284_0.json,/media/hdd2/ARCL_multicar_bags/camera_dataset/2026-05-18-v0/stereo_left/EPnPv2_gt_mesh_z_hybrid_labels/3622507451284_0.json,T_map_object_raw,T_camera_object_centered,15054.89127348889,3.948035935127143,2.2311086754678824
image_3622604334685,1,207,121,0.26171875,/media/hdd2/ARCL_multicar_bags/camera_dataset/2026-05-18-v0/stereo_left/EPnPv2_gt_mesh_z_hybrid_labels/3622604334685_0.json,/media/hdd2/ARCL_multicar_bags/camera_dataset/2026-05-18-v0/stereo_left/EPnPv2_gt_mesh_z_hybrid_labels/3622604334685_0.json,T_map_object_raw,T_camera_object_centered,16340.431515211812,4.007927409096284,1.0862268576000587
image_3622703097469,1,208,122,0.234375,/media/hdd2/ARCL_multicar_bags/camera_dataset/2026-05-18-v0/stereo_left/EPnPv2_gt_mesh_z_hybrid_labels/3622703097469_0.json,/media/hdd2/ARCL_multicar_bags/camera_dataset/2026-05-18-v0/stereo_left/EPnPv2_gt_mesh_z_hybrid_labels/3622703097469_0.json,T_map_object_raw,T_camera_object_centered,15216.927370137844,4.134775602644852,2.834156180376498
image_3622803834848,1,209,123,0.2421875,/media/hdd2/ARCL_multicar_bags/camera_dataset/2026-05-18-v0/stereo_left/EPnPv2_gt_mesh_z_hybrid_labels/3622803834848_0.json,/media/hdd2/ARCL_multicar_bags/camera_dataset/2026-05-18-v0/stereo_left/EPnPv2_gt_mesh_z_hybrid_labels/3622803834848_0.json,T_map_object_raw,T_camera_object_centered,16291.833006493764,3.9852383453579034,2.6667228863495773
image_3622904596712,1,210,125,0.265625,/media/hdd2/ARCL_multicar_bags/camera_dataset/2026-05-18-v0/stereo_left/EPnPv2_gt_mesh_z_hybrid_labels/3622904596712_0.json,/media/hdd2/ARCL_multicar_bags/camera_dataset/2026-05-18-v0/stereo_left/EPnPv2_gt_mesh_z_hybrid_labels/3622904596712_0.json,T_map_object_raw,T_camera_object_centered,13121.54543368525,3.9802176665722455,3.88391643779528
image_3623020898802,1,211,126,0.265625,/media/hdd2/ARCL_multicar_bags/camera_dataset/2026-05-18-v0/stereo_left/EPnPv2_gt_mesh_z_hybrid_labels/3623020898802_0.json,/media/hdd2/ARCL_multicar_bags/camera_dataset/2026-05-18-v0/stereo_left/EPnPv2_gt_mesh_z_hybrid_labels/3623020898802_0.json,T_map_object_raw,T_camera_object_centered,14981.665205524081,3.9381220831924257,4.650778313203263
image_3623103077657,1,212,127,0.28125,/media/hdd2/ARCL_multicar_bags/camera_dataset/2026-05-18-v0/stereo_left/EPnPv2_gt_mesh_z_hybrid_labels/3623103077657_0.json,/media/hdd2/ARCL_multicar_bags/camera_dataset/2026-05-18-v0/stereo_left/EPnPv2_gt_mesh_z_hybrid_labels/3623103077657_0.json,T_map_object_raw,T_camera_object_centered,14475.21323837939,3.917198057501911,2.5106225786941256
image_3623202918135,1,213,128,0.28125,/media/hdd2/ARCL_multicar_bags/camera_dataset/2026-05-18-v0/stereo_left/EPnPv2_gt_mesh_z_hybrid_labels/3623202918135_0.json,/media/hdd2/ARCL_multicar_bags/camera_dataset/2026-05-18-v0/stereo_left/EPnPv2_gt_mesh_z_hybrid_labels/3623202918135_0.json,T_map_object_raw,T_camera_object_centered,16859.84721042254,4.009108738679749,1.442308317749938
image_3623303557449,1,214,129,0.19921875,/media/hdd2/ARCL_multicar_bags/camera_dataset/2026-05-18-v0/stereo_left/EPnPv2_gt_mesh_z_hybrid_labels/3623303557449_0.json,/media/hdd2/ARCL_multicar_bags/camera_dataset/2026-05-18-v0/stereo_left/EPnPv2_gt_mesh_z_hybrid_labels/3623303557449_0.json,T_map_object_raw,T_camera_object_centered,11907.281287130345,4.322818813500109,2.396226429931864
image_3623414914871,1,215,130,0.2890625,/media/hdd2/ARCL_multicar_bags/camera_dataset/2026-05-18-v0/stereo_left/EPnPv2_gt_mesh_z_hybrid_labels/3623414914871_0.json,/media/hdd2/ARCL_multicar_bags/camera_dataset/2026-05-18-v0/stereo_left/EPnPv2_gt_mesh_z_hybrid_labels/3623414914871_0.json,T_map_object_raw,T_camera_object_centered,15379.478501443937,3.898062048661227,3.190272471208671
image_3623504363711,1,216,131,0.25390625,/media/hdd2/ARCL_multicar_bags/camera_dataset/2026-05-18-v0/stereo_left/EPnPv2_gt_mesh_z_hybrid_labels/3623504363711_0.json,/media/hdd2/ARCL_multicar_bags/camera_dataset/2026-05-18-v0/stereo_left/EPnPv2_gt_mesh_z_hybrid_labels/3623504363711_0.json,T_map_object_raw,T_camera_object_centered,15880.57732728423,4.128441283352196,1.1070835217740425
image_3623613948692,1,217,132,0.2734375,/media/hdd2/ARCL_multicar_bags/camera_dataset/2026-05-18-v0/stereo_left/EPnPv2_gt_mesh_z_hybrid_labels/3623613948692_0.json,/media/hdd2/ARCL_multicar_bags/camera_dataset/2026-05-18-v0/stereo_left/EPnPv2_gt_mesh_z_hybrid_labels/3623613948692_0.json,T_map_object_raw,T_camera_object_centered,14059.241461340633,3.857457790737855,3.9196509085145443
image_3623704140502,1,218,133,0.2734375,/media/hdd2/ARCL_multicar_bags/camera_dataset/2026-05-18-v0/stereo_left/EPnPv2_gt_mesh_z_hybrid_labels/3623704140502_0.json,/media/hdd2/ARCL_multicar_bags/camera_dataset/2026-05-18-v0/stereo_left/EPnPv2_gt_mesh_z_hybrid_labels/3623704140502_0.json,T_map_object_raw,T_camera_object_centered,14431.265319244038,3.8414549043447734,3.6267359248483806
image_3623803580340,1,219,134,0.26953125,/media/hdd2/ARCL_multicar_bags/camera_dataset/2026-05-18-v0/stereo_left/EPnPv2_gt_mesh_z_hybrid_labels/3623803580340_0.json,/media/hdd2/ARCL_multicar_bags/camera_dataset/2026-05-18-v0/stereo_left/EPnPv2_gt_mesh_z_hybrid_labels/3623803580340_0.json,T_map_object_raw,T_camera_object_centered,16802.013262703014,3.899347465910704,2.678757974976642
image_3623913907036,1,220,136,0.26171875,/media/hdd2/ARCL_multicar_bags/camera_dataset/2026-05-18-v0/stereo_left/EPnPv2_gt_mesh_z_hybrid_labels/3623913907036_0.json,/media/hdd2/ARCL_multicar_bags/camera_dataset/2026-05-18-v0/stereo_left/EPnPv2_gt_mesh_z_hybrid_labels/3623913907036_0.json,T_map_object_raw,T_camera_object_centered,17250.046801289074,3.9686495892641274,2.6474154625240454
image_3624003640848,1,221,137,0.28125,/media/hdd2/ARCL_multicar_bags/camera_dataset/2026-05-18-v0/stereo_left/EPnPv2_gt_mesh_z_hybrid_labels/3624003640848_0.json,/media/hdd2/ARCL_multicar_bags/camera_dataset/2026-05-18-v0/stereo_left/EPnPv2_gt_mesh_z_hybrid_labels/3624003640848_0.json,T_map_object_raw,T_camera_object_centered,14836.069756181823,3.8608507030498576,2.9397955920566425
image_3624106418426,1,222,138,0.24609375,/media/hdd2/ARCL_multicar_bags/camera_dataset/2026-05-18-v0/stereo_left/EPnPv2_gt_mesh_z_hybrid_labels/3624106418426_0.json,/media/hdd2/ARCL_multicar_bags/camera_dataset/2026-05-18-v0/stereo_left/EPnPv2_gt_mesh_z_hybrid_labels/3624106418426_0.json,T_map_object_raw,T_camera_object_centered,16146.331133485704,4.120479691292603,5.247297702294912
image_3624304767294,1,224,140,0.26171875,/media/hdd2/ARCL_multicar_bags/camera_dataset/2026-05-18-v0/stereo_left/EPnPv2_gt_mesh_z_hybrid_labels/3624304767294_0.json,/media/hdd2/ARCL_multicar_bags/camera_dataset/2026-05-18-v0/stereo_left/EPnPv2_gt_mesh_z_hybrid_labels/3624304767294_0.json,T_map_object_raw,T_camera_object_centered,18695.224282524225,3.7936472863408492,1.2430183286853078
image_3624422471439,1,225,141,0.2734375,/media/hdd2/ARCL_multicar_bags/camera_dataset/2026-05-18-v0/stereo_left/EPnPv2_gt_mesh_z_hybrid_labels/3624422471439_0.json,/media/hdd2/ARCL_multicar_bags/camera_dataset/2026-05-18-v0/stereo_left/EPnPv2_gt_mesh_z_hybrid_labels/3624422471439_0.json,T_map_object_raw,T_camera_object_centered,15616.103117904062,3.7205696294163264,3.4960359706419366
image_3624504249384,1,226,142,0.2421875,/media/hdd2/ARCL_multicar_bags/camera_dataset/2026-05-18-v0/stereo_left/EPnPv2_gt_mesh_z_hybrid_labels/3624504249384_0.json,/media/hdd2/ARCL_multicar_bags/camera_dataset/2026-05-18-v0/stereo_left/EPnPv2_gt_mesh_z_hybrid_labels/3624504249384_0.json,T_map_object_raw,T_camera_object_centered,15256.658437405407,4.30326744014898,4.010053246155832
image_3624705608340,1,228,144,0.23046875,/media/hdd2/ARCL_multicar_bags/camera_dataset/2026-05-18-v0/stereo_left/EPnPv2_gt_mesh_z_hybrid_labels/3624705608340_0.json,/media/hdd2/ARCL_multicar_bags/camera_dataset/2026-05-18-v0/stereo_left/EPnPv2_gt_mesh_z_hybrid_labels/3624705608340_0.json,T_map_object_raw,T_camera_object_centered,15433.775135533058,3.753165763599089,5.072231060238088
image_3624804654537,1,229,145,0.28125,/media/hdd2/ARCL_multicar_bags/camera_dataset/2026-05-18-v0/stereo_left/EPnPv2_gt_mesh_z_hybrid_labels/3624804654537_0.json,/media/hdd2/ARCL_multicar_bags/camera_dataset/2026-05-18-v0/stereo_left/EPnPv2_gt_mesh_z_hybrid_labels/3624804654537_0.json,T_map_object_raw,T_camera_object_centered,14624.888563230656,3.529093857801775,2.7300901267434963
image_3624904098269,1,230,147,0.24609375,/media/hdd2/ARCL_multicar_bags/camera_dataset/2026-05-18-v0/stereo_left/EPnPv2_gt_mesh_z_hybrid_labels/3624904098269_0.json,/media/hdd2/ARCL_multicar_bags/camera_dataset/2026-05-18-v0/stereo_left/EPnPv2_gt_mesh_z_hybrid_labels/3624904098269_0.json,T_map_object_raw,T_camera_object_centered,16972.129061975644,3.633659726751829,2.217450124619357
image_3625004089104,1,231,148,0.24609375,/media/hdd2/ARCL_multicar_bags/camera_dataset/2026-05-18-v0/stereo_left/EPnPv2_gt_mesh_z_hybrid_labels/3625004089104_0.json,/media/hdd2/ARCL_multicar_bags/camera_dataset/2026-05-18-v0/stereo_left/EPnPv2_gt_mesh_z_hybrid_labels/3625004089104_0.json,T_map_object_raw,T_camera_object_centered,16468.751986924115,3.6224334374567833,2.8037816024123354
image_3625104555110,1,232,149,0.21484375,/media/hdd2/ARCL_multicar_bags/camera_dataset/2026-05-18-v0/stereo_left/EPnPv2_gt_mesh_z_hybrid_labels/3625104555110_0.json,/media/hdd2/ARCL_multicar_bags/camera_dataset/2026-05-18-v0/stereo_left/EPnPv2_gt_mesh_z_hybrid_labels/3625104555110_0.json,T_map_object_raw,T_camera_object_centered,12906.509868798712,3.520454168371781,4.710217479179542
image_3625226429757,1,233,150,0.265625,/media/hdd2/ARCL_multicar_bags/camera_dataset/2026-05-18-v0/stereo_left/EPnPv2_gt_mesh_z_hybrid_labels/3625226429757_0.json,/media/hdd2/ARCL_multicar_bags/camera_dataset/2026-05-18-v0/stereo_left/EPnPv2_gt_mesh_z_hybrid_labels/3625226429757_0.json,T_map_object_raw,T_camera_object_centered,12036.712649920526,3.3324730066854804,4.692570152365936
image_3625314084395,1,234,151,0.234375,/media/hdd2/ARCL_multicar_bags/camera_dataset/2026-05-18-v0/stereo_left/EPnPv2_gt_mesh_z_hybrid_labels/3625314084395_0.json,/media/hdd2/ARCL_multicar_bags/camera_dataset/2026-05-18-v0/stereo_left/EPnPv2_gt_mesh_z_hybrid_labels/3625314084395_0.json,T_map_object_raw,T_camera_object_centered,17282.55241146455,3.7668636711055226,2.9479754976067056
image_3625404004915,1,235,152,0.25,/media/hdd2/ARCL_multicar_bags/camera_dataset/2026-05-18-v0/stereo_left/EPnPv2_gt_mesh_z_hybrid_labels/3625404004915_0.json,/media/hdd2/ARCL_multicar_bags/camera_dataset/2026-05-18-v0/stereo_left/EPnPv2_gt_mesh_z_hybrid_labels/3625404004915_0.json,T_map_object_raw,T_camera_object_centered,17029.89064032365,3.462430795727356,3.0028121734522477
image_3625504533047,1,236,153,0.26171875,/media/hdd2/ARCL_multicar_bags/camera_dataset/2026-05-18-v0/stereo_left/EPnPv2_gt_mesh_z_hybrid_labels/3625504533047_0.json,/media/hdd2/ARCL_multicar_bags/camera_dataset/2026-05-18-v0/stereo_left/EPnPv2_gt_mesh_z_hybrid_labels/3625504533047_0.json,T_map_object_raw,T_camera_object_centered,15725.764633782732,3.388961862690012,1.1296210368837825
image_3625614443839,1,237,154,0.2265625,/media/hdd2/ARCL_multicar_bags/camera_dataset/2026-05-18-v0/stereo_left/EPnPv2_gt_mesh_z_hybrid_labels/3625614443839_0.json,/media/hdd2/ARCL_multicar_bags/camera_dataset/2026-05-18-v0/stereo_left/EPnPv2_gt_mesh_z_hybrid_labels/3625614443839_0.json,T_map_object_raw,T_camera_object_centered,17177.50465914981,3.653903857548824,5.15373392761847
image_3625702871445,1,238,155,0.234375,/media/hdd2/ARCL_multicar_bags/camera_dataset/2026-05-18-v0/stereo_left/EPnPv2_gt_mesh_z_hybrid_labels/3625702871445_0.json,/media/hdd2/ARCL_multicar_bags/camera_dataset/2026-05-18-v0/stereo_left/EPnPv2_gt_mesh_z_hybrid_labels/3625702871445_0.json,T_map_object_raw,T_camera_object_centered,17406.986590573924,3.743112786976177,5.184393695568999
image_3625818239532,1,239,156,0.23828125,/media/hdd2/ARCL_multicar_bags/camera_dataset/2026-05-18-v0/stereo_left/EPnPv2_gt_mesh_z_hybrid_labels/3625818239532_0.json,/media/hdd2/ARCL_multicar_bags/camera_dataset/2026-05-18-v0/stereo_left/EPnPv2_gt_mesh_z_hybrid_labels/3625818239532_0.json,T_map_object_raw,T_camera_object_centered,15530.245458592284,3.734117910501882,0.7834058573351083
image_3625906365185,1,240,158,0.2265625,/media/hdd2/ARCL_multicar_bags/camera_dataset/2026-05-18-v0/stereo_left/EPnPv2_gt_mesh_z_hybrid_labels/3625906365185_0.json,/media/hdd2/ARCL_multicar_bags/camera_dataset/2026-05-18-v0/stereo_left/EPnPv2_gt_mesh_z_hybrid_labels/3625906365185_0.json,T_map_object_raw,T_camera_object_centered,15956.037061894482,3.168953014140485,5.894191327165594
image_3626020400468,1,241,159,0.1640625,/media/hdd2/ARCL_multicar_bags/camera_dataset/2026-05-18-v0/stereo_left/EPnPv2_gt_mesh_z_hybrid_labels/3626020400468_0.json,/media/hdd2/ARCL_multicar_bags/camera_dataset/2026-05-18-v0/stereo_left/EPnPv2_gt_mesh_z_hybrid_labels/3626020400468_0.json,T_map_object_raw,T_camera_object_centered,11759.811982826142,3.572316450264779,5.183352463316019
image_3626205476077,1,242,160,0.19921875,/media/hdd2/ARCL_multicar_bags/camera_dataset/2026-05-18-v0/stereo_left/EPnPv2_gt_mesh_z_hybrid_labels/3626205476077_0.json,/media/hdd2/ARCL_multicar_bags/camera_dataset/2026-05-18-v0/stereo_left/EPnPv2_gt_mesh_z_hybrid_labels/3626205476077_0.json,T_map_object_raw,T_camera_object_centered,15163.030218028074,3.5154815741112646,2.972580966707212
image_3626304299973,1,243,161,0.22265625,/media/hdd2/ARCL_multicar_bags/camera_dataset/2026-05-18-v0/stereo_left/EPnPv2_gt_mesh_z_hybrid_labels/3626304299973_0.json,/media/hdd2/ARCL_multicar_bags/camera_dataset/2026-05-18-v0/stereo_left/EPnPv2_gt_mesh_z_hybrid_labels/3626304299973_0.json,T_map_object_raw,T_camera_object_centered,19272.84682692591,3.3783130669056987,4.927684226861198
image_3626421546019,1,244,162,0.2265625,/media/hdd2/ARCL_multicar_bags/camera_dataset/2026-05-18-v0/stereo_left/EPnPv2_gt_mesh_z_hybrid_labels/3626421546019_0.json,/media/hdd2/ARCL_multicar_bags/camera_dataset/2026-05-18-v0/stereo_left/EPnPv2_gt_mesh_z_hybrid_labels/3626421546019_0.json,T_map_object_raw,T_camera_object_centered,18483.355649212383,3.4859407553649,5.091140123963476
image_3626529895289,1,245,163,0.234375,/media/hdd2/ARCL_multicar_bags/camera_dataset/2026-05-18-v0/stereo_left/EPnPv2_gt_mesh_z_hybrid_labels/3626529895289_0.json,/media/hdd2/ARCL_multicar_bags/camera_dataset/2026-05-18-v0/stereo_left/EPnPv2_gt_mesh_z_hybrid_labels/3626529895289_0.json,T_map_object_raw,T_camera_object_centered,16996.50803905226,3.190075365618705,5.90944332193539
image_3626706562135,1,246,164,0.25390625,/media/hdd2/ARCL_multicar_bags/camera_dataset/2026-05-18-v0/stereo_left/EPnPv2_gt_mesh_z_hybrid_labels/3626706562135_0.json,/media/hdd2/ARCL_multicar_bags/camera_dataset/2026-05-18-v0/stereo_left/EPnPv2_gt_mesh_z_hybrid_labels/3626706562135_0.json,T_map_object_raw,T_camera_object_centered,19440.647259150235,3.383562413436982,3.383125255790087
image_3627004177515,1,247,165,0.20703125,/media/hdd2/ARCL_multicar_bags/camera_dataset/2026-05-18-v0/stereo_left/EPnPv2_gt_mesh_z_hybrid_labels/3627004177515_0.json,/media/hdd2/ARCL_multicar_bags/camera_dataset/2026-05-18-v0/stereo_left/EPnPv2_gt_mesh_z_hybrid_labels/3627004177515_0.json,T_map_object_raw,T_camera_object_centered,15549.33255152715,3.0667792639640243,4.894576153664648
image_3627110835923,1,248,166,0.21484375,/media/hdd2/ARCL_multicar_bags/camera_dataset/2026-05-18-v0/stereo_left/EPnPv2_gt_mesh_z_hybrid_labels/3627110835923_0.json,/media/hdd2/ARCL_multicar_bags/camera_dataset/2026-05-18-v0/stereo_left/EPnPv2_gt_mesh_z_hybrid_labels/3627110835923_0.json,T_map_object_raw,T_camera_object_centered,16427.15324729413,3.160701596916426,4.8444143026875635
image_3627206676526,1,249,167,0.23828125,/media/hdd2/ARCL_multicar_bags/camera_dataset/2026-05-18-v0/stereo_left/EPnPv2_gt_mesh_z_hybrid_labels/3627206676526_0.json,/media/hdd2/ARCL_multicar_bags/camera_dataset/2026-05-18-v0/stereo_left/EPnPv2_gt_mesh_z_hybrid_labels/3627206676526_0.json,T_map_object_raw,T_camera_object_centered,17074.984223582564,2.8200268926734378,3.693008960679628
image_3627317925599,1,250,169,0.18359375,/media/hdd2/ARCL_multicar_bags/camera_dataset/2026-05-18-v0/stereo_left/EPnPv2_gt_mesh_z_hybrid_labels/3627317925599_0.json,/media/hdd2/ARCL_multicar_bags/camera_dataset/2026-05-18-v0/stereo_left/EPnPv2_gt_mesh_z_hybrid_labels/3627317925599_0.json,T_map_object_raw,T_camera_object_centered,14523.434060140908,2.4055784058223613,3.771664115916649
image_3627404643347,1,251,170,0.24609375,/media/hdd2/ARCL_multicar_bags/camera_dataset/2026-05-18-v0/stereo_left/EPnPv2_gt_mesh_z_hybrid_labels/3627404643347_0.json,/media/hdd2/ARCL_multicar_bags/camera_dataset/2026-05-18-v0/stereo_left/EPnPv2_gt_mesh_z_hybrid_labels/3627404643347_0.json,T_map_object_raw,T_camera_object_centered,13403.347339680853,1.9591350078662753,4.167743628314088
image_3627509456149,1,252,171,0.234375,/media/hdd2/ARCL_multicar_bags/camera_dataset/2026-05-18-v0/stereo_left/EPnPv2_gt_mesh_z_hybrid_labels/3627509456149_0.json,/media/hdd2/ARCL_multicar_bags/camera_dataset/2026-05-18-v0/stereo_left/EPnPv2_gt_mesh_z_hybrid_labels/3627509456149_0.json,T_map_object_raw,T_camera_object_centered,18801.890955642695,2.5267693960851663,3.8681632427533588
image_3627608392862,1,253,172,0.25,/media/hdd2/ARCL_multicar_bags/camera_dataset/2026-05-18-v0/stereo_left/EPnPv2_gt_mesh_z_hybrid_labels/3627608392862_0.json,/media/hdd2/ARCL_multicar_bags/camera_dataset/2026-05-18-v0/stereo_left/EPnPv2_gt_mesh_z_hybrid_labels/3627608392862_0.json,T_map_object_raw,T_camera_object_centered,15127.465882349084,2.4588363283502015,3.433592693202168
image_3627906478577,1,256,175,0.2421875,/media/hdd2/ARCL_multicar_bags/camera_dataset/2026-05-18-v0/stereo_left/EPnPv2_gt_mesh_z_hybrid_labels/3627906478577_0.json,/media/hdd2/ARCL_multicar_bags/camera_dataset/2026-05-18-v0/stereo_left/EPnPv2_gt_mesh_z_hybrid_labels/3627906478577_0.json,T_map_object_raw,T_camera_object_centered,17289.731095520423,2.7433686323135977,6.089006638776828
image_3628003467483,1,257,176,0.25390625,/media/hdd2/ARCL_multicar_bags/camera_dataset/2026-05-18-v0/stereo_left/EPnPv2_gt_mesh_z_hybrid_labels/3628003467483_0.json,/media/hdd2/ARCL_multicar_bags/camera_dataset/2026-05-18-v0/stereo_left/EPnPv2_gt_mesh_z_hybrid_labels/3628003467483_0.json,T_map_object_raw,T_camera_object_centered,17075.55439878917,2.1406296953326547,4.309499164077527
image_3628104410088,1,258,177,0.23046875,/media/hdd2/ARCL_multicar_bags/camera_dataset/2026-05-18-v0/stereo_left/EPnPv2_gt_mesh_z_hybrid_labels/3628104410088_0.json,/media/hdd2/ARCL_multicar_bags/camera_dataset/2026-05-18-v0/stereo_left/EPnPv2_gt_mesh_z_hybrid_labels/3628104410088_0.json,T_map_object_raw,T_camera_object_centered,15408.414642169972,2.038703110938848,3.066214756229999
image_3628203973469,1,259,178,0.23828125,/media/hdd2/ARCL_multicar_bags/camera_dataset/2026-05-18-v0/stereo_left/EPnPv2_gt_mesh_z_hybrid_labels/3628203973469_0.json,/media/hdd2/ARCL_multicar_bags/camera_dataset/2026-05-18-v0/stereo_left/EPnPv2_gt_mesh_z_hybrid_labels/3628203973469_0.json,T_map_object_raw,T_camera_object_centered,16308.621993058088,1.8480545574245488,0.6206072341034586
image_3628315956143,1,260,180,0.2265625,/media/hdd2/ARCL_multicar_bags/camera_dataset/2026-05-18-v0/stereo_left/EPnPv2_gt_mesh_z_hybrid_labels/3628315956143_0.json,/media/hdd2/ARCL_multicar_bags/camera_dataset/2026-05-18-v0/stereo_left/EPnPv2_gt_mesh_z_hybrid_labels/3628315956143_0.json,T_map_object_raw,T_camera_object_centered,14007.121511728008,1.0171857662329147,2.882162103521799
image_3628414247451,1,261,181,0.1875,/media/hdd2/ARCL_multicar_bags/camera_dataset/2026-05-18-v0/stereo_left/EPnPv2_gt_mesh_z_hybrid_labels/3628414247451_0.json,/media/hdd2/ARCL_multicar_bags/camera_dataset/2026-05-18-v0/stereo_left/EPnPv2_gt_mesh_z_hybrid_labels/3628414247451_0.json,T_map_object_raw,T_camera_object_centered,14486.334994849036,1.6076910153519992,5.309647944561657
image_3628603098617,1,262,182,0.203125,/media/hdd2/ARCL_multicar_bags/camera_dataset/2026-05-18-v0/stereo_left/EPnPv2_gt_mesh_z_hybrid_labels/3628603098617_0.json,/media/hdd2/ARCL_multicar_bags/camera_dataset/2026-05-18-v0/stereo_left/EPnPv2_gt_mesh_z_hybrid_labels/3628603098617_0.json,T_map_object_raw,T_camera_object_centered,14780.701367984908,2.1464351383285525,2.9130609142764743
image_3628709657713,1,263,183,0.24609375,/media/hdd2/ARCL_multicar_bags/camera_dataset/2026-05-18-v0/stereo_left/EPnPv2_gt_mesh_z_hybrid_labels/3628709657713_0.json,/media/hdd2/ARCL_multicar_bags/camera_dataset/2026-05-18-v0/stereo_left/EPnPv2_gt_mesh_z_hybrid_labels/3628709657713_0.json,T_map_object_raw,T_camera_object_centered,14473.285397608133,1.9302698889982195,1.4547373225058409
image_3628808651617,1,264,184,0.15234375,/media/hdd2/ARCL_multicar_bags/camera_dataset/2026-05-18-v0/stereo_left/EPnPv2_gt_mesh_z_hybrid_labels/3628808651617_0.json,/media/hdd2/ARCL_multicar_bags/camera_dataset/2026-05-18-v0/stereo_left/EPnPv2_gt_mesh_z_hybrid_labels/3628808651617_0.json,T_map_object_raw,T_camera_object_centered,13312.697319606244,1.9648196978917485,2.655389805711374
image_3629014749394,1,266,186,0.20703125,/media/hdd2/ARCL_multicar_bags/camera_dataset/2026-05-18-v0/stereo_left/EPnPv2_gt_mesh_z_hybrid_labels/3629014749394_0.json,/media/hdd2/ARCL_multicar_bags/camera_dataset/2026-05-18-v0/stereo_left/EPnPv2_gt_mesh_z_hybrid_labels/3629014749394_0.json,T_map_object_raw,T_camera_object_centered,14407.557821622455,1.8142554511787232,5.48361573265003
image_3629105131807,1,267,187,0.234375,/media/hdd2/ARCL_multicar_bags/camera_dataset/2026-05-18-v0/stereo_left/EPnPv2_gt_mesh_z_hybrid_labels/3629105131807_0.json,/media/hdd2/ARCL_multicar_bags/camera_dataset/2026-05-18-v0/stereo_left/EPnPv2_gt_mesh_z_hybrid_labels/3629105131807_0.json,T_map_object_raw,T_camera_object_centered,15201.231841506818,1.7104103233713355,3.8097613588920494
image_3629204338298,1,268,188,0.22265625,/media/hdd2/ARCL_multicar_bags/camera_dataset/2026-05-18-v0/stereo_left/EPnPv2_gt_mesh_z_hybrid_labels/3629204338298_0.json,/media/hdd2/ARCL_multicar_bags/camera_dataset/2026-05-18-v0/stereo_left/EPnPv2_gt_mesh_z_hybrid_labels/3629204338298_0.json,T_map_object_raw,T_camera_object_centered,13063.79647734257,1.536432556962397,2.510002993989666
image_3629304271181,1,269,189,0.2421875,/media/hdd2/ARCL_multicar_bags/camera_dataset/2026-05-18-v0/stereo_left/EPnPv2_gt_mesh_z_hybrid_labels/3629304271181_0.json,/media/hdd2/ARCL_multicar_bags/camera_dataset/2026-05-18-v0/stereo_left/EPnPv2_gt_mesh_z_hybrid_labels/3629304271181_0.json,T_map_object_raw,T_camera_object_centered,15022.45181526035,0.615960971956557,2.783963687729032
image_3629404458168,1,270,191,0.19140625,/media/hdd2/ARCL_multicar_bags/camera_dataset/2026-05-18-v0/stereo_left/EPnPv2_gt_mesh_z_hybrid_labels/3629404458168_0.json,/media/hdd2/ARCL_multicar_bags/camera_dataset/2026-05-18-v0/stereo_left/EPnPv2_gt_mesh_z_hybrid_labels/3629404458168_0.json,T_map_object_raw,T_camera_object_centered,13398.861870910212,0.7324025978852969,3.3688778090917078
image_3629534083528,1,271,192,0.20703125,/media/hdd2/ARCL_multicar_bags/camera_dataset/2026-05-18-v0/stereo_left/EPnPv2_gt_mesh_z_hybrid_labels/3629534083528_0.json,/media/hdd2/ARCL_multicar_bags/camera_dataset/2026-05-18-v0/stereo_left/EPnPv2_gt_mesh_z_hybrid_labels/3629534083528_0.json,T_map_object_raw,T_camera_object_centered,17885.536897238057,2.064925293528276,6.939195883175045
image_3629605566179,1,272,193,0.23046875,/media/hdd2/ARCL_multicar_bags/camera_dataset/2026-05-18-v0/stereo_left/EPnPv2_gt_mesh_z_hybrid_labels/3629605566179_0.json,/media/hdd2/ARCL_multicar_bags/camera_dataset/2026-05-18-v0/stereo_left/EPnPv2_gt_mesh_z_hybrid_labels/3629605566179_0.json,T_map_object_raw,T_camera_object_centered,13579.847676706719,1.2606678795680808,3.4863244580709685
image_3629718299305,1,273,194,0.24609375,/media/hdd2/ARCL_multicar_bags/camera_dataset/2026-05-18-v0/stereo_left/EPnPv2_gt_mesh_z_hybrid_labels/3629718299305_0.json,/media/hdd2/ARCL_multicar_bags/camera_dataset/2026-05-18-v0/stereo_left/EPnPv2_gt_mesh_z_hybrid_labels/3629718299305_0.json,T_map_object_raw,T_camera_object_centered,13348.555101259159,0.8908494153501222,2.6088502179369337
image_3629804224419,1,274,195,0.234375,/media/hdd2/ARCL_multicar_bags/camera_dataset/2026-05-18-v0/stereo_left/EPnPv2_gt_mesh_z_hybrid_labels/3629804224419_0.json,/media/hdd2/ARCL_multicar_bags/camera_dataset/2026-05-18-v0/stereo_left/EPnPv2_gt_mesh_z_hybrid_labels/3629804224419_0.json,T_map_object_raw,T_camera_object_centered,13868.240668414663,1.3787001384007032,4.5883701235776355
image_3630005922126,1,275,196,0.2421875,/media/hdd2/ARCL_multicar_bags/camera_dataset/2026-05-18-v0/stereo_left/EPnPv2_gt_mesh_z_hybrid_labels/3630005922126_0.json,/media/hdd2/ARCL_multicar_bags/camera_dataset/2026-05-18-v0/stereo_left/EPnPv2_gt_mesh_z_hybrid_labels/3630005922126_0.json,T_map_object_raw,T_camera_object_centered,15995.822329707955,2.4699558810903306,4.751294047703189
image_3630107205294,1,276,197,0.21484375,/media/hdd2/ARCL_multicar_bags/camera_dataset/2026-05-18-v0/stereo_left/EPnPv2_gt_mesh_z_hybrid_labels/3630107205294_0.json,/media/hdd2/ARCL_multicar_bags/camera_dataset/2026-05-18-v0/stereo_left/EPnPv2_gt_mesh_z_hybrid_labels/3630107205294_0.json,T_map_object_raw,T_camera_object_centered,12712.900474687973,1.7135221932678042,2.2086455697023823
image_3630204436677,1,277,198,0.234375,/media/hdd2/ARCL_multicar_bags/camera_dataset/2026-05-18-v0/stereo_left/EPnPv2_gt_mesh_z_hybrid_labels/3630204436677_0.json,/media/hdd2/ARCL_multicar_bags/camera_dataset/2026-05-18-v0/stereo_left/EPnPv2_gt_mesh_z_hybrid_labels/3630204436677_0.json,T_map_object_raw,T_camera_object_centered,14407.859256203361,1.721955776772577,1.856289147961837
image_3630307561867,1,278,199,0.21875,/media/hdd2/ARCL_multicar_bags/camera_dataset/2026-05-18-v0/stereo_left/EPnPv2_gt_mesh_z_hybrid_labels/3630307561867_0.json,/media/hdd2/ARCL_multicar_bags/camera_dataset/2026-05-18-v0/stereo_left/EPnPv2_gt_mesh_z_hybrid_labels/3630307561867_0.json,T_map_object_raw,T_camera_object_centered,14692.055047101643,2.2103804841916306,4.348049781661612
image_3630402909081,1,279,200,0.23046875,/media/hdd2/ARCL_multicar_bags/camera_dataset/2026-05-18-v0/stereo_left/EPnPv2_gt_mesh_z_hybrid_labels/3630402909081_0.json,/media/hdd2/ARCL_multicar_bags/camera_dataset/2026-05-18-v0/stereo_left/EPnPv2_gt_mesh_z_hybrid_labels/3630402909081_0.json,T_map_object_raw,T_camera_object_centered,15994.503296298131,2.7176538554757683,5.506535575370511
image_3630503914887,1,280,202,0.2109375,/media/hdd2/ARCL_multicar_bags/camera_dataset/2026-05-18-v0/stereo_left/EPnPv2_gt_mesh_z_hybrid_labels/3630503914887_0.json,/media/hdd2/ARCL_multicar_bags/camera_dataset/2026-05-18-v0/stereo_left/EPnPv2_gt_mesh_z_hybrid_labels/3630503914887_0.json,T_map_object_raw,T_camera_object_centered,11651.535276966733,1.946099481742263,1.1925334218111758
image_3630603535947,1,281,203,0.23828125,/media/hdd2/ARCL_multicar_bags/camera_dataset/2026-05-18-v0/stereo_left/EPnPv2_gt_mesh_z_hybrid_labels/3630603535947_0.json,/media/hdd2/ARCL_multicar_bags/camera_dataset/2026-05-18-v0/stereo_left/EPnPv2_gt_mesh_z_hybrid_labels/3630603535947_0.json,T_map_object_raw,T_camera_object_centered,18157.41245033711,2.3107293188048743,3.734711978235451
image_3630713401988,1,282,204,0.23828125,/media/hdd2/ARCL_multicar_bags/camera_dataset/2026-05-18-v0/stereo_left/EPnPv2_gt_mesh_z_hybrid_labels/3630713401988_0.json,/media/hdd2/ARCL_multicar_bags/camera_dataset/2026-05-18-v0/stereo_left/EPnPv2_gt_mesh_z_hybrid_labels/3630713401988_0.json,T_map_object_raw,T_camera_object_centered,16646.04179983536,2.7169283642903683,3.7172674151533904
image_3630802880372,1,283,205,0.23046875,/media/hdd2/ARCL_multicar_bags/camera_dataset/2026-05-18-v0/stereo_left/EPnPv2_gt_mesh_z_hybrid_labels/3630802880372_0.json,/media/hdd2/ARCL_multicar_bags/camera_dataset/2026-05-18-v0/stereo_left/EPnPv2_gt_mesh_z_hybrid_labels/3630802880372_0.json,T_map_object_raw,T_camera_object_centered,17410.3281701739,2.286194605376284,5.367806694874236
image_3630903935359,1,284,206,0.23828125,/media/hdd2/ARCL_multicar_bags/camera_dataset/2026-05-18-v0/stereo_left/EPnPv2_gt_mesh_z_hybrid_labels/3630903935359_0.json,/media/hdd2/ARCL_multicar_bags/camera_dataset/2026-05-18-v0/stereo_left/EPnPv2_gt_mesh_z_hybrid_labels/3630903935359_0.json,T_map_object_raw,T_camera_object_centered,15076.612505831703,0.8613515055736296,3.8456070348670153
image_3631005768940,1,285,207,0.23828125,/media/hdd2/ARCL_multicar_bags/camera_dataset/2026-05-18-v0/stereo_left/EPnPv2_gt_mesh_z_hybrid_labels/3631005768940_0.json,/media/hdd2/ARCL_multicar_bags/camera_dataset/2026-05-18-v0/stereo_left/EPnPv2_gt_mesh_z_hybrid_labels/3631005768940_0.json,T_map_object_raw,T_camera_object_centered,15538.674605765083,2.3036359178510843,5.205547690031433
image_3631113137202,1,286,208,0.25,/media/hdd2/ARCL_multicar_bags/camera_dataset/2026-05-18-v0/stereo_left/EPnPv2_gt_mesh_z_hybrid_labels/3631113137202_0.json,/media/hdd2/ARCL_multicar_bags/camera_dataset/2026-05-18-v0/stereo_left/EPnPv2_gt_mesh_z_hybrid_labels/3631113137202_0.json,T_map_object_raw,T_camera_object_centered,19075.245665047732,2.3335736008998125,2.833349960586167
image_3631207981945,1,287,209,0.25,/media/hdd2/ARCL_multicar_bags/camera_dataset/2026-05-18-v0/stereo_left/EPnPv2_gt_mesh_z_hybrid_labels/3631207981945_0.json,/media/hdd2/ARCL_multicar_bags/camera_dataset/2026-05-18-v0/stereo_left/EPnPv2_gt_mesh_z_hybrid_labels/3631207981945_0.json,T_map_object_raw,T_camera_object_centered,15060.855203581725,1.088111535106213,1.4745193389368372
image_3631306105461,1,288,210,0.2421875,/media/hdd2/ARCL_multicar_bags/camera_dataset/2026-05-18-v0/stereo_left/EPnPv2_gt_mesh_z_hybrid_labels/3631306105461_0.json,/media/hdd2/ARCL_multicar_bags/camera_dataset/2026-05-18-v0/stereo_left/EPnPv2_gt_mesh_z_hybrid_labels/3631306105461_0.json,T_map_object_raw,T_camera_object_centered,15567.374375061847,2.263422833521085,1.153909477175003
image_3631403311943,1,289,211,0.26171875,/media/hdd2/ARCL_multicar_bags/camera_dataset/2026-05-18-v0/stereo_left/EPnPv2_gt_mesh_z_hybrid_labels/3631403311943_0.json,/media/hdd2/ARCL_multicar_bags/camera_dataset/2026-05-18-v0/stereo_left/EPnPv2_gt_mesh_z_hybrid_labels/3631403311943_0.json,T_map_object_raw,T_camera_object_centered,17751.62412978593,2.9691626719584576,2.841694712523478
image_3631505693368,1,290,213,0.234375,/media/hdd2/ARCL_multicar_bags/camera_dataset/2026-05-18-v0/stereo_left/EPnPv2_gt_mesh_z_hybrid_labels/3631505693368_0.json,/media/hdd2/ARCL_multicar_bags/camera_dataset/2026-05-18-v0/stereo_left/EPnPv2_gt_mesh_z_hybrid_labels/3631505693368_0.json,T_map_object_raw,T_camera_object_centered,14568.439540362868,1.2556386328704465,1.4260189297427557
image_3631605325308,1,291,214,0.2421875,/media/hdd2/ARCL_multicar_bags/camera_dataset/2026-05-18-v0/stereo_left/EPnPv2_gt_mesh_z_hybrid_labels/3631605325308_0.json,/media/hdd2/ARCL_multicar_bags/camera_dataset/2026-05-18-v0/stereo_left/EPnPv2_gt_mesh_z_hybrid_labels/3631605325308_0.json,T_map_object_raw,T_camera_object_centered,14634.471090932633,1.0576875041194558,2.971991009608184
image_3631813581893,1,293,216,0.2421875,/media/hdd2/ARCL_multicar_bags/camera_dataset/2026-05-18-v0/stereo_left/EPnPv2_gt_mesh_z_hybrid_labels/3631813581893_0.json,/media/hdd2/ARCL_multicar_bags/camera_dataset/2026-05-18-v0/stereo_left/EPnPv2_gt_mesh_z_hybrid_labels/3631813581893_0.json,T_map_object_raw,T_camera_object_centered,11828.128493530203,1.5659159294691842,1.1216255730656857
image_3631902923950,1,294,217,0.2265625,/media/hdd2/ARCL_multicar_bags/camera_dataset/2026-05-18-v0/stereo_left/EPnPv2_gt_mesh_z_hybrid_labels/3631902923950_0.json,/media/hdd2/ARCL_multicar_bags/camera_dataset/2026-05-18-v0/stereo_left/EPnPv2_gt_mesh_z_hybrid_labels/3631902923950_0.json,T_map_object_raw,T_camera_object_centered,14467.259466724227,2.986746515601822,2.583150410122297
image_3632017896365,1,295,218,0.25,/media/hdd2/ARCL_multicar_bags/camera_dataset/2026-05-18-v0/stereo_left/EPnPv2_gt_mesh_z_hybrid_labels/3632017896365_0.json,/media/hdd2/ARCL_multicar_bags/camera_dataset/2026-05-18-v0/stereo_left/EPnPv2_gt_mesh_z_hybrid_labels/3632017896365_0.json,T_map_object_raw,T_camera_object_centered,15159.877357670463,1.264131366445175,0.9002960707230361
image_3632103505830,1,296,219,0.26171875,/media/hdd2/ARCL_multicar_bags/camera_dataset/2026-05-18-v0/stereo_left/EPnPv2_gt_mesh_z_hybrid_labels/3632103505830_0.json,/media/hdd2/ARCL_multicar_bags/camera_dataset/2026-05-18-v0/stereo_left/EPnPv2_gt_mesh_z_hybrid_labels/3632103505830_0.json,T_map_object_raw,T_camera_object_centered,15871.776245318364,3.3401187037153925,2.5258679936498116
image_3632205088648,1,297,220,0.26171875,/media/hdd2/ARCL_multicar_bags/camera_dataset/2026-05-18-v0/stereo_left/EPnPv2_gt_mesh_z_hybrid_labels/3632205088648_0.json,/media/hdd2/ARCL_multicar_bags/camera_dataset/2026-05-18-v0/stereo_left/EPnPv2_gt_mesh_z_hybrid_labels/3632205088648_0.json,T_map_object_raw,T_camera_object_centered,15153.515317361176,1.6419378800219484,2.5575735497840917
image_3632304655947,1,298,221,0.2578125,/media/hdd2/ARCL_multicar_bags/camera_dataset/2026-05-18-v0/stereo_left/EPnPv2_gt_mesh_z_hybrid_labels/3632304655947_0.json,/media/hdd2/ARCL_multicar_bags/camera_dataset/2026-05-18-v0/stereo_left/EPnPv2_gt_mesh_z_hybrid_labels/3632304655947_0.json,T_map_object_raw,T_camera_object_centered,15563.745078719478,3.463786511935333,3.2149704517498647
image_3632407305035,1,299,222,0.2578125,/media/hdd2/ARCL_multicar_bags/camera_dataset/2026-05-18-v0/stereo_left/EPnPv2_gt_mesh_z_hybrid_labels/3632407305035_0.json,/media/hdd2/ARCL_multicar_bags/camera_dataset/2026-05-18-v0/stereo_left/EPnPv2_gt_mesh_z_hybrid_labels/3632407305035_0.json,T_map_object_raw,T_camera_object_centered,15284.941450315742,3.442151257740534,2.73854756606709
image_3632518490886,1,300,225,0.25,/media/hdd2/ARCL_multicar_bags/camera_dataset/2026-05-18-v0/stereo_left/EPnPv2_gt_mesh_z_hybrid_labels/3632518490886_0.json,/media/hdd2/ARCL_multicar_bags/camera_dataset/2026-05-18-v0/stereo_left/EPnPv2_gt_mesh_z_hybrid_labels/3632518490886_0.json,T_map_object_raw,T_camera_object_centered,17813.25783974078,2.0319869356700666,1.7573212767784556
image_3632608413963,1,301,226,0.2578125,/media/hdd2/ARCL_multicar_bags/camera_dataset/2026-05-18-v0/stereo_left/EPnPv2_gt_mesh_z_hybrid_labels/3632608413963_0.json,/media/hdd2/ARCL_multicar_bags/camera_dataset/2026-05-18-v0/stereo_left/EPnPv2_gt_mesh_z_hybrid_labels/3632608413963_0.json,T_map_object_raw,T_camera_object_centered,17837.500760035426,3.041250761353984,1.2238277951996657
image_3632703833037,1,302,227,0.26953125,/media/hdd2/ARCL_multicar_bags/camera_dataset/2026-05-18-v0/stereo_left/EPnPv2_gt_mesh_z_hybrid_labels/3632703833037_0.json,/media/hdd2/ARCL_multicar_bags/camera_dataset/2026-05-18-v0/stereo_left/EPnPv2_gt_mesh_z_hybrid_labels/3632703833037_0.json,T_map_object_raw,T_camera_object_centered,14310.17298676933,3.2485202327436125,2.981744154643466
image_3632918102641,1,304,229,0.25,/media/hdd2/ARCL_multicar_bags/camera_dataset/2026-05-18-v0/stereo_left/EPnPv2_gt_mesh_z_hybrid_labels/3632918102641_0.json,/media/hdd2/ARCL_multicar_bags/camera_dataset/2026-05-18-v0/stereo_left/EPnPv2_gt_mesh_z_hybrid_labels/3632918102641_0.json,T_map_object_raw,T_camera_object_centered,16632.110857282307,4.101234856913989,1.8767303116313965
image_3633113905354,1,306,231,0.25390625,/media/hdd2/ARCL_multicar_bags/camera_dataset/2026-05-18-v0/stereo_left/EPnPv2_gt_mesh_z_hybrid_labels/3633113905354_0.json,/media/hdd2/ARCL_multicar_bags/camera_dataset/2026-05-18-v0/stereo_left/EPnPv2_gt_mesh_z_hybrid_labels/3633113905354_0.json,T_map_object_raw,T_camera_object_centered,14922.05625137234,3.3785053613301437,2.824093474337958
image_3633304850333,1,308,233,0.25,/media/hdd2/ARCL_multicar_bags/camera_dataset/2026-05-18-v0/stereo_left/EPnPv2_gt_mesh_z_hybrid_labels/3633304850333_0.json,/media/hdd2/ARCL_multicar_bags/camera_dataset/2026-05-18-v0/stereo_left/EPnPv2_gt_mesh_z_hybrid_labels/3633304850333_0.json,T_map_object_raw,T_camera_object_centered,15456.83028708023,2.571132724166022,2.535237037867069
image_3633513333712,1,310,236,0.23828125,/media/hdd2/ARCL_multicar_bags/camera_dataset/2026-05-18-v0/stereo_left/EPnPv2_gt_mesh_z_hybrid_labels/3633513333712_0.json,/media/hdd2/ARCL_multicar_bags/camera_dataset/2026-05-18-v0/stereo_left/EPnPv2_gt_mesh_z_hybrid_labels/3633513333712_0.json,T_map_object_raw,T_camera_object_centered,17126.999090419955,3.6931053030245975,5.845574011638997
image_3633603864304,1,311,237,0.25390625,/media/hdd2/ARCL_multicar_bags/camera_dataset/2026-05-18-v0/stereo_left/EPnPv2_gt_mesh_z_hybrid_labels/3633603864304_0.json,/media/hdd2/ARCL_multicar_bags/camera_dataset/2026-05-18-v0/stereo_left/EPnPv2_gt_mesh_z_hybrid_labels/3633603864304_0.json,T_map_object_raw,T_camera_object_centered,18462.471682203577,4.082995220683452,1.7205277542694972
image_3633702982881,1,312,238,0.25390625,/media/hdd2/ARCL_multicar_bags/camera_dataset/2026-05-18-v0/stereo_left/EPnPv2_gt_mesh_z_hybrid_labels/3633702982881_0.json,/media/hdd2/ARCL_multicar_bags/camera_dataset/2026-05-18-v0/stereo_left/EPnPv2_gt_mesh_z_hybrid_labels/3633702982881_0.json,T_map_object_raw,T_camera_object_centered,15563.097851715245,3.7362722279551983,2.2577788975339237
image_3633806501384,1,313,239,0.2578125,/media/hdd2/ARCL_multicar_bags/camera_dataset/2026-05-18-v0/stereo_left/EPnPv2_gt_mesh_z_hybrid_labels/3633806501384_0.json,/media/hdd2/ARCL_multicar_bags/camera_dataset/2026-05-18-v0/stereo_left/EPnPv2_gt_mesh_z_hybrid_labels/3633806501384_0.json,T_map_object_raw,T_camera_object_centered,15756.727919539888,3.616874646320854,3.648227202389522
image_3633904733076,1,314,240,0.265625,/media/hdd2/ARCL_multicar_bags/camera_dataset/2026-05-18-v0/stereo_left/EPnPv2_gt_mesh_z_hybrid_labels/3633904733076_0.json,/media/hdd2/ARCL_multicar_bags/camera_dataset/2026-05-18-v0/stereo_left/EPnPv2_gt_mesh_z_hybrid_labels/3633904733076_0.json,T_map_object_raw,T_camera_object_centered,14819.49378524968,3.9051902915439247,5.616215770087814
image_3634104920674,1,315,241,0.22265625,/media/hdd2/ARCL_multicar_bags/camera_dataset/2026-05-18-v0/stereo_left/EPnPv2_gt_mesh_z_hybrid_labels/3634104920674_0.json,/media/hdd2/ARCL_multicar_bags/camera_dataset/2026-05-18-v0/stereo_left/EPnPv2_gt_mesh_z_hybrid_labels/3634104920674_0.json,T_map_object_raw,T_camera_object_centered,15365.83313190476,3.202428717290542,6.082626306511776
image_3634205463123,1,316,242,0.25390625,/media/hdd2/ARCL_multicar_bags/camera_dataset/2026-05-18-v0/stereo_left/EPnPv2_gt_mesh_z_hybrid_labels/3634205463123_0.json,/media/hdd2/ARCL_multicar_bags/camera_dataset/2026-05-18-v0/stereo_left/EPnPv2_gt_mesh_z_hybrid_labels/3634205463123_0.json,T_map_object_raw,T_camera_object_centered,16271.38770902198,4.193761285675364,4.670367152414709
image_3634405745335,1,317,243,0.25390625,/media/hdd2/ARCL_multicar_bags/camera_dataset/2026-05-18-v0/stereo_left/EPnPv2_gt_mesh_z_hybrid_labels/3634405745335_0.json,/media/hdd2/ARCL_multicar_bags/camera_dataset/2026-05-18-v0/stereo_left/EPnPv2_gt_mesh_z_hybrid_labels/3634405745335_0.json,T_map_object_raw,T_camera_object_centered,16569.309700015823,4.829636369362321,3.097402577718879
image_3634504313914,1,318,244,0.2578125,/media/hdd2/ARCL_multicar_bags/camera_dataset/2026-05-18-v0/stereo_left/EPnPv2_gt_mesh_z_hybrid_labels/3634504313914_0.json,/media/hdd2/ARCL_multicar_bags/camera_dataset/2026-05-18-v0/stereo_left/EPnPv2_gt_mesh_z_hybrid_labels/3634504313914_0.json,T_map_object_raw,T_camera_object_centered,15474.086382701802,4.5746117486984135,2.7298877076328094
image_3634604454754,1,319,245,0.265625,/media/hdd2/ARCL_multicar_bags/camera_dataset/2026-05-18-v0/stereo_left/EPnPv2_gt_mesh_z_hybrid_labels/3634604454754_0.json,/media/hdd2/ARCL_multicar_bags/camera_dataset/2026-05-18-v0/stereo_left/EPnPv2_gt_mesh_z_hybrid_labels/3634604454754_0.json,T_map_object_raw,T_camera_object_centered,15024.548289680592,4.225230419445675,3.539828053144483
image_3634806058508,1,321,248,0.24609375,/media/hdd2/ARCL_multicar_bags/camera_dataset/2026-05-18-v0/stereo_left/EPnPv2_gt_mesh_z_hybrid_labels/3634806058508_0.json,/media/hdd2/ARCL_multicar_bags/camera_dataset/2026-05-18-v0/stereo_left/EPnPv2_gt_mesh_z_hybrid_labels/3634806058508_0.json,T_map_object_raw,T_camera_object_centered,15731.399565593656,2.5126984065650655,4.901919586649123
image_3634903069866,1,322,249,0.26171875,/media/hdd2/ARCL_multicar_bags/camera_dataset/2026-05-18-v0/stereo_left/EPnPv2_gt_mesh_z_hybrid_labels/3634903069866_0.json,/media/hdd2/ARCL_multicar_bags/camera_dataset/2026-05-18-v0/stereo_left/EPnPv2_gt_mesh_z_hybrid_labels/3634903069866_0.json,T_map_object_raw,T_camera_object_centered,16431.35655591594,5.181447331255447,3.2495515246369275
image_3635005366525,1,323,250,0.23828125,/media/hdd2/ARCL_multicar_bags/camera_dataset/2026-05-18-v0/stereo_left/EPnPv2_gt_mesh_z_hybrid_labels/3635005366525_0.json,/media/hdd2/ARCL_multicar_bags/camera_dataset/2026-05-18-v0/stereo_left/EPnPv2_gt_mesh_z_hybrid_labels/3635005366525_0.json,T_map_object_raw,T_camera_object_centered,17573.337402949823,2.771402396718802,3.0041390999257622
image_3635302919616,1,325,252,0.26171875,/media/hdd2/ARCL_multicar_bags/camera_dataset/2026-05-18-v0/stereo_left/EPnPv2_gt_mesh_z_hybrid_labels/3635302919616_0.json,/media/hdd2/ARCL_multicar_bags/camera_dataset/2026-05-18-v0/stereo_left/EPnPv2_gt_mesh_z_hybrid_labels/3635302919616_0.json,T_map_object_raw,T_camera_object_centered,15836.284652406184,2.128183184001896,2.9876332303166264
image_3635419179647,1,326,253,0.26171875,/media/hdd2/ARCL_multicar_bags/camera_dataset/2026-05-18-v0/stereo_left/EPnPv2_gt_mesh_z_hybrid_labels/3635419179647_0.json,/media/hdd2/ARCL_multicar_bags/camera_dataset/2026-05-18-v0/stereo_left/EPnPv2_gt_mesh_z_hybrid_labels/3635419179647_0.json,T_map_object_raw,T_camera_object_centered,14581.340881927785,4.2696541989151156,3.2719801418594816
image_3635504245312,1,327,254,0.27734375,/media/hdd2/ARCL_multicar_bags/camera_dataset/2026-05-18-v0/stereo_left/EPnPv2_gt_mesh_z_hybrid_labels/3635504245312_0.json,/media/hdd2/ARCL_multicar_bags/camera_dataset/2026-05-18-v0/stereo_left/EPnPv2_gt_mesh_z_hybrid_labels/3635504245312_0.json,T_map_object_raw,T_camera_object_centered,15289.77758311317,3.3242474797950368,1.2318540269983653
image_3635631802373,1,328,255,0.2734375,/media/hdd2/ARCL_multicar_bags/camera_dataset/2026-05-18-v0/stereo_left/EPnPv2_gt_mesh_z_hybrid_labels/3635631802373_0.json,/media/hdd2/ARCL_multicar_bags/camera_dataset/2026-05-18-v0/stereo_left/EPnPv2_gt_mesh_z_hybrid_labels/3635631802373_0.json,T_map_object_raw,T_camera_object_centered,16881.28533004376,4.810117361627364,2.7035907737973095
image_3635703905821,1,329,256,0.2734375,/media/hdd2/ARCL_multicar_bags/camera_dataset/2026-05-18-v0/stereo_left/EPnPv2_gt_mesh_z_hybrid_labels/3635703905821_0.json,/media/hdd2/ARCL_multicar_bags/camera_dataset/2026-05-18-v0/stereo_left/EPnPv2_gt_mesh_z_hybrid_labels/3635703905821_0.json,T_map_object_raw,T_camera_object_centered,15443.108030900987,4.041569950408424,2.2600917990485923
image_3635903844458,1,331,259,0.265625,/media/hdd2/ARCL_multicar_bags/camera_dataset/2026-05-18-v0/stereo_left/EPnPv2_gt_mesh_z_hybrid_labels/3635903844458_0.json,/media/hdd2/ARCL_multicar_bags/camera_dataset/2026-05-18-v0/stereo_left/EPnPv2_gt_mesh_z_hybrid_labels/3635903844458_0.json,T_map_object_raw,T_camera_object_centered,17343.59288987035,5.150144260629327,1.1763400981935856
image_3636105229828,1,333,261,0.2578125,/media/hdd2/ARCL_multicar_bags/camera_dataset/2026-05-18-v0/stereo_left/EPnPv2_gt_mesh_z_hybrid_labels/3636105229828_0.json,/media/hdd2/ARCL_multicar_bags/camera_dataset/2026-05-18-v0/stereo_left/EPnPv2_gt_mesh_z_hybrid_labels/3636105229828_0.json,T_map_object_raw,T_camera_object_centered,11758.040091212613,2.634992342333808,1.8748047645823158
image_3636206689488,1,334,262,0.25,/media/hdd2/ARCL_multicar_bags/camera_dataset/2026-05-18-v0/stereo_left/EPnPv2_gt_mesh_z_hybrid_labels/3636206689488_0.json,/media/hdd2/ARCL_multicar_bags/camera_dataset/2026-05-18-v0/stereo_left/EPnPv2_gt_mesh_z_hybrid_labels/3636206689488_0.json,T_map_object_raw,T_camera_object_centered,14538.256855508605,3.427221905494171,1.1292281226315457
image_3636613914135,1,338,266,0.26171875,/media/hdd2/ARCL_multicar_bags/camera_dataset/2026-05-18-v0/stereo_left/EPnPv2_gt_mesh_z_hybrid_labels/3636613914135_0.json,/media/hdd2/ARCL_multicar_bags/camera_dataset/2026-05-18-v0/stereo_left/EPnPv2_gt_mesh_z_hybrid_labels/3636613914135_0.json,T_map_object_raw,T_camera_object_centered,16322.246040764701,3.43927575392743,2.581468492335323
image_3636712947139,1,339,267,0.2734375,/media/hdd2/ARCL_multicar_bags/camera_dataset/2026-05-18-v0/stereo_left/EPnPv2_gt_mesh_z_hybrid_labels/3636712947139_0.json,/media/hdd2/ARCL_multicar_bags/camera_dataset/2026-05-18-v0/stereo_left/EPnPv2_gt_mesh_z_hybrid_labels/3636712947139_0.json,T_map_object_raw,T_camera_object_centered,16479.668469684348,3.5108825524086447,2.180462332163185
image_3636807774364,1,340,269,0.25,/media/hdd2/ARCL_multicar_bags/camera_dataset/2026-05-18-v0/stereo_left/EPnPv2_gt_mesh_z_hybrid_labels/3636807774364_0.json,/media/hdd2/ARCL_multicar_bags/camera_dataset/2026-05-18-v0/stereo_left/EPnPv2_gt_mesh_z_hybrid_labels/3636807774364_0.json,T_map_object_raw,T_camera_object_centered,16334.29833416309,2.725936659719546,3.9772803252120883
image_3636903783345,1,341,270,0.25,/media/hdd2/ARCL_multicar_bags/camera_dataset/2026-05-18-v0/stereo_left/EPnPv2_gt_mesh_z_hybrid_labels/3636903783345_0.json,/media/hdd2/ARCL_multicar_bags/camera_dataset/2026-05-18-v0/stereo_left/EPnPv2_gt_mesh_z_hybrid_labels/3636903783345_0.json,T_map_object_raw,T_camera_object_centered,16771.49319734871,3.3675112972919514,2.40526873963046
image_3637009070656,1,342,271,0.25390625,/media/hdd2/ARCL_multicar_bags/camera_dataset/2026-05-18-v0/stereo_left/EPnPv2_gt_mesh_z_hybrid_labels/3637009070656_0.json,/media/hdd2/ARCL_multicar_bags/camera_dataset/2026-05-18-v0/stereo_left/EPnPv2_gt_mesh_z_hybrid_labels/3637009070656_0.json,T_map_object_raw,T_camera_object_centered,19229.410036588015,3.4614561117497327,2.5604583609000886
image_3637127211828,1,343,272,0.24609375,/media/hdd2/ARCL_multicar_bags/camera_dataset/2026-05-18-v0/stereo_left/EPnPv2_gt_mesh_z_hybrid_labels/3637127211828_0.json,/media/hdd2/ARCL_multicar_bags/camera_dataset/2026-05-18-v0/stereo_left/EPnPv2_gt_mesh_z_hybrid_labels/3637127211828_0.json,T_map_object_raw,T_camera_object_centered,18920.324139937955,3.542299526044917,1.8734422878902621
image_3637208523506,1,344,273,0.2734375,/media/hdd2/ARCL_multicar_bags/camera_dataset/2026-05-18-v0/stereo_left/EPnPv2_gt_mesh_z_hybrid_labels/3637208523506_0.json,/media/hdd2/ARCL_multicar_bags/camera_dataset/2026-05-18-v0/stereo_left/EPnPv2_gt_mesh_z_hybrid_labels/3637208523506_0.json,T_map_object_raw,T_camera_object_centered,12005.128868042439,3.5737231341045206,1.169931435991048
image_3637612093077,1,348,277,0.25,/media/hdd2/ARCL_multicar_bags/camera_dataset/2026-05-18-v0/stereo_left/EPnPv2_gt_mesh_z_hybrid_labels/3637612093077_0.json,/media/hdd2/ARCL_multicar_bags/camera_dataset/2026-05-18-v0/stereo_left/EPnPv2_gt_mesh_z_hybrid_labels/3637612093077_0.json,T_map_object_raw,T_camera_object_centered,18154.47271882704,4.206550896395976,4.6192153914372245
image_3637804407719,1,349,278,0.22265625,/media/hdd2/ARCL_multicar_bags/camera_dataset/2026-05-18-v0/stereo_left/EPnPv2_gt_mesh_z_hybrid_labels/3637804407719_0.json,/media/hdd2/ARCL_multicar_bags/camera_dataset/2026-05-18-v0/stereo_left/EPnPv2_gt_mesh_z_hybrid_labels/3637804407719_0.json,T_map_object_raw,T_camera_object_centered,15226.715133305306,3.4208023517479416,4.780075471281009
image_3637906602086,1,350,280,0.21875,/media/hdd2/ARCL_multicar_bags/camera_dataset/2026-05-18-v0/stereo_left/EPnPv2_gt_mesh_z_hybrid_labels/3637906602086_0.json,/media/hdd2/ARCL_multicar_bags/camera_dataset/2026-05-18-v0/stereo_left/EPnPv2_gt_mesh_z_hybrid_labels/3637906602086_0.json,T_map_object_raw,T_camera_object_centered,15976.25258349157,2.8193417121981783,5.222192455127733
image_3638015829475,1,351,281,0.26171875,/media/hdd2/ARCL_multicar_bags/camera_dataset/2026-05-18-v0/stereo_left/EPnPv2_gt_mesh_z_hybrid_labels/3638015829475_0.json,/media/hdd2/ARCL_multicar_bags/camera_dataset/2026-05-18-v0/stereo_left/EPnPv2_gt_mesh_z_hybrid_labels/3638015829475_0.json,T_map_object_raw,T_camera_object_centered,17962.41558825507,4.943585622283017,2.550423155038802
image_3638110975609,1,352,282,0.26171875,/media/hdd2/ARCL_multicar_bags/camera_dataset/2026-05-18-v0/stereo_left/EPnPv2_gt_mesh_z_hybrid_labels/3638110975609_0.json,/media/hdd2/ARCL_multicar_bags/camera_dataset/2026-05-18-v0/stereo_left/EPnPv2_gt_mesh_z_hybrid_labels/3638110975609_0.json,T_map_object_raw,T_camera_object_centered,18367.85184785512,4.346536415826384,4.872647345255839
image_3638205729846,1,353,283,0.26171875,/media/hdd2/ARCL_multicar_bags/camera_dataset/2026-05-18-v0/stereo_left/EPnPv2_gt_mesh_z_hybrid_labels/3638205729846_0.json,/media/hdd2/ARCL_multicar_bags/camera_dataset/2026-05-18-v0/stereo_left/EPnPv2_gt_mesh_z_hybrid_labels/3638205729846_0.json,T_map_object_raw,T_camera_object_centered,17722.82998902983,4.172751363327988,3.9853659861314488
image_3638304361855,1,354,284,0.2421875,/media/hdd2/ARCL_multicar_bags/camera_dataset/2026-05-18-v0/stereo_left/EPnPv2_gt_mesh_z_hybrid_labels/3638304361855_0.json,/media/hdd2/ARCL_multicar_bags/camera_dataset/2026-05-18-v0/stereo_left/EPnPv2_gt_mesh_z_hybrid_labels/3638304361855_0.json,T_map_object_raw,T_camera_object_centered,16133.7344330585,4.233203802989869,4.1532315844545415
image_3638603694284,1,356,286,0.21875,/media/hdd2/ARCL_multicar_bags/camera_dataset/2026-05-18-v0/stereo_left/EPnPv2_gt_mesh_z_hybrid_labels/3638603694284_0.json,/media/hdd2/ARCL_multicar_bags/camera_dataset/2026-05-18-v0/stereo_left/EPnPv2_gt_mesh_z_hybrid_labels/3638603694284_0.json,T_map_object_raw,T_camera_object_centered,14578.238121989492,3.438500903220015,5.682112706298363
image_3638705284526,1,357,287,0.2265625,/media/hdd2/ARCL_multicar_bags/camera_dataset/2026-05-18-v0/stereo_left/EPnPv2_gt_mesh_z_hybrid_labels/3638705284526_0.json,/media/hdd2/ARCL_multicar_bags/camera_dataset/2026-05-18-v0/stereo_left/EPnPv2_gt_mesh_z_hybrid_labels/3638705284526_0.json,T_map_object_raw,T_camera_object_centered,16147.088711416709,2.3507630624589995,5.902040451887337
image_3638803131446,1,358,288,0.26171875,/media/hdd2/ARCL_multicar_bags/camera_dataset/2026-05-18-v0/stereo_left/EPnPv2_gt_mesh_z_hybrid_labels/3638803131446_0.json,/media/hdd2/ARCL_multicar_bags/camera_dataset/2026-05-18-v0/stereo_left/EPnPv2_gt_mesh_z_hybrid_labels/3638803131446_0.json,T_map_object_raw,T_camera_object_centered,19143.913599527717,4.5962766263724175,2.519566785230656
image_3639117281309,1,359,289,0.2265625,/media/hdd2/ARCL_multicar_bags/camera_dataset/2026-05-18-v0/stereo_left/EPnPv2_gt_mesh_z_hybrid_labels/3639117281309_0.json,/media/hdd2/ARCL_multicar_bags/camera_dataset/2026-05-18-v0/stereo_left/EPnPv2_gt_mesh_z_hybrid_labels/3639117281309_0.json,T_map_object_raw,T_camera_object_centered,16721.532388466316,2.4775691697685405,5.075243327357061
image_3639303237146,1,360,291,0.265625,/media/hdd2/ARCL_multicar_bags/camera_dataset/2026-05-18-v0/stereo_left/EPnPv2_gt_mesh_z_hybrid_labels/3639303237146_0.json,/media/hdd2/ARCL_multicar_bags/camera_dataset/2026-05-18-v0/stereo_left/EPnPv2_gt_mesh_z_hybrid_labels/3639303237146_0.json,T_map_object_raw,T_camera_object_centered,17319.64309605709,3.733504769249218,3.231932836522813
image_3639403901731,1,361,292,0.25,/media/hdd2/ARCL_multicar_bags/camera_dataset/2026-05-18-v0/stereo_left/EPnPv2_gt_mesh_z_hybrid_labels/3639403901731_0.json,/media/hdd2/ARCL_multicar_bags/camera_dataset/2026-05-18-v0/stereo_left/EPnPv2_gt_mesh_z_hybrid_labels/3639403901731_0.json,T_map_object_raw,T_camera_object_centered,16865.413825553802,3.778263137595664,2.702380167071429
image_3639502955077,1,362,293,0.2421875,/media/hdd2/ARCL_multicar_bags/camera_dataset/2026-05-18-v0/stereo_left/EPnPv2_gt_mesh_z_hybrid_labels/3639502955077_0.json,/media/hdd2/ARCL_multicar_bags/camera_dataset/2026-05-18-v0/stereo_left/EPnPv2_gt_mesh_z_hybrid_labels/3639502955077_0.json,T_map_object_raw,T_camera_object_centered,15778.622073267223,2.3938192590937906,5.573939299651375
image_3639604996597,1,363,294,0.21484375,/media/hdd2/ARCL_multicar_bags/camera_dataset/2026-05-18-v0/stereo_left/EPnPv2_gt_mesh_z_hybrid_labels/3639604996597_0.json,/media/hdd2/ARCL_multicar_bags/camera_dataset/2026-05-18-v0/stereo_left/EPnPv2_gt_mesh_z_hybrid_labels/3639604996597_0.json,T_map_object_raw,T_camera_object_centered,15557.486942580243,3.779122900739285,2.4098980645138566
image_3639704246590,1,364,295,0.23046875,/media/hdd2/ARCL_multicar_bags/camera_dataset/2026-05-18-v0/stereo_left/EPnPv2_gt_mesh_z_hybrid_labels/3639704246590_0.json,/media/hdd2/ARCL_multicar_bags/camera_dataset/2026-05-18-v0/stereo_left/EPnPv2_gt_mesh_z_hybrid_labels/3639704246590_0.json,T_map_object_raw,T_camera_object_centered,14617.145036864416,4.392853885750037,5.107909621289269
image_3639803758809,1,365,296,0.2265625,/media/hdd2/ARCL_multicar_bags/camera_dataset/2026-05-18-v0/stereo_left/EPnPv2_gt_mesh_z_hybrid_labels/3639803758809_0.json,/media/hdd2/ARCL_multicar_bags/camera_dataset/2026-05-18-v0/stereo_left/EPnPv2_gt_mesh_z_hybrid_labels/3639803758809_0.json,T_map_object_raw,T_camera_object_centered,18968.59574630039,4.085980392474358,5.009152361590715
image_3639940429098,1,366,297,0.21484375,/media/hdd2/ARCL_multicar_bags/camera_dataset/2026-05-18-v0/stereo_left/EPnPv2_gt_mesh_z_hybrid_labels/3639940429098_0.json,/media/hdd2/ARCL_multicar_bags/camera_dataset/2026-05-18-v0/stereo_left/EPnPv2_gt_mesh_z_hybrid_labels/3639940429098_0.json,T_map_object_raw,T_camera_object_centered,17876.84805898968,2.5057692177065363,3.9925228027012065
image_3640103750990,1,367,298,0.20703125,/media/hdd2/ARCL_multicar_bags/camera_dataset/2026-05-18-v0/stereo_left/EPnPv2_gt_mesh_z_hybrid_labels/3640103750990_0.json,/media/hdd2/ARCL_multicar_bags/camera_dataset/2026-05-18-v0/stereo_left/EPnPv2_gt_mesh_z_hybrid_labels/3640103750990_0.json,T_map_object_raw,T_camera_object_centered,17057.56456494707,3.1151760560451365,7.002239355805391
image_3640203680279,1,368,299,0.13671875,/media/hdd2/ARCL_multicar_bags/camera_dataset/2026-05-18-v0/stereo_left/EPnPv2_gt_mesh_z_hybrid_labels/3640203680279_0.json,/media/hdd2/ARCL_multicar_bags/camera_dataset/2026-05-18-v0/stereo_left/EPnPv2_gt_mesh_z_hybrid_labels/3640203680279_0.json,T_map_object_raw,T_camera_object_centered,15582.327395369779,3.7796112991541073,7.312397299042159
image_3640321908300,1,369,300,0.1953125,/media/hdd2/ARCL_multicar_bags/camera_dataset/2026-05-18-v0/stereo_left/EPnPv2_gt_mesh_z_hybrid_labels/3640321908300_0.json,/media/hdd2/ARCL_multicar_bags/camera_dataset/2026-05-18-v0/stereo_left/EPnPv2_gt_mesh_z_hybrid_labels/3640321908300_0.json,T_map_object_raw,T_camera_object_centered,16085.169011114569,2.771597454190566,5.94430044838798
image_3640502972821,1,371,303,0.2109375,/media/hdd2/ARCL_multicar_bags/camera_dataset/2026-05-18-v0/stereo_left/EPnPv2_gt_mesh_z_hybrid_labels/3640502972821_0.json,/media/hdd2/ARCL_multicar_bags/camera_dataset/2026-05-18-v0/stereo_left/EPnPv2_gt_mesh_z_hybrid_labels/3640502972821_0.json,T_map_object_raw,T_camera_object_centered,16393.28508655733,2.401749820593395,8.558312966868153
image_3640622214115,1,372,304,0.1640625,/media/hdd2/ARCL_multicar_bags/camera_dataset/2026-05-18-v0/stereo_left/EPnPv2_gt_mesh_z_hybrid_labels/3640622214115_0.json,/media/hdd2/ARCL_multicar_bags/camera_dataset/2026-05-18-v0/stereo_left/EPnPv2_gt_mesh_z_hybrid_labels/3640622214115_0.json,T_map_object_raw,T_camera_object_centered,15671.762348878656,2.8938190173557117,6.893111287532422
image_3640705411178,1,373,305,0.21484375,/media/hdd2/ARCL_multicar_bags/camera_dataset/2026-05-18-v0/stereo_left/EPnPv2_gt_mesh_z_hybrid_labels/3640705411178_0.json,/media/hdd2/ARCL_multicar_bags/camera_dataset/2026-05-18-v0/stereo_left/EPnPv2_gt_mesh_z_hybrid_labels/3640705411178_0.json,T_map_object_raw,T_camera_object_centered,16645.580971091105,2.936058225968107,8.438933629414489
image_3640813911792,1,374,306,0.21875,/media/hdd2/ARCL_multicar_bags/camera_dataset/2026-05-18-v0/stereo_left/EPnPv2_gt_mesh_z_hybrid_labels/3640813911792_0.json,/media/hdd2/ARCL_multicar_bags/camera_dataset/2026-05-18-v0/stereo_left/EPnPv2_gt_mesh_z_hybrid_labels/3640813911792_0.json,T_map_object_raw,T_camera_object_centered,18640.140451977593,2.3456066910181166,9.662252985519444
image_3640904756034,1,375,307,0.21875,/media/hdd2/ARCL_multicar_bags/camera_dataset/2026-05-18-v0/stereo_left/EPnPv2_gt_mesh_z_hybrid_labels/3640904756034_0.json,/media/hdd2/ARCL_multicar_bags/camera_dataset/2026-05-18-v0/stereo_left/EPnPv2_gt_mesh_z_hybrid_labels/3640904756034_0.json,T_map_object_raw,T_camera_object_centered,17019.20781212121,2.395065033126757,5.363074698106327
image_3641112528757,1,377,309,0.18359375,/media/hdd2/ARCL_multicar_bags/camera_dataset/2026-05-18-v0/stereo_left/EPnPv2_gt_mesh_z_hybrid_labels/3641112528757_0.json,/media/hdd2/ARCL_multicar_bags/camera_dataset/2026-05-18-v0/stereo_left/EPnPv2_gt_mesh_z_hybrid_labels/3641112528757_0.json,T_map_object_raw,T_camera_object_centered,16611.995126537116,3.7445228927369154,7.403079030555253
image_3641203571545,1,378,310,0.19921875,/media/hdd2/ARCL_multicar_bags/camera_dataset/2026-05-18-v0/stereo_left/EPnPv2_gt_mesh_z_hybrid_labels/3641203571545_0.json,/media/hdd2/ARCL_multicar_bags/camera_dataset/2026-05-18-v0/stereo_left/EPnPv2_gt_mesh_z_hybrid_labels/3641203571545_0.json,T_map_object_raw,T_camera_object_centered,16021.17362967243,2.6764082168854046,8.813905937599785
image_3641308353309,1,379,311,0.1640625,/media/hdd2/ARCL_multicar_bags/camera_dataset/2026-05-18-v0/stereo_left/EPnPv2_gt_mesh_z_hybrid_labels/3641308353309_0.json,/media/hdd2/ARCL_multicar_bags/camera_dataset/2026-05-18-v0/stereo_left/EPnPv2_gt_mesh_z_hybrid_labels/3641308353309_0.json,T_map_object_raw,T_camera_object_centered,15009.91184879354,3.2577679753593047,9.530324405994005
image_3645305332546,1,417,354,0.20703125,/media/hdd2/ARCL_multicar_bags/camera_dataset/2026-05-18-v0/stereo_left/EPnPv2_gt_mesh_z_hybrid_labels/3645305332546_0.json,/media/hdd2/ARCL_multicar_bags/camera_dataset/2026-05-18-v0/stereo_left/EPnPv2_gt_mesh_z_hybrid_labels/3645305332546_0.json,T_map_object_raw,T_camera_object_centered,18896.678679658497,3.946935548602211,6.12217156259092
image_3645408492459,1,418,355,0.1796875,/media/hdd2/ARCL_multicar_bags/camera_dataset/2026-05-18-v0/stereo_left/EPnPv2_gt_mesh_z_hybrid_labels/3645408492459_0.json,/media/hdd2/ARCL_multicar_bags/camera_dataset/2026-05-18-v0/stereo_left/EPnPv2_gt_mesh_z_hybrid_labels/3645408492459_0.json,T_map_object_raw,T_camera_object_centered,17266.064089460637,4.1013798078119095,5.633850848757458
image_3645503169586,1,419,356,0.203125,/media/hdd2/ARCL_multicar_bags/camera_dataset/2026-05-18-v0/stereo_left/EPnPv2_gt_mesh_z_hybrid_labels/3645503169586_0.json,/media/hdd2/ARCL_multicar_bags/camera_dataset/2026-05-18-v0/stereo_left/EPnPv2_gt_mesh_z_hybrid_labels/3645503169586_0.json,T_map_object_raw,T_camera_object_centered,17800.77622459147,4.567356945945334,6.655813299863354
image_3648503616160,1,447,394,0.16796875,/media/hdd2/ARCL_multicar_bags/camera_dataset/2026-05-18-v0/stereo_left/EPnPv2_gt_mesh_z_hybrid_labels/3648503616160_0.json,/media/hdd2/ARCL_multicar_bags/camera_dataset/2026-05-18-v0/stereo_left/EPnPv2_gt_mesh_z_hybrid_labels/3648503616160_0.json,T_map_object_raw,T_camera_object_centered,12839.112432103913,3.497291558557949,8.446294858092658
image_3648704082533,1,449,398,0.1953125,/media/hdd2/ARCL_multicar_bags/camera_dataset/2026-05-18-v0/stereo_left/EPnPv2_gt_mesh_z_hybrid_labels/3648704082533_0.json,/media/hdd2/ARCL_multicar_bags/camera_dataset/2026-05-18-v0/stereo_left/EPnPv2_gt_mesh_z_hybrid_labels/3648704082533_0.json,T_map_object_raw,T_camera_object_centered,12209.679493999223,3.9359885620190287,8.823732331896835
image_3649505034026,1,457,413,0.19140625,/media/hdd2/ARCL_multicar_bags/camera_dataset/2026-05-18-v0/stereo_left/EPnPv2_gt_mesh_z_hybrid_labels/3649505034026_0.json,/media/hdd2/ARCL_multicar_bags/camera_dataset/2026-05-18-v0/stereo_left/EPnPv2_gt_mesh_z_hybrid_labels/3649505034026_0.json,T_map_object_raw,T_camera_object_centered,13992.44320893754,3.300853640544922,3.8677918871641253
image_3649603669781,1,458,414,0.2890625,/media/hdd2/ARCL_multicar_bags/camera_dataset/2026-05-18-v0/stereo_left/EPnPv2_gt_mesh_z_hybrid_labels/3649603669781_0.json,/media/hdd2/ARCL_multicar_bags/camera_dataset/2026-05-18-v0/stereo_left/EPnPv2_gt_mesh_z_hybrid_labels/3649603669781_0.json,T_map_object_raw,T_camera_object_centered,19465.15044163593,3.31976754356283,4.317948292867674
image_3649803852989,1,459,415,0.1875,/media/hdd2/ARCL_multicar_bags/camera_dataset/2026-05-18-v0/stereo_left/EPnPv2_gt_mesh_z_hybrid_labels/3649803852989_0.json,/media/hdd2/ARCL_multicar_bags/camera_dataset/2026-05-18-v0/stereo_left/EPnPv2_gt_mesh_z_hybrid_labels/3649803852989_0.json,T_map_object_raw,T_camera_object_centered,17687.593517054687,3.4097719926647736,5.779806044694768
image_3650004538268,1,461,418,0.171875,/media/hdd2/ARCL_multicar_bags/camera_dataset/2026-05-18-v0/stereo_left/EPnPv2_gt_mesh_z_hybrid_labels/3650004538268_0.json,/media/hdd2/ARCL_multicar_bags/camera_dataset/2026-05-18-v0/stereo_left/EPnPv2_gt_mesh_z_hybrid_labels/3650004538268_0.json,T_map_object_raw,T_camera_object_centered,15048.324446294353,3.729670088847477,7.19430775154308
image_3650103918138,1,462,419,0.19140625,/media/hdd2/ARCL_multicar_bags/camera_dataset/2026-05-18-v0/stereo_left/EPnPv2_gt_mesh_z_hybrid_labels/3650103918138_0.json,/media/hdd2/ARCL_multicar_bags/camera_dataset/2026-05-18-v0/stereo_left/EPnPv2_gt_mesh_z_hybrid_labels/3650103918138_0.json,T_map_object_raw,T_camera_object_centered,15981.987345924183,4.0110689902968595,6.356328461980133
image_3650205374538,1,463,420,0.1875,/media/hdd2/ARCL_multicar_bags/camera_dataset/2026-05-18-v0/stereo_left/EPnPv2_gt_mesh_z_hybrid_labels/3650205374538_0.json,/media/hdd2/ARCL_multicar_bags/camera_dataset/2026-05-18-v0/stereo_left/EPnPv2_gt_mesh_z_hybrid_labels/3650205374538_0.json,T_map_object_raw,T_camera_object_centered,18848.466794930795,5.2702595527079765,7.030404115743077
image_3603986936980,1,37,220,0.19140625,/media/hdd2/ARCL_multicar_bags/camera_dataset/2026-05-18-v1-v4/stereo_left/EPnPv2_gt_mesh_z_hybrid_labels/3603986936980_0.json,/media/hdd2/ARCL_multicar_bags/camera_dataset/2026-05-18-v1-v4/stereo_left/EPnPv2_gt_mesh_z_hybrid_labels/3603986936980_0.json,T_map_object_raw,T_camera_object_centered,14201.343960357379,5.635691503379035,7.596165794595833
image_3604087086254,1,38,221,0.21875,/media/hdd2/ARCL_multicar_bags/camera_dataset/2026-05-18-v1-v4/stereo_left/EPnPv2_gt_mesh_z_hybrid_labels/3604087086254_0.json,/media/hdd2/ARCL_multicar_bags/camera_dataset/2026-05-18-v1-v4/stereo_left/EPnPv2_gt_mesh_z_hybrid_labels/3604087086254_0.json,T_map_object_raw,T_camera_object_centered,13384.517336456225,2.919306463894821,7.910758127771286
image_3604999750651,1,46,230,0.19140625,/media/hdd2/ARCL_multicar_bags/camera_dataset/2026-05-18-v1-v4/stereo_left/EPnPv2_gt_mesh_z_hybrid_labels/3604999750651_0.json,/media/hdd2/ARCL_multicar_bags/camera_dataset/2026-05-18-v1-v4/stereo_left/EPnPv2_gt_mesh_z_hybrid_labels/3604999750651_0.json,T_map_object_raw,T_camera_object_centered,11134.20635190624,4.500251075289746,5.498991691958656
image_3605295760119,1,49,233,0.140625,/media/hdd2/ARCL_multicar_bags/camera_dataset/2026-05-18-v1-v4/stereo_left/EPnPv2_gt_mesh_z_hybrid_labels/3605295760119_0.json,/media/hdd2/ARCL_multicar_bags/camera_dataset/2026-05-18-v1-v4/stereo_left/EPnPv2_gt_mesh_z_hybrid_labels/3605295760119_0.json,T_map_object_raw,T_camera_object_centered,12010.327832218554,5.522467933930276,3.113453702407321
image_3605583369862,1,52,237,0.16796875,/media/hdd2/ARCL_multicar_bags/camera_dataset/2026-05-18-v1-v4/stereo_left/EPnPv2_gt_mesh_z_hybrid_labels/3605583369862_0.json,/media/hdd2/ARCL_multicar_bags/camera_dataset/2026-05-18-v1-v4/stereo_left/EPnPv2_gt_mesh_z_hybrid_labels/3605583369862_0.json,T_map_object_raw,T_camera_object_centered,12770.098008990319,4.8651836392475705,6.537529472253363
image_3605783625839,1,54,239,0.16796875,/media/hdd2/ARCL_multicar_bags/camera_dataset/2026-05-18-v1-v4/stereo_left/EPnPv2_gt_mesh_z_hybrid_labels/3605783625839_0.json,/media/hdd2/ARCL_multicar_bags/camera_dataset/2026-05-18-v1-v4/stereo_left/EPnPv2_gt_mesh_z_hybrid_labels/3605783625839_0.json,T_map_object_raw,T_camera_object_centered,12853.686032233827,6.706429688229291,3.9480667158148366
image_3607483506201,1,71,258,0.140625,/media/hdd2/ARCL_multicar_bags/camera_dataset/2026-05-18-v1-v4/stereo_left/EPnPv2_gt_mesh_z_hybrid_labels/3607483506201_0.json,/media/hdd2/ARCL_multicar_bags/camera_dataset/2026-05-18-v1-v4/stereo_left/EPnPv2_gt_mesh_z_hybrid_labels/3607483506201_0.json,T_map_object_raw,T_camera_object_centered,10050.353485985148,7.938430134244623,6.698840854028598
image_3607687763074,1,73,260,0.10546875,/media/hdd2/ARCL_multicar_bags/camera_dataset/2026-05-18-v1-v4/stereo_left/EPnPv2_gt_mesh_z_hybrid_labels/3607687763074_0.json,/media/hdd2/ARCL_multicar_bags/camera_dataset/2026-05-18-v1-v4/stereo_left/EPnPv2_gt_mesh_z_hybrid_labels/3607687763074_0.json,T_map_object_raw,T_camera_object_centered,9497.440576042349,8.0436235942267,8.750713815582873
image_3607792847862,1,74,261,0.16015625,/media/hdd2/ARCL_multicar_bags/camera_dataset/2026-05-18-v1-v4/stereo_left/EPnPv2_gt_mesh_z_hybrid_labels/3607792847862_0.json,/media/hdd2/ARCL_multicar_bags/camera_dataset/2026-05-18-v1-v4/stereo_left/EPnPv2_gt_mesh_z_hybrid_labels/3607792847862_0.json,T_map_object_raw,T_camera_object_centered,14441.443074314804,7.951427726874435,4.790817765329919
image_3608090758062,1,77,264,0.1015625,/media/hdd2/ARCL_multicar_bags/camera_dataset/2026-05-18-v1-v4/stereo_left/EPnPv2_gt_mesh_z_hybrid_labels/3608090758062_0.json,/media/hdd2/ARCL_multicar_bags/camera_dataset/2026-05-18-v1-v4/stereo_left/EPnPv2_gt_mesh_z_hybrid_labels/3608090758062_0.json,T_map_object_raw,T_camera_object_centered,9138.033101338046,9.170292273523469,7.189112453925102
image_3608184670685,1,78,265,0.13671875,/media/hdd2/ARCL_multicar_bags/camera_dataset/2026-05-18-v1-v4/stereo_left/EPnPv2_gt_mesh_z_hybrid_labels/3608184670685_0.json,/media/hdd2/ARCL_multicar_bags/camera_dataset/2026-05-18-v1-v4/stereo_left/EPnPv2_gt_mesh_z_hybrid_labels/3608184670685_0.json,T_map_object_raw,T_camera_object_centered,8143.6214967206015,9.3824522218644,6.495005592110851
image_3689484587061,1,169,78,0.2421875,/media/hdd2/ARCL_multicar_bags/camera_dataset/2026-05-18-v1-v4/stereo_left/EPnPv2_gt_mesh_z_hybrid_labels/3689484587061_0.json,/media/hdd2/ARCL_multicar_bags/camera_dataset/2026-05-18-v1-v4/stereo_left/EPnPv2_gt_mesh_z_hybrid_labels/3689484587061_0.json,T_map_object_raw,T_camera_object_centered,14979.544346735032,12.409939558110628,24.36124955311366
image_3689684375151,1,171,80,0.1640625,/media/hdd2/ARCL_multicar_bags/camera_dataset/2026-05-18-v1-v4/stereo_left/EPnPv2_gt_mesh_z_hybrid_labels/3689684375151_0.json,/media/hdd2/ARCL_multicar_bags/camera_dataset/2026-05-18-v1-v4/stereo_left/EPnPv2_gt_mesh_z_hybrid_labels/3689684375151_0.json,T_map_object_raw,T_camera_object_centered,10364.172425732915,11.222931211230557,21.63883817861681
image_3689784546565,1,172,81,0.2578125,/media/hdd2/ARCL_multicar_bags/camera_dataset/2026-05-18-v1-v4/stereo_left/EPnPv2_gt_mesh_z_hybrid_labels/3689784546565_0.json,/media/hdd2/ARCL_multicar_bags/camera_dataset/2026-05-18-v1-v4/stereo_left/EPnPv2_gt_mesh_z_hybrid_labels/3689784546565_0.json,T_map_object_raw,T_camera_object_centered,14960.185143536253,10.809711120042923,25.67727474350081
image_3689888113889,1,173,82,0.2578125,/media/hdd2/ARCL_multicar_bags/camera_dataset/2026-05-18-v1-v4/stereo_left/EPnPv2_gt_mesh_z_hybrid_labels/3689888113889_0.json,/media/hdd2/ARCL_multicar_bags/camera_dataset/2026-05-18-v1-v4/stereo_left/EPnPv2_gt_mesh_z_hybrid_labels/3689888113889_0.json,T_map_object_raw,T_camera_object_centered,13167.258821728714,10.501677702216533,23.94365636882786
image_3691492963975,1,188,99,0.25390625,/media/hdd2/ARCL_multicar_bags/camera_dataset/2026-05-18-v1-v4/stereo_left/EPnPv2_gt_mesh_z_hybrid_labels/3691492963975_0.json,/media/hdd2/ARCL_multicar_bags/camera_dataset/2026-05-18-v1-v4/stereo_left/EPnPv2_gt_mesh_z_hybrid_labels/3691492963975_0.json,T_map_object_raw,T_camera_object_centered,14982.228783398485,4.583346585089154,18.906930666273052
image_3691585889610,1,189,100,0.2265625,/media/hdd2/ARCL_multicar_bags/camera_dataset/2026-05-18-v1-v4/stereo_left/EPnPv2_gt_mesh_z_hybrid_labels/3691585889610_0.json,/media/hdd2/ARCL_multicar_bags/camera_dataset/2026-05-18-v1-v4/stereo_left/EPnPv2_gt_mesh_z_hybrid_labels/3691585889610_0.json,T_map_object_raw,T_camera_object_centered,11304.584502488537,3.803818246334074,12.936510249803066
image_3691685296586,1,190,101,0.24609375,/media/hdd2/ARCL_multicar_bags/camera_dataset/2026-05-18-v1-v4/stereo_left/EPnPv2_gt_mesh_z_hybrid_labels/3691685296586_0.json,/media/hdd2/ARCL_multicar_bags/camera_dataset/2026-05-18-v1-v4/stereo_left/EPnPv2_gt_mesh_z_hybrid_labels/3691685296586_0.json,T_map_object_raw,T_camera_object_centered,14814.728835148542,3.970695606937715,21.158569127482053
image_3691784026081,1,191,102,0.25,/media/hdd2/ARCL_multicar_bags/camera_dataset/2026-05-18-v1-v4/stereo_left/EPnPv2_gt_mesh_z_hybrid_labels/3691784026081_0.json,/media/hdd2/ARCL_multicar_bags/camera_dataset/2026-05-18-v1-v4/stereo_left/EPnPv2_gt_mesh_z_hybrid_labels/3691784026081_0.json,T_map_object_raw,T_camera_object_centered,12818.646352494967,4.099688580162278,22.822334789161438
image_3691886578093,1,192,103,0.25390625,/media/hdd2/ARCL_multicar_bags/camera_dataset/2026-05-18-v1-v4/stereo_left/EPnPv2_gt_mesh_z_hybrid_labels/3691886578093_0.json,/media/hdd2/ARCL_multicar_bags/camera_dataset/2026-05-18-v1-v4/stereo_left/EPnPv2_gt_mesh_z_hybrid_labels/3691886578093_0.json,T_map_object_raw,T_camera_object_centered,13126.848656302009,3.945831634362651,21.163514249462015
image_3692003758552,1,193,104,0.25,/media/hdd2/ARCL_multicar_bags/camera_dataset/2026-05-18-v1-v4/stereo_left/EPnPv2_gt_mesh_z_hybrid_labels/3692003758552_0.json,/media/hdd2/ARCL_multicar_bags/camera_dataset/2026-05-18-v1-v4/stereo_left/EPnPv2_gt_mesh_z_hybrid_labels/3692003758552_0.json,T_map_object_raw,T_camera_object_centered,13459.385650323273,4.167317842506682,18.13100838486068
image_3692086194592,1,194,105,0.23828125,/media/hdd2/ARCL_multicar_bags/camera_dataset/2026-05-18-v1-v4/stereo_left/EPnPv2_gt_mesh_z_hybrid_labels/3692086194592_0.json,/media/hdd2/ARCL_multicar_bags/camera_dataset/2026-05-18-v1-v4/stereo_left/EPnPv2_gt_mesh_z_hybrid_labels/3692086194592_0.json,T_map_object_raw,T_camera_object_centered,13080.701647893902,4.1690189760255105,19.505207249404574
image_3692192709834,1,195,107,0.22265625,/media/hdd2/ARCL_multicar_bags/camera_dataset/2026-05-18-v1-v4/stereo_left/EPnPv2_gt_mesh_z_hybrid_labels/3692192709834_0.json,/media/hdd2/ARCL_multicar_bags/camera_dataset/2026-05-18-v1-v4/stereo_left/EPnPv2_gt_mesh_z_hybrid_labels/3692192709834_0.json,T_map_object_raw,T_camera_object_centered,14183.773195783093,1.5378269785238918,17.06675808281288
image_3692293732697,1,196,108,0.21484375,/media/hdd2/ARCL_multicar_bags/camera_dataset/2026-05-18-v1-v4/stereo_left/EPnPv2_gt_mesh_z_hybrid_labels/3692293732697_0.json,/media/hdd2/ARCL_multicar_bags/camera_dataset/2026-05-18-v1-v4/stereo_left/EPnPv2_gt_mesh_z_hybrid_labels/3692293732697_0.json,T_map_object_raw,T_camera_object_centered,12440.451707522676,1.7192500208544468,13.062367685644487
image_3692386898082,1,197,109,0.21484375,/media/hdd2/ARCL_multicar_bags/camera_dataset/2026-05-18-v1-v4/stereo_left/EPnPv2_gt_mesh_z_hybrid_labels/3692386898082_0.json,/media/hdd2/ARCL_multicar_bags/camera_dataset/2026-05-18-v1-v4/stereo_left/EPnPv2_gt_mesh_z_hybrid_labels/3692386898082_0.json,T_map_object_raw,T_camera_object_centered,13094.696608880855,1.6580318956077837,12.870688797175278
image_3692487144539,1,198,110,0.23046875,/media/hdd2/ARCL_multicar_bags/camera_dataset/2026-05-18-v1-v4/stereo_left/EPnPv2_gt_mesh_z_hybrid_labels/3692487144539_0.json,/media/hdd2/ARCL_multicar_bags/camera_dataset/2026-05-18-v1-v4/stereo_left/EPnPv2_gt_mesh_z_hybrid_labels/3692487144539_0.json,T_map_object_raw,T_camera_object_centered,12702.822474903347,4.3005364113355995,18.848122234982018
image_3692589175421,1,199,111,0.21875,/media/hdd2/ARCL_multicar_bags/camera_dataset/2026-05-18-v1-v4/stereo_left/EPnPv2_gt_mesh_z_hybrid_labels/3692589175421_0.json,/media/hdd2/ARCL_multicar_bags/camera_dataset/2026-05-18-v1-v4/stereo_left/EPnPv2_gt_mesh_z_hybrid_labels/3692589175421_0.json,T_map_object_raw,T_camera_object_centered,11479.757599450482,4.347132827838962,17.248029862915317
image_3692684822381,1,200,112,0.22265625,/media/hdd2/ARCL_multicar_bags/camera_dataset/2026-05-18-v1-v4/stereo_left/EPnPv2_gt_mesh_z_hybrid_labels/3692684822381_0.json,/media/hdd2/ARCL_multicar_bags/camera_dataset/2026-05-18-v1-v4/stereo_left/EPnPv2_gt_mesh_z_hybrid_labels/3692684822381_0.json,T_map_object_raw,T_camera_object_centered,12671.930873679159,3.967465944241053,18.083348439888184
image_3692798824180,1,201,113,0.203125,/media/hdd2/ARCL_multicar_bags/camera_dataset/2026-05-18-v1-v4/stereo_left/EPnPv2_gt_mesh_z_hybrid_labels/3692798824180_0.json,/media/hdd2/ARCL_multicar_bags/camera_dataset/2026-05-18-v1-v4/stereo_left/EPnPv2_gt_mesh_z_hybrid_labels/3692798824180_0.json,T_map_object_raw,T_camera_object_centered,13253.484124205626,1.789683048460076,10.04245270523917
image_3692898898077,1,202,114,0.20703125,/media/hdd2/ARCL_multicar_bags/camera_dataset/2026-05-18-v1-v4/stereo_left/EPnPv2_gt_mesh_z_hybrid_labels/3692898898077_0.json,/media/hdd2/ARCL_multicar_bags/camera_dataset/2026-05-18-v1-v4/stereo_left/EPnPv2_gt_mesh_z_hybrid_labels/3692898898077_0.json,T_map_object_raw,T_camera_object_centered,13593.655772390946,1.8627451058745048,11.049831076123326
image_3692995755021,1,203,115,0.203125,/media/hdd2/ARCL_multicar_bags/camera_dataset/2026-05-18-v1-v4/stereo_left/EPnPv2_gt_mesh_z_hybrid_labels/3692995755021_0.json,/media/hdd2/ARCL_multicar_bags/camera_dataset/2026-05-18-v1-v4/stereo_left/EPnPv2_gt_mesh_z_hybrid_labels/3692995755021_0.json,T_map_object_raw,T_camera_object_centered,11917.219989415009,4.0487575859709,15.66492989953662
image_3693088177152,1,204,116,0.21875,/media/hdd2/ARCL_multicar_bags/camera_dataset/2026-05-18-v1-v4/stereo_left/EPnPv2_gt_mesh_z_hybrid_labels/3693088177152_0.json,/media/hdd2/ARCL_multicar_bags/camera_dataset/2026-05-18-v1-v4/stereo_left/EPnPv2_gt_mesh_z_hybrid_labels/3693088177152_0.json,T_map_object_raw,T_camera_object_centered,11461.116561265728,3.000432798443147,17.898551238806125
image_3693204500416,1,205,119,0.234375,/media/hdd2/ARCL_multicar_bags/camera_dataset/2026-05-18-v1-v4/stereo_left/EPnPv2_gt_mesh_z_hybrid_labels/3693204500416_0.json,/media/hdd2/ARCL_multicar_bags/camera_dataset/2026-05-18-v1-v4/stereo_left/EPnPv2_gt_mesh_z_hybrid_labels/3693204500416_0.json,T_map_object_raw,T_camera_object_centered,12478.83797435195,3.9408602261778607,14.111768646365542
image_3693284988527,1,206,120,0.2109375,/media/hdd2/ARCL_multicar_bags/camera_dataset/2026-05-18-v1-v4/stereo_left/EPnPv2_gt_mesh_z_hybrid_labels/3693284988527_0.json,/media/hdd2/ARCL_multicar_bags/camera_dataset/2026-05-18-v1-v4/stereo_left/EPnPv2_gt_mesh_z_hybrid_labels/3693284988527_0.json,T_map_object_raw,T_camera_object_centered,10335.61316272392,4.319775852869683,13.21610662638759
image_3693389031669,1,207,121,0.2109375,/media/hdd2/ARCL_multicar_bags/camera_dataset/2026-05-18-v1-v4/stereo_left/EPnPv2_gt_mesh_z_hybrid_labels/3693389031669_0.json,/media/hdd2/ARCL_multicar_bags/camera_dataset/2026-05-18-v1-v4/stereo_left/EPnPv2_gt_mesh_z_hybrid_labels/3693389031669_0.json,T_map_object_raw,T_camera_object_centered,11056.702380962559,4.386382345241235,14.200401696814527
image_3693509405651,1,208,122,0.203125,/media/hdd2/ARCL_multicar_bags/camera_dataset/2026-05-18-v1-v4/stereo_left/EPnPv2_gt_mesh_z_hybrid_labels/3693509405651_0.json,/media/hdd2/ARCL_multicar_bags/camera_dataset/2026-05-18-v1-v4/stereo_left/EPnPv2_gt_mesh_z_hybrid_labels/3693509405651_0.json,T_map_object_raw,T_camera_object_centered,11705.781087699424,2.1049880487866948,5.1006112392409735
image_3693584784940,1,209,123,0.19921875,/media/hdd2/ARCL_multicar_bags/camera_dataset/2026-05-18-v1-v4/stereo_left/EPnPv2_gt_mesh_z_hybrid_labels/3693584784940_0.json,/media/hdd2/ARCL_multicar_bags/camera_dataset/2026-05-18-v1-v4/stereo_left/EPnPv2_gt_mesh_z_hybrid_labels/3693584784940_0.json,T_map_object_raw,T_camera_object_centered,10427.21258940849,4.262818007776612,15.875375823913075
image_3693695764483,1,210,124,0.19921875,/media/hdd2/ARCL_multicar_bags/camera_dataset/2026-05-18-v1-v4/stereo_left/EPnPv2_gt_mesh_z_hybrid_labels/3693695764483_0.json,/media/hdd2/ARCL_multicar_bags/camera_dataset/2026-05-18-v1-v4/stereo_left/EPnPv2_gt_mesh_z_hybrid_labels/3693695764483_0.json,T_map_object_raw,T_camera_object_centered,10299.638370081517,2.269326636396165,14.471505672080033
image_3693796082185,1,211,125,0.19140625,/media/hdd2/ARCL_multicar_bags/camera_dataset/2026-05-18-v1-v4/stereo_left/EPnPv2_gt_mesh_z_hybrid_labels/3693796082185_0.json,/media/hdd2/ARCL_multicar_bags/camera_dataset/2026-05-18-v1-v4/stereo_left/EPnPv2_gt_mesh_z_hybrid_labels/3693796082185_0.json,T_map_object_raw,T_camera_object_centered,11500.476889668602,2.2518815537617187,12.374770077153762
image_3694127754631,1,212,126,0.19140625,/media/hdd2/ARCL_multicar_bags/camera_dataset/2026-05-18-v1-v4/stereo_left/EPnPv2_gt_mesh_z_hybrid_labels/3694127754631_0.json,/media/hdd2/ARCL_multicar_bags/camera_dataset/2026-05-18-v1-v4/stereo_left/EPnPv2_gt_mesh_z_hybrid_labels/3694127754631_0.json,T_map_object_raw,T_camera_object_centered,8364.46383139177,2.923878013689865,8.956886394032482
image_3694305702787,1,213,127,0.16796875,/media/hdd2/ARCL_multicar_bags/camera_dataset/2026-05-18-v1-v4/stereo_left/EPnPv2_gt_mesh_z_hybrid_labels/3694305702787_0.json,/media/hdd2/ARCL_multicar_bags/camera_dataset/2026-05-18-v1-v4/stereo_left/EPnPv2_gt_mesh_z_hybrid_labels/3694305702787_0.json,T_map_object_raw,T_camera_object_centered,12202.670854150567,2.6727363597367115,15.854832229051363
image_3694585100541,1,216,131,0.15234375,/media/hdd2/ARCL_multicar_bags/camera_dataset/2026-05-18-v1-v4/stereo_left/EPnPv2_gt_mesh_z_hybrid_labels/3694585100541_0.json,/media/hdd2/ARCL_multicar_bags/camera_dataset/2026-05-18-v1-v4/stereo_left/EPnPv2_gt_mesh_z_hybrid_labels/3694585100541_0.json,T_map_object_raw,T_camera_object_centered,9150.053017150674,4.09950451890297,18.439765527553227
image_3694887761269,1,219,134,0.16015625,/media/hdd2/ARCL_multicar_bags/camera_dataset/2026-05-18-v1-v4/stereo_left/EPnPv2_gt_mesh_z_hybrid_labels/3694887761269_0.json,/media/hdd2/ARCL_multicar_bags/camera_dataset/2026-05-18-v1-v4/stereo_left/EPnPv2_gt_mesh_z_hybrid_labels/3694887761269_0.json,T_map_object_raw,T_camera_object_centered,9545.74759844908,4.386114190749159,28.266490017650636
image_3695284282624,1,223,138,0.15625,/media/hdd2/ARCL_multicar_bags/camera_dataset/2026-05-18-v1-v4/stereo_left/EPnPv2_gt_mesh_z_hybrid_labels/3695284282624_0.json,/media/hdd2/ARCL_multicar_bags/camera_dataset/2026-05-18-v1-v4/stereo_left/EPnPv2_gt_mesh_z_hybrid_labels/3695284282624_0.json,T_map_object_raw,T_camera_object_centered,10806.98006178163,4.0811241377089456,28.20736334645953
image_3695387818182,1,224,139,0.15625,/media/hdd2/ARCL_multicar_bags/camera_dataset/2026-05-18-v1-v4/stereo_left/EPnPv2_gt_mesh_z_hybrid_labels/3695387818182_0.json,/media/hdd2/ARCL_multicar_bags/camera_dataset/2026-05-18-v1-v4/stereo_left/EPnPv2_gt_mesh_z_hybrid_labels/3695387818182_0.json,T_map_object_raw,T_camera_object_centered,9676.151307566799,4.127675862383663,32.76461371131544
image_3695701545433,1,226,142,0.15625,/media/hdd2/ARCL_multicar_bags/camera_dataset/2026-05-18-v1-v4/stereo_left/EPnPv2_gt_mesh_z_hybrid_labels/3695701545433_0.json,/media/hdd2/ARCL_multicar_bags/camera_dataset/2026-05-18-v1-v4/stereo_left/EPnPv2_gt_mesh_z_hybrid_labels/3695701545433_0.json,T_map_object_raw,T_camera_object_centered,9903.187859442229,4.449405598507229,19.388161336075598
image_3695983839340,1,229,145,0.16015625,/media/hdd2/ARCL_multicar_bags/camera_dataset/2026-05-18-v1-v4/stereo_left/EPnPv2_gt_mesh_z_hybrid_labels/3695983839340_0.json,/media/hdd2/ARCL_multicar_bags/camera_dataset/2026-05-18-v1-v4/stereo_left/EPnPv2_gt_mesh_z_hybrid_labels/3695983839340_0.json,T_map_object_raw,T_camera_object_centered,8810.283560905094,4.5557305464200475,21.156956066096704
image_3696285102426,1,232,148,0.15625,/media/hdd2/ARCL_multicar_bags/camera_dataset/2026-05-18-v1-v4/stereo_left/EPnPv2_gt_mesh_z_hybrid_labels/3696285102426_0.json,/media/hdd2/ARCL_multicar_bags/camera_dataset/2026-05-18-v1-v4/stereo_left/EPnPv2_gt_mesh_z_hybrid_labels/3696285102426_0.json,T_map_object_raw,T_camera_object_centered,8357.583671278135,3.182684366130969,27.887725667649246
image_3600683552924,1,5,2,0.140625,/media/hdd2/ARCL_multicar_bags/camera_dataset/2026-05-18-v2-v4/stereo_left/EPnPv2_gt_mesh_z_hybrid_labels/3600683552924_0.json,/media/hdd2/ARCL_multicar_bags/camera_dataset/2026-05-18-v2-v4/stereo_left/EPnPv2_gt_mesh_z_hybrid_labels/3600683552924_0.json,T_map_object_raw,T_camera_object_centered,13253.373704202748,11.471866194757858,32.39516950135211
image_3608279675778,1,33,3661,0.2109375,/media/hdd2/ARCL_multicar_bags/camera_dataset/2026-05-18-v2-v4/stereo_left/EPnPv2_gt_mesh_z_hybrid_labels/3608279675778_0.json,/media/hdd2/ARCL_multicar_bags/camera_dataset/2026-05-18-v2-v4/stereo_left/EPnPv2_gt_mesh_z_hybrid_labels/3608279675778_0.json,T_map_object_raw,T_camera_object_centered,17587.359731993358,5.262078147764429,16.920498802857566
image_3608579648527,1,35,3721,0.15234375,/media/hdd2/ARCL_multicar_bags/camera_dataset/2026-05-18-v2-v4/stereo_left/EPnPv2_gt_mesh_z_hybrid_labels/3608579648527_0.json,/media/hdd2/ARCL_multicar_bags/camera_dataset/2026-05-18-v2-v4/stereo_left/EPnPv2_gt_mesh_z_hybrid_labels/3608579648527_0.json,T_map_object_raw,T_camera_object_centered,19297.708330638692,3.7942335905116633,23.08167075392805
image_3608687017311,1,36,3743,0.16796875,/media/hdd2/ARCL_multicar_bags/camera_dataset/2026-05-18-v2-v4/stereo_left/EPnPv2_gt_mesh_z_hybrid_labels/3608687017311_0.json,/media/hdd2/ARCL_multicar_bags/camera_dataset/2026-05-18-v2-v4/stereo_left/EPnPv2_gt_mesh_z_hybrid_labels/3608687017311_0.json,T_map_object_raw,T_camera_object_centered,16621.226497087442,4.796363175674549,9.781084767333786
image_3610181157387,1,47,4007,0.19140625,/media/hdd2/ARCL_multicar_bags/camera_dataset/2026-05-18-v2-v4/stereo_left/EPnPv2_gt_mesh_z_hybrid_labels/3610181157387_0.json,/media/hdd2/ARCL_multicar_bags/camera_dataset/2026-05-18-v2-v4/stereo_left/EPnPv2_gt_mesh_z_hybrid_labels/3610181157387_0.json,T_map_object_raw,T_camera_object_centered,20224.45739929607,3.92517931786012,12.163275167897515
image_3610678501262,1,51,29,0.21484375,/media/hdd2/ARCL_multicar_bags/camera_dataset/2026-05-18-v2-v4/stereo_left/EPnPv2_gt_mesh_z_hybrid_labels/3610678501262_0.json,/media/hdd2/ARCL_multicar_bags/camera_dataset/2026-05-18-v2-v4/stereo_left/EPnPv2_gt_mesh_z_hybrid_labels/3610678501262_0.json,T_map_object_raw,T_camera_object_centered,16938.51124683455,11.631023024323522,13.752796754655632
image_3610994622232,1,53,73,0.25,/media/hdd2/ARCL_multicar_bags/camera_dataset/2026-05-18-v2-v4/stereo_left/EPnPv2_gt_mesh_z_hybrid_labels/3610994622232_0.json,/media/hdd2/ARCL_multicar_bags/camera_dataset/2026-05-18-v2-v4/stereo_left/EPnPv2_gt_mesh_z_hybrid_labels/3610994622232_0.json,T_map_object_raw,T_camera_object_centered,18388.35026034549,9.401576099617197,12.21598670321381
image_3611079992731,1,54,95,0.25,/media/hdd2/ARCL_multicar_bags/camera_dataset/2026-05-18-v2-v4/stereo_left/EPnPv2_gt_mesh_z_hybrid_labels/3611079992731_0.json,/media/hdd2/ARCL_multicar_bags/camera_dataset/2026-05-18-v2-v4/stereo_left/EPnPv2_gt_mesh_z_hybrid_labels/3611079992731_0.json,T_map_object_raw,T_camera_object_centered,16692.748376609186,9.024771957126967,8.190403089918071
image_3611185609935,1,55,118,0.265625,/media/hdd2/ARCL_multicar_bags/camera_dataset/2026-05-18-v2-v4/stereo_left/EPnPv2_gt_mesh_z_hybrid_labels/3611185609935_0.json,/media/hdd2/ARCL_multicar_bags/camera_dataset/2026-05-18-v2-v4/stereo_left/EPnPv2_gt_mesh_z_hybrid_labels/3611185609935_0.json,T_map_object_raw,T_camera_object_centered,16674.094472869638,8.505254596365223,7.787934618309616
image_3611302119025,1,56,140,0.265625,/media/hdd2/ARCL_multicar_bags/camera_dataset/2026-05-18-v2-v4/stereo_left/EPnPv2_gt_mesh_z_hybrid_labels/3611302119025_0.json,/media/hdd2/ARCL_multicar_bags/camera_dataset/2026-05-18-v2-v4/stereo_left/EPnPv2_gt_mesh_z_hybrid_labels/3611302119025_0.json,T_map_object_raw,T_camera_object_centered,14253.430592963452,7.553235423862587,12.038403402168948
image_3611401197272,1,57,162,0.2578125,/media/hdd2/ARCL_multicar_bags/camera_dataset/2026-05-18-v2-v4/stereo_left/EPnPv2_gt_mesh_z_hybrid_labels/3611401197272_0.json,/media/hdd2/ARCL_multicar_bags/camera_dataset/2026-05-18-v2-v4/stereo_left/EPnPv2_gt_mesh_z_hybrid_labels/3611401197272_0.json,T_map_object_raw,T_camera_object_centered,18473.81067290547,7.838589431268691,12.89123115565555
image_3611482227700,1,58,184,0.24609375,/media/hdd2/ARCL_multicar_bags/camera_dataset/2026-05-18-v2-v4/stereo_left/EPnPv2_gt_mesh_z_hybrid_labels/3611482227700_0.json,/media/hdd2/ARCL_multicar_bags/camera_dataset/2026-05-18-v2-v4/stereo_left/EPnPv2_gt_mesh_z_hybrid_labels/3611482227700_0.json,T_map_object_raw,T_camera_object_centered,17858.308082907228,6.688148192317085,3.8551390114251816
image_3611578763587,1,59,207,0.2421875,/media/hdd2/ARCL_multicar_bags/camera_dataset/2026-05-18-v2-v4/stereo_left/EPnPv2_gt_mesh_z_hybrid_labels/3611578763587_0.json,/media/hdd2/ARCL_multicar_bags/camera_dataset/2026-05-18-v2-v4/stereo_left/EPnPv2_gt_mesh_z_hybrid_labels/3611578763587_0.json,T_map_object_raw,T_camera_object_centered,15221.446780112667,6.101408240750253,5.587300008138797
image_3611894570268,1,61,270,0.28125,/media/hdd2/ARCL_multicar_bags/camera_dataset/2026-05-18-v2-v4/stereo_left/EPnPv2_gt_mesh_z_hybrid_labels/3611894570268_0.json,/media/hdd2/ARCL_multicar_bags/camera_dataset/2026-05-18-v2-v4/stereo_left/EPnPv2_gt_mesh_z_hybrid_labels/3611894570268_0.json,T_map_object_raw,T_camera_object_centered,14765.117135361636,4.853548915110753,2.191131519440137
image_3612082512814,1,62,292,0.2578125,/media/hdd2/ARCL_multicar_bags/camera_dataset/2026-05-18-v2-v4/stereo_left/EPnPv2_gt_mesh_z_hybrid_labels/3612082512814_0.json,/media/hdd2/ARCL_multicar_bags/camera_dataset/2026-05-18-v2-v4/stereo_left/EPnPv2_gt_mesh_z_hybrid_labels/3612082512814_0.json,T_map_object_raw,T_camera_object_centered,17691.303086594937,4.185121417914176,5.039835162260728
image_3612182632091,1,63,314,0.2578125,/media/hdd2/ARCL_multicar_bags/camera_dataset/2026-05-18-v2-v4/stereo_left/EPnPv2_gt_mesh_z_hybrid_labels/3612182632091_0.json,/media/hdd2/ARCL_multicar_bags/camera_dataset/2026-05-18-v2-v4/stereo_left/EPnPv2_gt_mesh_z_hybrid_labels/3612182632091_0.json,T_map_object_raw,T_camera_object_centered,17757.162754983117,3.7833304592312436,8.435654967855111
image_3612280122141,1,64,336,0.2109375,/media/hdd2/ARCL_multicar_bags/camera_dataset/2026-05-18-v2-v4/stereo_left/EPnPv2_gt_mesh_z_hybrid_labels/3612280122141_0.json,/media/hdd2/ARCL_multicar_bags/camera_dataset/2026-05-18-v2-v4/stereo_left/EPnPv2_gt_mesh_z_hybrid_labels/3612280122141_0.json,T_map_object_raw,T_camera_object_centered,15272.312988539157,3.6161487020702685,2.1735647920891417
image_3612385238407,1,65,359,0.23828125,/media/hdd2/ARCL_multicar_bags/camera_dataset/2026-05-18-v2-v4/stereo_left/EPnPv2_gt_mesh_z_hybrid_labels/3612385238407_0.json,/media/hdd2/ARCL_multicar_bags/camera_dataset/2026-05-18-v2-v4/stereo_left/EPnPv2_gt_mesh_z_hybrid_labels/3612385238407_0.json,T_map_object_raw,T_camera_object_centered,19432.534596032936,2.978780099224434,11.20215214600663
image_3612480835912,1,66,381,0.25,/media/hdd2/ARCL_multicar_bags/camera_dataset/2026-05-18-v2-v4/stereo_left/EPnPv2_gt_mesh_z_hybrid_labels/3612480835912_0.json,/media/hdd2/ARCL_multicar_bags/camera_dataset/2026-05-18-v2-v4/stereo_left/EPnPv2_gt_mesh_z_hybrid_labels/3612480835912_0.json,T_map_object_raw,T_camera_object_centered,13553.87919855189,2.2076787543101934,3.3064409179569076
image_3612593468054,1,67,403,0.24609375,/media/hdd2/ARCL_multicar_bags/camera_dataset/2026-05-18-v2-v4/stereo_left/EPnPv2_gt_mesh_z_hybrid_labels/3612593468054_0.json,/media/hdd2/ARCL_multicar_bags/camera_dataset/2026-05-18-v2-v4/stereo_left/EPnPv2_gt_mesh_z_hybrid_labels/3612593468054_0.json,T_map_object_raw,T_camera_object_centered,19248.655888514942,2.758057349743655,10.930032331729414
image_3612680180457,1,68,425,0.25390625,/media/hdd2/ARCL_multicar_bags/camera_dataset/2026-05-18-v2-v4/stereo_left/EPnPv2_gt_mesh_z_hybrid_labels/3612680180457_0.json,/media/hdd2/ARCL_multicar_bags/camera_dataset/2026-05-18-v2-v4/stereo_left/EPnPv2_gt_mesh_z_hybrid_labels/3612680180457_0.json,T_map_object_raw,T_camera_object_centered,15518.03789563643,3.10471360639642,3.8739816214804463
image_3612779297495,1,69,447,0.265625,/media/hdd2/ARCL_multicar_bags/camera_dataset/2026-05-18-v2-v4/stereo_left/EPnPv2_gt_mesh_z_hybrid_labels/3612779297495_0.json,/media/hdd2/ARCL_multicar_bags/camera_dataset/2026-05-18-v2-v4/stereo_left/EPnPv2_gt_mesh_z_hybrid_labels/3612779297495_0.json,T_map_object_raw,T_camera_object_centered,18507.006270461075,3.4339443973935393,6.724675002362302
image_3612879315324,1,70,470,0.25,/media/hdd2/ARCL_multicar_bags/camera_dataset/2026-05-18-v2-v4/stereo_left/EPnPv2_gt_mesh_z_hybrid_labels/3612879315324_0.json,/media/hdd2/ARCL_multicar_bags/camera_dataset/2026-05-18-v2-v4/stereo_left/EPnPv2_gt_mesh_z_hybrid_labels/3612879315324_0.json,T_map_object_raw,T_camera_object_centered,19280.726357036874,2.853537727742153,6.514893145579575
image_3612986421831,1,71,492,0.2578125,/media/hdd2/ARCL_multicar_bags/camera_dataset/2026-05-18-v2-v4/stereo_left/EPnPv2_gt_mesh_z_hybrid_labels/3612986421831_0.json,/media/hdd2/ARCL_multicar_bags/camera_dataset/2026-05-18-v2-v4/stereo_left/EPnPv2_gt_mesh_z_hybrid_labels/3612986421831_0.json,T_map_object_raw,T_camera_object_centered,16992.631591624122,2.8393721480000553,11.611208591292016
image_3613082733110,1,72,515,0.265625,/media/hdd2/ARCL_multicar_bags/camera_dataset/2026-05-18-v2-v4/stereo_left/EPnPv2_gt_mesh_z_hybrid_labels/3613082733110_0.json,/media/hdd2/ARCL_multicar_bags/camera_dataset/2026-05-18-v2-v4/stereo_left/EPnPv2_gt_mesh_z_hybrid_labels/3613082733110_0.json,T_map_object_raw,T_camera_object_centered,18616.94145319011,3.670871823427517,9.774907244011395
image_3613179666862,1,73,541,0.2578125,/media/hdd2/ARCL_multicar_bags/camera_dataset/2026-05-18-v2-v4/stereo_left/EPnPv2_gt_mesh_z_hybrid_labels/3613179666862_0.json,/media/hdd2/ARCL_multicar_bags/camera_dataset/2026-05-18-v2-v4/stereo_left/EPnPv2_gt_mesh_z_hybrid_labels/3613179666862_0.json,T_map_object_raw,T_camera_object_centered,16610.048031674152,2.4497751833249524,9.703706281050474
image_3613278946559,1,74,568,0.25390625,/media/hdd2/ARCL_multicar_bags/camera_dataset/2026-05-18-v2-v4/stereo_left/EPnPv2_gt_mesh_z_hybrid_labels/3613278946559_0.json,/media/hdd2/ARCL_multicar_bags/camera_dataset/2026-05-18-v2-v4/stereo_left/EPnPv2_gt_mesh_z_hybrid_labels/3613278946559_0.json,T_map_object_raw,T_camera_object_centered,17990.210436306577,2.805203541300394,7.47280830355727
image_3613379730057,1,75,591,0.25390625,/media/hdd2/ARCL_multicar_bags/camera_dataset/2026-05-18-v2-v4/stereo_left/EPnPv2_gt_mesh_z_hybrid_labels/3613379730057_0.json,/media/hdd2/ARCL_multicar_bags/camera_dataset/2026-05-18-v2-v4/stereo_left/EPnPv2_gt_mesh_z_hybrid_labels/3613379730057_0.json,T_map_object_raw,T_camera_object_centered,14546.160337324383,1.952461105304602,8.835014883367919
image_3613480970928,1,76,613,0.26953125,/media/hdd2/ARCL_multicar_bags/camera_dataset/2026-05-18-v2-v4/stereo_left/EPnPv2_gt_mesh_z_hybrid_labels/3613480970928_0.json,/media/hdd2/ARCL_multicar_bags/camera_dataset/2026-05-18-v2-v4/stereo_left/EPnPv2_gt_mesh_z_hybrid_labels/3613480970928_0.json,T_map_object_raw,T_camera_object_centered,16659.656580608946,3.295568778803999,7.147017580361867
image_3613584553396,1,77,635,0.2734375,/media/hdd2/ARCL_multicar_bags/camera_dataset/2026-05-18-v2-v4/stereo_left/EPnPv2_gt_mesh_z_hybrid_labels/3613584553396_0.json,/media/hdd2/ARCL_multicar_bags/camera_dataset/2026-05-18-v2-v4/stereo_left/EPnPv2_gt_mesh_z_hybrid_labels/3613584553396_0.json,T_map_object_raw,T_camera_object_centered,16583.213337815254,2.7444687677885984,7.699581111861715
image_3613681935611,1,78,657,0.2578125,/media/hdd2/ARCL_multicar_bags/camera_dataset/2026-05-18-v2-v4/stereo_left/EPnPv2_gt_mesh_z_hybrid_labels/3613681935611_0.json,/media/hdd2/ARCL_multicar_bags/camera_dataset/2026-05-18-v2-v4/stereo_left/EPnPv2_gt_mesh_z_hybrid_labels/3613681935611_0.json,T_map_object_raw,T_camera_object_centered,19077.16889765756,4.188328375020875,10.750159481611183
image_3613879689751,1,79,684,0.24609375,/media/hdd2/ARCL_multicar_bags/camera_dataset/2026-05-18-v2-v4/stereo_left/EPnPv2_gt_mesh_z_hybrid_labels/3613879689751_0.json,/media/hdd2/ARCL_multicar_bags/camera_dataset/2026-05-18-v2-v4/stereo_left/EPnPv2_gt_mesh_z_hybrid_labels/3613879689751_0.json,T_map_object_raw,T_camera_object_centered,18959.155414681372,3.634074700985984,6.508367448685754
image_3613979748730,1,80,713,0.265625,/media/hdd2/ARCL_multicar_bags/camera_dataset/2026-05-18-v2-v4/stereo_left/EPnPv2_gt_mesh_z_hybrid_labels/3613979748730_0.json,/media/hdd2/ARCL_multicar_bags/camera_dataset/2026-05-18-v2-v4/stereo_left/EPnPv2_gt_mesh_z_hybrid_labels/3613979748730_0.json,T_map_object_raw,T_camera_object_centered,18173.058932346372,2.984472675116668,13.652941369447824
image_3614190614812,1,81,739,0.2578125,/media/hdd2/ARCL_multicar_bags/camera_dataset/2026-05-18-v2-v4/stereo_left/EPnPv2_gt_mesh_z_hybrid_labels/3614190614812_0.json,/media/hdd2/ARCL_multicar_bags/camera_dataset/2026-05-18-v2-v4/stereo_left/EPnPv2_gt_mesh_z_hybrid_labels/3614190614812_0.json,T_map_object_raw,T_camera_object_centered,17652.126373017294,2.798825861559934,10.733782076715434
image_3614281556027,1,82,762,0.25390625,/media/hdd2/ARCL_multicar_bags/camera_dataset/2026-05-18-v2-v4/stereo_left/EPnPv2_gt_mesh_z_hybrid_labels/3614281556027_0.json,/media/hdd2/ARCL_multicar_bags/camera_dataset/2026-05-18-v2-v4/stereo_left/EPnPv2_gt_mesh_z_hybrid_labels/3614281556027_0.json,T_map_object_raw,T_camera_object_centered,18850.931863263515,4.44669950226212,10.831547586702891
image_3614480098719,1,84,823,0.26953125,/media/hdd2/ARCL_multicar_bags/camera_dataset/2026-05-18-v2-v4/stereo_left/EPnPv2_gt_mesh_z_hybrid_labels/3614480098719_0.json,/media/hdd2/ARCL_multicar_bags/camera_dataset/2026-05-18-v2-v4/stereo_left/EPnPv2_gt_mesh_z_hybrid_labels/3614480098719_0.json,T_map_object_raw,T_camera_object_centered,19567.320202527844,4.807275037453033,14.386876327551821
image_3614582778683,1,85,847,0.265625,/media/hdd2/ARCL_multicar_bags/camera_dataset/2026-05-18-v2-v4/stereo_left/EPnPv2_gt_mesh_z_hybrid_labels/3614582778683_0.json,/media/hdd2/ARCL_multicar_bags/camera_dataset/2026-05-18-v2-v4/stereo_left/EPnPv2_gt_mesh_z_hybrid_labels/3614582778683_0.json,T_map_object_raw,T_camera_object_centered,19479.260554616932,4.483755228259451,9.30400769273806
image_3614680644804,1,86,871,0.25390625,/media/hdd2/ARCL_multicar_bags/camera_dataset/2026-05-18-v2-v4/stereo_left/EPnPv2_gt_mesh_z_hybrid_labels/3614680644804_0.json,/media/hdd2/ARCL_multicar_bags/camera_dataset/2026-05-18-v2-v4/stereo_left/EPnPv2_gt_mesh_z_hybrid_labels/3614680644804_0.json,T_map_object_raw,T_camera_object_centered,16523.824238299945,3.2171093508414104,12.258177035066195
image_3614782478815,1,87,893,0.24609375,/media/hdd2/ARCL_multicar_bags/camera_dataset/2026-05-18-v2-v4/stereo_left/EPnPv2_gt_mesh_z_hybrid_labels/3614782478815_0.json,/media/hdd2/ARCL_multicar_bags/camera_dataset/2026-05-18-v2-v4/stereo_left/EPnPv2_gt_mesh_z_hybrid_labels/3614782478815_0.json,T_map_object_raw,T_camera_object_centered,18427.230831061162,3.9787110972023085,9.114656443937376
image_3614883750097,1,88,915,0.24609375,/media/hdd2/ARCL_multicar_bags/camera_dataset/2026-05-18-v2-v4/stereo_left/EPnPv2_gt_mesh_z_hybrid_labels/3614883750097_0.json,/media/hdd2/ARCL_multicar_bags/camera_dataset/2026-05-18-v2-v4/stereo_left/EPnPv2_gt_mesh_z_hybrid_labels/3614883750097_0.json,T_map_object_raw,T_camera_object_centered,18617.201243039544,4.278373259863556,7.391991077575022
image_3614984585094,1,89,937,0.265625,/media/hdd2/ARCL_multicar_bags/camera_dataset/2026-05-18-v2-v4/stereo_left/EPnPv2_gt_mesh_z_hybrid_labels/3614984585094_0.json,/media/hdd2/ARCL_multicar_bags/camera_dataset/2026-05-18-v2-v4/stereo_left/EPnPv2_gt_mesh_z_hybrid_labels/3614984585094_0.json,T_map_object_raw,T_camera_object_centered,16323.509302338422,3.918938785725376,9.345230232678553
image_3615279114705,1,91,987,0.2265625,/media/hdd2/ARCL_multicar_bags/camera_dataset/2026-05-18-v2-v4/stereo_left/EPnPv2_gt_mesh_z_hybrid_labels/3615279114705_0.json,/media/hdd2/ARCL_multicar_bags/camera_dataset/2026-05-18-v2-v4/stereo_left/EPnPv2_gt_mesh_z_hybrid_labels/3615279114705_0.json,T_map_object_raw,T_camera_object_centered,18206.697641350773,3.4150604016029233,11.814163930689588
image_3615394481410,1,92,1019,0.24609375,/media/hdd2/ARCL_multicar_bags/camera_dataset/2026-05-18-v2-v4/stereo_left/EPnPv2_gt_mesh_z_hybrid_labels/3615394481410_0.json,/media/hdd2/ARCL_multicar_bags/camera_dataset/2026-05-18-v2-v4/stereo_left/EPnPv2_gt_mesh_z_hybrid_labels/3615394481410_0.json,T_map_object_raw,T_camera_object_centered,19373.841146729337,4.259023567988751,13.749904659433462
image_3615483017469,1,93,1046,0.26171875,/media/hdd2/ARCL_multicar_bags/camera_dataset/2026-05-18-v2-v4/stereo_left/EPnPv2_gt_mesh_z_hybrid_labels/3615483017469_0.json,/media/hdd2/ARCL_multicar_bags/camera_dataset/2026-05-18-v2-v4/stereo_left/EPnPv2_gt_mesh_z_hybrid_labels/3615483017469_0.json,T_map_object_raw,T_camera_object_centered,19372.400411748982,4.119301863702256,13.242134589069803
image_3615584717977,1,94,1079,0.25390625,/media/hdd2/ARCL_multicar_bags/camera_dataset/2026-05-18-v2-v4/stereo_left/EPnPv2_gt_mesh_z_hybrid_labels/3615584717977_0.json,/media/hdd2/ARCL_multicar_bags/camera_dataset/2026-05-18-v2-v4/stereo_left/EPnPv2_gt_mesh_z_hybrid_labels/3615584717977_0.json,T_map_object_raw,T_camera_object_centered,18897.88801047776,3.503341576262777,13.51640447117649
image_3615691995888,1,95,1103,0.25390625,/media/hdd2/ARCL_multicar_bags/camera_dataset/2026-05-18-v2-v4/stereo_left/EPnPv2_gt_mesh_z_hybrid_labels/3615691995888_0.json,/media/hdd2/ARCL_multicar_bags/camera_dataset/2026-05-18-v2-v4/stereo_left/EPnPv2_gt_mesh_z_hybrid_labels/3615691995888_0.json,T_map_object_raw,T_camera_object_centered,17739.98801816491,2.9767336690140693,13.041958492426756
image_3615779590023,1,96,1125,0.26171875,/media/hdd2/ARCL_multicar_bags/camera_dataset/2026-05-18-v2-v4/stereo_left/EPnPv2_gt_mesh_z_hybrid_labels/3615779590023_0.json,/media/hdd2/ARCL_multicar_bags/camera_dataset/2026-05-18-v2-v4/stereo_left/EPnPv2_gt_mesh_z_hybrid_labels/3615779590023_0.json,T_map_object_raw,T_camera_object_centered,15977.531513116981,3.337347927920851,11.27702819360918
image_3615890036733,1,97,1147,0.24609375,/media/hdd2/ARCL_multicar_bags/camera_dataset/2026-05-18-v2-v4/stereo_left/EPnPv2_gt_mesh_z_hybrid_labels/3615890036733_0.json,/media/hdd2/ARCL_multicar_bags/camera_dataset/2026-05-18-v2-v4/stereo_left/EPnPv2_gt_mesh_z_hybrid_labels/3615890036733_0.json,T_map_object_raw,T_camera_object_centered,19304.728220163288,4.061952974269739,12.22735814592049
image_3615980735922,1,98,1169,0.25,/media/hdd2/ARCL_multicar_bags/camera_dataset/2026-05-18-v2-v4/stereo_left/EPnPv2_gt_mesh_z_hybrid_labels/3615980735922_0.json,/media/hdd2/ARCL_multicar_bags/camera_dataset/2026-05-18-v2-v4/stereo_left/EPnPv2_gt_mesh_z_hybrid_labels/3615980735922_0.json,T_map_object_raw,T_camera_object_centered,15812.272567471106,3.0728848703400877,12.150400821481515
image_3616078583839,1,99,1193,0.25390625,/media/hdd2/ARCL_multicar_bags/camera_dataset/2026-05-18-v2-v4/stereo_left/EPnPv2_gt_mesh_z_hybrid_labels/3616078583839_0.json,/media/hdd2/ARCL_multicar_bags/camera_dataset/2026-05-18-v2-v4/stereo_left/EPnPv2_gt_mesh_z_hybrid_labels/3616078583839_0.json,T_map_object_raw,T_camera_object_centered,18062.40104705032,3.9067962902967204,12.28823054158901
image_3616179823395,1,100,1223,0.25,/media/hdd2/ARCL_multicar_bags/camera_dataset/2026-05-18-v2-v4/stereo_left/EPnPv2_gt_mesh_z_hybrid_labels/3616179823395_0.json,/media/hdd2/ARCL_multicar_bags/camera_dataset/2026-05-18-v2-v4/stereo_left/EPnPv2_gt_mesh_z_hybrid_labels/3616179823395_0.json,T_map_object_raw,T_camera_object_centered,16016.810219289073,3.306056016594846,12.630029119428919
image_3616380608297,1,102,1269,0.25,/media/hdd2/ARCL_multicar_bags/camera_dataset/2026-05-18-v2-v4/stereo_left/EPnPv2_gt_mesh_z_hybrid_labels/3616380608297_0.json,/media/hdd2/ARCL_multicar_bags/camera_dataset/2026-05-18-v2-v4/stereo_left/EPnPv2_gt_mesh_z_hybrid_labels/3616380608297_0.json,T_map_object_raw,T_camera_object_centered,16890.888206973716,4.109966081600776,13.498749426227976
image_3616482313267,1,103,1294,0.2578125,/media/hdd2/ARCL_multicar_bags/camera_dataset/2026-05-18-v2-v4/stereo_left/EPnPv2_gt_mesh_z_hybrid_labels/3616482313267_0.json,/media/hdd2/ARCL_multicar_bags/camera_dataset/2026-05-18-v2-v4/stereo_left/EPnPv2_gt_mesh_z_hybrid_labels/3616482313267_0.json,T_map_object_raw,T_camera_object_centered,16546.551180477476,4.3296243170096105,14.592132098364594
image_3616584005437,1,104,1318,0.2578125,/media/hdd2/ARCL_multicar_bags/camera_dataset/2026-05-18-v2-v4/stereo_left/EPnPv2_gt_mesh_z_hybrid_labels/3616584005437_0.json,/media/hdd2/ARCL_multicar_bags/camera_dataset/2026-05-18-v2-v4/stereo_left/EPnPv2_gt_mesh_z_hybrid_labels/3616584005437_0.json,T_map_object_raw,T_camera_object_centered,17021.087747601676,3.8618180804932463,12.691135748626088
image_3616678467899,1,105,1349,0.2421875,/media/hdd2/ARCL_multicar_bags/camera_dataset/2026-05-18-v2-v4/stereo_left/EPnPv2_gt_mesh_z_hybrid_labels/3616678467899_0.json,/media/hdd2/ARCL_multicar_bags/camera_dataset/2026-05-18-v2-v4/stereo_left/EPnPv2_gt_mesh_z_hybrid_labels/3616678467899_0.json,T_map_object_raw,T_camera_object_centered,19313.50375596716,4.1582477377125215,12.227058008875431
image_3616781361638,1,106,1371,0.24609375,/media/hdd2/ARCL_multicar_bags/camera_dataset/2026-05-18-v2-v4/stereo_left/EPnPv2_gt_mesh_z_hybrid_labels/3616781361638_0.json,/media/hdd2/ARCL_multicar_bags/camera_dataset/2026-05-18-v2-v4/stereo_left/EPnPv2_gt_mesh_z_hybrid_labels/3616781361638_0.json,T_map_object_raw,T_camera_object_centered,18183.74481028486,4.489960012265851,9.102461121642703
image_3616885642032,1,107,1401,0.2578125,/media/hdd2/ARCL_multicar_bags/camera_dataset/2026-05-18-v2-v4/stereo_left/EPnPv2_gt_mesh_z_hybrid_labels/3616885642032_0.json,/media/hdd2/ARCL_multicar_bags/camera_dataset/2026-05-18-v2-v4/stereo_left/EPnPv2_gt_mesh_z_hybrid_labels/3616885642032_0.json,T_map_object_raw,T_camera_object_centered,15541.456631404224,3.7549479283716383,15.118891127762394
image_3616980639198,1,108,1425,0.25390625,/media/hdd2/ARCL_multicar_bags/camera_dataset/2026-05-18-v2-v4/stereo_left/EPnPv2_gt_mesh_z_hybrid_labels/3616980639198_0.json,/media/hdd2/ARCL_multicar_bags/camera_dataset/2026-05-18-v2-v4/stereo_left/EPnPv2_gt_mesh_z_hybrid_labels/3616980639198_0.json,T_map_object_raw,T_camera_object_centered,14817.482622270278,3.4353215234430925,11.315664628654618
image_3617078508314,1,109,1447,0.24609375,/media/hdd2/ARCL_multicar_bags/camera_dataset/2026-05-18-v2-v4/stereo_left/EPnPv2_gt_mesh_z_hybrid_labels/3617078508314_0.json,/media/hdd2/ARCL_multicar_bags/camera_dataset/2026-05-18-v2-v4/stereo_left/EPnPv2_gt_mesh_z_hybrid_labels/3617078508314_0.json,T_map_object_raw,T_camera_object_centered,15999.141368131315,4.120651764000566,12.729898702308716
image_3617179509641,1,110,1470,0.23046875,/media/hdd2/ARCL_multicar_bags/camera_dataset/2026-05-18-v2-v4/stereo_left/EPnPv2_gt_mesh_z_hybrid_labels/3617179509641_0.json,/media/hdd2/ARCL_multicar_bags/camera_dataset/2026-05-18-v2-v4/stereo_left/EPnPv2_gt_mesh_z_hybrid_labels/3617179509641_0.json,T_map_object_raw,T_camera_object_centered,16517.99895085197,4.42416761916457,7.8638487257747265
image_3617288992264,1,111,1492,0.23828125,/media/hdd2/ARCL_multicar_bags/camera_dataset/2026-05-18-v2-v4/stereo_left/EPnPv2_gt_mesh_z_hybrid_labels/3617288992264_0.json,/media/hdd2/ARCL_multicar_bags/camera_dataset/2026-05-18-v2-v4/stereo_left/EPnPv2_gt_mesh_z_hybrid_labels/3617288992264_0.json,T_map_object_raw,T_camera_object_centered,18770.02124138013,5.383707576881476,16.68120572136603
image_3617379224026,1,112,1514,0.23828125,/media/hdd2/ARCL_multicar_bags/camera_dataset/2026-05-18-v2-v4/stereo_left/EPnPv2_gt_mesh_z_hybrid_labels/3617379224026_0.json,/media/hdd2/ARCL_multicar_bags/camera_dataset/2026-05-18-v2-v4/stereo_left/EPnPv2_gt_mesh_z_hybrid_labels/3617379224026_0.json,T_map_object_raw,T_camera_object_centered,19735.099399310468,5.32069076450912,13.441467596041852
image_3617486481250,1,113,1536,0.25,/media/hdd2/ARCL_multicar_bags/camera_dataset/2026-05-18-v2-v4/stereo_left/EPnPv2_gt_mesh_z_hybrid_labels/3617486481250_0.json,/media/hdd2/ARCL_multicar_bags/camera_dataset/2026-05-18-v2-v4/stereo_left/EPnPv2_gt_mesh_z_hybrid_labels/3617486481250_0.json,T_map_object_raw,T_camera_object_centered,16418.563869463458,4.458889533721794,12.401629968781055
image_3617580966138,1,114,1563,0.26953125,/media/hdd2/ARCL_multicar_bags/camera_dataset/2026-05-18-v2-v4/stereo_left/EPnPv2_gt_mesh_z_hybrid_labels/3617580966138_0.json,/media/hdd2/ARCL_multicar_bags/camera_dataset/2026-05-18-v2-v4/stereo_left/EPnPv2_gt_mesh_z_hybrid_labels/3617580966138_0.json,T_map_object_raw,T_camera_object_centered,17200.1976440287,4.902326744959672,11.683299513357648
image_3617705303937,1,115,1586,0.2578125,/media/hdd2/ARCL_multicar_bags/camera_dataset/2026-05-18-v2-v4/stereo_left/EPnPv2_gt_mesh_z_hybrid_labels/3617705303937_0.json,/media/hdd2/ARCL_multicar_bags/camera_dataset/2026-05-18-v2-v4/stereo_left/EPnPv2_gt_mesh_z_hybrid_labels/3617705303937_0.json,T_map_object_raw,T_camera_object_centered,19822.806786369652,4.376409880594002,16.996114802675475
image_3617798482768,1,116,1608,0.24609375,/media/hdd2/ARCL_multicar_bags/camera_dataset/2026-05-18-v2-v4/stereo_left/EPnPv2_gt_mesh_z_hybrid_labels/3617798482768_0.json,/media/hdd2/ARCL_multicar_bags/camera_dataset/2026-05-18-v2-v4/stereo_left/EPnPv2_gt_mesh_z_hybrid_labels/3617798482768_0.json,T_map_object_raw,T_camera_object_centered,18400.3157831751,4.677365196893751,11.94040087171706
image_3617906469127,1,117,1630,0.24609375,/media/hdd2/ARCL_multicar_bags/camera_dataset/2026-05-18-v2-v4/stereo_left/EPnPv2_gt_mesh_z_hybrid_labels/3617906469127_0.json,/media/hdd2/ARCL_multicar_bags/camera_dataset/2026-05-18-v2-v4/stereo_left/EPnPv2_gt_mesh_z_hybrid_labels/3617906469127_0.json,T_map_object_raw,T_camera_object_centered,15353.005268334051,3.285061957678907,17.098731010327807
image_3617984613450,1,118,1652,0.25,/media/hdd2/ARCL_multicar_bags/camera_dataset/2026-05-18-v2-v4/stereo_left/EPnPv2_gt_mesh_z_hybrid_labels/3617984613450_0.json,/media/hdd2/ARCL_multicar_bags/camera_dataset/2026-05-18-v2-v4/stereo_left/EPnPv2_gt_mesh_z_hybrid_labels/3617984613450_0.json,T_map_object_raw,T_camera_object_centered,14053.6443434407,3.311920306659864,13.409323509101174
image_3618082220614,1,119,1674,0.26171875,/media/hdd2/ARCL_multicar_bags/camera_dataset/2026-05-18-v2-v4/stereo_left/EPnPv2_gt_mesh_z_hybrid_labels/3618082220614_0.json,/media/hdd2/ARCL_multicar_bags/camera_dataset/2026-05-18-v2-v4/stereo_left/EPnPv2_gt_mesh_z_hybrid_labels/3618082220614_0.json,T_map_object_raw,T_camera_object_centered,17422.450205747864,4.147559555819949,10.876829273360672
image_3618290485969,1,121,1719,0.26171875,/media/hdd2/ARCL_multicar_bags/camera_dataset/2026-05-18-v2-v4/stereo_left/EPnPv2_gt_mesh_z_hybrid_labels/3618290485969_0.json,/media/hdd2/ARCL_multicar_bags/camera_dataset/2026-05-18-v2-v4/stereo_left/EPnPv2_gt_mesh_z_hybrid_labels/3618290485969_0.json,T_map_object_raw,T_camera_object_centered,17423.085951905276,5.19884839157511,14.211365772651927
image_3618782183779,1,126,1837,0.234375,/media/hdd2/ARCL_multicar_bags/camera_dataset/2026-05-18-v2-v4/stereo_left/EPnPv2_gt_mesh_z_hybrid_labels/3618782183779_0.json,/media/hdd2/ARCL_multicar_bags/camera_dataset/2026-05-18-v2-v4/stereo_left/EPnPv2_gt_mesh_z_hybrid_labels/3618782183779_0.json,T_map_object_raw,T_camera_object_centered,20000.465846220493,4.851835713668197,14.896281039901494
image_3619088059982,1,129,1908,0.26953125,/media/hdd2/ARCL_multicar_bags/camera_dataset/2026-05-18-v2-v4/stereo_left/EPnPv2_gt_mesh_z_hybrid_labels/3619088059982_0.json,/media/hdd2/ARCL_multicar_bags/camera_dataset/2026-05-18-v2-v4/stereo_left/EPnPv2_gt_mesh_z_hybrid_labels/3619088059982_0.json,T_map_object_raw,T_camera_object_centered,18267.647835258675,3.146289689702641,8.606110000654397
image_3619278937994,1,130,1931,0.2578125,/media/hdd2/ARCL_multicar_bags/camera_dataset/2026-05-18-v2-v4/stereo_left/EPnPv2_gt_mesh_z_hybrid_labels/3619278937994_0.json,/media/hdd2/ARCL_multicar_bags/camera_dataset/2026-05-18-v2-v4/stereo_left/EPnPv2_gt_mesh_z_hybrid_labels/3619278937994_0.json,T_map_object_raw,T_camera_object_centered,18085.263006016175,3.6202200667444853,8.287086802777862
image_3619392387131,1,131,1953,0.26171875,/media/hdd2/ARCL_multicar_bags/camera_dataset/2026-05-18-v2-v4/stereo_left/EPnPv2_gt_mesh_z_hybrid_labels/3619392387131_0.json,/media/hdd2/ARCL_multicar_bags/camera_dataset/2026-05-18-v2-v4/stereo_left/EPnPv2_gt_mesh_z_hybrid_labels/3619392387131_0.json,T_map_object_raw,T_camera_object_centered,18530.84162159439,3.435837927150686,14.30205555170195
image_3621586367277,1,152,2440,0.28125,/media/hdd2/ARCL_multicar_bags/camera_dataset/2026-05-18-v2-v4/stereo_left/EPnPv2_gt_mesh_z_hybrid_labels/3621586367277_0.json,/media/hdd2/ARCL_multicar_bags/camera_dataset/2026-05-18-v2-v4/stereo_left/EPnPv2_gt_mesh_z_hybrid_labels/3621586367277_0.json,T_map_object_raw,T_camera_object_centered,16000.730765883347,3.418750951993732,12.661665346708762
image_3621683373978,1,153,2463,0.23828125,/media/hdd2/ARCL_multicar_bags/camera_dataset/2026-05-18-v2-v4/stereo_left/EPnPv2_gt_mesh_z_hybrid_labels/3621683373978_0.json,/media/hdd2/ARCL_multicar_bags/camera_dataset/2026-05-18-v2-v4/stereo_left/EPnPv2_gt_mesh_z_hybrid_labels/3621683373978_0.json,T_map_object_raw,T_camera_object_centered,18608.185419186222,3.502338995705473,13.71662534568126
image_3621782206236,1,154,2486,0.234375,/media/hdd2/ARCL_multicar_bags/camera_dataset/2026-05-18-v2-v4/stereo_left/EPnPv2_gt_mesh_z_hybrid_labels/3621782206236_0.json,/media/hdd2/ARCL_multicar_bags/camera_dataset/2026-05-18-v2-v4/stereo_left/EPnPv2_gt_mesh_z_hybrid_labels/3621782206236_0.json,T_map_object_raw,T_camera_object_centered,18851.917110931532,3.5878157007989513,11.02806377384458
image_3621882784632,1,155,2510,0.26171875,/media/hdd2/ARCL_multicar_bags/camera_dataset/2026-05-18-v2-v4/stereo_left/EPnPv2_gt_mesh_z_hybrid_labels/3621882784632_0.json,/media/hdd2/ARCL_multicar_bags/camera_dataset/2026-05-18-v2-v4/stereo_left/EPnPv2_gt_mesh_z_hybrid_labels/3621882784632_0.json,T_map_object_raw,T_camera_object_centered,19026.574755612917,3.573251659545938,9.101860008224115
image_3621981952706,1,156,2533,0.27734375,/media/hdd2/ARCL_multicar_bags/camera_dataset/2026-05-18-v2-v4/stereo_left/EPnPv2_gt_mesh_z_hybrid_labels/3621981952706_0.json,/media/hdd2/ARCL_multicar_bags/camera_dataset/2026-05-18-v2-v4/stereo_left/EPnPv2_gt_mesh_z_hybrid_labels/3621981952706_0.json,T_map_object_raw,T_camera_object_centered,18839.424530772063,4.851456158902324,15.07975929486937
image_3622479898251,1,161,2659,0.25,/media/hdd2/ARCL_multicar_bags/camera_dataset/2026-05-18-v2-v4/stereo_left/EPnPv2_gt_mesh_z_hybrid_labels/3622479898251_0.json,/media/hdd2/ARCL_multicar_bags/camera_dataset/2026-05-18-v2-v4/stereo_left/EPnPv2_gt_mesh_z_hybrid_labels/3622479898251_0.json,T_map_object_raw,T_camera_object_centered,20238.32932058697,7.059272974474756,11.838983029780733
image_3622978386947,1,165,2762,0.265625,/media/hdd2/ARCL_multicar_bags/camera_dataset/2026-05-18-v2-v4/stereo_left/EPnPv2_gt_mesh_z_hybrid_labels/3622978386947_0.json,/media/hdd2/ARCL_multicar_bags/camera_dataset/2026-05-18-v2-v4/stereo_left/EPnPv2_gt_mesh_z_hybrid_labels/3622978386947_0.json,T_map_object_raw,T_camera_object_centered,17437.879197624476,8.019443163468456,24.213172823868668
image_3623084715115,1,166,2786,0.25,/media/hdd2/ARCL_multicar_bags/camera_dataset/2026-05-18-v2-v4/stereo_left/EPnPv2_gt_mesh_z_hybrid_labels/3623084715115_0.json,/media/hdd2/ARCL_multicar_bags/camera_dataset/2026-05-18-v2-v4/stereo_left/EPnPv2_gt_mesh_z_hybrid_labels/3623084715115_0.json,T_map_object_raw,T_camera_object_centered,19813.945809941917,6.859517840921453,27.208379599344777
image_3629483196475,1,180,3121,0.25390625,/media/hdd2/ARCL_multicar_bags/camera_dataset/2026-05-18-v2-v4/stereo_left/EPnPv2_gt_mesh_z_hybrid_labels/3629483196475_0.json,/media/hdd2/ARCL_multicar_bags/camera_dataset/2026-05-18-v2-v4/stereo_left/EPnPv2_gt_mesh_z_hybrid_labels/3629483196475_0.json,T_map_object_raw,T_camera_object_centered,17038.793192460766,8.241619361480376,13.825248904966967
image_3629684874469,1,182,3172,0.265625,/media/hdd2/ARCL_multicar_bags/camera_dataset/2026-05-18-v2-v4/stereo_left/EPnPv2_gt_mesh_z_hybrid_labels/3629684874469_0.json,/media/hdd2/ARCL_multicar_bags/camera_dataset/2026-05-18-v2-v4/stereo_left/EPnPv2_gt_mesh_z_hybrid_labels/3629684874469_0.json,T_map_object_raw,T_camera_object_centered,15834.713090745814,6.173702346050577,7.629067813087542
image_3629779076661,1,183,3195,0.26953125,/media/hdd2/ARCL_multicar_bags/camera_dataset/2026-05-18-v2-v4/stereo_left/EPnPv2_gt_mesh_z_hybrid_labels/3629779076661_0.json,/media/hdd2/ARCL_multicar_bags/camera_dataset/2026-05-18-v2-v4/stereo_left/EPnPv2_gt_mesh_z_hybrid_labels/3629779076661_0.json,T_map_object_raw,T_camera_object_centered,16313.804511271956,6.301824052136641,9.710601788495909
image_3629981231964,1,185,3242,0.25,/media/hdd2/ARCL_multicar_bags/camera_dataset/2026-05-18-v2-v4/stereo_left/EPnPv2_gt_mesh_z_hybrid_labels/3629981231964_0.json,/media/hdd2/ARCL_multicar_bags/camera_dataset/2026-05-18-v2-v4/stereo_left/EPnPv2_gt_mesh_z_hybrid_labels/3629981231964_0.json,T_map_object_raw,T_camera_object_centered,14510.147297529526,4.492640683930971,4.75948938541461
image_3630081254145,1,186,3265,0.24609375,/media/hdd2/ARCL_multicar_bags/camera_dataset/2026-05-18-v2-v4/stereo_left/EPnPv2_gt_mesh_z_hybrid_labels/3630081254145_0.json,/media/hdd2/ARCL_multicar_bags/camera_dataset/2026-05-18-v2-v4/stereo_left/EPnPv2_gt_mesh_z_hybrid_labels/3630081254145_0.json,T_map_object_raw,T_camera_object_centered,13955.393999682887,3.825563087622226,6.259149294304525
image_3630280353349,1,187,3288,0.24609375,/media/hdd2/ARCL_multicar_bags/camera_dataset/2026-05-18-v2-v4/stereo_left/EPnPv2_gt_mesh_z_hybrid_labels/3630280353349_0.json,/media/hdd2/ARCL_multicar_bags/camera_dataset/2026-05-18-v2-v4/stereo_left/EPnPv2_gt_mesh_z_hybrid_labels/3630280353349_0.json,T_map_object_raw,T_camera_object_centered,13900.323188325652,3.348699217926137,5.609044728003575
image_3630379829295,1,188,3316,0.2578125,/media/hdd2/ARCL_multicar_bags/camera_dataset/2026-05-18-v2-v4/stereo_left/EPnPv2_gt_mesh_z_hybrid_labels/3630379829295_0.json,/media/hdd2/ARCL_multicar_bags/camera_dataset/2026-05-18-v2-v4/stereo_left/EPnPv2_gt_mesh_z_hybrid_labels/3630379829295_0.json,T_map_object_raw,T_camera_object_centered,13535.407290954478,3.31678005082263,5.40370418192901
image_3630584619898,1,189,3339,0.22265625,/media/hdd2/ARCL_multicar_bags/camera_dataset/2026-05-18-v2-v4/stereo_left/EPnPv2_gt_mesh_z_hybrid_labels/3630584619898_0.json,/media/hdd2/ARCL_multicar_bags/camera_dataset/2026-05-18-v2-v4/stereo_left/EPnPv2_gt_mesh_z_hybrid_labels/3630584619898_0.json,T_map_object_raw,T_camera_object_centered,13015.979017338996,4.010456987745239,4.472403345558122
image_3630683469507,1,190,3345,0.25,/media/hdd2/ARCL_multicar_bags/camera_dataset/2026-05-18-v2-v4/stereo_left/EPnPv2_gt_mesh_z_hybrid_labels/3630683469507_0.json,/media/hdd2/ARCL_multicar_bags/camera_dataset/2026-05-18-v2-v4/stereo_left/EPnPv2_gt_mesh_z_hybrid_labels/3630683469507_0.json,T_map_object_raw,T_camera_object_centered,16419.238965904886,4.1815074911110175,3.1753749716070696
image_3630884468307,1,192,3351,0.25,/media/hdd2/ARCL_multicar_bags/camera_dataset/2026-05-18-v2-v4/stereo_left/EPnPv2_gt_mesh_z_hybrid_labels/3630884468307_0.json,/media/hdd2/ARCL_multicar_bags/camera_dataset/2026-05-18-v2-v4/stereo_left/EPnPv2_gt_mesh_z_hybrid_labels/3630884468307_0.json,T_map_object_raw,T_camera_object_centered,13578.036449076979,4.36141304263781,5.676390804943143
image_3630982481312,1,193,3354,0.2578125,/media/hdd2/ARCL_multicar_bags/camera_dataset/2026-05-18-v2-v4/stereo_left/EPnPv2_gt_mesh_z_hybrid_labels/3630982481312_0.json,/media/hdd2/ARCL_multicar_bags/camera_dataset/2026-05-18-v2-v4/stereo_left/EPnPv2_gt_mesh_z_hybrid_labels/3630982481312_0.json,T_map_object_raw,T_camera_object_centered,15281.486118745233,5.976165616555696,9.476586151299022
image_3631080903665,1,194,3357,0.24609375,/media/hdd2/ARCL_multicar_bags/camera_dataset/2026-05-18-v2-v4/stereo_left/EPnPv2_gt_mesh_z_hybrid_labels/3631080903665_0.json,/media/hdd2/ARCL_multicar_bags/camera_dataset/2026-05-18-v2-v4/stereo_left/EPnPv2_gt_mesh_z_hybrid_labels/3631080903665_0.json,T_map_object_raw,T_camera_object_centered,16267.870006949808,4.775204357827558,7.68718741232005
image_3631182352033,1,195,3361,0.26953125,/media/hdd2/ARCL_multicar_bags/camera_dataset/2026-05-18-v2-v4/stereo_left/EPnPv2_gt_mesh_z_hybrid_labels/3631182352033_0.json,/media/hdd2/ARCL_multicar_bags/camera_dataset/2026-05-18-v2-v4/stereo_left/EPnPv2_gt_mesh_z_hybrid_labels/3631182352033_0.json,T_map_object_raw,T_camera_object_centered,15301.796873211732,5.890082157953938,11.034585221409367
image_3631279099006,1,196,3363,0.23828125,/media/hdd2/ARCL_multicar_bags/camera_dataset/2026-05-18-v2-v4/stereo_left/EPnPv2_gt_mesh_z_hybrid_labels/3631279099006_0.json,/media/hdd2/ARCL_multicar_bags/camera_dataset/2026-05-18-v2-v4/stereo_left/EPnPv2_gt_mesh_z_hybrid_labels/3631279099006_0.json,T_map_object_raw,T_camera_object_centered,13573.395854351362,4.709890544005529,6.327231928394164
image_3631401313720,1,197,3365,0.2734375,/media/hdd2/ARCL_multicar_bags/camera_dataset/2026-05-18-v2-v4/stereo_left/EPnPv2_gt_mesh_z_hybrid_labels/3631401313720_0.json,/media/hdd2/ARCL_multicar_bags/camera_dataset/2026-05-18-v2-v4/stereo_left/EPnPv2_gt_mesh_z_hybrid_labels/3631401313720_0.json,T_map_object_raw,T_camera_object_centered,15262.703282837865,5.484456456218705,9.588384920271283
image_3631488346219,1,198,3367,0.2578125,/media/hdd2/ARCL_multicar_bags/camera_dataset/2026-05-18-v2-v4/stereo_left/EPnPv2_gt_mesh_z_hybrid_labels/3631488346219_0.json,/media/hdd2/ARCL_multicar_bags/camera_dataset/2026-05-18-v2-v4/stereo_left/EPnPv2_gt_mesh_z_hybrid_labels/3631488346219_0.json,T_map_object_raw,T_camera_object_centered,13961.73184604394,5.729475655712312,12.740938585431095
image_3631593256977,1,199,3369,0.21875,/media/hdd2/ARCL_multicar_bags/camera_dataset/2026-05-18-v2-v4/stereo_left/EPnPv2_gt_mesh_z_hybrid_labels/3631593256977_0.json,/media/hdd2/ARCL_multicar_bags/camera_dataset/2026-05-18-v2-v4/stereo_left/EPnPv2_gt_mesh_z_hybrid_labels/3631593256977_0.json,T_map_object_raw,T_camera_object_centered,12772.592875554375,3.588963277817579,5.092062025391481
image_3631713116658,1,200,3373,0.24609375,/media/hdd2/ARCL_multicar_bags/camera_dataset/2026-05-18-v2-v4/stereo_left/EPnPv2_gt_mesh_z_hybrid_labels/3631713116658_0.json,/media/hdd2/ARCL_multicar_bags/camera_dataset/2026-05-18-v2-v4/stereo_left/EPnPv2_gt_mesh_z_hybrid_labels/3631713116658_0.json,T_map_object_raw,T_camera_object_centered,14253.13186875094,3.9534956602641813,9.394035108018853
image_3631778807286,1,201,3375,0.26171875,/media/hdd2/ARCL_multicar_bags/camera_dataset/2026-05-18-v2-v4/stereo_left/EPnPv2_gt_mesh_z_hybrid_labels/3631778807286_0.json,/media/hdd2/ARCL_multicar_bags/camera_dataset/2026-05-18-v2-v4/stereo_left/EPnPv2_gt_mesh_z_hybrid_labels/3631778807286_0.json,T_map_object_raw,T_camera_object_centered,15437.679189734705,3.829186110944606,8.718097432277991
image_3631980875810,1,203,3379,0.26171875,/media/hdd2/ARCL_multicar_bags/camera_dataset/2026-05-18-v2-v4/stereo_left/EPnPv2_gt_mesh_z_hybrid_labels/3631980875810_0.json,/media/hdd2/ARCL_multicar_bags/camera_dataset/2026-05-18-v2-v4/stereo_left/EPnPv2_gt_mesh_z_hybrid_labels/3631980875810_0.json,T_map_object_raw,T_camera_object_centered,12899.305999204244,3.3942884699280778,5.532636208930009
image_3632078864021,1,204,3381,0.26953125,/media/hdd2/ARCL_multicar_bags/camera_dataset/2026-05-18-v2-v4/stereo_left/EPnPv2_gt_mesh_z_hybrid_labels/3632078864021_0.json,/media/hdd2/ARCL_multicar_bags/camera_dataset/2026-05-18-v2-v4/stereo_left/EPnPv2_gt_mesh_z_hybrid_labels/3632078864021_0.json,T_map_object_raw,T_camera_object_centered,13535.726823505036,3.5310743985796984,6.559711900183383
image_3632178868558,1,205,3384,0.25390625,/media/hdd2/ARCL_multicar_bags/camera_dataset/2026-05-18-v2-v4/stereo_left/EPnPv2_gt_mesh_z_hybrid_labels/3632178868558_0.json,/media/hdd2/ARCL_multicar_bags/camera_dataset/2026-05-18-v2-v4/stereo_left/EPnPv2_gt_mesh_z_hybrid_labels/3632178868558_0.json,T_map_object_raw,T_camera_object_centered,14450.566648628434,3.0426260055684202,7.03486081425399
image_3632393530906,1,206,3386,0.25390625,/media/hdd2/ARCL_multicar_bags/camera_dataset/2026-05-18-v2-v4/stereo_left/EPnPv2_gt_mesh_z_hybrid_labels/3632393530906_0.json,/media/hdd2/ARCL_multicar_bags/camera_dataset/2026-05-18-v2-v4/stereo_left/EPnPv2_gt_mesh_z_hybrid_labels/3632393530906_0.json,T_map_object_raw,T_camera_object_centered,17881.170439247726,5.0276641281781105,12.977694957775487
image_3633378379403,1,215,3406,0.24609375,/media/hdd2/ARCL_multicar_bags/camera_dataset/2026-05-18-v2-v4/stereo_left/EPnPv2_gt_mesh_z_hybrid_labels/3633378379403_0.json,/media/hdd2/ARCL_multicar_bags/camera_dataset/2026-05-18-v2-v4/stereo_left/EPnPv2_gt_mesh_z_hybrid_labels/3633378379403_0.json,T_map_object_raw,T_camera_object_centered,16367.962507738026,6.793919187539514,6.8514944056399285
image_3633486479333,1,216,3408,0.2265625,/media/hdd2/ARCL_multicar_bags/camera_dataset/2026-05-18-v2-v4/stereo_left/EPnPv2_gt_mesh_z_hybrid_labels/3633486479333_0.json,/media/hdd2/ARCL_multicar_bags/camera_dataset/2026-05-18-v2-v4/stereo_left/EPnPv2_gt_mesh_z_hybrid_labels/3633486479333_0.json,T_map_object_raw,T_camera_object_centered,14825.41251703447,7.4224357432626755,10.609258744859401
image_3633582434146,1,217,3410,0.19921875,/media/hdd2/ARCL_multicar_bags/camera_dataset/2026-05-18-v2-v4/stereo_left/EPnPv2_gt_mesh_z_hybrid_labels/3633582434146_0.json,/media/hdd2/ARCL_multicar_bags/camera_dataset/2026-05-18-v2-v4/stereo_left/EPnPv2_gt_mesh_z_hybrid_labels/3633582434146_0.json,T_map_object_raw,T_camera_object_centered,13743.451256050774,7.806092024797858,7.99093103885022
image_3633695031633,1,218,3412,0.19921875,/media/hdd2/ARCL_multicar_bags/camera_dataset/2026-05-18-v2-v4/stereo_left/EPnPv2_gt_mesh_z_hybrid_labels/3633695031633_0.json,/media/hdd2/ARCL_multicar_bags/camera_dataset/2026-05-18-v2-v4/stereo_left/EPnPv2_gt_mesh_z_hybrid_labels/3633695031633_0.json,T_map_object_raw,T_camera_object_centered,13356.61133691,8.438674606943595,6.094138865343278
image_3633980336933,1,221,3419,0.1484375,/media/hdd2/ARCL_multicar_bags/camera_dataset/2026-05-18-v2-v4/stereo_left/EPnPv2_gt_mesh_z_hybrid_labels/3633980336933_0.json,/media/hdd2/ARCL_multicar_bags/camera_dataset/2026-05-18-v2-v4/stereo_left/EPnPv2_gt_mesh_z_hybrid_labels/3633980336933_0.json,T_map_object_raw,T_camera_object_centered,15162.37612814406,10.271586191943056,41.77081767097367
image_3634278543216,1,224,3425,0.14453125,/media/hdd2/ARCL_multicar_bags/camera_dataset/2026-05-18-v2-v4/stereo_left/EPnPv2_gt_mesh_z_hybrid_labels/3634278543216_0.json,/media/hdd2/ARCL_multicar_bags/camera_dataset/2026-05-18-v2-v4/stereo_left/EPnPv2_gt_mesh_z_hybrid_labels/3634278543216_0.json,T_map_object_raw,T_camera_object_centered,16516.44666747617,7.121202816739479,44.16421659510622
image_3634380425830,1,225,3428,0.13671875,/media/hdd2/ARCL_multicar_bags/camera_dataset/2026-05-18-v2-v4/stereo_left/EPnPv2_gt_mesh_z_hybrid_labels/3634380425830_0.json,/media/hdd2/ARCL_multicar_bags/camera_dataset/2026-05-18-v2-v4/stereo_left/EPnPv2_gt_mesh_z_hybrid_labels/3634380425830_0.json,T_map_object_raw,T_camera_object_centered,15872.246169568925,7.160466386931157,45.20820125156968
image_3634480021195,1,226,3430,0.15234375,/media/hdd2/ARCL_multicar_bags/camera_dataset/2026-05-18-v2-v4/stereo_left/EPnPv2_gt_mesh_z_hybrid_labels/3634480021195_0.json,/media/hdd2/ARCL_multicar_bags/camera_dataset/2026-05-18-v2-v4/stereo_left/EPnPv2_gt_mesh_z_hybrid_labels/3634480021195_0.json,T_map_object_raw,T_camera_object_centered,15293.25866429918,5.146359906500699,40.34644327903368
image_3634778985906,1,229,3436,0.19140625,/media/hdd2/ARCL_multicar_bags/camera_dataset/2026-05-18-v2-v4/stereo_left/EPnPv2_gt_mesh_z_hybrid_labels/3634778985906_0.json,/media/hdd2/ARCL_multicar_bags/camera_dataset/2026-05-18-v2-v4/stereo_left/EPnPv2_gt_mesh_z_hybrid_labels/3634778985906_0.json,T_map_object_raw,T_camera_object_centered,16436.501719971966,3.4363869628531463,15.73489019641615
image_3637586123539,1,231,3441,0.12890625,/media/hdd2/ARCL_multicar_bags/camera_dataset/2026-05-18-v2-v4/stereo_left/EPnPv2_gt_mesh_z_hybrid_labels/3637586123539_0.json,/media/hdd2/ARCL_multicar_bags/camera_dataset/2026-05-18-v2-v4/stereo_left/EPnPv2_gt_mesh_z_hybrid_labels/3637586123539_0.json,T_map_object_raw,T_camera_object_centered,14998.350595000054,12.346934325648654,40.87651702896676
image_3637779480636,1,233,3445,0.25390625,/media/hdd2/ARCL_multicar_bags/camera_dataset/2026-05-18-v2-v4/stereo_left/EPnPv2_gt_mesh_z_hybrid_labels/3637779480636_0.json,/media/hdd2/ARCL_multicar_bags/camera_dataset/2026-05-18-v2-v4/stereo_left/EPnPv2_gt_mesh_z_hybrid_labels/3637779480636_0.json,T_map_object_raw,T_camera_object_centered,16960.22308225168,6.460767419164104,11.676602384287184
image_3637884738960,1,234,3447,0.25,/media/hdd2/ARCL_multicar_bags/camera_dataset/2026-05-18-v2-v4/stereo_left/EPnPv2_gt_mesh_z_hybrid_labels/3637884738960_0.json,/media/hdd2/ARCL_multicar_bags/camera_dataset/2026-05-18-v2-v4/stereo_left/EPnPv2_gt_mesh_z_hybrid_labels/3637884738960_0.json,T_map_object_raw,T_camera_object_centered,15621.0103621533,5.38112978562359,8.292579508756194
image_3638187505143,1,237,3454,0.2578125,/media/hdd2/ARCL_multicar_bags/camera_dataset/2026-05-18-v2-v4/stereo_left/EPnPv2_gt_mesh_z_hybrid_labels/3638187505143_0.json,/media/hdd2/ARCL_multicar_bags/camera_dataset/2026-05-18-v2-v4/stereo_left/EPnPv2_gt_mesh_z_hybrid_labels/3638187505143_0.json,T_map_object_raw,T_camera_object_centered,12927.754435436073,3.009273675660418,7.931184317438951
image_3638497569438,1,240,3461,0.23828125,/media/hdd2/ARCL_multicar_bags/camera_dataset/2026-05-18-v2-v4/stereo_left/EPnPv2_gt_mesh_z_hybrid_labels/3638497569438_0.json,/media/hdd2/ARCL_multicar_bags/camera_dataset/2026-05-18-v2-v4/stereo_left/EPnPv2_gt_mesh_z_hybrid_labels/3638497569438_0.json,T_map_object_raw,T_camera_object_centered,13718.720236093022,3.619350810264698,8.923270511022608
image_3638878896301,1,242,3465,0.23046875,/media/hdd2/ARCL_multicar_bags/camera_dataset/2026-05-18-v2-v4/stereo_left/EPnPv2_gt_mesh_z_hybrid_labels/3638878896301_0.json,/media/hdd2/ARCL_multicar_bags/camera_dataset/2026-05-18-v2-v4/stereo_left/EPnPv2_gt_mesh_z_hybrid_labels/3638878896301_0.json,T_map_object_raw,T_camera_object_centered,12753.548806915853,3.122609955385029,7.665333128995736
image_3639079299698,1,244,3469,0.23046875,/media/hdd2/ARCL_multicar_bags/camera_dataset/2026-05-18-v2-v4/stereo_left/EPnPv2_gt_mesh_z_hybrid_labels/3639079299698_0.json,/media/hdd2/ARCL_multicar_bags/camera_dataset/2026-05-18-v2-v4/stereo_left/EPnPv2_gt_mesh_z_hybrid_labels/3639079299698_0.json,T_map_object_raw,T_camera_object_centered,14581.284950564275,5.153251707514199,7.076612658857057
image_3639379561393,1,246,3474,0.234375,/media/hdd2/ARCL_multicar_bags/camera_dataset/2026-05-18-v2-v4/stereo_left/EPnPv2_gt_mesh_z_hybrid_labels/3639379561393_0.json,/media/hdd2/ARCL_multicar_bags/camera_dataset/2026-05-18-v2-v4/stereo_left/EPnPv2_gt_mesh_z_hybrid_labels/3639379561393_0.json,T_map_object_raw,T_camera_object_centered,14633.529365596618,3.2215879135903798,15.083728937773959
image_3639683793220,1,249,3480,0.22265625,/media/hdd2/ARCL_multicar_bags/camera_dataset/2026-05-18-v2-v4/stereo_left/EPnPv2_gt_mesh_z_hybrid_labels/3639683793220_0.json,/media/hdd2/ARCL_multicar_bags/camera_dataset/2026-05-18-v2-v4/stereo_left/EPnPv2_gt_mesh_z_hybrid_labels/3639683793220_0.json,T_map_object_raw,T_camera_object_centered,12972.544085157722,1.8684707516541268,13.587272018760128
image_3639782507751,1,250,3484,0.203125,/media/hdd2/ARCL_multicar_bags/camera_dataset/2026-05-18-v2-v4/stereo_left/EPnPv2_gt_mesh_z_hybrid_labels/3639782507751_0.json,/media/hdd2/ARCL_multicar_bags/camera_dataset/2026-05-18-v2-v4/stereo_left/EPnPv2_gt_mesh_z_hybrid_labels/3639782507751_0.json,T_map_object_raw,T_camera_object_centered,16727.54426786427,5.163307579188772,7.211994223973411
image_3639892531910,1,251,3486,0.21875,/media/hdd2/ARCL_multicar_bags/camera_dataset/2026-05-18-v2-v4/stereo_left/EPnPv2_gt_mesh_z_hybrid_labels/3639892531910_0.json,/media/hdd2/ARCL_multicar_bags/camera_dataset/2026-05-18-v2-v4/stereo_left/EPnPv2_gt_mesh_z_hybrid_labels/3639892531910_0.json,T_map_object_raw,T_camera_object_centered,13931.294404586337,3.3333399896898097,20.189041241010234
image_3640078698272,1,252,3488,0.2265625,/media/hdd2/ARCL_multicar_bags/camera_dataset/2026-05-18-v2-v4/stereo_left/EPnPv2_gt_mesh_z_hybrid_labels/3640078698272_0.json,/media/hdd2/ARCL_multicar_bags/camera_dataset/2026-05-18-v2-v4/stereo_left/EPnPv2_gt_mesh_z_hybrid_labels/3640078698272_0.json,T_map_object_raw,T_camera_object_centered,14723.385617844799,3.0822593131469485,17.270833508653638
image_3640285667871,1,254,3492,0.23046875,/media/hdd2/ARCL_multicar_bags/camera_dataset/2026-05-18-v2-v4/stereo_left/EPnPv2_gt_mesh_z_hybrid_labels/3640285667871_0.json,/media/hdd2/ARCL_multicar_bags/camera_dataset/2026-05-18-v2-v4/stereo_left/EPnPv2_gt_mesh_z_hybrid_labels/3640285667871_0.json,T_map_object_raw,T_camera_object_centered,12761.667694459025,2.7186240192176707,14.412266954553763
image_3640381671308,1,255,3495,0.234375,/media/hdd2/ARCL_multicar_bags/camera_dataset/2026-05-18-v2-v4/stereo_left/EPnPv2_gt_mesh_z_hybrid_labels/3640381671308_0.json,/media/hdd2/ARCL_multicar_bags/camera_dataset/2026-05-18-v2-v4/stereo_left/EPnPv2_gt_mesh_z_hybrid_labels/3640381671308_0.json,T_map_object_raw,T_camera_object_centered,13990.482424844316,2.677434671795802,18.39129182571446
image_3640479561327,1,256,3497,0.1953125,/media/hdd2/ARCL_multicar_bags/camera_dataset/2026-05-18-v2-v4/stereo_left/EPnPv2_gt_mesh_z_hybrid_labels/3640479561327_0.json,/media/hdd2/ARCL_multicar_bags/camera_dataset/2026-05-18-v2-v4/stereo_left/EPnPv2_gt_mesh_z_hybrid_labels/3640479561327_0.json,T_map_object_raw,T_camera_object_centered,16605.272817358466,3.16982238542382,16.178158072934444
image_3640588956881,1,257,3499,0.22265625,/media/hdd2/ARCL_multicar_bags/camera_dataset/2026-05-18-v2-v4/stereo_left/EPnPv2_gt_mesh_z_hybrid_labels/3640588956881_0.json,/media/hdd2/ARCL_multicar_bags/camera_dataset/2026-05-18-v2-v4/stereo_left/EPnPv2_gt_mesh_z_hybrid_labels/3640588956881_0.json,T_map_object_raw,T_camera_object_centered,15694.502767424843,2.931010959537693,15.871985791571298
image_3640883609934,1,260,3507,0.21484375,/media/hdd2/ARCL_multicar_bags/camera_dataset/2026-05-18-v2-v4/stereo_left/EPnPv2_gt_mesh_z_hybrid_labels/3640883609934_0.json,/media/hdd2/ARCL_multicar_bags/camera_dataset/2026-05-18-v2-v4/stereo_left/EPnPv2_gt_mesh_z_hybrid_labels/3640883609934_0.json,T_map_object_raw,T_camera_object_centered,14965.470864539746,3.2428128208948666,23.070815588600166
image_3640982120041,1,261,3509,0.24609375,/media/hdd2/ARCL_multicar_bags/camera_dataset/2026-05-18-v2-v4/stereo_left/EPnPv2_gt_mesh_z_hybrid_labels/3640982120041_0.json,/media/hdd2/ARCL_multicar_bags/camera_dataset/2026-05-18-v2-v4/stereo_left/EPnPv2_gt_mesh_z_hybrid_labels/3640982120041_0.json,T_map_object_raw,T_camera_object_centered,13066.411956633076,2.9159237506129263,17.926764025687213
image_3641078869471,1,262,3511,0.25,/media/hdd2/ARCL_multicar_bags/camera_dataset/2026-05-18-v2-v4/stereo_left/EPnPv2_gt_mesh_z_hybrid_labels/3641078869471_0.json,/media/hdd2/ARCL_multicar_bags/camera_dataset/2026-05-18-v2-v4/stereo_left/EPnPv2_gt_mesh_z_hybrid_labels/3641078869471_0.json,T_map_object_raw,T_camera_object_centered,13130.719706595812,2.477352361922022,19.358914717520165
image_3641182083752,1,263,3513,0.2265625,/media/hdd2/ARCL_multicar_bags/camera_dataset/2026-05-18-v2-v4/stereo_left/EPnPv2_gt_mesh_z_hybrid_labels/3641182083752_0.json,/media/hdd2/ARCL_multicar_bags/camera_dataset/2026-05-18-v2-v4/stereo_left/EPnPv2_gt_mesh_z_hybrid_labels/3641182083752_0.json,T_map_object_raw,T_camera_object_centered,13460.059543205452,2.638076430856744,19.2557218945683
image_3641290802976,1,264,3515,0.234375,/media/hdd2/ARCL_multicar_bags/camera_dataset/2026-05-18-v2-v4/stereo_left/EPnPv2_gt_mesh_z_hybrid_labels/3641290802976_0.json,/media/hdd2/ARCL_multicar_bags/camera_dataset/2026-05-18-v2-v4/stereo_left/EPnPv2_gt_mesh_z_hybrid_labels/3641290802976_0.json,T_map_object_raw,T_camera_object_centered,13158.790961419514,2.9948727571922777,30.842820759852263
image_3642078217053,1,271,3531,0.25,/media/hdd2/ARCL_multicar_bags/camera_dataset/2026-05-18-v2-v4/stereo_left/EPnPv2_gt_mesh_z_hybrid_labels/3642078217053_0.json,/media/hdd2/ARCL_multicar_bags/camera_dataset/2026-05-18-v2-v4/stereo_left/EPnPv2_gt_mesh_z_hybrid_labels/3642078217053_0.json,T_map_object_raw,T_camera_object_centered,15200.518963440501,6.166755481463969,22.68470313276489
image_3642188833617,1,272,3533,0.22265625,/media/hdd2/ARCL_multicar_bags/camera_dataset/2026-05-18-v2-v4/stereo_left/EPnPv2_gt_mesh_z_hybrid_labels/3642188833617_0.json,/media/hdd2/ARCL_multicar_bags/camera_dataset/2026-05-18-v2-v4/stereo_left/EPnPv2_gt_mesh_z_hybrid_labels/3642188833617_0.json,T_map_object_raw,T_camera_object_centered,14789.094522467743,5.614430466792876,26.44041730596542
image_3642281651970,1,273,3535,0.22265625,/media/hdd2/ARCL_multicar_bags/camera_dataset/2026-05-18-v2-v4/stereo_left/EPnPv2_gt_mesh_z_hybrid_labels/3642281651970_0.json,/media/hdd2/ARCL_multicar_bags/camera_dataset/2026-05-18-v2-v4/stereo_left/EPnPv2_gt_mesh_z_hybrid_labels/3642281651970_0.json,T_map_object_raw,T_camera_object_centered,13160.365177315061,6.087005736414203,26.46662818403743
image_3642982593338,1,280,3551,0.1484375,/media/hdd2/ARCL_multicar_bags/camera_dataset/2026-05-18-v2-v4/stereo_left/EPnPv2_gt_mesh_z_hybrid_labels/3642982593338_0.json,/media/hdd2/ARCL_multicar_bags/camera_dataset/2026-05-18-v2-v4/stereo_left/EPnPv2_gt_mesh_z_hybrid_labels/3642982593338_0.json,T_map_object_raw,T_camera_object_centered,15308.252350386614,8.859458958747757,24.207217932845126
image_3643088218093,1,281,3553,0.1796875,/media/hdd2/ARCL_multicar_bags/camera_dataset/2026-05-18-v2-v4/stereo_left/EPnPv2_gt_mesh_z_hybrid_labels/3643088218093_0.json,/media/hdd2/ARCL_multicar_bags/camera_dataset/2026-05-18-v2-v4/stereo_left/EPnPv2_gt_mesh_z_hybrid_labels/3643088218093_0.json,T_map_object_raw,T_camera_object_centered,14861.923270623602,10.262386314016046,46.95967890747512
image_3643186634374,1,282,3555,0.18359375,/media/hdd2/ARCL_multicar_bags/camera_dataset/2026-05-18-v2-v4/stereo_left/EPnPv2_gt_mesh_z_hybrid_labels/3643186634374_0.json,/media/hdd2/ARCL_multicar_bags/camera_dataset/2026-05-18-v2-v4/stereo_left/EPnPv2_gt_mesh_z_hybrid_labels/3643186634374_0.json,T_map_object_raw,T_camera_object_centered,17168.858750673062,10.045924577328343,49.36298762357954
image_3661179255835,1,400,3833,0.16796875,/media/hdd2/ARCL_multicar_bags/camera_dataset/2026-05-18-v2-v4/stereo_left/EPnPv2_gt_mesh_z_hybrid_labels/3661179255835_0.json,/media/hdd2/ARCL_multicar_bags/camera_dataset/2026-05-18-v2-v4/stereo_left/EPnPv2_gt_mesh_z_hybrid_labels/3661179255835_0.json,T_map_object_raw,T_camera_object_centered,17339.619603028943,11.101085630474918,74.05015029694913
image_3661287150875,1,401,3835,0.1484375,/media/hdd2/ARCL_multicar_bags/camera_dataset/2026-05-18-v2-v4/stereo_left/EPnPv2_gt_mesh_z_hybrid_labels/3661287150875_0.json,/media/hdd2/ARCL_multicar_bags/camera_dataset/2026-05-18-v2-v4/stereo_left/EPnPv2_gt_mesh_z_hybrid_labels/3661287150875_0.json,T_map_object_raw,T_camera_object_centered,15929.121997251337,10.939612916646421,87.06804247167153
image_3661381775321,1,402,3837,0.15625,/media/hdd2/ARCL_multicar_bags/camera_dataset/2026-05-18-v2-v4/stereo_left/EPnPv2_gt_mesh_z_hybrid_labels/3661381775321_0.json,/media/hdd2/ARCL_multicar_bags/camera_dataset/2026-05-18-v2-v4/stereo_left/EPnPv2_gt_mesh_z_hybrid_labels/3661381775321_0.json,T_map_object_raw,T_camera_object_centered,13729.452435381412,11.060432355205304,124.42093405896432
image_3661787875728,1,405,3844,0.1328125,/media/hdd2/ARCL_multicar_bags/camera_dataset/2026-05-18-v2-v4/stereo_left/EPnPv2_gt_mesh_z_hybrid_labels/3661787875728_0.json,/media/hdd2/ARCL_multicar_bags/camera_dataset/2026-05-18-v2-v4/stereo_left/EPnPv2_gt_mesh_z_hybrid_labels/3661787875728_0.json,T_map_object_raw,T_camera_object_centered,18142.86806720405,10.347435511515844,73.56070913099113
image_3661882925266,1,406,3846,0.1328125,/media/hdd2/ARCL_multicar_bags/camera_dataset/2026-05-18-v2-v4/stereo_left/EPnPv2_gt_mesh_z_hybrid_labels/3661882925266_0.json,/media/hdd2/ARCL_multicar_bags/camera_dataset/2026-05-18-v2-v4/stereo_left/EPnPv2_gt_mesh_z_hybrid_labels/3661882925266_0.json,T_map_object_raw,T_camera_object_centered,18519.335285094214,5.079845927144985,85.78212560761006
image_3661981217100,1,407,3848,0.12109375,/media/hdd2/ARCL_multicar_bags/camera_dataset/2026-05-18-v2-v4/stereo_left/EPnPv2_gt_mesh_z_hybrid_labels/3661981217100_0.json,/media/hdd2/ARCL_multicar_bags/camera_dataset/2026-05-18-v2-v4/stereo_left/EPnPv2_gt_mesh_z_hybrid_labels/3661981217100_0.json,T_map_object_raw,T_camera_object_centered,17026.640191703817,5.42007215931552,26.91676346353
image_3662295057636,1,409,3852,0.1171875,/media/hdd2/ARCL_multicar_bags/camera_dataset/2026-05-18-v2-v4/stereo_left/EPnPv2_gt_mesh_z_hybrid_labels/3662295057636_0.json,/media/hdd2/ARCL_multicar_bags/camera_dataset/2026-05-18-v2-v4/stereo_left/EPnPv2_gt_mesh_z_hybrid_labels/3662295057636_0.json,T_map_object_raw,T_camera_object_centered,20100.58414631347,6.249601839731237,140.48006984607824
image_3662601226156,1,410,3855,0.11328125,/media/hdd2/ARCL_multicar_bags/camera_dataset/2026-05-18-v2-v4/stereo_left/EPnPv2_gt_mesh_z_hybrid_labels/3662601226156_0.json,/media/hdd2/ARCL_multicar_bags/camera_dataset/2026-05-18-v2-v4/stereo_left/EPnPv2_gt_mesh_z_hybrid_labels/3662601226156_0.json,T_map_object_raw,T_camera_object_centered,20484.487052883822,3.20897265931502,88.52151251177123
image_3662681230729,1,411,3858,0.1171875,/media/hdd2/ARCL_multicar_bags/camera_dataset/2026-05-18-v2-v4/stereo_left/EPnPv2_gt_mesh_z_hybrid_labels/3662681230729_0.json,/media/hdd2/ARCL_multicar_bags/camera_dataset/2026-05-18-v2-v4/stereo_left/EPnPv2_gt_mesh_z_hybrid_labels/3662681230729_0.json,T_map_object_raw,T_camera_object_centered,18555.513026312823,3.645721919108452,81.99820763623605
image_3663092359513,1,414,3867,0.10546875,/media/hdd2/ARCL_multicar_bags/camera_dataset/2026-05-18-v2-v4/stereo_left/EPnPv2_gt_mesh_z_hybrid_labels/3663092359513_0.json,/media/hdd2/ARCL_multicar_bags/camera_dataset/2026-05-18-v2-v4/stereo_left/EPnPv2_gt_mesh_z_hybrid_labels/3663092359513_0.json,T_map_object_raw,T_camera_object_centered,20690.981402552265,3.7239321901957267,73.78165556968419
image_3663179052300,1,415,3871,0.1171875,/media/hdd2/ARCL_multicar_bags/camera_dataset/2026-05-18-v2-v4/stereo_left/EPnPv2_gt_mesh_z_hybrid_labels/3663179052300_0.json,/media/hdd2/ARCL_multicar_bags/camera_dataset/2026-05-18-v2-v4/stereo_left/EPnPv2_gt_mesh_z_hybrid_labels/3663179052300_0.json,T_map_object_raw,T_camera_object_centered,18584.23909908033,3.6980534523972586,73.76006270970109
image_3663280180026,1,416,3873,0.11328125,/media/hdd2/ARCL_multicar_bags/camera_dataset/2026-05-18-v2-v4/stereo_left/EPnPv2_gt_mesh_z_hybrid_labels/3663280180026_0.json,/media/hdd2/ARCL_multicar_bags/camera_dataset/2026-05-18-v2-v4/stereo_left/EPnPv2_gt_mesh_z_hybrid_labels/3663280180026_0.json,T_map_object_raw,T_camera_object_centered,19201.97588860822,2.6758180033588865,76.00766205455481
image_3663382572870,1,417,3875,0.10546875,/media/hdd2/ARCL_multicar_bags/camera_dataset/2026-05-18-v2-v4/stereo_left/EPnPv2_gt_mesh_z_hybrid_labels/3663382572870_0.json,/media/hdd2/ARCL_multicar_bags/camera_dataset/2026-05-18-v2-v4/stereo_left/EPnPv2_gt_mesh_z_hybrid_labels/3663382572870_0.json,T_map_object_raw,T_camera_object_centered,19605.12352331705,4.609752601467766,68.32633023398644
image_3663494494302,1,418,3877,0.125,/media/hdd2/ARCL_multicar_bags/camera_dataset/2026-05-18-v2-v4/stereo_left/EPnPv2_gt_mesh_z_hybrid_labels/3663494494302_0.json,/media/hdd2/ARCL_multicar_bags/camera_dataset/2026-05-18-v2-v4/stereo_left/EPnPv2_gt_mesh_z_hybrid_labels/3663494494302_0.json,T_map_object_raw,T_camera_object_centered,18734.99043275886,5.835277203504495,87.21956641561117
image_3663578943224,1,419,3879,0.10546875,/media/hdd2/ARCL_multicar_bags/camera_dataset/2026-05-18-v2-v4/stereo_left/EPnPv2_gt_mesh_z_hybrid_labels/3663578943224_0.json,/media/hdd2/ARCL_multicar_bags/camera_dataset/2026-05-18-v2-v4/stereo_left/EPnPv2_gt_mesh_z_hybrid_labels/3663578943224_0.json,T_map_object_raw,T_camera_object_centered,19885.623534154576,2.1517904593724175,73.76392676349816
image_3663782476138,1,421,3885,0.109375,/media/hdd2/ARCL_multicar_bags/camera_dataset/2026-05-18-v2-v4/stereo_left/EPnPv2_gt_mesh_z_hybrid_labels/3663782476138_0.json,/media/hdd2/ARCL_multicar_bags/camera_dataset/2026-05-18-v2-v4/stereo_left/EPnPv2_gt_mesh_z_hybrid_labels/3663782476138_0.json,T_map_object_raw,T_camera_object_centered,16926.65709497412,3.582830389486022,5.733805252119754
image_3663980923718,1,422,3888,0.1171875,/media/hdd2/ARCL_multicar_bags/camera_dataset/2026-05-18-v2-v4/stereo_left/EPnPv2_gt_mesh_z_hybrid_labels/3663980923718_0.json,/media/hdd2/ARCL_multicar_bags/camera_dataset/2026-05-18-v2-v4/stereo_left/EPnPv2_gt_mesh_z_hybrid_labels/3663980923718_0.json,T_map_object_raw,T_camera_object_centered,16224.092827788307,5.677014961634474,6.896902424133281
image_3664283391606,1,423,3891,0.12890625,/media/hdd2/ARCL_multicar_bags/camera_dataset/2026-05-18-v2-v4/stereo_left/EPnPv2_gt_mesh_z_hybrid_labels/3664283391606_0.json,/media/hdd2/ARCL_multicar_bags/camera_dataset/2026-05-18-v2-v4/stereo_left/EPnPv2_gt_mesh_z_hybrid_labels/3664283391606_0.json,T_map_object_raw,T_camera_object_centered,14025.61962554545,4.948445133891887,75.62897036970134
image_3664381760876,1,424,3894,0.109375,/media/hdd2/ARCL_multicar_bags/camera_dataset/2026-05-18-v2-v4/stereo_left/EPnPv2_gt_mesh_z_hybrid_labels/3664381760876_0.json,/media/hdd2/ARCL_multicar_bags/camera_dataset/2026-05-18-v2-v4/stereo_left/EPnPv2_gt_mesh_z_hybrid_labels/3664381760876_0.json,T_map_object_raw,T_camera_object_centered,13997.876784018757,3.852783557119206,79.90416413170783
image_3664488860588,1,425,3898,0.11328125,/media/hdd2/ARCL_multicar_bags/camera_dataset/2026-05-18-v2-v4/stereo_left/EPnPv2_gt_mesh_z_hybrid_labels/3664488860588_0.json,/media/hdd2/ARCL_multicar_bags/camera_dataset/2026-05-18-v2-v4/stereo_left/EPnPv2_gt_mesh_z_hybrid_labels/3664488860588_0.json,T_map_object_raw,T_camera_object_centered,18189.111613967812,5.484814499585433,75.78486715910913
image_3664587961655,1,426,3900,0.125,/media/hdd2/ARCL_multicar_bags/camera_dataset/2026-05-18-v2-v4/stereo_left/EPnPv2_gt_mesh_z_hybrid_labels/3664587961655_0.json,/media/hdd2/ARCL_multicar_bags/camera_dataset/2026-05-18-v2-v4/stereo_left/EPnPv2_gt_mesh_z_hybrid_labels/3664587961655_0.json,T_map_object_raw,T_camera_object_centered,19123.988500340656,6.5049588691194,79.59830584184083
image_3664686467463,1,427,3902,0.12890625,/media/hdd2/ARCL_multicar_bags/camera_dataset/2026-05-18-v2-v4/stereo_left/EPnPv2_gt_mesh_z_hybrid_labels/3664686467463_0.json,/media/hdd2/ARCL_multicar_bags/camera_dataset/2026-05-18-v2-v4/stereo_left/EPnPv2_gt_mesh_z_hybrid_labels/3664686467463_0.json,T_map_object_raw,T_camera_object_centered,18317.03857950858,8.03213797993118,3.719636247692792
image_3664882685676,1,428,3904,0.1328125,/media/hdd2/ARCL_multicar_bags/camera_dataset/2026-05-18-v2-v4/stereo_left/EPnPv2_gt_mesh_z_hybrid_labels/3664882685676_0.json,/media/hdd2/ARCL_multicar_bags/camera_dataset/2026-05-18-v2-v4/stereo_left/EPnPv2_gt_mesh_z_hybrid_labels/3664882685676_0.json,T_map_object_raw,T_camera_object_centered,18087.993079581825,8.445443860733343,101.3244982481879
image_3664982600225,1,429,3906,0.12890625,/media/hdd2/ARCL_multicar_bags/camera_dataset/2026-05-18-v2-v4/stereo_left/EPnPv2_gt_mesh_z_hybrid_labels/3664982600225_0.json,/media/hdd2/ARCL_multicar_bags/camera_dataset/2026-05-18-v2-v4/stereo_left/EPnPv2_gt_mesh_z_hybrid_labels/3664982600225_0.json,T_map_object_raw,T_camera_object_centered,17844.527497021143,8.612592169368057,95.94587198045885
image_3665190475246,1,430,3909,0.13671875,/media/hdd2/ARCL_multicar_bags/camera_dataset/2026-05-18-v2-v4/stereo_left/EPnPv2_gt_mesh_z_hybrid_labels/3665190475246_0.json,/media/hdd2/ARCL_multicar_bags/camera_dataset/2026-05-18-v2-v4/stereo_left/EPnPv2_gt_mesh_z_hybrid_labels/3665190475246_0.json,T_map_object_raw,T_camera_object_centered,19902.390367401043,9.611372775254791,68.88445320584876
image_3665278824275,1,431,3911,0.12890625,/media/hdd2/ARCL_multicar_bags/camera_dataset/2026-05-18-v2-v4/stereo_left/EPnPv2_gt_mesh_z_hybrid_labels/3665278824275_0.json,/media/hdd2/ARCL_multicar_bags/camera_dataset/2026-05-18-v2-v4/stereo_left/EPnPv2_gt_mesh_z_hybrid_labels/3665278824275_0.json,T_map_object_raw,T_camera_object_centered,17416.712250888446,6.823796967784326,64.14062777565185
image_3665378655839,1,432,3913,0.1328125,/media/hdd2/ARCL_multicar_bags/camera_dataset/2026-05-18-v2-v4/stereo_left/EPnPv2_gt_mesh_z_hybrid_labels/3665378655839_0.json,/media/hdd2/ARCL_multicar_bags/camera_dataset/2026-05-18-v2-v4/stereo_left/EPnPv2_gt_mesh_z_hybrid_labels/3665378655839_0.json,T_map_object_raw,T_camera_object_centered,18027.69293145274,8.270508159078785,63.219480536117246
image_3665480471871,1,433,3915,0.1328125,/media/hdd2/ARCL_multicar_bags/camera_dataset/2026-05-18-v2-v4/stereo_left/EPnPv2_gt_mesh_z_hybrid_labels/3665480471871_0.json,/media/hdd2/ARCL_multicar_bags/camera_dataset/2026-05-18-v2-v4/stereo_left/EPnPv2_gt_mesh_z_hybrid_labels/3665480471871_0.json,T_map_object_raw,T_camera_object_centered,17892.957696810103,6.6182864956761245,62.41844951627487
image_3665580649379,1,434,3917,0.1328125,/media/hdd2/ARCL_multicar_bags/camera_dataset/2026-05-18-v2-v4/stereo_left/EPnPv2_gt_mesh_z_hybrid_labels/3665580649379_0.json,/media/hdd2/ARCL_multicar_bags/camera_dataset/2026-05-18-v2-v4/stereo_left/EPnPv2_gt_mesh_z_hybrid_labels/3665580649379_0.json,T_map_object_raw,T_camera_object_centered,15095.736454424385,9.73380285249352,53.21923110232254
image_3665680481957,1,435,3920,0.140625,/media/hdd2/ARCL_multicar_bags/camera_dataset/2026-05-18-v2-v4/stereo_left/EPnPv2_gt_mesh_z_hybrid_labels/3665680481957_0.json,/media/hdd2/ARCL_multicar_bags/camera_dataset/2026-05-18-v2-v4/stereo_left/EPnPv2_gt_mesh_z_hybrid_labels/3665680481957_0.json,T_map_object_raw,T_camera_object_centered,14340.41584500683,8.24272085414236,63.28775594920541
image_3665779718695,1,436,3923,0.140625,/media/hdd2/ARCL_multicar_bags/camera_dataset/2026-05-18-v2-v4/stereo_left/EPnPv2_gt_mesh_z_hybrid_labels/3665779718695_0.json,/media/hdd2/ARCL_multicar_bags/camera_dataset/2026-05-18-v2-v4/stereo_left/EPnPv2_gt_mesh_z_hybrid_labels/3665779718695_0.json,T_map_object_raw,T_camera_object_centered,13546.949596843015,8.349393245436156,10.649969409035478
image_3665878801651,1,437,3926,0.140625,/media/hdd2/ARCL_multicar_bags/camera_dataset/2026-05-18-v2-v4/stereo_left/EPnPv2_gt_mesh_z_hybrid_labels/3665878801651_0.json,/media/hdd2/ARCL_multicar_bags/camera_dataset/2026-05-18-v2-v4/stereo_left/EPnPv2_gt_mesh_z_hybrid_labels/3665878801651_0.json,T_map_object_raw,T_camera_object_centered,15364.007702093748,9.513492475694882,65.4429454107417
image_3665979513098,1,438,3929,0.140625,/media/hdd2/ARCL_multicar_bags/camera_dataset/2026-05-18-v2-v4/stereo_left/EPnPv2_gt_mesh_z_hybrid_labels/3665979513098_0.json,/media/hdd2/ARCL_multicar_bags/camera_dataset/2026-05-18-v2-v4/stereo_left/EPnPv2_gt_mesh_z_hybrid_labels/3665979513098_0.json,T_map_object_raw,T_camera_object_centered,15268.379590255186,11.069375293420807,62.515066754418505
image_3666080623901,1,439,3932,0.14453125,/media/hdd2/ARCL_multicar_bags/camera_dataset/2026-05-18-v2-v4/stereo_left/EPnPv2_gt_mesh_z_hybrid_labels/3666080623901_0.json,/media/hdd2/ARCL_multicar_bags/camera_dataset/2026-05-18-v2-v4/stereo_left/EPnPv2_gt_mesh_z_hybrid_labels/3666080623901_0.json,T_map_object_raw,T_camera_object_centered,14114.293305057488,10.448266155746856,58.62330477753475
image_3666182353424,1,440,3936,0.1484375,/media/hdd2/ARCL_multicar_bags/camera_dataset/2026-05-18-v2-v4/stereo_left/EPnPv2_gt_mesh_z_hybrid_labels/3666182353424_0.json,/media/hdd2/ARCL_multicar_bags/camera_dataset/2026-05-18-v2-v4/stereo_left/EPnPv2_gt_mesh_z_hybrid_labels/3666182353424_0.json,T_map_object_raw,T_camera_object_centered,18430.30644468163,3.9883447850836418,61.9948851402077
image_3666286482119,1,441,3938,0.14453125,/media/hdd2/ARCL_multicar_bags/camera_dataset/2026-05-18-v2-v4/stereo_left/EPnPv2_gt_mesh_z_hybrid_labels/3666286482119_0.json,/media/hdd2/ARCL_multicar_bags/camera_dataset/2026-05-18-v2-v4/stereo_left/EPnPv2_gt_mesh_z_hybrid_labels/3666286482119_0.json,T_map_object_raw,T_camera_object_centered,15666.997986692413,6.809469783248789,65.1276507074601
image_3666381856945,1,442,3940,0.125,/media/hdd2/ARCL_multicar_bags/camera_dataset/2026-05-18-v2-v4/stereo_left/EPnPv2_gt_mesh_z_hybrid_labels/3666381856945_0.json,/media/hdd2/ARCL_multicar_bags/camera_dataset/2026-05-18-v2-v4/stereo_left/EPnPv2_gt_mesh_z_hybrid_labels/3666381856945_0.json,T_map_object_raw,T_camera_object_centered,17401.54902485502,7.001845776551005,63.84264406129907
image_3666479523210,1,443,3942,0.13671875,/media/hdd2/ARCL_multicar_bags/camera_dataset/2026-05-18-v2-v4/stereo_left/EPnPv2_gt_mesh_z_hybrid_labels/3666479523210_0.json,/media/hdd2/ARCL_multicar_bags/camera_dataset/2026-05-18-v2-v4/stereo_left/EPnPv2_gt_mesh_z_hybrid_labels/3666479523210_0.json,T_map_object_raw,T_camera_object_centered,17987.12381766407,8.442993460409001,56.52035644342
image_3666589755706,1,444,3944,0.1484375,/media/hdd2/ARCL_multicar_bags/camera_dataset/2026-05-18-v2-v4/stereo_left/EPnPv2_gt_mesh_z_hybrid_labels/3666589755706_0.json,/media/hdd2/ARCL_multicar_bags/camera_dataset/2026-05-18-v2-v4/stereo_left/EPnPv2_gt_mesh_z_hybrid_labels/3666589755706_0.json,T_map_object_raw,T_camera_object_centered,15347.556690570691,9.905883974831855,72.2707773991577
image_3666681043907,1,445,3947,0.1171875,/media/hdd2/ARCL_multicar_bags/camera_dataset/2026-05-18-v2-v4/stereo_left/EPnPv2_gt_mesh_z_hybrid_labels/3666681043907_0.json,/media/hdd2/ARCL_multicar_bags/camera_dataset/2026-05-18-v2-v4/stereo_left/EPnPv2_gt_mesh_z_hybrid_labels/3666681043907_0.json,T_map_object_raw,T_camera_object_centered,14945.637206420713,6.283729627062404,64.12019914861905
image_3668579561277,1,458,3979,0.109375,/media/hdd2/ARCL_multicar_bags/camera_dataset/2026-05-18-v2-v4/stereo_left/EPnPv2_gt_mesh_z_hybrid_labels/3668579561277_0.json,/media/hdd2/ARCL_multicar_bags/camera_dataset/2026-05-18-v2-v4/stereo_left/EPnPv2_gt_mesh_z_hybrid_labels/3668579561277_0.json,T_map_object_raw,T_camera_object_centered,18865.19460416345,12.274744587732165,56.436167086746856
image_3668979902902,1,462,3990,0.13671875,/media/hdd2/ARCL_multicar_bags/camera_dataset/2026-05-18-v2-v4/stereo_left/EPnPv2_gt_mesh_z_hybrid_labels/3668979902902_0.json,/media/hdd2/ARCL_multicar_bags/camera_dataset/2026-05-18-v2-v4/stereo_left/EPnPv2_gt_mesh_z_hybrid_labels/3668979902902_0.json,T_map_object_raw,T_camera_object_centered,15892.730759316433,13.337815595045887,58.47852304407765
image_3669080966886,1,463,3992,0.12109375,/media/hdd2/ARCL_multicar_bags/camera_dataset/2026-05-18-v2-v4/stereo_left/EPnPv2_gt_mesh_z_hybrid_labels/3669080966886_0.json,/media/hdd2/ARCL_multicar_bags/camera_dataset/2026-05-18-v2-v4/stereo_left/EPnPv2_gt_mesh_z_hybrid_labels/3669080966886_0.json,T_map_object_raw,T_camera_object_centered,13324.898596762674,9.701619223511663,73.9528087475083
image_3669198718495,1,464,3994,0.1328125,/media/hdd2/ARCL_multicar_bags/camera_dataset/2026-05-18-v2-v4/stereo_left/EPnPv2_gt_mesh_z_hybrid_labels/3669198718495_0.json,/media/hdd2/ARCL_multicar_bags/camera_dataset/2026-05-18-v2-v4/stereo_left/EPnPv2_gt_mesh_z_hybrid_labels/3669198718495_0.json,T_map_object_raw,T_camera_object_centered,12754.937782808423,11.428969763896534,89.9592314570234
image_3669279583442,1,465,3997,0.12890625,/media/hdd2/ARCL_multicar_bags/camera_dataset/2026-05-18-v2-v4/stereo_left/EPnPv2_gt_mesh_z_hybrid_labels/3669279583442_0.json,/media/hdd2/ARCL_multicar_bags/camera_dataset/2026-05-18-v2-v4/stereo_left/EPnPv2_gt_mesh_z_hybrid_labels/3669279583442_0.json,T_map_object_raw,T_camera_object_centered,16734.973550648665,12.621722328045104,56.22938090757741
image_3669479918477,1,467,4001,0.125,/media/hdd2/ARCL_multicar_bags/camera_dataset/2026-05-18-v2-v4/stereo_left/EPnPv2_gt_mesh_z_hybrid_labels/3669479918477_0.json,/media/hdd2/ARCL_multicar_bags/camera_dataset/2026-05-18-v2-v4/stereo_left/EPnPv2_gt_mesh_z_hybrid_labels/3669479918477_0.json,T_map_object_raw,T_camera_object_centered,16740.187387803646,10.682613149122082,59.43413654050416
image_3669581738152,1,468,4003,0.1171875,/media/hdd2/ARCL_multicar_bags/camera_dataset/2026-05-18-v2-v4/stereo_left/EPnPv2_gt_mesh_z_hybrid_labels/3669581738152_0.json,/media/hdd2/ARCL_multicar_bags/camera_dataset/2026-05-18-v2-v4/stereo_left/EPnPv2_gt_mesh_z_hybrid_labels/3669581738152_0.json,T_map_object_raw,T_camera_object_centered,16216.341033915149,12.232635472435899,56.68461862310473
image_3670785729997,1,469,4005,0.1171875,/media/hdd2/ARCL_multicar_bags/camera_dataset/2026-05-18-v2-v4/stereo_left/EPnPv2_gt_mesh_z_hybrid_labels/3670785729997_0.json,/media/hdd2/ARCL_multicar_bags/camera_dataset/2026-05-18-v2-v4/stereo_left/EPnPv2_gt_mesh_z_hybrid_labels/3670785729997_0.json,T_map_object_raw,T_camera_object_centered,15202.106390190931,15.098432832587422,70.19502594479894
image_3670891001549,1,470,4008,0.1171875,/media/hdd2/ARCL_multicar_bags/camera_dataset/2026-05-18-v2-v4/stereo_left/EPnPv2_gt_mesh_z_hybrid_labels/3670891001549_0.json,/media/hdd2/ARCL_multicar_bags/camera_dataset/2026-05-18-v2-v4/stereo_left/EPnPv2_gt_mesh_z_hybrid_labels/3670891001549_0.json,T_map_object_raw,T_camera_object_centered,17658.781427368296,16.93445538448322,79.8212327418768
image_3670980413152,1,471,4010,0.11328125,/media/hdd2/ARCL_multicar_bags/camera_dataset/2026-05-18-v2-v4/stereo_left/EPnPv2_gt_mesh_z_hybrid_labels/3670980413152_0.json,/media/hdd2/ARCL_multicar_bags/camera_dataset/2026-05-18-v2-v4/stereo_left/EPnPv2_gt_mesh_z_hybrid_labels/3670980413152_0.json,T_map_object_raw,T_camera_object_centered,17190.16808344576,18.185552204280263,77.31246016334833
image_3671579415419,1,477,4023,0.11328125,/media/hdd2/ARCL_multicar_bags/camera_dataset/2026-05-18-v2-v4/stereo_left/EPnPv2_gt_mesh_z_hybrid_labels/3671579415419_0.json,/media/hdd2/ARCL_multicar_bags/camera_dataset/2026-05-18-v2-v4/stereo_left/EPnPv2_gt_mesh_z_hybrid_labels/3671579415419_0.json,T_map_object_raw,T_camera_object_centered,13008.527272324965,16.252927326967836,79.9478721855614
image_3671679439823,1,478,4025,0.1171875,/media/hdd2/ARCL_multicar_bags/camera_dataset/2026-05-18-v2-v4/stereo_left/EPnPv2_gt_mesh_z_hybrid_labels/3671679439823_0.json,/media/hdd2/ARCL_multicar_bags/camera_dataset/2026-05-18-v2-v4/stereo_left/EPnPv2_gt_mesh_z_hybrid_labels/3671679439823_0.json,T_map_object_raw,T_camera_object_centered,15996.174206987034,18.111695865062185,72.66926886624915
image_3671882471140,1,480,4030,0.12109375,/media/hdd2/ARCL_multicar_bags/camera_dataset/2026-05-18-v2-v4/stereo_left/EPnPv2_gt_mesh_z_hybrid_labels/3671882471140_0.json,/media/hdd2/ARCL_multicar_bags/camera_dataset/2026-05-18-v2-v4/stereo_left/EPnPv2_gt_mesh_z_hybrid_labels/3671882471140_0.json,T_map_object_raw,T_camera_object_centered,13144.389550522328,13.433193569744947,91.10210181475995
image_3671985414640,1,481,4032,0.125,/media/hdd2/ARCL_multicar_bags/camera_dataset/2026-05-18-v2-v4/stereo_left/EPnPv2_gt_mesh_z_hybrid_labels/3671985414640_0.json,/media/hdd2/ARCL_multicar_bags/camera_dataset/2026-05-18-v2-v4/stereo_left/EPnPv2_gt_mesh_z_hybrid_labels/3671985414640_0.json,T_map_object_raw,T_camera_object_centered,16169.560802113807,15.293198965912532,85.74759486811162
image_3672178756087,1,482,4034,0.1328125,/media/hdd2/ARCL_multicar_bags/camera_dataset/2026-05-18-v2-v4/stereo_left/EPnPv2_gt_mesh_z_hybrid_labels/3672178756087_0.json,/media/hdd2/ARCL_multicar_bags/camera_dataset/2026-05-18-v2-v4/stereo_left/EPnPv2_gt_mesh_z_hybrid_labels/3672178756087_0.json,T_map_object_raw,T_camera_object_centered,14378.030238395044,13.95565122338517,83.47742481834001
image_3677879775283,1,531,76,0.203125,/media/hdd2/ARCL_multicar_bags/camera_dataset/2026-05-18-v2-v4/stereo_left/EPnPv2_gt_mesh_z_hybrid_labels/3677879775283_0.json,/media/hdd2/ARCL_multicar_bags/camera_dataset/2026-05-18-v2-v4/stereo_left/EPnPv2_gt_mesh_z_hybrid_labels/3677879775283_0.json,T_map_object_raw,T_camera_object_centered,17787.425659874592,3.053545522259554,11.057895051575986
image_3677982179439,1,532,78,0.21875,/media/hdd2/ARCL_multicar_bags/camera_dataset/2026-05-18-v2-v4/stereo_left/EPnPv2_gt_mesh_z_hybrid_labels/3677982179439_0.json,/media/hdd2/ARCL_multicar_bags/camera_dataset/2026-05-18-v2-v4/stereo_left/EPnPv2_gt_mesh_z_hybrid_labels/3677982179439_0.json,T_map_object_raw,T_camera_object_centered,17001.82796273359,3.147568563147086,8.901773657040376
image_3678080338317,1,533,80,0.20703125,/media/hdd2/ARCL_multicar_bags/camera_dataset/2026-05-18-v2-v4/stereo_left/EPnPv2_gt_mesh_z_hybrid_labels/3678080338317_0.json,/media/hdd2/ARCL_multicar_bags/camera_dataset/2026-05-18-v2-v4/stereo_left/EPnPv2_gt_mesh_z_hybrid_labels/3678080338317_0.json,T_map_object_raw,T_camera_object_centered,17941.52414072208,3.172898452289922,6.351491692307058
image_3678278975597,1,534,82,0.2109375,/media/hdd2/ARCL_multicar_bags/camera_dataset/2026-05-18-v2-v4/stereo_left/EPnPv2_gt_mesh_z_hybrid_labels/3678278975597_0.json,/media/hdd2/ARCL_multicar_bags/camera_dataset/2026-05-18-v2-v4/stereo_left/EPnPv2_gt_mesh_z_hybrid_labels/3678278975597_0.json,T_map_object_raw,T_camera_object_centered,18448.384443077895,3.289598302082257,10.674512896419111
image_3678379273639,1,535,85,0.2109375,/media/hdd2/ARCL_multicar_bags/camera_dataset/2026-05-18-v2-v4/stereo_left/EPnPv2_gt_mesh_z_hybrid_labels/3678379273639_0.json,/media/hdd2/ARCL_multicar_bags/camera_dataset/2026-05-18-v2-v4/stereo_left/EPnPv2_gt_mesh_z_hybrid_labels/3678379273639_0.json,T_map_object_raw,T_camera_object_centered,18846.400565374654,3.1892202740136435,10.47174363330172
image_3678688372106,1,537,89,0.1953125,/media/hdd2/ARCL_multicar_bags/camera_dataset/2026-05-18-v2-v4/stereo_left/EPnPv2_gt_mesh_z_hybrid_labels/3678688372106_0.json,/media/hdd2/ARCL_multicar_bags/camera_dataset/2026-05-18-v2-v4/stereo_left/EPnPv2_gt_mesh_z_hybrid_labels/3678688372106_0.json,T_map_object_raw,T_camera_object_centered,18130.42798254153,3.2864787630812633,9.555635827403986
image_3678880562984,1,539,93,0.19921875,/media/hdd2/ARCL_multicar_bags/camera_dataset/2026-05-18-v2-v4/stereo_left/EPnPv2_gt_mesh_z_hybrid_labels/3678880562984_0.json,/media/hdd2/ARCL_multicar_bags/camera_dataset/2026-05-18-v2-v4/stereo_left/EPnPv2_gt_mesh_z_hybrid_labels/3678880562984_0.json,T_map_object_raw,T_camera_object_centered,17670.705952478653,3.351440090305403,4.440625459197868
image_3679179988735,1,542,100,0.2109375,/media/hdd2/ARCL_multicar_bags/camera_dataset/2026-05-18-v2-v4/stereo_left/EPnPv2_gt_mesh_z_hybrid_labels/3679179988735_0.json,/media/hdd2/ARCL_multicar_bags/camera_dataset/2026-05-18-v2-v4/stereo_left/EPnPv2_gt_mesh_z_hybrid_labels/3679179988735_0.json,T_map_object_raw,T_camera_object_centered,14397.44890479311,3.201019629295148,22.910781980864176
image_3679778934032,1,547,111,0.22265625,/media/hdd2/ARCL_multicar_bags/camera_dataset/2026-05-18-v2-v4/stereo_left/EPnPv2_gt_mesh_z_hybrid_labels/3679778934032_0.json,/media/hdd2/ARCL_multicar_bags/camera_dataset/2026-05-18-v2-v4/stereo_left/EPnPv2_gt_mesh_z_hybrid_labels/3679778934032_0.json,T_map_object_raw,T_camera_object_centered,12806.319631744518,4.624305839760843,14.17632847846656
image_3679882371640,1,548,113,0.2265625,/media/hdd2/ARCL_multicar_bags/camera_dataset/2026-05-18-v2-v4/stereo_left/EPnPv2_gt_mesh_z_hybrid_labels/3679882371640_0.json,/media/hdd2/ARCL_multicar_bags/camera_dataset/2026-05-18-v2-v4/stereo_left/EPnPv2_gt_mesh_z_hybrid_labels/3679882371640_0.json,T_map_object_raw,T_camera_object_centered,15486.09609315649,3.354936386524495,16.368974342676708
image_3679993151638,1,549,115,0.23828125,/media/hdd2/ARCL_multicar_bags/camera_dataset/2026-05-18-v2-v4/stereo_left/EPnPv2_gt_mesh_z_hybrid_labels/3679993151638_0.json,/media/hdd2/ARCL_multicar_bags/camera_dataset/2026-05-18-v2-v4/stereo_left/EPnPv2_gt_mesh_z_hybrid_labels/3679993151638_0.json,T_map_object_raw,T_camera_object_centered,16131.041460981032,3.4793920355618018,18.229033138991152
image_3680180672940,1,551,121,0.22265625,/media/hdd2/ARCL_multicar_bags/camera_dataset/2026-05-18-v2-v4/stereo_left/EPnPv2_gt_mesh_z_hybrid_labels/3680180672940_0.json,/media/hdd2/ARCL_multicar_bags/camera_dataset/2026-05-18-v2-v4/stereo_left/EPnPv2_gt_mesh_z_hybrid_labels/3680180672940_0.json,T_map_object_raw,T_camera_object_centered,15993.079928598985,3.6909886871038067,17.67220789962052
image_3680284542004,1,552,123,0.234375,/media/hdd2/ARCL_multicar_bags/camera_dataset/2026-05-18-v2-v4/stereo_left/EPnPv2_gt_mesh_z_hybrid_labels/3680284542004_0.json,/media/hdd2/ARCL_multicar_bags/camera_dataset/2026-05-18-v2-v4/stereo_left/EPnPv2_gt_mesh_z_hybrid_labels/3680284542004_0.json,T_map_object_raw,T_camera_object_centered,14043.472528710334,3.738955292710908,22.07523719662003
image_3680383894592,1,553,125,0.234375,/media/hdd2/ARCL_multicar_bags/camera_dataset/2026-05-18-v2-v4/stereo_left/EPnPv2_gt_mesh_z_hybrid_labels/3680383894592_0.json,/media/hdd2/ARCL_multicar_bags/camera_dataset/2026-05-18-v2-v4/stereo_left/EPnPv2_gt_mesh_z_hybrid_labels/3680383894592_0.json,T_map_object_raw,T_camera_object_centered,15189.418432821787,3.8709484088068873,20.723395210105984
image_3680586061025,1,554,127,0.2265625,/media/hdd2/ARCL_multicar_bags/camera_dataset/2026-05-18-v2-v4/stereo_left/EPnPv2_gt_mesh_z_hybrid_labels/3680586061025_0.json,/media/hdd2/ARCL_multicar_bags/camera_dataset/2026-05-18-v2-v4/stereo_left/EPnPv2_gt_mesh_z_hybrid_labels/3680586061025_0.json,T_map_object_raw,T_camera_object_centered,15627.129582236554,3.6896241956383813,18.827779421785362
image_3680783764643,1,556,132,0.2265625,/media/hdd2/ARCL_multicar_bags/camera_dataset/2026-05-18-v2-v4/stereo_left/EPnPv2_gt_mesh_z_hybrid_labels/3680783764643_0.json,/media/hdd2/ARCL_multicar_bags/camera_dataset/2026-05-18-v2-v4/stereo_left/EPnPv2_gt_mesh_z_hybrid_labels/3680783764643_0.json,T_map_object_raw,T_camera_object_centered,15464.61900120258,4.724076919452921,15.096135766314456
image_3680882612631,1,557,134,0.23828125,/media/hdd2/ARCL_multicar_bags/camera_dataset/2026-05-18-v2-v4/stereo_left/EPnPv2_gt_mesh_z_hybrid_labels/3680882612631_0.json,/media/hdd2/ARCL_multicar_bags/camera_dataset/2026-05-18-v2-v4/stereo_left/EPnPv2_gt_mesh_z_hybrid_labels/3680882612631_0.json,T_map_object_raw,T_camera_object_centered,15139.653605697813,3.7035859858735716,23.044210642942673
image_3680979683891,1,558,136,0.234375,/media/hdd2/ARCL_multicar_bags/camera_dataset/2026-05-18-v2-v4/stereo_left/EPnPv2_gt_mesh_z_hybrid_labels/3680979683891_0.json,/media/hdd2/ARCL_multicar_bags/camera_dataset/2026-05-18-v2-v4/stereo_left/EPnPv2_gt_mesh_z_hybrid_labels/3680979683891_0.json,T_map_object_raw,T_camera_object_centered,16429.47125722393,4.627441264577859,15.757816947523903
image_3681084560594,1,559,138,0.21875,/media/hdd2/ARCL_multicar_bags/camera_dataset/2026-05-18-v2-v4/stereo_left/EPnPv2_gt_mesh_z_hybrid_labels/3681084560594_0.json,/media/hdd2/ARCL_multicar_bags/camera_dataset/2026-05-18-v2-v4/stereo_left/EPnPv2_gt_mesh_z_hybrid_labels/3681084560594_0.json,T_map_object_raw,T_camera_object_centered,15367.180953517025,3.5546831213974897,17.442653749487892
image_3681489893048,1,562,145,0.23046875,/media/hdd2/ARCL_multicar_bags/camera_dataset/2026-05-18-v2-v4/stereo_left/EPnPv2_gt_mesh_z_hybrid_labels/3681489893048_0.json,/media/hdd2/ARCL_multicar_bags/camera_dataset/2026-05-18-v2-v4/stereo_left/EPnPv2_gt_mesh_z_hybrid_labels/3681489893048_0.json,T_map_object_raw,T_camera_object_centered,16023.534732013168,3.614290770711385,22.08197172710731
image_3681581947557,1,563,147,0.25390625,/media/hdd2/ARCL_multicar_bags/camera_dataset/2026-05-18-v2-v4/stereo_left/EPnPv2_gt_mesh_z_hybrid_labels/3681581947557_0.json,/media/hdd2/ARCL_multicar_bags/camera_dataset/2026-05-18-v2-v4/stereo_left/EPnPv2_gt_mesh_z_hybrid_labels/3681581947557_0.json,T_map_object_raw,T_camera_object_centered,13849.344803121383,3.7096378157628553,19.01234867507666
image_3681679911557,1,564,149,0.25,/media/hdd2/ARCL_multicar_bags/camera_dataset/2026-05-18-v2-v4/stereo_left/EPnPv2_gt_mesh_z_hybrid_labels/3681679911557_0.json,/media/hdd2/ARCL_multicar_bags/camera_dataset/2026-05-18-v2-v4/stereo_left/EPnPv2_gt_mesh_z_hybrid_labels/3681679911557_0.json,T_map_object_raw,T_camera_object_centered,15462.677237286842,4.256764665045725,16.193638485623385
image_3681788099507,1,565,152,0.25,/media/hdd2/ARCL_multicar_bags/camera_dataset/2026-05-18-v2-v4/stereo_left/EPnPv2_gt_mesh_z_hybrid_labels/3681788099507_0.json,/media/hdd2/ARCL_multicar_bags/camera_dataset/2026-05-18-v2-v4/stereo_left/EPnPv2_gt_mesh_z_hybrid_labels/3681788099507_0.json,T_map_object_raw,T_camera_object_centered,15077.002756802183,2.5478393678583786,19.002900946614997
image_3681882035844,1,566,154,0.234375,/media/hdd2/ARCL_multicar_bags/camera_dataset/2026-05-18-v2-v4/stereo_left/EPnPv2_gt_mesh_z_hybrid_labels/3681882035844_0.json,/media/hdd2/ARCL_multicar_bags/camera_dataset/2026-05-18-v2-v4/stereo_left/EPnPv2_gt_mesh_z_hybrid_labels/3681882035844_0.json,T_map_object_raw,T_camera_object_centered,17198.264218044606,2.5803240941993564,16.95773357126612
image_3681978615735,1,567,156,0.2578125,/media/hdd2/ARCL_multicar_bags/camera_dataset/2026-05-18-v2-v4/stereo_left/EPnPv2_gt_mesh_z_hybrid_labels/3681978615735_0.json,/media/hdd2/ARCL_multicar_bags/camera_dataset/2026-05-18-v2-v4/stereo_left/EPnPv2_gt_mesh_z_hybrid_labels/3681978615735_0.json,T_map_object_raw,T_camera_object_centered,17214.638619833953,3.688598733888821,15.737443472641862
image_3682081103058,1,568,158,0.24609375,/media/hdd2/ARCL_multicar_bags/camera_dataset/2026-05-18-v2-v4/stereo_left/EPnPv2_gt_mesh_z_hybrid_labels/3682081103058_0.json,/media/hdd2/ARCL_multicar_bags/camera_dataset/2026-05-18-v2-v4/stereo_left/EPnPv2_gt_mesh_z_hybrid_labels/3682081103058_0.json,T_map_object_raw,T_camera_object_centered,16012.364914544563,2.6983017351585716,22.277659863081563
image_3682279398255,1,569,160,0.26171875,/media/hdd2/ARCL_multicar_bags/camera_dataset/2026-05-18-v2-v4/stereo_left/EPnPv2_gt_mesh_z_hybrid_labels/3682279398255_0.json,/media/hdd2/ARCL_multicar_bags/camera_dataset/2026-05-18-v2-v4/stereo_left/EPnPv2_gt_mesh_z_hybrid_labels/3682279398255_0.json,T_map_object_raw,T_camera_object_centered,16551.74836430731,3.5276259403202177,17.75981083816784
image_3682582023701,1,571,165,0.25390625,/media/hdd2/ARCL_multicar_bags/camera_dataset/2026-05-18-v2-v4/stereo_left/EPnPv2_gt_mesh_z_hybrid_labels/3682582023701_0.json,/media/hdd2/ARCL_multicar_bags/camera_dataset/2026-05-18-v2-v4/stereo_left/EPnPv2_gt_mesh_z_hybrid_labels/3682582023701_0.json,T_map_object_raw,T_camera_object_centered,18873.674380434935,1.9352073936684635,15.25033904722932
image_3682887613169,1,574,171,0.265625,/media/hdd2/ARCL_multicar_bags/camera_dataset/2026-05-18-v2-v4/stereo_left/EPnPv2_gt_mesh_z_hybrid_labels/3682887613169_0.json,/media/hdd2/ARCL_multicar_bags/camera_dataset/2026-05-18-v2-v4/stereo_left/EPnPv2_gt_mesh_z_hybrid_labels/3682887613169_0.json,T_map_object_raw,T_camera_object_centered,18993.528974239274,1.8517607140481867,12.325035395268648
image_3682979034395,1,575,174,0.2421875,/media/hdd2/ARCL_multicar_bags/camera_dataset/2026-05-18-v2-v4/stereo_left/EPnPv2_gt_mesh_z_hybrid_labels/3682979034395_0.json,/media/hdd2/ARCL_multicar_bags/camera_dataset/2026-05-18-v2-v4/stereo_left/EPnPv2_gt_mesh_z_hybrid_labels/3682979034395_0.json,T_map_object_raw,T_camera_object_centered,18702.566946815998,1.4696650105143547,15.486867978662225
image_3683081547048,1,576,176,0.25390625,/media/hdd2/ARCL_multicar_bags/camera_dataset/2026-05-18-v2-v4/stereo_left/EPnPv2_gt_mesh_z_hybrid_labels/3683081547048_0.json,/media/hdd2/ARCL_multicar_bags/camera_dataset/2026-05-18-v2-v4/stereo_left/EPnPv2_gt_mesh_z_hybrid_labels/3683081547048_0.json,T_map_object_raw,T_camera_object_centered,18983.29254905626,2.4051443472683376,13.17091346837931
image_3683181535416,1,577,178,0.25,/media/hdd2/ARCL_multicar_bags/camera_dataset/2026-05-18-v2-v4/stereo_left/EPnPv2_gt_mesh_z_hybrid_labels/3683181535416_0.json,/media/hdd2/ARCL_multicar_bags/camera_dataset/2026-05-18-v2-v4/stereo_left/EPnPv2_gt_mesh_z_hybrid_labels/3683181535416_0.json,T_map_object_raw,T_camera_object_centered,18984.874891732183,2.568678944338059,12.3592268569192
image_3683290475735,1,578,180,0.25,/media/hdd2/ARCL_multicar_bags/camera_dataset/2026-05-18-v2-v4/stereo_left/EPnPv2_gt_mesh_z_hybrid_labels/3683290475735_0.json,/media/hdd2/ARCL_multicar_bags/camera_dataset/2026-05-18-v2-v4/stereo_left/EPnPv2_gt_mesh_z_hybrid_labels/3683290475735_0.json,T_map_object_raw,T_camera_object_centered,16905.96250630755,2.1342016317752575,18.105744903523707
image_3684679405310,1,591,211,0.09765625,/media/hdd2/ARCL_multicar_bags/camera_dataset/2026-05-18-v2-v4/stereo_left/EPnPv2_gt_mesh_z_hybrid_labels/3684679405310_0.json,/media/hdd2/ARCL_multicar_bags/camera_dataset/2026-05-18-v2-v4/stereo_left/EPnPv2_gt_mesh_z_hybrid_labels/3684679405310_0.json,T_map_object_raw,T_camera_object_centered,16371.664908626022,9.823902998097953,33.357330275685435
image_3684881054720,1,593,217,0.140625,/media/hdd2/ARCL_multicar_bags/camera_dataset/2026-05-18-v2-v4/stereo_left/EPnPv2_gt_mesh_z_hybrid_labels/3684881054720_0.json,/media/hdd2/ARCL_multicar_bags/camera_dataset/2026-05-18-v2-v4/stereo_left/EPnPv2_gt_mesh_z_hybrid_labels/3684881054720_0.json,T_map_object_raw,T_camera_object_centered,15225.413216613506,6.783670458381589,34.14668536383858
image_3717293184089,1,673,404,0.1875,/media/hdd2/ARCL_multicar_bags/camera_dataset/2026-05-18-v2-v4/stereo_left/EPnPv2_gt_mesh_z_hybrid_labels/3717293184089_0.json,/media/hdd2/ARCL_multicar_bags/camera_dataset/2026-05-18-v2-v4/stereo_left/EPnPv2_gt_mesh_z_hybrid_labels/3717293184089_0.json,T_map_object_raw,T_camera_object_centered,17348.71944940948,2.108427466414549,12.858556393419393
image_3717401615794,1,674,406,0.19140625,/media/hdd2/ARCL_multicar_bags/camera_dataset/2026-05-18-v2-v4/stereo_left/EPnPv2_gt_mesh_z_hybrid_labels/3717401615794_0.json,/media/hdd2/ARCL_multicar_bags/camera_dataset/2026-05-18-v2-v4/stereo_left/EPnPv2_gt_mesh_z_hybrid_labels/3717401615794_0.json,T_map_object_raw,T_camera_object_centered,15594.462994711643,1.8016219833425553,12.131950829406978
image_3717678303303,1,677,412,0.171875,/media/hdd2/ARCL_multicar_bags/camera_dataset/2026-05-18-v2-v4/stereo_left/EPnPv2_gt_mesh_z_hybrid_labels/3717678303303_0.json,/media/hdd2/ARCL_multicar_bags/camera_dataset/2026-05-18-v2-v4/stereo_left/EPnPv2_gt_mesh_z_hybrid_labels/3717678303303_0.json,T_map_object_raw,T_camera_object_centered,19378.013375530794,2.8143473479717853,13.98337534795246
image_3717786470302,1,678,415,0.15625,/media/hdd2/ARCL_multicar_bags/camera_dataset/2026-05-18-v2-v4/stereo_left/EPnPv2_gt_mesh_z_hybrid_labels/3717786470302_0.json,/media/hdd2/ARCL_multicar_bags/camera_dataset/2026-05-18-v2-v4/stereo_left/EPnPv2_gt_mesh_z_hybrid_labels/3717786470302_0.json,T_map_object_raw,T_camera_object_centered,14119.342091567218,2.6091641351318513,12.092023227041375
image_3717880631307,1,679,417,0.12109375,/media/hdd2/ARCL_multicar_bags/camera_dataset/2026-05-18-v2-v4/stereo_left/EPnPv2_gt_mesh_z_hybrid_labels/3717880631307_0.json,/media/hdd2/ARCL_multicar_bags/camera_dataset/2026-05-18-v2-v4/stereo_left/EPnPv2_gt_mesh_z_hybrid_labels/3717880631307_0.json,T_map_object_raw,T_camera_object_centered,17757.775601143723,3.0972550190924815,13.323579783297918
image_3718098552507,1,681,421,0.20703125,/media/hdd2/ARCL_multicar_bags/camera_dataset/2026-05-18-v2-v4/stereo_left/EPnPv2_gt_mesh_z_hybrid_labels/3718098552507_0.json,/media/hdd2/ARCL_multicar_bags/camera_dataset/2026-05-18-v2-v4/stereo_left/EPnPv2_gt_mesh_z_hybrid_labels/3718098552507_0.json,T_map_object_raw,T_camera_object_centered,18994.10773371631,3.5445310986167247,14.083961831297549
image_3718195115141,1,682,423,0.1015625,/media/hdd2/ARCL_multicar_bags/camera_dataset/2026-05-18-v2-v4/stereo_left/EPnPv2_gt_mesh_z_hybrid_labels/3718195115141_0.json,/media/hdd2/ARCL_multicar_bags/camera_dataset/2026-05-18-v2-v4/stereo_left/EPnPv2_gt_mesh_z_hybrid_labels/3718195115141_0.json,T_map_object_raw,T_camera_object_centered,16024.486459744567,3.066796152141638,11.06379424188075
image_3718402477286,1,684,428,0.1484375,/media/hdd2/ARCL_multicar_bags/camera_dataset/2026-05-18-v2-v4/stereo_left/EPnPv2_gt_mesh_z_hybrid_labels/3718402477286_0.json,/media/hdd2/ARCL_multicar_bags/camera_dataset/2026-05-18-v2-v4/stereo_left/EPnPv2_gt_mesh_z_hybrid_labels/3718402477286_0.json,T_map_object_raw,T_camera_object_centered,15907.45025914473,4.546154745039656,15.789285661485675
image_3718982963981,1,688,437,0.2109375,/media/hdd2/ARCL_multicar_bags/camera_dataset/2026-05-18-v2-v4/stereo_left/EPnPv2_gt_mesh_z_hybrid_labels/3718982963981_0.json,/media/hdd2/ARCL_multicar_bags/camera_dataset/2026-05-18-v2-v4/stereo_left/EPnPv2_gt_mesh_z_hybrid_labels/3718982963981_0.json,T_map_object_raw,T_camera_object_centered,18734.672754682564,2.19318212297191,10.676498007918244
image_3721984023217,1,715,497,0.15625,/media/hdd2/ARCL_multicar_bags/camera_dataset/2026-05-18-v2-v4/stereo_left/EPnPv2_gt_mesh_z_hybrid_labels/3721984023217_0.json,/media/hdd2/ARCL_multicar_bags/camera_dataset/2026-05-18-v2-v4/stereo_left/EPnPv2_gt_mesh_z_hybrid_labels/3721984023217_0.json,T_map_object_raw,T_camera_object_centered,19519.823176828686,1.9203192666007038,18.144899855681935
image_3734886414423,1,771,631,0.12890625,/media/hdd2/ARCL_multicar_bags/camera_dataset/2026-05-18-v2-v4/stereo_left/EPnPv2_gt_mesh_z_hybrid_labels/3734886414423_0.json,/media/hdd2/ARCL_multicar_bags/camera_dataset/2026-05-18-v2-v4/stereo_left/EPnPv2_gt_mesh_z_hybrid_labels/3734886414423_0.json,T_map_object_raw,T_camera_object_centered,16526.107141883655,6.155332489394587,3.260557616500512
image_3735279964107,1,775,640,0.125,/media/hdd2/ARCL_multicar_bags/camera_dataset/2026-05-18-v2-v4/stereo_left/EPnPv2_gt_mesh_z_hybrid_labels/3735279964107_0.json,/media/hdd2/ARCL_multicar_bags/camera_dataset/2026-05-18-v2-v4/stereo_left/EPnPv2_gt_mesh_z_hybrid_labels/3735279964107_0.json,T_map_object_raw,T_camera_object_centered,17727.69952424366,9.112962506182079,5.379087387414134
image_3735384477287,1,776,642,0.12109375,/media/hdd2/ARCL_multicar_bags/camera_dataset/2026-05-18-v2-v4/stereo_left/EPnPv2_gt_mesh_z_hybrid_labels/3735384477287_0.json,/media/hdd2/ARCL_multicar_bags/camera_dataset/2026-05-18-v2-v4/stereo_left/EPnPv2_gt_mesh_z_hybrid_labels/3735384477287_0.json,T_map_object_raw,T_camera_object_centered,15399.391405983593,9.064141069061913,1.6030242611126184
image_3737081271527,1,791,679,0.12109375,/media/hdd2/ARCL_multicar_bags/camera_dataset/2026-05-18-v2-v4/stereo_left/EPnPv2_gt_mesh_z_hybrid_labels/3737081271527_0.json,/media/hdd2/ARCL_multicar_bags/camera_dataset/2026-05-18-v2-v4/stereo_left/EPnPv2_gt_mesh_z_hybrid_labels/3737081271527_0.json,T_map_object_raw,T_camera_object_centered,15567.536511924067,7.382599004582146,19.51905767899615
image_3773481441900,1,841,817,0.140625,/media/hdd2/ARCL_multicar_bags/camera_dataset/2026-05-18-v2-v4/stereo_left/EPnPv2_gt_mesh_z_hybrid_labels/3773481441900_0.json,/media/hdd2/ARCL_multicar_bags/camera_dataset/2026-05-18-v2-v4/stereo_left/EPnPv2_gt_mesh_z_hybrid_labels/3773481441900_0.json,T_map_object_raw,T_camera_object_centered,16625.784623843352,6.302894838258684,18.211372115708496
image_3774681241469,1,851,839,0.26953125,/media/hdd2/ARCL_multicar_bags/camera_dataset/2026-05-18-v2-v4/stereo_left/EPnPv2_gt_mesh_z_hybrid_labels/3774681241469_0.json,/media/hdd2/ARCL_multicar_bags/camera_dataset/2026-05-18-v2-v4/stereo_left/EPnPv2_gt_mesh_z_hybrid_labels/3774681241469_0.json,T_map_object_raw,T_camera_object_centered,17037.480588864535,10.901829566000492,11.085483434342255
image_3774784623926,1,852,841,0.25390625,/media/hdd2/ARCL_multicar_bags/camera_dataset/2026-05-18-v2-v4/stereo_left/EPnPv2_gt_mesh_z_hybrid_labels/3774784623926_0.json,/media/hdd2/ARCL_multicar_bags/camera_dataset/2026-05-18-v2-v4/stereo_left/EPnPv2_gt_mesh_z_hybrid_labels/3774784623926_0.json,T_map_object_raw,T_camera_object_centered,15559.439188420023,10.05089021761355,10.854832276828596
image_3775879945716,1,863,869,0.2421875,/media/hdd2/ARCL_multicar_bags/camera_dataset/2026-05-18-v2-v4/stereo_left/EPnPv2_gt_mesh_z_hybrid_labels/3775879945716_0.json,/media/hdd2/ARCL_multicar_bags/camera_dataset/2026-05-18-v2-v4/stereo_left/EPnPv2_gt_mesh_z_hybrid_labels/3775879945716_0.json,T_map_object_raw,T_camera_object_centered,17948.940919611185,4.51214602316073,3.729961937918768
image_3775980553452,1,864,872,0.2578125,/media/hdd2/ARCL_multicar_bags/camera_dataset/2026-05-18-v2-v4/stereo_left/EPnPv2_gt_mesh_z_hybrid_labels/3775980553452_0.json,/media/hdd2/ARCL_multicar_bags/camera_dataset/2026-05-18-v2-v4/stereo_left/EPnPv2_gt_mesh_z_hybrid_labels/3775980553452_0.json,T_map_object_raw,T_camera_object_centered,18671.371818371754,3.7408686443442534,5.8505671067168805
image_3776782479688,1,872,889,0.26171875,/media/hdd2/ARCL_multicar_bags/camera_dataset/2026-05-18-v2-v4/stereo_left/EPnPv2_gt_mesh_z_hybrid_labels/3776782479688_0.json,/media/hdd2/ARCL_multicar_bags/camera_dataset/2026-05-18-v2-v4/stereo_left/EPnPv2_gt_mesh_z_hybrid_labels/3776782479688_0.json,T_map_object_raw,T_camera_object_centered,19991.72591304055,3.753277577182817,2.1346668006002827
image_3776880056846,1,873,891,0.24609375,/media/hdd2/ARCL_multicar_bags/camera_dataset/2026-05-18-v2-v4/stereo_left/EPnPv2_gt_mesh_z_hybrid_labels/3776880056846_0.json,/media/hdd2/ARCL_multicar_bags/camera_dataset/2026-05-18-v2-v4/stereo_left/EPnPv2_gt_mesh_z_hybrid_labels/3776880056846_0.json,T_map_object_raw,T_camera_object_centered,17598.529140590897,3.927860695151648,1.8376543326722052
image_3776979758281,1,874,894,0.2265625,/media/hdd2/ARCL_multicar_bags/camera_dataset/2026-05-18-v2-v4/stereo_left/EPnPv2_gt_mesh_z_hybrid_labels/3776979758281_0.json,/media/hdd2/ARCL_multicar_bags/camera_dataset/2026-05-18-v2-v4/stereo_left/EPnPv2_gt_mesh_z_hybrid_labels/3776979758281_0.json,T_map_object_raw,T_camera_object_centered,18986.665556782875,3.5835818386247387,1.9670249428004034
image_3777202481792,1,876,898,0.24609375,/media/hdd2/ARCL_multicar_bags/camera_dataset/2026-05-18-v2-v4/stereo_left/EPnPv2_gt_mesh_z_hybrid_labels/3777202481792_0.json,/media/hdd2/ARCL_multicar_bags/camera_dataset/2026-05-18-v2-v4/stereo_left/EPnPv2_gt_mesh_z_hybrid_labels/3777202481792_0.json,T_map_object_raw,T_camera_object_centered,17132.175832046592,3.7229106595753945,4.283361522937842
image_3777780017217,1,881,909,0.22265625,/media/hdd2/ARCL_multicar_bags/camera_dataset/2026-05-18-v2-v4/stereo_left/EPnPv2_gt_mesh_z_hybrid_labels/3777780017217_0.json,/media/hdd2/ARCL_multicar_bags/camera_dataset/2026-05-18-v2-v4/stereo_left/EPnPv2_gt_mesh_z_hybrid_labels/3777780017217_0.json,T_map_object_raw,T_camera_object_centered,16522.420892812454,3.3161463801860247,1.4051914729305919
image_3778185918733,1,885,918,0.20703125,/media/hdd2/ARCL_multicar_bags/camera_dataset/2026-05-18-v2-v4/stereo_left/EPnPv2_gt_mesh_z_hybrid_labels/3778185918733_0.json,/media/hdd2/ARCL_multicar_bags/camera_dataset/2026-05-18-v2-v4/stereo_left/EPnPv2_gt_mesh_z_hybrid_labels/3778185918733_0.json,T_map_object_raw,T_camera_object_centered,15876.934685564358,3.619915594685511,3.2220122077454936
image_3778279364117,1,886,920,0.21875,/media/hdd2/ARCL_multicar_bags/camera_dataset/2026-05-18-v2-v4/stereo_left/EPnPv2_gt_mesh_z_hybrid_labels/3778279364117_0.json,/media/hdd2/ARCL_multicar_bags/camera_dataset/2026-05-18-v2-v4/stereo_left/EPnPv2_gt_mesh_z_hybrid_labels/3778279364117_0.json,T_map_object_raw,T_camera_object_centered,17018.761778375527,3.876273646128839,0.2828613789659865
image_3778390475974,1,887,922,0.2109375,/media/hdd2/ARCL_multicar_bags/camera_dataset/2026-05-18-v2-v4/stereo_left/EPnPv2_gt_mesh_z_hybrid_labels/3778390475974_0.json,/media/hdd2/ARCL_multicar_bags/camera_dataset/2026-05-18-v2-v4/stereo_left/EPnPv2_gt_mesh_z_hybrid_labels/3778390475974_0.json,T_map_object_raw,T_camera_object_centered,19491.634757951015,3.6539373228466583,2.6869675160936146
image_3778579582797,1,889,927,0.2265625,/media/hdd2/ARCL_multicar_bags/camera_dataset/2026-05-18-v2-v4/stereo_left/EPnPv2_gt_mesh_z_hybrid_labels/3778579582797_0.json,/media/hdd2/ARCL_multicar_bags/camera_dataset/2026-05-18-v2-v4/stereo_left/EPnPv2_gt_mesh_z_hybrid_labels/3778579582797_0.json,T_map_object_raw,T_camera_object_centered,16315.22697110695,5.047928451843738,1.7758519715484873
image_3778790471352,1,891,931,0.2421875,/media/hdd2/ARCL_multicar_bags/camera_dataset/2026-05-18-v2-v4/stereo_left/EPnPv2_gt_mesh_z_hybrid_labels/3778790471352_0.json,/media/hdd2/ARCL_multicar_bags/camera_dataset/2026-05-18-v2-v4/stereo_left/EPnPv2_gt_mesh_z_hybrid_labels/3778790471352_0.json,T_map_object_raw,T_camera_object_centered,19354.224334453826,3.6861991843369695,3.1436790926322424
image_3780794322842,1,910,979,0.22265625,/media/hdd2/ARCL_multicar_bags/camera_dataset/2026-05-18-v2-v4/stereo_left/EPnPv2_gt_mesh_z_hybrid_labels/3780794322842_0.json,/media/hdd2/ARCL_multicar_bags/camera_dataset/2026-05-18-v2-v4/stereo_left/EPnPv2_gt_mesh_z_hybrid_labels/3780794322842_0.json,T_map_object_raw,T_camera_object_centered,15730.115749578983,6.168752952414277,5.760446425212645
image_3780885625941,1,911,981,0.23828125,/media/hdd2/ARCL_multicar_bags/camera_dataset/2026-05-18-v2-v4/stereo_left/EPnPv2_gt_mesh_z_hybrid_labels/3780885625941_0.json,/media/hdd2/ARCL_multicar_bags/camera_dataset/2026-05-18-v2-v4/stereo_left/EPnPv2_gt_mesh_z_hybrid_labels/3780885625941_0.json,T_map_object_raw,T_camera_object_centered,17320.02633407225,7.985266355612361,5.187004494979564
image_3789181934000,1,945,1083,0.265625,/media/hdd2/ARCL_multicar_bags/camera_dataset/2026-05-18-v2-v4/stereo_left/EPnPv2_gt_mesh_z_hybrid_labels/3789181934000_0.json,/media/hdd2/ARCL_multicar_bags/camera_dataset/2026-05-18-v2-v4/stereo_left/EPnPv2_gt_mesh_z_hybrid_labels/3789181934000_0.json,T_map_object_raw,T_camera_object_centered,18414.877061804786,11.870146189238692,11.252504827153142
image_3789484533713,1,947,1087,0.2421875,/media/hdd2/ARCL_multicar_bags/camera_dataset/2026-05-18-v2-v4/stereo_left/EPnPv2_gt_mesh_z_hybrid_labels/3789484533713_0.json,/media/hdd2/ARCL_multicar_bags/camera_dataset/2026-05-18-v2-v4/stereo_left/EPnPv2_gt_mesh_z_hybrid_labels/3789484533713_0.json,T_map_object_raw,T_camera_object_centered,18936.25187765203,8.229038167134021,12.062559002687342
image_3789592835384,1,948,1089,0.21484375,/media/hdd2/ARCL_multicar_bags/camera_dataset/2026-05-18-v2-v4/stereo_left/EPnPv2_gt_mesh_z_hybrid_labels/3789592835384_0.json,/media/hdd2/ARCL_multicar_bags/camera_dataset/2026-05-18-v2-v4/stereo_left/EPnPv2_gt_mesh_z_hybrid_labels/3789592835384_0.json,T_map_object_raw,T_camera_object_centered,19961.617460129546,7.47636722083182,14.84299799621579
image_3789682487972,1,949,1092,0.2578125,/media/hdd2/ARCL_multicar_bags/camera_dataset/2026-05-18-v2-v4/stereo_left/EPnPv2_gt_mesh_z_hybrid_labels/3789682487972_0.json,/media/hdd2/ARCL_multicar_bags/camera_dataset/2026-05-18-v2-v4/stereo_left/EPnPv2_gt_mesh_z_hybrid_labels/3789682487972_0.json,T_map_object_raw,T_camera_object_centered,17570.652259088478,7.518683232388229,13.1732823258787
image_3789878494996,1,951,1096,0.24609375,/media/hdd2/ARCL_multicar_bags/camera_dataset/2026-05-18-v2-v4/stereo_left/EPnPv2_gt_mesh_z_hybrid_labels/3789878494996_0.json,/media/hdd2/ARCL_multicar_bags/camera_dataset/2026-05-18-v2-v4/stereo_left/EPnPv2_gt_mesh_z_hybrid_labels/3789878494996_0.json,T_map_object_raw,T_camera_object_centered,15521.146662019864,8.12620373355444,14.35909003226856
image_3790087488661,1,952,1098,0.234375,/media/hdd2/ARCL_multicar_bags/camera_dataset/2026-05-18-v2-v4/stereo_left/EPnPv2_gt_mesh_z_hybrid_labels/3790087488661_0.json,/media/hdd2/ARCL_multicar_bags/camera_dataset/2026-05-18-v2-v4/stereo_left/EPnPv2_gt_mesh_z_hybrid_labels/3790087488661_0.json,T_map_object_raw,T_camera_object_centered,19009.36874046963,7.432850514740318,14.762537023281011
image_3790278766240,1,954,1104,0.2265625,/media/hdd2/ARCL_multicar_bags/camera_dataset/2026-05-18-v2-v4/stereo_left/EPnPv2_gt_mesh_z_hybrid_labels/3790278766240_0.json,/media/hdd2/ARCL_multicar_bags/camera_dataset/2026-05-18-v2-v4/stereo_left/EPnPv2_gt_mesh_z_hybrid_labels/3790278766240_0.json,T_map_object_raw,T_camera_object_centered,18353.58415461639,8.473734061797485,17.298924477508457
image_3790881723917,1,959,1115,0.24609375,/media/hdd2/ARCL_multicar_bags/camera_dataset/2026-05-18-v2-v4/stereo_left/EPnPv2_gt_mesh_z_hybrid_labels/3790881723917_0.json,/media/hdd2/ARCL_multicar_bags/camera_dataset/2026-05-18-v2-v4/stereo_left/EPnPv2_gt_mesh_z_hybrid_labels/3790881723917_0.json,T_map_object_raw,T_camera_object_centered,18818.08630885242,12.079011101984776,20.1574661581736
image_3791286489070,1,963,1123,0.1875,/media/hdd2/ARCL_multicar_bags/camera_dataset/2026-05-18-v2-v4/stereo_left/EPnPv2_gt_mesh_z_hybrid_labels/3791286489070_0.json,/media/hdd2/ARCL_multicar_bags/camera_dataset/2026-05-18-v2-v4/stereo_left/EPnPv2_gt_mesh_z_hybrid_labels/3791286489070_0.json,T_map_object_raw,T_camera_object_centered,15901.291929246927,15.38101952496049,17.922685369905185
image_3792178560227,1,971,1141,0.1328125,/media/hdd2/ARCL_multicar_bags/camera_dataset/2026-05-18-v2-v4/stereo_left/EPnPv2_gt_mesh_z_hybrid_labels/3792178560227_0.json,/media/hdd2/ARCL_multicar_bags/camera_dataset/2026-05-18-v2-v4/stereo_left/EPnPv2_gt_mesh_z_hybrid_labels/3792178560227_0.json,T_map_object_raw,T_camera_object_centered,17125.95763038069,2.085746384654396,68.07837456748686
image_3792478617045,1,974,1148,0.13671875,/media/hdd2/ARCL_multicar_bags/camera_dataset/2026-05-18-v2-v4/stereo_left/EPnPv2_gt_mesh_z_hybrid_labels/3792478617045_0.json,/media/hdd2/ARCL_multicar_bags/camera_dataset/2026-05-18-v2-v4/stereo_left/EPnPv2_gt_mesh_z_hybrid_labels/3792478617045_0.json,T_map_object_raw,T_camera_object_centered,16776.379627087113,3.162266800881736,43.326605829890184
image_3796088432046,1,983,1167,0.21875,/media/hdd2/ARCL_multicar_bags/camera_dataset/2026-05-18-v2-v4/stereo_left/EPnPv2_gt_mesh_z_hybrid_labels/3796088432046_0.json,/media/hdd2/ARCL_multicar_bags/camera_dataset/2026-05-18-v2-v4/stereo_left/EPnPv2_gt_mesh_z_hybrid_labels/3796088432046_0.json,T_map_object_raw,T_camera_object_centered,16503.87322565039,14.07011028061341,8.336251675534063
image_3796379308455,1,986,1174,0.2421875,/media/hdd2/ARCL_multicar_bags/camera_dataset/2026-05-18-v2-v4/stereo_left/EPnPv2_gt_mesh_z_hybrid_labels/3796379308455_0.json,/media/hdd2/ARCL_multicar_bags/camera_dataset/2026-05-18-v2-v4/stereo_left/EPnPv2_gt_mesh_z_hybrid_labels/3796379308455_0.json,T_map_object_raw,T_camera_object_centered,17066.3792638421,8.938114301310872,11.377757835879299
image_3796489239726,1,987,1176,0.24609375,/media/hdd2/ARCL_multicar_bags/camera_dataset/2026-05-18-v2-v4/stereo_left/EPnPv2_gt_mesh_z_hybrid_labels/3796489239726_0.json,/media/hdd2/ARCL_multicar_bags/camera_dataset/2026-05-18-v2-v4/stereo_left/EPnPv2_gt_mesh_z_hybrid_labels/3796489239726_0.json,T_map_object_raw,T_camera_object_centered,17181.385872439292,7.519927241263638,2.8420103442720146
image_3796600322956,1,988,1178,0.22265625,/media/hdd2/ARCL_multicar_bags/camera_dataset/2026-05-18-v2-v4/stereo_left/EPnPv2_gt_mesh_z_hybrid_labels/3796600322956_0.json,/media/hdd2/ARCL_multicar_bags/camera_dataset/2026-05-18-v2-v4/stereo_left/EPnPv2_gt_mesh_z_hybrid_labels/3796600322956_0.json,T_map_object_raw,T_camera_object_centered,17719.242947395225,6.189589258793968,8.527205983004757
image_3796783585417,1,989,1181,0.25390625,/media/hdd2/ARCL_multicar_bags/camera_dataset/2026-05-18-v2-v4/stereo_left/EPnPv2_gt_mesh_z_hybrid_labels/3796783585417_0.json,/media/hdd2/ARCL_multicar_bags/camera_dataset/2026-05-18-v2-v4/stereo_left/EPnPv2_gt_mesh_z_hybrid_labels/3796783585417_0.json,T_map_object_raw,T_camera_object_centered,16628.236984463434,5.092238524503859,1.8368547452240676
image_3796991668576,1,991,1185,0.25390625,/media/hdd2/ARCL_multicar_bags/camera_dataset/2026-05-18-v2-v4/stereo_left/EPnPv2_gt_mesh_z_hybrid_labels/3796991668576_0.json,/media/hdd2/ARCL_multicar_bags/camera_dataset/2026-05-18-v2-v4/stereo_left/EPnPv2_gt_mesh_z_hybrid_labels/3796991668576_0.json,T_map_object_raw,T_camera_object_centered,20238.70142372948,4.504329009849531,3.8257526442230154
image_3797079972633,1,992,1187,0.25390625,/media/hdd2/ARCL_multicar_bags/camera_dataset/2026-05-18-v2-v4/stereo_left/EPnPv2_gt_mesh_z_hybrid_labels/3797079972633_0.json,/media/hdd2/ARCL_multicar_bags/camera_dataset/2026-05-18-v2-v4/stereo_left/EPnPv2_gt_mesh_z_hybrid_labels/3797079972633_0.json,T_map_object_raw,T_camera_object_centered,15187.080919767697,4.240126459830287,4.09118185739819
image_3797186711830,1,993,1190,0.2421875,/media/hdd2/ARCL_multicar_bags/camera_dataset/2026-05-18-v2-v4/stereo_left/EPnPv2_gt_mesh_z_hybrid_labels/3797186711830_0.json,/media/hdd2/ARCL_multicar_bags/camera_dataset/2026-05-18-v2-v4/stereo_left/EPnPv2_gt_mesh_z_hybrid_labels/3797186711830_0.json,T_map_object_raw,T_camera_object_centered,13765.91691336995,4.482118842082967,7.359048323805573
image_3797282233249,1,994,1194,0.25,/media/hdd2/ARCL_multicar_bags/camera_dataset/2026-05-18-v2-v4/stereo_left/EPnPv2_gt_mesh_z_hybrid_labels/3797282233249_0.json,/media/hdd2/ARCL_multicar_bags/camera_dataset/2026-05-18-v2-v4/stereo_left/EPnPv2_gt_mesh_z_hybrid_labels/3797282233249_0.json,T_map_object_raw,T_camera_object_centered,18574.176152891774,6.598056600230281,3.8844138148823633
image_3797382728066,1,995,1197,0.21875,/media/hdd2/ARCL_multicar_bags/camera_dataset/2026-05-18-v2-v4/stereo_left/EPnPv2_gt_mesh_z_hybrid_labels/3797382728066_0.json,/media/hdd2/ARCL_multicar_bags/camera_dataset/2026-05-18-v2-v4/stereo_left/EPnPv2_gt_mesh_z_hybrid_labels/3797382728066_0.json,T_map_object_raw,T_camera_object_centered,13213.536142953768,5.410168269071816,8.846568803358597
image_3797504343590,1,996,1200,0.25390625,/media/hdd2/ARCL_multicar_bags/camera_dataset/2026-05-18-v2-v4/stereo_left/EPnPv2_gt_mesh_z_hybrid_labels/3797504343590_0.json,/media/hdd2/ARCL_multicar_bags/camera_dataset/2026-05-18-v2-v4/stereo_left/EPnPv2_gt_mesh_z_hybrid_labels/3797504343590_0.json,T_map_object_raw,T_camera_object_centered,13257.623344673204,5.7421149193417245,10.586964152343624
image_3797586799664,1,997,1203,0.23828125,/media/hdd2/ARCL_multicar_bags/camera_dataset/2026-05-18-v2-v4/stereo_left/EPnPv2_gt_mesh_z_hybrid_labels/3797586799664_0.json,/media/hdd2/ARCL_multicar_bags/camera_dataset/2026-05-18-v2-v4/stereo_left/EPnPv2_gt_mesh_z_hybrid_labels/3797586799664_0.json,T_map_object_raw,T_camera_object_centered,17828.70911551455,6.584938641865126,7.392500080077819
image_3797679990791,1,998,1205,0.25,/media/hdd2/ARCL_multicar_bags/camera_dataset/2026-05-18-v2-v4/stereo_left/EPnPv2_gt_mesh_z_hybrid_labels/3797679990791_0.json,/media/hdd2/ARCL_multicar_bags/camera_dataset/2026-05-18-v2-v4/stereo_left/EPnPv2_gt_mesh_z_hybrid_labels/3797679990791_0.json,T_map_object_raw,T_camera_object_centered,19768.26595389482,7.509709588716053,4.098454042125815
image_3798090484590,1,1001,1212,0.26171875,/media/hdd2/ARCL_multicar_bags/camera_dataset/2026-05-18-v2-v4/stereo_left/EPnPv2_gt_mesh_z_hybrid_labels/3798090484590_0.json,/media/hdd2/ARCL_multicar_bags/camera_dataset/2026-05-18-v2-v4/stereo_left/EPnPv2_gt_mesh_z_hybrid_labels/3798090484590_0.json,T_map_object_raw,T_camera_object_centered,16775.401300257006,11.333798321558588,0.9846931687742869
image_3798181564375,1,1002,1215,0.2578125,/media/hdd2/ARCL_multicar_bags/camera_dataset/2026-05-18-v2-v4/stereo_left/EPnPv2_gt_mesh_z_hybrid_labels/3798181564375_0.json,/media/hdd2/ARCL_multicar_bags/camera_dataset/2026-05-18-v2-v4/stereo_left/EPnPv2_gt_mesh_z_hybrid_labels/3798181564375_0.json,T_map_object_raw,T_camera_object_centered,17021.07245394305,11.985089644278451,3.57964717891723
image_3798280323636,1,1003,1218,0.2421875,/media/hdd2/ARCL_multicar_bags/camera_dataset/2026-05-18-v2-v4/stereo_left/EPnPv2_gt_mesh_z_hybrid_labels/3798280323636_0.json,/media/hdd2/ARCL_multicar_bags/camera_dataset/2026-05-18-v2-v4/stereo_left/EPnPv2_gt_mesh_z_hybrid_labels/3798280323636_0.json,T_map_object_raw,T_camera_object_centered,19371.483808891753,13.111500520898947,4.817964087248142
image_3798591355327,1,1006,3482,0.2421875,/media/hdd2/ARCL_multicar_bags/camera_dataset/2026-05-18-v2-v4/stereo_left/EPnPv2_gt_mesh_z_hybrid_labels/3798591355327_0.json,/media/hdd2/ARCL_multicar_bags/camera_dataset/2026-05-18-v2-v4/stereo_left/EPnPv2_gt_mesh_z_hybrid_labels/3798591355327_0.json,T_map_object_raw,T_camera_object_centered,18505.231604896864,16.2762073664963,0.6839091782614383
image_3798691821268,1,1007,3720,0.234375,/media/hdd2/ARCL_multicar_bags/camera_dataset/2026-05-18-v2-v4/stereo_left/EPnPv2_gt_mesh_z_hybrid_labels/3798691821268_0.json,/media/hdd2/ARCL_multicar_bags/camera_dataset/2026-05-18-v2-v4/stereo_left/EPnPv2_gt_mesh_z_hybrid_labels/3798691821268_0.json,T_map_object_raw,T_camera_object_centered,17438.590084480744,17.75301522134472,1.9928398494690636
image_3816379233137,1,1114,1481,0.1640625,/media/hdd2/ARCL_multicar_bags/camera_dataset/2026-05-18-v2-v4/stereo_left/EPnPv2_gt_mesh_z_hybrid_labels/3816379233137_0.json,/media/hdd2/ARCL_multicar_bags/camera_dataset/2026-05-18-v2-v4/stereo_left/EPnPv2_gt_mesh_z_hybrid_labels/3816379233137_0.json,T_map_object_raw,T_camera_object_centered,15599.608620657998,4.683160408251933,76.78272833975065
image_3816481767987,1,1115,1503,0.16796875,/media/hdd2/ARCL_multicar_bags/camera_dataset/2026-05-18-v2-v4/stereo_left/EPnPv2_gt_mesh_z_hybrid_labels/3816481767987_0.json,/media/hdd2/ARCL_multicar_bags/camera_dataset/2026-05-18-v2-v4/stereo_left/EPnPv2_gt_mesh_z_hybrid_labels/3816481767987_0.json,T_map_object_raw,T_camera_object_centered,14580.572981246498,5.250903867581239,80.21693813534918
image_3816681304160,1,1117,1552,0.140625,/media/hdd2/ARCL_multicar_bags/camera_dataset/2026-05-18-v2-v4/stereo_left/EPnPv2_gt_mesh_z_hybrid_labels/3816681304160_0.json,/media/hdd2/ARCL_multicar_bags/camera_dataset/2026-05-18-v2-v4/stereo_left/EPnPv2_gt_mesh_z_hybrid_labels/3816681304160_0.json,T_map_object_raw,T_camera_object_centered,16793.509823055796,1.404691835200301,89.63114034525684
image_3816879795844,1,1119,1597,0.15234375,/media/hdd2/ARCL_multicar_bags/camera_dataset/2026-05-18-v2-v4/stereo_left/EPnPv2_gt_mesh_z_hybrid_labels/3816879795844_0.json,/media/hdd2/ARCL_multicar_bags/camera_dataset/2026-05-18-v2-v4/stereo_left/EPnPv2_gt_mesh_z_hybrid_labels/3816879795844_0.json,T_map_object_raw,T_camera_object_centered,17885.827419549976,4.668793430974761,88.16971196394483
image_3816980102863,1,1120,1619,0.14453125,/media/hdd2/ARCL_multicar_bags/camera_dataset/2026-05-18-v2-v4/stereo_left/EPnPv2_gt_mesh_z_hybrid_labels/3816980102863_0.json,/media/hdd2/ARCL_multicar_bags/camera_dataset/2026-05-18-v2-v4/stereo_left/EPnPv2_gt_mesh_z_hybrid_labels/3816980102863_0.json,T_map_object_raw,T_camera_object_centered,15520.824526665197,4.425281491227505,84.32395143033328
image_3817283665423,1,1123,1685,0.12890625,/media/hdd2/ARCL_multicar_bags/camera_dataset/2026-05-18-v2-v4/stereo_left/EPnPv2_gt_mesh_z_hybrid_labels/3817283665423_0.json,/media/hdd2/ARCL_multicar_bags/camera_dataset/2026-05-18-v2-v4/stereo_left/EPnPv2_gt_mesh_z_hybrid_labels/3817283665423_0.json,T_map_object_raw,T_camera_object_centered,19170.425734211967,5.675663291627736,87.86159552053186
image_3817393176095,1,1124,1708,0.1328125,/media/hdd2/ARCL_multicar_bags/camera_dataset/2026-05-18-v2-v4/stereo_left/EPnPv2_gt_mesh_z_hybrid_labels/3817393176095_0.json,/media/hdd2/ARCL_multicar_bags/camera_dataset/2026-05-18-v2-v4/stereo_left/EPnPv2_gt_mesh_z_hybrid_labels/3817393176095_0.json,T_map_object_raw,T_camera_object_centered,19123.465611933454,6.623809788532385,98.83746111876191
image_3817482638939,1,1125,1730,0.12890625,/media/hdd2/ARCL_multicar_bags/camera_dataset/2026-05-18-v2-v4/stereo_left/EPnPv2_gt_mesh_z_hybrid_labels/3817482638939_0.json,/media/hdd2/ARCL_multicar_bags/camera_dataset/2026-05-18-v2-v4/stereo_left/EPnPv2_gt_mesh_z_hybrid_labels/3817482638939_0.json,T_map_object_raw,T_camera_object_centered,18853.99087969307,7.503703011354209,103.04997268375612
image_3817987400928,1,1128,1796,0.1171875,/media/hdd2/ARCL_multicar_bags/camera_dataset/2026-05-18-v2-v4/stereo_left/EPnPv2_gt_mesh_z_hybrid_labels/3817987400928_0.json,/media/hdd2/ARCL_multicar_bags/camera_dataset/2026-05-18-v2-v4/stereo_left/EPnPv2_gt_mesh_z_hybrid_labels/3817987400928_0.json,T_map_object_raw,T_camera_object_centered,19047.836856685546,11.730578303157452,98.73356082608609
image_3818081072130,1,1129,1826,0.11328125,/media/hdd2/ARCL_multicar_bags/camera_dataset/2026-05-18-v2-v4/stereo_left/EPnPv2_gt_mesh_z_hybrid_labels/3818081072130_0.json,/media/hdd2/ARCL_multicar_bags/camera_dataset/2026-05-18-v2-v4/stereo_left/EPnPv2_gt_mesh_z_hybrid_labels/3818081072130_0.json,T_map_object_raw,T_camera_object_centered,18906.998301809206,11.106195690291893,160.5869014209328
image_3818891522402,1,1135,1964,0.125,/media/hdd2/ARCL_multicar_bags/camera_dataset/2026-05-18-v2-v4/stereo_left/EPnPv2_gt_mesh_z_hybrid_labels/3818891522402_0.json,/media/hdd2/ARCL_multicar_bags/camera_dataset/2026-05-18-v2-v4/stereo_left/EPnPv2_gt_mesh_z_hybrid_labels/3818891522402_0.json,T_map_object_raw,T_camera_object_centered,17874.009545193814,11.830024318035493,105.54191257762089
image_3819178620063,1,1138,2040,0.1328125,/media/hdd2/ARCL_multicar_bags/camera_dataset/2026-05-18-v2-v4/stereo_left/EPnPv2_gt_mesh_z_hybrid_labels/3819178620063_0.json,/media/hdd2/ARCL_multicar_bags/camera_dataset/2026-05-18-v2-v4/stereo_left/EPnPv2_gt_mesh_z_hybrid_labels/3819178620063_0.json,T_map_object_raw,T_camera_object_centered,13088.826482965893,10.205300939456247,96.12404161675164
image_3819282475672,1,1139,2064,0.13671875,/media/hdd2/ARCL_multicar_bags/camera_dataset/2026-05-18-v2-v4/stereo_left/EPnPv2_gt_mesh_z_hybrid_labels/3819282475672_0.json,/media/hdd2/ARCL_multicar_bags/camera_dataset/2026-05-18-v2-v4/stereo_left/EPnPv2_gt_mesh_z_hybrid_labels/3819282475672_0.json,T_map_object_raw,T_camera_object_centered,17566.34063467013,9.820720533639259,87.85354378255067
image_3819419448648,1,1140,2087,0.125,/media/hdd2/ARCL_multicar_bags/camera_dataset/2026-05-18-v2-v4/stereo_left/EPnPv2_gt_mesh_z_hybrid_labels/3819419448648_0.json,/media/hdd2/ARCL_multicar_bags/camera_dataset/2026-05-18-v2-v4/stereo_left/EPnPv2_gt_mesh_z_hybrid_labels/3819419448648_0.json,T_map_object_raw,T_camera_object_centered,15134.05689592347,8.828855879849305,125.3599851198109
image_3819590595495,1,1141,2110,0.12890625,/media/hdd2/ARCL_multicar_bags/camera_dataset/2026-05-18-v2-v4/stereo_left/EPnPv2_gt_mesh_z_hybrid_labels/3819590595495_0.json,/media/hdd2/ARCL_multicar_bags/camera_dataset/2026-05-18-v2-v4/stereo_left/EPnPv2_gt_mesh_z_hybrid_labels/3819590595495_0.json,T_map_object_raw,T_camera_object_centered,14839.774952258014,8.437983038174414,105.07397035470035
image_3819782718110,1,1143,2156,0.12890625,/media/hdd2/ARCL_multicar_bags/camera_dataset/2026-05-18-v2-v4/stereo_left/EPnPv2_gt_mesh_z_hybrid_labels/3819782718110_0.json,/media/hdd2/ARCL_multicar_bags/camera_dataset/2026-05-18-v2-v4/stereo_left/EPnPv2_gt_mesh_z_hybrid_labels/3819782718110_0.json,T_map_object_raw,T_camera_object_centered,18423.166778058327,8.50091038609416,94.31563594389009
image_3819879676733,1,1144,2179,0.125,/media/hdd2/ARCL_multicar_bags/camera_dataset/2026-05-18-v2-v4/stereo_left/EPnPv2_gt_mesh_z_hybrid_labels/3819879676733_0.json,/media/hdd2/ARCL_multicar_bags/camera_dataset/2026-05-18-v2-v4/stereo_left/EPnPv2_gt_mesh_z_hybrid_labels/3819879676733_0.json,T_map_object_raw,T_camera_object_centered,15180.666132843142,7.788965193587029,87.22115350953243
image_3819982488648,1,1145,2204,0.1328125,/media/hdd2/ARCL_multicar_bags/camera_dataset/2026-05-18-v2-v4/stereo_left/EPnPv2_gt_mesh_z_hybrid_labels/3819982488648_0.json,/media/hdd2/ARCL_multicar_bags/camera_dataset/2026-05-18-v2-v4/stereo_left/EPnPv2_gt_mesh_z_hybrid_labels/3819982488648_0.json,T_map_object_raw,T_camera_object_centered,14161.758276845783,7.85419191244355,96.69204965730466
image_3820091515755,1,1146,2226,0.12890625,/media/hdd2/ARCL_multicar_bags/camera_dataset/2026-05-18-v2-v4/stereo_left/EPnPv2_gt_mesh_z_hybrid_labels/3820091515755_0.json,/media/hdd2/ARCL_multicar_bags/camera_dataset/2026-05-18-v2-v4/stereo_left/EPnPv2_gt_mesh_z_hybrid_labels/3820091515755_0.json,T_map_object_raw,T_camera_object_centered,15070.95854644043,7.631323446972746,103.66741209539282
image_3820182702620,1,1147,2248,0.13671875,/media/hdd2/ARCL_multicar_bags/camera_dataset/2026-05-18-v2-v4/stereo_left/EPnPv2_gt_mesh_z_hybrid_labels/3820182702620_0.json,/media/hdd2/ARCL_multicar_bags/camera_dataset/2026-05-18-v2-v4/stereo_left/EPnPv2_gt_mesh_z_hybrid_labels/3820182702620_0.json,T_map_object_raw,T_camera_object_centered,17495.015798160846,7.929800556099972,99.3476544975324
image_3820282475484,1,1148,2270,0.13671875,/media/hdd2/ARCL_multicar_bags/camera_dataset/2026-05-18-v2-v4/stereo_left/EPnPv2_gt_mesh_z_hybrid_labels/3820282475484_0.json,/media/hdd2/ARCL_multicar_bags/camera_dataset/2026-05-18-v2-v4/stereo_left/EPnPv2_gt_mesh_z_hybrid_labels/3820282475484_0.json,T_map_object_raw,T_camera_object_centered,13744.543596991512,7.0976514461258144,96.23006857813293
image_3820389004894,1,1149,2293,0.13671875,/media/hdd2/ARCL_multicar_bags/camera_dataset/2026-05-18-v2-v4/stereo_left/EPnPv2_gt_mesh_z_hybrid_labels/3820389004894_0.json,/media/hdd2/ARCL_multicar_bags/camera_dataset/2026-05-18-v2-v4/stereo_left/EPnPv2_gt_mesh_z_hybrid_labels/3820389004894_0.json,T_map_object_raw,T_camera_object_centered,13524.597427640334,6.6600239298968384,107.07801503771006
image_4026981697827,1,1219,3404,0.23046875,/media/hdd2/ARCL_multicar_bags/camera_dataset/2026-05-18-v2-v4/stereo_left/EPnPv2_gt_mesh_z_hybrid_labels/4026981697827_0.json,/media/hdd2/ARCL_multicar_bags/camera_dataset/2026-05-18-v2-v4/stereo_left/EPnPv2_gt_mesh_z_hybrid_labels/4026981697827_0.json,T_map_object_raw,T_camera_object_centered,12629.317948778973,3.76443294818807,12.798487815074456
image_4027279904484,1,1221,3409,0.23046875,/media/hdd2/ARCL_multicar_bags/camera_dataset/2026-05-18-v2-v4/stereo_left/EPnPv2_gt_mesh_z_hybrid_labels/4027279904484_0.json,/media/hdd2/ARCL_multicar_bags/camera_dataset/2026-05-18-v2-v4/stereo_left/EPnPv2_gt_mesh_z_hybrid_labels/4027279904484_0.json,T_map_object_raw,T_camera_object_centered,16617.89673666654,3.32432262530621,9.595737030479109
image_4027379813626,1,1222,3411,0.24609375,/media/hdd2/ARCL_multicar_bags/camera_dataset/2026-05-18-v2-v4/stereo_left/EPnPv2_gt_mesh_z_hybrid_labels/4027379813626_0.json,/media/hdd2/ARCL_multicar_bags/camera_dataset/2026-05-18-v2-v4/stereo_left/EPnPv2_gt_mesh_z_hybrid_labels/4027379813626_0.json,T_map_object_raw,T_camera_object_centered,16247.76060052653,3.481878926130701,9.317732804325566
image_4027489729537,1,1223,3413,0.23828125,/media/hdd2/ARCL_multicar_bags/camera_dataset/2026-05-18-v2-v4/stereo_left/EPnPv2_gt_mesh_z_hybrid_labels/4027489729537_0.json,/media/hdd2/ARCL_multicar_bags/camera_dataset/2026-05-18-v2-v4/stereo_left/EPnPv2_gt_mesh_z_hybrid_labels/4027489729537_0.json,T_map_object_raw,T_camera_object_centered,13826.620578558024,3.389825590445402,7.757259766454797
image_4027581493910,1,1224,3415,0.2421875,/media/hdd2/ARCL_multicar_bags/camera_dataset/2026-05-18-v2-v4/stereo_left/EPnPv2_gt_mesh_z_hybrid_labels/4027581493910_0.json,/media/hdd2/ARCL_multicar_bags/camera_dataset/2026-05-18-v2-v4/stereo_left/EPnPv2_gt_mesh_z_hybrid_labels/4027581493910_0.json,T_map_object_raw,T_camera_object_centered,15817.907013848822,3.4033785959197083,8.42306196308284
image_4028380040205,1,1230,3429,0.25,/media/hdd2/ARCL_multicar_bags/camera_dataset/2026-05-18-v2-v4/stereo_left/EPnPv2_gt_mesh_z_hybrid_labels/4028380040205_0.json,/media/hdd2/ARCL_multicar_bags/camera_dataset/2026-05-18-v2-v4/stereo_left/EPnPv2_gt_mesh_z_hybrid_labels/4028380040205_0.json,T_map_object_raw,T_camera_object_centered,19701.95751035384,2.998320258764129,2.2396041603017203
image_4028488063337,1,1231,3431,0.2421875,/media/hdd2/ARCL_multicar_bags/camera_dataset/2026-05-18-v2-v4/stereo_left/EPnPv2_gt_mesh_z_hybrid_labels/4028488063337_0.json,/media/hdd2/ARCL_multicar_bags/camera_dataset/2026-05-18-v2-v4/stereo_left/EPnPv2_gt_mesh_z_hybrid_labels/4028488063337_0.json,T_map_object_raw,T_camera_object_centered,13465.202851046908,3.063912097807347,5.528898504766121
image_4028579387611,1,1232,3433,0.2109375,/media/hdd2/ARCL_multicar_bags/camera_dataset/2026-05-18-v2-v4/stereo_left/EPnPv2_gt_mesh_z_hybrid_labels/4028579387611_0.json,/media/hdd2/ARCL_multicar_bags/camera_dataset/2026-05-18-v2-v4/stereo_left/EPnPv2_gt_mesh_z_hybrid_labels/4028579387611_0.json,T_map_object_raw,T_camera_object_centered,13834.286217953828,3.533103780247186,4.077285873559282
image_4028689441669,1,1233,3435,0.24609375,/media/hdd2/ARCL_multicar_bags/camera_dataset/2026-05-18-v2-v4/stereo_left/EPnPv2_gt_mesh_z_hybrid_labels/4028689441669_0.json,/media/hdd2/ARCL_multicar_bags/camera_dataset/2026-05-18-v2-v4/stereo_left/EPnPv2_gt_mesh_z_hybrid_labels/4028689441669_0.json,T_map_object_raw,T_camera_object_centered,15913.383538986758,4.222625653829646,2.5918325457437787
image_4028878709347,1,1235,3440,0.20703125,/media/hdd2/ARCL_multicar_bags/camera_dataset/2026-05-18-v2-v4/stereo_left/EPnPv2_gt_mesh_z_hybrid_labels/4028878709347_0.json,/media/hdd2/ARCL_multicar_bags/camera_dataset/2026-05-18-v2-v4/stereo_left/EPnPv2_gt_mesh_z_hybrid_labels/4028878709347_0.json,T_map_object_raw,T_camera_object_centered,20562.073398349505,3.0098296499153787,1.7072777855518952
image_4029280245919,1,1239,3448,0.19140625,/media/hdd2/ARCL_multicar_bags/camera_dataset/2026-05-18-v2-v4/stereo_left/EPnPv2_gt_mesh_z_hybrid_labels/4029280245919_0.json,/media/hdd2/ARCL_multicar_bags/camera_dataset/2026-05-18-v2-v4/stereo_left/EPnPv2_gt_mesh_z_hybrid_labels/4029280245919_0.json,T_map_object_raw,T_camera_object_centered,14698.165537443387,3.2617206297401893,4.906175094686805
image_4029493748004,1,1241,3453,0.2265625,/media/hdd2/ARCL_multicar_bags/camera_dataset/2026-05-18-v2-v4/stereo_left/EPnPv2_gt_mesh_z_hybrid_labels/4029493748004_0.json,/media/hdd2/ARCL_multicar_bags/camera_dataset/2026-05-18-v2-v4/stereo_left/EPnPv2_gt_mesh_z_hybrid_labels/4029493748004_0.json,T_map_object_raw,T_camera_object_centered,14783.147035548072,4.054301708003231,3.949764195545628
image_4029602484794,1,1242,3455,0.21875,/media/hdd2/ARCL_multicar_bags/camera_dataset/2026-05-18-v2-v4/stereo_left/EPnPv2_gt_mesh_z_hybrid_labels/4029602484794_0.json,/media/hdd2/ARCL_multicar_bags/camera_dataset/2026-05-18-v2-v4/stereo_left/EPnPv2_gt_mesh_z_hybrid_labels/4029602484794_0.json,T_map_object_raw,T_camera_object_centered,16989.929701041132,3.330653821721258,1.6598332018730093
image_4029680179150,1,1243,3457,0.24609375,/media/hdd2/ARCL_multicar_bags/camera_dataset/2026-05-18-v2-v4/stereo_left/EPnPv2_gt_mesh_z_hybrid_labels/4029680179150_0.json,/media/hdd2/ARCL_multicar_bags/camera_dataset/2026-05-18-v2-v4/stereo_left/EPnPv2_gt_mesh_z_hybrid_labels/4029680179150_0.json,T_map_object_raw,T_camera_object_centered,16842.63113091921,3.8052905472604306,3.2820686141757163
image_4029778700717,1,1244,3459,0.203125,/media/hdd2/ARCL_multicar_bags/camera_dataset/2026-05-18-v2-v4/stereo_left/EPnPv2_gt_mesh_z_hybrid_labels/4029778700717_0.json,/media/hdd2/ARCL_multicar_bags/camera_dataset/2026-05-18-v2-v4/stereo_left/EPnPv2_gt_mesh_z_hybrid_labels/4029778700717_0.json,T_map_object_raw,T_camera_object_centered,14686.023776997117,3.41844855243501,5.480155266360338
image_4030582517671,1,1252,3477,0.20703125,/media/hdd2/ARCL_multicar_bags/camera_dataset/2026-05-18-v2-v4/stereo_left/EPnPv2_gt_mesh_z_hybrid_labels/4030582517671_0.json,/media/hdd2/ARCL_multicar_bags/camera_dataset/2026-05-18-v2-v4/stereo_left/EPnPv2_gt_mesh_z_hybrid_labels/4030582517671_0.json,T_map_object_raw,T_camera_object_centered,13838.83535243837,3.896409260968162,3.9523381342755237
image_4030702363121,1,1253,3479,0.19921875,/media/hdd2/ARCL_multicar_bags/camera_dataset/2026-05-18-v2-v4/stereo_left/EPnPv2_gt_mesh_z_hybrid_labels/4030702363121_0.json,/media/hdd2/ARCL_multicar_bags/camera_dataset/2026-05-18-v2-v4/stereo_left/EPnPv2_gt_mesh_z_hybrid_labels/4030702363121_0.json,T_map_object_raw,T_camera_object_centered,15322.740374848134,3.370842762862242,3.4276946741190013
image_4031383068647,1,1260,3496,0.171875,/media/hdd2/ARCL_multicar_bags/camera_dataset/2026-05-18-v2-v4/stereo_left/EPnPv2_gt_mesh_z_hybrid_labels/4031383068647_0.json,/media/hdd2/ARCL_multicar_bags/camera_dataset/2026-05-18-v2-v4/stereo_left/EPnPv2_gt_mesh_z_hybrid_labels/4031383068647_0.json,T_map_object_raw,T_camera_object_centered,17308.98402501578,3.0304571079152804,0.7520496701668562
image_4031582157091,1,1261,3498,0.19140625,/media/hdd2/ARCL_multicar_bags/camera_dataset/2026-05-18-v2-v4/stereo_left/EPnPv2_gt_mesh_z_hybrid_labels/4031582157091_0.json,/media/hdd2/ARCL_multicar_bags/camera_dataset/2026-05-18-v2-v4/stereo_left/EPnPv2_gt_mesh_z_hybrid_labels/4031582157091_0.json,T_map_object_raw,T_camera_object_centered,12697.565276167028,3.3359015552810085,4.626198701503377
image_4031697097510,1,1262,3500,0.1796875,/media/hdd2/ARCL_multicar_bags/camera_dataset/2026-05-18-v2-v4/stereo_left/EPnPv2_gt_mesh_z_hybrid_labels/4031697097510_0.json,/media/hdd2/ARCL_multicar_bags/camera_dataset/2026-05-18-v2-v4/stereo_left/EPnPv2_gt_mesh_z_hybrid_labels/4031697097510_0.json,T_map_object_raw,T_camera_object_centered,16661.524220100142,3.2151574526068525,2.99316172811582
image_4031884888058,1,1263,3503,0.171875,/media/hdd2/ARCL_multicar_bags/camera_dataset/2026-05-18-v2-v4/stereo_left/EPnPv2_gt_mesh_z_hybrid_labels/4031884888058_0.json,/media/hdd2/ARCL_multicar_bags/camera_dataset/2026-05-18-v2-v4/stereo_left/EPnPv2_gt_mesh_z_hybrid_labels/4031884888058_0.json,T_map_object_raw,T_camera_object_centered,13934.388998398592,3.1194020581875725,3.0542185178495225
image_4031981165298,1,1264,3505,0.19921875,/media/hdd2/ARCL_multicar_bags/camera_dataset/2026-05-18-v2-v4/stereo_left/EPnPv2_gt_mesh_z_hybrid_labels/4031981165298_0.json,/media/hdd2/ARCL_multicar_bags/camera_dataset/2026-05-18-v2-v4/stereo_left/EPnPv2_gt_mesh_z_hybrid_labels/4031981165298_0.json,T_map_object_raw,T_camera_object_centered,14399.839459026958,3.1181203675890856,6.008772168667379
image_4038879501301,1,1326,3643,0.18359375,/media/hdd2/ARCL_multicar_bags/camera_dataset/2026-05-18-v2-v4/stereo_left/EPnPv2_gt_mesh_z_hybrid_labels/4038879501301_0.json,/media/hdd2/ARCL_multicar_bags/camera_dataset/2026-05-18-v2-v4/stereo_left/EPnPv2_gt_mesh_z_hybrid_labels/4038879501301_0.json,T_map_object_raw,T_camera_object_centered,14539.103901646753,2.9374179146789894,7.63491568279515
image_4039382959238,1,1331,3654,0.19140625,/media/hdd2/ARCL_multicar_bags/camera_dataset/2026-05-18-v2-v4/stereo_left/EPnPv2_gt_mesh_z_hybrid_labels/4039382959238_0.json,/media/hdd2/ARCL_multicar_bags/camera_dataset/2026-05-18-v2-v4/stereo_left/EPnPv2_gt_mesh_z_hybrid_labels/4039382959238_0.json,T_map_object_raw,T_camera_object_centered,17909.488821697523,3.690209935663707,1.9977141437079449
image_4039684163024,1,1334,3660,0.19140625,/media/hdd2/ARCL_multicar_bags/camera_dataset/2026-05-18-v2-v4/stereo_left/EPnPv2_gt_mesh_z_hybrid_labels/4039684163024_0.json,/media/hdd2/ARCL_multicar_bags/camera_dataset/2026-05-18-v2-v4/stereo_left/EPnPv2_gt_mesh_z_hybrid_labels/4039684163024_0.json,T_map_object_raw,T_camera_object_centered,17470.52705375458,3.6342762715046684,4.307245456332012
image_4040680416689,1,1341,3682,0.22265625,/media/hdd2/ARCL_multicar_bags/camera_dataset/2026-05-18-v2-v4/stereo_left/EPnPv2_gt_mesh_z_hybrid_labels/4040680416689_0.json,/media/hdd2/ARCL_multicar_bags/camera_dataset/2026-05-18-v2-v4/stereo_left/EPnPv2_gt_mesh_z_hybrid_labels/4040680416689_0.json,T_map_object_raw,T_camera_object_centered,20481.964356413766,4.185150898845421,0.9360834414302801
image_4041082799133,1,1345,3695,0.24609375,/media/hdd2/ARCL_multicar_bags/camera_dataset/2026-05-18-v2-v4/stereo_left/EPnPv2_gt_mesh_z_hybrid_labels/4041082799133_0.json,/media/hdd2/ARCL_multicar_bags/camera_dataset/2026-05-18-v2-v4/stereo_left/EPnPv2_gt_mesh_z_hybrid_labels/4041082799133_0.json,T_map_object_raw,T_camera_object_centered,18760.57682020392,3.8654044601934117,1.5201538840357383
image_4041182215017,1,1346,3698,0.203125,/media/hdd2/ARCL_multicar_bags/camera_dataset/2026-05-18-v2-v4/stereo_left/EPnPv2_gt_mesh_z_hybrid_labels/4041182215017_0.json,/media/hdd2/ARCL_multicar_bags/camera_dataset/2026-05-18-v2-v4/stereo_left/EPnPv2_gt_mesh_z_hybrid_labels/4041182215017_0.json,T_map_object_raw,T_camera_object_centered,17468.89056379614,3.9552857631784506,1.5059470954553122
image_4041379652438,1,1348,3704,0.28125,/media/hdd2/ARCL_multicar_bags/camera_dataset/2026-05-18-v2-v4/stereo_left/EPnPv2_gt_mesh_z_hybrid_labels/4041379652438_0.json,/media/hdd2/ARCL_multicar_bags/camera_dataset/2026-05-18-v2-v4/stereo_left/EPnPv2_gt_mesh_z_hybrid_labels/4041379652438_0.json,T_map_object_raw,T_camera_object_centered,20423.392558007625,5.140744390851304,6.497003662550845
image_4045289770782,1,1381,3780,0.21484375,/media/hdd2/ARCL_multicar_bags/camera_dataset/2026-05-18-v2-v4/stereo_left/EPnPv2_gt_mesh_z_hybrid_labels/4045289770782_0.json,/media/hdd2/ARCL_multicar_bags/camera_dataset/2026-05-18-v2-v4/stereo_left/EPnPv2_gt_mesh_z_hybrid_labels/4045289770782_0.json,T_map_object_raw,T_camera_object_centered,20182.329706322453,3.260213812808512,10.975930746459085
image_4045582436017,1,1384,3786,0.234375,/media/hdd2/ARCL_multicar_bags/camera_dataset/2026-05-18-v2-v4/stereo_left/EPnPv2_gt_mesh_z_hybrid_labels/4045582436017_0.json,/media/hdd2/ARCL_multicar_bags/camera_dataset/2026-05-18-v2-v4/stereo_left/EPnPv2_gt_mesh_z_hybrid_labels/4045582436017_0.json,T_map_object_raw,T_camera_object_centered,18506.41691703121,2.2206690796494124,11.539942616863659
image_4046179999430,1,1390,3800,0.23828125,/media/hdd2/ARCL_multicar_bags/camera_dataset/2026-05-18-v2-v4/stereo_left/EPnPv2_gt_mesh_z_hybrid_labels/4046179999430_0.json,/media/hdd2/ARCL_multicar_bags/camera_dataset/2026-05-18-v2-v4/stereo_left/EPnPv2_gt_mesh_z_hybrid_labels/4046179999430_0.json,T_map_object_raw,T_camera_object_centered,20121.586837770144,3.103046693580972,12.545925327215095
image_4046378866895,1,1392,3804,0.1796875,/media/hdd2/ARCL_multicar_bags/camera_dataset/2026-05-18-v2-v4/stereo_left/EPnPv2_gt_mesh_z_hybrid_labels/4046378866895_0.json,/media/hdd2/ARCL_multicar_bags/camera_dataset/2026-05-18-v2-v4/stereo_left/EPnPv2_gt_mesh_z_hybrid_labels/4046378866895_0.json,T_map_object_raw,T_camera_object_centered,16655.551775614967,2.341718709384659,12.627259246532722
image_4046479528572,1,1393,3806,0.19921875,/media/hdd2/ARCL_multicar_bags/camera_dataset/2026-05-18-v2-v4/stereo_left/EPnPv2_gt_mesh_z_hybrid_labels/4046479528572_0.json,/media/hdd2/ARCL_multicar_bags/camera_dataset/2026-05-18-v2-v4/stereo_left/EPnPv2_gt_mesh_z_hybrid_labels/4046479528572_0.json,T_map_object_raw,T_camera_object_centered,19438.844573594135,3.6941723975228795,15.804249578912582
image_4046783055587,1,1396,3813,0.19921875,/media/hdd2/ARCL_multicar_bags/camera_dataset/2026-05-18-v2-v4/stereo_left/EPnPv2_gt_mesh_z_hybrid_labels/4046783055587_0.json,/media/hdd2/ARCL_multicar_bags/camera_dataset/2026-05-18-v2-v4/stereo_left/EPnPv2_gt_mesh_z_hybrid_labels/4046783055587_0.json,T_map_object_raw,T_camera_object_centered,15874.6507268713,2.186433952073229,9.887847693946782
image_4047382561451,1,1402,3826,0.23828125,/media/hdd2/ARCL_multicar_bags/camera_dataset/2026-05-18-v2-v4/stereo_left/EPnPv2_gt_mesh_z_hybrid_labels/4047382561451_0.json,/media/hdd2/ARCL_multicar_bags/camera_dataset/2026-05-18-v2-v4/stereo_left/EPnPv2_gt_mesh_z_hybrid_labels/4047382561451_0.json,T_map_object_raw,T_camera_object_centered,19871.219779585288,2.738108752690358,12.634540565362535
image_4047884254517,1,1407,3838,0.22265625,/media/hdd2/ARCL_multicar_bags/camera_dataset/2026-05-18-v2-v4/stereo_left/EPnPv2_gt_mesh_z_hybrid_labels/4047884254517_0.json,/media/hdd2/ARCL_multicar_bags/camera_dataset/2026-05-18-v2-v4/stereo_left/EPnPv2_gt_mesh_z_hybrid_labels/4047884254517_0.json,T_map_object_raw,T_camera_object_centered,17730.320752392065,4.933253532706087,11.103991909970166
image_4048683463683,1,1415,3856,0.234375,/media/hdd2/ARCL_multicar_bags/camera_dataset/2026-05-18-v2-v4/stereo_left/EPnPv2_gt_mesh_z_hybrid_labels/4048683463683_0.json,/media/hdd2/ARCL_multicar_bags/camera_dataset/2026-05-18-v2-v4/stereo_left/EPnPv2_gt_mesh_z_hybrid_labels/4048683463683_0.json,T_map_object_raw,T_camera_object_centered,19516.406497806754,9.676044986445273,8.127841721003987
image_4048879575230,1,1417,3862,0.23828125,/media/hdd2/ARCL_multicar_bags/camera_dataset/2026-05-18-v2-v4/stereo_left/EPnPv2_gt_mesh_z_hybrid_labels/4048879575230_0.json,/media/hdd2/ARCL_multicar_bags/camera_dataset/2026-05-18-v2-v4/stereo_left/EPnPv2_gt_mesh_z_hybrid_labels/4048879575230_0.json,T_map_object_raw,T_camera_object_centered,17199.460313448926,11.14584169849014,8.224917429676099
image_4048879575230,1,1417,3862,0.23828125,/media/hdd2/ARCL_multicar_bags/camera_dataset/2026-05-18-v2-v4/stereo_left/EPnPv2_gt_mesh_z_hybrid_labels/4048879575230_1.json,/media/hdd2/ARCL_multicar_bags/camera_dataset/2026-05-18-v2-v4/stereo_left/EPnPv2_gt_mesh_z_hybrid_labels/4048879575230_1.json,T_map_object_raw,T_camera_object_centered,17199.460313448926,11.14584169849014,8.224917429676099
image_4048983221041,1,1418,3865,0.16796875,/media/hdd2/ARCL_multicar_bags/camera_dataset/2026-05-18-v2-v4/stereo_left/EPnPv2_gt_mesh_z_hybrid_labels/4048983221041_0.json,/media/hdd2/ARCL_multicar_bags/camera_dataset/2026-05-18-v2-v4/stereo_left/EPnPv2_gt_mesh_z_hybrid_labels/4048983221041_0.json,T_map_object_raw,T_camera_object_centered,13879.784290040765,12.454209902617155,11.438991734258186
image_4048983221041,1,1418,3865,0.16796875,/media/hdd2/ARCL_multicar_bags/camera_dataset/2026-05-18-v2-v4/stereo_left/EPnPv2_gt_mesh_z_hybrid_labels/4048983221041_1.json,/media/hdd2/ARCL_multicar_bags/camera_dataset/2026-05-18-v2-v4/stereo_left/EPnPv2_gt_mesh_z_hybrid_labels/4048983221041_1.json,T_map_object_raw,T_camera_object_centered,13879.784290040765,12.454209902617155,11.438991734258186
image_4068382840427,1,1465,3987,0.24609375,/media/hdd2/ARCL_multicar_bags/camera_dataset/2026-05-18-v2-v4/stereo_left/EPnPv2_gt_mesh_z_hybrid_labels/4068382840427_0.json,/media/hdd2/ARCL_multicar_bags/camera_dataset/2026-05-18-v2-v4/stereo_left/EPnPv2_gt_mesh_z_hybrid_labels/4068382840427_0.json,T_map_object_raw,T_camera_object_centered,17954.368695044228,14.291583140602368,14.579414188156901
image_4068780698193,1,1469,3995,0.27734375,/media/hdd2/ARCL_multicar_bags/camera_dataset/2026-05-18-v2-v4/stereo_left/EPnPv2_gt_mesh_z_hybrid_labels/4068780698193_0.json,/media/hdd2/ARCL_multicar_bags/camera_dataset/2026-05-18-v2-v4/stereo_left/EPnPv2_gt_mesh_z_hybrid_labels/4068780698193_0.json,T_map_object_raw,T_camera_object_centered,20017.749084399537,12.453896185546183,27.257655615948842
image_4069779319657,1,1477,4013,0.23046875,/media/hdd2/ARCL_multicar_bags/camera_dataset/2026-05-18-v2-v4/stereo_left/EPnPv2_gt_mesh_z_hybrid_labels/4069779319657_0.json,/media/hdd2/ARCL_multicar_bags/camera_dataset/2026-05-18-v2-v4/stereo_left/EPnPv2_gt_mesh_z_hybrid_labels/4069779319657_0.json,T_map_object_raw,T_camera_object_centered,19332.928241943653,11.45589725347602,20.923981119725838
image_4069902808349,1,1478,4015,0.203125,/media/hdd2/ARCL_multicar_bags/camera_dataset/2026-05-18-v2-v4/stereo_left/EPnPv2_gt_mesh_z_hybrid_labels/4069902808349_0.json,/media/hdd2/ARCL_multicar_bags/camera_dataset/2026-05-18-v2-v4/stereo_left/EPnPv2_gt_mesh_z_hybrid_labels/4069902808349_0.json,T_map_object_raw,T_camera_object_centered,18323.876955468,11.840378434418795,20.698633242792006
image_4069986549007,1,1479,4017,0.2109375,/media/hdd2/ARCL_multicar_bags/camera_dataset/2026-05-18-v2-v4/stereo_left/EPnPv2_gt_mesh_z_hybrid_labels/4069986549007_0.json,/media/hdd2/ARCL_multicar_bags/camera_dataset/2026-05-18-v2-v4/stereo_left/EPnPv2_gt_mesh_z_hybrid_labels/4069986549007_0.json,T_map_object_raw,T_camera_object_centered,16794.491488055504,12.386852760419371,19.759772736348364
image_4070187992055,1,1480,4020,0.12109375,/media/hdd2/ARCL_multicar_bags/camera_dataset/2026-05-18-v2-v4/stereo_left/EPnPv2_gt_mesh_z_hybrid_labels/4070187992055_0.json,/media/hdd2/ARCL_multicar_bags/camera_dataset/2026-05-18-v2-v4/stereo_left/EPnPv2_gt_mesh_z_hybrid_labels/4070187992055_0.json,T_map_object_raw,T_camera_object_centered,17862.32105759597,13.60395713357492,17.318017494859298
image_4085486349634,1,1525,39,0.2265625,/media/hdd2/ARCL_multicar_bags/camera_dataset/2026-05-18-v2-v4/stereo_left/EPnPv2_gt_mesh_z_hybrid_labels/4085486349634_0.json,/media/hdd2/ARCL_multicar_bags/camera_dataset/2026-05-18-v2-v4/stereo_left/EPnPv2_gt_mesh_z_hybrid_labels/4085486349634_0.json,T_map_object_raw,T_camera_object_centered,17669.694205962463,2.353367656062436,7.069325103466582
image_4086180201161,1,1531,53,0.23828125,/media/hdd2/ARCL_multicar_bags/camera_dataset/2026-05-18-v2-v4/stereo_left/EPnPv2_gt_mesh_z_hybrid_labels/4086180201161_0.json,/media/hdd2/ARCL_multicar_bags/camera_dataset/2026-05-18-v2-v4/stereo_left/EPnPv2_gt_mesh_z_hybrid_labels/4086180201161_0.json,T_map_object_raw,T_camera_object_centered,17798.770621428903,12.42465901902763,12.374767478472792
image_4086383394852,1,1533,57,0.2578125,/media/hdd2/ARCL_multicar_bags/camera_dataset/2026-05-18-v2-v4/stereo_left/EPnPv2_gt_mesh_z_hybrid_labels/4086383394852_0.json,/media/hdd2/ARCL_multicar_bags/camera_dataset/2026-05-18-v2-v4/stereo_left/EPnPv2_gt_mesh_z_hybrid_labels/4086383394852_0.json,T_map_object_raw,T_camera_object_centered,16698.399733562375,10.673783853658753,8.864516908325756
image_4086488915657,1,1534,59,0.26953125,/media/hdd2/ARCL_multicar_bags/camera_dataset/2026-05-18-v2-v4/stereo_left/EPnPv2_gt_mesh_z_hybrid_labels/4086488915657_0.json,/media/hdd2/ARCL_multicar_bags/camera_dataset/2026-05-18-v2-v4/stereo_left/EPnPv2_gt_mesh_z_hybrid_labels/4086488915657_0.json,T_map_object_raw,T_camera_object_centered,17893.787370791015,9.596962275070185,4.3407071401617445
image_4086690540001,1,1536,64,0.25,/media/hdd2/ARCL_multicar_bags/camera_dataset/2026-05-18-v2-v4/stereo_left/EPnPv2_gt_mesh_z_hybrid_labels/4086690540001_0.json,/media/hdd2/ARCL_multicar_bags/camera_dataset/2026-05-18-v2-v4/stereo_left/EPnPv2_gt_mesh_z_hybrid_labels/4086690540001_0.json,T_map_object_raw,T_camera_object_centered,18234.32222582748,8.144546461599408,3.2757710755140064
image_4087689961361,1,1543,79,0.2734375,/media/hdd2/ARCL_multicar_bags/camera_dataset/2026-05-18-v2-v4/stereo_left/EPnPv2_gt_mesh_z_hybrid_labels/4087689961361_0.json,/media/hdd2/ARCL_multicar_bags/camera_dataset/2026-05-18-v2-v4/stereo_left/EPnPv2_gt_mesh_z_hybrid_labels/4087689961361_0.json,T_map_object_raw,T_camera_object_centered,19254.331736657172,3.592453692886251,8.595315978162755
image_4088182476080,1,1547,88,0.25390625,/media/hdd2/ARCL_multicar_bags/camera_dataset/2026-05-18-v2-v4/stereo_left/EPnPv2_gt_mesh_z_hybrid_labels/4088182476080_0.json,/media/hdd2/ARCL_multicar_bags/camera_dataset/2026-05-18-v2-v4/stereo_left/EPnPv2_gt_mesh_z_hybrid_labels/4088182476080_0.json,T_map_object_raw,T_camera_object_centered,19056.791713250655,3.1499185707175408,10.475310890467238
image_4088779197972,1,1551,97,0.24609375,/media/hdd2/ARCL_multicar_bags/camera_dataset/2026-05-18-v2-v4/stereo_left/EPnPv2_gt_mesh_z_hybrid_labels/4088779197972_0.json,/media/hdd2/ARCL_multicar_bags/camera_dataset/2026-05-18-v2-v4/stereo_left/EPnPv2_gt_mesh_z_hybrid_labels/4088779197972_0.json,T_map_object_raw,T_camera_object_centered,18270.266074104893,3.2695702772007307,14.47780550158448
image_4088987488947,1,1552,99,0.2421875,/media/hdd2/ARCL_multicar_bags/camera_dataset/2026-05-18-v2-v4/stereo_left/EPnPv2_gt_mesh_z_hybrid_labels/4088987488947_0.json,/media/hdd2/ARCL_multicar_bags/camera_dataset/2026-05-18-v2-v4/stereo_left/EPnPv2_gt_mesh_z_hybrid_labels/4088987488947_0.json,T_map_object_raw,T_camera_object_centered,20230.692169280053,3.2537780357825645,12.546029930095413
image_4089081116417,1,1553,101,0.25390625,/media/hdd2/ARCL_multicar_bags/camera_dataset/2026-05-18-v2-v4/stereo_left/EPnPv2_gt_mesh_z_hybrid_labels/4089081116417_0.json,/media/hdd2/ARCL_multicar_bags/camera_dataset/2026-05-18-v2-v4/stereo_left/EPnPv2_gt_mesh_z_hybrid_labels/4089081116417_0.json,T_map_object_raw,T_camera_object_centered,19583.153187036994,3.6348950475318103,12.195108465385003
image_4089481755478,1,1556,108,0.234375,/media/hdd2/ARCL_multicar_bags/camera_dataset/2026-05-18-v2-v4/stereo_left/EPnPv2_gt_mesh_z_hybrid_labels/4089481755478_0.json,/media/hdd2/ARCL_multicar_bags/camera_dataset/2026-05-18-v2-v4/stereo_left/EPnPv2_gt_mesh_z_hybrid_labels/4089481755478_0.json,T_map_object_raw,T_camera_object_centered,18675.67026596557,3.409382223864516,14.641521681024292
image_4089679244111,1,1558,112,0.24609375,/media/hdd2/ARCL_multicar_bags/camera_dataset/2026-05-18-v2-v4/stereo_left/EPnPv2_gt_mesh_z_hybrid_labels/4089679244111_0.json,/media/hdd2/ARCL_multicar_bags/camera_dataset/2026-05-18-v2-v4/stereo_left/EPnPv2_gt_mesh_z_hybrid_labels/4089679244111_0.json,T_map_object_raw,T_camera_object_centered,19214.43228041426,4.165909900636387,19.67891363624681
image_4089980922993,1,1561,120,0.25,/media/hdd2/ARCL_multicar_bags/camera_dataset/2026-05-18-v2-v4/stereo_left/EPnPv2_gt_mesh_z_hybrid_labels/4089980922993_0.json,/media/hdd2/ARCL_multicar_bags/camera_dataset/2026-05-18-v2-v4/stereo_left/EPnPv2_gt_mesh_z_hybrid_labels/4089980922993_0.json,T_map_object_raw,T_camera_object_centered,18209.698617503742,3.0810317473979456,18.05450505160693
image_4090079160828,1,1562,122,0.2421875,/media/hdd2/ARCL_multicar_bags/camera_dataset/2026-05-18-v2-v4/stereo_left/EPnPv2_gt_mesh_z_hybrid_labels/4090079160828_0.json,/media/hdd2/ARCL_multicar_bags/camera_dataset/2026-05-18-v2-v4/stereo_left/EPnPv2_gt_mesh_z_hybrid_labels/4090079160828_0.json,T_map_object_raw,T_camera_object_centered,20321.672252806904,3.27155177333704,19.303492535570822
image_4090180812335,1,1563,124,0.22265625,/media/hdd2/ARCL_multicar_bags/camera_dataset/2026-05-18-v2-v4/stereo_left/EPnPv2_gt_mesh_z_hybrid_labels/4090180812335_0.json,/media/hdd2/ARCL_multicar_bags/camera_dataset/2026-05-18-v2-v4/stereo_left/EPnPv2_gt_mesh_z_hybrid_labels/4090180812335_0.json,T_map_object_raw,T_camera_object_centered,20080.274603160837,3.283183651998627,16.214016329120717
image_4090281430034,1,1564,126,0.23046875,/media/hdd2/ARCL_multicar_bags/camera_dataset/2026-05-18-v2-v4/stereo_left/EPnPv2_gt_mesh_z_hybrid_labels/4090281430034_0.json,/media/hdd2/ARCL_multicar_bags/camera_dataset/2026-05-18-v2-v4/stereo_left/EPnPv2_gt_mesh_z_hybrid_labels/4090281430034_0.json,T_map_object_raw,T_camera_object_centered,18752.005218363094,3.094602900463341,17.561740552852477
image_4090378867090,1,1565,128,0.23828125,/media/hdd2/ARCL_multicar_bags/camera_dataset/2026-05-18-v2-v4/stereo_left/EPnPv2_gt_mesh_z_hybrid_labels/4090378867090_0.json,/media/hdd2/ARCL_multicar_bags/camera_dataset/2026-05-18-v2-v4/stereo_left/EPnPv2_gt_mesh_z_hybrid_labels/4090378867090_0.json,T_map_object_raw,T_camera_object_centered,18939.2662669131,3.1069946865821345,18.867927416274206
image_4090480385728,1,1566,131,0.24609375,/media/hdd2/ARCL_multicar_bags/camera_dataset/2026-05-18-v2-v4/stereo_left/EPnPv2_gt_mesh_z_hybrid_labels/4090480385728_0.json,/media/hdd2/ARCL_multicar_bags/camera_dataset/2026-05-18-v2-v4/stereo_left/EPnPv2_gt_mesh_z_hybrid_labels/4090480385728_0.json,T_map_object_raw,T_camera_object_centered,18635.87306980469,3.2501823374621255,18.24983938757925
image_4090689509367,1,1568,135,0.25,/media/hdd2/ARCL_multicar_bags/camera_dataset/2026-05-18-v2-v4/stereo_left/EPnPv2_gt_mesh_z_hybrid_labels/4090689509367_0.json,/media/hdd2/ARCL_multicar_bags/camera_dataset/2026-05-18-v2-v4/stereo_left/EPnPv2_gt_mesh_z_hybrid_labels/4090689509367_0.json,T_map_object_raw,T_camera_object_centered,18768.91879955024,3.272196765576266,17.149240574931486
image_4090802946537,1,1569,137,0.26171875,/media/hdd2/ARCL_multicar_bags/camera_dataset/2026-05-18-v2-v4/stereo_left/EPnPv2_gt_mesh_z_hybrid_labels/4090802946537_0.json,/media/hdd2/ARCL_multicar_bags/camera_dataset/2026-05-18-v2-v4/stereo_left/EPnPv2_gt_mesh_z_hybrid_labels/4090802946537_0.json,T_map_object_raw,T_camera_object_centered,18318.893851342546,3.6520476296652733,20.52470854257224
image_4090886220612,1,1570,139,0.25,/media/hdd2/ARCL_multicar_bags/camera_dataset/2026-05-18-v2-v4/stereo_left/EPnPv2_gt_mesh_z_hybrid_labels/4090886220612_0.json,/media/hdd2/ARCL_multicar_bags/camera_dataset/2026-05-18-v2-v4/stereo_left/EPnPv2_gt_mesh_z_hybrid_labels/4090886220612_0.json,T_map_object_raw,T_camera_object_centered,19581.1638958859,3.670150549232428,17.671762760923585
image_4090994118973,1,1571,142,0.2421875,/media/hdd2/ARCL_multicar_bags/camera_dataset/2026-05-18-v2-v4/stereo_left/EPnPv2_gt_mesh_z_hybrid_labels/4090994118973_0.json,/media/hdd2/ARCL_multicar_bags/camera_dataset/2026-05-18-v2-v4/stereo_left/EPnPv2_gt_mesh_z_hybrid_labels/4090994118973_0.json,T_map_object_raw,T_camera_object_centered,19472.81317497287,3.017895236096397,21.012438492688798
image_4091080312155,1,1572,144,0.26171875,/media/hdd2/ARCL_multicar_bags/camera_dataset/2026-05-18-v2-v4/stereo_left/EPnPv2_gt_mesh_z_hybrid_labels/4091080312155_0.json,/media/hdd2/ARCL_multicar_bags/camera_dataset/2026-05-18-v2-v4/stereo_left/EPnPv2_gt_mesh_z_hybrid_labels/4091080312155_0.json,T_map_object_raw,T_camera_object_centered,17901.132062718698,3.1919239442569385,19.534657627000787
image_4091194468238,1,1573,146,0.22265625,/media/hdd2/ARCL_multicar_bags/camera_dataset/2026-05-18-v2-v4/stereo_left/EPnPv2_gt_mesh_z_hybrid_labels/4091194468238_0.json,/media/hdd2/ARCL_multicar_bags/camera_dataset/2026-05-18-v2-v4/stereo_left/EPnPv2_gt_mesh_z_hybrid_labels/4091194468238_0.json,T_map_object_raw,T_camera_object_centered,14370.751144699805,3.166847838086003,17.874270878352267
image_4091679304251,1,1578,157,0.2421875,/media/hdd2/ARCL_multicar_bags/camera_dataset/2026-05-18-v2-v4/stereo_left/EPnPv2_gt_mesh_z_hybrid_labels/4091679304251_0.json,/media/hdd2/ARCL_multicar_bags/camera_dataset/2026-05-18-v2-v4/stereo_left/EPnPv2_gt_mesh_z_hybrid_labels/4091679304251_0.json,T_map_object_raw,T_camera_object_centered,19247.65397046963,2.8535540841761886,15.17878018220581
image_4092978973504,1,1589,181,0.26171875,/media/hdd2/ARCL_multicar_bags/camera_dataset/2026-05-18-v2-v4/stereo_left/EPnPv2_gt_mesh_z_hybrid_labels/4092978973504_0.json,/media/hdd2/ARCL_multicar_bags/camera_dataset/2026-05-18-v2-v4/stereo_left/EPnPv2_gt_mesh_z_hybrid_labels/4092978973504_0.json,T_map_object_raw,T_camera_object_centered,19958.95409805002,2.7995156713600484,19.055037111185374
image_4093978981713,1,1597,199,0.26953125,/media/hdd2/ARCL_multicar_bags/camera_dataset/2026-05-18-v2-v4/stereo_left/EPnPv2_gt_mesh_z_hybrid_labels/4093978981713_0.json,/media/hdd2/ARCL_multicar_bags/camera_dataset/2026-05-18-v2-v4/stereo_left/EPnPv2_gt_mesh_z_hybrid_labels/4093978981713_0.json,T_map_object_raw,T_camera_object_centered,19579.055783904616,11.380301222847752,21.95248852758154
image_4093978981713,1,1597,199,0.26953125,/media/hdd2/ARCL_multicar_bags/camera_dataset/2026-05-18-v2-v4/stereo_left/EPnPv2_gt_mesh_z_hybrid_labels/4093978981713_1.json,/media/hdd2/ARCL_multicar_bags/camera_dataset/2026-05-18-v2-v4/stereo_left/EPnPv2_gt_mesh_z_hybrid_labels/4093978981713_1.json,T_map_object_raw,T_camera_object_centered,19579.055783904616,11.380301222847752,21.95248852758154
image_4094190977720,1,1599,203,0.27734375,/media/hdd2/ARCL_multicar_bags/camera_dataset/2026-05-18-v2-v4/stereo_left/EPnPv2_gt_mesh_z_hybrid_labels/4094190977720_0.json,/media/hdd2/ARCL_multicar_bags/camera_dataset/2026-05-18-v2-v4/stereo_left/EPnPv2_gt_mesh_z_hybrid_labels/4094190977720_0.json,T_map_object_raw,T_camera_object_centered,18462.47651081651,12.809391534783966,21.448958914821624
image_4094190977720,1,1599,203,0.27734375,/media/hdd2/ARCL_multicar_bags/camera_dataset/2026-05-18-v2-v4/stereo_left/EPnPv2_gt_mesh_z_hybrid_labels/4094190977720_1.json,/media/hdd2/ARCL_multicar_bags/camera_dataset/2026-05-18-v2-v4/stereo_left/EPnPv2_gt_mesh_z_hybrid_labels/4094190977720_1.json,T_map_object_raw,T_camera_object_centered,18462.47651081651,12.809391534783966,21.448958914821624
image_4094287495344,1,1600,205,0.265625,/media/hdd2/ARCL_multicar_bags/camera_dataset/2026-05-18-v2-v4/stereo_left/EPnPv2_gt_mesh_z_hybrid_labels/4094287495344_0.json,/media/hdd2/ARCL_multicar_bags/camera_dataset/2026-05-18-v2-v4/stereo_left/EPnPv2_gt_mesh_z_hybrid_labels/4094287495344_0.json,T_map_object_raw,T_camera_object_centered,18853.31105941475,13.851419633560745,21.980554049633458
image_4096293575545,1,1617,263,0.10546875,/media/hdd2/ARCL_multicar_bags/camera_dataset/2026-05-18-v2-v4/stereo_left/EPnPv2_gt_mesh_z_hybrid_labels/4096293575545_0.json,/media/hdd2/ARCL_multicar_bags/camera_dataset/2026-05-18-v2-v4/stereo_left/EPnPv2_gt_mesh_z_hybrid_labels/4096293575545_0.json,T_map_object_raw,T_camera_object_centered,14398.39862122738,16.920809675838353,14.242131399019108
image_4100779691969,1,1621,269,0.26953125,/media/hdd2/ARCL_multicar_bags/camera_dataset/2026-05-18-v2-v4/stereo_left/EPnPv2_gt_mesh_z_hybrid_labels/4100779691969_0.json,/media/hdd2/ARCL_multicar_bags/camera_dataset/2026-05-18-v2-v4/stereo_left/EPnPv2_gt_mesh_z_hybrid_labels/4100779691969_0.json,T_map_object_raw,T_camera_object_centered,18489.649403670148,13.247002714031233,13.500642175345401
image_4100879393845,1,1622,272,0.26953125,/media/hdd2/ARCL_multicar_bags/camera_dataset/2026-05-18-v2-v4/stereo_left/EPnPv2_gt_mesh_z_hybrid_labels/4100879393845_0.json,/media/hdd2/ARCL_multicar_bags/camera_dataset/2026-05-18-v2-v4/stereo_left/EPnPv2_gt_mesh_z_hybrid_labels/4100879393845_0.json,T_map_object_raw,T_camera_object_centered,17217.29496988581,11.576129682462222,10.851270413824327
image_4100982706543,1,1623,274,0.27734375,/media/hdd2/ARCL_multicar_bags/camera_dataset/2026-05-18-v2-v4/stereo_left/EPnPv2_gt_mesh_z_hybrid_labels/4100982706543_0.json,/media/hdd2/ARCL_multicar_bags/camera_dataset/2026-05-18-v2-v4/stereo_left/EPnPv2_gt_mesh_z_hybrid_labels/4100982706543_0.json,T_map_object_raw,T_camera_object_centered,16910.311318324395,9.980960877287272,5.761258280278307
image_4101181446945,1,1624,276,0.25390625,/media/hdd2/ARCL_multicar_bags/camera_dataset/2026-05-18-v2-v4/stereo_left/EPnPv2_gt_mesh_z_hybrid_labels/4101181446945_0.json,/media/hdd2/ARCL_multicar_bags/camera_dataset/2026-05-18-v2-v4/stereo_left/EPnPv2_gt_mesh_z_hybrid_labels/4101181446945_0.json,T_map_object_raw,T_camera_object_centered,17717.853136401558,7.338344824761335,4.541154794688321
image_4101380108932,1,1626,280,0.2578125,/media/hdd2/ARCL_multicar_bags/camera_dataset/2026-05-18-v2-v4/stereo_left/EPnPv2_gt_mesh_z_hybrid_labels/4101380108932_0.json,/media/hdd2/ARCL_multicar_bags/camera_dataset/2026-05-18-v2-v4/stereo_left/EPnPv2_gt_mesh_z_hybrid_labels/4101380108932_0.json,T_map_object_raw,T_camera_object_centered,18692.343390641552,5.174790108624977,4.674972762153292
image_4101579995279,1,1628,285,0.2421875,/media/hdd2/ARCL_multicar_bags/camera_dataset/2026-05-18-v2-v4/stereo_left/EPnPv2_gt_mesh_z_hybrid_labels/4101579995279_0.json,/media/hdd2/ARCL_multicar_bags/camera_dataset/2026-05-18-v2-v4/stereo_left/EPnPv2_gt_mesh_z_hybrid_labels/4101579995279_0.json,T_map_object_raw,T_camera_object_centered,18113.306154095517,3.6290649647637085,5.587127314271982
image_4101682224722,1,1629,287,0.26171875,/media/hdd2/ARCL_multicar_bags/camera_dataset/2026-05-18-v2-v4/stereo_left/EPnPv2_gt_mesh_z_hybrid_labels/4101682224722_0.json,/media/hdd2/ARCL_multicar_bags/camera_dataset/2026-05-18-v2-v4/stereo_left/EPnPv2_gt_mesh_z_hybrid_labels/4101682224722_0.json,T_map_object_raw,T_camera_object_centered,13458.445446158861,2.438464341723126,5.2229263050369505
image_4101779648104,1,1630,289,0.2421875,/media/hdd2/ARCL_multicar_bags/camera_dataset/2026-05-18-v2-v4/stereo_left/EPnPv2_gt_mesh_z_hybrid_labels/4101779648104_0.json,/media/hdd2/ARCL_multicar_bags/camera_dataset/2026-05-18-v2-v4/stereo_left/EPnPv2_gt_mesh_z_hybrid_labels/4101779648104_0.json,T_map_object_raw,T_camera_object_centered,13382.954540311488,3.502121260756737,0.8197760006237005
image_4101882241589,1,1631,291,0.25390625,/media/hdd2/ARCL_multicar_bags/camera_dataset/2026-05-18-v2-v4/stereo_left/EPnPv2_gt_mesh_z_hybrid_labels/4101882241589_0.json,/media/hdd2/ARCL_multicar_bags/camera_dataset/2026-05-18-v2-v4/stereo_left/EPnPv2_gt_mesh_z_hybrid_labels/4101882241589_0.json,T_map_object_raw,T_camera_object_centered,14279.724911330466,2.896052725935329,6.308648922086661
image_4101982481688,1,1632,294,0.26171875,/media/hdd2/ARCL_multicar_bags/camera_dataset/2026-05-18-v2-v4/stereo_left/EPnPv2_gt_mesh_z_hybrid_labels/4101982481688_0.json,/media/hdd2/ARCL_multicar_bags/camera_dataset/2026-05-18-v2-v4/stereo_left/EPnPv2_gt_mesh_z_hybrid_labels/4101982481688_0.json,T_map_object_raw,T_camera_object_centered,15790.374507875627,3.1281196218311025,5.069280973942809
image_4102080837493,1,1633,296,0.2421875,/media/hdd2/ARCL_multicar_bags/camera_dataset/2026-05-18-v2-v4/stereo_left/EPnPv2_gt_mesh_z_hybrid_labels/4102080837493_0.json,/media/hdd2/ARCL_multicar_bags/camera_dataset/2026-05-18-v2-v4/stereo_left/EPnPv2_gt_mesh_z_hybrid_labels/4102080837493_0.json,T_map_object_raw,T_camera_object_centered,16887.491818201823,3.258105872256418,8.25500361310818
image_4102285129340,1,1635,300,0.234375,/media/hdd2/ARCL_multicar_bags/camera_dataset/2026-05-18-v2-v4/stereo_left/EPnPv2_gt_mesh_z_hybrid_labels/4102285129340_0.json,/media/hdd2/ARCL_multicar_bags/camera_dataset/2026-05-18-v2-v4/stereo_left/EPnPv2_gt_mesh_z_hybrid_labels/4102285129340_0.json,T_map_object_raw,T_camera_object_centered,16846.264218741122,3.321536531754642,8.387106586470178
image_4102390808556,1,1636,302,0.24609375,/media/hdd2/ARCL_multicar_bags/camera_dataset/2026-05-18-v2-v4/stereo_left/EPnPv2_gt_mesh_z_hybrid_labels/4102390808556_0.json,/media/hdd2/ARCL_multicar_bags/camera_dataset/2026-05-18-v2-v4/stereo_left/EPnPv2_gt_mesh_z_hybrid_labels/4102390808556_0.json,T_map_object_raw,T_camera_object_centered,13892.739420768301,2.903295437314924,9.023670855698915
image_4102483761588,1,1637,305,0.2421875,/media/hdd2/ARCL_multicar_bags/camera_dataset/2026-05-18-v2-v4/stereo_left/EPnPv2_gt_mesh_z_hybrid_labels/4102483761588_0.json,/media/hdd2/ARCL_multicar_bags/camera_dataset/2026-05-18-v2-v4/stereo_left/EPnPv2_gt_mesh_z_hybrid_labels/4102483761588_0.json,T_map_object_raw,T_camera_object_centered,14334.686742650092,3.890387314059661,8.393771073041682
image_4102581678270,1,1638,307,0.2421875,/media/hdd2/ARCL_multicar_bags/camera_dataset/2026-05-18-v2-v4/stereo_left/EPnPv2_gt_mesh_z_hybrid_labels/4102581678270_0.json,/media/hdd2/ARCL_multicar_bags/camera_dataset/2026-05-18-v2-v4/stereo_left/EPnPv2_gt_mesh_z_hybrid_labels/4102581678270_0.json,T_map_object_raw,T_camera_object_centered,14278.90435695173,4.608021325837314,10.523900705071277
image_4102780022170,1,1639,309,0.25,/media/hdd2/ARCL_multicar_bags/camera_dataset/2026-05-18-v2-v4/stereo_left/EPnPv2_gt_mesh_z_hybrid_labels/4102780022170_0.json,/media/hdd2/ARCL_multicar_bags/camera_dataset/2026-05-18-v2-v4/stereo_left/EPnPv2_gt_mesh_z_hybrid_labels/4102780022170_0.json,T_map_object_raw,T_camera_object_centered,16285.484242056575,6.722684579959429,12.299084015235243
image_4102891034242,1,1640,311,0.2578125,/media/hdd2/ARCL_multicar_bags/camera_dataset/2026-05-18-v2-v4/stereo_left/EPnPv2_gt_mesh_z_hybrid_labels/4102891034242_0.json,/media/hdd2/ARCL_multicar_bags/camera_dataset/2026-05-18-v2-v4/stereo_left/EPnPv2_gt_mesh_z_hybrid_labels/4102891034242_0.json,T_map_object_raw,T_camera_object_centered,15215.947729290203,7.3454496743179964,9.2943458763474
image_4102982684798,1,1641,313,0.23046875,/media/hdd2/ARCL_multicar_bags/camera_dataset/2026-05-18-v2-v4/stereo_left/EPnPv2_gt_mesh_z_hybrid_labels/4102982684798_0.json,/media/hdd2/ARCL_multicar_bags/camera_dataset/2026-05-18-v2-v4/stereo_left/EPnPv2_gt_mesh_z_hybrid_labels/4102982684798_0.json,T_map_object_raw,T_camera_object_centered,14674.075546689854,8.16553249149671,14.2457158444042
image_4103085944659,1,1642,316,0.26171875,/media/hdd2/ARCL_multicar_bags/camera_dataset/2026-05-18-v2-v4/stereo_left/EPnPv2_gt_mesh_z_hybrid_labels/4103085944659_0.json,/media/hdd2/ARCL_multicar_bags/camera_dataset/2026-05-18-v2-v4/stereo_left/EPnPv2_gt_mesh_z_hybrid_labels/4103085944659_0.json,T_map_object_raw,T_camera_object_centered,13931.6306583057,9.445038607710572,15.234275391843461
image_4103184652825,1,1643,318,0.27734375,/media/hdd2/ARCL_multicar_bags/camera_dataset/2026-05-18-v2-v4/stereo_left/EPnPv2_gt_mesh_z_hybrid_labels/4103184652825_0.json,/media/hdd2/ARCL_multicar_bags/camera_dataset/2026-05-18-v2-v4/stereo_left/EPnPv2_gt_mesh_z_hybrid_labels/4103184652825_0.json,T_map_object_raw,T_camera_object_centered,16644.01282140483,9.427676748406823,10.68548940606767
image_4103287531581,1,1644,320,0.2578125,/media/hdd2/ARCL_multicar_bags/camera_dataset/2026-05-18-v2-v4/stereo_left/EPnPv2_gt_mesh_z_hybrid_labels/4103287531581_0.json,/media/hdd2/ARCL_multicar_bags/camera_dataset/2026-05-18-v2-v4/stereo_left/EPnPv2_gt_mesh_z_hybrid_labels/4103287531581_0.json,T_map_object_raw,T_camera_object_centered,15334.367313872039,10.779186955185097,8.53543418682478
image_4103483766981,1,1646,324,0.2109375,/media/hdd2/ARCL_multicar_bags/camera_dataset/2026-05-18-v2-v4/stereo_left/EPnPv2_gt_mesh_z_hybrid_labels/4103483766981_0.json,/media/hdd2/ARCL_multicar_bags/camera_dataset/2026-05-18-v2-v4/stereo_left/EPnPv2_gt_mesh_z_hybrid_labels/4103483766981_0.json,T_map_object_raw,T_camera_object_centered,15823.03651281315,11.101782192598662,12.165220578843632
image_4103579330806,1,1647,327,0.25,/media/hdd2/ARCL_multicar_bags/camera_dataset/2026-05-18-v2-v4/stereo_left/EPnPv2_gt_mesh_z_hybrid_labels/4103579330806_0.json,/media/hdd2/ARCL_multicar_bags/camera_dataset/2026-05-18-v2-v4/stereo_left/EPnPv2_gt_mesh_z_hybrid_labels/4103579330806_0.json,T_map_object_raw,T_camera_object_centered,17967.988085131554,11.953658472273162,10.60821632683599
image_4103680222601,1,1648,329,0.25390625,/media/hdd2/ARCL_multicar_bags/camera_dataset/2026-05-18-v2-v4/stereo_left/EPnPv2_gt_mesh_z_hybrid_labels/4103680222601_0.json,/media/hdd2/ARCL_multicar_bags/camera_dataset/2026-05-18-v2-v4/stereo_left/EPnPv2_gt_mesh_z_hybrid_labels/4103680222601_0.json,T_map_object_raw,T_camera_object_centered,17138.2353390633,12.368858167569842,11.115967364045195
image_4103789488067,1,1649,331,0.2578125,/media/hdd2/ARCL_multicar_bags/camera_dataset/2026-05-18-v2-v4/stereo_left/EPnPv2_gt_mesh_z_hybrid_labels/4103789488067_0.json,/media/hdd2/ARCL_multicar_bags/camera_dataset/2026-05-18-v2-v4/stereo_left/EPnPv2_gt_mesh_z_hybrid_labels/4103789488067_0.json,T_map_object_raw,T_camera_object_centered,16454.72465485047,12.854544655028867,7.412910827219375
image_4103997903376,1,1651,335,0.24609375,/media/hdd2/ARCL_multicar_bags/camera_dataset/2026-05-18-v2-v4/stereo_left/EPnPv2_gt_mesh_z_hybrid_labels/4103997903376_0.json,/media/hdd2/ARCL_multicar_bags/camera_dataset/2026-05-18-v2-v4/stereo_left/EPnPv2_gt_mesh_z_hybrid_labels/4103997903376_0.json,T_map_object_raw,T_camera_object_centered,18721.45743554833,14.452561517370997,6.480880970263672
image_4104083977687,1,1652,338,0.23046875,/media/hdd2/ARCL_multicar_bags/camera_dataset/2026-05-18-v2-v4/stereo_left/EPnPv2_gt_mesh_z_hybrid_labels/4104083977687_0.json,/media/hdd2/ARCL_multicar_bags/camera_dataset/2026-05-18-v2-v4/stereo_left/EPnPv2_gt_mesh_z_hybrid_labels/4104083977687_0.json,T_map_object_raw,T_camera_object_centered,15676.535049674107,15.321864660142653,7.043988710540411
image_4104202140064,1,1653,340,0.1953125,/media/hdd2/ARCL_multicar_bags/camera_dataset/2026-05-18-v2-v4/stereo_left/EPnPv2_gt_mesh_z_hybrid_labels/4104202140064_0.json,/media/hdd2/ARCL_multicar_bags/camera_dataset/2026-05-18-v2-v4/stereo_left/EPnPv2_gt_mesh_z_hybrid_labels/4104202140064_0.json,T_map_object_raw,T_camera_object_centered,13027.371986704224,14.873597051979855,39.26545008994047
image_4104679706993,1,1657,349,0.125,/media/hdd2/ARCL_multicar_bags/camera_dataset/2026-05-18-v2-v4/stereo_left/EPnPv2_gt_mesh_z_hybrid_labels/4104679706993_0.json,/media/hdd2/ARCL_multicar_bags/camera_dataset/2026-05-18-v2-v4/stereo_left/EPnPv2_gt_mesh_z_hybrid_labels/4104679706993_0.json,T_map_object_raw,T_camera_object_centered,15648.35252260151,1.9553987358668012,57.2114725309331
image_4104779772321,1,1658,351,0.15625,/media/hdd2/ARCL_multicar_bags/camera_dataset/2026-05-18-v2-v4/stereo_left/EPnPv2_gt_mesh_z_hybrid_labels/4104779772321_0.json,/media/hdd2/ARCL_multicar_bags/camera_dataset/2026-05-18-v2-v4/stereo_left/EPnPv2_gt_mesh_z_hybrid_labels/4104779772321_0.json,T_map_object_raw,T_camera_object_centered,14155.197134598444,2.340247222758126,49.81225269512147
image_4104888843366,1,1659,353,0.15234375,/media/hdd2/ARCL_multicar_bags/camera_dataset/2026-05-18-v2-v4/stereo_left/EPnPv2_gt_mesh_z_hybrid_labels/4104888843366_0.json,/media/hdd2/ARCL_multicar_bags/camera_dataset/2026-05-18-v2-v4/stereo_left/EPnPv2_gt_mesh_z_hybrid_labels/4104888843366_0.json,T_map_object_raw,T_camera_object_centered,14881.045124514661,2.9837151930595565,47.54622371136366
image_4104980141902,1,1660,355,0.1484375,/media/hdd2/ARCL_multicar_bags/camera_dataset/2026-05-18-v2-v4/stereo_left/EPnPv2_gt_mesh_z_hybrid_labels/4104980141902_0.json,/media/hdd2/ARCL_multicar_bags/camera_dataset/2026-05-18-v2-v4/stereo_left/EPnPv2_gt_mesh_z_hybrid_labels/4104980141902_0.json,T_map_object_raw,T_camera_object_centered,15487.780497053185,3.186872048135124,48.108220707479745
image_4105085058582,1,1661,357,0.15234375,/media/hdd2/ARCL_multicar_bags/camera_dataset/2026-05-18-v2-v4/stereo_left/EPnPv2_gt_mesh_z_hybrid_labels/4105085058582_0.json,/media/hdd2/ARCL_multicar_bags/camera_dataset/2026-05-18-v2-v4/stereo_left/EPnPv2_gt_mesh_z_hybrid_labels/4105085058582_0.json,T_map_object_raw,T_camera_object_centered,15230.769297643947,3.8807739401423524,46.40391112473876
image_4105185169831,1,1662,361,0.15234375,/media/hdd2/ARCL_multicar_bags/camera_dataset/2026-05-18-v2-v4/stereo_left/EPnPv2_gt_mesh_z_hybrid_labels/4105185169831_0.json,/media/hdd2/ARCL_multicar_bags/camera_dataset/2026-05-18-v2-v4/stereo_left/EPnPv2_gt_mesh_z_hybrid_labels/4105185169831_0.json,T_map_object_raw,T_camera_object_centered,17872.729439605035,4.089134102689517,37.92308159939987
image_4107790221234,1,1668,374,0.23046875,/media/hdd2/ARCL_multicar_bags/camera_dataset/2026-05-18-v2-v4/stereo_left/EPnPv2_gt_mesh_z_hybrid_labels/4107790221234_0.json,/media/hdd2/ARCL_multicar_bags/camera_dataset/2026-05-18-v2-v4/stereo_left/EPnPv2_gt_mesh_z_hybrid_labels/4107790221234_0.json,T_map_object_raw,T_camera_object_centered,16001.416583417278,8.948017636903769,4.448748621457859
image_4107880065445,1,1669,376,0.25390625,/media/hdd2/ARCL_multicar_bags/camera_dataset/2026-05-18-v2-v4/stereo_left/EPnPv2_gt_mesh_z_hybrid_labels/4107880065445_0.json,/media/hdd2/ARCL_multicar_bags/camera_dataset/2026-05-18-v2-v4/stereo_left/EPnPv2_gt_mesh_z_hybrid_labels/4107880065445_0.json,T_map_object_raw,T_camera_object_centered,14260.141364786665,8.462294661060213,9.448245251055994
image_4107981393730,1,1670,378,0.2421875,/media/hdd2/ARCL_multicar_bags/camera_dataset/2026-05-18-v2-v4/stereo_left/EPnPv2_gt_mesh_z_hybrid_labels/4107981393730_0.json,/media/hdd2/ARCL_multicar_bags/camera_dataset/2026-05-18-v2-v4/stereo_left/EPnPv2_gt_mesh_z_hybrid_labels/4107981393730_0.json,T_map_object_raw,T_camera_object_centered,16270.041415044972,6.79526576246674,5.1064132320083075
image_4108084934597,1,1671,380,0.23828125,/media/hdd2/ARCL_multicar_bags/camera_dataset/2026-05-18-v2-v4/stereo_left/EPnPv2_gt_mesh_z_hybrid_labels/4108084934597_0.json,/media/hdd2/ARCL_multicar_bags/camera_dataset/2026-05-18-v2-v4/stereo_left/EPnPv2_gt_mesh_z_hybrid_labels/4108084934597_0.json,T_map_object_raw,T_camera_object_centered,14947.660750803296,6.858517545430245,9.10461222402449
image_4108185641962,1,1672,383,0.2421875,/media/hdd2/ARCL_multicar_bags/camera_dataset/2026-05-18-v2-v4/stereo_left/EPnPv2_gt_mesh_z_hybrid_labels/4108185641962_0.json,/media/hdd2/ARCL_multicar_bags/camera_dataset/2026-05-18-v2-v4/stereo_left/EPnPv2_gt_mesh_z_hybrid_labels/4108185641962_0.json,T_map_object_raw,T_camera_object_centered,13378.417725013707,5.244251815280098,6.006896294838246
image_4108282633359,1,1673,385,0.2265625,/media/hdd2/ARCL_multicar_bags/camera_dataset/2026-05-18-v2-v4/stereo_left/EPnPv2_gt_mesh_z_hybrid_labels/4108282633359_0.json,/media/hdd2/ARCL_multicar_bags/camera_dataset/2026-05-18-v2-v4/stereo_left/EPnPv2_gt_mesh_z_hybrid_labels/4108282633359_0.json,T_map_object_raw,T_camera_object_centered,12530.087970847306,4.296331856760649,3.171550691809042
image_4108383409879,1,1674,387,0.2421875,/media/hdd2/ARCL_multicar_bags/camera_dataset/2026-05-18-v2-v4/stereo_left/EPnPv2_gt_mesh_z_hybrid_labels/4108383409879_0.json,/media/hdd2/ARCL_multicar_bags/camera_dataset/2026-05-18-v2-v4/stereo_left/EPnPv2_gt_mesh_z_hybrid_labels/4108383409879_0.json,T_map_object_raw,T_camera_object_centered,14479.109766468837,5.255545190315183,8.477731991400928
image_4108684391871,1,1677,394,0.22265625,/media/hdd2/ARCL_multicar_bags/camera_dataset/2026-05-18-v2-v4/stereo_left/EPnPv2_gt_mesh_z_hybrid_labels/4108684391871_0.json,/media/hdd2/ARCL_multicar_bags/camera_dataset/2026-05-18-v2-v4/stereo_left/EPnPv2_gt_mesh_z_hybrid_labels/4108684391871_0.json,T_map_object_raw,T_camera_object_centered,12882.854085909752,3.432413926366766,14.44756140193363
image_4108996468940,1,1679,398,0.23046875,/media/hdd2/ARCL_multicar_bags/camera_dataset/2026-05-18-v2-v4/stereo_left/EPnPv2_gt_mesh_z_hybrid_labels/4108996468940_0.json,/media/hdd2/ARCL_multicar_bags/camera_dataset/2026-05-18-v2-v4/stereo_left/EPnPv2_gt_mesh_z_hybrid_labels/4108996468940_0.json,T_map_object_raw,T_camera_object_centered,14486.829413271349,2.8791355430182586,2.1927613001506665
image_4109983925504,1,1689,420,0.2109375,/media/hdd2/ARCL_multicar_bags/camera_dataset/2026-05-18-v2-v4/stereo_left/EPnPv2_gt_mesh_z_hybrid_labels/4109983925504_0.json,/media/hdd2/ARCL_multicar_bags/camera_dataset/2026-05-18-v2-v4/stereo_left/EPnPv2_gt_mesh_z_hybrid_labels/4109983925504_0.json,T_map_object_raw,T_camera_object_centered,13474.202165378576,5.424825019951204,11.076472600014133
image_4110498704701,1,1694,431,0.22265625,/media/hdd2/ARCL_multicar_bags/camera_dataset/2026-05-18-v2-v4/stereo_left/EPnPv2_gt_mesh_z_hybrid_labels/4110498704701_0.json,/media/hdd2/ARCL_multicar_bags/camera_dataset/2026-05-18-v2-v4/stereo_left/EPnPv2_gt_mesh_z_hybrid_labels/4110498704701_0.json,T_map_object_raw,T_camera_object_centered,13596.4200986833,8.237647968102493,6.493737621560668
image_4110884948006,1,1697,438,0.25390625,/media/hdd2/ARCL_multicar_bags/camera_dataset/2026-05-18-v2-v4/stereo_left/EPnPv2_gt_mesh_z_hybrid_labels/4110884948006_0.json,/media/hdd2/ARCL_multicar_bags/camera_dataset/2026-05-18-v2-v4/stereo_left/EPnPv2_gt_mesh_z_hybrid_labels/4110884948006_0.json,T_map_object_raw,T_camera_object_centered,13118.415357267555,12.599078762886556,20.581006183463746
image_4110993371430,1,1698,440,0.23046875,/media/hdd2/ARCL_multicar_bags/camera_dataset/2026-05-18-v2-v4/stereo_left/EPnPv2_gt_mesh_z_hybrid_labels/4110993371430_0.json,/media/hdd2/ARCL_multicar_bags/camera_dataset/2026-05-18-v2-v4/stereo_left/EPnPv2_gt_mesh_z_hybrid_labels/4110993371430_0.json,T_map_object_raw,T_camera_object_centered,12605.371011211946,13.29641570168639,20.604535606067692
image_4314079558450,1,1778,619,0.1953125,/media/hdd2/ARCL_multicar_bags/camera_dataset/2026-05-18-v2-v4/stereo_left/EPnPv2_gt_mesh_z_hybrid_labels/4314079558450_0.json,/media/hdd2/ARCL_multicar_bags/camera_dataset/2026-05-18-v2-v4/stereo_left/EPnPv2_gt_mesh_z_hybrid_labels/4314079558450_0.json,T_map_object_raw,T_camera_object_centered,13187.036987107987,9.242207505253889,31.427321835389176
image_4314490475413,1,1781,626,0.234375,/media/hdd2/ARCL_multicar_bags/camera_dataset/2026-05-18-v2-v4/stereo_left/EPnPv2_gt_mesh_z_hybrid_labels/4314490475413_0.json,/media/hdd2/ARCL_multicar_bags/camera_dataset/2026-05-18-v2-v4/stereo_left/EPnPv2_gt_mesh_z_hybrid_labels/4314490475413_0.json,T_map_object_raw,T_camera_object_centered,15409.803816898197,12.76746765957069,14.1541023713303
image_4314582101421,1,1782,628,0.26171875,/media/hdd2/ARCL_multicar_bags/camera_dataset/2026-05-18-v2-v4/stereo_left/EPnPv2_gt_mesh_z_hybrid_labels/4314582101421_0.json,/media/hdd2/ARCL_multicar_bags/camera_dataset/2026-05-18-v2-v4/stereo_left/EPnPv2_gt_mesh_z_hybrid_labels/4314582101421_0.json,T_map_object_raw,T_camera_object_centered,14165.331279643155,13.179109109328927,6.413141203064273
image_4314979976172,1,1786,637,0.23828125,/media/hdd2/ARCL_multicar_bags/camera_dataset/2026-05-18-v2-v4/stereo_left/EPnPv2_gt_mesh_z_hybrid_labels/4314979976172_0.json,/media/hdd2/ARCL_multicar_bags/camera_dataset/2026-05-18-v2-v4/stereo_left/EPnPv2_gt_mesh_z_hybrid_labels/4314979976172_0.json,T_map_object_raw,T_camera_object_centered,15650.9987311318,15.067805428403593,9.268904284648993
image_4315090640303,1,1787,639,0.25,/media/hdd2/ARCL_multicar_bags/camera_dataset/2026-05-18-v2-v4/stereo_left/EPnPv2_gt_mesh_z_hybrid_labels/4315090640303_0.json,/media/hdd2/ARCL_multicar_bags/camera_dataset/2026-05-18-v2-v4/stereo_left/EPnPv2_gt_mesh_z_hybrid_labels/4315090640303_0.json,T_map_object_raw,T_camera_object_centered,14138.635246124406,15.749487901235023,12.910315687921146
image_4315390479721,1,1790,645,0.22265625,/media/hdd2/ARCL_multicar_bags/camera_dataset/2026-05-18-v2-v4/stereo_left/EPnPv2_gt_mesh_z_hybrid_labels/4315390479721_0.json,/media/hdd2/ARCL_multicar_bags/camera_dataset/2026-05-18-v2-v4/stereo_left/EPnPv2_gt_mesh_z_hybrid_labels/4315390479721_0.json,T_map_object_raw,T_camera_object_centered,16185.024092517315,17.863921726504753,10.944411610120142
image_4340284148685,1,1837,768,0.21484375,/media/hdd2/ARCL_multicar_bags/camera_dataset/2026-05-18-v2-v4/stereo_left/EPnPv2_gt_mesh_z_hybrid_labels/4340284148685_0.json,/media/hdd2/ARCL_multicar_bags/camera_dataset/2026-05-18-v2-v4/stereo_left/EPnPv2_gt_mesh_z_hybrid_labels/4340284148685_0.json,T_map_object_raw,T_camera_object_centered,19629.59441419125,2.980418412575354,9.402881700541748
image_4340682895801,1,1841,784,0.15625,/media/hdd2/ARCL_multicar_bags/camera_dataset/2026-05-18-v2-v4/stereo_left/EPnPv2_gt_mesh_z_hybrid_labels/4340682895801_0.json,/media/hdd2/ARCL_multicar_bags/camera_dataset/2026-05-18-v2-v4/stereo_left/EPnPv2_gt_mesh_z_hybrid_labels/4340682895801_0.json,T_map_object_raw,T_camera_object_centered,14731.211232873995,2.8562612045517417,6.72198996760092
image_4341082565743,1,1844,793,0.20703125,/media/hdd2/ARCL_multicar_bags/camera_dataset/2026-05-18-v2-v4/stereo_left/EPnPv2_gt_mesh_z_hybrid_labels/4341082565743_0.json,/media/hdd2/ARCL_multicar_bags/camera_dataset/2026-05-18-v2-v4/stereo_left/EPnPv2_gt_mesh_z_hybrid_labels/4341082565743_0.json,T_map_object_raw,T_camera_object_centered,18620.69179647247,2.5651561154366314,6.73226438226569
image_4348880180511,1,1875,870,0.1015625,/media/hdd2/ARCL_multicar_bags/camera_dataset/2026-05-18-v2-v4/stereo_left/EPnPv2_gt_mesh_z_hybrid_labels/4348880180511_0.json,/media/hdd2/ARCL_multicar_bags/camera_dataset/2026-05-18-v2-v4/stereo_left/EPnPv2_gt_mesh_z_hybrid_labels/4348880180511_0.json,T_map_object_raw,T_camera_object_centered,16387.618467891203,3.9655986776574013,6.385944871896914
image_4349383581814,1,1880,881,0.140625,/media/hdd2/ARCL_multicar_bags/camera_dataset/2026-05-18-v2-v4/stereo_left/EPnPv2_gt_mesh_z_hybrid_labels/4349383581814_0.json,/media/hdd2/ARCL_multicar_bags/camera_dataset/2026-05-18-v2-v4/stereo_left/EPnPv2_gt_mesh_z_hybrid_labels/4349383581814_0.json,T_map_object_raw,T_camera_object_centered,19386.119669777134,1.751005398919736,6.535702390613505
image_4352281039703,1,1908,945,0.16015625,/media/hdd2/ARCL_multicar_bags/camera_dataset/2026-05-18-v2-v4/stereo_left/EPnPv2_gt_mesh_z_hybrid_labels/4352281039703_0.json,/media/hdd2/ARCL_multicar_bags/camera_dataset/2026-05-18-v2-v4/stereo_left/EPnPv2_gt_mesh_z_hybrid_labels/4352281039703_0.json,T_map_object_raw,T_camera_object_centered,13955.006627681158,3.78515646750691,13.285739450301268
image_4352488564035,1,1910,951,0.12890625,/media/hdd2/ARCL_multicar_bags/camera_dataset/2026-05-18-v2-v4/stereo_left/EPnPv2_gt_mesh_z_hybrid_labels/4352488564035_0.json,/media/hdd2/ARCL_multicar_bags/camera_dataset/2026-05-18-v2-v4/stereo_left/EPnPv2_gt_mesh_z_hybrid_labels/4352488564035_0.json,T_map_object_raw,T_camera_object_centered,19032.664037232913,1.3003821718862156,9.650185667978487
image_4439697617921,1,2136,1506,0.23046875,/media/hdd2/ARCL_multicar_bags/camera_dataset/2026-05-18-v2-v4/stereo_left/EPnPv2_gt_mesh_z_hybrid_labels/4439697617921_0.json,/media/hdd2/ARCL_multicar_bags/camera_dataset/2026-05-18-v2-v4/stereo_left/EPnPv2_gt_mesh_z_hybrid_labels/4439697617921_0.json,T_map_object_raw,T_camera_object_centered,18719.003790005478,11.335400690158787,53.52163911146618
image_4439780893258,1,2137,1508,0.2421875,/media/hdd2/ARCL_multicar_bags/camera_dataset/2026-05-18-v2-v4/stereo_left/EPnPv2_gt_mesh_z_hybrid_labels/4439780893258_0.json,/media/hdd2/ARCL_multicar_bags/camera_dataset/2026-05-18-v2-v4/stereo_left/EPnPv2_gt_mesh_z_hybrid_labels/4439780893258_0.json,T_map_object_raw,T_camera_object_centered,17118.97521702668,9.978831071461059,65.29747291803214
image_4439888203263,1,2138,1510,0.25,/media/hdd2/ARCL_multicar_bags/camera_dataset/2026-05-18-v2-v4/stereo_left/EPnPv2_gt_mesh_z_hybrid_labels/4439888203263_0.json,/media/hdd2/ARCL_multicar_bags/camera_dataset/2026-05-18-v2-v4/stereo_left/EPnPv2_gt_mesh_z_hybrid_labels/4439888203263_0.json,T_map_object_raw,T_camera_object_centered,18059.10148617217,8.447947408876296,58.29423484348416
image_4439980255816,1,2139,1512,0.23828125,/media/hdd2/ARCL_multicar_bags/camera_dataset/2026-05-18-v2-v4/stereo_left/EPnPv2_gt_mesh_z_hybrid_labels/4439980255816_0.json,/media/hdd2/ARCL_multicar_bags/camera_dataset/2026-05-18-v2-v4/stereo_left/EPnPv2_gt_mesh_z_hybrid_labels/4439980255816_0.json,T_map_object_raw,T_camera_object_centered,19209.741890112695,7.322975664015956,62.520075139229625
image_4440805140330,1,2146,1528,0.25,/media/hdd2/ARCL_multicar_bags/camera_dataset/2026-05-18-v2-v4/stereo_left/EPnPv2_gt_mesh_z_hybrid_labels/4440805140330_0.json,/media/hdd2/ARCL_multicar_bags/camera_dataset/2026-05-18-v2-v4/stereo_left/EPnPv2_gt_mesh_z_hybrid_labels/4440805140330_0.json,T_map_object_raw,T_camera_object_centered,20118.256475579103,3.9564899600592263,50.70514900616361
image_4443884703099,1,2175,1598,0.23828125,/media/hdd2/ARCL_multicar_bags/camera_dataset/2026-05-18-v2-v4/stereo_left/EPnPv2_gt_mesh_z_hybrid_labels/4443884703099_0.json,/media/hdd2/ARCL_multicar_bags/camera_dataset/2026-05-18-v2-v4/stereo_left/EPnPv2_gt_mesh_z_hybrid_labels/4443884703099_0.json,T_map_object_raw,T_camera_object_centered,17838.51090746289,2.9327291763858985,44.25572449474393
image_4444183317681,1,2178,1604,0.26171875,/media/hdd2/ARCL_multicar_bags/camera_dataset/2026-05-18-v2-v4/stereo_left/EPnPv2_gt_mesh_z_hybrid_labels/4444183317681_0.json,/media/hdd2/ARCL_multicar_bags/camera_dataset/2026-05-18-v2-v4/stereo_left/EPnPv2_gt_mesh_z_hybrid_labels/4444183317681_0.json,T_map_object_raw,T_camera_object_centered,20347.468612841236,2.1445894438983144,42.853454673409516
image_4444280846845,1,2179,1606,0.25,/media/hdd2/ARCL_multicar_bags/camera_dataset/2026-05-18-v2-v4/stereo_left/EPnPv2_gt_mesh_z_hybrid_labels/4444280846845_0.json,/media/hdd2/ARCL_multicar_bags/camera_dataset/2026-05-18-v2-v4/stereo_left/EPnPv2_gt_mesh_z_hybrid_labels/4444280846845_0.json,T_map_object_raw,T_camera_object_centered,18301.843289437857,3.073278818483696,39.70506049531002
image_4444482147196,1,2181,1611,0.25,/media/hdd2/ARCL_multicar_bags/camera_dataset/2026-05-18-v2-v4/stereo_left/EPnPv2_gt_mesh_z_hybrid_labels/4444482147196_0.json,/media/hdd2/ARCL_multicar_bags/camera_dataset/2026-05-18-v2-v4/stereo_left/EPnPv2_gt_mesh_z_hybrid_labels/4444482147196_0.json,T_map_object_raw,T_camera_object_centered,16030.426529250542,2.0034001298850623,42.145380215482795
image_4444580596956,1,2182,1613,0.25390625,/media/hdd2/ARCL_multicar_bags/camera_dataset/2026-05-18-v2-v4/stereo_left/EPnPv2_gt_mesh_z_hybrid_labels/4444580596956_0.json,/media/hdd2/ARCL_multicar_bags/camera_dataset/2026-05-18-v2-v4/stereo_left/EPnPv2_gt_mesh_z_hybrid_labels/4444580596956_0.json,T_map_object_raw,T_camera_object_centered,20587.582171616785,2.0276545637020362,39.931357261665184
image_4444698484112,1,2183,1615,0.234375,/media/hdd2/ARCL_multicar_bags/camera_dataset/2026-05-18-v2-v4/stereo_left/EPnPv2_gt_mesh_z_hybrid_labels/4444698484112_0.json,/media/hdd2/ARCL_multicar_bags/camera_dataset/2026-05-18-v2-v4/stereo_left/EPnPv2_gt_mesh_z_hybrid_labels/4444698484112_0.json,T_map_object_raw,T_camera_object_centered,19807.69869169204,2.81256819751657,42.4805790723944
image_4444990478892,1,2186,1622,0.21875,/media/hdd2/ARCL_multicar_bags/camera_dataset/2026-05-18-v2-v4/stereo_left/EPnPv2_gt_mesh_z_hybrid_labels/4444990478892_0.json,/media/hdd2/ARCL_multicar_bags/camera_dataset/2026-05-18-v2-v4/stereo_left/EPnPv2_gt_mesh_z_hybrid_labels/4444990478892_0.json,T_map_object_raw,T_camera_object_centered,17306.04769918779,3.3819996880396506,35.906889038499074
image_4445582470083,1,2192,1635,0.23046875,/media/hdd2/ARCL_multicar_bags/camera_dataset/2026-05-18-v2-v4/stereo_left/EPnPv2_gt_mesh_z_hybrid_labels/4445582470083_0.json,/media/hdd2/ARCL_multicar_bags/camera_dataset/2026-05-18-v2-v4/stereo_left/EPnPv2_gt_mesh_z_hybrid_labels/4445582470083_0.json,T_map_object_raw,T_camera_object_centered,19840.953465625724,3.74146346952601,29.45010771736993
image_4445984413712,1,2196,1644,0.23828125,/media/hdd2/ARCL_multicar_bags/camera_dataset/2026-05-18-v2-v4/stereo_left/EPnPv2_gt_mesh_z_hybrid_labels/4445984413712_0.json,/media/hdd2/ARCL_multicar_bags/camera_dataset/2026-05-18-v2-v4/stereo_left/EPnPv2_gt_mesh_z_hybrid_labels/4445984413712_0.json,T_map_object_raw,T_camera_object_centered,19417.65430033695,6.993770454155011,28.086710652941044
image_4446182723192,1,2198,1648,0.23046875,/media/hdd2/ARCL_multicar_bags/camera_dataset/2026-05-18-v2-v4/stereo_left/EPnPv2_gt_mesh_z_hybrid_labels/4446182723192_0.json,/media/hdd2/ARCL_multicar_bags/camera_dataset/2026-05-18-v2-v4/stereo_left/EPnPv2_gt_mesh_z_hybrid_labels/4446182723192_0.json,T_map_object_raw,T_camera_object_centered,13542.537416971863,8.009415315569772,27.015724470300658
image_4446481898093,1,2201,1655,0.22265625,/media/hdd2/ARCL_multicar_bags/camera_dataset/2026-05-18-v2-v4/stereo_left/EPnPv2_gt_mesh_z_hybrid_labels/4446481898093_0.json,/media/hdd2/ARCL_multicar_bags/camera_dataset/2026-05-18-v2-v4/stereo_left/EPnPv2_gt_mesh_z_hybrid_labels/4446481898093_0.json,T_map_object_raw,T_camera_object_centered,19026.350217160314,10.615012563344514,29.66620606284627
image_4447182574575,1,2208,1670,0.17578125,/media/hdd2/ARCL_multicar_bags/camera_dataset/2026-05-18-v2-v4/stereo_left/EPnPv2_gt_mesh_z_hybrid_labels/4447182574575_0.json,/media/hdd2/ARCL_multicar_bags/camera_dataset/2026-05-18-v2-v4/stereo_left/EPnPv2_gt_mesh_z_hybrid_labels/4447182574575_0.json,T_map_object_raw,T_camera_object_centered,18350.352844523553,3.2885360842775033,46.81562681231361
image_4457890487132,1,2257,1772,0.1015625,/media/hdd2/ARCL_multicar_bags/camera_dataset/2026-05-18-v2-v4/stereo_left/EPnPv2_gt_mesh_z_hybrid_labels/4457890487132_0.json,/media/hdd2/ARCL_multicar_bags/camera_dataset/2026-05-18-v2-v4/stereo_left/EPnPv2_gt_mesh_z_hybrid_labels/4457890487132_0.json,T_map_object_raw,T_camera_object_centered,15622.811145192038,12.060587248445122,47.79903449796868
image_4457980678184,1,2258,1775,0.09765625,/media/hdd2/ARCL_multicar_bags/camera_dataset/2026-05-18-v2-v4/stereo_left/EPnPv2_gt_mesh_z_hybrid_labels/4457980678184_0.json,/media/hdd2/ARCL_multicar_bags/camera_dataset/2026-05-18-v2-v4/stereo_left/EPnPv2_gt_mesh_z_hybrid_labels/4457980678184_0.json,T_map_object_raw,T_camera_object_centered,19842.187794870406,11.317742344294606,35.86901803232384
image_4458081331244,1,2259,1777,0.125,/media/hdd2/ARCL_multicar_bags/camera_dataset/2026-05-18-v2-v4/stereo_left/EPnPv2_gt_mesh_z_hybrid_labels/4458081331244_0.json,/media/hdd2/ARCL_multicar_bags/camera_dataset/2026-05-18-v2-v4/stereo_left/EPnPv2_gt_mesh_z_hybrid_labels/4458081331244_0.json,T_map_object_raw,T_camera_object_centered,19966.70280946081,10.260315155175839,40.676676580366205
image_4458381948268,1,2262,1783,0.12890625,/media/hdd2/ARCL_multicar_bags/camera_dataset/2026-05-18-v2-v4/stereo_left/EPnPv2_gt_mesh_z_hybrid_labels/4458381948268_0.json,/media/hdd2/ARCL_multicar_bags/camera_dataset/2026-05-18-v2-v4/stereo_left/EPnPv2_gt_mesh_z_hybrid_labels/4458381948268_0.json,T_map_object_raw,T_camera_object_centered,19315.56450567861,7.2605412364160635,47.13470007667325
image_4458482417150,1,2263,1786,0.125,/media/hdd2/ARCL_multicar_bags/camera_dataset/2026-05-18-v2-v4/stereo_left/EPnPv2_gt_mesh_z_hybrid_labels/4458482417150_0.json,/media/hdd2/ARCL_multicar_bags/camera_dataset/2026-05-18-v2-v4/stereo_left/EPnPv2_gt_mesh_z_hybrid_labels/4458482417150_0.json,T_map_object_raw,T_camera_object_centered,15081.779021523758,5.765876029528496,57.256542985717
image_4458685161041,1,2264,1788,0.140625,/media/hdd2/ARCL_multicar_bags/camera_dataset/2026-05-18-v2-v4/stereo_left/EPnPv2_gt_mesh_z_hybrid_labels/4458685161041_0.json,/media/hdd2/ARCL_multicar_bags/camera_dataset/2026-05-18-v2-v4/stereo_left/EPnPv2_gt_mesh_z_hybrid_labels/4458685161041_0.json,T_map_object_raw,T_camera_object_centered,16303.419634313927,4.670813253463048,52.6961280343359
image_4458783399947,1,2265,1790,0.13671875,/media/hdd2/ARCL_multicar_bags/camera_dataset/2026-05-18-v2-v4/stereo_left/EPnPv2_gt_mesh_z_hybrid_labels/4458783399947_0.json,/media/hdd2/ARCL_multicar_bags/camera_dataset/2026-05-18-v2-v4/stereo_left/EPnPv2_gt_mesh_z_hybrid_labels/4458783399947_0.json,T_map_object_raw,T_camera_object_centered,14727.740917172909,5.0840226815117315,50.684366800913956
image_4458880860950,1,2266,1792,0.1484375,/media/hdd2/ARCL_multicar_bags/camera_dataset/2026-05-18-v2-v4/stereo_left/EPnPv2_gt_mesh_z_hybrid_labels/4458880860950_0.json,/media/hdd2/ARCL_multicar_bags/camera_dataset/2026-05-18-v2-v4/stereo_left/EPnPv2_gt_mesh_z_hybrid_labels/4458880860950_0.json,T_map_object_raw,T_camera_object_centered,17332.85860062684,4.583593710145454,48.06063290454755
image_4458981131001,1,2267,1794,0.140625,/media/hdd2/ARCL_multicar_bags/camera_dataset/2026-05-18-v2-v4/stereo_left/EPnPv2_gt_mesh_z_hybrid_labels/4458981131001_0.json,/media/hdd2/ARCL_multicar_bags/camera_dataset/2026-05-18-v2-v4/stereo_left/EPnPv2_gt_mesh_z_hybrid_labels/4458981131001_0.json,T_map_object_raw,T_camera_object_centered,14766.666468906662,6.5551475362831555,45.92398731119892
image_4459082695612,1,2268,1797,0.13671875,/media/hdd2/ARCL_multicar_bags/camera_dataset/2026-05-18-v2-v4/stereo_left/EPnPv2_gt_mesh_z_hybrid_labels/4459082695612_0.json,/media/hdd2/ARCL_multicar_bags/camera_dataset/2026-05-18-v2-v4/stereo_left/EPnPv2_gt_mesh_z_hybrid_labels/4459082695612_0.json,T_map_object_raw,T_camera_object_centered,13475.625682441623,5.200676959160484,60.79091685897794
image_4459183956411,1,2269,1800,0.15234375,/media/hdd2/ARCL_multicar_bags/camera_dataset/2026-05-18-v2-v4/stereo_left/EPnPv2_gt_mesh_z_hybrid_labels/4459183956411_0.json,/media/hdd2/ARCL_multicar_bags/camera_dataset/2026-05-18-v2-v4/stereo_left/EPnPv2_gt_mesh_z_hybrid_labels/4459183956411_0.json,T_map_object_raw,T_camera_object_centered,14370.633987563184,6.232039954470717,52.554825560924655
image_4459281536597,1,2270,1803,0.1484375,/media/hdd2/ARCL_multicar_bags/camera_dataset/2026-05-18-v2-v4/stereo_left/EPnPv2_gt_mesh_z_hybrid_labels/4459281536597_0.json,/media/hdd2/ARCL_multicar_bags/camera_dataset/2026-05-18-v2-v4/stereo_left/EPnPv2_gt_mesh_z_hybrid_labels/4459281536597_0.json,T_map_object_raw,T_camera_object_centered,16327.248063184703,6.473263389503356,52.22321687262241
image_4884088306535,1,2708,2824,0.2109375,/media/hdd2/ARCL_multicar_bags/camera_dataset/2026-05-18-v2-v4/stereo_left/EPnPv2_gt_mesh_z_hybrid_labels/4884088306535_0.json,/media/hdd2/ARCL_multicar_bags/camera_dataset/2026-05-18-v2-v4/stereo_left/EPnPv2_gt_mesh_z_hybrid_labels/4884088306535_0.json,T_map_object_raw,T_camera_object_centered,12447.170834110904,3.295398194754539,37.41849056219831
image_4884292652154,1,2709,2826,0.1953125,/media/hdd2/ARCL_multicar_bags/camera_dataset/2026-05-18-v2-v4/stereo_left/EPnPv2_gt_mesh_z_hybrid_labels/4884292652154_0.json,/media/hdd2/ARCL_multicar_bags/camera_dataset/2026-05-18-v2-v4/stereo_left/EPnPv2_gt_mesh_z_hybrid_labels/4884292652154_0.json,T_map_object_raw,T_camera_object_centered,12852.312906853611,4.478563013786534,10.782596447015324
image_4884582388578,1,2712,2833,0.21875,/media/hdd2/ARCL_multicar_bags/camera_dataset/2026-05-18-v2-v4/stereo_left/EPnPv2_gt_mesh_z_hybrid_labels/4884582388578_0.json,/media/hdd2/ARCL_multicar_bags/camera_dataset/2026-05-18-v2-v4/stereo_left/EPnPv2_gt_mesh_z_hybrid_labels/4884582388578_0.json,T_map_object_raw,T_camera_object_centered,15535.15383385186,4.818317296412099,32.666319892990266
image_4884686557028,1,2713,2835,0.2109375,/media/hdd2/ARCL_multicar_bags/camera_dataset/2026-05-18-v2-v4/stereo_left/EPnPv2_gt_mesh_z_hybrid_labels/4884686557028_0.json,/media/hdd2/ARCL_multicar_bags/camera_dataset/2026-05-18-v2-v4/stereo_left/EPnPv2_gt_mesh_z_hybrid_labels/4884686557028_0.json,T_map_object_raw,T_camera_object_centered,12489.591637978481,5.128939591827025,11.899050088274228
image_4884782186470,1,2714,2837,0.1953125,/media/hdd2/ARCL_multicar_bags/camera_dataset/2026-05-18-v2-v4/stereo_left/EPnPv2_gt_mesh_z_hybrid_labels/4884782186470_0.json,/media/hdd2/ARCL_multicar_bags/camera_dataset/2026-05-18-v2-v4/stereo_left/EPnPv2_gt_mesh_z_hybrid_labels/4884782186470_0.json,T_map_object_raw,T_camera_object_centered,13220.082509976435,5.3447918122599445,12.85993468046832
image_4884885688549,1,2715,2839,0.2109375,/media/hdd2/ARCL_multicar_bags/camera_dataset/2026-05-18-v2-v4/stereo_left/EPnPv2_gt_mesh_z_hybrid_labels/4884885688549_0.json,/media/hdd2/ARCL_multicar_bags/camera_dataset/2026-05-18-v2-v4/stereo_left/EPnPv2_gt_mesh_z_hybrid_labels/4884885688549_0.json,T_map_object_raw,T_camera_object_centered,14016.59726790214,4.537286681364821,9.697198444478033
image_4884983076526,1,2716,2842,0.21875,/media/hdd2/ARCL_multicar_bags/camera_dataset/2026-05-18-v2-v4/stereo_left/EPnPv2_gt_mesh_z_hybrid_labels/4884983076526_0.json,/media/hdd2/ARCL_multicar_bags/camera_dataset/2026-05-18-v2-v4/stereo_left/EPnPv2_gt_mesh_z_hybrid_labels/4884983076526_0.json,T_map_object_raw,T_camera_object_centered,12995.440797782438,5.072718602354247,10.785112167170901
image_4885083700267,1,2717,2844,0.21484375,/media/hdd2/ARCL_multicar_bags/camera_dataset/2026-05-18-v2-v4/stereo_left/EPnPv2_gt_mesh_z_hybrid_labels/4885083700267_0.json,/media/hdd2/ARCL_multicar_bags/camera_dataset/2026-05-18-v2-v4/stereo_left/EPnPv2_gt_mesh_z_hybrid_labels/4885083700267_0.json,T_map_object_raw,T_camera_object_centered,12529.318173126443,4.928866200687777,6.6037126988257935
image_4885386325516,1,2720,2850,0.21875,/media/hdd2/ARCL_multicar_bags/camera_dataset/2026-05-18-v2-v4/stereo_left/EPnPv2_gt_mesh_z_hybrid_labels/4885386325516_0.json,/media/hdd2/ARCL_multicar_bags/camera_dataset/2026-05-18-v2-v4/stereo_left/EPnPv2_gt_mesh_z_hybrid_labels/4885386325516_0.json,T_map_object_raw,T_camera_object_centered,14943.36058939186,4.801174193160391,12.846215972963824
image_4885681987516,1,2723,2857,0.2109375,/media/hdd2/ARCL_multicar_bags/camera_dataset/2026-05-18-v2-v4/stereo_left/EPnPv2_gt_mesh_z_hybrid_labels/4885681987516_0.json,/media/hdd2/ARCL_multicar_bags/camera_dataset/2026-05-18-v2-v4/stereo_left/EPnPv2_gt_mesh_z_hybrid_labels/4885681987516_0.json,T_map_object_raw,T_camera_object_centered,13720.1083298556,4.765525819035135,6.318515704813865
image_4885893529928,1,2725,2863,0.2109375,/media/hdd2/ARCL_multicar_bags/camera_dataset/2026-05-18-v2-v4/stereo_left/EPnPv2_gt_mesh_z_hybrid_labels/4885893529928_0.json,/media/hdd2/ARCL_multicar_bags/camera_dataset/2026-05-18-v2-v4/stereo_left/EPnPv2_gt_mesh_z_hybrid_labels/4885893529928_0.json,T_map_object_raw,T_camera_object_centered,15282.972330463419,3.3895827542906436,12.190455107255051
image_4885981961600,1,2726,2867,0.21875,/media/hdd2/ARCL_multicar_bags/camera_dataset/2026-05-18-v2-v4/stereo_left/EPnPv2_gt_mesh_z_hybrid_labels/4885981961600_0.json,/media/hdd2/ARCL_multicar_bags/camera_dataset/2026-05-18-v2-v4/stereo_left/EPnPv2_gt_mesh_z_hybrid_labels/4885981961600_0.json,T_map_object_raw,T_camera_object_centered,13946.238053665553,3.4398002362781672,10.274904142422066
image_4886385451489,1,2730,2877,0.2109375,/media/hdd2/ARCL_multicar_bags/camera_dataset/2026-05-18-v2-v4/stereo_left/EPnPv2_gt_mesh_z_hybrid_labels/4886385451489_0.json,/media/hdd2/ARCL_multicar_bags/camera_dataset/2026-05-18-v2-v4/stereo_left/EPnPv2_gt_mesh_z_hybrid_labels/4886385451489_0.json,T_map_object_raw,T_camera_object_centered,15260.777032227654,4.261596025326473,14.817976101275521
image_4886794230058,1,2732,2884,0.203125,/media/hdd2/ARCL_multicar_bags/camera_dataset/2026-05-18-v2-v4/stereo_left/EPnPv2_gt_mesh_z_hybrid_labels/4886794230058_0.json,/media/hdd2/ARCL_multicar_bags/camera_dataset/2026-05-18-v2-v4/stereo_left/EPnPv2_gt_mesh_z_hybrid_labels/4886794230058_0.json,T_map_object_raw,T_camera_object_centered,19104.31278620444,3.033942644978874,22.385931681092263
image_4888594177747,1,2749,2931,0.24609375,/media/hdd2/ARCL_multicar_bags/camera_dataset/2026-05-18-v2-v4/stereo_left/EPnPv2_gt_mesh_z_hybrid_labels/4888594177747_0.json,/media/hdd2/ARCL_multicar_bags/camera_dataset/2026-05-18-v2-v4/stereo_left/EPnPv2_gt_mesh_z_hybrid_labels/4888594177747_0.json,T_map_object_raw,T_camera_object_centered,18660.550292310905,7.191296953312036,15.0716437385286
image_4888594177747,1,2749,2931,0.24609375,/media/hdd2/ARCL_multicar_bags/camera_dataset/2026-05-18-v2-v4/stereo_left/EPnPv2_gt_mesh_z_hybrid_labels/4888594177747_1.json,/media/hdd2/ARCL_multicar_bags/camera_dataset/2026-05-18-v2-v4/stereo_left/EPnPv2_gt_mesh_z_hybrid_labels/4888594177747_1.json,T_map_object_raw,T_camera_object_centered,18660.550292310905,7.191296953312036,15.0716437385286
image_4888986643432,1,2753,2940,0.26953125,/media/hdd2/ARCL_multicar_bags/camera_dataset/2026-05-18-v2-v4/stereo_left/EPnPv2_gt_mesh_z_hybrid_labels/4888986643432_0.json,/media/hdd2/ARCL_multicar_bags/camera_dataset/2026-05-18-v2-v4/stereo_left/EPnPv2_gt_mesh_z_hybrid_labels/4888986643432_0.json,T_map_object_raw,T_camera_object_centered,13397.063621837464,11.6148890521531,11.23459301865517
image_4889087668813,1,2754,2942,0.2578125,/media/hdd2/ARCL_multicar_bags/camera_dataset/2026-05-18-v2-v4/stereo_left/EPnPv2_gt_mesh_z_hybrid_labels/4889087668813_0.json,/media/hdd2/ARCL_multicar_bags/camera_dataset/2026-05-18-v2-v4/stereo_left/EPnPv2_gt_mesh_z_hybrid_labels/4889087668813_0.json,T_map_object_raw,T_camera_object_centered,13366.618375241784,12.408775119586403,6.0367935034848905
image_4889183460510,1,2755,2944,0.2578125,/media/hdd2/ARCL_multicar_bags/camera_dataset/2026-05-18-v2-v4/stereo_left/EPnPv2_gt_mesh_z_hybrid_labels/4889183460510_0.json,/media/hdd2/ARCL_multicar_bags/camera_dataset/2026-05-18-v2-v4/stereo_left/EPnPv2_gt_mesh_z_hybrid_labels/4889183460510_0.json,T_map_object_raw,T_camera_object_centered,16500.997824467566,13.446459367321626,11.861299173442182
image_4889392210016,1,2757,2949,0.2578125,/media/hdd2/ARCL_multicar_bags/camera_dataset/2026-05-18-v2-v4/stereo_left/EPnPv2_gt_mesh_z_hybrid_labels/4889392210016_0.json,/media/hdd2/ARCL_multicar_bags/camera_dataset/2026-05-18-v2-v4/stereo_left/EPnPv2_gt_mesh_z_hybrid_labels/4889392210016_0.json,T_map_object_raw,T_camera_object_centered,19343.35670373669,15.480219925816046,17.17372288770162
image_4889483544315,1,2758,2951,0.26171875,/media/hdd2/ARCL_multicar_bags/camera_dataset/2026-05-18-v2-v4/stereo_left/EPnPv2_gt_mesh_z_hybrid_labels/4889483544315_0.json,/media/hdd2/ARCL_multicar_bags/camera_dataset/2026-05-18-v2-v4/stereo_left/EPnPv2_gt_mesh_z_hybrid_labels/4889483544315_0.json,T_map_object_raw,T_camera_object_centered,17928.57633157079,16.103804785944842,14.80626378408303
image_4889582653166,1,2759,2953,0.265625,/media/hdd2/ARCL_multicar_bags/camera_dataset/2026-05-18-v2-v4/stereo_left/EPnPv2_gt_mesh_z_hybrid_labels/4889582653166_0.json,/media/hdd2/ARCL_multicar_bags/camera_dataset/2026-05-18-v2-v4/stereo_left/EPnPv2_gt_mesh_z_hybrid_labels/4889582653166_0.json,T_map_object_raw,T_camera_object_centered,19933.462066466076,16.53110250320726,16.87670430029153
image_4889582653166,1,2759,2953,0.265625,/media/hdd2/ARCL_multicar_bags/camera_dataset/2026-05-18-v2-v4/stereo_left/EPnPv2_gt_mesh_z_hybrid_labels/4889582653166_1.json,/media/hdd2/ARCL_multicar_bags/camera_dataset/2026-05-18-v2-v4/stereo_left/EPnPv2_gt_mesh_z_hybrid_labels/4889582653166_1.json,T_map_object_raw,T_camera_object_centered,19933.462066466076,16.53110250320726,16.87670430029153
image_4890587414446,1,2769,2975,0.15234375,/media/hdd2/ARCL_multicar_bags/camera_dataset/2026-05-18-v2-v4/stereo_left/EPnPv2_gt_mesh_z_hybrid_labels/4890587414446_0.json,/media/hdd2/ARCL_multicar_bags/camera_dataset/2026-05-18-v2-v4/stereo_left/EPnPv2_gt_mesh_z_hybrid_labels/4890587414446_0.json,T_map_object_raw,T_camera_object_centered,18454.1982748498,8.684056344761753,25.452289300129287
image_4895983025995,1,2780,2999,0.25390625,/media/hdd2/ARCL_multicar_bags/camera_dataset/2026-05-18-v2-v4/stereo_left/EPnPv2_gt_mesh_z_hybrid_labels/4895983025995_0.json,/media/hdd2/ARCL_multicar_bags/camera_dataset/2026-05-18-v2-v4/stereo_left/EPnPv2_gt_mesh_z_hybrid_labels/4895983025995_0.json,T_map_object_raw,T_camera_object_centered,16472.899752486097,9.344311421229627,4.202594953367269
image_4896182412775,1,2781,3004,0.25390625,/media/hdd2/ARCL_multicar_bags/camera_dataset/2026-05-18-v2-v4/stereo_left/EPnPv2_gt_mesh_z_hybrid_labels/4896182412775_0.json,/media/hdd2/ARCL_multicar_bags/camera_dataset/2026-05-18-v2-v4/stereo_left/EPnPv2_gt_mesh_z_hybrid_labels/4896182412775_0.json,T_map_object_raw,T_camera_object_centered,16956.57788053427,8.013961838539451,10.387845550848986
image_4896282815963,1,2782,3006,0.24609375,/media/hdd2/ARCL_multicar_bags/camera_dataset/2026-05-18-v2-v4/stereo_left/EPnPv2_gt_mesh_z_hybrid_labels/4896282815963_0.json,/media/hdd2/ARCL_multicar_bags/camera_dataset/2026-05-18-v2-v4/stereo_left/EPnPv2_gt_mesh_z_hybrid_labels/4896282815963_0.json,T_map_object_raw,T_camera_object_centered,18778.475837164613,6.021836438837728,3.4692418843293455
image_4896390487839,1,2783,3008,0.25,/media/hdd2/ARCL_multicar_bags/camera_dataset/2026-05-18-v2-v4/stereo_left/EPnPv2_gt_mesh_z_hybrid_labels/4896390487839_0.json,/media/hdd2/ARCL_multicar_bags/camera_dataset/2026-05-18-v2-v4/stereo_left/EPnPv2_gt_mesh_z_hybrid_labels/4896390487839_0.json,T_map_object_raw,T_camera_object_centered,14523.842602672225,4.738378167587012,4.0170138978829835
image_4896486972075,1,2784,3010,0.2578125,/media/hdd2/ARCL_multicar_bags/camera_dataset/2026-05-18-v2-v4/stereo_left/EPnPv2_gt_mesh_z_hybrid_labels/4896486972075_0.json,/media/hdd2/ARCL_multicar_bags/camera_dataset/2026-05-18-v2-v4/stereo_left/EPnPv2_gt_mesh_z_hybrid_labels/4896486972075_0.json,T_map_object_raw,T_camera_object_centered,13990.010590619986,4.168333293169857,5.157680795743904
image_4896583647853,1,2785,3012,0.24609375,/media/hdd2/ARCL_multicar_bags/camera_dataset/2026-05-18-v2-v4/stereo_left/EPnPv2_gt_mesh_z_hybrid_labels/4896583647853_0.json,/media/hdd2/ARCL_multicar_bags/camera_dataset/2026-05-18-v2-v4/stereo_left/EPnPv2_gt_mesh_z_hybrid_labels/4896583647853_0.json,T_map_object_raw,T_camera_object_centered,15594.384280142447,3.6293640416090462,2.971813266955405
image_4896726756388,1,2786,3015,0.25,/media/hdd2/ARCL_multicar_bags/camera_dataset/2026-05-18-v2-v4/stereo_left/EPnPv2_gt_mesh_z_hybrid_labels/4896726756388_0.json,/media/hdd2/ARCL_multicar_bags/camera_dataset/2026-05-18-v2-v4/stereo_left/EPnPv2_gt_mesh_z_hybrid_labels/4896726756388_0.json,T_map_object_raw,T_camera_object_centered,12367.503816668173,3.233409504000623,22.288587070758926
image_4896782891150,1,2787,3017,0.26953125,/media/hdd2/ARCL_multicar_bags/camera_dataset/2026-05-18-v2-v4/stereo_left/EPnPv2_gt_mesh_z_hybrid_labels/4896782891150_0.json,/media/hdd2/ARCL_multicar_bags/camera_dataset/2026-05-18-v2-v4/stereo_left/EPnPv2_gt_mesh_z_hybrid_labels/4896782891150_0.json,T_map_object_raw,T_camera_object_centered,12718.030559731234,2.9438647684213426,3.0267999682974005
image_4896882347349,1,2788,3019,0.24609375,/media/hdd2/ARCL_multicar_bags/camera_dataset/2026-05-18-v2-v4/stereo_left/EPnPv2_gt_mesh_z_hybrid_labels/4896882347349_0.json,/media/hdd2/ARCL_multicar_bags/camera_dataset/2026-05-18-v2-v4/stereo_left/EPnPv2_gt_mesh_z_hybrid_labels/4896882347349_0.json,T_map_object_raw,T_camera_object_centered,14218.677819461978,2.626745549660718,10.11801479852858
image_4896982902483,1,2789,3021,0.23828125,/media/hdd2/ARCL_multicar_bags/camera_dataset/2026-05-18-v2-v4/stereo_left/EPnPv2_gt_mesh_z_hybrid_labels/4896982902483_0.json,/media/hdd2/ARCL_multicar_bags/camera_dataset/2026-05-18-v2-v4/stereo_left/EPnPv2_gt_mesh_z_hybrid_labels/4896982902483_0.json,T_map_object_raw,T_camera_object_centered,16822.21751349626,3.384693844883899,5.579455996784523
image_4897088489668,1,2790,3023,0.2578125,/media/hdd2/ARCL_multicar_bags/camera_dataset/2026-05-18-v2-v4/stereo_left/EPnPv2_gt_mesh_z_hybrid_labels/4897088489668_0.json,/media/hdd2/ARCL_multicar_bags/camera_dataset/2026-05-18-v2-v4/stereo_left/EPnPv2_gt_mesh_z_hybrid_labels/4897088489668_0.json,T_map_object_raw,T_camera_object_centered,14986.703581002992,4.443305949257638,7.0126536901764895
image_4897182313867,1,2791,3027,0.25,/media/hdd2/ARCL_multicar_bags/camera_dataset/2026-05-18-v2-v4/stereo_left/EPnPv2_gt_mesh_z_hybrid_labels/4897182313867_0.json,/media/hdd2/ARCL_multicar_bags/camera_dataset/2026-05-18-v2-v4/stereo_left/EPnPv2_gt_mesh_z_hybrid_labels/4897182313867_0.json,T_map_object_raw,T_camera_object_centered,16454.62929820525,3.5166447523026054,7.939507615022031
image_4897289209704,1,2792,3029,0.2421875,/media/hdd2/ARCL_multicar_bags/camera_dataset/2026-05-18-v2-v4/stereo_left/EPnPv2_gt_mesh_z_hybrid_labels/4897289209704_0.json,/media/hdd2/ARCL_multicar_bags/camera_dataset/2026-05-18-v2-v4/stereo_left/EPnPv2_gt_mesh_z_hybrid_labels/4897289209704_0.json,T_map_object_raw,T_camera_object_centered,14275.6421138919,2.7914542334594046,6.494943033262361
image_4897383004499,1,2793,3031,0.234375,/media/hdd2/ARCL_multicar_bags/camera_dataset/2026-05-18-v2-v4/stereo_left/EPnPv2_gt_mesh_z_hybrid_labels/4897383004499_0.json,/media/hdd2/ARCL_multicar_bags/camera_dataset/2026-05-18-v2-v4/stereo_left/EPnPv2_gt_mesh_z_hybrid_labels/4897383004499_0.json,T_map_object_raw,T_camera_object_centered,16000.809579651883,3.43787419714014,6.138176867014067
image_4897484010333,1,2794,3033,0.25390625,/media/hdd2/ARCL_multicar_bags/camera_dataset/2026-05-18-v2-v4/stereo_left/EPnPv2_gt_mesh_z_hybrid_labels/4897484010333_0.json,/media/hdd2/ARCL_multicar_bags/camera_dataset/2026-05-18-v2-v4/stereo_left/EPnPv2_gt_mesh_z_hybrid_labels/4897484010333_0.json,T_map_object_raw,T_camera_object_centered,15690.516008221332,3.74904565949048,7.320116188579211
image_4897588007115,1,2795,3035,0.23046875,/media/hdd2/ARCL_multicar_bags/camera_dataset/2026-05-18-v2-v4/stereo_left/EPnPv2_gt_mesh_z_hybrid_labels/4897588007115_0.json,/media/hdd2/ARCL_multicar_bags/camera_dataset/2026-05-18-v2-v4/stereo_left/EPnPv2_gt_mesh_z_hybrid_labels/4897588007115_0.json,T_map_object_raw,T_camera_object_centered,12586.802582497206,5.386097541374577,7.739017566790014
image_4897886977632,1,2797,3040,0.22265625,/media/hdd2/ARCL_multicar_bags/camera_dataset/2026-05-18-v2-v4/stereo_left/EPnPv2_gt_mesh_z_hybrid_labels/4897886977632_0.json,/media/hdd2/ARCL_multicar_bags/camera_dataset/2026-05-18-v2-v4/stereo_left/EPnPv2_gt_mesh_z_hybrid_labels/4897886977632_0.json,T_map_object_raw,T_camera_object_centered,14468.370202496137,5.453773164765435,11.188160469543467
image_4897986473199,1,2798,3042,0.2421875,/media/hdd2/ARCL_multicar_bags/camera_dataset/2026-05-18-v2-v4/stereo_left/EPnPv2_gt_mesh_z_hybrid_labels/4897986473199_0.json,/media/hdd2/ARCL_multicar_bags/camera_dataset/2026-05-18-v2-v4/stereo_left/EPnPv2_gt_mesh_z_hybrid_labels/4897986473199_0.json,T_map_object_raw,T_camera_object_centered,12473.092902963113,6.664231490724472,10.107907013526509
image_4898092945042,1,2799,3044,0.23828125,/media/hdd2/ARCL_multicar_bags/camera_dataset/2026-05-18-v2-v4/stereo_left/EPnPv2_gt_mesh_z_hybrid_labels/4898092945042_0.json,/media/hdd2/ARCL_multicar_bags/camera_dataset/2026-05-18-v2-v4/stereo_left/EPnPv2_gt_mesh_z_hybrid_labels/4898092945042_0.json,T_map_object_raw,T_camera_object_centered,15450.885514997437,6.493358377242031,9.996629801253723
image_4898209551972,1,2800,3046,0.23828125,/media/hdd2/ARCL_multicar_bags/camera_dataset/2026-05-18-v2-v4/stereo_left/EPnPv2_gt_mesh_z_hybrid_labels/4898209551972_0.json,/media/hdd2/ARCL_multicar_bags/camera_dataset/2026-05-18-v2-v4/stereo_left/EPnPv2_gt_mesh_z_hybrid_labels/4898209551972_0.json,T_map_object_raw,T_camera_object_centered,12739.389435142506,7.335559598985595,11.84668618048696
image_4898295948056,1,2801,3050,0.2421875,/media/hdd2/ARCL_multicar_bags/camera_dataset/2026-05-18-v2-v4/stereo_left/EPnPv2_gt_mesh_z_hybrid_labels/4898295948056_0.json,/media/hdd2/ARCL_multicar_bags/camera_dataset/2026-05-18-v2-v4/stereo_left/EPnPv2_gt_mesh_z_hybrid_labels/4898295948056_0.json,T_map_object_raw,T_camera_object_centered,14837.7775761482,7.140165892141777,13.342237062529046
image_4983893093118,1,2856,3127,0.24609375,/media/hdd2/ARCL_multicar_bags/camera_dataset/2026-05-18-v2-v4/stereo_left/EPnPv2_gt_mesh_z_hybrid_labels/4983893093118_0.json,/media/hdd2/ARCL_multicar_bags/camera_dataset/2026-05-18-v2-v4/stereo_left/EPnPv2_gt_mesh_z_hybrid_labels/4983893093118_0.json,T_map_object_raw,T_camera_object_centered,19459.202211148364,7.461395776508493,18.76472351540995
image_4983985941082,1,2857,3128,0.20703125,/media/hdd2/ARCL_multicar_bags/camera_dataset/2026-05-18-v2-v4/stereo_left/EPnPv2_gt_mesh_z_hybrid_labels/4983985941082_0.json,/media/hdd2/ARCL_multicar_bags/camera_dataset/2026-05-18-v2-v4/stereo_left/EPnPv2_gt_mesh_z_hybrid_labels/4983985941082_0.json,T_map_object_raw,T_camera_object_centered,15684.589319221051,7.094320698347579,22.800970244574266
image_4984083963668,1,2858,3129,0.22265625,/media/hdd2/ARCL_multicar_bags/camera_dataset/2026-05-18-v2-v4/stereo_left/EPnPv2_gt_mesh_z_hybrid_labels/4984083963668_0.json,/media/hdd2/ARCL_multicar_bags/camera_dataset/2026-05-18-v2-v4/stereo_left/EPnPv2_gt_mesh_z_hybrid_labels/4984083963668_0.json,T_map_object_raw,T_camera_object_centered,17525.802514778556,5.552087063735044,19.11383540760423
image_4984185732928,1,2859,3130,0.20703125,/media/hdd2/ARCL_multicar_bags/camera_dataset/2026-05-18-v2-v4/stereo_left/EPnPv2_gt_mesh_z_hybrid_labels/4984185732928_0.json,/media/hdd2/ARCL_multicar_bags/camera_dataset/2026-05-18-v2-v4/stereo_left/EPnPv2_gt_mesh_z_hybrid_labels/4984185732928_0.json,T_map_object_raw,T_camera_object_centered,13938.192444457718,5.011588698881823,18.981521435200285
image_4985286493674,1,2869,3142,0.1484375,/media/hdd2/ARCL_multicar_bags/camera_dataset/2026-05-18-v2-v4/stereo_left/EPnPv2_gt_mesh_z_hybrid_labels/4985286493674_0.json,/media/hdd2/ARCL_multicar_bags/camera_dataset/2026-05-18-v2-v4/stereo_left/EPnPv2_gt_mesh_z_hybrid_labels/4985286493674_0.json,T_map_object_raw,T_camera_object_centered,18402.436853705505,2.942378961817903,21.420760108861938
image_4986789726236,1,2881,3158,0.25390625,/media/hdd2/ARCL_multicar_bags/camera_dataset/2026-05-18-v2-v4/stereo_left/EPnPv2_gt_mesh_z_hybrid_labels/4986789726236_0.json,/media/hdd2/ARCL_multicar_bags/camera_dataset/2026-05-18-v2-v4/stereo_left/EPnPv2_gt_mesh_z_hybrid_labels/4986789726236_0.json,T_map_object_raw,T_camera_object_centered,15212.03446986875,2.540915209044426,17.076859961006907
image_4986884379172,1,2882,3160,0.21484375,/media/hdd2/ARCL_multicar_bags/camera_dataset/2026-05-18-v2-v4/stereo_left/EPnPv2_gt_mesh_z_hybrid_labels/4986884379172_0.json,/media/hdd2/ARCL_multicar_bags/camera_dataset/2026-05-18-v2-v4/stereo_left/EPnPv2_gt_mesh_z_hybrid_labels/4986884379172_0.json,T_map_object_raw,T_camera_object_centered,17937.386549730436,2.9066872963180073,18.154903057897567
image_4987111707506,1,2884,3164,0.265625,/media/hdd2/ARCL_multicar_bags/camera_dataset/2026-05-18-v2-v4/stereo_left/EPnPv2_gt_mesh_z_hybrid_labels/4987111707506_0.json,/media/hdd2/ARCL_multicar_bags/camera_dataset/2026-05-18-v2-v4/stereo_left/EPnPv2_gt_mesh_z_hybrid_labels/4987111707506_0.json,T_map_object_raw,T_camera_object_centered,13518.714364037023,2.6676954839319738,13.253357102183516
image_4987898470843,1,2891,3173,0.2421875,/media/hdd2/ARCL_multicar_bags/camera_dataset/2026-05-18-v2-v4/stereo_left/EPnPv2_gt_mesh_z_hybrid_labels/4987898470843_0.json,/media/hdd2/ARCL_multicar_bags/camera_dataset/2026-05-18-v2-v4/stereo_left/EPnPv2_gt_mesh_z_hybrid_labels/4987898470843_0.json,T_map_object_raw,T_camera_object_centered,13698.739146257009,2.7654270340368856,13.643341866580299
image_4987982824818,1,2892,3174,0.21484375,/media/hdd2/ARCL_multicar_bags/camera_dataset/2026-05-18-v2-v4/stereo_left/EPnPv2_gt_mesh_z_hybrid_labels/4987982824818_0.json,/media/hdd2/ARCL_multicar_bags/camera_dataset/2026-05-18-v2-v4/stereo_left/EPnPv2_gt_mesh_z_hybrid_labels/4987982824818_0.json,T_map_object_raw,T_camera_object_centered,13638.34182124366,3.9772212137618643,13.03872454074915
image_4988086496281,1,2893,3175,0.23046875,/media/hdd2/ARCL_multicar_bags/camera_dataset/2026-05-18-v2-v4/stereo_left/EPnPv2_gt_mesh_z_hybrid_labels/4988086496281_0.json,/media/hdd2/ARCL_multicar_bags/camera_dataset/2026-05-18-v2-v4/stereo_left/EPnPv2_gt_mesh_z_hybrid_labels/4988086496281_0.json,T_map_object_raw,T_camera_object_centered,18884.11571435108,2.3938522034975414,17.512225576336004
image_4988216998253,1,2894,3176,0.19921875,/media/hdd2/ARCL_multicar_bags/camera_dataset/2026-05-18-v2-v4/stereo_left/EPnPv2_gt_mesh_z_hybrid_labels/4988216998253_0.json,/media/hdd2/ARCL_multicar_bags/camera_dataset/2026-05-18-v2-v4/stereo_left/EPnPv2_gt_mesh_z_hybrid_labels/4988216998253_0.json,T_map_object_raw,T_camera_object_centered,15657.052996246233,3.97159271932804,14.098986747293388
image_4991686825968,1,2926,3213,0.16015625,/media/hdd2/ARCL_multicar_bags/camera_dataset/2026-05-18-v2-v4/stereo_left/EPnPv2_gt_mesh_z_hybrid_labels/4991686825968_0.json,/media/hdd2/ARCL_multicar_bags/camera_dataset/2026-05-18-v2-v4/stereo_left/EPnPv2_gt_mesh_z_hybrid_labels/4991686825968_0.json,T_map_object_raw,T_camera_object_centered,20262.110308507887,2.171921569527818,12.450474970621432
image_4996785920017,1,2940,3228,0.1328125,/media/hdd2/ARCL_multicar_bags/camera_dataset/2026-05-18-v2-v4/stereo_left/EPnPv2_gt_mesh_z_hybrid_labels/4996785920017_0.json,/media/hdd2/ARCL_multicar_bags/camera_dataset/2026-05-18-v2-v4/stereo_left/EPnPv2_gt_mesh_z_hybrid_labels/4996785920017_0.json,T_map_object_raw,T_camera_object_centered,15541.167671286834,2.9617277785315363,15.365143113927546
image_4996982505203,1,2942,3232,0.15625,/media/hdd2/ARCL_multicar_bags/camera_dataset/2026-05-18-v2-v4/stereo_left/EPnPv2_gt_mesh_z_hybrid_labels/4996982505203_0.json,/media/hdd2/ARCL_multicar_bags/camera_dataset/2026-05-18-v2-v4/stereo_left/EPnPv2_gt_mesh_z_hybrid_labels/4996982505203_0.json,T_map_object_raw,T_camera_object_centered,14552.506879363667,2.607520174676116,10.77162982922866
image_4997395065981,1,2946,3236,0.1171875,/media/hdd2/ARCL_multicar_bags/camera_dataset/2026-05-18-v2-v4/stereo_left/EPnPv2_gt_mesh_z_hybrid_labels/4997395065981_0.json,/media/hdd2/ARCL_multicar_bags/camera_dataset/2026-05-18-v2-v4/stereo_left/EPnPv2_gt_mesh_z_hybrid_labels/4997395065981_0.json,T_map_object_raw,T_camera_object_centered,18498.51738519212,4.459644819734164,8.950391122237502
image_4997592899846,1,2948,3238,0.1171875,/media/hdd2/ARCL_multicar_bags/camera_dataset/2026-05-18-v2-v4/stereo_left/EPnPv2_gt_mesh_z_hybrid_labels/4997592899846_0.json,/media/hdd2/ARCL_multicar_bags/camera_dataset/2026-05-18-v2-v4/stereo_left/EPnPv2_gt_mesh_z_hybrid_labels/4997592899846_0.json,T_map_object_raw,T_camera_object_centered,12689.469701164271,2.7782522148966513,4.033376829743854
image_4998483278705,1,2956,3248,0.16015625,/media/hdd2/ARCL_multicar_bags/camera_dataset/2026-05-18-v2-v4/stereo_left/EPnPv2_gt_mesh_z_hybrid_labels/4998483278705_0.json,/media/hdd2/ARCL_multicar_bags/camera_dataset/2026-05-18-v2-v4/stereo_left/EPnPv2_gt_mesh_z_hybrid_labels/4998483278705_0.json,T_map_object_raw,T_camera_object_centered,20119.732233842118,4.861526928665468,7.696858519756225
image_5000383665259,1,2975,3270,0.078125,/media/hdd2/ARCL_multicar_bags/camera_dataset/2026-05-18-v2-v4/stereo_left/EPnPv2_gt_mesh_z_hybrid_labels/5000383665259_0.json,/media/hdd2/ARCL_multicar_bags/camera_dataset/2026-05-18-v2-v4/stereo_left/EPnPv2_gt_mesh_z_hybrid_labels/5000383665259_0.json,T_map_object_raw,T_camera_object_centered,13455.231204702835,5.451235788741715,5.480229528666267
image_5001082585146,1,2982,3279,0.12109375,/media/hdd2/ARCL_multicar_bags/camera_dataset/2026-05-18-v2-v4/stereo_left/EPnPv2_gt_mesh_z_hybrid_labels/5001082585146_0.json,/media/hdd2/ARCL_multicar_bags/camera_dataset/2026-05-18-v2-v4/stereo_left/EPnPv2_gt_mesh_z_hybrid_labels/5001082585146_0.json,T_map_object_raw,T_camera_object_centered,12855.312559358386,1.0427702484008399,7.481355532007425
image_5001885981061,1,2990,3287,0.078125,/media/hdd2/ARCL_multicar_bags/camera_dataset/2026-05-18-v2-v4/stereo_left/EPnPv2_gt_mesh_z_hybrid_labels/5001885981061_0.json,/media/hdd2/ARCL_multicar_bags/camera_dataset/2026-05-18-v2-v4/stereo_left/EPnPv2_gt_mesh_z_hybrid_labels/5001885981061_0.json,T_map_object_raw,T_camera_object_centered,16579.912303461693,3.9918133285538633,14.71452380711991
image_5001984172165,1,2991,3289,0.05859375,/media/hdd2/ARCL_multicar_bags/camera_dataset/2026-05-18-v2-v4/stereo_left/EPnPv2_gt_mesh_z_hybrid_labels/5001984172165_0.json,/media/hdd2/ARCL_multicar_bags/camera_dataset/2026-05-18-v2-v4/stereo_left/EPnPv2_gt_mesh_z_hybrid_labels/5001984172165_0.json,T_map_object_raw,T_camera_object_centered,19849.89777892047,7.594729707277982,16.686354884946606
image_5050989834072,1,3097,1378,0.234375,/media/hdd2/ARCL_multicar_bags/camera_dataset/2026-05-18-v2-v4/stereo_left/EPnPv2_gt_mesh_z_hybrid_labels/5050989834072_0.json,/media/hdd2/ARCL_multicar_bags/camera_dataset/2026-05-18-v2-v4/stereo_left/EPnPv2_gt_mesh_z_hybrid_labels/5050989834072_0.json,T_map_object_raw,T_camera_object_centered,18770.327070254225,5.012878303723182,15.028557251034023
image_5051084633799,1,3098,1381,0.23828125,/media/hdd2/ARCL_multicar_bags/camera_dataset/2026-05-18-v2-v4/stereo_left/EPnPv2_gt_mesh_z_hybrid_labels/5051084633799_0.json,/media/hdd2/ARCL_multicar_bags/camera_dataset/2026-05-18-v2-v4/stereo_left/EPnPv2_gt_mesh_z_hybrid_labels/5051084633799_0.json,T_map_object_raw,T_camera_object_centered,18793.917642206135,4.748404053413206,13.073057182720746
image_5051486586942,1,3102,1394,0.22265625,/media/hdd2/ARCL_multicar_bags/camera_dataset/2026-05-18-v2-v4/stereo_left/EPnPv2_gt_mesh_z_hybrid_labels/5051486586942_0.json,/media/hdd2/ARCL_multicar_bags/camera_dataset/2026-05-18-v2-v4/stereo_left/EPnPv2_gt_mesh_z_hybrid_labels/5051486586942_0.json,T_map_object_raw,T_camera_object_centered,16222.882581815962,3.8608398644397175,14.152400069377197
image_5051586474653,1,3103,1397,0.2109375,/media/hdd2/ARCL_multicar_bags/camera_dataset/2026-05-18-v2-v4/stereo_left/EPnPv2_gt_mesh_z_hybrid_labels/5051586474653_0.json,/media/hdd2/ARCL_multicar_bags/camera_dataset/2026-05-18-v2-v4/stereo_left/EPnPv2_gt_mesh_z_hybrid_labels/5051586474653_0.json,T_map_object_raw,T_camera_object_centered,17703.704519149393,3.444953600045731,12.382752429134637
image_5051685259617,1,3104,1400,0.21875,/media/hdd2/ARCL_multicar_bags/camera_dataset/2026-05-18-v2-v4/stereo_left/EPnPv2_gt_mesh_z_hybrid_labels/5051685259617_0.json,/media/hdd2/ARCL_multicar_bags/camera_dataset/2026-05-18-v2-v4/stereo_left/EPnPv2_gt_mesh_z_hybrid_labels/5051685259617_0.json,T_map_object_raw,T_camera_object_centered,18633.99932869477,3.610790294679207,11.045029803905697
image_5051984356893,1,3107,1409,0.1953125,/media/hdd2/ARCL_multicar_bags/camera_dataset/2026-05-18-v2-v4/stereo_left/EPnPv2_gt_mesh_z_hybrid_labels/5051984356893_0.json,/media/hdd2/ARCL_multicar_bags/camera_dataset/2026-05-18-v2-v4/stereo_left/EPnPv2_gt_mesh_z_hybrid_labels/5051984356893_0.json,T_map_object_raw,T_camera_object_centered,16866.523269444344,3.6855891575917927,11.054738570697701
image_5052098885083,1,3108,1411,0.2265625,/media/hdd2/ARCL_multicar_bags/camera_dataset/2026-05-18-v2-v4/stereo_left/EPnPv2_gt_mesh_z_hybrid_labels/5052098885083_0.json,/media/hdd2/ARCL_multicar_bags/camera_dataset/2026-05-18-v2-v4/stereo_left/EPnPv2_gt_mesh_z_hybrid_labels/5052098885083_0.json,T_map_object_raw,T_camera_object_centered,17978.067395686587,3.816194394371031,11.771817810227505
image_5052487156754,1,3111,1418,0.1484375,/media/hdd2/ARCL_multicar_bags/camera_dataset/2026-05-18-v2-v4/stereo_left/EPnPv2_gt_mesh_z_hybrid_labels/5052487156754_0.json,/media/hdd2/ARCL_multicar_bags/camera_dataset/2026-05-18-v2-v4/stereo_left/EPnPv2_gt_mesh_z_hybrid_labels/5052487156754_0.json,T_map_object_raw,T_camera_object_centered,16688.773225451405,4.80068950040092,11.08781905747113
image_5052584522954,1,3112,1420,0.2421875,/media/hdd2/ARCL_multicar_bags/camera_dataset/2026-05-18-v2-v4/stereo_left/EPnPv2_gt_mesh_z_hybrid_labels/5052584522954_0.json,/media/hdd2/ARCL_multicar_bags/camera_dataset/2026-05-18-v2-v4/stereo_left/EPnPv2_gt_mesh_z_hybrid_labels/5052584522954_0.json,T_map_object_raw,T_camera_object_centered,16871.448665056607,5.228064154831509,10.068008351089059
image_5052692358088,1,3113,1422,0.21484375,/media/hdd2/ARCL_multicar_bags/camera_dataset/2026-05-18-v2-v4/stereo_left/EPnPv2_gt_mesh_z_hybrid_labels/5052692358088_0.json,/media/hdd2/ARCL_multicar_bags/camera_dataset/2026-05-18-v2-v4/stereo_left/EPnPv2_gt_mesh_z_hybrid_labels/5052692358088_0.json,T_map_object_raw,T_camera_object_centered,19262.799349498866,4.040453065619969,10.907681136359644
image_5052888095287,1,3115,1427,0.234375,/media/hdd2/ARCL_multicar_bags/camera_dataset/2026-05-18-v2-v4/stereo_left/EPnPv2_gt_mesh_z_hybrid_labels/5052888095287_0.json,/media/hdd2/ARCL_multicar_bags/camera_dataset/2026-05-18-v2-v4/stereo_left/EPnPv2_gt_mesh_z_hybrid_labels/5052888095287_0.json,T_map_object_raw,T_camera_object_centered,18396.26350295206,3.784345656587157,9.68394928360488
image_5053000212374,1,3116,1429,0.22265625,/media/hdd2/ARCL_multicar_bags/camera_dataset/2026-05-18-v2-v4/stereo_left/EPnPv2_gt_mesh_z_hybrid_labels/5053000212374_0.json,/media/hdd2/ARCL_multicar_bags/camera_dataset/2026-05-18-v2-v4/stereo_left/EPnPv2_gt_mesh_z_hybrid_labels/5053000212374_0.json,T_map_object_raw,T_camera_object_centered,19281.986946782457,3.956412903270129,10.268629857942875
image_5053086099402,1,3117,1431,0.2109375,/media/hdd2/ARCL_multicar_bags/camera_dataset/2026-05-18-v2-v4/stereo_left/EPnPv2_gt_mesh_z_hybrid_labels/5053086099402_0.json,/media/hdd2/ARCL_multicar_bags/camera_dataset/2026-05-18-v2-v4/stereo_left/EPnPv2_gt_mesh_z_hybrid_labels/5053086099402_0.json,T_map_object_raw,T_camera_object_centered,19203.940834062585,4.074933542687945,7.8087855625728935
image_5053183916320,1,3118,1433,0.19921875,/media/hdd2/ARCL_multicar_bags/camera_dataset/2026-05-18-v2-v4/stereo_left/EPnPv2_gt_mesh_z_hybrid_labels/5053183916320_0.json,/media/hdd2/ARCL_multicar_bags/camera_dataset/2026-05-18-v2-v4/stereo_left/EPnPv2_gt_mesh_z_hybrid_labels/5053183916320_0.json,T_map_object_raw,T_camera_object_centered,17178.279734448013,3.9923171833561053,8.329462882255067
image_5053294419217,1,3119,1435,0.20703125,/media/hdd2/ARCL_multicar_bags/camera_dataset/2026-05-18-v2-v4/stereo_left/EPnPv2_gt_mesh_z_hybrid_labels/5053294419217_0.json,/media/hdd2/ARCL_multicar_bags/camera_dataset/2026-05-18-v2-v4/stereo_left/EPnPv2_gt_mesh_z_hybrid_labels/5053294419217_0.json,T_map_object_raw,T_camera_object_centered,19984.74769397953,3.5620193319356632,7.9189314269025095
image_5053383931793,1,3120,1438,0.19921875,/media/hdd2/ARCL_multicar_bags/camera_dataset/2026-05-18-v2-v4/stereo_left/EPnPv2_gt_mesh_z_hybrid_labels/5053383931793_0.json,/media/hdd2/ARCL_multicar_bags/camera_dataset/2026-05-18-v2-v4/stereo_left/EPnPv2_gt_mesh_z_hybrid_labels/5053383931793_0.json,T_map_object_raw,T_camera_object_centered,17129.3622930338,2.498061507864466,7.004410509688755
image_5053491513727,1,3121,1440,0.20703125,/media/hdd2/ARCL_multicar_bags/camera_dataset/2026-05-18-v2-v4/stereo_left/EPnPv2_gt_mesh_z_hybrid_labels/5053491513727_0.json,/media/hdd2/ARCL_multicar_bags/camera_dataset/2026-05-18-v2-v4/stereo_left/EPnPv2_gt_mesh_z_hybrid_labels/5053491513727_0.json,T_map_object_raw,T_camera_object_centered,18544.87254949677,3.796920401251753,9.89002011583157
image_5053787773393,1,3124,1446,0.21875,/media/hdd2/ARCL_multicar_bags/camera_dataset/2026-05-18-v2-v4/stereo_left/EPnPv2_gt_mesh_z_hybrid_labels/5053787773393_0.json,/media/hdd2/ARCL_multicar_bags/camera_dataset/2026-05-18-v2-v4/stereo_left/EPnPv2_gt_mesh_z_hybrid_labels/5053787773393_0.json,T_map_object_raw,T_camera_object_centered,15673.558706240332,3.5615231430980185,7.774720761634555
image_5053983919861,1,3126,1451,0.1875,/media/hdd2/ARCL_multicar_bags/camera_dataset/2026-05-18-v2-v4/stereo_left/EPnPv2_gt_mesh_z_hybrid_labels/5053983919861_0.json,/media/hdd2/ARCL_multicar_bags/camera_dataset/2026-05-18-v2-v4/stereo_left/EPnPv2_gt_mesh_z_hybrid_labels/5053983919861_0.json,T_map_object_raw,T_camera_object_centered,17613.584691301625,4.405824624175598,4.875902980262389
image_5054087011626,1,3127,1453,0.22265625,/media/hdd2/ARCL_multicar_bags/camera_dataset/2026-05-18-v2-v4/stereo_left/EPnPv2_gt_mesh_z_hybrid_labels/5054087011626_0.json,/media/hdd2/ARCL_multicar_bags/camera_dataset/2026-05-18-v2-v4/stereo_left/EPnPv2_gt_mesh_z_hybrid_labels/5054087011626_0.json,T_map_object_raw,T_camera_object_centered,17423.637485863223,3.430483579857901,4.10525452113591
image_5054183932104,1,3128,1455,0.203125,/media/hdd2/ARCL_multicar_bags/camera_dataset/2026-05-18-v2-v4/stereo_left/EPnPv2_gt_mesh_z_hybrid_labels/5054183932104_0.json,/media/hdd2/ARCL_multicar_bags/camera_dataset/2026-05-18-v2-v4/stereo_left/EPnPv2_gt_mesh_z_hybrid_labels/5054183932104_0.json,T_map_object_raw,T_camera_object_centered,15677.357292233246,4.2267721108580885,5.917223549022256
image_5054287544187,1,3129,1457,0.203125,/media/hdd2/ARCL_multicar_bags/camera_dataset/2026-05-18-v2-v4/stereo_left/EPnPv2_gt_mesh_z_hybrid_labels/5054287544187_0.json,/media/hdd2/ARCL_multicar_bags/camera_dataset/2026-05-18-v2-v4/stereo_left/EPnPv2_gt_mesh_z_hybrid_labels/5054287544187_0.json,T_map_object_raw,T_camera_object_centered,17919.50597057265,3.311793546825642,6.096039188640684
image_5056083970546,1,3147,1498,0.22265625,/media/hdd2/ARCL_multicar_bags/camera_dataset/2026-05-18-v2-v4/stereo_left/EPnPv2_gt_mesh_z_hybrid_labels/5056083970546_0.json,/media/hdd2/ARCL_multicar_bags/camera_dataset/2026-05-18-v2-v4/stereo_left/EPnPv2_gt_mesh_z_hybrid_labels/5056083970546_0.json,T_map_object_raw,T_camera_object_centered,18908.783906790042,6.737670213870456,3.056571391026543
image_5056699953346,1,3153,1511,0.26171875,/media/hdd2/ARCL_multicar_bags/camera_dataset/2026-05-18-v2-v4/stereo_left/EPnPv2_gt_mesh_z_hybrid_labels/5056699953346_0.json,/media/hdd2/ARCL_multicar_bags/camera_dataset/2026-05-18-v2-v4/stereo_left/EPnPv2_gt_mesh_z_hybrid_labels/5056699953346_0.json,T_map_object_raw,T_camera_object_centered,19322.80193395396,13.417190123477104,1.3021270866082102
image_5056699953346,1,3153,1511,0.26171875,/media/hdd2/ARCL_multicar_bags/camera_dataset/2026-05-18-v2-v4/stereo_left/EPnPv2_gt_mesh_z_hybrid_labels/5056699953346_1.json,/media/hdd2/ARCL_multicar_bags/camera_dataset/2026-05-18-v2-v4/stereo_left/EPnPv2_gt_mesh_z_hybrid_labels/5056699953346_1.json,T_map_object_raw,T_camera_object_centered,19322.80193395396,13.417190123477104,1.3021270866082102
image_5056783978085,1,3154,1513,0.2421875,/media/hdd2/ARCL_multicar_bags/camera_dataset/2026-05-18-v2-v4/stereo_left/EPnPv2_gt_mesh_z_hybrid_labels/5056783978085_0.json,/media/hdd2/ARCL_multicar_bags/camera_dataset/2026-05-18-v2-v4/stereo_left/EPnPv2_gt_mesh_z_hybrid_labels/5056783978085_0.json,T_map_object_raw,T_camera_object_centered,19372.02294304378,14.007546540676955,1.2327255268399973
image_5063395644607,1,3181,1576,0.265625,/media/hdd2/ARCL_multicar_bags/camera_dataset/2026-05-18-v2-v4/stereo_left/EPnPv2_gt_mesh_z_hybrid_labels/5063395644607_0.json,/media/hdd2/ARCL_multicar_bags/camera_dataset/2026-05-18-v2-v4/stereo_left/EPnPv2_gt_mesh_z_hybrid_labels/5063395644607_0.json,T_map_object_raw,T_camera_object_centered,17382.539976835782,11.843822348713383,5.191297118135297
image_5063488231818,1,3182,1578,0.2734375,/media/hdd2/ARCL_multicar_bags/camera_dataset/2026-05-18-v2-v4/stereo_left/EPnPv2_gt_mesh_z_hybrid_labels/5063488231818_0.json,/media/hdd2/ARCL_multicar_bags/camera_dataset/2026-05-18-v2-v4/stereo_left/EPnPv2_gt_mesh_z_hybrid_labels/5063488231818_0.json,T_map_object_raw,T_camera_object_centered,18496.760099165538,11.079321710719004,7.581121466847614
image_5063585015406,1,3183,1580,0.2421875,/media/hdd2/ARCL_multicar_bags/camera_dataset/2026-05-18-v2-v4/stereo_left/EPnPv2_gt_mesh_z_hybrid_labels/5063585015406_0.json,/media/hdd2/ARCL_multicar_bags/camera_dataset/2026-05-18-v2-v4/stereo_left/EPnPv2_gt_mesh_z_hybrid_labels/5063585015406_0.json,T_map_object_raw,T_camera_object_centered,13016.879190266633,8.540162476348012,5.100993590039984
image_5063695679144,1,3184,1582,0.2578125,/media/hdd2/ARCL_multicar_bags/camera_dataset/2026-05-18-v2-v4/stereo_left/EPnPv2_gt_mesh_z_hybrid_labels/5063695679144_0.json,/media/hdd2/ARCL_multicar_bags/camera_dataset/2026-05-18-v2-v4/stereo_left/EPnPv2_gt_mesh_z_hybrid_labels/5063695679144_0.json,T_map_object_raw,T_camera_object_centered,16954.878918878105,7.146864094127972,4.027134577614733
image_5063785897194,1,3185,1584,0.23828125,/media/hdd2/ARCL_multicar_bags/camera_dataset/2026-05-18-v2-v4/stereo_left/EPnPv2_gt_mesh_z_hybrid_labels/5063785897194_0.json,/media/hdd2/ARCL_multicar_bags/camera_dataset/2026-05-18-v2-v4/stereo_left/EPnPv2_gt_mesh_z_hybrid_labels/5063785897194_0.json,T_map_object_raw,T_camera_object_centered,13689.859761223977,5.788881727117523,0.7707951975640136
image_5063886027568,1,3186,1588,0.25,/media/hdd2/ARCL_multicar_bags/camera_dataset/2026-05-18-v2-v4/stereo_left/EPnPv2_gt_mesh_z_hybrid_labels/5063886027568_0.json,/media/hdd2/ARCL_multicar_bags/camera_dataset/2026-05-18-v2-v4/stereo_left/EPnPv2_gt_mesh_z_hybrid_labels/5063886027568_0.json,T_map_object_raw,T_camera_object_centered,14223.084913192795,4.316830891568028,1.1533240950993204
image_5063984305440,1,3187,1590,0.25,/media/hdd2/ARCL_multicar_bags/camera_dataset/2026-05-18-v2-v4/stereo_left/EPnPv2_gt_mesh_z_hybrid_labels/5063984305440_0.json,/media/hdd2/ARCL_multicar_bags/camera_dataset/2026-05-18-v2-v4/stereo_left/EPnPv2_gt_mesh_z_hybrid_labels/5063984305440_0.json,T_map_object_raw,T_camera_object_centered,16885.356598344748,3.638969673067713,2.9351809873928754
image_5064090558055,1,3188,1592,0.234375,/media/hdd2/ARCL_multicar_bags/camera_dataset/2026-05-18-v2-v4/stereo_left/EPnPv2_gt_mesh_z_hybrid_labels/5064090558055_0.json,/media/hdd2/ARCL_multicar_bags/camera_dataset/2026-05-18-v2-v4/stereo_left/EPnPv2_gt_mesh_z_hybrid_labels/5064090558055_0.json,T_map_object_raw,T_camera_object_centered,16595.88517813576,4.910717150678102,4.239424369062686
image_5064187355553,1,3189,1594,0.2578125,/media/hdd2/ARCL_multicar_bags/camera_dataset/2026-05-18-v2-v4/stereo_left/EPnPv2_gt_mesh_z_hybrid_labels/5064187355553_0.json,/media/hdd2/ARCL_multicar_bags/camera_dataset/2026-05-18-v2-v4/stereo_left/EPnPv2_gt_mesh_z_hybrid_labels/5064187355553_0.json,T_map_object_raw,T_camera_object_centered,12559.596601751478,2.771403671669806,1.3070248872478736
image_5064285771503,1,3190,1596,0.24609375,/media/hdd2/ARCL_multicar_bags/camera_dataset/2026-05-18-v2-v4/stereo_left/EPnPv2_gt_mesh_z_hybrid_labels/5064285771503_0.json,/media/hdd2/ARCL_multicar_bags/camera_dataset/2026-05-18-v2-v4/stereo_left/EPnPv2_gt_mesh_z_hybrid_labels/5064285771503_0.json,T_map_object_raw,T_camera_object_centered,13789.407163546153,1.9615092629371231,3.5352711626187423
image_5064391945203,1,3191,1599,0.265625,/media/hdd2/ARCL_multicar_bags/camera_dataset/2026-05-18-v2-v4/stereo_left/EPnPv2_gt_mesh_z_hybrid_labels/5064391945203_0.json,/media/hdd2/ARCL_multicar_bags/camera_dataset/2026-05-18-v2-v4/stereo_left/EPnPv2_gt_mesh_z_hybrid_labels/5064391945203_0.json,T_map_object_raw,T_camera_object_centered,12633.681760580572,2.7190478502253863,0.960582490138797
image_5064502342169,1,3192,1601,0.2734375,/media/hdd2/ARCL_multicar_bags/camera_dataset/2026-05-18-v2-v4/stereo_left/EPnPv2_gt_mesh_z_hybrid_labels/5064502342169_0.json,/media/hdd2/ARCL_multicar_bags/camera_dataset/2026-05-18-v2-v4/stereo_left/EPnPv2_gt_mesh_z_hybrid_labels/5064502342169_0.json,T_map_object_raw,T_camera_object_centered,13651.120988709437,3.206381407223645,1.2350760075548044
image_5064588981135,1,3193,1603,0.24609375,/media/hdd2/ARCL_multicar_bags/camera_dataset/2026-05-18-v2-v4/stereo_left/EPnPv2_gt_mesh_z_hybrid_labels/5064588981135_0.json,/media/hdd2/ARCL_multicar_bags/camera_dataset/2026-05-18-v2-v4/stereo_left/EPnPv2_gt_mesh_z_hybrid_labels/5064588981135_0.json,T_map_object_raw,T_camera_object_centered,12518.158731029725,2.7647193763556874,0.6234848935397556
image_5064784656420,1,3195,1607,0.26171875,/media/hdd2/ARCL_multicar_bags/camera_dataset/2026-05-18-v2-v4/stereo_left/EPnPv2_gt_mesh_z_hybrid_labels/5064784656420_0.json,/media/hdd2/ARCL_multicar_bags/camera_dataset/2026-05-18-v2-v4/stereo_left/EPnPv2_gt_mesh_z_hybrid_labels/5064784656420_0.json,T_map_object_raw,T_camera_object_centered,16340.688582464762,4.37957524294067,5.246380394528677
image_5064884484301,1,3196,1610,0.2421875,/media/hdd2/ARCL_multicar_bags/camera_dataset/2026-05-18-v2-v4/stereo_left/EPnPv2_gt_mesh_z_hybrid_labels/5064884484301_0.json,/media/hdd2/ARCL_multicar_bags/camera_dataset/2026-05-18-v2-v4/stereo_left/EPnPv2_gt_mesh_z_hybrid_labels/5064884484301_0.json,T_map_object_raw,T_camera_object_centered,15571.506056164648,3.7453516164287293,1.9882555759963656
image_5064993080543,1,3197,1612,0.234375,/media/hdd2/ARCL_multicar_bags/camera_dataset/2026-05-18-v2-v4/stereo_left/EPnPv2_gt_mesh_z_hybrid_labels/5064993080543_0.json,/media/hdd2/ARCL_multicar_bags/camera_dataset/2026-05-18-v2-v4/stereo_left/EPnPv2_gt_mesh_z_hybrid_labels/5064993080543_0.json,T_map_object_raw,T_camera_object_centered,13932.857213970652,3.9739027304834904,1.279361071112542
image_5065085942439,1,3198,1614,0.2421875,/media/hdd2/ARCL_multicar_bags/camera_dataset/2026-05-18-v2-v4/stereo_left/EPnPv2_gt_mesh_z_hybrid_labels/5065085942439_0.json,/media/hdd2/ARCL_multicar_bags/camera_dataset/2026-05-18-v2-v4/stereo_left/EPnPv2_gt_mesh_z_hybrid_labels/5065085942439_0.json,T_map_object_raw,T_camera_object_centered,12965.962840223454,4.731082005311868,2.385387580369461
image_5065334521901,1,3200,1618,0.23828125,/media/hdd2/ARCL_multicar_bags/camera_dataset/2026-05-18-v2-v4/stereo_left/EPnPv2_gt_mesh_z_hybrid_labels/5065334521901_0.json,/media/hdd2/ARCL_multicar_bags/camera_dataset/2026-05-18-v2-v4/stereo_left/EPnPv2_gt_mesh_z_hybrid_labels/5065334521901_0.json,T_map_object_raw,T_camera_object_centered,12718.30945835389,7.79783982413467,2.5318485437070115
image_5065395802188,1,3201,1621,0.234375,/media/hdd2/ARCL_multicar_bags/camera_dataset/2026-05-18-v2-v4/stereo_left/EPnPv2_gt_mesh_z_hybrid_labels/5065395802188_0.json,/media/hdd2/ARCL_multicar_bags/camera_dataset/2026-05-18-v2-v4/stereo_left/EPnPv2_gt_mesh_z_hybrid_labels/5065395802188_0.json,T_map_object_raw,T_camera_object_centered,15727.902862379397,8.218893978418599,3.2928417889188233
image_5065484281401,1,3202,1623,0.24609375,/media/hdd2/ARCL_multicar_bags/camera_dataset/2026-05-18-v2-v4/stereo_left/EPnPv2_gt_mesh_z_hybrid_labels/5065484281401_0.json,/media/hdd2/ARCL_multicar_bags/camera_dataset/2026-05-18-v2-v4/stereo_left/EPnPv2_gt_mesh_z_hybrid_labels/5065484281401_0.json,T_map_object_raw,T_camera_object_centered,15787.541027892703,7.332377686194833,8.424241580442459
image_5065584847361,1,3203,1625,0.25,/media/hdd2/ARCL_multicar_bags/camera_dataset/2026-05-18-v2-v4/stereo_left/EPnPv2_gt_mesh_z_hybrid_labels/5065584847361_0.json,/media/hdd2/ARCL_multicar_bags/camera_dataset/2026-05-18-v2-v4/stereo_left/EPnPv2_gt_mesh_z_hybrid_labels/5065584847361_0.json,T_map_object_raw,T_camera_object_centered,15218.037605327425,8.737801396294524,9.59502995474901
image_5065686556610,1,3204,1627,0.2734375,/media/hdd2/ARCL_multicar_bags/camera_dataset/2026-05-18-v2-v4/stereo_left/EPnPv2_gt_mesh_z_hybrid_labels/5065686556610_0.json,/media/hdd2/ARCL_multicar_bags/camera_dataset/2026-05-18-v2-v4/stereo_left/EPnPv2_gt_mesh_z_hybrid_labels/5065686556610_0.json,T_map_object_raw,T_camera_object_centered,12790.281343643946,9.060998963603176,4.4342741255167715
image_5065784527182,1,3205,1629,0.25390625,/media/hdd2/ARCL_multicar_bags/camera_dataset/2026-05-18-v2-v4/stereo_left/EPnPv2_gt_mesh_z_hybrid_labels/5065784527182_0.json,/media/hdd2/ARCL_multicar_bags/camera_dataset/2026-05-18-v2-v4/stereo_left/EPnPv2_gt_mesh_z_hybrid_labels/5065784527182_0.json,T_map_object_raw,T_camera_object_centered,16607.400366507558,10.004555113251692,6.173880488122265
image_5066486757195,1,3210,1640,0.234375,/media/hdd2/ARCL_multicar_bags/camera_dataset/2026-05-18-v2-v4/stereo_left/EPnPv2_gt_mesh_z_hybrid_labels/5066486757195_0.json,/media/hdd2/ARCL_multicar_bags/camera_dataset/2026-05-18-v2-v4/stereo_left/EPnPv2_gt_mesh_z_hybrid_labels/5066486757195_0.json,T_map_object_raw,T_camera_object_centered,15910.46960198078,13.989487517403408,3.594926630462517
image_5066591501732,1,3211,1643,0.23046875,/media/hdd2/ARCL_multicar_bags/camera_dataset/2026-05-18-v2-v4/stereo_left/EPnPv2_gt_mesh_z_hybrid_labels/5066591501732_0.json,/media/hdd2/ARCL_multicar_bags/camera_dataset/2026-05-18-v2-v4/stereo_left/EPnPv2_gt_mesh_z_hybrid_labels/5066591501732_0.json,T_map_object_raw,T_camera_object_centered,16763.259969284027,15.078072376427388,8.398619808402486
image_5066685162915,1,3212,1645,0.23828125,/media/hdd2/ARCL_multicar_bags/camera_dataset/2026-05-18-v2-v4/stereo_left/EPnPv2_gt_mesh_z_hybrid_labels/5066685162915_0.json,/media/hdd2/ARCL_multicar_bags/camera_dataset/2026-05-18-v2-v4/stereo_left/EPnPv2_gt_mesh_z_hybrid_labels/5066685162915_0.json,T_map_object_raw,T_camera_object_centered,16089.771887213008,15.767719285510779,12.637347379793644
image_5066787885968,1,3213,1647,0.2109375,/media/hdd2/ARCL_multicar_bags/camera_dataset/2026-05-18-v2-v4/stereo_left/EPnPv2_gt_mesh_z_hybrid_labels/5066787885968_0.json,/media/hdd2/ARCL_multicar_bags/camera_dataset/2026-05-18-v2-v4/stereo_left/EPnPv2_gt_mesh_z_hybrid_labels/5066787885968_0.json,T_map_object_raw,T_camera_object_centered,14369.801469387998,16.325929257559107,8.170964401583829
image_5069484848966,1,3223,1669,0.13671875,/media/hdd2/ARCL_multicar_bags/camera_dataset/2026-05-18-v2-v4/stereo_left/EPnPv2_gt_mesh_z_hybrid_labels/5069484848966_0.json,/media/hdd2/ARCL_multicar_bags/camera_dataset/2026-05-18-v2-v4/stereo_left/EPnPv2_gt_mesh_z_hybrid_labels/5069484848966_0.json,T_map_object_raw,T_camera_object_centered,16527.67450363007,10.157372241686637,43.39751494370661
image_5410495867121,1,3322,1892,0.2109375,/media/hdd2/ARCL_multicar_bags/camera_dataset/2026-05-18-v2-v4/stereo_left/EPnPv2_gt_mesh_z_hybrid_labels/5410495867121_0.json,/media/hdd2/ARCL_multicar_bags/camera_dataset/2026-05-18-v2-v4/stereo_left/EPnPv2_gt_mesh_z_hybrid_labels/5410495867121_0.json,T_map_object_raw,T_camera_object_centered,14173.807345977024,7.495002998663765,47.97933537316545
image_5410695784974,1,3324,1896,0.203125,/media/hdd2/ARCL_multicar_bags/camera_dataset/2026-05-18-v2-v4/stereo_left/EPnPv2_gt_mesh_z_hybrid_labels/5410695784974_0.json,/media/hdd2/ARCL_multicar_bags/camera_dataset/2026-05-18-v2-v4/stereo_left/EPnPv2_gt_mesh_z_hybrid_labels/5410695784974_0.json,T_map_object_raw,T_camera_object_centered,13947.571050069673,8.229026302266012,45.18885843739799
image_5411205907677,1,3329,1907,0.19921875,/media/hdd2/ARCL_multicar_bags/camera_dataset/2026-05-18-v2-v4/stereo_left/EPnPv2_gt_mesh_z_hybrid_labels/5411205907677_0.json,/media/hdd2/ARCL_multicar_bags/camera_dataset/2026-05-18-v2-v4/stereo_left/EPnPv2_gt_mesh_z_hybrid_labels/5411205907677_0.json,T_map_object_raw,T_camera_object_centered,16501.583648306154,12.351719004511326,45.58008991222373
image_5411500593627,1,3332,1914,0.22265625,/media/hdd2/ARCL_multicar_bags/camera_dataset/2026-05-18-v2-v4/stereo_left/EPnPv2_gt_mesh_z_hybrid_labels/5411500593627_0.json,/media/hdd2/ARCL_multicar_bags/camera_dataset/2026-05-18-v2-v4/stereo_left/EPnPv2_gt_mesh_z_hybrid_labels/5411500593627_0.json,T_map_object_raw,T_camera_object_centered,12967.136447501001,15.634444209332885,44.95505011327253
image_5417893362578,1,3349,1952,0.20703125,/media/hdd2/ARCL_multicar_bags/camera_dataset/2026-05-18-v2-v4/stereo_left/EPnPv2_gt_mesh_z_hybrid_labels/5417893362578_0.json,/media/hdd2/ARCL_multicar_bags/camera_dataset/2026-05-18-v2-v4/stereo_left/EPnPv2_gt_mesh_z_hybrid_labels/5417893362578_0.json,T_map_object_raw,T_camera_object_centered,13679.618893962608,4.041219244323063,59.540265444652
image_5418502057588,1,3354,1963,0.2109375,/media/hdd2/ARCL_multicar_bags/camera_dataset/2026-05-18-v2-v4/stereo_left/EPnPv2_gt_mesh_z_hybrid_labels/5418502057588_0.json,/media/hdd2/ARCL_multicar_bags/camera_dataset/2026-05-18-v2-v4/stereo_left/EPnPv2_gt_mesh_z_hybrid_labels/5418502057588_0.json,T_map_object_raw,T_camera_object_centered,13007.353327389601,3.0981431880007726,36.0182784670746
image_5418896696238,1,3358,1972,0.1953125,/media/hdd2/ARCL_multicar_bags/camera_dataset/2026-05-18-v2-v4/stereo_left/EPnPv2_gt_mesh_z_hybrid_labels/5418896696238_0.json,/media/hdd2/ARCL_multicar_bags/camera_dataset/2026-05-18-v2-v4/stereo_left/EPnPv2_gt_mesh_z_hybrid_labels/5418896696238_0.json,T_map_object_raw,T_camera_object_centered,13033.73812599686,2.95567397143514,36.971748391142185
image_5419206474432,1,3361,1979,0.19921875,/media/hdd2/ARCL_multicar_bags/camera_dataset/2026-05-18-v2-v4/stereo_left/EPnPv2_gt_mesh_z_hybrid_labels/5419206474432_0.json,/media/hdd2/ARCL_multicar_bags/camera_dataset/2026-05-18-v2-v4/stereo_left/EPnPv2_gt_mesh_z_hybrid_labels/5419206474432_0.json,T_map_object_raw,T_camera_object_centered,15781.35253292525,2.997644461274676,36.67206493806619
image_5419593419260,1,3363,1983,0.20703125,/media/hdd2/ARCL_multicar_bags/camera_dataset/2026-05-18-v2-v4/stereo_left/EPnPv2_gt_mesh_z_hybrid_labels/5419593419260_0.json,/media/hdd2/ARCL_multicar_bags/camera_dataset/2026-05-18-v2-v4/stereo_left/EPnPv2_gt_mesh_z_hybrid_labels/5419593419260_0.json,T_map_object_raw,T_camera_object_centered,13710.723120692253,3.01666354619113,32.74250521007451
image_5419693647249,1,3364,1985,0.2265625,/media/hdd2/ARCL_multicar_bags/camera_dataset/2026-05-18-v2-v4/stereo_left/EPnPv2_gt_mesh_z_hybrid_labels/5419693647249_0.json,/media/hdd2/ARCL_multicar_bags/camera_dataset/2026-05-18-v2-v4/stereo_left/EPnPv2_gt_mesh_z_hybrid_labels/5419693647249_0.json,T_map_object_raw,T_camera_object_centered,17217.344904896505,3.1677746883745774,30.068471879892698
image_5419806473242,1,3365,1988,0.21484375,/media/hdd2/ARCL_multicar_bags/camera_dataset/2026-05-18-v2-v4/stereo_left/EPnPv2_gt_mesh_z_hybrid_labels/5419806473242_0.json,/media/hdd2/ARCL_multicar_bags/camera_dataset/2026-05-18-v2-v4/stereo_left/EPnPv2_gt_mesh_z_hybrid_labels/5419806473242_0.json,T_map_object_raw,T_camera_object_centered,14093.642469012293,3.023571620414407,35.87777494441644
image_5419901666308,1,3366,1990,0.2109375,/media/hdd2/ARCL_multicar_bags/camera_dataset/2026-05-18-v2-v4/stereo_left/EPnPv2_gt_mesh_z_hybrid_labels/5419901666308_0.json,/media/hdd2/ARCL_multicar_bags/camera_dataset/2026-05-18-v2-v4/stereo_left/EPnPv2_gt_mesh_z_hybrid_labels/5419901666308_0.json,T_map_object_raw,T_camera_object_centered,15796.002466068576,3.1850202883810854,30.68186370622459
image_5419997818964,1,3367,1992,0.23828125,/media/hdd2/ARCL_multicar_bags/camera_dataset/2026-05-18-v2-v4/stereo_left/EPnPv2_gt_mesh_z_hybrid_labels/5419997818964_0.json,/media/hdd2/ARCL_multicar_bags/camera_dataset/2026-05-18-v2-v4/stereo_left/EPnPv2_gt_mesh_z_hybrid_labels/5419997818964_0.json,T_map_object_raw,T_camera_object_centered,14009.217242395809,2.9909987858117266,27.98256425310898
image_5420096891551,1,3368,1994,0.23828125,/media/hdd2/ARCL_multicar_bags/camera_dataset/2026-05-18-v2-v4/stereo_left/EPnPv2_gt_mesh_z_hybrid_labels/5420096891551_0.json,/media/hdd2/ARCL_multicar_bags/camera_dataset/2026-05-18-v2-v4/stereo_left/EPnPv2_gt_mesh_z_hybrid_labels/5420096891551_0.json,T_map_object_raw,T_camera_object_centered,16331.091823924284,3.3176668262031113,27.0727634455047
image_5420294743539,1,3370,1999,0.2265625,/media/hdd2/ARCL_multicar_bags/camera_dataset/2026-05-18-v2-v4/stereo_left/EPnPv2_gt_mesh_z_hybrid_labels/5420294743539_0.json,/media/hdd2/ARCL_multicar_bags/camera_dataset/2026-05-18-v2-v4/stereo_left/EPnPv2_gt_mesh_z_hybrid_labels/5420294743539_0.json,T_map_object_raw,T_camera_object_centered,14417.699889153402,4.028278152326286,31.17935975417937
image_5420594362651,1,3372,2003,0.22265625,/media/hdd2/ARCL_multicar_bags/camera_dataset/2026-05-18-v2-v4/stereo_left/EPnPv2_gt_mesh_z_hybrid_labels/5420594362651_0.json,/media/hdd2/ARCL_multicar_bags/camera_dataset/2026-05-18-v2-v4/stereo_left/EPnPv2_gt_mesh_z_hybrid_labels/5420594362651_0.json,T_map_object_raw,T_camera_object_centered,14237.390011793275,3.105000353105997,28.104858529762442
image_5420693411940,1,3373,2005,0.234375,/media/hdd2/ARCL_multicar_bags/camera_dataset/2026-05-18-v2-v4/stereo_left/EPnPv2_gt_mesh_z_hybrid_labels/5420693411940_0.json,/media/hdd2/ARCL_multicar_bags/camera_dataset/2026-05-18-v2-v4/stereo_left/EPnPv2_gt_mesh_z_hybrid_labels/5420693411940_0.json,T_map_object_raw,T_camera_object_centered,15212.717642646328,2.775447611237643,22.18068321535393
image_5420795251353,1,3374,2007,0.2421875,/media/hdd2/ARCL_multicar_bags/camera_dataset/2026-05-18-v2-v4/stereo_left/EPnPv2_gt_mesh_z_hybrid_labels/5420795251353_0.json,/media/hdd2/ARCL_multicar_bags/camera_dataset/2026-05-18-v2-v4/stereo_left/EPnPv2_gt_mesh_z_hybrid_labels/5420795251353_0.json,T_map_object_raw,T_camera_object_centered,15964.208249534355,3.052824816186999,22.123227367426022
image_5421093762406,1,3376,2012,0.2421875,/media/hdd2/ARCL_multicar_bags/camera_dataset/2026-05-18-v2-v4/stereo_left/EPnPv2_gt_mesh_z_hybrid_labels/5421093762406_0.json,/media/hdd2/ARCL_multicar_bags/camera_dataset/2026-05-18-v2-v4/stereo_left/EPnPv2_gt_mesh_z_hybrid_labels/5421093762406_0.json,T_map_object_raw,T_camera_object_centered,16260.341614477016,3.1481204424190854,22.950548665861056
image_5421307836678,1,3378,2016,0.26953125,/media/hdd2/ARCL_multicar_bags/camera_dataset/2026-05-18-v2-v4/stereo_left/EPnPv2_gt_mesh_z_hybrid_labels/5421307836678_0.json,/media/hdd2/ARCL_multicar_bags/camera_dataset/2026-05-18-v2-v4/stereo_left/EPnPv2_gt_mesh_z_hybrid_labels/5421307836678_0.json,T_map_object_raw,T_camera_object_centered,15219.766486071108,3.348000492728173,25.734753516624846
image_5421393428072,1,3379,2018,0.23828125,/media/hdd2/ARCL_multicar_bags/camera_dataset/2026-05-18-v2-v4/stereo_left/EPnPv2_gt_mesh_z_hybrid_labels/5421393428072_0.json,/media/hdd2/ARCL_multicar_bags/camera_dataset/2026-05-18-v2-v4/stereo_left/EPnPv2_gt_mesh_z_hybrid_labels/5421393428072_0.json,T_map_object_raw,T_camera_object_centered,20300.11062328721,3.044809780629988,31.98351374426131
image_5421508063567,1,3380,2023,0.23046875,/media/hdd2/ARCL_multicar_bags/camera_dataset/2026-05-18-v2-v4/stereo_left/EPnPv2_gt_mesh_z_hybrid_labels/5421508063567_0.json,/media/hdd2/ARCL_multicar_bags/camera_dataset/2026-05-18-v2-v4/stereo_left/EPnPv2_gt_mesh_z_hybrid_labels/5421508063567_0.json,T_map_object_raw,T_camera_object_centered,15829.117027546003,3.384044559943183,19.40431932451544
image_5421694150466,1,3381,2027,0.24609375,/media/hdd2/ARCL_multicar_bags/camera_dataset/2026-05-18-v2-v4/stereo_left/EPnPv2_gt_mesh_z_hybrid_labels/5421694150466_0.json,/media/hdd2/ARCL_multicar_bags/camera_dataset/2026-05-18-v2-v4/stereo_left/EPnPv2_gt_mesh_z_hybrid_labels/5421694150466_0.json,T_map_object_raw,T_camera_object_centered,15049.709984231657,3.041592990444062,17.97184050746589
image_5421894469620,1,3382,2031,0.265625,/media/hdd2/ARCL_multicar_bags/camera_dataset/2026-05-18-v2-v4/stereo_left/EPnPv2_gt_mesh_z_hybrid_labels/5421894469620_0.json,/media/hdd2/ARCL_multicar_bags/camera_dataset/2026-05-18-v2-v4/stereo_left/EPnPv2_gt_mesh_z_hybrid_labels/5421894469620_0.json,T_map_object_raw,T_camera_object_centered,18629.12726102026,3.6949024917026327,26.952881129361817
image_5422006656194,1,3383,2035,0.21484375,/media/hdd2/ARCL_multicar_bags/camera_dataset/2026-05-18-v2-v4/stereo_left/EPnPv2_gt_mesh_z_hybrid_labels/5422006656194_0.json,/media/hdd2/ARCL_multicar_bags/camera_dataset/2026-05-18-v2-v4/stereo_left/EPnPv2_gt_mesh_z_hybrid_labels/5422006656194_0.json,T_map_object_raw,T_camera_object_centered,19753.431932263677,2.955841436379289,22.893150513683498
image_5422197958013,1,3384,2039,0.26171875,/media/hdd2/ARCL_multicar_bags/camera_dataset/2026-05-18-v2-v4/stereo_left/EPnPv2_gt_mesh_z_hybrid_labels/5422197958013_0.json,/media/hdd2/ARCL_multicar_bags/camera_dataset/2026-05-18-v2-v4/stereo_left/EPnPv2_gt_mesh_z_hybrid_labels/5422197958013_0.json,T_map_object_raw,T_camera_object_centered,19158.36884947561,3.7647140262487633,23.969503037433984
image_5422396239193,1,3386,2044,0.2890625,/media/hdd2/ARCL_multicar_bags/camera_dataset/2026-05-18-v2-v4/stereo_left/EPnPv2_gt_mesh_z_hybrid_labels/5422396239193_0.json,/media/hdd2/ARCL_multicar_bags/camera_dataset/2026-05-18-v2-v4/stereo_left/EPnPv2_gt_mesh_z_hybrid_labels/5422396239193_0.json,T_map_object_raw,T_camera_object_centered,18075.75748730118,3.0263479721294133,23.529922741961347
image_5422504461828,1,3387,2046,0.26171875,/media/hdd2/ARCL_multicar_bags/camera_dataset/2026-05-18-v2-v4/stereo_left/EPnPv2_gt_mesh_z_hybrid_labels/5422504461828_0.json,/media/hdd2/ARCL_multicar_bags/camera_dataset/2026-05-18-v2-v4/stereo_left/EPnPv2_gt_mesh_z_hybrid_labels/5422504461828_0.json,T_map_object_raw,T_camera_object_centered,17905.755383798343,2.317761296230783,22.717499796976007
image_5422596721249,1,3388,2048,0.30078125,/media/hdd2/ARCL_multicar_bags/camera_dataset/2026-05-18-v2-v4/stereo_left/EPnPv2_gt_mesh_z_hybrid_labels/5422596721249_0.json,/media/hdd2/ARCL_multicar_bags/camera_dataset/2026-05-18-v2-v4/stereo_left/EPnPv2_gt_mesh_z_hybrid_labels/5422596721249_0.json,T_map_object_raw,T_camera_object_centered,20081.729354321113,3.2559601494354915,20.838446128150494
image_5422693981524,1,3389,2050,0.25,/media/hdd2/ARCL_multicar_bags/camera_dataset/2026-05-18-v2-v4/stereo_left/EPnPv2_gt_mesh_z_hybrid_labels/5422693981524_0.json,/media/hdd2/ARCL_multicar_bags/camera_dataset/2026-05-18-v2-v4/stereo_left/EPnPv2_gt_mesh_z_hybrid_labels/5422693981524_0.json,T_map_object_raw,T_camera_object_centered,17879.568410927353,3.633827854474889,21.174692308911936
image_5423020763069,1,3392,2059,0.25390625,/media/hdd2/ARCL_multicar_bags/camera_dataset/2026-05-18-v2-v4/stereo_left/EPnPv2_gt_mesh_z_hybrid_labels/5423020763069_0.json,/media/hdd2/ARCL_multicar_bags/camera_dataset/2026-05-18-v2-v4/stereo_left/EPnPv2_gt_mesh_z_hybrid_labels/5423020763069_0.json,T_map_object_raw,T_camera_object_centered,15860.486576114801,1.9464064054804282,13.560729992293147
image_5423094064480,1,3393,2061,0.25,/media/hdd2/ARCL_multicar_bags/camera_dataset/2026-05-18-v2-v4/stereo_left/EPnPv2_gt_mesh_z_hybrid_labels/5423094064480_0.json,/media/hdd2/ARCL_multicar_bags/camera_dataset/2026-05-18-v2-v4/stereo_left/EPnPv2_gt_mesh_z_hybrid_labels/5423094064480_0.json,T_map_object_raw,T_camera_object_centered,13579.486049684092,2.0703673760777366,17.98115878917831
image_5423695678379,1,3399,2074,0.21484375,/media/hdd2/ARCL_multicar_bags/camera_dataset/2026-05-18-v2-v4/stereo_left/EPnPv2_gt_mesh_z_hybrid_labels/5423695678379_0.json,/media/hdd2/ARCL_multicar_bags/camera_dataset/2026-05-18-v2-v4/stereo_left/EPnPv2_gt_mesh_z_hybrid_labels/5423695678379_0.json,T_map_object_raw,T_camera_object_centered,19668.84864191564,2.371736895092632,18.19669863878166
image_5423809714043,1,3400,2078,0.25,/media/hdd2/ARCL_multicar_bags/camera_dataset/2026-05-18-v2-v4/stereo_left/EPnPv2_gt_mesh_z_hybrid_labels/5423809714043_0.json,/media/hdd2/ARCL_multicar_bags/camera_dataset/2026-05-18-v2-v4/stereo_left/EPnPv2_gt_mesh_z_hybrid_labels/5423809714043_0.json,T_map_object_raw,T_camera_object_centered,18675.82535165776,2.00521517859279,18.586091417623393
image_5424241937180,1,3404,2086,0.22265625,/media/hdd2/ARCL_multicar_bags/camera_dataset/2026-05-18-v2-v4/stereo_left/EPnPv2_gt_mesh_z_hybrid_labels/5424241937180_0.json,/media/hdd2/ARCL_multicar_bags/camera_dataset/2026-05-18-v2-v4/stereo_left/EPnPv2_gt_mesh_z_hybrid_labels/5424241937180_0.json,T_map_object_raw,T_camera_object_centered,17037.951327862687,1.9901027631137556,17.470629873791133
image_5424695730283,1,3409,2097,0.234375,/media/hdd2/ARCL_multicar_bags/camera_dataset/2026-05-18-v2-v4/stereo_left/EPnPv2_gt_mesh_z_hybrid_labels/5424695730283_0.json,/media/hdd2/ARCL_multicar_bags/camera_dataset/2026-05-18-v2-v4/stereo_left/EPnPv2_gt_mesh_z_hybrid_labels/5424695730283_0.json,T_map_object_raw,T_camera_object_centered,16715.735885814083,1.9643324113455125,17.007591070974133
image_5425099483004,1,3413,2107,0.2421875,/media/hdd2/ARCL_multicar_bags/camera_dataset/2026-05-18-v2-v4/stereo_left/EPnPv2_gt_mesh_z_hybrid_labels/5425099483004_0.json,/media/hdd2/ARCL_multicar_bags/camera_dataset/2026-05-18-v2-v4/stereo_left/EPnPv2_gt_mesh_z_hybrid_labels/5425099483004_0.json,T_map_object_raw,T_camera_object_centered,17184.824755129895,3.3744934036739687,18.30462126116409
image_5425196759106,1,3414,2109,0.24609375,/media/hdd2/ARCL_multicar_bags/camera_dataset/2026-05-18-v2-v4/stereo_left/EPnPv2_gt_mesh_z_hybrid_labels/5425196759106_0.json,/media/hdd2/ARCL_multicar_bags/camera_dataset/2026-05-18-v2-v4/stereo_left/EPnPv2_gt_mesh_z_hybrid_labels/5425196759106_0.json,T_map_object_raw,T_camera_object_centered,20154.31233645706,4.49929028899485,17.192417771358606
image_5425896346459,1,3421,2126,0.2265625,/media/hdd2/ARCL_multicar_bags/camera_dataset/2026-05-18-v2-v4/stereo_left/EPnPv2_gt_mesh_z_hybrid_labels/5425896346459_0.json,/media/hdd2/ARCL_multicar_bags/camera_dataset/2026-05-18-v2-v4/stereo_left/EPnPv2_gt_mesh_z_hybrid_labels/5425896346459_0.json,T_map_object_raw,T_camera_object_centered,20090.237899018797,1.7640337519042424,15.048940073068032
image_5426196880660,1,3424,2132,0.234375,/media/hdd2/ARCL_multicar_bags/camera_dataset/2026-05-18-v2-v4/stereo_left/EPnPv2_gt_mesh_z_hybrid_labels/5426196880660_0.json,/media/hdd2/ARCL_multicar_bags/camera_dataset/2026-05-18-v2-v4/stereo_left/EPnPv2_gt_mesh_z_hybrid_labels/5426196880660_0.json,T_map_object_raw,T_camera_object_centered,20066.420098433045,1.685002290729672,13.56814884495189
image_5426399109177,1,3426,2137,0.2578125,/media/hdd2/ARCL_multicar_bags/camera_dataset/2026-05-18-v2-v4/stereo_left/EPnPv2_gt_mesh_z_hybrid_labels/5426399109177_0.json,/media/hdd2/ARCL_multicar_bags/camera_dataset/2026-05-18-v2-v4/stereo_left/EPnPv2_gt_mesh_z_hybrid_labels/5426399109177_0.json,T_map_object_raw,T_camera_object_centered,20223.049396012102,2.8527178315251707,14.871271348894606
image_5430194182561,1,3444,2178,0.16015625,/media/hdd2/ARCL_multicar_bags/camera_dataset/2026-05-18-v2-v4/stereo_left/EPnPv2_gt_mesh_z_hybrid_labels/5430194182561_0.json,/media/hdd2/ARCL_multicar_bags/camera_dataset/2026-05-18-v2-v4/stereo_left/EPnPv2_gt_mesh_z_hybrid_labels/5430194182561_0.json,T_map_object_raw,T_camera_object_centered,17825.42252432272,1.7002087144585243,13.850289027624706
image_5432015862330,1,3462,2221,0.21484375,/media/hdd2/ARCL_multicar_bags/camera_dataset/2026-05-18-v2-v4/stereo_left/EPnPv2_gt_mesh_z_hybrid_labels/5432015862330_0.json,/media/hdd2/ARCL_multicar_bags/camera_dataset/2026-05-18-v2-v4/stereo_left/EPnPv2_gt_mesh_z_hybrid_labels/5432015862330_0.json,T_map_object_raw,T_camera_object_centered,19325.605774251133,3.3180458038249605,5.484225063945808
image_5433094729496,1,3473,2245,0.171875,/media/hdd2/ARCL_multicar_bags/camera_dataset/2026-05-18-v2-v4/stereo_left/EPnPv2_gt_mesh_z_hybrid_labels/5433094729496_0.json,/media/hdd2/ARCL_multicar_bags/camera_dataset/2026-05-18-v2-v4/stereo_left/EPnPv2_gt_mesh_z_hybrid_labels/5433094729496_0.json,T_map_object_raw,T_camera_object_centered,18064.095287420605,4.172765549214978,8.334002613177258
image_5491815630150,1,3624,2584,0.26171875,/media/hdd2/ARCL_multicar_bags/camera_dataset/2026-05-18-v2-v4/stereo_left/EPnPv2_gt_mesh_z_hybrid_labels/5491815630150_0.json,/media/hdd2/ARCL_multicar_bags/camera_dataset/2026-05-18-v2-v4/stereo_left/EPnPv2_gt_mesh_z_hybrid_labels/5491815630150_0.json,T_map_object_raw,T_camera_object_centered,14040.995951192,18.313986472213823,33.61260467871723
image_5519501126056,1,3699,2767,0.203125,/media/hdd2/ARCL_multicar_bags/camera_dataset/2026-05-18-v2-v4/stereo_left/EPnPv2_gt_mesh_z_hybrid_labels/5519501126056_0.json,/media/hdd2/ARCL_multicar_bags/camera_dataset/2026-05-18-v2-v4/stereo_left/EPnPv2_gt_mesh_z_hybrid_labels/5519501126056_0.json,T_map_object_raw,T_camera_object_centered,18846.18314608163,7.185188159828967,1.3113575718148422
image_5519798975722,1,3701,2772,0.1953125,/media/hdd2/ARCL_multicar_bags/camera_dataset/2026-05-18-v2-v4/stereo_left/EPnPv2_gt_mesh_z_hybrid_labels/5519798975722_0.json,/media/hdd2/ARCL_multicar_bags/camera_dataset/2026-05-18-v2-v4/stereo_left/EPnPv2_gt_mesh_z_hybrid_labels/5519798975722_0.json,T_map_object_raw,T_camera_object_centered,15264.820986472787,4.366632728830265,6.271779939562078
image_5519898019749,1,3702,2774,0.27734375,/media/hdd2/ARCL_multicar_bags/camera_dataset/2026-05-18-v2-v4/stereo_left/EPnPv2_gt_mesh_z_hybrid_labels/5519898019749_0.json,/media/hdd2/ARCL_multicar_bags/camera_dataset/2026-05-18-v2-v4/stereo_left/EPnPv2_gt_mesh_z_hybrid_labels/5519898019749_0.json,T_map_object_raw,T_camera_object_centered,15486.494400983369,4.48151722387663,11.840151634031399
image_5520302400003,1,3706,2783,0.2265625,/media/hdd2/ARCL_multicar_bags/camera_dataset/2026-05-18-v2-v4/stereo_left/EPnPv2_gt_mesh_z_hybrid_labels/5520302400003_0.json,/media/hdd2/ARCL_multicar_bags/camera_dataset/2026-05-18-v2-v4/stereo_left/EPnPv2_gt_mesh_z_hybrid_labels/5520302400003_0.json,T_map_object_raw,T_camera_object_centered,19987.626138684725,3.4523999755755126,6.02633803766821
image_5520697938880,1,3709,2790,0.20703125,/media/hdd2/ARCL_multicar_bags/camera_dataset/2026-05-18-v2-v4/stereo_left/EPnPv2_gt_mesh_z_hybrid_labels/5520697938880_0.json,/media/hdd2/ARCL_multicar_bags/camera_dataset/2026-05-18-v2-v4/stereo_left/EPnPv2_gt_mesh_z_hybrid_labels/5520697938880_0.json,T_map_object_raw,T_camera_object_centered,19809.00322808298,3.056831997200066,9.089695822088265
image_5522096944499,1,3722,2818,0.17578125,/media/hdd2/ARCL_multicar_bags/camera_dataset/2026-05-18-v2-v4/stereo_left/EPnPv2_gt_mesh_z_hybrid_labels/5522096944499_0.json,/media/hdd2/ARCL_multicar_bags/camera_dataset/2026-05-18-v2-v4/stereo_left/EPnPv2_gt_mesh_z_hybrid_labels/5522096944499_0.json,T_map_object_raw,T_camera_object_centered,15884.681895656384,2.5043247464038116,12.688237285351295
image_5524295862899,1,3743,2868,0.08203125,/media/hdd2/ARCL_multicar_bags/camera_dataset/2026-05-18-v2-v4/stereo_left/EPnPv2_gt_mesh_z_hybrid_labels/5524295862899_0.json,/media/hdd2/ARCL_multicar_bags/camera_dataset/2026-05-18-v2-v4/stereo_left/EPnPv2_gt_mesh_z_hybrid_labels/5524295862899_0.json,T_map_object_raw,T_camera_object_centered,17287.226331236114,16.951457142992506,13.559529851297786
image_5532500378368,1,3765,2930,0.24609375,/media/hdd2/ARCL_multicar_bags/camera_dataset/2026-05-18-v2-v4/stereo_left/EPnPv2_gt_mesh_z_hybrid_labels/5532500378368_0.json,/media/hdd2/ARCL_multicar_bags/camera_dataset/2026-05-18-v2-v4/stereo_left/EPnPv2_gt_mesh_z_hybrid_labels/5532500378368_0.json,T_map_object_raw,T_camera_object_centered,16570.110289981894,12.338886856592255,23.570192999897813
image_5532597357983,1,3766,2932,0.23046875,/media/hdd2/ARCL_multicar_bags/camera_dataset/2026-05-18-v2-v4/stereo_left/EPnPv2_gt_mesh_z_hybrid_labels/5532597357983_0.json,/media/hdd2/ARCL_multicar_bags/camera_dataset/2026-05-18-v2-v4/stereo_left/EPnPv2_gt_mesh_z_hybrid_labels/5532597357983_0.json,T_map_object_raw,T_camera_object_centered,19077.235117573866,12.542743846654849,41.40554924807349
image_5532795494818,1,3767,2934,0.26171875,/media/hdd2/ARCL_multicar_bags/camera_dataset/2026-05-18-v2-v4/stereo_left/EPnPv2_gt_mesh_z_hybrid_labels/5532795494818_0.json,/media/hdd2/ARCL_multicar_bags/camera_dataset/2026-05-18-v2-v4/stereo_left/EPnPv2_gt_mesh_z_hybrid_labels/5532795494818_0.json,T_map_object_raw,T_camera_object_centered,19095.623833040027,11.64167195830188,8.42276463279484
image_5532895862675,1,3768,2937,0.2265625,/media/hdd2/ARCL_multicar_bags/camera_dataset/2026-05-18-v2-v4/stereo_left/EPnPv2_gt_mesh_z_hybrid_labels/5532895862675_0.json,/media/hdd2/ARCL_multicar_bags/camera_dataset/2026-05-18-v2-v4/stereo_left/EPnPv2_gt_mesh_z_hybrid_labels/5532895862675_0.json,T_map_object_raw,T_camera_object_centered,19681.01206329773,11.975920233534083,5.827596286907296
image_5533020210334,1,3769,2939,0.2265625,/media/hdd2/ARCL_multicar_bags/camera_dataset/2026-05-18-v2-v4/stereo_left/EPnPv2_gt_mesh_z_hybrid_labels/5533020210334_0.json,/media/hdd2/ARCL_multicar_bags/camera_dataset/2026-05-18-v2-v4/stereo_left/EPnPv2_gt_mesh_z_hybrid_labels/5533020210334_0.json,T_map_object_raw,T_camera_object_centered,15493.475057217944,12.552175899934397,10.10087988766228
image_5533395581267,1,3772,2945,0.15625,/media/hdd2/ARCL_multicar_bags/camera_dataset/2026-05-18-v2-v4/stereo_left/EPnPv2_gt_mesh_z_hybrid_labels/5533395581267_0.json,/media/hdd2/ARCL_multicar_bags/camera_dataset/2026-05-18-v2-v4/stereo_left/EPnPv2_gt_mesh_z_hybrid_labels/5533395581267_0.json,T_map_object_raw,T_camera_object_centered,15482.475123111473,13.896693070864501,10.168325249913469
image_5533609661442,1,3773,2948,0.1171875,/media/hdd2/ARCL_multicar_bags/camera_dataset/2026-05-18-v2-v4/stereo_left/EPnPv2_gt_mesh_z_hybrid_labels/5533609661442_0.json,/media/hdd2/ARCL_multicar_bags/camera_dataset/2026-05-18-v2-v4/stereo_left/EPnPv2_gt_mesh_z_hybrid_labels/5533609661442_0.json,T_map_object_raw,T_camera_object_centered,16100.427810897316,15.388757796917204,12.819932316012693
image_5534995581915,1,3785,2974,0.11328125,/media/hdd2/ARCL_multicar_bags/camera_dataset/2026-05-18-v2-v4/stereo_left/EPnPv2_gt_mesh_z_hybrid_labels/5534995581915_0.json,/media/hdd2/ARCL_multicar_bags/camera_dataset/2026-05-18-v2-v4/stereo_left/EPnPv2_gt_mesh_z_hybrid_labels/5534995581915_0.json,T_map_object_raw,T_camera_object_centered,18643.16116431633,8.028781971519903,49.8160316335175
image_5538595643846,1,3795,2996,0.2421875,/media/hdd2/ARCL_multicar_bags/camera_dataset/2026-05-18-v2-v4/stereo_left/EPnPv2_gt_mesh_z_hybrid_labels/5538595643846_0.json,/media/hdd2/ARCL_multicar_bags/camera_dataset/2026-05-18-v2-v4/stereo_left/EPnPv2_gt_mesh_z_hybrid_labels/5538595643846_0.json,T_map_object_raw,T_camera_object_centered,14881.459470909265,5.557766050599287,72.25977079481888
image_5538799481877,1,3796,2998,0.25390625,/media/hdd2/ARCL_multicar_bags/camera_dataset/2026-05-18-v2-v4/stereo_left/EPnPv2_gt_mesh_z_hybrid_labels/5538799481877_0.json,/media/hdd2/ARCL_multicar_bags/camera_dataset/2026-05-18-v2-v4/stereo_left/EPnPv2_gt_mesh_z_hybrid_labels/5538799481877_0.json,T_map_object_raw,T_camera_object_centered,14282.449907273254,2.712211778423508,6.176911752232519
image_5538906476906,1,3797,3000,0.25,/media/hdd2/ARCL_multicar_bags/camera_dataset/2026-05-18-v2-v4/stereo_left/EPnPv2_gt_mesh_z_hybrid_labels/5538906476906_0.json,/media/hdd2/ARCL_multicar_bags/camera_dataset/2026-05-18-v2-v4/stereo_left/EPnPv2_gt_mesh_z_hybrid_labels/5538906476906_0.json,T_map_object_raw,T_camera_object_centered,15537.542228984996,3.562215257448473,8.294881487503831
image_5539196190728,1,3799,3007,0.26171875,/media/hdd2/ARCL_multicar_bags/camera_dataset/2026-05-18-v2-v4/stereo_left/EPnPv2_gt_mesh_z_hybrid_labels/5539196190728_0.json,/media/hdd2/ARCL_multicar_bags/camera_dataset/2026-05-18-v2-v4/stereo_left/EPnPv2_gt_mesh_z_hybrid_labels/5539196190728_0.json,T_map_object_raw,T_camera_object_centered,16230.99433524368,5.458110117463209,11.065968527649908
image_5539406469891,1,3801,3011,0.23046875,/media/hdd2/ARCL_multicar_bags/camera_dataset/2026-05-18-v2-v4/stereo_left/EPnPv2_gt_mesh_z_hybrid_labels/5539406469891_0.json,/media/hdd2/ARCL_multicar_bags/camera_dataset/2026-05-18-v2-v4/stereo_left/EPnPv2_gt_mesh_z_hybrid_labels/5539406469891_0.json,T_map_object_raw,T_camera_object_centered,14202.075139214669,4.430432763846014,7.843423620282111
image_5539496927649,1,3802,3013,0.23828125,/media/hdd2/ARCL_multicar_bags/camera_dataset/2026-05-18-v2-v4/stereo_left/EPnPv2_gt_mesh_z_hybrid_labels/5539496927649_0.json,/media/hdd2/ARCL_multicar_bags/camera_dataset/2026-05-18-v2-v4/stereo_left/EPnPv2_gt_mesh_z_hybrid_labels/5539496927649_0.json,T_map_object_raw,T_camera_object_centered,15058.110980629119,4.706523038180505,9.829720405642778
image_5539603524846,1,3803,3016,0.25390625,/media/hdd2/ARCL_multicar_bags/camera_dataset/2026-05-18-v2-v4/stereo_left/EPnPv2_gt_mesh_z_hybrid_labels/5539603524846_0.json,/media/hdd2/ARCL_multicar_bags/camera_dataset/2026-05-18-v2-v4/stereo_left/EPnPv2_gt_mesh_z_hybrid_labels/5539603524846_0.json,T_map_object_raw,T_camera_object_centered,17611.69875745705,5.741388797892707,7.256308908272554
image_5539699547019,1,3804,3018,0.265625,/media/hdd2/ARCL_multicar_bags/camera_dataset/2026-05-18-v2-v4/stereo_left/EPnPv2_gt_mesh_z_hybrid_labels/5539699547019_0.json,/media/hdd2/ARCL_multicar_bags/camera_dataset/2026-05-18-v2-v4/stereo_left/EPnPv2_gt_mesh_z_hybrid_labels/5539699547019_0.json,T_map_object_raw,T_camera_object_centered,16188.058609456108,6.610812856480941,9.465586299057987
image_5539808919661,1,3805,3020,0.25390625,/media/hdd2/ARCL_multicar_bags/camera_dataset/2026-05-18-v2-v4/stereo_left/EPnPv2_gt_mesh_z_hybrid_labels/5539808919661_0.json,/media/hdd2/ARCL_multicar_bags/camera_dataset/2026-05-18-v2-v4/stereo_left/EPnPv2_gt_mesh_z_hybrid_labels/5539808919661_0.json,T_map_object_raw,T_camera_object_centered,15424.657099578519,7.178344460989344,5.978493658653148
image_5539896468430,1,3806,3022,0.2578125,/media/hdd2/ARCL_multicar_bags/camera_dataset/2026-05-18-v2-v4/stereo_left/EPnPv2_gt_mesh_z_hybrid_labels/5539896468430_0.json,/media/hdd2/ARCL_multicar_bags/camera_dataset/2026-05-18-v2-v4/stereo_left/EPnPv2_gt_mesh_z_hybrid_labels/5539896468430_0.json,T_map_object_raw,T_camera_object_centered,16652.81972510728,8.111769619866413,5.803745452866345
image_5540006800070,1,3807,3024,0.26171875,/media/hdd2/ARCL_multicar_bags/camera_dataset/2026-05-18-v2-v4/stereo_left/EPnPv2_gt_mesh_z_hybrid_labels/5540006800070_0.json,/media/hdd2/ARCL_multicar_bags/camera_dataset/2026-05-18-v2-v4/stereo_left/EPnPv2_gt_mesh_z_hybrid_labels/5540006800070_0.json,T_map_object_raw,T_camera_object_centered,13805.970969991775,8.977857900430244,10.602344708721573
image_5540099077192,1,3808,3028,0.26171875,/media/hdd2/ARCL_multicar_bags/camera_dataset/2026-05-18-v2-v4/stereo_left/EPnPv2_gt_mesh_z_hybrid_labels/5540099077192_0.json,/media/hdd2/ARCL_multicar_bags/camera_dataset/2026-05-18-v2-v4/stereo_left/EPnPv2_gt_mesh_z_hybrid_labels/5540099077192_0.json,T_map_object_raw,T_camera_object_centered,15088.642845836963,10.79453771756751,9.58744163286839
image_5540197998128,1,3809,3030,0.265625,/media/hdd2/ARCL_multicar_bags/camera_dataset/2026-05-18-v2-v4/stereo_left/EPnPv2_gt_mesh_z_hybrid_labels/5540197998128_0.json,/media/hdd2/ARCL_multicar_bags/camera_dataset/2026-05-18-v2-v4/stereo_left/EPnPv2_gt_mesh_z_hybrid_labels/5540197998128_0.json,T_map_object_raw,T_camera_object_centered,14461.0048063155,12.19458872375788,11.374933560992883
image_5540798347160,1,3815,3043,0.23828125,/media/hdd2/ARCL_multicar_bags/camera_dataset/2026-05-18-v2-v4/stereo_left/EPnPv2_gt_mesh_z_hybrid_labels/5540798347160_0.json,/media/hdd2/ARCL_multicar_bags/camera_dataset/2026-05-18-v2-v4/stereo_left/EPnPv2_gt_mesh_z_hybrid_labels/5540798347160_0.json,T_map_object_raw,T_camera_object_centered,17366.48883087183,17.749345165122993,14.545043758486521
image_5541799312586,1,3824,3064,0.1484375,/media/hdd2/ARCL_multicar_bags/camera_dataset/2026-05-18-v2-v4/stereo_left/EPnPv2_gt_mesh_z_hybrid_labels/5541799312586_0.json,/media/hdd2/ARCL_multicar_bags/camera_dataset/2026-05-18-v2-v4/stereo_left/EPnPv2_gt_mesh_z_hybrid_labels/5541799312586_0.json,T_map_object_raw,T_camera_object_centered,13732.90863508164,11.629419469125665,63.79040012447051
image_5541996747043,1,3826,3068,0.1796875,/media/hdd2/ARCL_multicar_bags/camera_dataset/2026-05-18-v2-v4/stereo_left/EPnPv2_gt_mesh_z_hybrid_labels/5541996747043_0.json,/media/hdd2/ARCL_multicar_bags/camera_dataset/2026-05-18-v2-v4/stereo_left/EPnPv2_gt_mesh_z_hybrid_labels/5541996747043_0.json,T_map_object_raw,T_camera_object_centered,14857.294023374387,15.002702448171934,51.04288221817812
